"i","asc1","desc1","asc2","desc2","pol1","pol2","tran12","tran21","p"
1,0.0243366991241476,0.0247973643644161,0.00927489635418714,0.0312818785754717,0.0158735311162926,0.0150608044936229,0.01712159734523,0.0413913090019416,-341.767323577319
2,0.0175768752958052,0.0302422210347023,0.00798014524066449,0.0104113860157147,0.0219798806185543,0.0039895735089382,0.0438864985217258,0.0506364538311569,-337.920066791155
3,0.00502765111092056,0.0498969705379495,0.00287353942541938,0.0107869098429319,0.0182865069861902,0.00461460922003283,0.0413040636975664,0.0429193895318348,-336.400419874432
4,0.00805797844870082,0.0386212153316026,0.00418375912153,0.011099402440323,0.0187726226338191,0.00833817488287358,0.0408970919513678,0.0660384993189793,-337.179997416314
5,0.0143452692460162,0.037062626240413,0.00330864758514801,0.0154164467048655,0.0199900748990423,0.0100975217977808,0.0447274228842191,0.0403903280069949,-336.899338729185
6,0.0136414925429213,0.0362805520629033,0.00214226977834584,0.0171718792611324,0.0212271987836095,0.00664539979517392,0.0427212364076641,0.0601849869741008,-335.735100737787
7,0.0160923373467108,0.0399114661746401,0.00159297672959772,0.0082601954565605,0.0159764748794873,0.00196610980309151,0.0255694099257843,0.0620844380571438,-336.362975086969
8,0.00890405465584676,0.0503958513839396,0.00509700490326468,0.0121648633263928,0.0428021692101533,0.004983207759282,0.0234328361859768,0.034684967706818,-339.894826897666
9,0.00362490299221977,0.0488787957645082,0.0154589625253412,0.0225782956551064,0.0196915289397989,0.00944902522710705,0.0341422376611451,0.0219912618194985,-341.161613865047
10,0.00255982499128648,0.0444118137433331,0.00133881094080356,0.027084353187798,0.0196667559842092,0.0107109737517781,0.0324288183177691,0.0307673475951147,-336.184333981754
11,0.0205240797169416,0.0363795925362433,0.00126072793377422,0.029318818416328,0.0205847300377484,0.00338835757661281,0.0385146936102115,0.0670912740781219,-337.100424278285
12,0.00294074574877923,0.0388628740302272,0.00197135061414089,0.0236018529903726,0.0237752734025638,0.0109584400931366,0.0467437004493575,0.0243343954043208,-338.88411392879
13,0.015363761937741,0.0208382092041574,0.0173566686714403,0.0250563187056874,0.0119309581626802,0.00856633716079117,0.0321449774114975,0.0185334586359615,-339.349846420891
14,0.0150193094197324,0.0245821186532301,0.00153941418555066,0.0292170500223456,0.0188125227328263,0.0123660543628896,0.02919582067933,0.029907872746529,-334.360796881633
15,0.0101544626543837,0.0222901638685793,0.000163343869952736,0.0282688689258992,0.0180371088739488,0.00199967471700045,0.0290125795200654,0.0136816898738379,-334.848912094918
16,0.0163957818720537,0.0253759380779765,0.00123657163789084,0.0222233488687146,0.0168307664439184,0.0034134538885229,0.0280123920199477,0.0315957780794654,-333.931705173399
17,0.0130313294924939,0.028973252235569,0.00368748239252173,0.0270229086228219,0.0162871800212083,0.00587209346324563,0.0281058731076778,0.0167910814998758,-334.490149244942
18,0.0112516639146017,0.0243402222006864,0.00168649993730964,0.0277217565185237,0.0111146942256655,0.00557512655659218,0.0324768957718971,0.0476607111445643,-335.564217089918
19,0.014296950623425,0.0188281142006298,0.000453814232687178,0.0215507382587209,0.0150413182237258,0.00720463727520201,0.0408289955841955,0.0295717328966216,-334.806529191075
20,0.0152669608281288,0.0287595787054564,0.00156955837763882,0.019913506997833,0.0155306040985352,0.00269199927664355,0.029602887033955,0.0350511328282388,-334.289554524115
21,0.00984205722266206,0.0306682660507316,0.0064540631959767,0.0134014885353323,0.0207834152620082,0.00418040708534155,0.0502228298735889,0.0645638899028411,-338.525544054424
22,0.0119687884450669,0.0361556239911284,0.00126733689717317,0.0213971026250229,0.0259998757219624,0.00495900351768275,0.0492444980622612,0.0744618435850556,-338.154970614422
23,0.0169972932026826,0.0379078014206027,0.00604459606784972,0.00757264713336222,0.0241955212762441,0.00820920375663011,0.0430276092786189,0.0617105042587464,-338.521896313692
24,0.0107342729850085,0.0455946705832653,0.00609519010973702,0.00268388836983563,0.0213386250782191,0.00126400548432456,0.0271077922053645,0.0589417240807065,-336.382273780518
25,0.0229682967066883,0.0534829180830784,0.00196934161227974,0.00281619195502404,0.0233461257375269,0.00495534835898996,0.0228409280804837,0.0615110954873283,-337.360619741744
26,0.0013877205985543,0.0680554747198779,0.00370049887681194,0.00267138107460553,0.0108345541579443,0.00472245875448076,0.0388592717901564,0.0453835742748031,-339.035906011022
27,0.0011738917541568,0.0633388429657504,0.00740486801886857,0.00653626998128721,0.0479548216139887,0.00262869602334204,0.0424360513579579,0.0820049078541421,-341.919651615294
28,0.00039230429596146,0.0530949675864638,0.0101695697013357,0.0026787698609111,0.0304367533450022,0.00300592992693942,0.0290504817567627,0.0483207286697583,-336.335541856356
29,0.00594284801143319,0.0587003032197698,0.00491872107618669,0.00312059331558242,0.0301145233912203,0.00193166637540829,0.0281565633517013,0.0676410656843972,-335.066544572265
30,0.00698006949726458,0.0580808291788179,0.00292158246572691,0.00327209983737017,0.0230668813511039,0.00565291186279551,0.0379847146057418,0.0776628301505481,-335.650860055211
31,0.0200086378404727,0.0633970382557612,0.00114322427937849,0.000246306731859229,0.0185044127189768,0.00504416993829858,0.0277759118708101,0.0559368577500176,-336.325023823668
32,0.0178557229250236,0.0371864966821461,0.000133853459130569,0.0227438382746611,0.0184424860310913,0.00699540554000843,0.0343389242744167,0.0413164587107053,-334.459451676554
33,0.0140508269544355,0.0325292489733561,0.000312432628791149,0.0334614255872497,0.0165882625351867,0.00229559101367199,0.0266455588423021,0.029499972095783,-334.894829262474
34,0.00973888132257608,0.0298392832265402,0.000135582643328629,0.0169995541666655,0.0178920436504768,0.0119908988105709,0.0371038174406117,0.0144894361691205,-336.095057798855
35,0.0137381690201296,0.0301668386970139,0.0065174637573751,0.017058856576468,0.0116547485929306,0.00303982146061784,0.0299763762884216,0.049442106462611,-337.232869793611
36,0.0253706844772945,0.028777684549441,0.000299540650937268,0.0294614047014655,0.0285090483738132,0.00799937748790709,0.0179478012053638,0.0518198304673573,-337.635043783276
37,0.0236418160421243,0.0244422930563164,0.00110627200112751,0.0279197352425099,0.0181320097509213,0.00287798875450771,0.0349109220917545,0.0562021220147729,-336.005972338048
38,0.00763140013746281,0.0445791661926366,0.000608218264617024,0.017758368269333,0.0196702600074302,0.00632599005367895,0.0342006526802636,0.049480395948286,-334.906131895476
39,0.00358407532097499,0.0532814776309506,0.00656577635167916,0.006559936721323,0.0252575209319975,0.00524315080612109,0.0341842474978396,0.0581636560274773,-335.565997374863
40,0.00492855493587574,0.0612622518409137,0.00273470992064482,0.00379576283281425,0.0232202345317695,0.00624269080708877,0.0383952613213012,0.0789941076677256,-335.733585129288
41,0.000853790194770784,0.0595819649601481,0.00233287763894061,0.0152210741616261,0.024143149425999,0.00369396037305535,0.0348267647549973,0.0463070441551125,-335.830510220107
42,0.00464336480509659,0.0356515470653632,0.00307149807450423,0.0264605896062455,0.0233693134014847,0.00375515864144154,0.0240091536122068,0.0354455492093502,-335.309320794396
43,0.0164228476288947,0.0332377091850515,0.00863088854422514,0.0340087228121692,0.018433531573269,0.00667248201003328,0.031346448431216,0.0427454116688315,-336.563964891677
44,0.00833534085968844,0.0431181200964362,0.000851017623758102,0.0338605835373055,0.0259972741693362,0.00365026754339683,0.0146213339736026,0.0443321666953596,-336.641047589215
45,0.0244944676042217,0.0466509995646508,0.000617698281737759,0.0207321929317767,0.0211494234034536,0.00439740112997195,0.0252302023404815,0.0467077869355755,-336.433493987479
46,0.0159843138526567,0.0399265205807041,0.00334660078812827,0.0246088551084123,0.0235844100758361,0.00350144937809744,0.0317542505567465,0.0320750360035236,-335.808854610472
47,0.00863164392361443,0.0245551779333643,0.00024610935280289,0.0316823996743823,0.0206020129792169,0.00536646256351231,0.0347738227592172,0.0164078378819004,-334.236786962987
48,0.0162314548889036,0.0270241179311356,0.000721013125125321,0.0252931089803457,0.020527183319014,0.00476775956328467,0.0355653901875612,0.0525077263464064,-333.96981513926
49,0.0170868377947046,0.0309281487941122,0.00311878633158235,0.0272239483425486,0.0256440302648,0.00456092365877931,0.0250993940325762,0.0584583491919791,-335.287988145562
50,0.00844500970659774,0.039518362622341,0.00481210248826211,0.0195066871855236,0.022428005152697,0.00374536338271714,0.0162268149832573,0.036451402551913,-336.323450868097
51,0.0142364979750021,0.0336236577857618,0.0114048019390682,0.024394074569811,0.0223572081860281,0.00478683476316818,0.0387750086562886,0.0563970275792233,-337.475015252751
52,0.00464176304351963,0.062397055346333,0.0109823714321842,0.00204897353266196,0.0208554719073547,0.00170634223559815,0.0264143227637069,0.0550890218076152,-336.696311748387
53,0.00132461165213925,0.061986250630144,0.00697146523018887,0.00695310407231764,0.0264125627295639,0.0027048470045365,0.0353718014932013,0.0752561098366538,-336.407962330537
54,0.0054460015364228,0.0703420760594612,0.00680093050112404,0.00275428052161218,0.0276719418697068,0.00322911559818424,0.0320269326565184,0.0790221438125787,-336.921835446978
55,0.00289433312235403,0.0667316770786887,0.000963455722078887,5.77608084076266e-05,0.028583615845621,0.00423967153329243,0.0369871419278238,0.106691229373799,-337.346883536625
56,0.000883799060525927,0.0625133000481616,0.00183947993662704,0.00348310492012579,0.0184607132671334,0.00685786824390633,0.0520458800165366,0.0608042855370323,-337.217059789679
57,0.00177162414177386,0.0573567737074596,0.00199267308151016,0.00282937689596452,0.0231697792411778,0.00457141618609681,0.02673448895903,0.0785025211210898,-334.93570336269
58,0.00516672244622434,0.0621426196290051,0.00101757724798839,0.00254414936174761,0.01705381750136,0.00752299109848744,0.0293973800554048,0.0651252474663242,-334.565929415804
59,0.00401958364269414,0.078802308175876,0.000931753508909815,0.00441132831288203,0.0138985257187913,0.00670685732791144,0.0421608673334522,0.0637679462900402,-338.43904746383
60,0.00371204401115106,0.0599427791160046,0.00108810276058635,0.00214021461920069,0.0170668000865455,0.00653075844520454,0.026771603993389,0.0514971481636711,-334.267847650399
61,0.00409021166406065,0.0701243457384546,0.000311530646305158,0.00700077436114577,0.022970165266184,0.00176035704855567,0.0275556930109631,0.0593374906805315,-334.792708328504
62,0.00499874883039672,0.0568219199982142,0.00327317434111009,0.0104800819203506,0.0343875511457733,0.00529042611578685,0.0272656018889157,0.0847495395042763,-338.941438292738
63,0.00735567057429494,0.0508576122525735,0.000845158295363136,0.000762507206703661,0.0170499667541831,0.00207823069028906,0.0343942747110726,0.0475945421623497,-334.633460545294
64,0.00319087158022302,0.0628286838160822,0.00127852130628032,0.000161207063201085,0.0286245290987287,0.00220829221225065,0.0324589585462144,0.0788909061071936,-333.674082912142
65,0.00480683798146886,0.0529525272145154,0.00338739908769235,0.00217380244422255,0.0381686948055726,0.00146078762897886,0.0227452289838309,0.0524577242769809,-336.112800535299
66,0.000481808106897506,0.0555650984264776,0.00253318970615113,0.00165708606702542,0.0228966312020461,0.00528181910493232,0.035918831599844,0.0595333042555119,-333.974120657673
67,0.000680420442575834,0.0598213054115085,0.00155326856801254,0.000436581543845467,0.020311138353526,0.013741821940618,0.0306061467926964,0.0594158622823498,-335.488372637455
68,0.0171146533299031,0.0472145092057044,0.00184626133657735,0.00770388776569529,0.017583441291694,0.00259299251756212,0.0295564696263159,0.0468233785162691,-336.173292842417
69,0.00967855081441848,0.0420000350002522,0.00764846029865593,0.0224324835399357,0.0279621395153983,0.00217644087524791,0.02555087892027,0.0478377345784323,-336.28791909099
70,0.0099655217859599,0.0460613482111823,0.00907873722993016,0.0372903446091604,0.0260064332654355,0.00660313973335581,0.0293945442742636,0.0443185884763363,-339.395068391902
71,0.00192704023187272,0.0386956175256904,0.000698083697244761,0.03168902008318,0.0211260262656237,0.00652132688562094,0.0296571505006137,0.0469993619456041,-335.163586417014
72,0.0131839204953411,0.0457073911117574,0.00282198702350084,0.0362018391990214,0.0329989439019511,0.00787086432012788,0.0388610899552928,0.0444269871472798,-339.942407685783
73,0.00529117043742724,0.0469580511491876,0.00364178990523046,0.0245611403981309,0.0225895038238383,0.00904534999583417,0.0349141997479729,0.0367649453507985,-336.703368404953
74,0.00537082359399382,0.0315660258985728,0.00650119786487652,0.0250072224806077,0.0227855790180876,0.00512302783727202,0.0243349193662864,0.0506220770492639,-335.955167456595
75,0.0295975552041379,0.0366916520722607,0.00428512334245504,0.0241731729115919,0.0166471905128937,0.00286934012015039,0.0209597008945103,0.061301884666101,-339.034038107798
76,0.0269738074142584,0.027318450589139,0.00542549685674669,0.0274542140960827,0.0224945587132598,0.0119521772429153,0.0270621507091954,0.0651985947740731,-339.732377761611
77,0.00761136141184297,0.0343554724667114,0.00351024034512263,0.017719296565295,0.0213430362505275,0.00628867472347021,0.0250689851859343,0.0596549266634702,-335.520426690395
78,0.0131424397551116,0.0252686039844709,0.00741418587308345,0.0326719714467322,0.0288511341525496,0.00831122115510374,0.0458833338413392,0.0517536003547179,-338.255547258195
79,0.00720889938628527,0.0315284323738481,0.0106517742972995,0.029947946997405,0.0289781407809196,0.00211081856182584,0.0419633425339246,0.0788701016068486,-341.812058691213
80,0.000370418513088752,0.0293579854080259,0.0124435889765576,0.0159752110167754,0.0263317984267412,0.0041881973591143,0.0360704746905441,0.0261304919468724,-341.380132943565
81,0.022856104555121,0.0320100964099643,0.0141210792799869,0.00830221367730941,0.0134861509635364,0.00320070247429607,0.0285521203594822,0.043021194068886,-340.68471427316
82,0.0176664501817141,0.0285352207156951,0.00695664052851911,0.0306814395541522,0.020108928821257,0.00714636059923074,0.0364496905472075,0.032223368084829,-335.593732572615
83,0.0154428314660128,0.0314383199118409,0.00514775010853646,0.0171341783903258,0.0204322421863742,0.00442560932032669,0.0262531738055081,0.0548185248039073,-334.870423601878
84,0.0168938508183503,0.0331771865706971,0.00251346141778016,0.0197839708414674,0.0243317370477163,0.00263708930037789,0.0256227974380929,0.0307735313303512,-335.236779106143
85,0.0226376304385705,0.0360587796585171,0.0014270282687868,0.0128820061777071,0.0249323196175828,0.00351324583892632,0.0354139193158526,0.0657769925447829,-336.363198033916
86,0.0205141597462639,0.0372757040745598,0.00210445562105986,0.0150413434533889,0.00999733344200831,0.00907828162480532,0.0313158101444875,0.0462077890144438,-337.387137789025
87,0.0161548155745235,0.0226792585883453,0.00256792797261033,0.0208518156578,0.0259883698360207,0.00649672694129633,0.022801081104642,0.0363851379767405,-335.134963540627
88,0.0162467325009909,0.0263831816202844,0.00203913227118056,0.0369709443351475,0.0279438082079865,0.0028452227564015,0.040695762880622,0.0336351730514576,-335.947261689943
89,0.0166434536231985,0.0340014437601105,0.00229949496437608,0.0297872267104312,0.0120011920830038,0.00453663079347816,0.0277311637278434,0.0321250424075136,-335.810084920262
90,0.016327977493831,0.0252858365471961,0.000796216614104838,0.0311891108425846,0.0226309080088737,0.0060325720697473,0.0298495963761956,0.0467032478884036,-333.982097989746
91,0.0173151521961255,0.0220743786316169,0.00517174262110651,0.0221230664657341,0.0245970969806981,0.00430231800500933,0.036944433506869,0.0349471044858717,-335.414517735283
92,0.0152476120988566,0.0320356328917477,0.00547855760508487,0.036368421429551,0.0251937925441649,0.00944613727295735,0.029462873011793,0.0429679919144506,-336.812598399264
93,0.0172861187156091,0.0317696215405815,0.00418138050154822,0.0106391932908802,0.0159746759994398,0.0168120902884086,0.017743148160977,0.0533588789887003,-339.899295429938
94,0.0120996921498399,0.0268807969486901,0.00338335027939199,0.0338156003186701,0.0155589004034552,0.00583399735365677,0.0380982204858471,0.0159564031931371,-335.082669805297
95,0.0162137717764861,0.0333604327012521,0.00175068401340143,0.0320398104512545,0.0205747842591209,0.00631370725827377,0.0175692796322282,0.0548115622677471,-336.340378714653
96,0.0144722320604185,0.0355381722874613,0.00728414502946844,0.0205947822989383,0.0206832985489688,0.00188589128960113,0.0357848103732909,0.0385323134045202,-336.173934186169
97,0.00666184919821153,0.0376244503106965,0.00243356912857925,0.0152723778831154,0.0265181428680859,0.00968709720098501,0.0255058812036611,0.0586467474144705,-336.225623264189
98,0.00890217781568764,0.050564982951413,0.00415583806416369,0.0127067335008233,0.0184584015629349,0.00870733513460722,0.0346166146282406,0.0503649102512475,-336.626858996847
99,0.00892846753758305,0.0480637608162916,0.00229789427472002,0.00672735367218242,0.0209137856199547,0.00681560866442238,0.0335553135476031,0.0735922422268001,-336.272634855567
100,0.00909872641751667,0.0461912281578387,0.00763366920581657,0.0210231194953664,0.0272431170903207,0.0109852931856532,0.0270954553510248,0.0253738558868659,-340.267706457891
101,0.00152645964518122,0.0397078717552847,0.000178219509691682,0.0243067927740036,0.0133486729469068,0.0175075658533521,0.0249367446333475,0.0277466428639993,-338.700715476171
102,0.0069892953502607,0.0174752954881979,0.000169935620080301,0.0373113843524793,0.0222590603883085,0.0143551913582912,0.022697057123523,0.0326224168444484,-338.093955870734
103,0.0144531961732574,0.0211400072801602,0.000782955527811904,0.0292817769237399,0.0257038567563668,0.0108062446408501,0.024920925300979,0.0541311155907513,-336.189426142261
104,0.0121692051274794,0.0239645310171819,0.00415882410143214,0.00997478202899966,0.0188173111325694,0.00524545298234584,0.0347519969701553,0.0559521808697357,-337.036227455866
105,0.0203419620435785,0.037831145911707,0.00407284858521444,0.0212119311718174,0.028153617649758,0.00936958720692017,0.019693485825234,0.0445468644765211,-336.971048146576
106,0.0285712954714989,0.0341492571019052,0.00296359787954445,0.0120089888021517,0.0164617427538575,0.00762737995306607,0.0257520325411368,0.0420885503818718,-337.6147467244
107,0.0290343306147006,0.0327381865317089,0.00230408710454056,0.0230056890217537,0.0261487627816487,0.00502824509682663,0.0207325909022671,0.0618522403030439,-337.716940938599
108,0.0166645410683808,0.0177085237912676,0.00315621388315733,0.0194310859551959,0.0174049161604723,0.00397821397099052,0.0180005999220704,0.0537543862777542,-337.595249379773
109,0.0210965669006597,0.055478272917979,0.00266802516340362,0.0024611231861553,0.0278075004242341,0.00207840494525743,0.0215487773213494,0.0622854129732263,-337.486869472868
110,0.00512710522924096,0.0638070234818121,0.00266339340449238,0.00677183360603137,0.025687706317108,0.00385427646563507,0.0317846182415179,0.0575729421936967,-335.042925943843
111,0.00478272367160195,0.0970754180732024,0.00101546934452023,0.00157392066040264,0.0237637795863467,0.00352687364105184,0.0226965016935914,0.0653932960895594,-338.53823940628
112,0.00915384405819177,0.0966937096616804,0.000725126254938214,0.00236811687338158,0.0228109472745536,0.00418053261877974,0.0251944923568773,0.0749298337741358,-339.632403162582
113,0.00757297367499821,0.0453186019993449,0.00144137572190123,0.00215125058473147,0.0254265465369777,0.00517581564608279,0.0264000478033625,0.0693359681076562,-335.434632592993
114,0.0110032424122939,0.0581888155866123,0.00504345139304651,0.00180490380161817,0.028743416638286,0.00232776861435438,0.0328120764815583,0.0646272772538579,-335.473111389684
115,0.0137536085089365,0.0521579448125214,0.00664538368625512,0.00153785760026406,0.018838350596071,0.000366497465136365,0.0325113127223559,0.0411421608711651,-339.119580976358
116,0.0163342769085262,0.0441102388486699,0.00519469490973084,0.0178615622354031,0.0257687131869478,0.00401669345371899,0.0170447322556507,0.0424261106703703,-336.426898319556
117,0.00217782628241709,0.0495890338071269,0.00741670049432409,0.00870200493052812,0.0264232096459072,0.00372194050091406,0.0318737273112968,0.0861756560496811,-337.988457329517
118,0.00402570007506354,0.0540445852929083,0.0140480983617335,0.0186410519439464,0.018975368484732,0.00361880976050246,0.0273269320568859,0.0181507497190131,-341.881238609267
119,0.00307910452991661,0.0281470706081229,0.00263073878830265,0.0301656108889815,0.0194691686966844,0.0122225700421723,0.0255472358825767,0.0400381695877456,-337.865324661114
120,0.00181133254710871,0.0289253070722165,6.81535256759841e-05,0.0168923979912176,0.0151636434050565,0.00792552010428764,0.0472035285296384,0.0565319693188045,-340.028908980385
121,0.019650274752713,0.027423710086992,7.23310847506469e-05,0.0276477914051651,0.0170602524035828,0.00637789531588533,0.0500509978029579,0.0323240052551121,-335.970621947504
122,0.0202573489988684,0.0278048213772917,0.00022281774812537,0.042716808100192,0.0156905821907131,0.00734685575042331,0.0513676314990038,0.0514960987203283,-337.896987102532
123,0.00826189894597466,0.0191104165739331,2.71543342283168e-05,0.0265151847447219,0.0210962736993649,0.0061076536963956,0.0550244262459493,0.0541091349598476,-337.939340782155
124,0.0153282569001794,0.0336946931137047,0.00145696945493424,0.0221076409646829,0.0166681064890277,0.00297974166994087,0.0482706448603123,0.0641269154638029,-336.856250363853
125,0.00390242869285337,0.0537175953856959,0.00760877705315731,0.00484365188728894,0.0456312685956342,0.0105571093009244,0.0519440140684804,0.0671922750702046,-344.273570047268
126,0.00739629898316476,0.0424053356747861,0.00762578423552582,0.0131470848104866,0.0151709068816935,0.012610327130468,0.0330498273207528,0.0372484411473315,-338.650043571418
127,0.0169511439395478,0.0380641368778046,0.00752466631052065,0.0145859429461164,0.0249277192248604,0.0154777955938721,0.0275591802958414,0.0397439102295577,-339.488132721609
128,0.0132553077633087,0.0369050312642365,7.60258700789039e-05,0.0231193878520051,0.0240446347004568,0.00104912517070793,0.0288002286911097,0.0483895163398083,-335.471370287725
129,0.0181866799613501,0.0345205031292024,0.000721257022529212,0.0393747957536307,0.022618615689412,0.00544027391821791,0.0376655956570825,0.0407140890557614,-335.808474266754
130,0.00799751467953331,0.0345880557874735,0.0015975822261144,0.0172670481015012,0.0374216915233298,0.00228867334616703,0.0437697982265777,0.0456747807991003,-338.321759536049
131,0.00528552056599414,0.0293063469768406,0.000516571302732192,0.0275109412337368,0.0101320496856089,0.0109174256906952,0.0408829585573732,0.0215826294642856,-338.397492713819
132,0.0235708892172221,0.0294798640603385,0.000533901309698799,0.0204017405861058,0.0260483396175385,0.00339960104989203,0.0235152474251518,0.0659201376741023,-336.50652627965
133,0.0233321395062772,0.0349965620975064,0.0016719599231053,0.0302519396544936,0.0281966895657239,0.00191857392998789,0.0332553209340873,0.0531393234896229,-337.169558955852
134,0.00615355774936385,0.0414475212313519,0.00160668902636391,0.0213062058010763,0.0218283364057964,0.00731576430922041,0.0303438167353521,0.0542840498755975,-335.052865047271
135,0.0120645781598773,0.0387368192270673,0.00564490185491589,0.0206304607096116,0.0179399614043422,0.0113284450324696,0.0287076194099647,0.034476845355454,-336.716407939135
136,0.0134837985892599,0.0313174571197663,0.00448073613940405,0.0212435945912402,0.0183197291746064,0.00980105148579338,0.0484923062883911,0.0534367041383716,-337.083901345707
137,0.0213300215369565,0.0204434795191377,0.00872395075706799,0.0199402716561125,0.0218966940560519,0.000426856131341892,0.0330108951051309,0.0659184255350726,-341.532044874569
138,0.0152770003935878,0.0500774790014485,0.00960343983305718,0.0240657766505138,0.0286019184835576,0.00940350214842051,0.0332272113056547,0.0570527207962565,-340.438887614475
139,0.00973710332991419,0.030055942047501,0.0106127427624049,0.0125679821995349,0.0181387364482561,0.00995489346323753,0.0295138043615472,0.0615102588025316,-338.831846933036
140,0.00887253931705051,0.0392379624963457,0.000380394502372699,0.015457981370394,0.0212202213777252,0.00729582635221226,0.0389591595270653,0.0643221151501871,-335.849798381039
141,0.0178164032658203,0.0533104684701722,0.00148990095945293,0.0109367690247199,0.0163691755882037,0.00867128908537346,0.0242302109928043,0.0540545908530571,-337.144765684469
142,0.0237299968800849,0.0371993520487823,0.00211618956667489,0.0166202497712764,0.0160852309405048,0.00895444746414426,0.0277703239990859,0.0295555182553988,-336.953318566555
143,0.0107988565647274,0.0249811294700436,0.00461740633104689,0.0164938673192116,0.0190081413297212,0.0115876562407312,0.0327677017167989,0.0179342118643083,-336.348437342899
144,0.0180951524862233,0.0156627359988851,0.00630702735201282,0.0455305163004911,0.0164940702994196,0.00478141781063085,0.0330509718986541,0.0272227289700477,-336.533483227961
145,0.0128702123033122,0.02580197525736,0.00258143581724838,0.0173571726326647,0.021335506241378,0.00849034772520125,0.03153356577891,0.0561901500002707,-335.202700566737
146,0.0135495810194986,0.0405793200661831,0.000292079845771325,0.00976861136438314,0.0143357523921747,0.00776350513803798,0.0231096813938626,0.0606308604955061,-335.973478605675
147,0.00693360884043055,0.0604212765134999,0.00209076916167318,0.0139217741170242,0.0257225533310709,0.00495476630215396,0.0366209435876558,0.044020806893589,-336.705979145238
148,0.00960047401598609,0.0590789269848754,0.00255387599431826,0.000978325211087796,0.0159601331197571,0.00546877773973151,0.0297419778510424,0.0477305658557494,-335.692409679849
149,0.00646710621040148,0.0630203335465224,0.00271954647326726,0.00162272766730712,0.020406504965706,0.0089150771725113,0.0286553267801061,0.0498975507029057,-335.429891096301
150,0.00678575224021587,0.0424228719055925,0.00611238939155062,0.00148049257148626,0.0217445792760263,0.00125114734221918,0.0246669866268497,0.0335428241556931,-339.273108151843
151,0.0114114397259911,0.032184363678477,0.000387439418828788,0.0240638008618411,0.0309317240788893,0.00840716733134625,0.0224535776668198,0.0436362563779957,-335.931862787707
152,0.011636527164028,0.0340854225460065,0.00201179719847513,0.0222350892269596,0.0299125763474163,0.00350048990685573,0.039689396109945,0.0430905250427805,-335.701117123285
153,0.00639678677328311,0.0331766222592282,0.00295761305737769,0.0228690893490847,0.0240236751857571,0.00864197754123882,0.0280577047852422,0.0465716605462959,-335.444759990267
154,0.0219030708393128,0.0274806270848631,0.00177150562022394,0.0238593929171156,0.0187094419247679,0.00671826156069224,0.0342212547774282,0.0282456632214965,-334.817745805189
155,0.00921277422135667,0.0217624568627252,0.00125037936807504,0.0308912994329981,0.0182757101760868,0.00502310193484789,0.0396789869214156,0.0438534934646025,-334.346298352922
156,0.0178762372483272,0.0246406738829226,0.00284449881698403,0.0301364505491579,0.017621555281706,0.00441662424873138,0.0280988813393398,0.0315385222198655,-334.167941703693
157,0.0206050366045392,0.0198677155629354,0.00153101227017655,0.0128010314876777,0.0189828417207277,0.00998668128044343,0.0283231731114501,0.032939287272332,-336.566025859692
158,0.0217336982566671,0.0450214652815337,0.000644075951646552,0.0200504227289148,0.0190459456072909,0.00952384190594432,0.0310109246149552,0.0332928924945805,-337.160138188412
159,0.00500549524303483,0.0290936256751776,0.000106414087517212,0.0333411204325427,0.0321629447525645,0.0123681557009,0.0235679035378124,0.0454649928076732,-338.103936870964
160,0.00546025532568962,0.0352521600817458,0.000255931940187721,0.0260211964360452,0.0141200816793401,0.0181205934924293,0.0248676234261009,0.0367668330032168,-338.461215886963
161,0.00396194999839744,0.0448670557990722,0.000934742276953855,0.0180366074818137,0.0118961694838753,0.00230160349348617,0.0359564670128427,0.0637967718041076,-338.210665055141
162,0.0133252059392044,0.0346251968322999,0.000914645485680643,0.00648628426242735,0.0266425160833058,0.00713911589150527,0.0207985178455024,0.0231098484938793,-340.413069805138
163,0.00457484277024204,0.0380149074927308,0.00230748206906579,0.0532836039362054,0.0273512505685016,0.00918732082532719,0.0207443860028871,0.0342598630226199,-340.142961676566
164,0.00880519832883351,0.0311742977657632,0.00247797660080261,0.0491919053946756,0.0273430432904769,0.0058434806844754,0.030834251903342,0.0552204421701918,-338.226854017526
165,0.0195115946998258,0.03925253276783,0.00191092827578115,0.0402125811954609,0.0148892562351033,0.0124550988330558,0.0316968392775013,0.0290925515493397,-338.09291627691
166,0.0209767322177641,0.0284234166961155,0.000330615034212662,0.0586291787565068,0.0143963786212143,0.00235387204272216,0.0352982557786013,0.0262280678169148,-338.557170415187
167,0.00572201608150035,0.0211027889336574,0.00149910624190522,0.0369907096728553,0.0125453565582078,0.0112339358831498,0.0345630195896837,0.0462408836610856,-337.850433104696
168,0.0111383846075073,0.0273883081919296,0.0030047038866879,0.0116581903576502,0.0208999323074349,0.00945294491442038,0.0281264776337309,0.0467995230489231,-336.095774554333
169,0.0149033999017442,0.0293180678388863,0.000783949027341755,0.0417513297096608,0.0199382684916505,0.00785935469456836,0.0344128525713336,0.0300901165175493,-334.485132005717
170,0.00929646723549662,0.0158938741987328,0.00252481758200584,0.0329565785039346,0.0171071745278438,0.013812255952236,0.0381796915034184,0.0295403324881851,-336.199809491909
171,0.00909432050001386,0.0126970355723336,0.00199546718129981,0.0418062792615194,0.0192137165605341,0.0094563965529231,0.0373669500035405,0.0340525679081565,-335.997312162854
172,0.016027360180584,0.0176102306560664,0.00211207480760273,0.0374272460537283,0.0183881327324085,0.00996209560217744,0.0318091134888089,0.0324148781594164,-334.562250234417
173,0.0143318030547486,0.0262202108263602,0.00169599590446237,0.0371287011773036,0.018074288096555,0.00463339528489767,0.0452136721172518,0.0347468126375888,-334.897718520204
174,0.0209353849966454,0.0214477088093699,0.000764293401345775,0.02234219317515,0.0206173185451555,0.00659133810251237,0.0283221726969211,0.0247168885604827,-335.004059040535
175,0.0182370130375354,0.0318231367680964,0.00160089494276825,0.0163181032238212,0.0246737374408476,0.00226375322300065,0.0345044112667191,0.0690351145174872,-336.122860324106
176,0.0174620396390625,0.041511261388526,0.00078953709848001,0.00703468387894985,0.0217000647947926,0.0132954831422456,0.0318290501909166,0.0558794240915715,-336.887301915279
177,0.0160037807511521,0.0345150859238863,0.000591379066764474,0.00870559273568917,0.013557851606545,0.0117406790864319,0.0281665747948336,0.0156514504209372,-338.024465986932
178,0.00544421658958326,0.0648015268265409,6.23223461633281e-05,0.0319017159650699,0.0170751590901631,0.0164340353546789,0.041313666285795,0.0720427112850561,-343.196843970983
179,0.0241451859764323,0.0625986204615323,0.000696934853185986,0.0225498485977626,0.0184827947976921,0.0165096033970738,0.0443553206507423,0.0547760301264355,-344.541190608484
180,0.00136979177330129,0.0440379355125172,0.00175675864734713,0.00872284888831763,0.0176073815723158,0.0148885824503279,0.0344476318456486,0.0592408200221663,-337.607033270584
181,0.001851973311477,0.053922451686842,0.0048802583239808,0.00417610516123592,0.0176512281084734,0.0156460976421006,0.0333287717290408,0.0522340483058852,-337.850508535112
182,0.00566401028371022,0.0679321223364667,0.00424574684532481,0.00643869002076311,0.0170465016403616,0.013049923966958,0.0351126236281416,0.0677851113432338,-338.764014551169
183,0.014015312211141,0.0822912553216016,0.00328308853995375,0.00586834224946201,0.0137131773216945,0.00524692129481337,0.0306228492474123,0.0618295921038242,-341.432351610601
184,0.0134020840988142,0.0757724580304257,0.00125273083964725,0.00289184200705997,0.0362738857522133,0.00354685322107428,0.0259237071410916,0.0575878147140956,-338.403140196068
185,0.0105508191731298,0.0515007961119436,0.00141235811076763,0.00388627772347623,0.0399670521407157,0.00222026020114217,0.0331126393827645,0.0700203256625393,-337.508271432004
186,0.00285526631171843,0.0509361607880955,9.45755307801833e-05,0.0220924333039116,0.0281719781517839,0.00550368997497271,0.0256452316870849,0.0618557424842281,-334.907710595047
187,0.00308408134200543,0.0483342845477394,0.00391633496759284,0.0079756933152661,0.0181694862510973,0.00367888325221288,0.0302230512468638,0.0577982948484911,-335.208870423947
188,0.00992537798409425,0.0343883375869615,0.000747535900574179,0.0203624669947798,0.0309095652916929,0.00920965475835618,0.0295990989306858,0.0510933485668326,-336.256505050314
189,0.00786881444265733,0.0451247194990043,0.00469158111588167,0.0186203349474324,0.0329570751205,0.00449653328495321,0.0259985651280068,0.0509392862842216,-335.744336482734
190,0.0150690113469537,0.0221214936808841,0.00452469641617786,0.0196557479561298,0.0171844293991141,0.00653435511155808,0.0310032522073758,0.0501368200538497,-335.328712638002
191,0.0158851391547663,0.0247765543975258,0.00352676324320332,0.0196414592363857,0.0198230778566067,0.00200026750083232,0.0362017519454269,0.0290697621750344,-335.251991029855
192,0.00718355272642015,0.03371688952531,0.00352968224638989,0.0135220032326165,0.0166545552617767,0.00909541438215504,0.0422376564531675,0.0283301693229978,-337.262167282392
193,0.0264497182686879,0.01364936778815,0.000297879269675379,0.0279236352786637,0.0192101165100674,0.00676853012009893,0.0379131227339916,0.040618056489124,-337.076470864666
194,0.0198276572252941,0.0160422871314347,0.00434307967289491,0.0389246164784719,0.0168211588380277,0.0103184043649831,0.0447772125911969,0.0473036464134993,-337.611992265444
195,0.0158153546997211,0.0154306342317245,0.00434504135837111,0.03940840409332,0.0311715161593454,0.00468203906527554,0.0440919827660826,0.0407808960702445,-337.635893225547
196,0.020801431444647,0.0321042933018165,0.000901152854150556,0.011550012212903,0.0200595634456221,0.00380055142206692,0.0320526525786404,0.0517343427525807,-335.067038219674
197,0.00922271152847181,0.0548348051290736,0.0033750696114029,0.000814077442322386,0.0225573649043159,0.0030904583072449,0.0229333021315583,0.0411287917081064,-336.127755120793
198,0.00480325202157218,0.0660346669021832,0.00214443959805699,0.00726153742079988,0.0172022856805526,0.00164400109358302,0.0206277481658473,0.0694057364330843,-337.321330465226
199,0.00201410355413378,0.0642739756042075,0.00334289006229971,0.00298560063297108,0.0368781440230568,0.00371986935624124,0.0206073137919903,0.056112612395068,-336.552128706239
200,0.00967271157327276,0.0472066573286128,0.00480852701761362,0.00474109234572102,0.0323230627958344,0.00229203335216041,0.0193858254165317,0.0615780484771394,-337.499138181002
201,0.0118033526646347,0.05378067551442,0.00209834047927496,0.0032516031281228,0.0312914358396089,0.00220236076671227,0.0393545633994932,0.0488086977447432,-336.75377741674
202,0.00222883126694308,0.0480377395564593,0.00570517493386067,0.00338655197480882,0.0294406110883497,0.00588217013345975,0.0249374722766545,0.0496258202167025,-336.200392993239
203,0.0166860188603257,0.0469326621078047,0.00478666891018423,0.00731016063583688,0.0301268790313277,0.00248631482280846,0.0275353072881827,0.0608169015668549,-337.110254102028
204,0.000827751029507379,0.0500998226112661,0.00738966413445902,0.0213405673853352,0.0239029143474656,0.00158854857726511,0.0273969601811523,0.049282149779855,-336.278970393445
205,0.00490634721993571,0.0436983609196804,0.00615750655574045,0.0127757703986666,0.0324127062898443,0.00480099867282075,0.0241242327472441,0.0477468272279211,-335.731327788341
206,0.000440110490431267,0.0403398944257919,0.00213807601550624,0.0333188656223802,0.0152827639989942,0.0086818732448068,0.0421758020622202,0.067924780544729,-340.001939801406
207,0.0037659540577551,0.0427200193120048,0.000866931478826139,0.0106355754724638,0.016012700963102,0.00268805439611475,0.0257487520585182,0.0743132262849254,-337.312286492408
208,0.0205114740953803,0.0371828666572827,0.00115325697910112,0.0184535615229072,0.018993908020893,0.00285663220257713,0.0391301239131868,0.0325108960844207,-335.921058598652
209,0.00905464683246766,0.0342562502885399,0.00282948099243207,0.0225681696360322,0.0187428934763145,0.0100007628541789,0.0226640191582383,0.0470866122547761,-335.818266636364
210,0.0152501005278543,0.0227093774989228,0.0040941169173565,0.0323697788936493,0.0157404970921896,0.0116288368562979,0.0479228959115424,0.0361044645435611,-336.705290194924
211,0.0170989386182456,0.0218486472007043,0.00192675945346664,0.0248196003219766,0.0178651815189133,0.011193402703942,0.020625370303256,0.0460907313750872,-336.201964276737
212,0.0162493398092423,0.0381068604930402,0.000132951502271661,0.0173010096686773,0.0259262709799115,0.0031494526160473,0.0191958598169328,0.0533617105717886,-335.337249855265
213,0.0242836041658789,0.0449435679702759,0.00664364159583813,0.0155486068720698,0.0209704004520641,0.00975822886627302,0.0215439174205565,0.0705446969030691,-340.121301654324
214,0.00945214332771446,0.0445931893959254,0.00902325764431706,0.0275462592048986,0.0242583324045382,0.00777618820707154,0.0277571521291233,0.0133423209450473,-340.684828368856
215,0.0068669356324822,0.041747493416235,0.0163363027542703,0.0259705213518614,0.0152084046103029,0.00445774650179155,0.0335511890279609,0.0353987289279103,-339.884785775741
216,0.00185019275515088,0.0269494866913951,0.0196834093117336,0.0453321950074179,0.0180105656291114,0.00440352188186041,0.0406262394718712,0.0352063107029912,-342.071202151025
217,0.00949075551728715,0.0185175994654573,0.00193397020778136,0.0359515947493378,0.021533592376783,0.00520712495895741,0.0343382366968548,0.0360880854148843,-334.182951225016
218,0.0147994451140055,0.0213147715043875,0.00141721145671421,0.0345146538802093,0.0203214961431361,0.00869580911775199,0.0285362833192486,0.026501267619873,-333.920500615578
219,0.0156965334861045,0.0244107142045122,0.00124601585842792,0.0334952165869398,0.0131913652114244,0.00568127311539232,0.0297307983327364,0.0279558594718545,-333.925609333625
220,0.0112432791346262,0.0316738516219715,0.00355171705335375,0.036469042286675,0.0307799107526295,0.0035386602503379,0.0309291937630214,0.034556329819417,-336.466430493535
221,0.0138157647796163,0.0239367415349652,0.00189385860154051,0.0226904780278767,0.0219085268998488,0.00664590510687459,0.0295148468341951,0.0388765909218599,-333.758323986042
222,0.0147165077748958,0.0319719781414868,0.00371885431058001,0.0217274175833262,0.0177593835062658,0.00883133033547655,0.0351459931040927,0.037051527212501,-334.704676711048
223,0.0225023928057229,0.0203956178002838,0.00205233440379589,0.035767686995006,0.0238175696341183,0.0045189768166666,0.0299528587151735,0.0421071474757396,-335.411742891351
224,0.0152765772875855,0.0191632703316691,0.00309091829642225,0.0290665900919328,0.0179056572070721,0.0106237637561628,0.0180541404077427,0.0429353922227053,-337.014586100986
225,0.0144619766415666,0.0321599104152771,0.00121739764900506,0.019400008931601,0.0163024482519782,0.00473533151305993,0.0175285440398839,0.0356857347101143,-335.807817378758
226,0.012998172390423,0.0317262639208515,0.00163990645657424,0.0185138578153064,0.0257945799200511,0.0037606188646741,0.0196202139422598,0.0336878756671091,-335.263163541586
227,0.0130591623438168,0.0186621174137019,0.00136526075189219,0.0208279363692365,0.0294096857604543,0.00245958923606587,0.0162063118084756,0.0543989099247848,-337.478978528193
228,0.0143636330272739,0.0232703919127846,0.0111224489686475,0.0125629464545829,0.0282946547836057,0.00313430041066387,0.0367078939153802,0.0500320157933563,-338.068195656709
229,0.0139335007956597,0.0380226868281246,0.00765783810326605,0.0120670803234726,0.0240357386700564,0.0132556125292841,0.0277135433591223,0.0243995908140315,-339.905539772988
230,0.0070285870932669,0.0330044555676801,0.00728267724131841,0.0200842447898397,0.0192383322051853,0.00966349114747174,0.0391353784820379,0.061211097230965,-337.778082629193
231,0.0160887613409901,0.0346977259877688,0.00122409472516213,0.0187337247798898,0.0216326687166086,0.00614555462689973,0.0363458828508163,0.0609832549868985,-334.890100601115
232,0.017886715422562,0.0512640592473686,0.00159856499686201,0.00642615792561366,0.0207540367187676,0.0139429399793654,0.0418896904855468,0.0721603854080819,-339.404374955525
233,0.00777532266894502,0.0460467580739778,0.00160810704354484,0.0198600379098881,0.0237754490061486,0.00769837301444524,0.0407450618862975,0.0770863714235061,-337.829342880759
234,0.00555289943807905,0.0649208857974449,0.00304285853432936,0.0164549759888915,0.0268043516299229,0.00680889981085295,0.0428017775594787,0.0486400085358041,-338.601107985412
235,0.00778536325716873,0.0491391954263567,0.00085737343294132,0.0213770218750375,0.0236109841678789,0.00314162061176419,0.0397002506890713,0.0550545989391125,-335.767004691271
236,0.00100075365323201,0.0505958900965158,0.017440423916244,0.0182361180110422,0.0243518253183934,0.00434113584321524,0.0415420434572477,0.0557698961513558,-339.641324793013
237,0.000533475491846055,0.0484480472402131,0.00252300600823308,0.010307290021713,0.0174855440341999,0.00846201528089811,0.0250194959030259,0.0529948764112795,-335.957265127973
238,0.00365129831738389,0.0475966483353157,0.00439189238400051,0.013657412464048,0.0251984026650038,0.00839860120109159,0.0421408224826469,0.0638945217045884,-336.950712101791
239,0.00575409443559207,0.0328829114925334,0.00160133821590687,0.0324739890023386,0.025933253415531,0.00275659001817833,0.0293301929123227,0.0559052448771024,-336.055498916899
240,0.0228421893729927,0.0161728726931715,0.00078274373459629,0.0273248709949369,0.0345136452627304,0.00531231479288875,0.0485173814898865,0.0644634429062421,-340.713812376432
241,0.0149596543574952,0.0323140419171403,0.000207539779500862,0.0262136269366611,0.0138124825101551,0.00536309886586,0.0459360243131799,0.025180448066304,-335.579166433779
242,0.0145110324737499,0.020450034896316,0.0098758239979095,0.0388915862027393,0.0180602627647213,0.00614356252670119,0.0218867185831703,0.0231609298834044,-337.722414549445
243,0.0182322381547041,0.0221608958469379,0.00653767043574412,0.0211598317249511,0.0142452234727939,0.00598043356376981,0.0342615714881273,0.0442589566200119,-336.207154068486
244,0.0145046104790908,0.0283635860349717,0.0013633469435126,0.0189620210985216,0.0261077442242889,0.00886782327153862,0.0330610610150293,0.0462512087963952,-334.914565817182
245,0.0245431178043438,0.0258105928885653,0.00096145545225659,0.0123747775711455,0.0172247748281985,0.00454621839040605,0.0304239715266693,0.0422451959184737,-335.886643547393
246,0.0267830685788235,0.0375246998287913,0.000635765990023828,0.0462829307475369,0.027112842663291,0.00331325548449213,0.0208640483448675,0.0350214437636427,-340.044065432176
247,0.0269962299865174,0.0257683964056107,0.000652933437629914,0.0452661128469845,0.0174701719456542,0.0137927538019763,0.0201770378069134,0.0173937056385908,-340.802207658147
248,0.0188661474988746,0.0213154892553253,0.00519322326835014,0.0421128886315141,0.0165007492987975,0.00314580603279921,0.0384254604842049,0.0478588519764713,-336.689936647834
249,0.0122388216948793,0.0231714763168343,0.00100227222426116,0.0183687715487677,0.0171430953640515,0.00279913139990925,0.0295409584407995,0.0362923814289045,-334.35631343729
250,0.0173159262301593,0.0359830571183936,0.00350323221630946,0.0204826377986819,0.01573510297101,0.00952992445427948,0.0268859273900705,0.0099617623177091,-337.710142032173
251,0.0175702681573654,0.0141221493668909,0.00373868547812171,0.0535492187373832,0.0235992843349964,0.0105197134651303,0.0285954595461789,0.0646957026010847,-340.818629720194
252,0.0182316380419852,0.0146930945195009,0.00148056260721459,0.0340004963832403,0.0229278158803159,0.00308073928880096,0.0435322718660011,0.0181631600755485,-337.688592576735
253,0.0140885343696002,0.015064745225765,0.000919438574803161,0.0382186469434636,0.0246033564390594,0.00785119908671827,0.0450464072309885,0.0765148395300716,-339.046845238613
254,0.0128962704301078,0.037379998543504,4.47224428605244e-07,0.0147463685052675,0.0295650209201779,0.00396382325467477,0.0432421591781424,0.0278693175077392,-337.987478435673
255,0.0252681413559771,0.032578938238024,0.00011086933150424,0.015161650487137,0.0289082868515978,0.00286091515430229,0.0404577473341885,0.0556512797004455,-337.31409064495
256,0.0207952039075769,0.0284881747846646,0.00135722479363905,0.0203522179802691,0.023688253923482,0.007736376645454,0.0236355381142654,0.0577298695557414,-335.485268526425
257,0.0184935702787604,0.0348879362644561,0.000435513856130711,0.0125219427752711,0.0252219841439436,0.00403627593285953,0.0259226045613954,0.0480181521190414,-334.88847129307
258,0.0174436256594379,0.0261457831803701,0.00274250820693692,0.0178945092992881,0.0221624890413453,0.00707644989064865,0.03092405729679,0.0503450627900304,-334.758345591357
259,0.0165613941384678,0.0341231262784896,0.0209564302658642,0.0178452131625984,0.0195883812771682,0.00444411570212513,0.03380917232222,0.0437580056023271,-339.649740867416
260,0.0130756045232602,0.0260204201689878,0.0151746361994786,0.0345260407413208,0.0236368368157712,0.0059926740323189,0.0345939912652965,0.0191851184150639,-338.601783101977
261,0.0162439938323703,0.0292043576182896,0.015426333605551,0.0345424347133633,0.0194044358959845,0.00961977779051521,0.0294760447393873,0.0217059427687463,-338.66410331049
262,0.00639693607449406,0.0158598358970787,0.0173668397153232,0.0525383771573028,0.0251122434490559,0.00889950872434214,0.0400401352984837,0.0714412785463363,-344.612648478354
263,0.0196388638468959,0.02056391014336,0.0171022619163602,0.0331189217656931,0.0159343467573352,0.00527331241160214,0.0408926008920474,0.00839635033536825,-342.169608952565
264,0.0153618023758653,0.0235121020261907,0.0112615019252437,0.0182151339965706,0.0190705163335396,0.00437894498060107,0.0182007422804711,0.0212852095917366,-339.928146754361
265,0.0189578137336303,0.0242165797753317,0.000920539130897224,0.0498060863460221,0.0220685191043548,0.00485596007268074,0.0226419512849826,0.0412251145216639,-336.825201176587
266,0.0176338279335294,0.0220951381398931,0.0021167217598794,0.0258781139344297,0.0218871337104711,0.00422316543528702,0.0346183556938171,0.0503458743108361,-334.398662268538
267,0.0187953578069979,0.0251020390488178,0.00288041444812715,0.0342069196592315,0.0200856939207074,0.00318516017162075,0.0333857729544598,0.0555973514235213,-335.587366296238
268,0.0196163107123855,0.0180282751482147,0.00181068595002647,0.038441546708105,0.0169629165465411,0.00874222833113715,0.0332013625124497,0.0519782244424415,-335.984152646012
269,0.0119667315490465,0.0181444203560863,0.00223715059509773,0.0369982209035649,0.0214586404029897,0.00862528275666883,0.0416488443481706,0.0327512456689126,-334.828370536847
270,0.0248663465398119,0.0209552535465131,0.00239624783290646,0.0196670623033901,0.0319770041743232,0.00700863574637187,0.028123843817836,0.0583816755301013,-338.194951756854
271,0.0168414110007304,0.0293999523289918,0.0014815222280825,0.0198646286418787,0.0315427108368081,0.00722516716407389,0.0291751905993011,0.0573920296400792,-335.867494870442
272,0.0162336391878323,0.0359652685813269,0.00365589539866887,0.0176158019782794,0.0174046476191234,0.004428997106031,0.033689322496375,0.050171150115181,-334.813032919566
273,0.0112756698529767,0.0290124914421816,0.00185766452335625,0.0245758907900432,0.0163579106719821,0.00585190719976297,0.0332130330275352,0.0356149753007657,-333.622587434548
274,0.00787441016229984,0.0263279797367994,0.000481458367923299,0.0544527123011626,0.0267647241325981,0.00369213279753025,0.0347474260715295,0.0364502272066777,-336.39773256876
275,0.00653500115833725,0.0276034104366729,0.000923198629405253,0.0549302393954191,0.018320541148573,0.00493981481050718,0.0432845374598588,0.0293157293194173,-337.204540546147
276,0.00908215476196489,0.0228333891099922,0.00296766486871032,0.0439431603412647,0.0180760349018996,0.0059813146115616,0.0308186891308318,0.0339984741824117,-334.874559251562
277,0.00714290179059542,0.0214794297814081,0.00401676008622146,0.0428945944056339,0.021547515648835,0.00616252419486229,0.035741980446829,0.0391323336095353,-335.924326877715
278,0.018145208611122,0.0175160266202712,0.00722674056829887,0.0315708342235689,0.0225435566083707,0.0106052699888849,0.0319140512948448,0.0233934853567595,-336.981408991805
279,0.0245034220075391,0.0123550693937736,0.00373995960411322,0.03097278014883,0.0196373078774308,0.0133240401199723,0.0224294541261774,0.0470774850671621,-340.207343334405
280,0.0109328828141305,0.0141131132511566,0.00735508322314648,0.0368546148065094,0.0157928897538288,0.0159115361954454,0.0380613569805886,0.0228250914560914,-338.636086734441
281,0.0181277621139052,0.0346301375308649,0.00288750159531882,0.00229663695398149,0.0107972527673871,0.000464739766517269,0.040383068175189,0.0880524635781491,-342.683160200006
282,0.0172900233512339,0.0659627200476201,0.00398612060794884,0.00230090418232387,0.0454868719688653,0.00573947069312302,0.0313448582630065,0.0453169496156096,-342.903326174197
283,0.00163465267767571,0.0473545482260373,0.00643911976133777,0.0369216073178405,0.0468198442772213,0.00307928007286834,0.0243846137644886,0.0450787550116556,-341.468031317613
284,0.0035170614723663,0.0262806911852759,0.00175361956859029,0.0394265469041001,0.0305584999622055,0.00475836050909956,0.0234765741884799,0.0292235541862935,-337.779663195477
285,0.0202803336324232,0.0260454485493312,0.00285821878437143,0.0126353630077877,0.0201595856078452,0.00460618995360564,0.0214343046778799,0.0627633443575297,-336.925829990038
286,0.0154342048684434,0.0673116942934283,0.00457898132066768,5.19902178698729e-06,0.0282006289721579,0.00399434579874869,0.0442456137551673,0.0794205027029867,-338.227027657694
287,0.00794568779350688,0.0686577855837821,0.00449032178338321,0.0118084418975085,0.0182606352292801,0.00477795465471476,0.0425243118328076,0.0753785784105248,-339.500584061605
288,0.00462973118572132,0.0434854198993469,0.00608743432626719,0.00575096505766391,0.02269922941068,0.00440822090857635,0.0366701688420625,0.0661046558999534,-336.148068304615
289,0.000863796213258379,0.0643389765398305,0.000666839742560116,0.00420756294017345,0.0284176588229602,0.0022530403642969,0.0416717946039948,0.0610515230642931,-335.324268369079
290,0.00559055783167749,0.0523142866994791,0.000558141346068807,0.0126846465873464,0.0209108606734435,0.00283490042717335,0.0285534022728109,0.0557841693975711,-334.389569996403
291,0.00149801446222378,0.0591081345763673,0.00131770258350942,0.00996160071363021,0.016374307234686,0.0079288176625936,0.0339050819810801,0.0495364721961338,-335.777901892451
292,0.00450677387718681,0.0565459040969643,0.00201431461301838,0.0194699231066887,0.0317289715969654,0.00483382458652728,0.0208348295468492,0.045257936498146,-335.821704630606
293,0.00255015366344004,0.0498592624236798,0.00528911347565247,0.0122459724837099,0.0198717494030402,0.00457413948292868,0.0323185379108215,0.0622408154859921,-335.495598707601
294,0.00149115282884607,0.05540679693123,0.00435001822052742,0.00351891509031663,0.0271077344613512,0.0045596760949009,0.0382170112251643,0.0677786503312761,-334.886058652855
295,0.00029472021667456,0.0638392444546803,0.00096887132347914,0.00219022701992631,0.0267631504111524,0.0077215660219343,0.0303778719562349,0.0820236391501266,-336.071679758804
296,0.00741881327837609,0.0792166028796259,0.000417093741008846,0.00396941674873565,0.02649915220736,0.000453154999185565,0.0313098984876533,0.0602795778225588,-336.439224030334
297,0.0288558697835784,0.0601713630678391,0.0051885071863067,0.00651357741529174,0.0177746922739762,0.00356114986883948,0.0258673292688976,0.057732096909867,-340.406328626298
298,0.0256161058293275,0.060694055153603,0.00870410797269012,0.000444238069279035,0.0213573317940294,0.0023476194683836,0.0251863229055229,0.0696991743556889,-339.87557354326
299,0.00290329789294378,0.060707342929631,0.00715294758077372,0.000426130591422696,0.0229873745548769,0.00227656668702857,0.0339134712627734,0.0608879249571702,-334.03818148423
300,0.00316459320353465,0.0690650815422931,0.00186731736383853,0.00580269904187506,0.0244735609302435,0.00665354747265585,0.0345162705399391,0.0599295761449545,-335.486733485099
301,1.10115318544686e-05,0.0705494178142449,0.00395567336455928,0.0021605028318337,0.0172239194299241,0.00640902893862499,0.0327969531692862,0.0626059230761832,-335.273189691591
302,0.000671903746235615,0.0550389882296104,0.00193094600124577,0.00461965454654977,0.0182501688353307,0.00243902389139888,0.0325194027031498,0.0647405185273208,-334.75935420668
303,9.71422820930715e-05,0.0784970534643407,0.00207874267643614,0.00997372106055314,0.0170879860584943,0.0134428563808429,0.0445700612218044,0.0766396977874359,-341.450805772892
304,0.00450956278053286,0.0591398912107145,0.00108774874094235,0.00316157565844189,0.0134868777707648,0.013158442319735,0.0387431211340988,0.0456537181897141,-337.668176200975
305,0.00277417286147422,0.0605631521617312,0.00149231106241708,0.00179100287157081,0.0300980538258952,0.00486635290251541,0.0342148798234993,0.0644797714840007,-334.106117590389
306,0.0029861617078929,0.0562008346669969,0.00318332073918961,0.0011741349269823,0.0235350025485315,0.00448960889671177,0.0309814511722126,0.0523178805985917,-333.62688470186
307,0.0100783022991666,0.0506460163424506,0.00178863327857653,0.0188427687068314,0.0211102090786891,0.00444498681741267,0.0261729083849614,0.0492254807188902,-335.250315435358
308,0.00160102455277654,0.0472226026981027,0.00445216482600954,0.00309394658342771,0.022990814829059,0.00384682067552436,0.0294707120339361,0.061350196455674,-334.717166293175
309,0.00465071826581683,0.0443999413994225,0.00112451597106832,0.0122398281910136,0.0222733247251815,0.00223038175785841,0.0270294527900034,0.0506830617777441,-334.778023118334
310,0.00991355707679021,0.0702553192236372,0.000480035613107028,0.0112681671003915,0.0243220110136972,0.0126735181478676,0.022285792345668,0.060472679491366,-338.83776659228
311,0.00613379034083735,0.0651867648507993,4.77205729332548e-05,0.00766568164650496,0.0153550575663152,0.00433011349423488,0.0495011594211333,0.0514886661797236,-338.201060218687
312,0.00677389412669083,0.0651479318597501,0.00186604100789392,0.0205885704806919,0.0159697254332662,0.00897796589893854,0.0469171034935602,0.0615895273890689,-340.193462073602
313,0.00701884559519856,0.0320237135309288,0.00456580756832804,0.0201739098052885,0.0173209337414617,0.0108610188431145,0.0373942339218363,0.0208887667551453,-336.772583924917
314,0.0106706943304755,0.0379992234442245,0.00383422186371648,0.0262179161090872,0.0165543098286781,0.0131241528876605,0.0500954928579809,0.0522546924355172,-339.154808284988
315,0.0119989364205546,0.0444050235946023,0.00236230985730403,0.0161132376229601,0.0154450604220031,0.00461741175828269,0.0413914317292205,0.0523992085787547,-336.498279613659
316,0.00530041234708294,0.0477535930022847,0.00292449167122843,0.0294083451673369,0.0193916769233602,0.0123256736512739,0.0258735509252519,0.0377758979306925,-337.644405923655
317,0.00515619069631135,0.030967571669421,0.00354084806793583,0.0315533402366814,0.0214047656898677,0.0118867172542303,0.0228617362160416,0.0549104473040397,-338.271210849304
318,0.0228863731810779,0.0350388804187106,0.000353313805269595,0.029484149102419,0.02513542242135,0.00711556486162578,0.0148271130721585,0.0644026239984615,-338.567900220074
319,0.0262865541483312,0.0625874685099699,0.000350190366998228,0.0319615649548529,0.0207685298166521,0.00438474066637341,0.0381842940570071,0.0612199620165863,-342.479772753537
320,0.00290640994215462,0.0440183790675873,0.00129129563626833,0.0106143659741024,0.0387993283607247,0.00402198375804172,0.0360888611528865,0.0617541256667357,-337.473589660508
321,0.00409162941181369,0.0534754448418817,0.00314300333397193,0.0197914499869216,0.0130171757072977,0.00999880663597386,0.0308215076613924,0.0304435691842974,-338.28814530703
322,0.0021176669977334,0.0531033109727002,0.000447589462711205,0.0163852095966762,0.0175050584813101,0.00907434338692478,0.0166189344365221,0.0627331942987754,-337.239767287802
323,0.00308825162334797,0.0504228993779629,9.03646679803794e-05,0.00864905137921568,0.0258585149585227,0.00435184247469884,0.0212120390365094,0.0378122820126573,-335.912789142608
324,0.00298048740154113,0.0481408951218563,0.00617132838822638,0.0411489768766164,0.0234558306225283,0.0110517141772342,0.0292221396678149,0.0334784698567221,-339.678024495619
325,0.00424753733203411,0.024890253367053,0.00335314675583252,0.017463116666,0.0159751369227079,0.00215600918094369,0.026260161247395,0.0201904720974441,-338.518653676973
326,0.0093574846515255,0.0308388854637976,0.0179159069666192,0.0179837600254203,0.0129537074048771,0.00195345436478174,0.0339022735882638,0.0495268426578678,-340.832891027331
327,0.012933721144808,0.0282920669141125,0.00726263186144057,0.03833727220509,0.022754932149842,0.0138514816351297,0.0344248862526231,0.0531894565216319,-338.540225712845
328,0.016427174011832,0.00983932683148421,0.00434889446963623,0.0401883258282081,0.0133022438637662,0.0236831816660438,0.0427239776453535,0.0405319409989746,-342.63169917039
329,0.00861228788841549,0.0358606833028215,0.000189142350231967,0.0385171235295726,0.0186734114748461,0.00786856572183483,0.0423040461696116,0.0621325671458801,-337.433902190863
330,0.0168682521586287,0.0241328017236486,0.01257048804569,0.0149941806797402,0.0236513402096135,0.00716255162288017,0.0322132096266918,0.0258986515176091,-338.221251735197
331,0.0228458552542387,0.0245834120655887,0.0155543920913944,0.0386854171513773,0.012344825062032,0.0032224119757183,0.0327754254049746,0.0410188876447157,-340.83976612264
332,0.0252958479977825,0.0194428174353828,0.00366508392264651,0.0507933399996998,0.0224631632905992,0.00562594074511805,0.0347086587571743,0.0228760867648341,-338.457427460532
333,0.0234196219520609,0.0257372864336952,2.97719493723297e-05,0.0664065428360913,0.0211588101611715,0.004529548551816,0.0356699808381389,0.0279995575158438,-339.07661523627
334,0.0162753183350584,0.0195922005617034,0.000978138060776698,0.0382293205011797,0.0146772067771716,0.00518428834128818,0.033919722278519,0.0165697656605272,-334.619216599366
335,0.0192291525004726,0.0283955064680566,0.00170248583027118,0.0215102488889025,0.0158299699248147,0.00519219697148745,0.0361391729450344,0.0263391960215164,-334.513840863706
336,0.012825847564392,0.0228150299720625,0.00245206456039168,0.0338346748477931,0.0151420404712994,0.0115404277029335,0.0232677329599443,0.0198479246199324,-335.334689171865
337,0.00547376886365476,0.0354422894935712,0.00417931811998683,0.0212990138018166,0.0328435862308741,0.0133375033018122,0.024607474835497,0.0351712097513843,-338.698808365724
338,0.0067063809430408,0.026930124986089,0.00889048958620333,0.0312885872570986,0.0248536638151395,0.0122987287735731,0.0305386038846876,0.0107717996238865,-339.767088580292
339,0.0108705751019313,0.0186905982641535,0.00863532276559502,0.05413743566178,0.021679425276556,0.0102904894705416,0.0362988114677125,0.046771265402352,-338.550064411257
340,0.00752553231439768,0.0266342737621392,0.000689049712707094,0.000461309026662857,0.0234950618883029,0.00624912554397368,0.0411275355845412,0.048436361544817,-340.194655309789
341,0.0214540251364416,0.0283474080759787,0.000607590485507256,0.0539356062809908,0.030666211542474,0.00424872298045779,0.0232411835226568,0.0269443120242882,-339.804082657497
342,0.00649487365924506,0.0229827193405361,6.69106993256438e-05,0.0494576623007616,0.0391336521704866,0.00948600625894639,0.0318875079134676,0.0466588883131014,-340.256646129271
343,0.0189388630751276,0.0252520487901633,0.00221942121186256,0.0168677444887649,0.00701286165048657,0.0062692682021938,0.0234589502108871,0.025430313773372,-340.196773475787
344,0.0191181379600437,0.0482752077551748,0.00196975463187822,0.0132955157440317,0.0270171810292506,0.0052700399951513,0.030715640488813,0.0195994811605593,-340.863031389881
345,0.024243563875952,0.0494626272633729,0.00344551001784387,0.0205525922780526,0.0175358806188304,0.00732896475720939,0.0311553860312646,0.0579688306301219,-338.205814460048
346,0.0190031281239097,0.0295128197940142,0.00654731332141003,0.0202804370179627,0.0227834028711165,0.00605386258933614,0.0330213001722948,0.0473587943415455,-335.53046486932
347,0.0133684737340504,0.0248731036294819,0.0109239016229457,0.0294602662051164,0.0173315968476869,0.00276642044221435,0.0295376355553573,0.0213205116506079,-336.680720819261
348,0.0237179803380751,0.0190265912429905,0.0162381335137738,0.0385043298182306,0.0107148748206428,0.0106694478362959,0.0310077544163537,0.0157430227226976,-341.808649071518
349,0.0269802363103157,0.0202114525680316,0.00267126112929375,0.0345072402360877,0.0261133225446538,0.0033572366912143,0.0298270008244866,0.0228573163805905,-337.96944525563
350,0.0152611884525192,0.0249073679620478,0.00236373049719158,0.0385231122578866,0.0114934184398549,0.00539203568312033,0.0270184801806635,0.01591314468269,-335.581010565603
351,0.0158643022846556,0.0227588588312934,0.0020795351442751,0.0237925457202673,0.00989357727033108,0.00455726362732628,0.0256343746685982,0.0321942467511271,-336.526411977978
352,0.0107885468862525,0.0314353863542822,0.00528085225114007,0.0171606730697025,0.0301919857842285,0.00529210930082917,0.0115118399565069,0.0480108246175633,-337.928766232839
353,0.0100744516342204,0.0261590397047209,0.00223763694528076,0.0267686967308815,0.0296053953475295,0.0037811396014585,0.0486420290042622,0.034122469631204,-337.174493208808
354,0.0182816531345293,0.0272015995663752,0.00699072078734536,0.0268842577336136,0.0117063760169184,0.00900034803642734,0.0181408889274446,0.0251863304120764,-339.661037976701
355,0.0161427877940382,0.0256855846145097,0.00492960827864517,0.0172100002405258,0.0147911380069409,0.00457862229588578,0.0300155973416614,0.0250306105371859,-335.3991230917
356,0.0277056554813305,0.0191013586423282,0.000108051551294583,0.0347627716128554,0.0188270287848928,0.00685969061423912,0.0384828981603767,0.0425959591491034,-336.496484931109
357,0.0189026153050095,0.0256389939037865,0.000175104224969837,0.0412497398790411,0.0164887810627208,0.00990656526941279,0.0343310246536842,0.0440691894473052,-335.196588479503
358,0.020255309801916,0.0237841994745857,0.000845364369462418,0.0111029466153637,0.0203966348330539,0.00844218101847848,0.0451175845623901,0.0166578591869319,-339.104674156127
359,0.0203020616318772,0.0265717654791425,0.00394770206663809,0.0338506357517643,0.022121885422776,0.0143550294740421,0.0275125852971753,0.0212109913535874,-337.449184934915
360,0.0080124250551959,0.0285436032362324,0.00605888188993856,0.0214320949186843,0.0221698079549015,0.00566357948535179,0.0242326018221187,0.0775103313678437,-338.841353774051
361,0.01776234877129,0.0275915162140166,0.00457319880784039,0.0139545235202585,0.0176487717388857,0.00430724102903405,0.0396318296072997,0.0155773309639771,-337.471296965114
362,0.0182532668763055,0.016738483022357,0.00623103466062777,0.0369149839965533,0.0351948481376084,0.00723907387478333,0.0328305682162681,0.0162631221249398,-340.961699095231
363,0.0157052265508476,0.0154349643693725,0.00391767027390273,0.0406076760166745,0.0228026488196248,0.0213203916861708,0.0396839190448281,0.0382920202423841,-339.64342425244
364,0.0106909419160194,0.026257549156475,0.00166108325400735,0.0377690402686959,0.0135940451492809,0.0110699360894599,0.0238999522283062,0.0107809298127344,-336.244689732727
365,0.0192986493339668,0.0220470023795936,0.00282717728112878,0.0549473758387645,0.0202404172872007,0.0111809436342559,0.0269003381259935,0.0529390118585219,-339.368133882193
366,0.0120850192544433,0.0196520525568663,0.00118956629273811,0.0402690829231281,0.0126481424303011,0.00937827528020787,0.0258257908878502,0.0121664561043612,-335.722844948878
367,0.0195213505615729,0.0176518802106207,0.000221553925971564,0.0219367484770108,0.0207480688770866,0.00295103080820586,0.0323353817801852,0.0498358071642979,-335.543141818759
368,0.0157711444382021,0.03030003764293,0.00049676922269563,0.0201849178214156,0.0406469008312999,0.00327237642906706,0.0273859416112403,0.0511276188029657,-337.212347795927
369,0.00754971767370546,0.0529075768155929,0.00153905980765626,0.00636804156031014,0.0252483879066114,0.00336847463031238,0.0508445893792914,0.0690710076817438,-337.023083153332
370,0.00733860561033527,0.0493935143801717,0.00174979499812395,0.00262440721166897,0.0201244416422315,0.00528073249165298,0.0479213768786637,0.0581929751035456,-336.251574856695
371,0.0155055184375217,0.0726693944426018,0.001739914758072,0.00169084494204761,0.0347557142225716,0.00715991441558517,0.0393758511510169,0.07611628391016,-339.952654236216
372,0.00767459773728257,0.0393624365115256,0.00111853044718579,0.0089576565956494,0.0286680464896772,0.0042076306539073,0.0445237506857337,0.061614830408887,-336.983159727237
373,0.0144552841966791,0.0468458133286449,0.00229377405835742,0.0106061621244698,0.0236184883176422,0.00243366343581363,0.0216687542723604,0.0626741729482397,-336.235530728602
374,0.00266061576217074,0.0475579981359325,0.00229705222338251,0.00443577291261945,0.0353903779303812,0.00397868427081869,0.0439972718585213,0.0537256065156912,-337.195032656615
375,0.00433567610682498,0.0495605335253235,0.00211684182229013,0.00665776839677215,0.0349026228753568,0.00375440429811975,0.02471202928101,0.0413631675692423,-336.770595398945
376,0.0042604889763061,0.045152724589824,0.0042701113758561,0.018335418733623,0.0269801673773237,0.00368035967122473,0.0224931479412623,0.0422491602597164,-334.7823984814
377,0.00444461404588595,0.0526003383649648,0.00522495616916319,0.0183508349926375,0.0274579703625898,0.00508279056462676,0.024236763882588,0.0638242975390673,-336.288280134617
378,0.00558746117911742,0.0541203099242247,0.00281693536071772,0.0114508388175773,0.0130522719476512,0.00503505283680351,0.0367018282944755,0.0676649563324264,-337.461412186816
379,0.00173353032038237,0.0526629310726131,0.000876636933931826,0.00969809990157728,0.0114606981880356,0.0139669475474093,0.0320501112054568,0.056659964132615,-337.833149520179
380,0.0243451365252333,0.0391127178324468,0.000406916131308863,0.0174464317397394,0.0227055590247275,0.0155223872542428,0.0354683452917977,0.0457852269342239,-338.298753183325
381,0.0234548884370247,0.0390644721887321,0.0011667279370257,0.0214261792182767,0.0121490051852121,0.0139723625459503,0.0277756837418852,0.049823544183875,-338.055561313609
382,0.00837814106613638,0.0223051792363322,0.00252801467425206,0.0331040919265877,0.0287893367094959,0.00400263619510912,0.030098526387196,0.0505452761882466,-336.055821397092
383,0.0152983639648207,0.0220407025999358,0.00108378517384717,0.0356657484616345,0.0180173741390796,0.00279971697458855,0.0322947218112204,0.0307172328381493,-333.751218849956
384,0.0129475244779093,0.02308328679559,0.00677463101518943,0.0239820355893302,0.0221093086767613,0.00907052282987466,0.0408086869034319,0.05838961244843,-336.964166369054
385,0.0298470162698252,0.0236182714711701,0.00548862510862855,0.0245039415265095,0.0139484528012298,0.00867962059527116,0.0422221824598315,0.0653380785096178,-340.543084085641
386,0.0166123068410705,0.0247910268351408,0.00296920068662372,0.0245942980709633,0.0164324999026227,0.00322501013657883,0.0211309680554483,0.0532192625305551,-335.596556464697
387,0.00874240980891568,0.0219417053699846,0.000551902146189504,0.025505930314377,0.0144955293215296,0.00678549789961479,0.0391092610630733,0.0393614196962711,-334.535282642289
388,0.00949749722856283,0.034356899750344,0.00104102377029284,0.0145028828237498,0.0270916668739842,0.00286398375338537,0.0275926257773628,0.0497362894397952,-334.901218175915
389,0.0240298984446028,0.0352961050436614,0.00219757683534857,0.0231176604542448,0.0197586854059303,0.00872069707109902,0.035592530585253,0.028566054126307,-336.679422380134
390,0.0201777430168553,0.023687662796563,0.00508299306682753,0.0237649546692635,0.0218000016931709,0.0057976081510011,0.0375786585946605,0.0505229243325349,-335.739103450676
391,0.0100940937751275,0.0240241757208838,0.00310669918902119,0.0367653402151419,0.0191771870794954,0.00354787574503249,0.0334543822509089,0.0342335755861546,-334.283887765447
392,0.0165002150888604,0.0232841213053887,0.005262008153009,0.0446170019607365,0.0162893235172653,0.00375583093693959,0.0365722901694268,0.0287549468044151,-335.735164223706
393,0.0131175982500417,0.0179400664786321,0.00224992496028279,0.0569917261614205,0.0234621337463538,0.00967443460436697,0.0371447219496668,0.025777087657742,-336.70605182111
394,0.0121276852927184,0.0166744433307808,0.000602774537092531,0.0519366794345511,0.0268302644385528,0.00672131933458566,0.0384002653065003,0.023122484390366,-336.240243128914
395,0.0147243414052974,0.0259929569183306,0.000118348160016926,0.0324275198831715,0.0226746201471933,0.00345636510135858,0.028373146107766,0.0202951918510493,-334.08967082019
396,0.0087606399586562,0.0429354448557698,0.00525287221957301,0.0109560636065828,0.0237544117762635,0.00330599527655163,0.0326271606517982,0.0279305233334186,-337.903240204301
397,0.00579948769883381,0.0502238612595521,0.00525681587672282,0.00837478986320268,0.0199119647433717,0.00575037350552212,0.0222223329329108,0.0659732108788112,-336.553226476755
398,0.00571168134477457,0.0523086295533331,0.00570236112854599,0.00586014166019608,0.0208392830004509,0.00139844545381568,0.0489658149294927,0.0626475425990668,-337.430539049828
399,0.00371438151866817,0.051162938898152,0.0059837308404036,0.00379653737063585,0.0405132552454204,0.00226366017606634,0.0307075884706288,0.056015093427018,-336.828529195784
400,0.00523478969674535,0.0592074160866132,0.00253315464348254,0.0206164745695378,0.030426428972025,0.00851079493340749,0.0309264482372159,0.0408385319249136,-337.647231594168
401,0.00712309930078731,0.0244643853264144,0.00194853112646261,0.0208143266448599,0.0155256104089006,0.00501952317418568,0.0291244871373008,0.0167060290506302,-335.298149799693
402,0.0105696655197397,0.0274738194001743,0.00295860480844313,0.0223044155694565,0.0154634519238582,0.0152204306145999,0.0271331481017495,0.0208211752332002,-335.808730993703
403,0.0227973254951941,0.0297792433693501,0.00483244050880307,0.0249365834202666,0.0203542189823864,0.0124631755841427,0.0270116520209241,0.0350011258572543,-337.277959728572
404,0.00551869665502647,0.0304064226924105,0.00256498501386116,0.0189275886912842,0.0291590137659268,0.0129755762460983,0.0353422948546505,0.018737985964928,-339.195157947572
405,0.0160907828793987,0.0278576568609286,0.00303342608038019,0.0194499745411249,0.0227657925387934,0.00513883753324599,0.0330381292019783,0.0485931141203791,-334.219609339514
406,0.0150106189973232,0.0306753434953434,0.00569658424598145,0.0172620874936861,0.0192246683857266,0.0032609277092912,0.0338680357852469,0.0589808083561779,-335.582484240271
407,0.0141327845874104,0.0345149278815275,0.00640071959575853,0.0151914327196246,0.0257316185681037,0.00500514791741765,0.0155657879543284,0.059499155835235,-337.164078734865
408,0.00162654427258887,0.0359597924645373,0.0033030203318769,0.0215346589118913,0.0294001502945552,0.00152390748599255,0.0433954601836623,0.0417902806441045,-337.607515441229
409,0.00797158442307106,0.0237598690548851,0.000808013176647508,0.0454760176225781,0.01381459323431,0.0198511405407033,0.0356510377132107,0.0360533262164149,-338.021023990772
410,0.0134077622038142,0.0248654222523807,6.89862925157286e-05,0.0227013839534075,0.0198660325271454,0.0121778706669455,0.0398375630468293,0.0329008571777335,-334.455926888823
411,0.0116369755390648,0.0260816103539691,0.000941448005101481,0.0366448929771242,0.0170537930427338,0.010405645578334,0.027676308668338,0.0366514126398529,-334.52685463535
412,0.0126513737392918,0.0339348556681386,0.000271172925130404,0.00724563204319454,0.010593883521247,0.0116104781072134,0.0293550422883915,0.043304428053997,-337.141428401563
413,0.0154778765582863,0.0381744389171741,0.000305761897432401,0.00760535634500027,0.0240157013825052,0.0081919407231071,0.0298634965846324,0.0805904629629236,-337.40644446259
414,0.0181936480839501,0.0596679178588673,0.00735274888219057,0.00442813560487682,0.0266117537779253,0.0105437272597219,0.0245730127711324,0.0381680546577616,-342.540385827593
415,0.00983234708362015,0.02252349372748,0.0100858619896593,0.0658518265717386,0.0242236675340091,0.00691219550609314,0.0512945800954325,0.0358463205363168,-342.04520498403
416,0.0139194345543608,0.0121643618140176,0.000634343514330658,0.039481563455703,0.0208729453927082,0.00595064855212618,0.0277906116071775,0.0406592349606652,-335.360181949309
417,0.0142476489133693,0.0123063147280707,0.0016553129399544,0.032317264477334,0.0253936907064896,0.00606185022388489,0.0284030813976441,0.0413053602027454,-335.700854365803
418,0.0095668275300074,0.0566304721424284,0.00195962381061956,0.0245680724257191,0.0251990800201565,0.00932044479720868,0.0250122334217733,0.0705061923750144,-338.667138061624
419,0.000285379178940998,0.0392869579418077,0.00153152590203363,0.00522625765008299,0.0180766607396688,0.00644721724731846,0.0286782957139259,0.0439508335993847,-337.870181575406
420,0.0234642516708893,0.0373309708643168,0.00293057646152059,0.0372416784288832,0.0185637456330057,0.0140662030510035,0.0363462417590723,0.0328890093849887,-339.035403760139
421,0.0231092837781857,0.0240751934699157,0.00324060812095867,0.00772602959777766,0.0202938393955508,0.00788268365771634,0.0280245492622618,0.0177444063624669,-339.076631978081
422,0.0179324928076132,0.0313857755109229,0.00303978095130504,0.0110938810281679,0.0165142143795749,0.0116427063038475,0.0331898667216843,0.0377772280702752,-336.377629827851
423,0.0144855929875428,0.0269467205458618,0.00446219623764172,0.0107029594278135,0.0135449873292322,0.0102337119460808,0.0340081995903374,0.0573366152492784,-337.560115720443
424,0.0145912076271661,0.0349394103643865,0.00363335925550133,0.0163028083703093,0.0154458110803853,0.0066768304665196,0.0434023643905077,0.0449790470369838,-335.965277976256
425,0.00307225410659751,0.0453631692756465,0.00305790259040567,0.00474982380031507,0.0365829159611918,0.00824117644488688,0.0391706991644859,0.0777101253677061,-338.975366207515
426,0.00606715059895892,0.0616258922873319,0.00412007848962031,0.00144304765461827,0.0317822853943255,0.00815469423393498,0.025980276946666,0.0471492039774413,-336.932710273082
427,0.0137770130773836,0.054682889190451,0.00227578156020377,0.0232610777479752,0.0274798101172366,0.00160356457256401,0.0113969628707725,0.0449826004314454,-339.466584796414
428,0.0182569231124614,0.0558669041861234,0.000127775842085558,0.0223102472401757,0.03156276366042,0.0107216568917136,0.025249339329979,0.0687601759234925,-340.426412287365
429,0.0191018103951044,0.0276943407744475,0.00389906357219794,0.0235189253528506,0.0121828797571759,0.00974348114228693,0.0171246202108817,0.0438745303426291,-338.015198761964
430,0.0218121581339094,0.0240583403887332,0.0020872876183308,0.0238815123454311,0.0286055569923273,0.00385337967415755,0.0439162931417343,0.0512676216821691,-336.842414320047
431,0.0232714796100931,0.0388789162627757,0.00157895590413054,0.0116627157935784,0.0358975592419025,0.00332405866261594,0.0281354761004728,0.0550371529689803,-337.779344784667
432,0.00450513081438217,0.064211510538402,0.000837264428795854,0.00341836040495023,0.0272597793660094,0.0191159206682837,0.0302097878707182,0.0529320713230466,-338.982991676802
433,0.00411966713209631,0.0473209214667791,0.000199277374497163,0.0257391162890482,0.0293356722830599,0.00503395479334397,0.0252308880981539,0.0367784316375399,-334.730528711447
434,0.00706923338851695,0.0373572890570506,0.000847178845352466,0.0337625665202896,0.0226578624555654,0.00446895367555372,0.0232985122883735,0.0346287807058152,-335.311036954068
435,0.0203464888469482,0.0365754527437639,2.03441672161467e-05,0.0231133587108403,0.0175721687097916,0.00444360396157222,0.0228318556805877,0.0368540884647395,-335.26986818687
436,0.018077615187279,0.0399823406412574,0.00300962009699263,0.0183703315467752,0.0211583267567804,0.0145253871356212,0.0313205306796667,0.0445434054348561,-337.273491966467
437,0.0198027886726123,0.0268035061135862,0.00320932777562193,0.0339589020623561,0.0180786498808543,0.0157328849457211,0.0333169486617137,0.060381665093411,-338.451099044278
438,0.00682019400305783,0.0240366067385325,0.00063095008685922,0.0317710979540664,0.0145807368132786,0.0105879427402448,0.022978718382872,0.0464036603804435,-337.426540238734
439,0.0122838599451561,0.0227532940427919,0.00155939699220035,0.0222158450177414,0.0267681852287561,0.0119222588723525,0.024319435581374,0.00599168524665937,-339.743874699551
440,0.0127043515392735,0.0289397100872446,0.00120940896644092,0.0628019009086173,0.0232005503696614,0.0137535574861152,0.0374677163703478,0.0725946554395664,-343.039441367159
441,0.00742368264584956,0.0300785704548488,0.00112895789212329,0.0014118006862742,0.0190942000906319,0.0129351509620845,0.0437282679874365,0.0268473495670699,-342.21447703173
442,0.0156133283880499,0.0390762662667331,0.00198249260547651,0.0195504022676164,0.0121690404582229,0.0144727657298379,0.0397762141925871,0.0165985674292916,-338.889518282457
443,0.0181199527126268,0.0226336995001516,0.00357609754808959,0.0366680707131078,0.0150751464612711,0.0125863044764614,0.0238812398554669,0.0286530954447759,-336.652194891723
444,0.01234485649624,0.0284952979907258,0.00287439618381867,0.0521151727327734,0.0140337990339883,0.00356619558425157,0.0280405158040248,0.0288276066596911,-336.775828210252
445,0.0184652052246582,0.0229308352639461,0.00314473737454269,0.0643053172463591,0.023720889230447,0.00410112029831311,0.0413171019446218,0.0288489369957928,-338.827337166875
446,0.00874919728254911,0.0114348940315297,0.00479772711367298,0.0203522053937405,0.0233326264487315,0.00358843215132269,0.0231568487140077,0.0324700514186664,-339.55851117629
447,0.0125335154403801,0.0542908553101586,0.0046526480788524,0.0121668845733696,0.0351953823614032,0.0020803551285831,0.0202801673072905,0.0558759421207344,-338.024884020626
448,0.00792469354346457,0.0519609995118183,0.0032237975081541,0.0270467838385126,0.0363818227329465,0.00601534711005244,0.0284545896387683,0.0507193796174076,-337.843579202789
449,0.0065863691301137,0.0648854130464533,0.00336909230003288,0.0133870844570389,0.0301879288519394,0.00437100180201738,0.0385514376841945,0.0716965492143126,-338.076996280798
450,0.0109644266760633,0.0505073054717579,0.000801368799521083,0.0183172035391067,0.0278569912727327,0.00316071408954326,0.0222805168124525,0.0392487114712664,-335.847464203187
451,0.01738248215268,0.0421163778178974,0.00205766918117737,0.0219852598132586,0.0190385615520734,0.00430301081735461,0.0210513357995348,0.0531159170290138,-335.465559054855
452,0.0188704448790437,0.0208361199822124,0.0044864454703075,0.0256194951733226,0.0282436041513162,0.00285524375069539,0.0360669800285008,0.0358359660573821,-335.941892867777
453,0.0186420989197324,0.0281081950181006,0.010101521409881,0.0326745743728215,0.0126545886723704,0.0170649743893117,0.0396762622420213,0.0235954802528254,-339.764926948883
454,0.0112492575771336,0.0159973518557834,0.00556749185104057,0.040601348624192,0.0206692330899776,0.00364870782696169,0.0268276748212747,0.0373944009212764,-335.892742821838
455,0.0119603575474844,0.0242263686561331,0.00688038528985913,0.0506173378647434,0.0194177348696786,0.00716125172925469,0.0396858480508573,0.041558866208719,-336.964060098479
456,0.0143705326591972,0.0262436070316357,0.00845918037733574,0.0311193612230074,0.0154293773395925,0.00584444957737077,0.0285162693258552,0.0299466547264369,-335.560540288758
457,0.0135902369508462,0.0227361315375307,0.00874329554659468,0.035452698867235,0.0157803665599713,0.00942819171495139,0.0351212109716657,0.0200461338161302,-336.116334160356
458,0.0269943648666364,0.0388626247776988,0.00425450340548354,0.0221097022498111,0.022325041207164,0.0143154302670545,0.0302195463030145,0.0225598637713716,-340.714341668066
459,0.0101372939642679,0.0290210907660847,0.00706828958327147,0.0352438802687197,0.0148435276203208,0.00306556714287363,0.0402888052984161,0.0153415624687945,-337.677403484868
460,0.0122857498412821,0.0168505795343382,0.00818421085252874,0.0383794569222854,0.0164141083318116,0.00357208203973694,0.0254410235307233,0.041351267917073,-336.965254660263
461,0.0116893350167018,0.0205670003872389,0.00435054957523219,0.0375097430923117,0.018477509897997,0.00606378355511294,0.0424860823306152,0.0503658171314211,-335.612616168846
462,0.0101891110884093,0.0233521939030074,0.00635330748374905,0.0368764834283868,0.0206663812705925,0.0135899500141364,0.0357419440448344,0.0496157079685651,-337.37222500518
463,0.0146920203232406,0.0268383526806945,0.002366404347974,0.0190337235552468,0.0224638667028745,0.012820163430498,0.0217452526600371,0.0278301562104816,-337.042427552415
464,0.0256264548981555,0.0322604189449518,0.000976349430651767,0.0204890652039749,0.0137302324594878,0.0121267541531393,0.0359277848321801,0.0323686283254336,-337.155897227228
465,0.00574354997521611,0.0374740726772699,0.00309872941675556,0.0295584774609284,0.0202949505033943,0.00383885809653636,0.0253700073305907,0.040615408186489,-335.398548561148
466,0.0280014048408257,0.0194256455320571,0.00531077417654195,0.0375188541465078,0.0343151474509218,0.00429673020669252,0.043223086543584,0.0404200614154245,-340.972371226941
467,0.0156999601637624,0.0324939418509252,0.00610180787031671,0.0280329322898701,0.0358934308220922,0.00739636295465996,0.0123179885371618,0.0547432379289448,-340.117210041969
468,0.0161968932776256,0.0156950716998838,0.00675132258614292,0.0333401899803948,0.0463044819290157,0.00617350774281578,0.0216386668324486,0.0453332091566747,-341.867006696888
469,0.00790976160729709,0.0369164632648176,0.00290023056844393,0.0124918872428294,0.0220412742972635,0.00424924828314332,0.0139729238215578,0.0473830204433511,-336.67654503842
470,0.00614489207920014,0.0497667883352729,0.000713623967355857,0.0157412327962416,0.0231491204358215,0.00278777759509385,0.0261096402458088,0.0555691368388875,-334.438151885306
471,0.00498356175726141,0.037209812648735,0.00078425035115584,0.0164042998932717,0.0164017298644014,0.00839632760401907,0.027056183437519,0.0339562061432097,-335.851686868088
472,0.015209651982184,0.0320017648150499,0.00222456691708246,0.00980328209894625,0.02189284618823,0.0094680881577583,0.0222380075383318,0.0556114700785045,-336.420188130837
473,0.00632629808996945,0.0278753181295445,0.00123368683219757,0.0448937418688528,0.022034591602306,0.00237390059577655,0.0253199695842298,0.0113659944558691,-338.483807250627
474,0.010516388318502,0.0206720688118852,0.00495519788114841,0.0486371158465728,0.0215993040542017,0.00534200422670242,0.0354278932399388,0.0459675993946122,-336.216449153048
475,0.0171546880932969,0.0218811425700072,0.00263772934825236,0.0448338610584433,0.0231683690798707,0.00885692285993782,0.041039681655548,0.0410217167192998,-336.069515389271
476,0.0194319874466573,0.0268475016340208,0.00274607070070453,0.0276686515572161,0.0210374493539207,0.0155786684473961,0.0453263997198234,0.0431200597066726,-337.854054104595
477,0.0243537119203672,0.0261355069642857,0.00413980075532138,0.0253993103225983,0.015596301417684,0.00816290019577535,0.0186337221071578,0.0424301474251317,-337.434702677237
478,0.00559264059687996,0.0376310090965127,0.0115597324001428,0.0253145263896378,0.0134222946867099,0.0086846242760017,0.031771908488259,0.0224832276102056,-339.141627670851
479,0.0225588301491886,0.0206375686116609,0.00690082920995314,0.0161694981247917,0.0138461252448974,0.0102881898026843,0.0278905594653689,0.0387739711770551,-338.027145993368
480,0.0210613638075586,0.0114186831808815,0.00365943433304476,0.0277106526882657,0.0222449119109896,0.0164420802495246,0.0261851854778667,0.0219131516576016,-339.970922286427
481,0.0176346610316594,0.0149249458941608,0.00122461991496556,0.0569548760598868,0.0219632509142567,0.0118218855660919,0.0330094349661805,0.0378397766499364,-337.42425689905
482,0.0201899563701586,0.0209734290575006,0.000537154704314613,0.035952662575568,0.0171100140019262,0.00866267486922186,0.0297702995038668,0.0269121482446307,-334.446553644719
483,0.00805570282621713,0.0155216310919708,0.00133390587570805,0.0323517569007275,0.0161900684078356,0.0106101983429543,0.0378213437330215,0.0373694556342328,-335.83781898688
484,0.0115842066695584,0.0313752034106181,0.00448827300128077,0.0125908747842396,0.0134751131575258,0.00348104797609044,0.0201446797278206,0.0583441728001889,-337.601474624017
485,0.0206445702341683,0.0447161467047532,0.000156993071936191,0.0112877020733053,0.0262862836237254,0.00474716422579745,0.0387171809171815,0.0752564206332742,-337.359787109513
486,0.0220920557745293,0.0515068776531884,0.00101578250942373,0.0169573835720966,0.0261011950758363,0.00683962424515059,0.0346947653488761,0.0448924941153582,-338.004044575977
487,0.0146064120690274,0.0170919780397526,0.00113926383649377,0.0235308838902787,0.0123931211066834,0.00421202467344894,0.0321618259914005,0.0323238987731056,-335.382569616993
488,0.01291747851729,0.0271608721284518,0.000406322730195993,0.0401242231908258,0.0265767490305722,0.00293744736340412,0.028715510834461,0.0439772057188349,-334.996705792851
489,0.00880374587811527,0.0286890638961854,0.00271639427898147,0.0360617775493831,0.0176890308572361,0.00555930238816537,0.0329239780166369,0.0413287875640219,-334.88127071539
490,0.0215558241881281,0.0248991125220019,0.00719387789653729,0.0314186787127822,0.0230420166044646,0.00346606737211474,0.0265975770577507,0.0447910821279121,-336.263688398028
491,0.0153911826519758,0.0182812395074937,0.00249963194689073,0.0594838178795735,0.0151310072815153,0.00510599325542422,0.04467507968292,0.0319439623147747,-337.394361901391
492,0.0104044269181392,0.0192259433498571,0.00281168491611745,0.0457708057677626,0.013590639345346,0.00571422669687007,0.0293997825074575,0.0450704578949235,-336.274559164815
493,0.0135033178371092,0.0274516770390163,0.00257749318536614,0.0153881217881468,0.0283765385089578,0.00119365906959619,0.0271530614457548,0.0496403869193385,-335.796511349973
494,0.0116850698069759,0.0424851652475351,0.0019776842723747,0.0210050556570352,0.0247330418924462,0.00370307863587079,0.026574744759618,0.0372426894083795,-335.150039055011
495,0.0120498345412646,0.0159456729652482,0.00428560617688754,0.0255081681988262,0.0178868427627282,0.00515440397882772,0.0336527178298813,0.0320149224805932,-335.0836428242
496,0.0118106085093946,0.0381504107879886,0.00680434645212977,0.0169557795372301,0.0169680059532144,0.00871339393840152,0.0227770630545137,0.0520918266191912,-336.543874468419
497,0.00730875691021814,0.0364267023539132,0.00131455292471023,0.0166369781920458,0.0196713915324698,0.00572714906686514,0.0525139858999526,0.0541974884775157,-337.543926737826
498,0.0210443542739251,0.0206677889200721,0.000333672177832334,0.01451351937305,0.0248627735545969,0.00711400397231297,0.0514975114560622,0.0497620456776911,-338.571390810822
499,0.00818887133230756,0.0580846879288049,0.00981057998794611,0.00163624318809089,0.0262186826177164,0.00288193204246936,0.0512724479243539,0.0583588949275608,-338.722886728068
500,0.0105168669713198,0.0540668541518997,0.0107664529214701,0.0025009394906645,0.0232921337214089,0.00723697448576633,0.0457569437200457,0.0767983922481222,-339.812811475938
501,0.0113860297677044,0.0515529820865139,0.00962001614665297,0.000392985831034091,0.0214463455941765,0.00846905374877583,0.0251382032815912,0.0496035808963666,-338.571575486155
502,0.0108794872206544,0.0547641284476952,0.00322808230247334,0.00311898304277623,0.0148338952180117,0.00160159806935059,0.0344912788997368,0.071277598435131,-337.011142412729
503,0.0117045722233985,0.0388478258364786,0.00266418657207919,0.0372775036418385,0.0171601340612027,0.0110221553498312,0.0265855075165185,0.0283889710561977,-337.204225634837
504,0.01525160324719,0.0152612882257995,0.00749588203475167,0.0328133289827613,0.0219486268869961,0.0103262440090987,0.0306986544903304,0.0481358865046468,-337.202029807882
505,0.0113333517603594,0.0194513897609162,0.00479348097177265,0.0149070920126165,0.0200683371093676,0.0101996697528487,0.0329529459992247,0.0258263207171403,-336.898330028552
506,0.0243032114713677,0.0235090804621076,0.00346876067430189,0.0192763906844941,0.0200405995327666,0.00412256638081991,0.0365267313952006,0.0273793031274337,-336.376839957481
507,0.0333079174712965,0.0197710969827056,0.00757166857673216,0.0125978597079563,0.0233815950086925,0.00673885987168632,0.0393259977922059,0.0441260499043683,-341.123141003916
508,0.0200610979033254,0.0380896680383497,0.00635545302373816,0.0203887228711443,0.0200176386167368,0.00341324583974576,0.0230012541819061,0.0501798101472435,-335.892256340644
509,0.00260274746262805,0.0367959267102958,0.00685677641218081,0.0277907200362599,0.025607387986981,0.00448397418033445,0.0304990853726322,0.0207786276904348,-337.861550781492
510,0.00305532482258854,0.0427167486150212,0.0113488034945916,0.0277768859850192,0.0258040592219599,0.00846287774541661,0.0376459049476488,0.0493067075099527,-338.422396962825
511,0.00744619928238821,0.0255413517231907,0.004423005247279,0.0281526081288957,0.020222553933497,0.00721165146578674,0.0226568713592813,0.0148038779958234,-336.706555351016
512,0.0128909145894611,0.0277424791119899,0.00528043974473504,0.0315176900518859,0.0218991094605882,0.00749802351588395,0.0250618251176389,0.0261521305390837,-335.506227247041
513,0.0108533912222733,0.0329075577290058,0.00450126642797043,0.0220330543289948,0.0167740110871917,0.00563150376240065,0.0385793439001875,0.0204301166570767,-335.627981508972
514,0.0127336751678497,0.0202990973315109,0.00327395535450373,0.0334675342715089,0.018330760148688,0.0115634919194312,0.0357316537359586,0.0510854478078701,-335.683404658471
515,0.0132521627068557,0.0212274413227229,0.0060627664448835,0.0368478203679677,0.018335690749363,0.006992009227838,0.0207852615580137,0.0446460674588158,-336.62371545335
516,0.00967153909560955,0.0277861739857492,0.00529360880401441,0.0169750470367571,0.0362252270867723,0.00603954511341068,0.0324600703708069,0.0311603803111889,-338.315848745365
517,0.0100000700185201,0.0322631813057475,0.0046175121660964,0.0291674288798537,0.0367634087722571,0.00534249887146772,0.0278020633888694,0.0666874468496804,-338.922635304438
518,0.00702311535219843,0.0442074623805277,0.00527295602861926,0.0277227642303545,0.0259130124713497,0.0078112516716368,0.0294766449101964,0.0444844117655067,-336.501625898202
519,0.00415655563469777,0.0298943004463944,0.000635204123316186,0.0222665109257144,0.0165075650023024,0.0137033678088298,0.0470012600897855,0.0402733181224914,-338.407029507447
520,0.00494583802794382,0.0436713352833526,0.000129086581223729,0.0128966764847802,0.0218060037441826,0.00454318029225673,0.0380326508788862,0.0671755885464071,-335.353207342107
521,0.00443603453522203,0.057648526736697,0.00124229213824877,0.012309841329597,0.025920581151545,0.00701313051470522,0.0220438503069295,0.0589746178410892,-335.402177029318
522,0.00673240667559373,0.05765569981402,0.000375277128494143,0.0145768536382343,0.0259797716381318,0.00559216129414507,0.0295950108142958,0.0621523889034032,-334.97300650951
523,0.00243399364620617,0.0420312024242222,0.00325827203848321,0.0101585796382526,0.034235149356656,0.00042553639207524,0.0187900815125264,0.0488713682378452,-338.049429087727
524,0.00611665623213092,0.0361920400163265,0.00157932236230154,0.0126678621296153,0.0235062930545387,0.008305339569145,0.0239293314141512,0.0411530923981018,-335.94536121465
525,0.00650032567811587,0.0544808735513909,0.00365126873359625,0.00767189833361864,0.0178192881935884,0.00885680222479526,0.0320173612517184,0.0535276143148705,-336.162153054732
526,0.00662838062315817,0.0654169804762238,0.00272868975981639,0.0031905912625975,0.0220269583519156,0.00242866893770557,0.0236329894915117,0.0491172024270699,-335.332020284457
527,0.00633775691764192,0.0545026661810498,0.00109529439202881,0.0319599215483594,0.0203550887248096,0.00250942082760787,0.0284027556503703,0.0484984184639783,-336.308221880285
528,0.00626948728898495,0.0278643843881411,0.00797423895597597,0.0324299958258169,0.0177165985233481,0.00815710774779367,0.0228266244842254,0.0363134404536994,-337.738346858532
529,0.0146638353343107,0.0293354291199552,0.00301139814544435,0.0341393502863431,0.0188287862202118,0.00311712928764571,0.0466193293347023,0.0445086062572587,-335.981332812593
530,0.0101604885481301,0.0230537154828775,0.000496257231230509,0.0216463534681343,0.0204456538815742,0.00951765259263582,0.0395170605572225,0.0428296348559967,-334.698911559799
531,0.0207217662710694,0.0281898923225715,0.00030149562221792,0.0236606269819447,0.0100176950687048,0.0100765436551581,0.0322008051863179,0.0371105627511141,-336.256621029102
532,0.0214650100777978,0.0172822466363547,0.000291559903863275,0.0325197140122563,0.0384757455324714,0.0103160854955021,0.0276955460140669,0.044601952749565,-339.50202561436
533,0.0122138365642291,0.0271406949887263,0.00331132704573249,0.0219253341961393,0.0304427405849435,0.00113125876771054,0.0346797231658363,0.0373365786781228,-336.235247231797
534,0.0150594442984343,0.0242629245147194,0.00151717900510747,0.0222496838126323,0.0214380327166936,0.00877639291560643,0.0342855240808477,0.0328178560659274,-334.048648518134
535,0.0148025940795085,0.0191302947783317,0.00472515576672686,0.0289161290123147,0.0145774884754605,0.0035275961470256,0.0345894382802434,0.0388047873331417,-335.164141959863
536,0.014424051875408,0.0300184895510694,0.0056262150058645,0.0235722174599628,0.0120469899147116,0.00793952010328047,0.0443632944775706,0.048893663006616,-337.183070587506
537,0.0147066535266378,0.02553637658065,0.000948577552789705,0.0169609175782615,0.0251316086537694,0.00545177005284911,0.0265735906716177,0.0459794178933218,-334.41415323524
538,0.0103965010716637,0.053188939779534,0.000115370883565984,0.000444279924644649,0.0195844025312919,0.00688222453585191,0.0288332711619106,0.0660486015621224,-334.229500287704
539,0.00446122582981024,0.0646098426889593,0.00141991052620569,0.000533420406501615,0.0310381981612501,0.00816226975573876,0.0407713626369992,0.0719014746922646,-335.737785353222
540,0.0106171267381399,0.0504065466243122,0.00239702709399145,0.00380328633411591,0.0165545500236803,0.0137651985599834,0.0253610643166288,0.0598396367305166,-337.919636615677
541,0.0196168542309379,0.0390970901327909,0.00344712486873623,0.00273846304836923,0.0128029486989638,0.00772380398784186,0.0412793300080879,0.0384539668088858,-339.593259469131
542,0.0169033054099671,0.0367824800748866,0.0102329678030132,0.0366177858290238,0.011171026175625,0.0102922479014388,0.0284478050487914,0.0226587887461333,-339.622765618908
543,0.0155793186921016,0.017821085270807,0.000849535303171375,0.0269776853334828,0.0117826550681055,0.00508479815494294,0.0329183859958213,0.0334527829682367,-335.031991840425
544,0.0141860596956887,0.0329975567144823,0.00126431580699532,0.00350374202633172,0.0357771038730397,0.00223698455488863,0.0298517406800193,0.0725754122826671,-339.270828968895
545,0.0224079395460078,0.0430822489494026,0.00126333504328878,0.00604314548666628,0.0118356625175957,0.00640174216527416,0.0223285019722874,0.0720027457976521,-339.084187635362
546,0.0188048715253235,0.0428682406887873,0.000608878117629814,0.025505607151924,0.0237793430434939,0.00488774542981112,0.0500215990972993,0.0354024765518313,-338.733582094029
547,0.00965578684997741,0.00799502038030835,0.000217018563941018,0.0381307469843313,0.0179104247777601,0.00217158642210411,0.0432305570877234,0.0538416530494725,-339.738292660096
548,0.0171117361120324,0.0405123043314135,0.00023396957348318,0.000408821113803947,0.0155067896562693,0.0108186230072403,0.0247821381767815,0.0652793095870007,-336.7213649284
549,0.0266868590387517,0.035987212144894,0.000591203606398061,0.0243473958532188,0.0110390878403435,0.0114766103690969,0.0374817027697934,0.0262725239449546,-338.814482965342
550,0.00130168457459707,0.0392232727204349,0.00495120227249766,0.029250293162779,0.0222828222392999,0.0122890342743365,0.0283606267523695,0.0233812170115896,-338.395753527206
551,0.021500880781401,0.0254643898712883,0.0107584618543521,0.0205156318842188,0.0146430376472203,0.00563823268801314,0.0253118422305636,0.0188371152233297,-338.09725084266
552,0.0156248577379984,0.0277561834917907,0.00225871530670668,0.0406595048528502,0.0224506177834933,0.00538903465015135,0.0485368032993074,0.0403630318342531,-336.526665454567
553,0.018244787698889,0.0285118667691695,0.000202831699420582,0.0513698187013635,0.0220505983918325,0.0045359247242451,0.0325819350377208,0.0370151293857207,-335.821851816933
554,0.0163577992925342,0.0221476647853075,0.000876233481376951,0.0328403820346666,0.0133094752710633,0.00635068659946627,0.0347614360634234,0.0247434991062747,-333.895848446469
555,0.0213066458258598,0.0288430916329476,0.0092005635292138,0.0197366197815425,0.0228137435473931,0.0247541211560025,0.0286942522152354,0.033152687331923,-342.4611670736
556,0.00321762811233886,0.0408741295552226,0.00117799161223735,0.0230484973881011,0.0245752088511759,0.0234330445444967,0.0411520144916365,0.0278634663525957,-340.890951244771
557,0.00435368161555735,0.0455914415255467,0.000594802272781648,0.0350965860805227,0.0112675993681576,0.00457154460112887,0.0226187389481017,0.0311008967276724,-338.966125847287
558,0.000553545975717224,0.0321063652455505,0.0035390210147513,0.0386388526911135,0.0330675953882263,0.00113524465053908,0.0435556973786915,0.0491368692108138,-340.965752999999
559,0.0109762924951737,0.0252167173175324,0.00101900363858245,0.0413072620426486,0.018328736104066,0.021549320293175,0.040113520978368,0.0305851932455774,-337.615280729731
560,0.0185026109623568,0.0255154317138946,0.00247877750244151,0.0422050765844224,0.0144047435539747,0.0242504453189751,0.0256995654886986,0.0232458943064514,-339.45250607681
561,0.0177510372776519,0.0264034112313041,0.00244135609814652,0.0331142726106937,0.0136808086462718,0.0199667492800682,0.0293752394094755,0.0163320066707534,-337.474766528279
562,0.0131695604631448,0.0246350772783231,0.00253202048493616,0.0381125840155086,0.0129839819194474,0.0129722329424836,0.0343741468330015,0.0370544593092581,-335.552404082782
563,0.0169447071593117,0.0228301546715329,0.00968722108192192,0.0349356156201596,0.0233177640202641,0.00927003540479125,0.0314012510273932,0.0336811201547385,-336.716995214636
564,0.0186364902288495,0.0227636285343019,0.00710736567355477,0.0344711758154041,0.0195394708409042,0.00449957011288547,0.0366013755332393,0.0589254561843674,-336.925071283923
565,0.0177470436691304,0.0347517245121332,0.00707637005907762,0.0167759445092551,0.0129952394163901,0.00432092329212428,0.0261922454641261,0.0515368175159496,-337.021407217677
566,0.0212921512901528,0.0304877606427422,0.0109845745975744,0.0185069179345011,0.0196287477939126,0.00341011313961161,0.0397119666877751,0.0308751818560199,-338.185517491771
567,0.0280411355052087,0.0208834952799859,0.0124363193825941,0.0285416269411509,0.00901935273851243,0.00854709168258094,0.0255810169825882,0.020736160046889,-342.354435401504
568,0.027033884061088,0.0233021429924866,0.004687707354427,0.0204075618887655,0.00972566200095176,0.0075408690905228,0.0283693089680859,0.0299096643667996,-339.070186205241
569,0.00528655346942746,0.0523400756141935,0.000138903166071058,0.0192390826060388,0.013039420629685,0.00762662900614332,0.023818421747152,0.0679713940697081,-337.301358291067
570,0.00415699365771815,0.0405956503443335,0.00101136028366702,0.0332809390092008,0.0165243282470569,0.00180264552085818,0.0446777299499896,0.0251431295166873,-338.114977127799
571,0.0130216614287655,0.0158454684911586,0.00342231574371904,0.0412146563621826,0.020246996901148,0.010141543288944,0.0388293472257619,0.021241151685214,-336.000822689813
572,0.0181348526265849,0.0123008862934787,0.00282625858750279,0.0421198920122154,0.0215316785971853,0.00135441697989196,0.0374667768397566,0.0242013745307735,-338.228045580348
573,0.0153839118599982,0.0318740249581999,0.000368724985762057,0.0442808577544131,0.0225510921323979,0.0165061376596628,0.0372419876355006,0.0326234589271169,-337.759545629633
574,0.00797843605634853,0.0394206433687182,0.00106012577797524,0.00283192631283694,0.0148081110488623,0.00481529698791922,0.028501307441386,0.0389290532214465,-337.32528885068
575,0.0084184090301911,0.0519226982797472,0.00220666308520085,0.00198283465820566,0.0202015177725013,0.00360873064697276,0.0438959103888735,0.110645072160376,-339.431219157623
576,0.0130194538354994,0.0692722884610416,0.00354358450827256,0.000974456230536346,0.022469729838103,0.00388141373452902,0.0369076475817794,0.079088264006505,-336.911589596418
577,0.0107344658872888,0.0611688897750042,0.00364255360363007,0.00587820955161165,0.0237694057490443,0.00425844943164095,0.0371513239679532,0.089432999021633,-338.379662081909
578,0.00184426141823296,0.0622703542187684,0.00497169852549739,0.00407365964625843,0.0125131189310314,0.00942574954833222,0.0386542642481121,0.089685271518705,-339.854804721282
579,0.00503113225463034,0.0504751308518162,0.00688458784207443,0.00289873700116176,0.0194340937562897,0.00708446009535554,0.0292452034203207,0.0557093570234197,-336.144338410196
580,0.00644354924570287,0.0608951602984762,0.000377670143384605,0.00742057988461273,0.0289535679156233,0.00937617755202691,0.0363733284507043,0.0575285777461614,-336.43780772368
581,0.00355844263484493,0.0530809539663402,0.0123519988841642,0.000166806169298278,0.0238069637711877,0.00398433443088351,0.0407083238090584,0.0542213984320697,-336.860534853247
582,0.00621679818150598,0.0589174993760615,0.00232351037038425,0.000563140253649573,0.0215107084025715,0.0080196356207596,0.0421147928540461,0.0708363600098673,-335.105452068503
583,0.00540284997225669,0.0506760978996415,0.0111854039606946,0.00303424900098941,0.0147730032600293,0.01075682940136,0.0274053187340334,0.0471121627443471,-340.013920875922
584,0.0152610859289471,0.051455480140104,0.00608338171091678,0.00172991151546076,0.0247058968726913,0.00817379868571117,0.0386186238971139,0.0621319423765225,-337.819080015785
585,0.00339710678497633,0.0581982387383305,0.00578109716163005,0.000103915114255845,0.018216009544933,0.00290590048604732,0.0343073419237106,0.0565018860304755,-334.222871537868
586,0.00537736497496902,0.0480192414293805,0.00587951872556535,0.0276014959022932,0.0166225003506435,0.00648830450023051,0.0210890805516381,0.0340364087260257,-338.144570679166
587,0.0114823302659282,0.0242603096678815,0.00479876763005559,0.0164141687956466,0.0155676484070493,0.0096012202581254,0.0294547119280451,0.035059893423685,-335.828955057647
588,0.0115780984603505,0.0379033159684094,0.0035371313782013,0.018551517992412,0.0141464565577117,0.0208082639920874,0.0323342453935657,0.0428228806124796,-338.693608302123
589,0.0168632491016425,0.0160208042864929,0.00418850539413267,0.0220739111443102,0.0282269704421114,0.0159761028764857,0.0227478502265167,0.0122261939299801,-341.44203265928
590,0.0125746178004536,0.0109342018108501,0.0144893056169098,0.0487186303575687,0.0296569327215105,0.0218263290648204,0.0310144316826579,0.0346326685337789,-345.562824579579
591,0.0108070287356494,0.0224672611661911,0.00276865461890372,0.0488217614162656,0.0153092038663214,0.00732648753872578,0.0313502549591938,0.0371958855344929,-335.39672383246
592,0.0213628713127185,0.0304344717096038,0.00436641244313025,0.0169050428939679,0.0182054463127749,0.00445034096060891,0.0332805733550693,0.0425677109255886,-335.478878855597
593,0.0128109586833169,0.0311665375332183,0.00188198736551744,0.0308926431297613,0.0242810933166319,0.00570420057450974,0.0232020903132394,0.0534383163306575,-335.170111803384
594,0.0068879315027724,0.0477975998207004,0.000353466124382149,0.000708957013642472,0.0219416542839395,0.00637045324342824,0.031846272050815,0.0530627335537411,-334.081170981479
595,0.00965558245529486,0.0773716341381789,0.000534151020519458,0.0011390873864363,0.0247391262271881,0.00635349263592886,0.0304171837585433,0.0702240087062779,-335.694806958868
596,0.00577903762521856,0.0455185772850801,0.00482701982446674,0.000750985782140097,0.0240424388747711,0.00599841522424166,0.033777344962439,0.0596749172976949,-335.159092141823
597,0.0132270482378376,0.053921993646639,0.00257719870809488,0.00123343101675336,0.0249438735751608,0.00409786942044859,0.0383981193456704,0.053404793599226,-335.591372444879
598,0.0281300777950903,0.0472590722958404,0.00590193088001499,0.00238265093840968,0.019837567022238,0.00639769373928251,0.0327874249622273,0.0547743464484197,-339.257833248837
599,0.00917492256875291,0.061707962803292,0.00231240570167712,0.0155000915530038,0.0289715394844072,0.0027052553148231,0.0191793602613548,0.0432471358351802,-337.159185527115
600,0.00221126150036842,0.0427429134179672,0.0103218343820685,0.0220560760673592,0.020721740733568,0.00474469732642143,0.0220382734427512,0.0566682287161854,-336.987243596885
601,0.00898506172221346,0.030279988730381,0.00669372841646775,0.0192991970170343,0.0229999994141146,0.00597265814159741,0.0433000224257805,0.0264969535362458,-337.275598675928
602,0.01787442955898,0.0325042242852873,0.0028062828006239,0.037834666090454,0.0214331716827009,0.00530848305317574,0.0315645264051045,0.0342072396211797,-335.365027106403
603,0.0154703241632212,0.0102879662066135,0.00298626886851198,0.044322613009846,0.0212689856240882,0.00790433955005073,0.0359593438901176,0.0358049967744506,-336.528346828413
604,0.0230564793938836,0.0361467928906217,0.00161233765499278,0.0492344804363615,0.0190601427874007,0.00202838780752353,0.0276202097018112,0.0265271818794639,-339.400291331243
605,0.00573702098636553,0.0355452364842873,0.00149783060642537,0.0137458925499174,0.0242033696179157,0.00753146897263873,0.0381054935199401,0.0383195629616428,-336.131267552019
606,0.0112295309447321,0.0203993843376713,0.00113149244427991,0.0307107320581651,0.0193489135430593,0.00459738291417779,0.0380442944004376,0.0351151608488626,-333.540563185948
607,0.0167824126630107,0.0277787202430678,0.000564045659454151,0.0253325087642827,0.0179889185681758,0.0115589170550816,0.024135222654855,0.0353981522930305,-334.994322273548
608,0.0176603833380195,0.0259777942824891,0.00907298979289911,0.0339954393963632,0.02517542235164,0.00487020319356967,0.0256563787485702,0.0339268267860744,-336.594733440917
609,0.0126113898584067,0.0195632826379569,0.0010773140791592,0.0441416503583241,0.0241283982833041,0.00558880778700274,0.0249187330364463,0.0267044581416626,-335.198828215913
610,0.00941536799899219,0.0213661800370196,0.00239473140722607,0.0222962128344663,0.016400497310812,0.00859656038580153,0.0409990008783187,0.0571291653060084,-336.357905332786
611,0.0211713189051605,0.0355177669969435,0.00439275584013873,0.0276455712891629,0.014472227388414,0.0108277194661239,0.0505399440672772,0.0550123071414934,-339.602909698438
612,0.0101999297947788,0.0227280242402435,0.00283847307433301,0.0331507256458405,0.0184255460968368,0.0136450888173394,0.0502128922104593,0.0151087035556553,-339.086134480794
613,0.0118976184167072,0.0257957175282199,0.00153949445475459,0.0385479243293927,0.0193151507205739,0.0159532762646594,0.0362077458157843,0.0494427271827798,-336.772225134176
614,0.00571019219701678,0.0338835852321591,0.00127441981885113,0.0026224176091424,0.0165354340124291,0.00841770386509803,0.0289507579236991,0.0427811783849001,-338.497895454781
615,0.0140567316890562,0.0608412883937713,0.00141151245584522,0.0138488054575958,0.0175647386498078,0.00589569524846346,0.0226966654873689,0.0707183572998109,-338.335683194978
616,0.0125956738235437,0.0639320610531868,0.00424487235033034,0.00485013269501457,0.0227947764712779,0.00613478976656104,0.0420504935715247,0.0529691718085686,-338.314681278901
617,0.00257278267552416,0.0556791163592209,0.00137257270147326,0.00866939378970693,0.0189261015468606,0.00566058730098105,0.041738052288257,0.0385924653652067,-336.638928481118
618,0.00279553860897031,0.0524297413665087,0.00335119943430528,0.018822410085939,0.0241519620632292,0.00841966504954005,0.0223828590044137,0.0461546023216271,-335.774612976068
619,0.00267374418895645,0.0380245416104171,0.000429223148428605,0.0279749874227817,0.0237444470239978,0.00794828827720194,0.0481886897940679,0.0197810799718178,-338.716643249539
620,0.00818046623336454,0.0168248217726818,0.00145597473620222,0.0472534844642878,0.025679133819484,0.00916548468952671,0.0470777832604114,0.0701569780937624,-340.151783886326
621,0.0166227314438619,0.0243877016043687,0.00127272291794824,0.0429592493370979,0.0133321226385072,0.00672105691668804,0.0346202452669875,0.0324071839894594,-334.70706006412
622,0.0168740449639409,0.0190657495936752,0.00112579381200339,0.0460356335348129,0.0255604005579506,0.0115720024448357,0.0439228116357854,0.0213507840041433,-337.852573112485
623,0.0103930664335214,0.0176362871044758,0.000713919732675348,0.0303513961062427,0.00978163990938812,0.0108219240188925,0.0371308796000685,0.0431114764685919,-336.970932820019
624,0.0138688430405823,0.0341752962947338,0.00575462026181399,0.0213787858294494,0.0311316597592986,0.00950465941948636,0.0174906230370497,0.0394689681228108,-337.599469257101
625,0.0140898134750199,0.0244778562531367,0.00197859898610029,0.0140729026765412,0.0226966388256464,0.00114135903651879,0.0326892951710233,0.020271552237313,-337.230174649921
626,0.00986769795293716,0.0221305894917067,0.00624142188783432,0.0547001730823586,0.0130046138922692,0.0232044224613032,0.0384326379568042,0.0360821881849317,-341.213580716603
627,0.0109510948067896,0.0222394632506826,0.00283452773225632,0.0130434942315032,0.0110764090315032,0.00534708849432021,0.0383924964892596,0.0305306768786337,-337.369686398372
628,0.0113780449512287,0.02365901527145,0.00247199658223985,0.057626926546331,0.0190098825586443,0.00712468379938156,0.03543824438017,0.0188533501296622,-336.559566437874
629,0.0178265900568365,0.0266276316926426,0.00604834601744231,0.0107416760068168,0.0162962433589858,0.00981117013766147,0.0498845754832901,0.0798046635505922,-340.962845768583
630,0.0210712564388943,0.0403250415144665,0.00112983082938896,0.020629236461179,0.0154670974847766,0.00289419877562919,0.0494938533393523,0.0607779943680765,-338.292309034119
631,0.0178422750834829,0.0207339988684058,0.00544283944789445,0.0310200917416996,0.0230184700385018,0.00529756595037409,0.0406017746821902,0.04358183501298,-335.539754503552
632,0.00564589757616087,0.0272934689092112,0.00968120676387029,0.0303441120711185,0.025675626660156,0.0022712873974002,0.0424913433302952,0.0384505462720975,-338.191917977408
633,0.0023143610245534,0.0353801699313907,0.000661709243324106,0.0307432959928633,0.0317538493447962,0.00370411642525218,0.0425207160706522,0.0510228717092099,-336.918032262755
634,0.00589874530774652,0.045837650484735,9.59278039516802e-05,0.0100049807395172,0.0177916297706481,0.00526415034057781,0.0396150507393559,0.052495348786832,-335.248708254463
635,0.00906058122999961,0.0358659318196123,0.00707448347763514,0.0280583732629872,0.0210558287055489,0.00414782805088195,0.0322810084185842,0.0110757496350025,-338.150247163199
636,0.0125508861239973,0.024600209334069,0.0138808603178453,0.0253723957839804,0.0192388850838952,0.00935114936391963,0.0282138525417023,0.0213460962692837,-337.637487641551
637,0.0198502214956527,0.0203104158945674,0.0118143552751028,0.031028375259963,0.016122789310593,0.00846299454911057,0.0279277228127322,0.0214548412454227,-337.651728341473
638,0.0130970102319448,0.0213216440821333,0.00348967826091904,0.0356838596390833,0.0182136941464297,0.00466779481292478,0.0329564352905463,0.0245940275099583,-334.000636280999
639,0.0132786826277295,0.0194626182945073,0.00227829035591468,0.0334975358897271,0.0148210709268079,0.00854609397056609,0.0292310870990165,0.0238337785097462,-334.176331987228
640,0.0118860178559277,0.0278013249732427,0.00333351343423509,0.0203088936191458,0.02144356945591,0.00326934999912628,0.0310585431418443,0.0430188320039312,-333.991638241147
641,0.0078818589054515,0.0351630281131581,0.00464575808251533,0.0294795313490253,0.0200765747209937,0.00870161782159157,0.0311633502356664,0.0258464392858464,-336.078752754036
642,0.0142433822405053,0.0236066423002622,0.00164463344087619,0.0311817334904888,0.0213597439625101,0.00419199342898151,0.0260118193564388,0.0257016899211808,-334.029092272808
643,0.0130316169378588,0.0308914173295009,0.000411010110775559,0.0203659547889181,0.0191190683169889,0.0133601158375995,0.0330178833580409,0.0208422488832044,-334.855915431871
644,0.0129343895823234,0.020289083494048,0.000304884790773814,0.0350169346298937,0.0232107791520041,0.00131708351159101,0.0342074724943374,0.0371277870923628,-334.95144992965
645,0.00879369933309135,0.0234524013066785,0.000165076073566108,0.0382681990932758,0.0184420776624373,0.020379433941302,0.0369667997187851,0.0175859641244643,-337.062961281118
646,0.0124810349442622,0.0227024168522067,0.00224882657274879,0.030077282591277,0.0208070073925038,0.0141129115958154,0.0283853181708732,0.0484494252322943,-336.09847320339
647,0.00929560074743894,0.031757116637668,0.00412691124262262,0.0227970086485646,0.0174917212048925,0.0118207068753553,0.0429869084059043,0.0437979231933169,-336.640406092635
648,0.0170791215046244,0.0239976277890722,0.000109455343237119,0.0149637998493726,0.0188793842781114,0.0139850389796206,0.0373164684929479,0.0300183108998244,-335.942661070759
649,0.0144016382206968,0.0166110208359992,0.00129235003224522,0.0579586480273783,0.0242861474645912,0.0145417463433612,0.0318882232541189,0.053924998962373,-339.548760667973
650,0.00955805370180392,0.0277551916880802,0.000974649381995304,0.0374973532364508,0.0169845987651651,0.00105224919130184,0.0375448865322523,0.0169074458058672,-336.949565012434
651,0.0129918002631583,0.0283855440163107,0.000968473079748568,0.0332198409692322,0.016510826868081,0.0108977679586741,0.0413835346972253,0.030085927210218,-334.639415157172
652,0.0178154857029061,0.0271149717048624,0.000721456801186348,0.0199961399303553,0.0137162884958369,0.00276419996661955,0.0261806909443436,0.0215665700901749,-335.222524367723
653,0.00999912804682836,0.0345426255546997,0.000378954466599924,0.0293579814344206,0.0240712352742985,0.00810027310254433,0.0419126942459698,0.0397329930732065,-335.677681263057
654,0.0119395526012066,0.0509156368229411,0.00067382915525991,0.0152245049345988,0.0181581944783218,0.0144055119225275,0.0377365718832407,0.0588839361612288,-337.943192039566
655,0.0180535419607774,0.0338535648423174,0.00134827040809364,0.010740694888729,0.0133929670466688,0.00347669849431734,0.0300774149596086,0.0397630905408855,-335.843807165417
656,0.0136300374140519,0.037450460366764,0.00122813560335368,0.00833899516216059,0.0302089901696168,0.00288079308765183,0.0281936473621013,0.0761990976444625,-337.462077109704
657,0.0121147744086194,0.0495777437912334,0.000625507881220139,0.0348660231127086,0.0167087221480256,0.00703498414231243,0.030747956737574,0.0513097216019776,-337.451803731389
658,0.00850006675090012,0.0364171929371662,0.0010707568443383,0.00657444746536655,0.0231039228920824,0.00439195192033153,0.0479622444808361,0.0581161920897636,-337.332620383345
659,0.00486334154138584,0.0679673276480687,0.00456813077443267,0.00910956528704275,0.0248406709918085,0.00023564823342227,0.0194595913243742,0.0636872399195508,-339.184116803824
660,0.00961965042810654,0.0335569655829621,0.0163615794208939,0.0136990623077852,0.0270184047459865,0.0103487802365003,0.0402890858081047,0.0563109512645882,-341.126228015321
661,0.00557549420189644,0.0395037227108329,0.00120952686910861,0.0227568472114871,0.0166647677587366,0.0110374161125486,0.025591932013061,0.0243302095802236,-336.501499250542
662,0.0211914689714911,0.0336127820305305,0.000752526698180006,0.0258188065940513,0.0101620009273593,0.015107598124878,0.0311783662895225,0.0254270854696803,-337.751157234818
663,0.0224147652261479,0.0239350531821704,0.00105883933667816,0.0269815728441834,0.0112987743619653,0.012888877263712,0.028835676132238,0.0147119118375811,-337.402778246619
664,0.0170600755295112,0.0297884298176184,0.00774086790843848,0.024397899453247,0.0161101674921573,0.00733696995761391,0.0211018567195817,0.0328506912926693,-336.953136522909
665,0.0222727729767314,0.0288569632161913,0.00357976677595887,0.0200357456580875,0.030304527415596,0.00489346503558978,0.0300962373930925,0.051589814443819,-336.006476514472
666,0.0233170717403671,0.0220046249246443,0.00266001001449755,0.0114439343559804,0.019493339941565,0.00298498867691547,0.0305970667416955,0.0244286059473776,-337.219298165544
667,0.0260512448686409,0.0322212491928678,0.00180983210180815,0.0313739977772455,0.0182520467917477,0.00888928573835209,0.0357644338193632,0.0435067978045929,-336.805017809186
668,0.0141099098634138,0.0277988839211104,0.000364548298768159,0.0168364522686383,0.0221140447324721,0.00217701677755386,0.0290709773675592,0.0164910311449013,-335.490782461836
669,0.0137602498256097,0.0268726951503513,0.000641769150446833,0.0193701768659428,0.0215466976830267,0.0154470240600702,0.0301813063971651,0.0567618600748761,-336.584210516672
670,0.0177665126778963,0.0316151259810163,0.00521531632897073,0.0196907331259741,0.0196230315998812,0.012071083232356,0.0228308327036832,0.0608564975706634,-337.341432232657
671,0.016915567445934,0.0427723019806612,0.00124338153018429,0.0108330233895079,0.0170258733742568,0.0116009949956638,0.0326982533666933,0.0605319254152781,-336.261496672527
672,0.00940645515576756,0.0260352793019989,0.00232123508406251,0.0341792154144506,0.0213363102140398,0.00772264522417499,0.0316701029360918,0.0293114922934081,-334.309886891755
673,0.0119495588006898,0.017573870195293,0.00092868212244039,0.024632698665584,0.0170303488543437,0.0113698580941392,0.0376315821665026,0.0184248399438923,-335.424685165779
674,0.0129620344514555,0.016938443766587,0.00652935314830763,0.0290191458519263,0.0200142410058387,0.0023761657829698,0.0432826293984205,0.0417400526257425,-336.60548905356
675,0.0103751851499041,0.0135861606687639,0.000362199741989859,0.026661781285256,0.0271024434742056,0.0114447023992038,0.0399251594688112,0.0350736325125897,-337.216630646515
676,0.00617852333164233,0.0425630170854876,0.00407899148596803,0.0252171337191813,0.0205451986259723,0.0105695031603504,0.0453306003724872,0.0509532436993889,-338.087603970487
677,0.00131195302041074,0.0361667424110976,0.00417468236958566,0.00492635650761428,0.016957743249095,0.0110300640545851,0.0140020587369556,0.0506908094325938,-342.488021487468
678,0.0260583554611901,0.038057743817053,0.00515519129751758,0.0329785532763071,0.017750043519415,0.00474427644587035,0.0135437378009365,0.0633651647301745,-341.188736325612
679,0.0217869464361402,0.0239623185745036,0.00411915696066772,0.0254965813945434,0.02524810011367,0.00381631709415147,0.044629990332361,0.0325482635617369,-336.981152251785
680,0.0138882096410887,0.0238046393571495,0.00190503055043874,0.0354330302857643,0.0150648848711089,0.00658866552452243,0.0327338851871375,0.0139623971082056,-334.352092209323
681,0.0085518724971312,0.0194563896274226,0.00138124135028719,0.0155461665700994,0.0149812063744812,0.00352073651691699,0.0341411281622918,0.0701664509455857,-339.20972599154
682,0.0289666533144168,0.0414392354676167,5.80149551271165e-06,0.00156964841719159,0.0189267780997176,0.010502757244193,0.0391334567315775,0.0604213436271056,-338.465940710783
683,0.000467877306689296,0.0486619563315125,0.00771267498325014,0.00329708574500786,0.0200686367556105,0.00273529540199537,0.0378741776532478,0.0673078363869169,-335.871415630988
684,0.00647083375773131,0.064835119870215,0.00922043209616188,0.00437144454745272,0.0280486593923354,0.00305785911170794,0.0270427073189369,0.0652806787103566,-337.071440078568
685,0.00513877294215134,0.0549452398380684,0.00123840776376147,0.0107639382896385,0.0269200464064513,0.00306339910408655,0.0306526093661834,0.0517776518690667,-334.719656967315
686,0.00458886048306344,0.0549304263952844,0.00735904053474165,0.00882034012185106,0.0290997265681063,0.00840072570640165,0.0294643584698015,0.0308995737125369,-339.824874750752
687,0.00306979247035151,0.0572296178224979,0.00567080068861145,0.0181328275898743,0.0193238546234226,0.0110336865631326,0.0294829365333745,0.0392691960301007,-337.882812762071
688,0.00334747548192787,0.0367926309378037,0.00322479583023472,0.0276120305830476,0.0308778662113636,0.00940573247796193,0.0302549375096778,0.0475094254468909,-336.746811916144
689,0.020594506347005,0.0330523345929523,0.00249432856704345,0.0110304237738942,0.0161037037894055,0.00632910124265474,0.0294149298047438,0.0245978477991288,-336.615868877812
690,0.0067145175821508,0.029705761619349,0.0066694714286895,0.0297153062158175,0.0157792126553311,0.00900657400272289,0.0321760030333064,0.0376184954497117,-336.554957699669
691,0.0118104248974225,0.0243191500928758,0.00848443448740571,0.0319837107479715,0.0233291409268998,0.00798345483013814,0.0476950948393471,0.0630914456167615,-338.632219081967
692,0.01263542136715,0.0293838404047541,0.00679837553966568,0.0329450345771659,0.0142032768762852,0.00493979017803902,0.040289551183272,0.0214255725050913,-336.317351483618
693,0.011551591063515,0.020665440335875,0.00589445843178155,0.0451648150432033,0.0167103434906251,0.00760447558801811,0.0270768062941016,0.0247847309219782,-335.808877502803
694,0.0112868743491829,0.0165877742894554,0.00427214773357059,0.0231000868149937,0.0160642667142455,0.00590705342060102,0.038481158085459,0.0224263654570827,-336.113223668366
695,0.0171686037094142,0.0194882377362497,0.00124823662265863,0.0216625768565048,0.0187045206326436,0.0057184559356064,0.038322007697332,0.0445788731365404,-334.699816096764
696,0.0121114116460769,0.0285397162060016,0.000660810283095638,0.0226443630580835,0.0176963251570446,0.0166090098299828,0.0600335543163458,0.0381059062667721,-340.286256897595
697,0.00702782466423828,0.037254716500442,0.000905148551765546,0.0260494848201992,0.0102656843980827,0.0220647604659601,0.0473690068935505,0.0498049004862252,-342.164807838516
698,0.0244903815830298,0.0324875909570149,0.00298347687956054,0.0232990390384459,0.00934952483165481,0.00967491241224982,0.0163517993246673,0.0268961289861803,-342.175066498401
699,0.0140459030660799,0.0323791349074087,0.00124851989467442,0.0116247010745976,0.0318571305411772,0.004115694813809,0.0383330564686052,0.0582723051517138,-336.675893609059
700,0.0118035835498214,0.0503605701889095,0.00147231268032822,0.0264983699473979,0.0159418819256479,0.00391417458807379,0.0304876273488803,0.0566898545065083,-337.02472661706
701,0.00971305238013547,0.0202409970998973,0.00211571902570018,0.0230830660970686,0.0253501079142768,0.00202816872426808,0.0427518988175484,0.0474310199536689,-336.288498106507
702,0.0206338333199121,0.0301517456421922,0.00574535414667181,0.0171789140054181,0.0176287750676047,0.00994920647502891,0.0450491499356344,0.0502601219122651,-337.795178954339
703,0.00312959266877632,0.0358341376798205,0.00610977916942195,0.0197938768816156,0.0258971322999501,0.0019102589640936,0.0174072743105078,0.0416462608926926,-336.343405746091
704,0.0035414836292979,0.0360670084505709,0.00352888181404723,0.0198106341991266,0.0217509135479284,0.00941780510923128,0.0405365685180224,0.0411036080520347,-336.580003096173
705,0.00631741188076517,0.0349288039603791,0.00278950132563284,0.023328060950953,0.0167066454724554,0.00468748147998534,0.0362480404804658,0.0442059986888068,-335.473961985899
706,0.0152936336470337,0.0386189982094414,0.0017724875972647,0.0197291895558582,0.0169460102970297,0.00479168140624625,0.0350359099783135,0.0598855490098417,-335.206547674131
707,0.0128803096845169,0.0271447888144499,0.00180787577234037,0.0342820934110216,0.0200234613253259,0.00327578500805037,0.0314416407549332,0.0182508475486979,-334.346591445182
708,0.00991291097348187,0.0269328399015619,0.00138474138908977,0.0157254461363456,0.0145928728741474,0.00321123403309302,0.0269109755913881,0.0407950772206335,-335.359285534066
709,0.0143132432973345,0.0306812086731599,0.0021137864761007,0.0472414549316228,0.0222049472031862,0.00714589802999684,0.0284710821372492,0.0260167087847475,-336.11005609809
710,0.00179367508429648,0.0386012699460089,0.00113571689748247,0.0110915956013181,0.0149293985323817,0.00509279810476558,0.0331335250660451,0.0440359310837549,-336.594311015773
711,0.0147240117010491,0.0426940982391846,0.00175802530187294,0.00839238470283983,0.0161711848490809,0.00562288530947852,0.0497625286825397,0.0515615628696421,-337.648962819757
712,0.0022596316798996,0.0547507200205949,0.00122111712251177,0.00915591626928001,0.0105712144164249,0.00746640589943846,0.0233958527138326,0.0372484336844385,-338.328538565379
713,0.00331352511225681,0.0473255931994119,0.000292897689041966,0.0127500520144549,0.0210056814639326,0.00371374666699698,0.0415027945283557,0.0539796430998266,-335.184015182751
714,0.00653824402280311,0.0499447381896434,2.53601383319975e-05,0.0249114086519729,0.0190261158342374,0.0089443331582162,0.0351288137974736,0.0373824089340443,-335.992375123753
715,0.00137479846050473,0.0429672046720939,0.00138845026133664,0.0203912815181312,0.0215117863386402,0.0107970328145386,0.032461698212383,0.0379947322559392,-336.309672531203
716,0.0153875351044953,0.0138919770941717,0.0110757721078312,0.0234001791792512,0.0116027633133625,0.023482373553981,0.0349095113418821,0.0152459533197592,-342.77726237222
717,0.0165670944178856,0.0223528711961485,0.00595538804205943,0.0175820760812043,0.019591129598709,0.00561319975533459,0.0272628012759073,0.0267987563746702,-335.868987780066
718,0.00854558097126685,0.0330596259583343,0.00714102391016255,0.0350799260334997,0.0198517212045761,0.00982176323087617,0.0308280906273035,0.0322597138444556,-336.87072642302
719,0.0164722658432996,0.0242512661297213,0.00280738690841778,0.0293434582896445,0.014321755217276,0.0098441214414297,0.044130287449709,0.0377399734067844,-335.583704507487
720,0.0172207831444133,0.0246149772830725,0.00346513036023781,0.0322203367609678,0.0248532811860655,0.0100593867703774,0.0377128823901751,0.0663499736945862,-337.5896172477
721,0.00802667094147256,0.0267625891290155,0.00109032918800896,0.0329782461194932,0.0149551004988165,0.00891309116218549,0.0399286498534615,0.0449096835939448,-335.479372987074
722,0.0162702177854515,0.022579626535082,0.00455772186846823,0.0354221628835857,0.0222630900366188,0.00829202326572438,0.0358464732107621,0.0265123562124649,-335.099117529997
723,0.0173400865040724,0.0177655439007929,0.00780186214156469,0.0212127446931326,0.0217775226207963,0.0102791763029564,0.0291876404363795,0.0280345132902968,-337.135313778047
724,0.022100512923649,0.0354722050524344,0.00192342804587565,0.0269934110555862,0.0212684762129916,0.00841671109682221,0.0407595907939506,0.0328257265286175,-336.655856591844
725,0.0135800506186696,0.0153706242423695,0.00547957816216604,0.0338444139350062,0.0178305060467116,0.00434244201892746,0.027712036581538,0.0358366192375309,-335.440079505438
726,0.0124556122557716,0.0220798843667992,0.00825075767114736,0.0379387637575675,0.0131963475038645,0.00573875076783138,0.0443466767518437,0.0521577452947897,-337.76933005226
727,0.00864706693994194,0.0358020991830374,0.00363574982838053,0.0227742055215574,0.0192096021744607,0.00391575242599914,0.0264569910312257,0.046590416815101,-334.79453163978
728,0.00944674014331119,0.0259302100552865,0.00171774299286698,0.0355861070472002,0.021800492906498,0.0015794224064947,0.0245260758607545,0.0270333564080815,-336.060050512283
729,0.0136290267150505,0.0326188336884103,0.000732360224226441,0.0217713443684205,0.0188074609408702,0.0117943813202917,0.0224336144212048,0.0230585703535462,-335.78517461493
730,0.0130702222383582,0.0319011177886601,0.00232837944628035,0.0367646737436362,0.0195561821855099,0.00815154184721237,0.0409669993236086,0.0452063934434871,-335.676419334539
731,0.0180223605407036,0.0209908884887712,0.00108964708059151,0.0323724641886546,0.0160881603292629,0.0082656460617588,0.0384631704076551,0.0231071575251799,-334.456372195809
732,0.0137751588214612,0.0347415557888864,0.000741929179699949,0.0181455197850354,0.0203857593882979,0.00933527473485069,0.0289938001367138,0.0538750403307095,-334.676859422213
733,0.0223084325126853,0.0361624757100686,0.00319155303905714,0.0238531104644142,0.0203272098451122,0.00748565952844747,0.0262182333995177,0.0196203349313661,-337.288007631078
734,0.00242932663930422,0.0450247680323662,0.00373408925965507,0.0254428407521505,0.0173663990533337,0.00892607292187351,0.0341420347171041,0.045331503452897,-336.486948942774
735,0.00549073470604426,0.0304379551190231,0.00313016013140558,0.0387079694104414,0.0184970363625868,0.0030676698849337,0.0240738093205271,0.0249860960140227,-337.170053479196
736,0.00607382569492542,0.0358268665481932,0.00312722813653529,0.0166921671009497,0.0203135233752308,0.00491455110881346,0.0255369916321707,0.0622450298353712,-335.665866945318
737,0.0177701813018759,0.0295297878476259,0.00603934826663584,0.00525999613356005,0.0272261658797175,0.00323853153767887,0.0375331332212579,0.076413870673019,-339.704405612771
738,0.0297049247773426,0.0394999946498348,0.0087720297948571,0.0219523520212997,0.0124521726417045,0.0128625178081628,0.0410976911356042,0.0678469047445443,-343.550755347034
739,0.00457677229491659,0.0405423907225134,0.00916651515946362,0.0161862918822779,0.028351171853152,0.0103412078368006,0.0364900039937469,0.0542158156164569,-337.999510888709
740,0.00100847682996809,0.0363170636178518,0.00417582292363687,0.0244634210226643,0.0203834238258277,0.00594921189831733,0.0162018018662855,0.036265299763647,-337.602821138979
741,0.0109427787554498,0.0381576385598077,0.0019300697066253,0.0258241035147822,0.016517121848711,0.00929213513939556,0.0430376625520022,0.0286403670144592,-336.419832395858
742,0.0139708670522325,0.0266806252742288,0.00205573697723588,0.0306620404353823,0.0270497379772626,0.00641177343764421,0.0256092806930201,0.0335320008473161,-334.836652972048
743,0.0161332658502691,0.032148611182294,0.000192352465140893,0.0171825388035245,0.0244931847640636,0.0146335887207212,0.0259595411850306,0.0508804604024318,-336.579840239133
744,0.0281520864833701,0.0324564974000034,0.000176735229995438,0.00958204777603093,0.0261776769633228,0.0106525416486536,0.0289022772491494,0.0392930937976935,-338.644476534615
745,0.0235013140423847,0.0379560129030815,0.0013446584071911,0.028636879296191,0.0266809722823035,0.0139835477745596,0.0357942044407293,0.0347964588006282,-339.332705396376
746,0.0194612039860795,0.0169299863340398,0.00161890812381989,0.034147778315078,0.0126254002429888,0.0106069923383189,0.0275442467697144,0.0247884897087042,-336.277461950989
747,0.0152520457274617,0.0246547488667763,0.00128243551661158,0.0256968990747274,0.019892290282621,0.00803766538896338,0.0373468182880848,0.0435668646630191,-333.893288754995
748,0.0290889658675025,0.0210456576997446,0.00516046519768834,0.0222952000065906,0.00933623358237065,0.0057026200447155,0.0314054551603851,0.0499841910296978,-340.635800268181
749,0.0344733640429324,0.0207010810570108,0.00107010390336534,0.028797266924829,0.038317016196518,0.00645197940422838,0.03196063996294,0.0473022662411033,-341.423133834825
750,0.0184039589597074,0.0216192808220491,0.0022702144271225,0.0227035261471895,0.0165199077156337,0.00819119059870927,0.0228029706936978,0.0276027702305458,-335.764985794564
751,0.0235586569572668,0.0313026532154545,0.00663037268929922,0.0216316398632408,0.0192970390533765,0.00334401646942586,0.0243777411212079,0.0233862542700918,-337.993195422719
752,0.00385176405797623,0.04802450639895,0.00592813857857236,0.0166849992514227,0.0283971821842457,0.00293850358689669,0.0246356676600806,0.0576202146279461,-335.401099401248
753,0.00234527056836078,0.0546923491916435,0.0027688514002347,0.0160132893318071,0.023207190598778,0.00543105469183673,0.0173022839652699,0.0463728560656934,-335.805102458175
754,0.00551034169934306,0.0369815544480827,0.001596340318405,0.00872510172710097,0.0241796280340313,0.00697190260997776,0.026606453614438,0.0588476840658963,-336.069708105831
755,0.0163143720587552,0.0415048832915094,0.000679088009485879,0.0210102487769076,0.0183129900127703,0.006135569532055,0.0295410014862191,0.0599596580329887,-335.253312362956
756,0.00301813928042498,0.0348341985249667,0.00236080734813966,0.0285680935861994,0.0131497251372016,0.00503235208653177,0.0226938028189005,0.0277102428966669,-337.930262279795
757,0.00989305487747075,0.0387923106668069,0.00214609259515105,0.0151252191225753,0.0246228151073382,0.00331516734591028,0.038735834295835,0.0518963474512637,-335.298013242905
758,0.00531339245257048,0.0381287480674361,0.0029644400363883,0.0326588061978319,0.0269744508380316,0.00381280186887996,0.0377689214089406,0.0339321603539783,-336.252545007731
759,0.0128706966018661,0.0317718024415741,0.00168536901681621,0.0393068198191349,0.0298262086233923,0.00251611755503357,0.0222366570508386,0.0488852587772609,-336.804257595293
760,0.0063005809954716,0.0387400153334922,0.0044702644259345,0.00577400589365528,0.030391412102387,0.00628590322750859,0.0378957171226101,0.0447382203509207,-338.06752506596
761,0.00533449481569072,0.0659835966178104,0.00187149750548939,0.00547004644931803,0.0305289512733336,0.00598705865456269,0.0285166949759127,0.0770825759620362,-336.605804442864
762,0.00427860591996163,0.058736886578775,0.00207731582744584,0.00750716385429878,0.0158373381203292,0.00342956370029193,0.0286030955565567,0.0581268482753798,-335.380534139936
763,0.00613139641998212,0.0514928808252629,0.00293539532897013,0.00509972148276989,0.0348887077514833,0.00231675573765596,0.0327117852022704,0.0718726610222788,-336.085263779475
764,0.00171307203665688,0.0624583080168236,0.00504073292764338,0.00585827386092813,0.0202855689480183,0.00716938166710721,0.0373302628533752,0.0591352816727144,-335.98218565189
765,0.0028719511922496,0.0554156312337452,0.00803428826426237,0.00647073535849638,0.0233570001075914,0.00839640211233516,0.0378085681020837,0.0810086220485157,-338.205426711557
766,0.00334118963099925,0.0521034701548709,0.00766091112854264,0.00932666108343936,0.0360867322368531,0.00219339086663722,0.0387745795554978,0.0516230777223866,-337.523317711811
767,0.00520283770903739,0.047416484018031,0.00610214373838404,0.0127372044722939,0.0351944514579287,0.00240989737507279,0.0290070224800334,0.0559564753831958,-336.260594344239
768,0.00188635050711051,0.0534286699966696,0.00297534988710787,0.00531774346347477,0.030893888939389,0.00315893649352923,0.0182641191040402,0.0538870361624479,-336.215047373728
769,0.00491346799475912,0.0499426808758271,0.00136684292612378,0.0179768355857737,0.0320017678381232,0.00698864676199581,0.0196711506162144,0.0391477367124076,-336.240558745834
770,0.00346714349193971,0.0460716704513087,0.0047989135379156,0.0206627131306758,0.0234456128546402,0.00495809047831836,0.0329340505717983,0.0473133367262403,-335.117786753041
771,0.00722655772005109,0.032201311320592,0.0108488491913333,0.0176804448533683,0.0192555338016879,0.00811617118836658,0.0377436580432503,0.0485001017370911,-337.732305589582
772,0.00997941517436972,0.038576086929072,0.0120264735910717,0.0127557582533695,0.0152886566187179,0.000780689133350648,0.0359581438586394,0.0391621092283635,-340.419678596753
773,0.00977337219410767,0.0363698398406892,0.00739358696596892,0.00237675547496392,0.0227464466267353,0.00784119366547152,0.027947291901339,0.040164224255519,-339.607519529261
774,0.00852311052153029,0.0803805466029939,0.0103802356484703,1.72084205166317e-05,0.0266534426477387,0.000623162489562625,0.0264309413260148,0.0484536325114105,-339.648306757223
775,0.00536876474367761,0.0405979123230648,0.00535646967354858,0.0095665018239605,0.024640706978233,0.0148595099260352,0.0283480645894833,0.0440296548531898,-338.590072741732
776,0.0123931220069297,0.0356835712539495,0.00187063536472752,0.0279958524716312,0.0143271320564918,0.00759032735327109,0.0316288320144425,0.0313536727854192,-334.826934054744
777,0.0130166903594179,0.0229870994675596,0.00137312781449614,0.03438049370256,0.0170810291193728,0.00429560491888393,0.0369771209200538,0.0359170156963112,-333.51153398036
778,0.00901890784328459,0.0166678370993231,0.000367768993726806,0.0605121083019327,0.0174708526938694,0.008740546970857,0.0159446896125069,0.0399929699616873,-341.360131165055
779,0.00883534056173726,0.020212426020417,0.00092046644134473,0.06101690033217,0.0288501362790528,0.00841960270298528,0.0215601798734476,0.0521541157315413,-340.805690898484
780,0.0131535511503334,0.0192965493782356,0.00106146414636407,0.0411327147230162,0.0135470918217551,0.00872679436222737,0.0418484133452491,0.0222625668635259,-335.222188104713
781,0.0193261919394309,0.0252598854517144,0.000545265615775409,0.0425046594110422,0.0180256781588052,0.0059641482489822,0.0314832024740432,0.0415676586071808,-334.794917962469
782,0.0194870941074351,0.0258253301248139,0.00166136020513829,0.0238500809952989,0.0258639807307467,0.00189551883285824,0.0234587125668836,0.0361777048311416,-335.271420587218
783,0.0169824389445519,0.0320659631537996,0.00285878543233177,0.0229691057791255,0.0210555465069067,0.00493149697381447,0.0462939685625337,0.0492479137907333,-335.738817814425
784,0.0141439126382334,0.0399609326164737,0.000421250823037602,0.0256170048444827,0.0244216100080577,0.00502370530074426,0.0215105351506712,0.0504526379720238,-334.808833091712
785,0.0171375187530775,0.0185627072927901,0.00277808999106795,0.026347751568032,0.017224322407961,0.00489207999965855,0.0305956514696251,0.0336842029552804,-334.396890778554
786,0.0109333862536497,0.0263838193860204,0.00349479314939853,0.0307640252742885,0.0200676987117224,0.00729288065683551,0.0377121274844347,0.0397850073344681,-334.362606053127
787,0.0159621168144474,0.0225034847486525,0.00337381590488592,0.0167776697250887,0.0173517900744805,0.00687289251716647,0.0458987168607822,0.0411629174267264,-336.355082314934
788,0.0172471679294453,0.0214574794519702,0.00403828604596196,0.0328643908182856,0.0197987364094826,0.00338534441453292,0.0235840246945122,0.0587795927891976,-336.457997327972
789,0.0154778449944528,0.0348127467390868,0.00127398220234122,0.014516517753798,0.0200933646097559,0.00707013559518659,0.0241720003590898,0.0450262570506301,-334.519139772611
790,0.010751001505858,0.0297844405431964,0.00479715912625486,0.0226677691966285,0.0246899549339182,0.00431297660039166,0.0341039376858093,0.05034071251763,-334.76557296158
791,0.00994328825315373,0.0208980645178268,0.00255096175603621,0.0292948096795423,0.0208959360173882,0.00764242031436867,0.0342062456110192,0.0108312770128467,-335.800071132625
792,0.0189750963155847,0.0243966896945036,0.00137110012740249,0.0279526288379059,0.0147484643103554,0.00770927519284117,0.0377546708165267,0.0137226430677759,-335.698669267464
793,0.0160341159988658,0.0290670308326122,0.00358542561694243,0.0265181397465874,0.0159567311654694,0.00903852278302276,0.0272650610391967,0.0408957146420459,-334.904470726243
794,0.0211856631530424,0.0277375849359215,0.00554191136642418,0.0268948929215548,0.0147775978902349,0.00208156181312998,0.0302674051886222,0.0366101892476948,-336.503417490302
795,0.0212007949663432,0.0250380744186433,0.0102146367576749,0.0253253124081063,0.0159577993467355,0.00751805360600339,0.0376870212368869,0.0352467615144438,-337.267708201535
796,0.00850048007166624,0.0249759200224263,0.00853547984689191,0.0365937825477593,0.0207080005904251,0.0132060614427263,0.0237863755370108,0.0174315152896148,-338.34401005519
797,0.0109698615608256,0.021955863696561,0.0102205062640428,0.0195313672875548,0.0146517955757785,0.00297232172481654,0.0236680230684672,0.0317668499638705,-338.068461447716
798,0.00863760909121741,0.0392807090934115,0.00231075404862899,0.0199943989374019,0.0384650704652415,0.0022146845590864,0.0222748423292225,0.0557249865362493,-336.90420455454
799,0.0136168182496024,0.0327792242030388,0.00277929226082269,0.0185073892550456,0.0234138461279662,0.00296402935665861,0.0306850763933007,0.0730297229891561,-336.164484974704
800,0.00477498794912372,0.0368182502413389,0.00470742882198053,0.00600707382498768,0.0224296784432663,0.00741039928699019,0.0415561935084544,0.0762984611323267,-338.503516912012
801,0.0113375162130938,0.026269559651077,0.000270746511263227,0.0184557091897257,0.0184699391386725,0.00654235652143297,0.0300286981000158,0.0751216031123595,-336.62384454297
802,0.012418430518113,0.0523711228708428,0.00715400759014875,0.0314221854310907,0.0246347009056037,0.00738934440722931,0.0263385274605322,0.0242900157554316,-341.533453291676
803,0.00380263575217704,0.046116360714834,0.00187607386295364,0.0274621238558634,0.02159609326442,0.00861904335542491,0.0374028144132871,0.0612124546156815,-336.597982066057
804,0.00220178264185801,0.046754134080621,0.00097199877778943,0.0186774354999977,0.0236737129580924,0.00944458775950638,0.0298617804371439,0.047556856084742,-335.283400812146
805,0.0104028070264572,0.0410631015439325,0.00180700093656651,0.0199582748781476,0.0196438831235047,0.0128576406117499,0.0327558141558643,0.040187351947818,-336.41417755007
806,0.0137570189994975,0.0278040402487731,0.00920761213816675,0.0292260362179319,0.0147476337882316,0.00582453438885383,0.0325174982830365,0.0382360417054166,-335.833533858621
807,0.0205107025432784,0.0233297204216542,0.00859933308717539,0.0261942111100813,0.0203571182141982,0.0126877368519701,0.0168135817852866,0.0318667336161044,-340.237286159402
808,0.0134316403129457,0.027094586180391,0.00252327583666711,0.0286214791101313,0.0198354240473165,0.00552622049063692,0.0271848486980229,0.0322943176945046,-333.785017369323
809,0.0160522428533957,0.0227840039505233,0.00498780318517932,0.0342126455770772,0.0202671599273628,0.00502400430502377,0.033929084981311,0.0320851363587791,-334.365403830944
810,0.0110764491697403,0.0279607944826638,0.00310882585481399,0.019109982368859,0.0197021840139409,0.00603552927703456,0.0339481999977329,0.0347967790705997,-334.162530615201
811,0.0194887406271775,0.0277355112284209,0.00447798244190744,0.0321336484750742,0.0190901132894203,0.0144125415229271,0.0406100516723875,0.0478016902428163,-337.579299430161
812,0.0150173083967658,0.019699894570499,0.00429140369347904,0.0202598990030248,0.0180986251414967,0.0145882496784333,0.0307024364422634,0.0150223221835419,-336.974235927366
813,0.0146860911950541,0.0204736081765997,0.00185378240456421,0.0460007246543084,0.0195390089289538,0.00542633707760031,0.0325632992194481,0.0405176897682425,-334.572512482842
814,0.0135827485598309,0.0207989543677412,0.00393852066386592,0.0177375899165922,0.0204686343340555,0.00448322634376059,0.0387350324216512,0.0267721777416332,-335.642668518937
815,0.0193875804569084,0.0219856582615985,0.00444023496660535,0.035213163860114,0.0226853165862034,0.00685957583604268,0.0229854594045614,0.0442111552435447,-335.970413379164
816,0.0234846655392121,0.0231670771156563,0.000331024343167358,0.0297313492063215,0.0217074900598601,0.0131608039996524,0.0269539443733671,0.027954885569039,-336.623772563574
817,0.0178523738166602,0.0200735159783042,0.00131911510141005,0.0395856811062517,0.0187524945526999,0.00931566607997054,0.0313142116047256,0.035285162874396,-334.496496141261
818,0.00366072913541254,0.0224746433383222,0.00273570549899714,0.0366294333590651,0.0201092400650655,0.00321453335125779,0.0273293111726193,0.0249902580792638,-337.562272961782
819,0.0177721185508711,0.0293632915567932,0.00306826684503506,0.036211580885422,0.0168809878739727,0.0082695767818517,0.0276279779524761,0.0207829244705375,-335.19166553837
820,0.0204326067945479,0.0275479405057424,0.000580580730155699,0.0230479219842593,0.0151875225108987,0.00960110655060477,0.0312993227284013,0.0459361340863556,-334.885441309186
821,0.0192396316107211,0.0373961960063186,0.00307844114422573,0.00993003901515398,0.0167541061906778,0.00136338678065705,0.0434858974810016,0.0521087516101125,-337.803522626237
822,0.019419878360371,0.046880255490746,0.0016757380041159,0.0211820961250644,0.0182912368674448,0.00450976666228531,0.0178636061954285,0.0659927692198231,-337.86627809873
823,0.00744034977153437,0.0379493293503065,0.00125676954851718,0.0376351629021995,0.0295779840092491,0.00529447048189257,0.0172871584949401,0.0668454197337995,-338.987191837809
824,0.0166260927878302,0.0186975677188652,0.000529373632056784,0.0383427809634082,0.018244339767801,0.00455442970730127,0.0586798165695314,0.0523228072099386,-338.070858638453
825,0.0213806440360647,0.0276766696271593,0.000833717585735317,0.0287033308244396,0.0192599304618758,0.00962517048400303,0.0608441447991646,0.078593782202006,-341.114971939762
826,0.00546083252351729,0.0327713138985297,0.00709318752443831,0.0292148807515623,0.0254486329456066,0.0083410335382111,0.0328287048903494,0.0655831918722837,-338.33946683778
827,0.014262275751364,0.0267930810388742,0.00264914590141037,0.0314852916673819,0.0195137368009431,0.00726288769393019,0.0263387309912299,0.0615520651003059,-335.794357963841
828,0.0141204637963439,0.023566086716589,0.00198026584746484,0.0353253129968695,0.0196164861027076,0.00412061598187419,0.0251499377363568,0.0350897006334381,-334.242974459362
829,0.0139066259156967,0.0276243518938809,0.0021709563052872,0.0543171257214127,0.0172596681057071,0.00245349690709055,0.0302781939672342,0.0362696312367219,-336.707496409026
830,0.0149172484480554,0.0107544354649517,0.00262321539886964,0.0400834137431386,0.0248674607444756,0.003297846270193,0.0392569559908045,0.0431265660644632,-336.799134404201
831,0.0148844520527757,0.0196295764323257,0.00582988923585967,0.0374034561178024,0.02303418760041,0.00703976682538037,0.0377195862558511,0.0730709471407523,-338.599456606043
832,0.0166117314635258,0.0533208464999965,0.00479968501650349,0.00979090049142868,0.0126683081265385,0.00392242388611764,0.034273951750826,0.0645548843680276,-338.933357190468
833,0.0334482110815879,0.0339777054012967,0.00363114044141614,0.0234176271352155,0.0327015665092745,0.00552156714428203,0.0318150366598724,0.0472645037685541,-339.625918227237
834,0.0238874126366503,0.03068183035251,0.00280276092288722,0.0221222463981297,0.0309807998129579,0.00483422140869012,0.0306446054295944,0.0429612747256802,-336.207714260921
835,0.0201296586778337,0.029713194239039,0.00148498725298982,0.0185968523348567,0.0180024277470986,0.00244087237768902,0.0376995169825481,0.0586288410084512,-335.635850935003
836,0.0159182773746287,0.030193761311022,0.00297884743376888,0.0140123221088857,0.0187623696335997,0.0076114869762302,0.0327637424233758,0.0575871654723361,-335.260182600675
837,0.0121751219636421,0.0252967355360094,0.0031264422729124,0.0324420268224936,0.0119975820574015,0.00597114971990299,0.0320730877817785,0.0363502357426236,-334.831819261724
838,0.0141621296732628,0.0217034447896342,0.00199486548299618,0.0379805910154976,0.0141499423010695,0.016342717896326,0.0343012315988861,0.0325546741281039,-335.764417032668
839,0.0119371091455865,0.0353365592520649,0.000455258263131717,0.020132995547655,0.011239225126206,0.0121674329507228,0.0386019058695502,0.0645998160728966,-337.511980224673
840,0.014412291671038,0.0369805697373279,0.00135783287691434,0.0186881072265226,0.0119953735460785,0.0102722323028517,0.0401156156766466,0.0165588193438179,-337.528044226917
841,0.0169071304111514,0.0307046512269393,0.00865520525799438,0.0211855036031645,0.0101492728905411,0.00977572510467875,0.0300201358178058,0.0533196384200849,-338.950485062576
842,0.011631138224214,0.0323382647162955,0.00261422993369265,0.0432662237169633,0.0230206914676533,0.00932829437779793,0.0439396220854939,0.0550360964477001,-338.132036400159
843,0.013827445432789,0.0211949447105191,0.000824708529859392,0.0327489877420481,0.0186730233491662,0.00910496782428515,0.0497592666723651,0.0291256732167075,-335.703850944941
844,0.00705385552163312,0.0205672939615454,0.00146953127701047,0.0307321311796268,0.0159542442990433,0.0107969332877578,0.044372567109181,0.0568826000327499,-337.594128367899
845,0.0100804224486515,0.0315423242757451,0.0043316140012738,0.0237023628590147,0.0186052333933461,0.00812030556013364,0.0184459584442985,0.0324284062707397,-336.684617315578
846,0.0143691658829621,0.0375173939279283,0.00382782549783118,0.0294691148822333,0.0207509969208117,0.00352688251748827,0.0239028815153978,0.06924564989981,-337.462998882265
847,0.0135241722928464,0.0294585097351197,0.000344456681694621,0.024811546839551,0.019735914064765,0.00389701200644653,0.0344655030256239,0.0288266236521376,-333.271045155364
848,0.0062539869071412,0.0360415410130867,0.00304250219746227,0.0224682263922118,0.0169778878704772,0.00342328754263495,0.0351634286074583,0.0487872753951922,-335.631111385389
849,0.0127196854576472,0.0169219185563791,0.000505380780980357,0.0275746497917694,0.0231445039651558,0.0063634051728939,0.0252416694834732,0.0427494078087498,-334.822899227948
850,0.0149700583691499,0.036828338729569,0.000854413989170688,0.0285267528954496,0.0231217571212337,0.0157209193735477,0.0352927975442045,0.0345721632672957,-337.194905004588
851,0.0208807099960108,0.0405921706330236,0.000257846361567672,0.0320077883126013,0.0145889572766143,0.0122236924189002,0.0281246377741679,0.0503756667776555,-337.837659536302
852,0.0219773780024844,0.0466967472169271,0.00042004880177687,0.0120713092027096,0.0202360377792389,0.0104198069146816,0.0260182695054137,0.0638432527467089,-337.075889132454
853,0.000605201733847204,0.0414524676049149,0.000106754279557654,0.0409031122867757,0.0228741951810088,0.00740848313879109,0.027635618756563,0.0647512685018672,-339.259777541038
854,0.0112094411796424,0.0212269340787292,0.00422596641479039,0.0417083231968468,0.0276608187595321,0.00308916072218459,0.0371293979508296,0.0379627443450389,-336.032237692381
855,0.0122024930673438,0.0234831676110185,0.000388227515917738,0.0254659435110854,0.0218325928314524,0.00479922362088527,0.035823569270421,0.028575151710913,-333.292903699918
856,0.0123967833883256,0.0283066377612417,0.000844328960494013,0.0201644734421163,0.0309914206049698,0.00292776615619335,0.0310726136478643,0.048962155993257,-335.006294455687
857,0.0118319334254817,0.0247342444621756,0.00201568316880806,0.0184373958522785,0.0238200400002792,0.00275626050183897,0.0211744229025917,0.0329847443270206,-335.373125629025
858,0.00871412833509902,0.045394543771228,0.00520225703601881,0.0251200383201434,0.0185390517779761,0.00140709959422955,0.0195843776707387,0.0401475806524276,-337.704822938254
859,0.0146801095211992,0.0330747892467556,0.00683704678851874,0.0198284333243845,0.0358916712592238,0.0048707219817166,0.0230318534507309,0.0518713015546391,-337.025059728986
860,0.0146931230539198,0.0384673903008756,0.00875191619421299,0.0184176677713123,0.031795120535089,0.00541434301932916,0.0302811147699092,0.0474311556147587,-337.147003626953
861,0.0158326757606557,0.0269213602443136,0.00334954002526091,0.0317153206445348,0.00994459032509695,0.00851946336012872,0.0335335602150172,0.0225125734612591,-335.992802381069
862,0.0174653800716215,0.0254791777945486,0.00125512443372158,0.0540157332264135,0.0156519536437962,0.0121808518471552,0.0312360242376389,0.0418996757310554,-337.339702256891
863,0.0136941933663736,0.0338565334423107,0.002720402604964,0.0780555586991491,0.0202520316599598,0.00103364517275181,0.0337874967977889,0.023905876917833,-343.905586158175
864,0.00266729950873676,0.0349712755465641,0.00460072381393707,0.0340077876819822,0.0211202529431021,0.0166271721577764,0.0336127920599282,0.0278269735133378,-338.74097232676
865,0.0136662074867862,0.0269153412966756,0.00496580106498698,0.0284726990053902,0.0142675802285367,0.0146339404039366,0.0347283915530243,0.016021681468453,-336.407370763205
866,0.0108650022221957,0.0355131116635492,0.0054436500057365,0.0293210655381472,0.0112399455334144,0.00907583047603156,0.0255005847232498,0.0524248950491791,-338.408599062899
867,0.0203929916229213,0.0187631243586238,0.0017087319478195,0.0199966296087414,0.0298810120565809,0.0109862624592972,0.044203874903518,0.0636108955065571,-339.844633966794
868,0.01594727710709,0.0412313843310353,0.00316379877681283,0.00164823047687974,0.00961131902462115,0.0082669057039128,0.0369225789021062,0.0634937736430923,-339.143765547564
869,0.0217581657520463,0.0431672065166605,0.00158457206946184,0.00598918384177338,0.0350667583945624,0.00521783549673969,0.0251512378083444,0.0653070735479876,-338.935851900818
870,0.0051007369801221,0.0636880405708632,0.00139299129377456,0.0108849796259291,0.0349170888789896,0.0105958753794736,0.0218411839144255,0.0575526591021778,-338.564813724555
871,0.00703348042790311,0.0334074381904699,0.00483049626732377,0.0209681335054162,0.0275818571130234,0.00586674441952903,0.0320378649730643,0.0629482986361078,-336.339313781218
872,0.0256052582420583,0.0358095092055348,0.00327840549620961,0.0208686131999506,0.0205426737608867,0.0031258511136625,0.0293559430804565,0.0685149643021358,-337.346152745931
873,0.00593390546142629,0.0382486377987789,0.00317246584514259,0.0193133230129066,0.0207386571883151,0.000864211277603989,0.0344904807963484,0.0418943518726879,-336.49247301442
874,0.00925314245031292,0.0380445922394181,0.00394669428020082,0.0127629784682958,0.0204293721093547,0.00825522698146291,0.0406841035620059,0.0599223358759355,-336.550909360155
875,0.0047051104799708,0.0348309305822151,0.00581477642173746,0.0161309849059263,0.0448400757642632,0.00796079989695296,0.0180058618744577,0.0673260029237182,-341.637945173373
876,0.0229907179104708,0.0337049057434604,0.00445062833198402,0.0233482169716123,0.0172827992531288,0.00719890217239425,0.0188698830053666,0.067520961799446,-338.291444607421
877,0.0170662373369347,0.0293058296671358,0.000794716709765576,0.0205496895881012,0.01453702560501,0.00771160532424617,0.0213452119896517,0.0303775242685349,-335.535262528499
878,0.0165435589840346,0.0265739672628279,0.000712408890935163,0.022036820143252,0.0228378334170082,0.00817294041425153,0.0368661334875226,0.0409969641593998,-334.223306689091
879,0.0127516360358462,0.0332976903740643,0.000470374656164505,0.0408925679770408,0.0183960673454879,0.00446869015583442,0.0363128280701469,0.0361753288485405,-334.793403338763
880,0.0139619214688977,0.0232690511302375,0.00031868490454004,0.0378123096460967,0.0295242336826997,0.0111765017355095,0.030006801799788,0.0234395592085483,-336.361522180723
881,0.00885176937057094,0.0143832542752072,0.0045293113848604,0.0358197833785325,0.0113150688067481,0.00733910957946078,0.0331924475161922,0.0202707583524199,-337.526852515826
882,0.00629516117706249,0.0567344161330825,0.0132963824717129,0.0350704012779268,0.0178913827734467,0.00374413852863593,0.0244888329551036,0.0444740876761726,-341.672604705298
883,0.00536411741797734,0.0316403942840513,0.00829867631127186,0.0152886757707638,0.0256072171157904,0.00920770844674159,0.0295823971415299,0.0168983063169037,-339.458701028915
884,0.00813991577230313,0.030337019835652,0.0033889458390244,0.0126639284328628,0.0212567165512968,0.00909743222853883,0.0338214123096305,0.0398369383352849,-336.19750413959
885,0.0194520823740378,0.0315661220271583,0.00512872423423328,0.0291334534256151,0.0153752068088378,0.00390637718407952,0.0342698110485528,0.0481100076785664,-335.941986559958
886,0.0170474444371123,0.0177379129736554,0.00190903319942973,0.0598545596497578,0.0218594696687764,0.00362285300404887,0.0256244231456159,0.0485388483882045,-338.495715935301
887,0.0154633664860663,0.0219427734901533,0.0015923274810828,0.049199567371013,0.0252213106971363,0.00507530206046244,0.0285243236920304,0.0426934964722621,-335.849171958545
888,0.00977137563915521,0.0235635870613552,0.00152883452034886,0.0125128296099929,0.0246187604301171,0.0163414586007614,0.0261310329840644,0.0328517094414057,-338.95789961648
889,0.0150804171572906,0.0305419869519173,0.00127373850474304,0.0119716717837424,0.0119201049358316,0.0139008555039044,0.0242515400292433,0.0531905708154379,-337.25705201821
890,0.0205399711793231,0.0292409473283188,0.000366767912749917,0.022638480720456,0.023330202652151,0.00852477073908095,0.0221206414728461,0.0548199246617398,-335.531039301169
891,0.0236610753311328,0.0336795913284953,0.00140469649732865,0.0173083303326824,0.0170223489361969,0.00722620824714903,0.0390281983847266,0.0393615515258468,-335.993371237341
892,0.00796128777037494,0.0346892683058542,0.00174576235595862,0.0234273381917235,0.0144074957060531,0.00638216792236084,0.0329285928299693,0.033102525116218,-335.078726945993
893,0.00346967517801753,0.0392347375817769,0.00100217030685328,0.0262662398325159,0.0294840176428869,0.0026274617057615,0.0277383223117908,0.033468789938631,-335.36630279343
894,0.00544632220820954,0.038689573777922,0.00358474397824109,0.0136468939199473,0.0260210974215041,0.00335459858205081,0.0348547359250568,0.0649445952865955,-335.711335488485
895,0.0124073153947256,0.0380187054073081,0.0052057424963866,0.0173478513809815,0.0281343155316537,0.00387548997529702,0.0198558887142188,0.0366147504460207,-335.901954754899
896,0.016353622157956,0.0233424835734266,0.000830954302199461,0.0316011329601107,0.0164675390927358,0.0098171661844885,0.0152682674645796,0.0218729440058104,-338.759857408448
897,0.0093953870524541,0.025883247835809,0.00428099241210977,0.0307065563660987,0.0179280571426698,0.0188734004660856,0.0179684100253487,0.0176699110457536,-339.970175614139
898,0.00879339176522169,0.0307240692945499,0.00687419000768982,0.0178142810563739,0.0191702243959503,0.0232145781113003,0.031659721776457,0.0305207057173638,-339.839725789639
899,0.0157644644736705,0.0333025114460067,0.00618606704217301,0.0187513561679521,0.0126068173238897,0.0107870770264012,0.0392081662745598,0.0254010002984684,-337.309357754544
900,0.012818157963543,0.017692118439781,0.0111619132769047,0.0143876193139957,0.00949703288582946,0.00340089045369374,0.0393627992113366,0.0244601483994345,-341.242070098303
901,0.0226320697285627,0.0417019500140557,0.00589693544097499,0.0139723162976933,0.0248278988481021,0.00946699426906591,0.021246226272089,0.0454892070484298,-337.992105742505
902,0.007984776799001,0.043874284914918,0.00658729353412701,0.014210559057084,0.0238233951908461,0.00347111250418178,0.0131452587021557,0.0457192171976926,-337.301261696025
903,0.00108293054928483,0.0407839004558178,0.00540291032022227,0.00962547847448313,0.0328028296197204,0.00482149610156386,0.0191263059027061,0.0511970614040069,-336.919465134209
904,0.00433055112400583,0.0506958798750555,0.00174346339057484,0.00981012761307341,0.021835781098345,0.00442774589064666,0.0270587995919615,0.0600571206670073,-334.543865041142
905,0.00256671773703718,0.0499915368997693,0.00333866676496884,0.0155388701978458,0.0285981070257526,0.00323025186656099,0.0100615267060341,0.042051834573995,-338.088687617684
906,0.0269731575562551,0.0452449757167559,0.00443059532775788,0.0162038540999332,0.0330603262115151,0.00217902107760982,0.040557363440214,0.0561407076933321,-340.200648186604
907,0.005766710944118,0.0466715817719775,0.00116397826662062,0.00620137079399408,0.0297075793322352,0.00213416365372648,0.0284332130125238,0.0548399047226261,-335.155589099381
908,0.00779309839861069,0.0376143868508748,0.00180049576236388,0.010665008450264,0.0204515667818634,0.00820229763448349,0.0253259118184051,0.0549553294552427,-335.743439854514
909,0.0211132179806947,0.035959128054837,0.00152015994496187,0.0127475146511016,0.0266243663847482,0.000904692428912412,0.0286205176119141,0.0408873527013923,-337.042384709076
910,0.0132599882732509,0.0443820053939449,0.00321992332519858,0.0153683980307473,0.0200378287349872,0.00783472650143969,0.0268145042965874,0.0594925876640757,-335.81320936213
911,0.0127810384775869,0.0265055617488545,0.00284849532453934,0.0277964751996555,0.0120018700370703,0.00708980329419395,0.0423947402878975,0.0185468336861427,-336.02308367092
912,0.015889991670232,0.0168747850502159,0.00277224468781154,0.0429558411401493,0.0115075892073804,0.00651629233257727,0.0293928558811643,0.0296499646351701,-336.173843540169
913,0.0141210262936511,0.0251044508573458,0.00220205262013178,0.0257456182261954,0.0121091385940994,0.0079194864294833,0.0323364303814931,0.0418309219353259,-334.814675597691
914,0.00893175792728355,0.0226289803309523,0.000968119702338445,0.0458073969372149,0.0150175955357016,0.00294891565350087,0.0341920379799946,0.0100796734634845,-336.835158440003
915,0.0182439995613598,0.0289180045632451,0.00013675521356307,0.0447167149475868,0.018578528099149,0.00385273760929813,0.0286301798927774,0.0596979727713696,-336.961251033248
916,0.00737578915457132,0.0373132366334309,0.00103392255074271,0.0271973317995945,0.0183218024844327,0.0033429467443043,0.0350947919141545,0.0209442732663433,-335.577861828732
917,0.00848534595586668,0.0296490393924818,0.000289606071350813,0.0357400263165583,0.0158320634733262,0.00387837886176586,0.0327556611239188,0.0237854309277252,-334.361867076669
918,0.0260068477657747,0.02990722246859,0.000401629997607467,0.0309066195167074,0.0163070452413452,0.00508243609680963,0.0322947674076142,0.0255180086327305,-335.851149404554
919,0.00777981234762765,0.0176414326325974,0.0255233230011947,0.044414739822698,0.0169198035085849,0.00654844757946531,0.0276913331817156,0.0193331031153865,-342.492378304141
920,0.0201973499649272,0.0201814088752356,0.0222663327813692,0.0171943452847914,0.0140914889945842,0.00843619405201704,0.0295374177887733,0.0447913954785387,-341.621322814885
921,0.0215802791122574,0.023471106596794,0.00836366830546466,0.0265586497340636,0.0220056114342153,0.00994382828777519,0.0203801703161249,0.047541663990935,-337.982986361707
922,0.0139530103546428,0.0252487841047173,0.0035371075688827,0.0168754362252369,0.0263923928501185,0.00507111289205078,0.0272715389335578,0.046009415536001,-334.778034448783
923,0.0170728559163838,0.0238539967455753,0.00288381894842826,0.0216864826452836,0.0253996637053678,0.00847809335360722,0.0309843091655636,0.0495592424466145,-335.176954047191
924,0.0167678346563753,0.0373068135236074,0.00190185569328311,0.000865185117415486,0.0190352099006913,0.00578038810726155,0.0233925257003043,0.059500352502405,-336.544215782361
925,0.00554376311048308,0.063904732292717,0.00411948561101967,0.00290610307464671,0.0262485953679665,0.00419687250218836,0.0471095311731188,0.0671700082958552,-336.262009507418
926,0.00604340392354615,0.0440663320307134,0.00425693451109808,0.0129968027331938,0.0239408953950267,0.00334939716020264,0.0472145203277459,0.0617708357585431,-336.940195136074
927,0.00793678703884201,0.0513778833686406,0.0143488986261014,0.00383976189107702,0.0197196958819797,0.00163918720300469,0.0182414356988024,0.0575916753503685,-340.639253034566
928,0.00550434940725931,0.0516829948078558,0.00222681009541151,0.0129853342452108,0.0236609944639127,0.00853574883848712,0.0219934450609534,0.0397310300266581,-336.174562923234
929,0.0133020618445064,0.0582231775210719,0.00285824602114356,0.024837074827161,0.0391317597947656,0.00643631375950699,0.0245678999778087,0.0453211881730036,-340.069083541042
930,0.0166097149390689,0.0468125028195149,0.000172988587474162,0.0224277876167334,0.00870713000900731,0.00978476507552597,0.0430292338885951,0.0680484786617454,-341.011427745309
931,0.00273965388002567,0.0481800412203194,0.000454602980695086,0.0202745499649099,0.0291398960886785,0.00538171215344847,0.024266263019249,0.0674623151377181,-335.615546608567
932,0.00548551947624024,0.0462388590090972,0.000216874808145349,0.0130186827853977,0.0276241862642949,0.00578028478862698,0.0431486990890235,0.0554249574790575,-336.09065176668
933,0.0164635236028433,0.0350612098455935,8.11011831489102e-05,0.0262317553375508,0.0354887960351369,0.00412675358010923,0.0306016161743592,0.0544108141336208,-336.491464903541
934,0.0161601875971802,0.0342407269983858,0.00195294482450528,0.0206029483666886,0.0110735569506614,0.00166499528083507,0.0373078547190094,0.073483840086674,-339.397417626858
935,0.0198169853104446,0.0378013376759767,0.00183547094351701,0.00608529734852838,0.0106359389891094,0.00436506254403544,0.0312135118604596,0.0303646611177144,-338.954959956154
936,0.0109020957175354,0.0306740593129016,0.00532512011226045,0.0159829919397759,0.0181795791722936,0.00471475644207003,0.0319672072531062,0.0369434503018695,-335.06315663381
937,0.0115960055887521,0.0331251485617442,0.00741682319933283,0.044691935835141,0.0163406911858787,0.00232038064627196,0.0385328707153805,0.0303713385411272,-338.101126326069
938,0.0148116691629432,0.0132632739971957,0.00389225434090635,0.0287025023363067,0.024895204790645,0.00426649385025054,0.0445758631833453,0.0246641299523114,-337.59468930399
939,0.0197571420128895,0.0287584126799086,0.00656884861311113,0.0388903373803879,0.0125070509487474,0.00135949156470398,0.0316925856801382,0.030817028627891,-338.667882415761
940,0.0190701776909555,0.0250068966566216,0.00224851726714122,0.0257496026064146,0.0332808156812472,0.0099041066613803,0.0242310739088016,0.0571071169964111,-337.565884444208
941,0.0146040292240692,0.026849006886045,0.00542409920221614,0.0203314752206089,0.0204505178308656,0.00281136057965104,0.0416679031468855,0.0534392686481714,-335.838155903488
942,0.0109609176429802,0.0367769210147475,0.00169798858936984,0.0221111275782493,0.0202311242972786,0.00204489716652258,0.0215710173417713,0.0433954381672943,-335.071990400057
943,0.0154969462155417,0.0377067039731225,0.000185094025920356,0.0442650067609802,0.0289281534674536,0.00306910885949479,0.0390078375693329,0.0283091135480502,-338.090774121084
944,0.00330410037369716,0.0214811051114367,0.00281375161203092,0.045644161104302,0.0230384596801323,0.0109541607311489,0.0331684530253411,0.0283242141153286,-338.483639538249
945,0.0107227747495954,0.0202154474396386,0.00189535577629451,0.0356941252651559,0.0274301346706061,0.00561226592713159,0.0222668153947947,0.044396725518273,-335.887592527669
946,0.0116776087404907,0.0284374326394686,0.00305782117802525,0.0139678362391865,0.0331960588744402,0.0024851428712178,0.0273787522672252,0.0477737108260301,-336.058468519206
947,0.0126912453145633,0.0220732745456739,0.00294322971789723,0.0381948582288026,0.0131868874236606,0.0149306112683785,0.027046577626279,0.0544252683721353,-338.263854719564
948,0.0117407843920388,0.0285365554685399,0.00214417661641543,0.0233193224057472,0.0264779268097181,0.0161155927146316,0.0438538165715617,0.0421718032881122,-338.17635308597
949,0.0125805220265988,0.0147004520288608,0.00396316182257338,0.0595187395729722,0.0350635379806946,0.0195797428696975,0.0450675882874242,0.03090421451535,-344.731813912229
950,0.0102351912360329,0.0231448969750786,0.00174327587429893,0.031543852854512,0.0258198007334033,0.0167687717083756,0.0273979884853395,0.0338892482622743,-337.300084370331
951,0.0291705130688474,0.0410303733297732,0.000987172446899351,0.0247512764812202,0.0251528278755805,0.0131885016707674,0.0209288629196599,0.046719344457988,-339.735965163494
952,0.0180344963012285,0.0424133617302724,0.00258306672082401,0.000688410395735229,0.0176031410604137,0.00998792681352473,0.0258872694734982,0.0610137228512287,-336.949183971098
953,0.00538660905459728,0.0474625924185125,0.00300649072527497,0.000878754585592725,0.0234098483416761,0.0107358908884579,0.0215880523421195,0.0641242907174948,-336.935146327797
954,0.00488896955143714,0.0568933318742818,0.00259836007689298,0.013490872386973,0.026394513058808,0.00299328333985338,0.0178814420013922,0.05580143026933,-335.891231915619
955,0.00281115749538941,0.0622722304030391,0.00200868169813334,0.0105083852227689,0.024773953554779,0.00368960599268654,0.0368469141911289,0.0699962048366778,-335.635166572147
956,0.00890059237354508,0.0432097993918144,0.00438697355497942,0.00325303243558836,0.0190530845996577,0.00347116017953119,0.0325881943498549,0.0761216054273463,-336.633674221038
957,0.0228940042583602,0.0349942156680654,0.000337502049461753,0.00705271750446512,0.0184205788089287,0.00457848604519374,0.0324397223211795,0.0303372856194866,-337.171145560246
958,0.00481720147829402,0.0387584396574193,0.000146490961419438,0.0355283480414793,0.0350259393890682,0.00390834167025614,0.0374486636765097,0.0602470236193478,-337.370606223384
959,0.00467897854707563,0.0336529962547793,0.00099177558702552,0.0200716480011574,0.0223032082931648,0.0054922917861716,0.0395815643366124,0.0354900194404396,-335.54813559834
960,0.0219040576593847,0.0247016065311235,0.00140245962652995,0.0297829545343678,0.0110236818151792,0.00701375829650103,0.0354081995255813,0.0257208553929027,-336.010306647927
961,0.00781468847753461,0.0344953605641225,0.00196241668136947,0.046345339457192,0.0291665022312402,0.00691804072344388,0.0329257242826227,0.0290321467880204,-337.462969403867
962,0.012560904312709,0.0107810592205047,0.00984793032091208,0.044675251457502,0.0240981188024113,0.00500316703265946,0.0365682160003778,0.0295562919611552,-338.216784543289
963,0.0154402799223416,0.0336661794820083,0.0156761171149876,0.0413571999416474,0.0164877989077156,0.00524544157032201,0.0261214418660996,0.030207738743135,-339.695720311661
964,0.0167766828539766,0.0534007646766043,0.00282234989208911,0.0410706976680834,0.0251421746011342,0.00239198436858987,0.0260427926973298,0.0500848441381265,-340.234554376875
965,0.000493486288459924,0.0564716458122318,0.00553366833339543,0.0277188700070842,0.0238174416902419,0.00214556922658317,0.0284801903818619,0.0441079179301684,-337.018111253763
966,0.0101723206367084,0.0414196214299388,0.00766961417376309,0.0255486350336214,0.0278822564661043,0.00314368732102411,0.0203655504373386,0.0511195046304377,-336.827033478616
967,0.000447825262362006,0.0441360512294204,0.00863896677769342,0.013078862545756,0.0220317755031199,0.0112327108853532,0.0213005659801751,0.0637019001531862,-338.561702991851
968,0.00734412007921899,0.0708817187048007,0.00459783451270374,0.0141848798203299,0.0254681251901117,0.00501825544582095,0.020746270152561,0.0353066668336861,-339.81520681005
969,0.00857766394354527,0.0245552315657931,0.0141554601483655,0.0142877517298242,0.0224491234823836,0.00314936284775858,0.0262752194392044,0.0407548466212228,-338.185658936817
970,0.0197367270052645,0.0368477600354084,0.00491290159775113,0.0206214253987852,0.023830494363646,0.00428079734540821,0.0266585138173042,0.051617731677638,-335.212262916256
971,0.0169306530490978,0.0370661399629446,0.0073836343617097,0.0151471476551601,0.0281745675698054,0.00295960730748266,0.0297384758717723,0.0586948407450003,-336.618237528079
972,0.011745413474904,0.0428158060648384,0.00421469861918598,0.00955143390851287,0.0316864088695095,0.00497510239311489,0.0381100297128637,0.0619006969372702,-337.23624047166
973,0.000827387209786673,0.0493544658123436,0.00799174093718697,0.0177616117164125,0.0212831055532958,0.00642834637476035,0.0422223331994088,0.0542475313526761,-337.258444436062
974,0.00451204538911265,0.0436466895358971,0.000722435219866594,0.0174229934049837,0.0297240375724527,0.00702711525666618,0.0448205962003846,0.0635886145997366,-337.210825277759
975,0.00170193581506443,0.0406331944734361,0.00748581238614424,0.0209964840394317,0.0133804337607311,0.00429887443224022,0.0335255848110193,0.0595424586162017,-338.309045470418
976,0.0148485428570337,0.0210203661201868,0.000873045128294644,0.0133963119022176,0.0230615589187632,0.00294668170687899,0.0427577595914777,0.0398263199790471,-336.60357902314
977,0.00798606549604577,0.0242218127571719,0.00391325317321662,0.0269400370950585,0.0325543782998955,0.00593046580656924,0.015595699126278,0.043554767287289,-337.836686064363
978,0.0242394776439032,0.0274821625586334,0.0013589926925287,0.025753597645291,0.0389599793217384,0.0145011744024765,0.020131723358707,0.0483479771417335,-341.421329554178
979,0.0143744525380001,0.0236983652711379,0.00184609691925218,0.0352807320083713,0.0277302802867789,0.00390956202700718,0.024164198060194,0.0475764781964077,-335.341603201074
980,0.0140845818819058,0.0295589651923832,0.00322990535504841,0.0121369906523135,0.00736201672715375,0.0102762191402641,0.0463114626756453,0.0736809631601011,-342.22845190133
981,0.015637328716421,0.0340467110786565,0.000833373824578831,0.0202034463340744,0.0255115088404887,0.00258037867758848,0.0428841140856494,0.0479148027252962,-335.519506535423
982,0.0202468060030891,0.0370087741317063,0.000856593705304794,0.0183885922015379,0.0221295128135759,0.00266837306007232,0.0181823119030049,0.0508041337302634,-335.443326107651
983,0.0191766589832252,0.0307700456648783,0.00188776503316191,0.0206264870918058,0.0242973848682883,0.00192927269633911,0.0400647236638979,0.0507941769401562,-335.610981793192
984,0.0224691799271029,0.0235609696954565,0.00273332757731077,0.0164642464402603,0.0173741118202726,0.00414282435653795,0.0380933373760162,0.0531426682657351,-336.266639900892
985,0.00746788506021136,0.056842607787654,0.00886024252565989,0.00731160292152465,0.0263274477897626,0.00106861548883126,0.0201026350083063,0.0638218698529537,-338.266162139919
986,0.0082143493636114,0.0509226265242271,0.00343902580006925,0.000655529226183774,0.025222418865355,0.00069901880156313,0.0267387333706603,0.0475243329180199,-335.27633208739
987,0.00992689132615917,0.0748420335539431,0.00418459036530371,0.000598936358503273,0.0246883013897663,0.00377536974356317,0.0382714871940542,0.0670514024605993,-336.369357699027
988,0.0053277470648271,0.0843651568708075,0.00160944003644736,0.000718844208119898,0.0266908238142861,0.00312895638704481,0.0334694830819172,0.0565046710215423,-335.840463863764
989,0.00327644173336966,0.0424345328839507,0.00584473674011266,0.0279549303508627,0.0266427746655315,0.00191629028990475,0.0279270734188201,0.0523188478644444,-336.277946072004
990,0.0124226559993215,0.0231662375270713,0.00637972409230813,0.027432617367227,0.0226046725533598,0.00635393285750595,0.026214616533399,0.0336646888889661,-334.989265937405
991,0.0150565444402495,0.026724140001488,0.000825518573731395,0.0289806787411637,0.0166498438849789,0.00423451265174626,0.0255147121612315,0.0362746493266134,-333.888256201991
992,0.0171281663836387,0.0193443119549595,0.00402146431677817,0.0459818899697018,0.0174825613280137,0.00649949956526166,0.0432447810975925,0.0325060804557225,-336.025882480379
993,0.00987268510244358,0.0248590780783669,0.0040333736711525,0.0421418104626751,0.0154386252642827,0.0101264450639312,0.0447385803069247,0.0472450112315826,-337.075692629826
994,0.0205408006460515,0.0129857817356368,0.00177549752345065,0.0279714353248984,0.0191855618052662,0.00385370807566867,0.0503985018099558,0.0813857394819548,-341.259843974176
995,0.0262213445223021,0.0198863725253922,0.00180345438174369,0.0259296855937328,0.0184760844867357,0.00675812056519078,0.020568050679827,0.0176952967201944,-338.645053249932
996,0.0066114731361037,0.0265409904841496,0.00119647549635416,0.0307945207777933,0.0256229165534717,0.0071564644943765,0.043752329424115,0.0125893217748247,-338.626407841547
997,0.0120334761973781,0.0170054515816128,0.00162684235531034,0.046429676379267,0.0327270918407998,0.00606863392200072,0.028147967231464,0.0254145995125808,-337.263941849345
998,0.00943055641988212,0.0302034298659762,0.0024432489158049,0.0167478919549779,0.0146534139930924,0.00910740937983114,0.0368521200853502,0.0477070104589558,-335.5668317037
999,0.0110509016095283,0.0369063452786367,0.00413748157322988,0.0232936487680575,0.022308289107461,0.011598550831109,0.0163884676198784,0.0704411148056267,-339.629893849571
1000,0.00633051835956028,0.0380357839421469,0.00603039150844541,0.0104530878730073,0.0196619293431282,0.00280924253357575,0.0336443382822419,0.0482500631406501,-336.251351911537
