"i","asc1","desc1","asc2","desc2","pol1","pol2","tran12","tran21","p"
1,0.159459127712478,0.00611404963273438,0.0218203951490013,0.0533278411078086,0.0855997074860822,0.025293017310574,0.0202556334841776,0.033794090971745,-801.596205291142
2,0.146945193434003,0.212069078358412,0.0152766820667635,0.0262673024961979,0.0788012286908309,0.00650425504043139,0.0179046390215236,0.077993208843701,-777.267470673345
3,0.135753289379384,0.0531871588692837,0.0127673056010754,0.0148194651416604,0.073628016228993,0.0115518869474835,0.024302676374348,0.0677968694229973,-770.850923313283
4,0.0300744664779076,0.142484068682227,0.0237779343882801,0.0116898172251938,0.0684902623462563,0.0144900111120262,0.0396267455635886,0.0704450114012735,-765.423209720787
5,0.0528386454570924,0.075572878512468,0.00161903439582834,0.00751420621104399,0.0693113755546198,0.00301216811805336,0.0431929177323962,0.099313888893619,-763.372038192039
6,0.0449014168712125,0.114012559088026,0.0181806706046402,0.0103427034089648,0.0766581389804537,0.00979548127975259,0.060620208685072,0.100105457424703,-759.005660940427
7,0.0405984318290988,0.110992109593874,0.0173915712192845,0.00157985732775464,0.0899294965440978,0.010756355898525,0.0669614686789653,0.0997774510167639,-759.848744582427
8,0.0643546508520971,0.112726858767812,0.0107120870692414,0.0309320398129042,0.0888702264995519,0.000625055993697253,0.0569244854903199,0.0944120979680049,-760.125031407701
9,0.0641771796261181,0.0819851376647098,0.00518953341415735,0.0408311549410618,0.0884252422776482,0.00535029186685726,0.0627741144385669,0.0918193614616411,-760.722983685509
10,0.0704517960180061,0.0953409975664097,0.00279245146735828,0.0300596988638021,0.0976476080161554,0.0040600811687226,0.0833320063086989,0.134406913432235,-761.042526166835
11,0.0683092014751008,0.0949022415375026,0.0094985552295842,0.018354956184965,0.0988793477326544,0.000868021513976518,0.101845217066211,0.125225856542256,-759.753443517437
12,0.0450604438173437,0.0913009550097693,0.00606914290297974,0.0209838782042312,0.11336194338559,0.0014093721060143,0.103467786256024,0.123623051032275,-761.076747156187
13,0.0405156995703624,0.106758983115893,0.00948583032001857,0.00111491744713617,0.121137123737958,2.73301814038499e-05,0.0911184381708673,0.128627319403334,-761.634279279812
14,0.0558110867203879,0.16237151395831,0.0168609728706157,0.0107253851987024,0.105301042170433,0.00526706335128192,0.0850811783978081,0.0979841957885087,-761.738839271688
15,0.0652356045092704,0.140600587555061,0.00531280446118623,0.00918496855141207,0.0914223044838407,0.0140967680739405,0.0785817759405141,0.0983013172380758,-760.565519473043
16,0.0879003936378074,0.127998241012586,0.000523734601891189,0.00764416441955021,0.086209859589657,0.00414739172177145,0.0678388680429074,0.106174206544701,-758.642557791629
17,0.0903634491988726,0.121117136933705,0.0112957214160799,0.00772732014426214,0.0745987429700953,0.00223804545238678,0.0714260848024745,0.132824449289057,-761.217786436463
18,0.0851984501850186,0.14231141246072,0.00464468298349641,0.0140860414468904,0.0986348423497128,0.00531447434150898,0.0978237105266813,0.124072831632929,-760.39659243926
19,0.0709687530578924,0.123884957820841,0.00318764443511989,0.0105433887213117,0.071287778916663,0.00329467119847996,0.0710059273317198,0.109902100126271,-759.330203565866
20,0.0703574900641716,0.0814332504506004,0.0103820862509879,0.000809923222795151,0.076386902766707,0.00598762125562815,0.0762677316926483,0.110632209219722,-759.498217791251
21,0.123600099584607,0.103593241252169,0.00314710853348344,0.000753870195807333,0.0768538224971986,0.00475436226511224,0.0966855157368153,0.13271811314303,-761.274956328376
22,0.110767402440914,0.1157097341944,0.0178555733374786,0.00179152876510802,0.0951974962690783,0.00763510531229322,0.122651475048712,0.130744585209363,-763.7174715495
23,0.122958808284683,0.100826828503908,0.0155564551684056,0.00133244761753578,0.0909053727008916,0.00899630543056596,0.122194432158047,0.111438893079961,-765.020754416388
24,0.0909963793237994,0.0884560111563873,0.0139759939853214,0.00101587462011178,0.0966106100888815,0.00632787917621057,0.0619801706503913,0.090944367385145,-759.256908454864
25,0.0959107381653123,0.100744770253008,0.0273218714515659,7.43712414534093e-05,0.0793670582305961,0.00775708138788614,0.0534163670822903,0.118201602117774,-761.129265891278
26,0.0586317228213858,0.0875655692187157,0.0267662488130507,0.00186182975663874,0.0642935831777579,0.0067365063736111,0.0834724318992649,0.108178338984021,-762.36088409628
27,0.0335122903871335,0.0611981528427504,0.0303292556725285,0.00151288848205541,0.0868978945583317,0.0014192264124183,0.085233448154115,0.114447452462658,-761.512561000922
28,0.0896134055981184,0.0806764932329114,0.0266020900022851,0.00593820089966964,0.0953062939534982,0.00184264203760951,0.128794811840836,0.144481444152757,-763.337945132425
29,0.0855748889154296,0.080025460219982,0.01376495797465,0.00671575447423706,0.117025705633166,0.00336333372496947,0.134963257716567,0.136292096425177,-765.380002312314
30,0.0553851509378545,0.0945194014370314,0.0104117639407793,0.00714895705880476,0.115447389659875,0.00139354325399246,0.0797276443616575,0.119798708302184,-760.584853323145
31,0.0537511940187775,0.123054426736615,0.00590666776633753,0.00528227235023271,0.0951490371961863,0.00238266594077655,0.0806579073789062,0.118730451201928,-757.39900294356
32,0.072051848609298,0.144069361539317,0.00655334135585018,0.00505672505163067,0.0872348947038068,0.00918670172780262,0.0729025277835999,0.117544941554537,-758.878108710762
33,0.0585933105585172,0.0940109920034399,0.00409358832313904,0.0218741438684908,0.103602103245407,0.00468722901643131,0.0690998483515534,0.0866698135854084,-759.409139160762
34,0.0566900725375206,0.0963925900825953,0.00902920725544175,0.0210731499795266,0.0866112317882542,0.00783092419695465,0.0614704968172299,0.108265427114635,-758.274048894413
35,0.103861095775293,0.0967407174929137,0.0104033199332198,0.0131627920224848,0.0756334245553859,0.00865129443393622,0.0667701780196398,0.0966891509395061,-762.285626509824
36,0.1066297976066,0.0694485492451587,0.0167329571241577,0.000189100249254579,0.0730638935666584,0.00817879275246733,0.0570862432911101,0.116848939464783,-761.461150151318
37,0.0645839602815846,0.116631045816123,0.00288057226247525,0.00437886929752502,0.069486904753473,0.0101251771629992,0.0911345204503779,0.147158649714218,-759.63348001249
38,0.0777943164178536,0.104561271343944,0.00606377182671493,0.000995926809759245,0.0748175987856021,0.00306594061135577,0.0854120881015623,0.162085152663009,-760.642362961199
39,0.0636309266927484,0.149304663181242,0.0075986550253959,0.000535152301000141,0.0812501430205975,0.00655480579621181,0.14643065033422,0.152741892924281,-763.414267685584
40,0.0792814570495674,0.155641310979065,0.00358417840039772,0.000594842312650228,0.0823971568204791,0.00252155522452123,0.109290004681657,0.123127081744271,-760.741979117877
41,0.0918236206024722,0.116086231048251,0.0137827252385226,0.0158646235615477,0.09544468093473,0.00304242446196511,0.0708876714063711,0.0941508193829838,-760.489763926659
42,0.0206073615612615,0.0779584027837794,0.0151805644678417,0.0191203342196426,0.0885182853096254,0.00429530344914641,0.0753585320487802,0.143307249026626,-764.006522539609
43,0.041380062248464,0.0860341115798822,0.0216580100421871,0.0335694236051292,0.0775961827851356,0.00431657840866058,0.0958214336198178,0.128078486488068,-763.691051817513
44,0.0525325150226894,0.0939856772339432,0.00658727017154935,0.0365791709361088,0.0994418485232737,0.00304323288314128,0.0979260382114174,0.141600080472033,-762.986912569814
45,0.0786656460956638,0.0944842826158582,0.00740880771141238,0.0360608188769811,0.0959874310709865,0.00135091309028668,0.0818635302682814,0.0896482189459476,-762.48404504259
46,0.0434116311934724,0.0967562113290985,0.00267659716396729,0.0309890171280546,0.113902433779706,0.00298809671460931,0.0631487756170839,0.102700344504911,-761.675203202688
47,0.0827419434360123,0.0877482600719281,0.00478852448139413,0.0164496418847165,0.0669596695524463,0.0072371915155161,0.0713082610716621,0.0970907098305392,-761.075996032734
48,0.0841661196731316,0.131922945844675,0.0021420657301916,0.0160023900235421,0.109636597944552,0.00754065075789264,0.0749353771819777,0.0925446048823673,-761.04191109619
49,0.0727877696147767,0.0858987137964929,0.0334140293944617,0.0166048349645426,0.0763220903176341,0.0110752726466058,0.0740332657082368,0.11883767138194,-763.644662566707
50,0.0552607280548763,0.0787354640094562,0.0188822561677408,0.00311268512142867,0.0736284746711022,0.00503685518952392,0.0621098579145871,0.0976881977756738,-759.474554842364
51,0.0723644918529164,0.0816014610674377,0.0286633827936086,0.00951829989901006,0.0988752187666441,0.00443475101315366,0.0777225775415194,0.101749300304652,-759.775678021877
52,0.0755277465516488,0.0923486683965563,0.0248060914185387,0.0111055983364383,0.0911468743514628,0.0032222176579709,0.0866336742444752,0.105339705335372,-760.631755938816
53,0.0488927437965799,0.0646243923266732,0.0422967265884896,0.00846015271524621,0.094359840969074,0.00549795099234516,0.0737097616899825,0.106625681649867,-760.922140527681
54,0.0401863448520081,0.0811072708903515,0.0148497233893257,0.0168476656255594,0.105112173633086,0.00853144841233611,0.0576121505615222,0.108498647827523,-761.000561561835
55,0.0395360303597348,0.0696391387206636,0.00874478032839681,0.0263362998010678,0.100140512492088,0.00470786935490304,0.0804416511436398,0.101178539104605,-761.113250626012
56,0.073880734738986,0.0828485957986744,0.0142940764335856,0.00789645893773402,0.0792206763405101,0.00511781441728523,0.0612626773353407,0.0978868055281597,-759.819029452695
57,0.097349067036489,0.061794206087595,0.0206841553198116,0.01288464159585,0.079623451215243,0.0132169358533479,0.0799821989476154,0.104154506600573,-763.81370487976
58,0.0583138859195739,0.161202220004457,0.023661005608845,0.00333727475738787,0.0924835885571649,0.0121727056554767,0.0865851891228352,0.1081130715944,-763.638763790041
59,0.057283892394507,0.0885039924613043,0.0241417613783201,0.000338710150949143,0.106093742842267,0.000316566284911558,0.0911501328194869,0.0968849484647207,-759.458567212381
60,0.0720367420911933,0.107482092428348,0.022008073528725,0.00554007928522637,0.0954814553601019,0.00730817420051078,0.0448262267331048,0.0600255907356621,-762.197564947134
61,0.0432078823450766,0.0658131831008217,0.0295640496889955,0.000899030388290714,0.0760901483284808,0.00634956151467223,0.0436236868066037,0.0829495155922358,-759.957147938772
62,0.0449664214534911,0.0718072944788368,0.026104296291838,0.00329966118595496,0.0942520093664238,0.0100874638674083,0.0479392726786294,0.102078515449759,-760.731935609569
63,0.0749171257028057,0.0854261568327113,0.0248009721643334,0.00243902471682381,0.0904580030246958,0.00598424918178256,0.0808044293437376,0.103631130457804,-758.696699986679
64,0.0420425583708366,0.184346135169883,0.0231927988164579,0.00646642307408411,0.0880105265833343,0.00475943804968619,0.0754688719037226,0.0849828819026879,-765.956760442001
65,0.10032576085596,0.169512332301984,0.0209349886681871,0.0134507870275643,0.0973001429870095,0.0140298821309775,0.0736375406814299,0.10178619973576,-766.315188970228
66,0.0760917492240113,0.10271135944322,0.0151730287092659,0.0201195128818283,0.0915076497773916,0.00120107523961193,0.0656129309574208,0.0999988719476704,-759.318734569697
67,0.0684108135345243,0.111271980689998,0.022088586821611,0.0370487264195331,0.0886000852102016,0.0073442211231504,0.0843078751620349,0.108966342488912,-763.972075165276
68,0.0401676562811248,0.117942373383365,0.00952347069754739,0.00439212927821873,0.0879108129650879,0.00717100426722685,0.0720604035424062,0.116230052745523,-758.014057746351
69,0.0549393218258937,0.0983488162723261,0.00302934629776897,0.0157741555773598,0.0833101367576982,0.00874621240045958,0.0660270966653575,0.0839347506939133,-759.780171211503
70,0.0719777886456891,0.109930479626144,0.0117568817287265,0.0240091165839521,0.116945428598615,0.0121230061200428,0.045479891246603,0.0501401821596893,-767.716142461536
71,0.0270259558478478,0.101074693889398,0.0142683007624395,0.0237717049559289,0.0728454201854083,0.0181366999681896,0.014316346728736,0.0635970976282399,-767.543381807915
72,0.0514477085700192,0.104005925624686,0.00615588287317219,0.0237112659666546,0.0728046856773112,0.0117818360563155,0.0544546585076089,0.0889366030635695,-760.155021894895
73,0.103056601987555,0.104601141924143,0.0510819816903791,0.0189583332663575,0.0713620466088706,0.0102036989662072,0.0462070817906022,0.0753946910192046,-766.506650921292
74,0.026966343030669,0.0804279496652112,0.0251536832126819,0.0241201265066722,0.0765985463482268,0.00470635252089213,0.0428535843439606,0.0721775261730855,-760.754036694345
75,0.0650566089723737,0.0830867586910077,0.0248899513001369,0.00705134674723847,0.0970832345206294,0.00473084120274117,0.0465892524437849,0.0890663859669541,-758.67574980566
76,0.0611310250055771,0.076774031375048,0.0417333122551467,0.00319723150669107,0.0821649893997764,0.000913392152019337,0.049836245687642,0.10083594403736,-759.724762252789
77,0.0410441482327862,0.0719554535892058,0.0230659132234507,0.0239166170872084,0.0826706617722437,0.00577183148688986,0.0573675578687219,0.0924279867584789,-759.800999405489
78,0.0457449044066649,0.128511453901024,0.00566904562100728,0.0226121922522103,0.105150180657779,0.00409018178943143,0.0528479220027614,0.0922991929853666,-759.889701203509
79,0.0624943157589136,0.102805768099591,0.0207178461198039,0.0086206545508057,0.0816107219137557,0.0100161862026073,0.0535692867748029,0.0929432896278128,-760.04505118519
80,0.0386121929802531,0.0984572722862853,0.0080399190116814,0.00308036847725491,0.0803730880822528,0.00767451991718118,0.0423801809590888,0.0937550616254956,-760.529484090884
81,0.0419677116890994,0.146102194733607,0.00946983196220162,0.0136390957486059,0.105387026426769,0.00428370569292868,0.0836757620976682,0.155887425999299,-764.588891984329
82,0.0458385206067149,0.0963090135367947,0.00439921158031242,0.00871008339531007,0.11687926499489,0.0046753238283161,0.0906509689905619,0.102179061052206,-761.686585843504
83,0.0472790112155536,0.118111022163828,0.0378180458810763,0.00723810376137333,0.086553286568522,0.00763251666546582,0.0815622552115093,0.119980066419442,-763.164384925707
84,0.0521539525081742,0.0743229026110152,0.0256025547519588,0.00619629707820925,0.0763049751905514,0.0017655644810633,0.0657848866499516,0.109949441136091,-759.560434781202
85,0.085944564385377,0.0820981591472708,0.0311707115026262,0.00492957540163639,0.0995696719552196,0.00380230336769088,0.0689405360838277,0.0956062741113112,-759.47920396121
86,0.0997758251175215,0.108491089572684,0.020031853582658,0.00325476832645703,0.10580252383854,0.00483677025007798,0.0690146508941781,0.0866382046141214,-760.456178358531
87,0.0426643823975436,0.0961049282516571,0.0315901390682383,0.00158645467196529,0.0873200055135558,0.00403179339709212,0.0620001459453935,0.100091406275942,-758.069261763109
88,0.0687629677736845,0.0845989686861491,0.0284190784823748,0.000750398533042321,0.0993891537471509,0.00223576571387073,0.0523211559063999,0.0877963152949485,-757.963318282293
89,0.0572694572445875,0.102626374318912,0.0235830396539149,0.00263882106410919,0.0914040822242004,0.00120377693911679,0.0682489311696839,0.123665806565986,-759.17059433779
90,0.0844435881785429,0.1067667600046,0.0138425064979231,0.000539660434285305,0.0890883058847978,0.00110123298669368,0.0919215238875453,0.118906023494061,-759.028579455898
91,0.045632789485727,0.0867915229570809,0.042811797654845,0.00116287632617283,0.0968818860465233,0.00652435647743275,0.0748423378986001,0.105210951878582,-759.616500366415
92,0.0530135010009873,0.077423537919924,0.0266434871262255,0.00302334669891428,0.0881482746365506,0.00275560164200857,0.0649673000853749,0.104872457733751,-757.85052316955
93,0.0686106092884871,0.0917041921576586,0.0307896002619907,0.00105836701612726,0.0972058119117032,0.00455838098611848,0.0734899950523612,0.0954182014136166,-758.146468628481
94,0.0648676591966209,0.0978627215743481,0.0276056922899472,0.0022676310558229,0.0980805558621008,0.00107323940596696,0.0549211546206023,0.0995126087147807,-758.187509745593
95,0.0686490998332286,0.116840533915478,0.0244555334044306,0.00648334468275942,0.087604264245085,0.00514808215600164,0.0601936214682726,0.116480176792616,-760.900612081814
96,0.0675493941299156,0.0633535426366356,0.0291532732426504,0.00886582328803871,0.0768646824875077,0.00353796085039405,0.0659110999034443,0.0885247496641793,-760.299110378787
97,0.0881005554286377,0.0759557186889517,0.0218246365565688,0.00666801909753081,0.0830345628860939,0.00238860378582921,0.0576388318880012,0.0837422558474448,-759.520971257111
98,0.0695058605657588,0.0768618514203478,0.0321591135649787,0.00542274856488838,0.0848385771271262,0.00922936254508549,0.0523463167687081,0.100041723268312,-759.521574437985
99,0.0472944729991516,0.103175204524797,0.034930243877676,0.00704093936630105,0.102407830719341,0.01277663448983,0.0910459809808048,0.100701131887627,-763.955368745851
100,0.0438218329996129,0.0984514332065237,0.00330495346993192,0.0139709417113534,0.0968288479020835,0.0102604750027445,0.0861848191680281,0.111586013136765,-760.412452831154
101,0.0711559325024038,0.101335290695644,0.00333921098202206,0.0119763580645499,0.0985991192657361,0.00501518948677728,0.057342493070409,0.109906385390149,-759.055338844127
102,0.0694933264622927,0.107051271389582,0.00410310116012707,0.0031957514310189,0.0998236268511856,0.00836865134894688,0.0456131971525531,0.124687845837473,-764.595729106399
103,0.0645736249826112,0.115460185709734,0.00525335688411454,0.0235384186846838,0.0859635529748097,0.016511681660404,0.103739433917173,0.138327519327775,-764.256879304271
104,0.0769104493781002,0.0829307482369126,0.00396063804526404,0.00740722559773537,0.0607071947474163,0.00510016255087565,0.0793927604241488,0.13258315312565,-762.161335051024
105,0.0962413041048751,0.070398543944965,0.0177888623375537,0.00494870481189005,0.10055740042371,0.00369523293939194,0.0883135561013708,0.114694540535664,-760.704703500845
106,0.104012667661509,0.0628202596167129,0.0144048863886222,0.00417301920205175,0.0832444324444376,0.00531474685027167,0.0859601369400567,0.122700534676217,-760.851397614849
107,0.101316994503668,0.126609828922017,0.0164217946880698,0.00100979514853826,0.0990628726432026,0.00445398447012306,0.0874197417472773,0.0881135579863163,-762.025013928283
108,0.0221505180288706,0.127802614404294,0.0110825138587784,0.000835467146682703,0.111420043447441,0.00331925057704683,0.0665147333617822,0.116767903912469,-761.865577715374
109,0.123402361956445,0.0981676413427033,0.0110015158475591,0.00790065132437034,0.107885201511153,0.00290129114711451,0.113075768180603,0.116429534221516,-764.464405854468
110,0.0780207851673235,0.120429639968301,0.00400588073971332,0.00190820711367578,0.0851094083381776,0.00795690603962789,0.0678326305130249,0.125184213930572,-758.932142174028
111,0.0755824257666714,0.109740102728585,0.00181186825556293,0.016899731388809,0.0795822435891289,0.0121484954947444,0.0851506603016578,0.130385155515464,-760.034179003483
112,0.0787179149880972,0.107959496400375,0.00457497457231836,0.0147570769617327,0.0858748814171695,0.017137095038823,0.0682956100080712,0.117671935571382,-761.224951692901
113,0.0949406994423652,0.12798914059851,0.00533414732649182,0.0189374059469215,0.0683977799049656,0.00544046390959081,0.142048964212779,0.133846955086949,-768.492601995069
114,0.0740722440943348,0.10332021856666,0.00172731599238584,0.0218927581295049,0.0623415259133604,0.0044825489136077,0.106083729209476,0.161106298033207,-763.901266121753
115,0.0809777413262207,0.0974375400566907,0.00219028232237537,0.0153414408655835,0.104599782400152,0.00272444139053969,0.109112524481427,0.108543871806584,-761.200820495309
116,0.102475347851739,0.124923685196825,0.0102911853514459,0.0135650954346692,0.0934783832960123,0.00459052018273776,0.0467900952085545,0.106251769476217,-762.296749861178
117,0.0257602352217063,0.084464015579127,0.0225947506454589,0.0226640206488856,0.0783612184201243,0.00612819878904793,0.0514828137664099,0.0967291343274952,-760.217263077277
118,0.028807495948491,0.102165354023368,0.0103301022531382,0.0239219956231369,0.0918192246728958,0.00699456394163564,0.0636962302058698,0.109939358276773,-760.296782279568
119,0.0428694316141788,0.0869508974517777,0.0102877790094951,0.0120502474262364,0.0913245941433787,0.0098429398683338,0.0588793358610941,0.136589106535952,-762.479979649931
120,0.0413789964452031,0.0975796569957835,0.0104793383851383,0.002906492028136,0.0752933470468558,0.00636751999195483,0.106037424299058,0.136310612191417,-760.626752244101
121,0.0711781544736244,0.127785897461877,0.00820676704689447,0.00208108614667825,0.088900034066223,0.0111609480133019,0.111498152710387,0.150453970474662,-761.062639436787
122,0.0435577790054674,0.108100625545342,0.00107869368286117,0.0021317142230994,0.0943607181799129,0.00779752035232821,0.0729151284788494,0.116275074785047,-759.718339457099
123,0.0837428919835588,0.168243136759243,0.00387948658618825,0.00164224368647204,0.0961893525381245,0.00827286461082789,0.0643407034140838,0.108551357679978,-760.853910860016
124,0.035873139937672,0.094320581565358,0.0284463509171721,0.0017068786560539,0.0846658442463569,0.00156112721666074,0.0697075658892147,0.109462333623423,-759.191949005893
125,0.0669302235689495,0.132324594920222,0.0111367454502435,0.00699617816899086,0.0910242254839139,0.00539148581869343,0.0729569385296936,0.116677957830489,-758.185343391107
126,0.0668294645017697,0.105932728126373,0.000145854882430289,0.00978955029955201,0.078877926449969,0.00837481377348808,0.0655750258848938,0.0885637529408668,-759.669921057715
127,0.0589967915073483,0.10290808532701,0.0193785465975447,0.0219787003978584,0.111556444040407,0.00226094449729722,0.0549007286186692,0.0702847576547642,-761.212884145761
128,0.0501950664707359,0.0937714417663694,0.00943210508831348,0.0219408731289192,0.114753313079518,0.00467104041580331,0.03882713798928,0.0925916629443587,-761.101245970202
129,0.0428729502484497,0.0969109964001997,0.0212777598547994,0.0199807139528343,0.116675637647903,0.00388582234655048,0.0423393753693617,0.086198467020418,-760.70883009848
130,0.0363778970357571,0.0888160103962828,0.00970069630573401,0.0236716917381229,0.0807226911903521,0.00401424636021158,0.0507296973881117,0.105866735136521,-759.309392966975
131,0.0620755155901256,0.0850445475731248,0.00652778175289591,0.0172423066355306,0.0949767736598216,0.00400874629146505,0.0871828619910007,0.119097874539075,-758.825391979594
132,0.0560080768686275,0.139665261876323,0.00636939348720518,0.0298604330530338,0.0823443608612715,0.00794133525747331,0.0809430399321146,0.12699477231938,-764.080179711794
133,0.0578074239251842,0.128283271141365,0.00660992799279458,0.0230037648696034,0.0905662374613457,0.000753685554726773,0.0819638379192297,0.11793067333948,-760.064681210573
134,0.0728738688186514,0.0902797085719739,0.0111287464968595,0.00493578894913989,0.0850905554983188,0.00881504094951143,0.0816781176723809,0.0941357102470667,-761.67756699676
135,0.0769231474172412,0.0922964901366561,0.0279159352256202,0.00795067098465705,0.0863740410973935,0.0122328141317569,0.0530986273644901,0.0861278223155203,-760.171114754483
136,0.0891546234196031,0.0841928959690318,0.00960206191604971,0.0353786904981604,0.0930924219410527,0.00127263398196479,0.0625412936586574,0.120357467882665,-762.974654223441
137,0.0631926228066972,0.114967226690305,0.0100633508525843,0.0337575849799552,0.0888628196686414,0.00109667340042967,0.122322002929798,0.138669181025228,-764.745933397716
138,0.103372245490012,0.12029730073858,0.00973485410266478,0.00837642596907264,0.0887523716894704,0.000254630287201451,0.102749384502963,0.162075454326101,-763.329322250861
139,0.0253453449711872,0.132664767415857,0.0192181550010623,0.00721312123858123,0.114459746950028,0.00234399454682615,0.123061359928159,0.14612639654777,-764.239400472098
140,0.028307397860242,0.142440199490473,0.0214075993333055,0.00253403377164422,0.104144764951435,0.00155379086372724,0.103937947097984,0.132940251310406,-761.889136099272
141,0.0553110677698091,0.138129242288101,0.016678984238619,0.00525776267652906,0.0793871121562362,3.93299168230334e-05,0.0740913861807465,0.110449575613188,-760.385090176877
142,0.0576194540536498,0.109505294240722,0.0176797827981743,0.0103584254277523,0.0856039423700223,0.0051280868906183,0.0647905171372861,0.0988151124357801,-758.17405350826
143,0.0266148936758893,0.120382828759101,0.0202279422972551,0.00664644170839782,0.0828823660355774,0.00788489022382849,0.0464113708064214,0.0887397549890855,-760.017534750005
144,0.0384674735338056,0.10756934409658,0.00768715853819902,0.0199947855117199,0.0857319750045197,0.0064806219680615,0.053496994391282,0.0864409371427887,-758.664094155112
145,0.0745549822804021,0.0991066368371197,0.00938561652751889,0.0167575182452279,0.0809433586660353,0.00771122953599428,0.0522733767431368,0.097610616982136,-758.610712238481
146,0.0907617557779047,0.118751556361913,0.0018056131437464,0.0160156656036123,0.0813174347796024,0.00633505465136383,0.0767995327613467,0.0977471895425842,-759.657171319024
147,0.0648107023619241,0.119123071432399,0.0065289657839163,0.00473666396029022,0.0767609969574827,0.00261560653924061,0.0685434238412718,0.109843780065574,-758.122681064882
148,0.0431204110807165,0.124801415845093,0.00888268581777163,0.00925623086926411,0.106394662549416,0.00154574099681069,0.0608087048484468,0.0961388473155482,-758.5348402701
149,0.0564343649612203,0.0958840131954356,0.0272017801909919,0.00866565156450393,0.0935808764473496,0.0057035126496831,0.0692268874540459,0.12431566067799,-760.90491743637
150,0.0788919282012448,0.0896000590669503,0.0294815027526509,0.00217609958205786,0.0908282846830245,0.00441615420340894,0.0627165597309073,0.0961393902906306,-758.034062288609
151,0.0411067004354615,0.119444997166183,0.0142813807180455,0.0153338509957797,0.0987881054729213,0.00776020778212044,0.0590759411290185,0.0991246751172913,-758.52391427524
152,0.0429871534242548,0.112932446534965,0.0152719325221143,0.012124772871694,0.0724774140188721,0.00824023884091776,0.0512218702576469,0.0875463182972317,-759.197374098384
153,0.0463112864237879,0.0970527256304687,0.0173587751576708,0.0124451179510769,0.0999996086037279,0.00708189578161696,0.0582427552097461,0.1015678787014,-758.852310414897
154,0.0320226506166042,0.114285791230923,0.0131798293662398,0.0129422237024627,0.103997087819234,0.00690650934375602,0.0687716891469737,0.128382404898221,-761.185752538005
155,0.02914997766052,0.115446250926501,0.00288516600527537,0.00779592819128297,0.102060367519486,0.00552157425978964,0.0835299048785818,0.145725211509851,-762.56040662837
156,0.0925997705638997,0.121576497302766,0.000472714545029077,0.00415437237778894,0.0951975542343098,0.00396221509160053,0.0845951444188689,0.148006326808529,-760.113129543741
157,0.0803176088997571,0.180605353772496,0.00514364384402705,0.00382555445113002,0.0705014208901648,0.00818767344924764,0.074875844509542,0.146287341962514,-765.340956740765
158,0.0869535575357051,0.13987402844096,0.00439473904547692,0.00833922470369562,0.0639759106559382,0.0199011698950471,0.118647743391544,0.158102082540917,-766.691061128656
159,0.0793033787055661,0.122038640763777,0.00631727461081069,0.00517265068614196,0.0740642457835965,0.0158460855426853,0.0640178813100821,0.0788765385829289,-762.696901892432
160,0.0680888750774496,0.0996459868395583,0.0397595594829785,0.00594711787475514,0.0735051756420336,0.0199241927814436,0.0589818971152277,0.0897660668378326,-763.903280337224
161,0.0691296200701487,0.110755493348415,0.03940149317146,0.00635637423464416,0.0838627873140673,0.0122149169494732,0.0464012029190558,0.0651145285580488,-762.614316754593
162,0.063680847916711,0.0784247762466646,0.0497041785236671,0.000837465179358303,0.0790522403668056,0.00346007772269352,0.0457072280308922,0.0907187907904475,-760.239333482646
163,0.052532446928973,0.115833508642747,0.0452668910577578,0.000481204680707014,0.0866657535552423,0.00190490855819141,0.0835920831751749,0.0818843079249111,-763.91171179258
164,0.0596727376420018,0.100590380954537,0.0435557136696519,0.00505461706049495,0.0996665348161532,0.00279904920932605,0.0629283146033645,0.0792830152381073,-760.392917679738
165,0.0292190787357472,0.112628668203553,0.011159588473307,0.0107152941697777,0.106502328169807,0.00179268311330492,0.0537450666645384,0.101516180004832,-759.575545764917
166,0.0693559559646056,0.0970493661816567,0.0229166672491136,0.0044699753753768,0.0942430834757583,0.00873194474901738,0.0760033377150662,0.104827994858605,-759.327663996148
167,0.0473592402266129,0.0705571041578133,0.0208869096299833,0.00372405374978694,0.0921172565187446,0.00510093394505299,0.0748918643379664,0.151583345822564,-763.239319601624
168,0.0720060755178672,0.108272908038036,0.00235042356751123,0.0076226906480027,0.0669469402934049,0.00735443724657668,0.075017357202161,0.153007200741242,-760.741459484209
169,0.0487801786384258,0.109687759716107,0.0109683472093204,0.00623187646415822,0.0951563656385429,0.00765456467624067,0.0921132675516009,0.131486858529424,-759.049815024424
170,0.046322497318029,0.118123750059386,0.00651924001653659,0.0109056359252615,0.0903555478517871,0.00232191455651348,0.105183611066387,0.124389247443437,-759.114488948176
171,0.0711733417285922,0.117098586442719,0.00035232171148264,0.0107842147386388,0.103020583687388,0.00414371905747533,0.0883452885931161,0.106688245348694,-758.986858145007
172,0.0616995260069293,0.12093594757658,0.0156494340681391,0.0147586551730732,0.0925131738977794,0.00356480222870828,0.0867871490382559,0.100867121232311,-759.572339861715
173,0.0500705983393465,0.0927605907887628,0.0102951353248718,0.015741168552586,0.0963656860668979,0.00517456140157394,0.0608878826515363,0.106107671049482,-757.888367190373
174,0.050947393951992,0.124975691862091,0.0125444488372653,0.00584507589114557,0.102913532947295,0.00746516066314991,0.0753410715671156,0.103330642962479,-758.677880813985
175,0.0433849966909553,0.121783501382362,0.00283347366297815,0.00863570298991483,0.0984328447273381,0.00935072922496754,0.0649409575733383,0.10910347136473,-759.799378992708
176,0.0897276618105732,0.14723610205774,0.00678410301659932,0.0033347738231498,0.0898720948070196,0.00647452275070679,0.0546606278923673,0.113017438816885,-760.733276503345
177,0.0812045131815723,0.0484637844669156,0.04825762729534,0.0249221422382687,0.0836484399674508,0.00464076743860828,0.0519745950413967,0.0856312297710326,-763.96364466362
178,0.0523565575549603,0.0796463094717784,0.0281490557331731,0.0396749343167352,0.0795218106787164,0.00487977905590532,0.0407342558526698,0.0879685831363425,-761.70851060621
179,0.0614270211328876,0.0811040657388405,0.00137649812575949,0.047953899746404,0.0821616034867671,0.0116826516162831,0.05551932978797,0.0939081934942376,-763.936832907272
180,0.0622166041370035,0.0699589856266745,0.0203042992644929,0.0362182530415529,0.0641048484233721,0.00757494981254179,0.0545733655238732,0.0821994941644252,-763.730450688167
181,0.0609584804679127,0.106232657748103,0.00122217883884599,0.0378818932162224,0.0791872663729592,0.00577065211350182,0.0551928643002925,0.0877651828431562,-762.398344686868
182,0.0870605678015519,0.0898494266092583,0.014346865598739,0.0341418656004524,0.10100047282657,0.00531365474373966,0.0526779564854601,0.0812158739511565,-761.633965381599
183,0.0387605533663631,0.105400814610767,0.0126592317222611,0.0372803053613473,0.0949337211668159,0.016544424776708,0.0430757563714392,0.0616357886272251,-764.29382307983
184,0.0511264796304619,0.0977120523348441,0.0221739944425809,0.033475914004891,0.102843308798111,0.0105334636574185,0.0357862482598333,0.0798288016766933,-761.419810573905
185,0.0436764532864834,0.0927815600328406,0.00256038697119582,0.0268498069363813,0.0788472528680589,0.00759001949142249,0.047909167626613,0.105158928532657,-761.04774623133
186,0.0585950807772932,0.106052475341059,0.0139248891587513,0.012663301679662,0.0875775791399913,0.00541394595022597,0.0821702814833729,0.116346101682632,-758.364873261462
187,0.0406491884110976,0.122570373984976,0.00239581282725745,0.0110789844484192,0.0869193673888403,0.00301073980035654,0.0712177876939769,0.116369623254736,-759.274415311841
188,0.0313027336692222,0.106775269918841,0.00744224549870594,0.00902559291949232,0.0863218883925051,0.00433904483316523,0.081264064495144,0.120227556001645,-759.023202021798
189,0.0824450010182799,0.115879915018256,0.00995522696094042,0.0140490176396403,0.0824245977067085,0.00302435801309436,0.074389297656488,0.0836683924687884,-761.097610117655
190,0.0758191735442462,0.0998884070400572,0.0356672891610401,0.00801074961466122,0.109900777895372,0.00452462008987164,0.034859402566868,0.0871693256336126,-762.320900208772
191,0.0395895002180135,0.0715678752065899,0.0491441621038506,0.00147854815178261,0.102735425462088,0.00365801048317734,0.0789405920960451,0.123919130291527,-762.154977093156
192,0.0469844440419819,0.0904011839150822,0.0349165176969043,0.0100494130970558,0.0983242707115986,0.00423066924628811,0.0847926609060324,0.1179732288447,-761.083286854223
193,0.0824818436231368,0.085677108630003,0.0423464510228562,0.00226983162343123,0.0862131703609552,0.00862016485158737,0.0914596094980365,0.10214582013612,-763.001585016805
194,0.038333686087839,0.0762219263484254,0.0246624723764428,0.00214836193908376,0.115415462046796,0.00236702439114438,0.0803938261743983,0.117781697622217,-761.02738162613
195,0.0409455459214769,0.111880810361445,0.00739267411366257,0.0097665183160404,0.0734875291744951,0.00275031646852853,0.0746539684240228,0.139089672108915,-759.985036249136
196,0.0385763847025035,0.0873271600677949,0.00694044565641945,0.00811525785354507,0.0792549405342114,0.00137896489638793,0.0898658402342775,0.138987706787627,-759.444112789814
197,0.0437693624303798,0.0986209948874708,0.0227928747560755,0.0112718882410784,0.0925868021815833,1.96627021543994e-05,0.0919880420448984,0.152085219578532,-761.22279264437
198,0.0547356415862177,0.113452524749729,0.0150776143323891,0.015394206811228,0.0984780261187306,0.000638697768970702,0.113111373008279,0.119648241530489,-760.908793596969
199,0.0694584582373014,0.114008828834635,0.0154759272606331,0.027826215238004,0.0903538091278422,0.00386461279688653,0.0869665463426231,0.0948755592398865,-761.849854575537
200,0.0323420748220718,0.0747667205951217,0.0133286375097561,0.0137980664872954,0.0914122768648975,7.27056636669259e-05,0.0466172774180238,0.0837815604332026,-760.713975633907
201,0.0484209465312672,0.0782856831104547,0.0303902864405434,0.0123646915484479,0.0964439972912434,0.00725073624783602,0.0542078944242565,0.0891424381062393,-759.539057306807
202,0.0779679078436944,0.110105129627485,0.00317161196991502,0.0195999916882664,0.102909203145904,0.00214319788222578,0.0720214853105565,0.0977747499815822,-759.073201745249
203,0.0808720703999568,0.100670830239645,0.00117079440397327,0.0270521512190625,0.0897846364972527,0.00457646478554991,0.0594862873766454,0.097322463498774,-759.557005804917
204,0.0771160196675156,0.0867494214850559,0.00343669262121925,0.0304874208826529,0.0871670921709671,0.00119291713661368,0.0661452815562863,0.0999937180013866,-759.837843334489
205,0.0732490270503802,0.094556004864356,0.00736088668738963,0.0127114516254931,0.0682292827909869,0.0014965246630693,0.0546142907997374,0.115258203797652,-760.91054108767
206,0.0770058332955894,0.107084498370218,0.00150915554578434,0.00472418828562487,0.0642965715077019,0.00124060645530967,0.081688811056221,0.1060930626309,-761.918122704952
207,0.0898438790274164,0.0728245143721974,0.00606022320685172,0.00362289340808622,0.0957528124230577,0.00251165997918899,0.0613778349437336,0.100718547231279,-761.327078528941
208,0.0777969101561091,0.128346877516367,0.0262799812833509,0.012075082706449,0.0834062914807358,0.00660042340046054,0.0662293534936034,0.130438686680649,-763.787734028734
209,0.029195705397803,0.0832776455643807,0.0179351611308899,0.0156763618786691,0.0812441611822753,0.00731031099059025,0.0824113927871893,0.131304221771873,-761.534560041337
210,0.0633435180564816,0.114714434879416,0.0162479437982677,0.0223811132849153,0.0980212751451768,0.00233153560492032,0.0833999489835719,0.119434610319191,-759.935384946011
211,0.0544511064579866,0.0880096947351541,0.00391360585052116,0.0127486340589881,0.098628096436699,0.00183384481524866,0.0845971979501067,0.126370809855784,-758.498228374429
212,0.0539981660518353,0.121166013712655,0.0107635093654683,0.011072417712473,0.0933559911062064,0.00454223585613255,0.0748641642602533,0.100546790642235,-757.699470820774
213,0.0435848381170922,0.108989128733835,0.0107997867369531,0.00984417871604841,0.0997971501867645,0.00959806076450929,0.0489904173039324,0.096342640227262,-759.072591457751
214,0.0429848428053596,0.118488632655017,0.00631758001213497,0.0215173601169961,0.096750244768143,0.0128614061305646,0.038951287786891,0.0639221110436191,-762.130876046707
215,0.0389121068686115,0.147493851461102,0.0157865498815296,0.0208240197298245,0.109614395984738,0.0163795922185506,0.0384232495611256,0.0826160333549312,-764.471515463117
216,0.0674879951295643,0.0993331904604383,0.00432990357036479,0.0263545414442971,0.0584863228693958,0.0239676428434943,0.0474121391111329,0.0748335682605722,-766.347824371281
217,0.0789702892716929,0.0856073237016008,0.00878172443577444,0.0237638553998523,0.0891090236520629,0.00562484716348381,0.0517054382164509,0.105280933554638,-759.86784241856
218,0.0437204261658171,0.111668566921804,0.0122524341391196,0.0181020988312713,0.0936906735137388,0.00538272776168607,0.0758791060783049,0.112207370678124,-758.428717865199
219,0.0574139590664268,0.108193678700821,0.0118262108258762,0.00102803507539547,0.0829461599370066,0.00611845916520597,0.0550808095377348,0.11086879646966,-759.217709069935
220,0.0791327752622542,0.106728039434848,0.0328518233342517,0.00237433821438414,0.0873833265182695,0.0151332908745303,0.0543359274934966,0.0832299442982744,-760.968300687957
221,0.0671931712636289,0.104798601875405,0.0251867800400701,0.00308814770688686,0.0943002793813094,0.0129629461798618,0.052269489205019,0.0889056911308527,-759.684479641334
222,0.0647014272373942,0.105434315111056,0.0272039249824391,0.000853546723965684,0.109086240228551,0.00998247284777544,0.0578543459110716,0.0836657156739749,-759.487376440665
223,0.0439295207569601,0.0864038653448111,0.0239404204569943,0.000213649660204771,0.0710540605016637,0.00888016963616364,0.0362454621247168,0.105637365940146,-763.212108973972
224,0.0963387151988061,0.0673125981674961,0.012639564468671,0.00611086979009064,0.0813895651487357,0.00482991081670775,0.0799430603454528,0.129131325107821,-760.528733650184
225,0.0793329257839585,0.0588606257555638,0.00392831015346084,0.0344047707826554,0.0812600502476405,0.00286362456637005,0.0627557655411275,0.117862647840268,-762.605000776984
226,0.0618723572288012,0.0816511298077875,0.00929421327891187,0.024542403803492,0.0869001050583431,0.00272833988882599,0.0992941914825694,0.128892633024607,-760.39417828365
227,0.0482993832014558,0.0962225324335787,0.0145127608208126,0.0184803325129122,0.0934703277467381,0.00140465674374758,0.072173254038016,0.111237585143989,-757.964376811799
228,0.0354216794719231,0.102955193264005,0.016765402591797,0.00230766605072194,0.0869727665287227,0.00385682698724058,0.0741861400568054,0.11367927395052,-758.586010841763
229,0.037791302181467,0.122352903229327,0.00502421464580255,0.0154267489448952,0.0897159785515597,0.00104277175615204,0.0748786110922667,0.114798802779378,-759.474972875692
230,0.0908823484171708,0.106901810305986,0.00422667680276757,0.0173470452396529,0.0824844879802573,0.00275524047690102,0.0662401488978699,0.105426943282286,-759.056436052052
231,0.0566563525870932,0.0758446284482029,0.00833098595680142,0.0242886159852688,0.0886390663393952,0.00560228940790815,0.0630478568386206,0.116462983971382,-759.400565058665
232,0.0547804221606139,0.132298885675352,0.00836331704823297,0.00718645583871724,0.0979318714806702,0.00357042050961624,0.0810841078153737,0.105688302055571,-757.95461564975
233,0.0873143716888024,0.134237510420018,0.00831990830940743,0.008577302459164,0.100776003185787,0.00911242881571538,0.088798307996403,0.104110798205048,-760.828439263932
234,0.066843441289094,0.114504288482585,0.0021491637367613,0.00680547342808539,0.0883302182977507,0.00164415894761398,0.0572064053796694,0.0899293483484813,-759.477018233933
235,0.0456153331034109,0.120901666036731,0.0166781058899656,0.0191318728153981,0.0824447786332788,0.00464728561497652,0.0619538604889148,0.109619532650147,-759.222387653233
236,0.0490688384841816,0.0931169386426811,0.0106733728386961,0.00481595521039451,0.0939087613934468,0.00583975262356209,0.0688172772690838,0.109944799922247,-758.739140711944
237,0.0452328611230603,0.127841588306185,0.00831711537631838,0.0160365239982387,0.09605684758784,0.00585274609062646,0.0705704861001585,0.111501769248352,-758.795146559913
238,0.0439883919077632,0.0698833107359304,0.00238533496408725,0.0213911612091452,0.0998184155714604,0.0117258954282881,0.0609798743391025,0.0998275287446123,-762.717974911932
239,0.0730562244062848,0.0978740065657302,0.0131500846423166,0.0163419351956109,0.0867743430870573,0.0061373700972673,0.0630817143951796,0.0959298777686794,-758.627085687651
240,0.0741540276164925,0.0952632347643338,0.00695808457562491,0.0180401966800339,0.0968424519769626,0.00268969076821273,0.0543407628442333,0.0842564983229323,-758.851756219863
241,0.0419841915981896,0.0900404756807234,0.0205873846603526,0.0242554208328392,0.108282784787034,0.00233938207956592,0.054442819619043,0.0808286551089941,-759.441103833952
242,0.0367233681304794,0.0993711100920353,0.0195025262377017,0.0201675932163161,0.109615500642104,0.00675169122589692,0.0505359381106275,0.0827228478202082,-759.455099408083
243,0.0539851438558387,0.127309152475759,0.0197337880060239,0.00342626950260224,0.10745232050798,0.00556717731496279,0.0421822258907094,0.0851118796656146,-761.01197304613
244,0.0650009953441543,0.11419612964872,0.0231800771476499,0.000503432081299675,0.107931004142693,0.0049266413713654,0.0817476463333863,0.0846679274158784,-760.162743672738
245,0.0448226644377759,0.0998144633272455,0.0334014404124388,0.00531544498152121,0.102821683347224,0.00237171166592246,0.0398734484648281,0.095394003960638,-760.680120227899
246,0.0681716460389175,0.0817236343023696,0.0200856144867592,0.01342027989801,0.0874868734468674,0.00194633336687786,0.0530065665049825,0.114535237695749,-761.202031777886
247,0.0479783088020257,0.109324867284183,0.00676324155972722,0.0140866976942783,0.103917490590016,0.00233620678921904,0.0476721801244237,0.0705975803079432,-760.286860336773
248,0.0698407556299811,0.0901726736628751,0.0380748620172046,0.0150471249955184,0.0898885114086949,0.00610708620564772,0.0198895104976458,0.0662031704622862,-763.822323636634
249,0.0387181469823342,0.0892276403974277,0.0466117753187143,0.00463570826153669,0.0919911894397894,0.0160560616373677,0.027595460071455,0.0718351132801235,-763.403218905651
250,0.0445157733535849,0.0909174877477654,0.0448273259639415,0.0160182959862355,0.0836503910022541,0.0151552042953463,0.0494993910469164,0.0657630247599817,-764.246892095017
251,0.0348452449485236,0.0653090263351339,0.0472909955968851,0.00262391202609597,0.0745092302463074,0.0101685374018826,0.0585341358792349,0.109389308130678,-762.526455662897
252,0.0573751420520922,0.0709696221949761,0.0392596450959998,0.00325479359745281,0.0797467995034284,0.00495092626415822,0.0612854352212095,0.113583632878016,-759.719154179194
253,0.0509486821667034,0.0797310047567645,0.0343385987699114,0.00258824736837979,0.0960620856385725,0.000624798177569189,0.0691582297852756,0.101848179999803,-758.209589650749
254,0.0766521131154954,0.0964561090268055,0.0107919494946067,0.0112686597234419,0.0855224019055325,0.00399820889219807,0.0502677957839754,0.0934099451011012,-759.230152344832
255,0.0402742404424431,0.0936377795692947,0.0120732794344299,0.0220281312378733,0.0872216396600602,0.00351506367934066,0.0558328487045262,0.102739198250813,-758.000540286444
256,0.053268320426117,0.112410448457727,0.0180939293720238,0.0148782268401852,0.0730025063665886,0.00522899623919445,0.0562574719768993,0.115622757937556,-760.002506595368
257,0.0364815796149277,0.105014579979703,0.0177677825460217,0.015626455561722,0.101677678988021,0.0101359964302153,0.0664931279866231,0.125831498439867,-761.942468936736
258,0.0351471026102805,0.131708577819525,0.0162771165334891,0.000573945698046836,0.102232232558546,0.000132614986929981,0.100198712180704,0.11571217174843,-760.347994972142
259,0.0358390665848118,0.127711082275752,0.0181231884001392,0.0146002547854845,0.099121132968979,0.000524854909084425,0.0958954572151583,0.118563355182655,-760.590658020037
260,0.0406924335522044,0.140036654217947,0.0236219870755534,0.0140992876679651,0.110749600116883,0.00115938791949197,0.0620290683220176,0.0887579360776576,-761.261977932412
261,0.0391152133577813,0.136787322111068,0.0207867411275172,0.0110659150262195,0.0897397303726626,0.0121863989556021,0.06046520222131,0.0752608064150218,-761.974156373783
262,0.0359349956947671,0.106425162646536,0.01438429296434,0.0191458204848251,0.0914749987559535,0.0060216028491633,0.0667257945728627,0.104470038368269,-758.492821022452
263,0.0352576614774737,0.104031682447698,0.0153952213767124,0.0171812975706002,0.0808667495121442,0.00760345258417439,0.0512046115730577,0.0791865150326341,-758.865658760284
264,0.0857251914218927,0.11246340246579,0.0194242774146926,0.020971195278956,0.0769824236988788,0.00747659001708138,0.0620318001227739,0.113444397908352,-761.965513072761
265,0.0303315547666718,0.0984087063278351,0.0133889051031123,0.00317118837377631,0.0840259666254913,0.00596863762708571,0.0676095327062362,0.113294807552663,-758.987471179125
266,0.0488960140432132,0.152265963776767,0.0163479208725249,0.000648035216537305,0.0665978037409947,0.00649857275765693,0.0719102741664725,0.113150105342285,-762.408306086377
267,0.0418556533794768,0.0721944671442506,0.0193335978070827,0.0322763550551929,0.088110734052598,0.00434470673521619,0.102327467224652,0.106794564418035,-764.349614912449
268,0.0520643591636609,0.0870460926947442,0.00890139839720099,0.0166321466118563,0.0951326231642202,0.000376707789685146,0.0429483612163037,0.0770861494984271,-760.076396086686
269,0.0601366926516802,0.0956484034207257,0.0175161212833948,0.0168992160296825,0.0857668294147452,0.00160305774971866,0.0559053411942947,0.126066483032201,-760.640400036048
270,0.0285106121421106,0.0919095678305979,0.0164859213572946,0.02231152436467,0.0825337378239879,0.00124436134247089,0.0550579864348712,0.109889174887421,-759.985342221333
271,0.0295479878211552,0.0936286217694516,0.0179713141730905,0.0100777161014032,0.102314239366204,0.0084529314748636,0.0546728228557085,0.073782203344763,-761.316189034025
272,0.059143403255807,0.126289804241516,0.0186264344821992,0.0218514250874927,0.0926867889616678,0.00969050366476363,0.0549541030552055,0.0985402886392353,-760.089472095548
273,0.0453397961750432,0.0764786971555711,0.0196002585652827,0.0220585679567192,0.075771413950578,0.00643597228326273,0.0497058172729475,0.0739432436783044,-760.058309829833
274,0.0470674528065247,0.0837192578591598,0.00459644001012297,0.0115659646016356,0.087071922714455,0.00512436905500579,0.0471137644978983,0.11639764678963,-760.923830040533
275,0.0555381247462848,0.0838475864309217,0.0151861182132413,0.00242698314777616,0.0914539854305034,0.00554987515316704,0.110825623968425,0.161839670504612,-762.692156521383
276,0.0749285855914603,0.0855684207918395,0.0175305084624607,0.000827702279249157,0.088123653229077,0.000443163505315961,0.142146677800071,0.158592565491321,-762.279804700486
277,0.109799149561612,0.12850882583691,0.0324771103518162,0.000483455010328415,0.101054496387956,7.47097729637886e-05,0.0929739131619951,0.141974929453726,-764.186369045788
278,0.0705719452929822,0.110488001081966,0.0119935374220878,0.0148551025982022,0.0921173856499501,0.00209431754547429,0.0997860645165584,0.139892590682081,-759.839077916637
279,0.0556903863187501,0.117788923168338,0.00243365950175974,0.00286056194869618,0.0788703285200859,0.00249566932903098,0.0929708045034974,0.148870533122474,-758.099101914616
280,0.0723784165626208,0.110487102694995,0.0123071079597648,0.00832287467137178,0.0928865955011835,0.00334873642398781,0.0863115571641177,0.138161749980039,-759.521710144423
281,0.0507865834114515,0.0931571960225279,0.00566475660780791,0.00668328818153738,0.0797464165492458,0.00688663589283872,0.0815498407445032,0.118006565520956,-758.441703380914
282,0.0505704473410513,0.13384707881074,0.00667768897597699,0.000412952687491191,0.084842254687707,0.00413145460763737,0.0692366965715875,0.105543335885267,-758.328261213325
283,0.0576705339705576,0.12174725185633,0.00588431373027092,0.01031802096771,0.0969317594297054,0.00314470124049391,0.0905370459317307,0.0948386553553089,-759.630070731115
284,0.04386109382898,0.118047958165975,0.00972679273642879,0.000633694253058758,0.0877522689274202,0.00436027944543173,0.04701185811096,0.0869972328371035,-759.902044829354
285,0.0497909421237927,0.131201873315593,0.0289278709735272,0.00186817036036408,0.10125708773209,0.00680029079369409,0.0529914101247735,0.0970628320986829,-760.174470178864
286,0.0568132863183992,0.0672048524713327,0.0327089054911549,0.00684798247924689,0.0697540999362,0.00863674321542592,0.0614305328975561,0.0986446762658439,-760.866881218512
287,0.0833839188575113,0.0740391116966143,0.0161767454093461,0.041197757415321,0.100894743614678,0.00771990357360432,0.0666195412317607,0.092247289991307,-763.948820815347
288,0.0254452167680482,0.0670800236812468,0.0199160987896827,0.00381966665477794,0.102062382467122,0.00756424040177544,0.0419534705097053,0.0920324782877302,-764.478776469728
289,0.0806912750272465,0.0693960156427682,0.0286179320638307,0.00661751807175765,0.0944194722978236,0.00768387636232353,0.042701249917679,0.0835667776488703,-760.169271596605
290,0.069338349327163,0.108471605116239,0.0107543480909842,0.0243918064591009,0.0877405425753761,0.00195308571961664,0.0445611671152721,0.104786159405264,-760.298687104908
291,0.0505061604282224,0.131726961405185,0.0184664251028882,0.0142750692595088,0.101685294378915,0.00369958078968839,0.0594361245209003,0.115894792629636,-760.227130170964
292,0.0449182121438752,0.123538669863819,0.00991534778482933,0.0213433443211789,0.102498874787035,0.00264224365496178,0.0532432549386211,0.0950884789501627,-758.948595994307
293,0.0512303564480604,0.093333041191195,0.00461351346261397,0.0118907240706563,0.0936569348483699,0.00797125103378015,0.0455167921915095,0.0888351854804262,-759.452583674819
294,0.0650508257596059,0.0980357077608973,0.00952428609882783,0.0307741574587234,0.0849824594436338,0.00552643864794117,0.0521365319994953,0.0861154783741209,-758.830782199357
295,0.089371377203794,0.108063453272977,0.0136142655180832,0.0145236724004652,0.0888575364428827,0.00653380203718857,0.0515044051119167,0.0775169606597157,-760.653458507449
296,0.0308844708473344,0.0946049776972187,0.00815927534328549,0.0128988117447068,0.0817190348144277,0.010659295690596,0.0614040416567641,0.0855761229098417,-760.667594892244
297,0.085284060329044,0.156498709688042,0.0084579137443479,0.00158575508200394,0.0781027389863,0.00692227845795452,0.067462553182341,0.1362152700332,-761.729096231226
298,0.0824834581692837,0.097605422715898,0.00312944639384107,0.0202357357974689,0.0860241218521265,0.0036542897009147,0.0845922375720431,0.126450393442292,-759.012220647315
299,0.0576576418730552,0.117691268283365,0.0108603844830839,0.00765526634413042,0.0817931512638602,0.00690934591389016,0.0706023917660345,0.0839906349016679,-759.588078925601
300,0.0490647490044632,0.118512462650264,0.00987918327987462,0.00747102409122458,0.086989230265279,0.00842571027551872,0.0417671128523235,0.0949378665146497,-759.055225976096
301,0.0470522547772842,0.100058462253621,0.0143482356993308,0.0121723396583275,0.0942744902334461,0.00588860247668841,0.0618816577360032,0.0875032792106714,-757.993809957726
302,0.0503740456571981,0.0999401885509888,0.017281202372177,0.0190386941444574,0.0941477570394681,0.00992463714524641,0.0643317025592963,0.101028823261997,-759.114416278752
303,0.0704423280028872,0.103406362250272,0.00101611282534219,0.022685051567586,0.0727467331929985,0.0130239156949233,0.0551351948201964,0.0921724495918395,-760.628595453433
304,0.0817421529811823,0.0994714113463327,0.00827672987415211,0.0285958850207239,0.0826749383105648,0.0082143336694661,0.0445266594490914,0.0907002360440623,-759.922105789447
305,0.0506428785454721,0.0944119711660005,0.00779763445179554,0.0163985062093812,0.0816922216994255,0.0129735417591424,0.057776109142116,0.103090476800052,-759.157147699287
306,0.0733159600003329,0.127793062919843,0.0163519647695499,0.00428846753352605,0.0916022591048426,0.0127562168431107,0.0680217354200719,0.106268845863171,-761.005047934116
307,0.0276380316742912,0.104062583221421,0.0122681702780814,0.00847144776182784,0.0941848225233374,0.00454919786778452,0.0821471862249968,0.127592613877812,-759.53913446698
308,0.0373602561385087,0.126101480701323,0.00854108662852257,0.00993308846225746,0.0894023104893116,0.00650541975080665,0.0725836080375176,0.0889591389269648,-759.603453347725
309,0.0330171020956417,0.124024882103982,0.0140844777395708,0.00858089371347579,0.0836890012509679,0.00613410892000385,0.0504993085320908,0.0949364492910394,-758.832642869372
310,0.0783148505605672,0.137188761789702,0.00293134072735239,0.00476044987494684,0.0764725481181857,0.00617896447508875,0.0634922705193127,0.112471705525514,-758.96693589975
311,0.0885355169148966,0.125929197802333,0.00756498627888759,0.0181685257175158,0.106643336832199,0.00855747003169232,0.070136005320265,0.0827803193486251,-761.522625188725
312,0.0811296847810621,0.104119972760513,0.00957190277498459,0.0148585083575572,0.083536342438555,0.00296152132561889,0.0393149893112137,0.100813183334757,-761.081692173341
313,0.0634137330504019,0.11102659244928,0.019280204635107,0.021289197416338,0.0907041723641819,0.00979203303664391,0.0534385609999066,0.0892626460267507,-759.360363418489
314,0.0506585923015821,0.0789499325867391,0.00679437866346429,0.0239788657013719,0.0930274435629954,0.00818992447901655,0.0697024695614186,0.116067987056459,-759.804870644653
315,0.0734046951042674,0.108831334965364,0.00193342817609748,0.0127263836378144,0.0815095466989144,0.00545099580256296,0.0662694734784959,0.107537520229009,-757.886934289032
316,0.073789226632799,0.116927663283664,0.0160212387572742,0.0272079170582891,0.087955633411717,0.00428919433980658,0.0617645639044785,0.0952911223853641,-759.858958948602
317,0.0281614883293936,0.068917983850355,0.00828467702901063,0.034736515230077,0.0886052789045383,0.00332995401351959,0.0425371502851605,0.0909914711921653,-761.83309847943
318,0.0594618626623852,0.125761531566795,0.00829451274698716,0.024905196121883,0.083194267531615,0.0144043372919487,0.0755188775634954,0.0906929866883932,-762.461637822347
319,0.0890314002195808,0.126887110141022,0.0102798889566676,0.0244557989377621,0.0799751763146319,0.0189963745987313,0.0698191851481368,0.0954453505022745,-763.875613703117
320,0.0330167995333724,0.118261765024231,0.0109899386590156,0.0252406546466098,0.0981304949053338,0.0107317987709229,0.0638119122943068,0.0996265947826415,-761.188637559165
321,0.063689971879057,0.0801366467573457,0.00888054490309609,0.0221992557942449,0.0967423253512426,0.00191380665024806,0.075360142798162,0.115604872696253,-759.049792192656
322,0.0480355075572487,0.117742872527465,0.00905035481109651,0.0176891534854338,0.0825829208737244,0.0120234123225147,0.0753007687348677,0.114910450826559,-760.044990181757
323,0.0742190230067108,0.109210680499588,0.00572519777382708,0.0142197674240252,0.07408535031309,0.0132599862595671,0.0677751661698342,0.113342724735612,-759.652367793736
324,0.0546127986968522,0.0805979162763344,0.00927542334354433,0.0186476850577204,0.0860967456320473,0.0147953008767004,0.0727109277946671,0.111405429390112,-761.079008035681
325,0.0537588975582838,0.0981841438302245,0.00246681234065414,0.0171897157575287,0.0799964371127535,0.00110176465853084,0.0591432583221079,0.110861306817121,-759.011050841114
326,0.0606749476495441,0.0885692886870233,0.00930743977396154,0.0160911684888297,0.0898154683613664,0.0126699770050465,0.0715073545793039,0.0826199564222927,-761.289924879456
327,0.0581234634441214,0.107555128609686,0.00842105004433143,0.00943165341120861,0.0955894757348552,0.00891002880883721,0.0374152058472078,0.0766662346904673,-760.046278510191
328,0.0502239234948333,0.119883694975235,0.0164109225405542,0.0336424358470924,0.07560284902717,0.0108270557588448,0.0455874199436943,0.0719759042932031,-762.306148738139
329,0.0836608331512986,0.104092727442262,0.00694449418494673,0.0067457479833704,0.080600251914409,0.00986940107775983,0.0443656119758338,0.105578652863639,-761.437841286914
330,0.0783651722266179,0.116263211624576,0.0179159396036867,0.0114884388904874,0.096605503719243,0.0107348859116126,0.057274222523358,0.0736748555886903,-762.353095957133
331,0.0701001874025391,0.168478361441577,0.0134826443684608,0.008168799207987,0.0946633960060075,0.0130250010234777,0.0477833753140082,0.0989118168020524,-762.416827575954
332,0.0565103127018928,0.149599022459055,0.00910376841341288,0.014582691441622,0.0982281718494574,0.0172418341667437,0.0529877421172979,0.062476504838788,-765.420474803028
333,0.0676833824992049,0.15469148200742,0.00976689143605978,0.00783636200472865,0.0793967120810662,0.0120204790432969,0.0299628608054886,0.0581861604602096,-765.533462246013
334,0.051224706174955,0.140820573468754,0.0201069460064076,0.024723266774698,0.101048850427649,0.0168156340357783,0.0369085116781675,0.0929003354802255,-765.080249743045
335,0.0598757333124453,0.0839698137039223,0.0221585458127376,0.0223265929625772,0.066677255810724,0.0145297216037656,0.041416720798923,0.0659331079970464,-763.126742661536
336,0.026228912653835,0.083928098357536,0.0356226425143513,0.0289066102196753,0.097788114393685,0.00736547203695943,0.0386381963057215,0.06726266047032,-762.4537780479
337,0.0459334087876193,0.0874671658883352,0.0335825656353046,0.0187549669231896,0.085763618268561,0.00153169179019574,0.0425709829942558,0.0754557089732299,-761.100676793871
338,0.0533176751983454,0.0714340926398788,0.0141339846243277,0.0171810021839874,0.0918143455692013,0.00640342119997733,0.0541849649277741,0.101416688153409,-759.890995861803
339,0.0403437802735034,0.0822852377932938,0.0160151602500772,0.0138415427310848,0.0673729712260318,0.00642110125652288,0.0562847651574763,0.129820298028572,-762.09929206133
340,0.0506548136038271,0.106852530042461,0.013098677847312,0.00444575941654221,0.0819125241207429,0.00821376147109858,0.106816669208749,0.135784382719776,-760.265492043947
341,0.0398625036693535,0.129397133746754,0.0108542646906833,0.00507736899426467,0.111745749565819,0.00541875410824855,0.0986063617784751,0.134379720999176,-760.590975186062
342,0.0500895433819493,0.148647591276943,0.00232642372534776,0.010072171888386,0.0716594906095549,0.00602787317453993,0.113718559713624,0.143549627365397,-764.124766779522
343,0.114103894981241,0.128812519199492,0.00390323489035502,0.00838976112991329,0.119385866996074,0.000220524910664443,0.11936408127788,0.17320366778385,-767.343452842248
344,0.110600847851192,0.132191740063029,0.00185048420712707,0.00109746516172197,0.108562442561005,0.0014426426687102,0.121396554210785,0.166220273256171,-763.798259569686
345,0.106817592847607,0.133821396219982,0.00336198468969275,0.00204443334130074,0.0920596049698148,0.0051343349773685,0.0901527968474848,0.10730371519948,-761.170262329183
346,0.0934511209211239,0.0901943164954488,0.0276646249020182,0.00359827331597347,0.098195655790436,0.00311098733388779,0.0803545720511126,0.117611892856548,-759.809160530175
347,0.0503140076578233,0.105261296237568,0.0110218757511222,0.013247003631016,0.095086195447966,0.000329501693094536,0.0684956578333321,0.108304348181158,-757.691164858543
348,0.0542169462694674,0.105049377311953,0.00274456076494581,0.0161845425929635,0.0812060684180183,0.00326700820650159,0.0781357087805874,0.153103136996301,-760.24651505174
349,0.0898838682955761,0.105240900939381,0.0117150229392967,0.00849596335637434,0.0803575365810533,0.0131901836275318,0.0798984936192969,0.0833234437735005,-764.672812731172
350,0.0562658202806476,0.117709782411318,0.0102451109526343,0.0129215845049521,0.0947057955999779,0.00704778207176707,0.0482637830486631,0.0843085187913703,-757.995356684251
351,0.0581038518827995,0.121412327179061,0.0124925176909916,0.0122664656300923,0.0970901368348832,0.00478417118684616,0.0581862903688394,0.107571914673905,-758.161113161053
352,0.051755981001469,0.105723544826156,0.014737845460496,0.0144353605674647,0.0955594093052503,0.00797151201168748,0.0653426242937162,0.109561623632474,-758.516175328179
353,0.0472172589273921,0.10121010817564,0.0041371086077923,0.00669556185948269,0.0934887430139036,0.00387733619281788,0.061000610565483,0.131183085981266,-759.751634749281
354,0.0698890423351871,0.0953967033566981,0.00350468402650075,0.00568920630137515,0.0716764203556817,0.00781818029082157,0.104111510366032,0.141529597162709,-760.024928527714
355,0.0444939682405007,0.107600801768993,0.0032484605872458,0.00748216562403388,0.088953768106398,0.00584884529659205,0.121971882135267,0.14186761101313,-760.392038056476
356,0.0942606597171358,0.119629529225437,0.00266314212087402,0.016646911671802,0.0824725959815515,0.00581146808952833,0.0678241661848121,0.0862669437018797,-760.383873891
357,0.0575373128329163,0.104988840312776,0.011217937756543,0.00724897522853866,0.0750682186963587,0.00321128482191045,0.0748519103880544,0.0815376543325814,-761.78680388767
358,0.0793230955896878,0.138907994685097,0.0185544982367551,0.00969393365950109,0.0901492342547802,0.00775594902660542,0.0776995784002041,0.103104113527601,-760.952535448359
359,0.0529791022316559,0.12915192436376,0.0202177235473449,0.0126023815249502,0.0940180367066002,0.0075045939385718,0.0471546629881628,0.0986393139195417,-759.667562788296
360,0.0366596091780705,0.115467084018593,0.00758741414114779,0.0134325917690648,0.089908164971696,0.00761841310253636,0.0604879376909876,0.106236400771314,-758.770625038797
361,0.0336899683639092,0.0960374361145205,0.0158937721060949,0.0174830544335267,0.0906641562143512,0.00592577833111398,0.0703417820512043,0.0961383645238258,-758.752565594326
362,0.0363692400608641,0.0861836056057707,0.019255453690486,0.0103940030486771,0.0910052807026282,0.00898150755804221,0.0519976076581894,0.0840132851292483,-759.850228859669
363,0.0707138931579274,0.0953576611587563,0.00836646633983359,0.0196844401466178,0.0742260891762709,0.00576953931794227,0.0481184455867351,0.111478667540828,-760.111105857431
364,0.0530707097901,0.0759275059544298,0.00855153515560615,0.0168020389739517,0.0803361803040317,0.0022820217640546,0.0815931415490548,0.124272645795627,-759.278598744629
365,0.0457582171970568,0.0874990038235126,0.00420348045049171,0.0164751814576137,0.085001550486093,0.00160940610824045,0.0575584554219502,0.116657551444862,-759.108048458022
366,0.0604239302183275,0.113098052417627,0.00465892310396358,0.0220008732532282,0.0845700642060584,0.0071136385779179,0.0791281227134431,0.120385436066042,-759.289343828994
367,0.051564110320207,0.111615738603716,0.000280106733684667,0.018102817901469,0.0933822488256592,0.00477551918514062,0.0544689968575927,0.0910174134371361,-760.42233662859
368,0.0784972472635853,0.093619255924501,0.0135415166668842,0.0222506457220668,0.0907148820324718,0.00712509823765474,0.0401490229557854,0.0813798410272869,-759.714840563509
369,0.0828000288972095,0.154474870571303,0.0118862925585435,0.000454293843781622,0.106156476288891,0.0134947990974814,0.0797982977605996,0.081372222325567,-765.76148416304
370,0.0319259546119854,0.138548871174878,0.0128994172270649,0.00253411444181951,0.0847317967171362,0.0074310917767705,0.0295249979871474,0.080253842132256,-763.631049736914
371,0.0329505124950528,0.114496976497359,0.0416382872172049,0.000742722160457697,0.0877138404177654,0.00602184949510876,0.0365886669125079,0.0768716565790462,-761.458453907234
372,0.0573882631788063,0.0686161469375204,0.0289647828594574,0.000202753250550323,0.0934345737292983,0.00194274707002929,0.0485101590384772,0.0775119887331309,-759.061875410392
373,0.0570302985087449,0.107709837646537,0.0235865075411732,0.00408803025840736,0.101422362386484,0.00914742933337136,0.0360516798430874,0.0709274758935968,-760.628708869204
374,0.0487036812397688,0.102857878899376,0.0425173672185076,0.00335279048393393,0.100563477472791,0.0101790427645267,0.0411851153538643,0.0802079889623669,-760.515505325184
375,0.073119182528286,0.0923562905126136,0.0205565176293405,0.00218826322645965,0.105556567286142,0.0127401957344,0.0762476404174535,0.0938603235036199,-761.28611553915
376,0.065670678465801,0.114531890819227,0.0152818642297204,0.000543884118198468,0.0793524991072873,0.011774821526737,0.0507194298915866,0.0819249451640145,-760.606879271165
377,0.0888322457526063,0.0749174237607386,0.0294180603899705,0.00777619222805791,0.0808242190119915,0.0108100605947096,0.0495306378909416,0.109252065727244,-762.017344258191
378,0.0442828730656587,0.0924202596898064,0.00311580789260937,0.021709169622027,0.0778995082593525,0.00669433029401153,0.07140165942222,0.109490589719716,-759.59279607159
379,0.0496051350405495,0.0727326636170438,0.0194231781242363,0.0171812723823565,0.0848852992504877,0.00644750904850927,0.0421323596774514,0.0707478570575262,-760.42176754196
380,0.110277229499701,0.0780016003004067,0.0348861763554458,0.0121676608291522,0.0799666736112435,0.00625889842573264,0.0384723153074815,0.0896049797938367,-763.081751723718
381,0.059283605049068,0.0734265657635255,0.0656409062075181,0.0196095565463098,0.082291981839325,0.00195345752766932,0.0347512327385503,0.0801677818753386,-763.86689303665
382,0.0414478577866455,0.0718610382004941,0.0384508334648203,0.0116337537480365,0.106973592131288,0.00508677304053799,0.0421666160770179,0.0851686510005018,-760.440285395863
383,0.0490691157142739,0.0691580607034052,0.0304637343413221,0.00426910981405193,0.0761088931061415,0.00834932539259714,0.0505246051460696,0.0782262156708639,-759.924518920555
384,0.043584264828297,0.0969283260577117,0.0399077259194989,0.00167159410919817,0.113369799879231,0.00264024468317637,0.0352640230498551,0.0748812703595666,-761.342497823901
385,0.0446344094836022,0.0971836786926916,0.0355112921958368,0.016459184945046,0.10595393546427,0.00318471910000821,0.0334138329845496,0.0734911407362817,-761.971532440635
386,0.0292240259874471,0.0572897258247684,0.0507760756371757,0.00746311659905056,0.0705156723815576,0.0109939061480231,0.0421665050951412,0.0885985138428427,-763.903009090927
387,0.0687963183601714,0.100570043472372,0.0358088243286736,0.000229546022464497,0.0888046595919845,0.0090282312108753,0.0418317336680359,0.0942878878033506,-759.722480293329
388,0.0690939669833376,0.0816062616940955,0.0485922258020052,0.0030335208514019,0.0828664736894052,0.00986978732686574,0.0554862266976565,0.112394277418986,-762.161084621052
389,0.0568879508570029,0.0759123932382145,0.021808769863757,0.0160773535156277,0.0830284001558777,0.00370753681819683,0.0602172372551488,0.0839016408857139,-760.60130987216
390,0.106356952419188,0.0841289990887467,0.0257182528821802,0.0122612902916282,0.0925324583428045,0.00331893015729558,0.0541206255247965,0.0922102855037113,-760.833844621359
391,0.0611427566458641,0.10395637686579,0.00943632188072421,0.0229243100764881,0.0984499950113564,0.00107516065209813,0.0609369862026985,0.132389828935653,-761.275565120112
392,0.0493569123190642,0.121618101113065,0.00786673992172512,0.0120491336656434,0.0812699636423752,0.00438702988736138,0.100661114305518,0.141850700299509,-759.753562126066
393,0.072999384584532,0.150179657168734,0.00958195143101718,0.0143181435772478,0.098455870805216,0.00567686851717077,0.103795375492416,0.141540219491117,-762.231880267658
394,0.0973616658080537,0.123444453004745,0.0050737020610346,0.00806937893282686,0.0745475275382486,0.000363475489483687,0.0877147292154842,0.146527350584602,-761.371440854793
395,0.0454463085023847,0.0671981935665331,0.0139780307520899,0.033118876251863,0.0952177425343099,0.000614015618977504,0.0642884358923137,0.0909209080299795,-760.489583432145
396,0.0412160337162989,0.0679129926000824,0.0127921243275679,0.0361820395539176,0.0881521556964971,0.00902186031974441,0.037480239733999,0.0841992746289541,-760.739379966567
397,0.0551572940712901,0.0848490031474829,0.0169464310721151,0.0102020838198061,0.0789272688588204,0.00943475107998763,0.0597180769118519,0.117745242638638,-760.683962661834
398,0.031163654330672,0.126453426806231,0.0103402178840392,0.0088569028819372,0.0928609600355546,0.0105766625841494,0.06311443438076,0.0712891946820909,-762.50848153565
399,0.0381609810506459,0.125807259145199,0.0104800805579984,0.00534555211709003,0.107934526212916,0.0190786432352897,0.0338353063994535,0.0631354936332434,-766.894459423019
400,0.0591588302470402,0.0880268994697405,0.0434754888839572,0.00710340611535453,0.0960797682843881,0.0192217796213281,0.0375170122400921,0.0596251920847831,-764.747845912059
401,0.0577428584186344,0.0941655278726974,0.0451959651460453,0.0151002329244048,0.0820541652883533,0.0103803113684572,0.0190233681647517,0.0733609358928925,-765.069001115447
402,0.0585027428427862,0.0678645198355396,0.0574724825068117,0.00494564039943767,0.0851289016523143,0.00771518761443398,0.0260864838115139,0.0648763477726305,-763.240252071942
403,0.0564558336186529,0.0833231752659236,0.0226025034663308,0.00926357043799436,0.0927437333558093,0.001633756340812,0.0237989734969862,0.0630010407974581,-764.054252102447
404,0.0880706048310973,0.100841874880132,0.0306227004010124,0.00944879706407609,0.105449316120986,0.00530577810811824,0.0693718180797477,0.0859892258742966,-761.217829020151
405,0.0513999461945302,0.089912733680942,0.0270172813738252,0.00895927147308528,0.102664377069369,0.000556531350197073,0.0530861928870603,0.0760090300196788,-759.986866943482
406,0.0482602585613885,0.0739753282764946,0.0245196439885737,0.00812902724147448,0.0978187635017213,0.00319284264547309,0.0557678045478043,0.0880004460716354,-758.825610863469
407,0.111028570269686,0.119947812983507,0.00736804294061665,0.0152608874708535,0.0829575724102935,0.00904792263436515,0.0519888752909035,0.0928361850552955,-761.257925666706
408,0.0373696512131397,0.105386429638396,0.0285565804525393,0.0181480653404094,0.0937256374303108,0.00461378304223175,0.0519369639566986,0.0839295577790227,-759.473376364777
409,0.0604572912186624,0.0711140990781402,0.0330861578548273,0.0102497552042751,0.082959298180572,0.00442986418393004,0.0474188129301004,0.0908992541583167,-758.930234262352
410,0.0708204069775515,0.0756653735011398,0.0247267479835732,0.0176219949880962,0.0825507961261203,0.00475791148943893,0.054701046925261,0.0826777140381847,-760.405837807235
411,0.102891491858867,0.0756486618365355,0.0351834384442317,0.0189329468916334,0.0849726068183914,0.00336464098145407,0.0564852795022857,0.0931165560625696,-762.202468681425
412,0.0732398019284298,0.0980586612484056,0.0175152817980702,0.00939229313191362,0.087223873705195,0.00471716728899433,0.0837284225965608,0.135239146307962,-761.1000741928
413,0.0291823748417885,0.0848862614770126,0.0514747141779798,0.00813829285782324,0.0995437739486796,0.000792039526650031,0.0910739274673175,0.104877827471172,-763.753961103343
414,0.0233878363718285,0.0964137608849757,0.0505573423584685,0.00770794790160241,0.116071050233556,0.00396595509482662,0.0621082583843264,0.0863107416416244,-763.678857319116
415,0.0519187521120198,0.0904558801047246,0.0367729558415173,0.00449755224419536,0.0911386814174129,0.0052522106914438,0.0588447569245509,0.0979654417291873,-758.404305984749
416,0.0688667263080086,0.103221423569478,0.00729653051292553,0.0349151323704374,0.0923573034867833,0.00586773050308011,0.050376652023393,0.0827105340074602,-759.777982598831
417,0.0344453902177411,0.0970009715193516,0.0321138479203418,0.0133431331951406,0.0895961421337236,0.00369392249074572,0.0436107471470567,0.0674046486980635,-761.489266736671
418,0.103820966839452,0.0663916558204726,0.0263550564111873,0.0170107693162321,0.0843499365260989,0.00343850980042747,0.036525247531979,0.0629767775209371,-763.53615682661
419,0.0302868084623716,0.119778875492003,0.040279532855278,0.0105252525835509,0.115760141979436,0.00761579631252757,0.0349490900776096,0.0831893752140116,-764.998213596957
420,0.0697656781417145,0.115516279990748,0.00370874993993167,0.0406054460951662,0.102049347009747,0.00670564809775346,0.0736184260470407,0.0834640220921336,-764.03421089046
421,0.0613490964796638,0.136912534735507,0.000719809990904107,0.0451146175485388,0.0971854681366953,0.00527735609733614,0.045573398970595,0.0778542925970566,-765.591716369585
422,0.0723506706270949,0.0698467864134948,0.0171510786039999,0.0204120132186047,0.0933524328531206,0.00917082489168123,0.0356661665673639,0.0657494953062615,-762.971687425557
423,0.0438168253053916,0.0874089136830296,0.0173682200511422,0.0262914905458936,0.10385856767347,0.0128644253590289,0.0325153354871326,0.0604567068562192,-761.810807501367
424,0.0305411849189079,0.0892925704691047,0.011413012313024,0.026068218998441,0.0874631973424213,0.0124548717918962,0.029664840986515,0.0608901294218195,-761.752485799218
425,0.077267425845625,0.0976956183807595,0.0168763300136493,0.0321320401337018,0.0924231972780307,0.0154727300976774,0.0366317005934146,0.0794710216682745,-762.495124652604
426,0.0455489311056862,0.0744666071572029,0.0326691872260453,0.0175176761443146,0.0964202997950536,0.0172700338587042,0.0430426117462319,0.0697877420371804,-763.619280162442
427,0.071042263649098,0.0736304360965234,0.0367586065786351,0.00616781115689508,0.102287332454808,0.0179504901273699,0.0474672985729435,0.089457582112828,-764.204154014137
428,0.0581932070406244,0.0994866173260747,0.0437581778394649,0.00573838683273736,0.0866263045345011,0.00156121854902999,0.0392616219804025,0.0651899294928938,-761.779880509095
429,0.0534485017257823,0.0908846328901904,0.0403224511407008,0.000975840440235897,0.0922945097030447,0.0116752949108639,0.0454654160451217,0.099713889705778,-760.605496084631
430,0.0777833643829497,0.0875676748198986,0.0172456212649383,0.000225636080890438,0.0884644953824037,0.00182145652486121,0.0648342979334868,0.0900151853830695,-758.16181423283
431,0.0627834577927958,0.0777676370828049,0.0477446833294507,0.00884322355331132,0.0854105900363457,0.00115403873383516,0.0576952581053115,0.101279687067072,-760.325790267268
432,0.0470196738129932,0.0811828479870469,0.0466989510155312,0.00273259362512907,0.11294166649774,0.00857272183627782,0.0579765385547081,0.112641855221898,-763.666422331468
433,0.04330357079524,0.0914460986536584,0.0194510733470365,0.00169292082031431,0.1051202846665,0.00669872778064606,0.0700177237157123,0.0723167568623187,-761.920116904447
434,0.0425710752701621,0.12527515116007,0.0248366950415854,0.0010295347024745,0.105675677824036,0.00713470542633554,0.0719456762062606,0.086197933246734,-760.280745304556
435,0.0792814717727807,0.0961377406727112,0.0193518406898901,0.00385345436821482,0.0802030911657099,0.0104158048473586,0.0547711331286203,0.104792974323249,-759.83967151257
436,0.0414377563458307,0.0765693374258572,0.029594887406423,0.000640446607658427,0.0830887351073547,0.00338080150051602,0.0701877944601484,0.106813607584676,-758.472381631637
437,0.0519121804365298,0.0960955606111239,0.0278413237510219,0.000655107425916938,0.087392345307572,0.00575467665479296,0.0549387991916439,0.108375928406192,-758.293398409717
438,0.0652088139810771,0.0954316297320887,0.020676786403669,0.0024675492672199,0.0954497995098606,0.00330332475798753,0.0869215187867105,0.118432279794131,-758.462439302979
439,0.0699445845664017,0.088674828329339,0.031525607223527,0.00175074930553998,0.0938002390337112,0.00814210745207301,0.0568219067657111,0.102548617581488,-758.775738859819
440,0.0573785166161144,0.106143480966391,0.0216401329241125,0.00104263353931571,0.0949056735058764,0.00317844558926055,0.0728518416755913,0.102870820253486,-757.734794696838
441,0.0860236706932715,0.088251684948185,0.0162686728435991,0.00035213263035527,0.0852178534561827,0.000652065009032888,0.0531679865122315,0.0986463586908792,-759.018033000274
442,0.084029885406236,0.0662783587623732,0.00498353143593016,0.0442991244815,0.0910544754076068,0.00993505036341417,0.0649862525400412,0.103135136158554,-763.848001878506
443,0.0898840117154553,0.0747111047464964,0.003307382589038,0.0398356353085196,0.0841027419430661,0.00948619420027793,0.0603518063537594,0.102075529395604,-762.546680355034
444,0.0403194785633259,0.0740737182531929,0.0224792658542518,0.0184241584444668,0.0835118262286591,0.00181994257440722,0.072473084794511,0.10657975060825,-760.249874169632
445,0.0533574935080858,0.14311080977511,0.0263039694933365,0.011986230826893,0.110443194400453,0.00621765872459108,0.0738536429024382,0.097425686468578,-762.358939369091
446,0.0367970037661055,0.0674816386232715,0.0469587741489242,0.00968166250152414,0.0736043088610921,0.00220569050997499,0.0735181657872827,0.107504198787442,-762.792977099713
447,0.067153948161517,0.0655825402531911,0.0244453804677781,9.30612849884392e-05,0.119544952795498,0.00330668274838774,0.0506695537261867,0.0850881064810188,-762.078928091032
448,0.0511275835722703,0.138223714300908,0.0241734390141253,0.0154448237372518,0.0767282002720702,0.0104031046171606,0.0425045652521785,0.0778483245286034,-761.644196627543
449,0.0591421999509181,0.0977926438273277,0.0120719669183476,0.0148884836000477,0.0800310328535763,0.00672144513826568,0.0398308012905413,0.0832623083827553,-758.56905772929
450,0.0340626141357731,0.10805458089123,0.0074843503633257,0.0164748448273605,0.0913065535570374,0.0050339292333835,0.0520671948888511,0.109942444942114,-759.57659820935
451,0.0420283295123341,0.0911629263909618,0.00917876447651456,0.00782703033840993,0.0692975387249821,0.00133427856790871,0.081385339456666,0.148774829037216,-760.608850172658
452,0.0435648253169832,0.111630963804452,0.00274724905891733,0.00658324906123285,0.0609307069960699,0.00158852426711052,0.0694337050707644,0.153537947506577,-764.115016352471
453,0.0886683952230562,0.119182449903432,0.00519941044186958,0.00491661392710377,0.0855519148008259,0.00498513007324773,0.108872176931409,0.153547723405224,-760.138663876372
454,0.106221147688198,0.15525211899268,0.00617221375572924,0.00999562952090751,0.0954297386455913,0.00223218540361588,0.100082293620489,0.152274572964497,-763.268987086537
455,0.0497166794472002,0.117584062326653,0.00047883695449232,0.00753940509117689,0.0902116289748421,0.000341412848097788,0.111319032970175,0.143699930696818,-758.863905143141
456,0.0891987836217995,0.134808320378352,0.00283435163837953,0.0172979383022759,0.0983934260006818,0.00738181188685013,0.067451436784059,0.117365703569417,-760.689723342642
457,0.0635875373568635,0.0857872824937496,0.00642015315474385,0.0139835189740242,0.0980551826397303,0.00502517607364387,0.0568361618152364,0.105035823413975,-759.016196390734
458,0.0389015952934497,0.130382711941713,0.00600785878558855,0.00849074741640598,0.0987174507938484,0.00631146403806035,0.0585718994873859,0.0900695694153317,-759.225139010783
459,0.0705124828544342,0.088853726260692,0.0342759399205748,0.000152395611946546,0.0924479005855847,0.00961785140269771,0.070829414335385,0.110108031440995,-759.411182634314
460,0.0423861730688084,0.0891892308762391,0.0203001555290722,0.00137765333179905,0.098990209651015,0.0104804356303525,0.0780292789033833,0.103155302199942,-760.367904655587
461,0.0773869268887486,0.0974736518753015,0.0418050297604267,0.00265842258440392,0.0915723331034427,0.0196811670853825,0.0870386243484474,0.106737027691508,-766.090913022354
462,0.0501940054588579,0.114698612907746,0.0119867849299146,0.0145181843908772,0.0870572691667553,0.0169299858299915,0.0705428242499246,0.0998786944768104,-760.733854588199
463,0.0515365168025961,0.128049034323316,0.0157240183988088,0.00851101432221458,0.0822977967344604,0.0113850582432004,0.0724430523266718,0.0998498021024172,-759.504247154155
464,0.0572947906500152,0.132305435709086,0.0206519172798439,0.0211291651030076,0.0829666257938585,0.00444875115560403,0.0502171654114354,0.111078297460935,-761.597600384489
465,0.0416730249466126,0.0726614501724955,0.00318348265759069,0.0358619582138215,0.0769893077560976,0.0107233375563032,0.0514321031915221,0.101779542037512,-762.423997206723
466,0.0586151649920652,0.0718515019742149,0.00971105955361143,0.0236717544015525,0.0793839551762081,0.00597336187755619,0.0534081090873254,0.0833613364276056,-759.323497249361
467,0.0610898724043406,0.110905182239941,0.0163490324490754,0.0258732203782802,0.0983736800329938,0.00574788859789884,0.0531872839471228,0.0859804720536703,-758.850309680962
468,0.0549187028673219,0.0790407172243506,0.00928378324480277,0.0237924639694359,0.0989932780482823,0.00705537850992205,0.0585323885363639,0.0956743883106497,-758.9519359699
469,0.0592619833872987,0.0677330845958838,0.00386026643870668,0.0259637671183409,0.0886919580202876,0.00275073713449655,0.0561166614992048,0.0933185422418915,-759.626260781515
470,0.0582751652816536,0.0838038007444538,0.0244882931688049,0.0208377217657084,0.0704807657439274,0.00467562765654082,0.052953097755688,0.106468729077767,-761.361203425536
471,0.0578135499448756,0.121959177676308,0.0155676334318203,0.000177587466236599,0.0792102443179366,0.00589595454529322,0.0623908724275316,0.105958595639044,-759.064237961036
472,0.052110554222783,0.0735120455972332,0.0366390680843164,0.000544188300306717,0.0856714824088056,0.00075574594295643,0.0633461144048466,0.114268289665922,-758.766334626116
473,0.0427498919039096,0.118602257625824,0.036295994105422,0.0024692003091635,0.0947133154734065,0.00859644763552188,0.0910121707036151,0.100822942730676,-762.35362721346
474,0.0454928952287911,0.109222725294682,0.0230570067684821,0.000356260879522891,0.104335560703436,0.00675314754281237,0.0597974256487867,0.105802526777644,-759.021340977126
475,0.0785237817480729,0.107445363268816,0.0346878698862429,0.00108810505512401,0.0753283508523459,0.00282954634306714,0.0581362413399131,0.0933375950240632,-759.996412950202
476,0.041661153473385,0.0740114356522764,0.0280844679424344,0.00833093801525761,0.091863521630806,0.000386804296716985,0.0527933394876536,0.104192895788432,-759.93014892434
477,0.0592832020014061,0.0788218645532787,0.0305971001523358,0.0108480193375473,0.109458873974849,0.00345868224167319,0.0649808438489561,0.0887177064040316,-759.80504892961
478,0.0433190284786551,0.100096323407974,0.00340126699138507,0.0130148914636811,0.0905716007774652,0.00974915607368458,0.0726878361201436,0.130879710448703,-760.18869388273
479,0.0541352613059777,0.114120211026653,0.00945255347327084,0.00734064235678584,0.0743338780264795,0.0033977828707672,0.0662017304417926,0.136836421502961,-759.506023862664
480,0.0620048806423666,0.08883700201899,0.00576567989162836,0.0109990473984706,0.0861589280205485,0.00367533733980076,0.0674464813974489,0.105202710362772,-757.909462038214
481,0.0461605889441084,0.138386518125022,0.00261129842570072,0.00373050706078325,0.0882749045736678,0.00395370347137478,0.0555824556924292,0.0986991320281533,-760.147791275251
482,0.0644482381480884,0.0975035020167973,0.0382301605734248,0.000940991175411319,0.106548669335717,0.00143235689687376,0.0614155567971779,0.0979979922248046,-758.880958999661
483,0.0412786450230709,0.0906874345624023,0.0379435395739778,0.000600747057878231,0.103770835508938,0.00500425005205958,0.0702375663629435,0.0992746714006377,-758.778228805042
484,0.064388983317708,0.0964189913837524,0.00964979275856004,0.00308191925798678,0.0699071477100093,0.0064213131491964,0.0623238312658862,0.102987883266329,-760.01163980112
485,0.0688303215777375,0.127904024547189,0.00894500753167535,0.0106520859585012,0.0828628958552068,0.00753748241409333,0.0753432216620756,0.0945413719056753,-759.059165998974
486,0.0626234456073499,0.106815113396727,0.007268062349142,0.014459208412214,0.102661646523941,0.00196817099076796,0.060088360537605,0.100688063813172,-758.048344464902
487,0.0398797984697296,0.108017422026663,0.0156567286943467,0.00768363469006014,0.0762150283058857,0.00856697688021095,0.0669307662924808,0.123487327360343,-759.357085021238
488,0.0459721050084366,0.11586057156443,0.00914291401723757,0.0032174092265651,0.0755879869294662,0.000233898214639735,0.0836592334731514,0.151329525751774,-759.648182313647
489,0.0567718388208086,0.107079147996535,0.00529702629070125,0.00442802628445201,0.0804561361645037,0.00714721773885085,0.0823753890659773,0.143497029179068,-758.477113411751
490,0.0603168025805413,0.11641870598703,0.00642184097723275,0.00894708078599512,0.0701191367279877,0.00103400641593815,0.0710001741257789,0.117202650383533,-759.578440470562
491,0.0447976222534123,0.102975844974387,0.0167834486052074,0.00677239627425757,0.0706723846580674,0.0117883045370222,0.0565335951672257,0.107104328829014,-759.939326516759
492,0.0479595674719277,0.128988665159058,0.0250695820858725,0.00937604034310996,0.0745818797004821,0.00969118995246931,0.0579614457556086,0.105013908033391,-760.968542545993
493,0.0417701062274005,0.124770811702335,0.0103214117854505,0.0197126406469887,0.0943919450932571,0.00113784085688623,0.0783274323727819,0.118926088140981,-759.520613518429
494,0.0522655055532696,0.122613611958444,0.0104901279675571,0.00773864562065591,0.114810826340064,0.00336419019767198,0.106063018243755,0.123251791806753,-760.184778221694
495,0.0563746976415811,0.147570131204612,0.00189720147806354,0.00425651847231558,0.135612886137191,0.00400600845982273,0.0700336846398537,0.0975024553745135,-764.55969758415
496,0.106165315637233,0.119590213017505,0.0436671443846985,0.00453154873030687,0.0959181088183124,0.00456360062266286,0.0620772023148045,0.086563038360953,-763.20388878543
497,0.0557972267249645,0.0641472802031538,0.0391397727228355,0.020592982720471,0.0928472419614372,0.00568666679420859,0.0583623140971248,0.101225976139703,-761.427330961242
498,0.0492310685949276,0.0960466595830358,0.000918926341281578,0.00720099180558579,0.0823357814552355,0.00356443509208874,0.0910594205349302,0.137427532663825,-758.196998583693
499,0.0513484801386669,0.11629369198729,0.00994100100908649,0.00925887518205839,0.0804396073776433,0.00686725838548022,0.0693964268398905,0.0959896873995111,-758.154716052315
500,0.0568230753449752,0.100966146802511,0.00751950734657037,0.00723681428403498,0.0757635247532702,0.0112490958306335,0.0556874922005342,0.101619066417385,-758.874348867784
501,0.0594847138524267,0.100821867257998,0.0020964344598612,0.00510010006872907,0.080612336061832,0.00688007360128057,0.0571547407703564,0.0981312622807753,-758.881614285362
502,0.0701197493202441,0.104536919045876,0.0321456814335777,0.00987126581267063,0.0771797541070476,0.0031399628185332,0.0557052507699866,0.0811216994246856,-761.102868814763
503,0.0612250568911666,0.0714239801464805,0.0318479264266935,0.00425866417991307,0.0915510393354097,0.00280411484523761,0.0562850162118744,0.101123692252174,-758.382743162057
504,0.0698012634140767,0.0791048924376204,0.0237913187715392,0.00796218842115558,0.107691721165367,0.000441592807453418,0.0807075271833312,0.102500471426402,-759.842161889025
505,0.0562268570529982,0.0852057001438926,0.0301392486365126,0.0072721591157952,0.12321572611509,0.00170579896214663,0.0529016471910971,0.0949753222664357,-761.072363595327
506,0.0540694453166016,0.116116011066017,0.0238126011594525,0.00335323704273458,0.0988555188643448,0.00336287696370094,0.0622401551789314,0.0912307102639855,-758.689188310216
507,0.0714357290528712,0.0555102798258987,0.028470940936352,0.011912158236523,0.0774937034335103,0.00301771113984371,0.0518354365945345,0.0920276943707426,-760.206842559267
508,0.071995365281,0.0889267807748089,0.030024663422201,0.00386423711704425,0.107182465035153,0.0065496466642384,0.0520818936413891,0.0848246416348967,-759.310888932848
509,0.0469479309370127,0.100449494251191,0.0306584078305878,0.00152703899238869,0.094922556460673,0.0085149837112695,0.0537123305181529,0.0873267023613377,-758.273504731017
510,0.0583465951431561,0.100515388837816,0.0213298010902285,0.00165767463288526,0.0868728057033761,0.0112945248155914,0.0760456404895274,0.092754031059593,-759.923813451219
511,0.059649293296087,0.111611130869597,0.0171551827125343,0.018893574685026,0.0871870321737811,0.0040498537984755,0.0567698864315443,0.107414006770621,-758.669714887917
512,0.0542834161015738,0.0874755387526404,0.0168524141594441,0.0209488098323321,0.0894958461702971,0.00387734316334364,0.0939791008410412,0.110520085272283,-760.521276262213
513,0.0518088681914397,0.102164548897372,0.00356360963307403,0.0177343453010969,0.102033255350096,0.00252083221532919,0.0585492601542433,0.0904240867772177,-758.688226575219
514,0.0411545997219331,0.115191213880404,0.0155781026370443,0.0379128984209957,0.0970182496359671,0.00651110253570264,0.0528531494765307,0.0885557295497932,-761.220848570886
515,0.030332754837623,0.0602272741844544,0.0193289152198789,0.0179404832696184,0.0753540976899792,0.00558380638954431,0.0717428660643599,0.14299018777655,-765.133260123643
516,0.0717731085071923,0.148781567364841,0.0125628954636121,0.0120637001933511,0.0836025991741745,0.0115035155036577,0.0996491903721385,0.12575241847318,-762.634790074214
517,0.0505010226424548,0.0830286812999082,0.0113965347946877,0.0354338900100604,0.0821774448248201,0.0101340614171431,0.0899893058345487,0.111761142765413,-762.90751084874
518,0.0734592015482999,0.086926472570387,0.00960755052312604,0.0364671024393112,0.0935776873273762,0.00720026267681485,0.108733599434011,0.133597766137971,-764.333631048057
519,0.0465999011929778,0.114287067566322,0.00726054634592672,0.0105099445461442,0.106158402396238,0.0122160212469345,0.08250519428538,0.109028982791392,-760.728732757078
520,0.0571551997072182,0.162540297735557,0.0177219658993127,0.0134300929060574,0.0989769261196349,0.0172035753710744,0.0626356432463126,0.110671406195935,-764.884279672646
521,0.0430474416933217,0.130710873888979,0.0078472719918793,0.0163204322908409,0.0786586263276585,0.0104183838687387,0.0800422935071876,0.107536516185988,-761.134335059904
522,0.0534838694633902,0.100333595403178,0.00870932992147225,0.0151285677714237,0.0795502583358125,0.000224599681755022,0.0461911371345728,0.0862229470592645,-759.882840483122
523,0.0525897758126683,0.103014041751091,0.00864891851971747,0.012641493089235,0.116570784462077,0.00345976737195741,0.0531423451494601,0.0811852862252696,-759.934489377638
524,0.0389191847727523,0.102808823821478,0.00572905586752244,0.0113345447678749,0.0890443639444798,0.0019615338126314,0.053668478716541,0.120995960312826,-759.894983735114
525,0.0366890536560806,0.115655563664551,0.0103203688666173,0.0129560711725886,0.0918001351105523,0.00451116240411886,0.0619523488984521,0.103079537362827,-757.933580730517
526,0.0705734759488316,0.108223934755919,0.00608106678393297,0.0115286002974661,0.097866758217815,0.00238683439616952,0.0557029107977694,0.0997924119904949,-758.372247504108
527,0.0376939810843499,0.104048136219952,0.018781907376375,0.0337743042263782,0.0998106781721401,0.0065745533110711,0.0539903904215242,0.0918345042441856,-760.278240770318
528,0.0564619014043733,0.0837038239328254,0.0145049207175521,0.0157628870873452,0.0785793922968193,0.0129133990136178,0.0656630813478087,0.110470247618356,-760.494010034311
529,0.0696334934101464,0.116316660865954,0.00452266345578931,0.0187067974936158,0.0843483667821986,0.000342163361810763,0.0829889999664336,0.12327923278025,-759.104787559736
530,0.0798957728540407,0.112490350577792,0.0113824611907906,0.00699791075795202,0.0965735130153842,0.001409915074123,0.0953854559075388,0.119908015641001,-759.817843106076
531,0.0756635077885851,0.134908609553846,0.00500261589113638,0.0126239793442786,0.103312933208842,0.00757235258145517,0.0982401832582463,0.127166397505425,-760.400520774666
532,0.0757749601447928,0.138720959055307,0.00203761731477196,0.00817881145376148,0.109894064134501,0.00894690789897514,0.0813085606133109,0.132509751216079,-761.60420484958
533,0.0909442051607436,0.131531789425075,0.00596648396549985,0.00792835105029408,0.0595863873278646,0.00823510788580326,0.077784864385505,0.0775825350598964,-767.624896429617
534,0.0836607978089525,0.0971289649863862,0.00285989397080224,0.00576085503935206,0.0978893141129548,0.00602344041680577,0.0632106300589291,0.128960517452416,-761.75314951564
535,0.0738061610386229,0.155024417350264,0.000965439079196773,0.00589812462482452,0.0747719892205731,0.00312254625088522,0.0919148035038651,0.118938793335118,-761.114602140868
536,0.0874913027832007,0.150261689551909,0.00339234016391072,0.00273408332867967,0.0921863050187921,0.00687065869116573,0.0704435077758967,0.0959649175807582,-759.950499396635
537,0.0801927184638931,0.134645997312254,0.00722303481803076,0.0118140956895119,0.104769073322895,0.00684150270372362,0.0595952542104249,0.100581713644199,-759.577708651022
538,0.0909684358920799,0.133904445392418,0.00646577289662431,0.0107760718000325,0.0723440152311331,0.00915647983781151,0.0645253388466559,0.112811045234057,-760.297210856469
539,0.087130970546047,0.120438838124013,0.000114571071553241,0.00758240103196252,0.087862100039042,0.00868477992780163,0.0869015154840726,0.0992992379419069,-759.903280051119
540,0.0927242388539493,0.120968820711826,0.004182392034773,0.00365602996060382,0.104468926679846,0.00801964008979826,0.068130677979065,0.103390525111431,-761.199147189226
541,0.0638772653634118,0.121690134204021,0.00439788848098691,0.00567786990396572,0.0754920745309357,0.00558240956843552,0.0587105593534381,0.105084082568326,-758.42147788222
542,0.0553990787081584,0.118012017018517,0.00824644327457784,0.00566141051716705,0.0876431522865087,0.00268316899090061,0.0638343286422238,0.0968278893868704,-757.642583788226
543,0.0641330383964069,0.117749057484552,0.00532081142430491,0.00466792439538892,0.0821178574440354,0.00245908132944475,0.0651512263486214,0.0944322950517437,-758.560481777173
544,0.0457405857409621,0.120982049706756,0.00672985622244148,0.00822936675680202,0.0996780064430254,0.00468239820295166,0.0582949522889983,0.0931567799131143,-758.159560322533
545,0.0405120534377751,0.11620220711835,0.0122191273950088,0.0138323438210207,0.112540845982326,0.00766286665101316,0.0674766174569211,0.117447187533433,-760.827178024401
546,0.0731777126025361,0.148498720972767,0.0130353262156579,0.00620552836225927,0.103627653706767,0.00579584487419609,0.0867318565921568,0.109015051576735,-760.17613928024
547,0.0601359616763169,0.119852551370802,0.0171788111548165,0.0110750221936286,0.0939296184266799,0.00663756942119178,0.0876019792722942,0.118609645897605,-759.561656603946
548,0.0866378750269799,0.081095216135349,0.0242151015244404,0.0151757648080067,0.0891397565860851,0.0100181600748539,0.0908305432453347,0.0946035245678905,-764.296748498558
549,0.0434496834570639,0.103225327629986,0.0207986979312779,0.0162702912468215,0.0830411319850013,0.000923227503901424,0.0458741979278124,0.0899928794105484,-759.092094915449
550,0.0469569519994557,0.114128175078417,0.0105434680107328,0.00638068588505127,0.111187032010691,0.00286498596738326,0.0788904600669,0.101475724526813,-758.851098327304
551,0.0585512251701882,0.160094325277051,0.0121439731696123,0.00284720848883661,0.0902869613579413,0.00251898220932558,0.0859635882361505,0.105119706441677,-760.240679049188
552,0.0748079287064906,0.163962689318645,0.0116945428534702,0.0126863622370888,0.0949340727770613,0.00981923755565216,0.0590455510396372,0.0946475009013982,-760.943663098218
553,0.0815194101431532,0.158225312071948,0.0110094990547164,0.0163759742933284,0.106458141960234,0.00796350046411783,0.0627123289587586,0.0873487452988491,-761.535651346381
554,0.0952048798549181,0.151307825997863,0.0163281054817852,0.0168343218006789,0.100462390885344,0.00359648955124899,0.0589287613991801,0.0886357930743538,-762.078568134417
555,0.100360092821092,0.174779217473126,0.00186012504628062,0.01577641658011,0.0978921537668446,0.00328933901153482,0.0714933342934867,0.10253717166196,-762.937703319989
556,0.0858274233259394,0.147041910920718,0.00946946158583313,0.0116938496268071,0.0825346628059476,0.00671557800488387,0.0852810969757075,0.114760059293569,-760.537879263229
557,0.0680857423515361,0.158527356004566,0.0250816138850241,0.00515522015873516,0.101196320385622,0.0060930813725938,0.0662302228678158,0.115743334228318,-763.141185250729
558,0.0627398640286275,0.142880010737214,0.0336111494739284,0.0335613522621016,0.0793239071194934,0.00341288007604245,0.0388415096113372,0.0700287031897174,-766.346479057087
559,0.0671211512769681,0.0489919024104686,0.0400468612835172,0.0448182998329851,0.0732070761916478,0.0069748391412148,0.0356058540920914,0.0700769793912031,-767.625319407188
560,0.0821871285922844,0.11918003242207,0.0275222310175322,0.0193778400737242,0.0668586398721422,0.0131951090020737,0.0376731779462722,0.0814426381778147,-764.553068056137
561,0.0531172113529646,0.106715675703325,0.0278585729185002,0.00685740684273206,0.108432534952515,0.00183600655366377,0.0411341728752226,0.077175064165309,-760.423024175761
562,0.0676007494894387,0.100467128141828,0.0278778253648122,0.0162351279253087,0.0971621843645759,0.0112369920928869,0.0408246415806318,0.0695930652247519,-762.061289786116
563,0.065902954167135,0.0997350287570199,0.0266945181603595,0.0329899326613636,0.0930294586521805,0.011067573635831,0.0406073197777553,0.0716871167266634,-761.982721911179
564,0.0577550500448658,0.094272350853962,0.0150736267443888,0.0356401369045626,0.0953308269631102,0.0108926296286587,0.05424255614461,0.0651579507015325,-762.446363662628
565,0.0525522372792847,0.0892079123390701,0.00625017254114636,0.027797371543221,0.0967963094245721,0.00630217665135656,0.0514042019899867,0.112489698030092,-760.430233941425
566,0.0356169389254197,0.0825104746981823,0.0253123021630773,0.0147454153498975,0.0932030563723237,0.000902498495778473,0.0524292645714281,0.0931643487913834,-759.794090273424
567,0.0588833034700864,0.074751958791729,0.0172862238149599,0.00291468434400497,0.102380202296208,0.00592689015496993,0.0580407648543542,0.0819975219830035,-759.917783881065
568,0.0334626079549478,0.100617935069353,0.0108798010380821,0.0386214094269557,0.103037666464051,0.00908224121774806,0.0602150164649933,0.0975157435473434,-762.50329033371
569,0.0570758258689781,0.097696230127555,0.0206585332973569,0.018634520980722,0.069725632294045,0.00269302678336768,0.0724868632498084,0.118783744813706,-761.014892833682
570,0.0519331208167918,0.0966374000527502,0.00599061637367746,0.00954736390137353,0.0883384803059087,0.00293045579671563,0.0678594913670449,0.0967008880626838,-757.872434096468
571,0.0537130298714568,0.131629495609196,0.0114813204738798,0.015786213594378,0.0965382598395514,0.00653646093904155,0.0519094674195083,0.0919526751371656,-758.441407398649
572,0.0517113552753669,0.131213113152814,0.015756987201075,0.0127176779553174,0.0996964769247215,0.00210590524124558,0.0682892498512069,0.0930837100360184,-758.672786842637
573,0.058384927732358,0.120445751915399,0.0161324177873099,0.015938568448194,0.112894801211599,0.00396978876084895,0.0668867721690009,0.0909360810471418,-759.480924129582
574,0.0460180088417846,0.105208835099338,0.00700946335174221,0.0245052317951085,0.0943219928245749,0.00494767456917756,0.0621651126409903,0.100452918898416,-758.381013880515
575,0.0506403812773243,0.100495497543002,0.00414221510113727,0.00890764903766184,0.07676889928088,0.00768963508888006,0.0503627342011533,0.0965694063626001,-759.035104412192
576,0.107362790384879,0.127309136317494,0.00650115654127777,0.0110598653240482,0.0764032662068577,0.00979150013266125,0.0858018188825826,0.130605599575056,-761.855615814698
577,0.0715054413854442,0.0875980382832843,0.00233339391626756,0.0239125382878717,0.0952396380537511,0.00294709516819242,0.0635257338478538,0.102448524231969,-758.800161988493
578,0.0759731055845696,0.084697711591329,0.00296962340680572,0.0244167289909588,0.101519864205523,0.00243739590120765,0.0794884200430974,0.101247478019804,-759.768938961469
579,0.045564954662629,0.105561009557341,0.00253666785681895,0.0145386984652074,0.0836465173062833,0.00446289413077614,0.0750763824624065,0.10790545109499,-758.617552943753
580,0.0545946280613943,0.0779848651450228,0.00188436861482859,0.0258861350105945,0.0805018322678898,0.00327805049068656,0.0629701066768372,0.113386566880881,-759.435841835156
581,0.0684753852237714,0.1086999584772,0.0117536019053013,0.0131543018742645,0.0909070196801752,0.000330574938589564,0.0801761186465823,0.12323411585708,-758.597355299161
582,0.0470968409488783,0.114538753712486,0.00644068410798464,0.00163833857031797,0.090685041739949,0.00506953795906819,0.0911102281272103,0.143351376330478,-758.298973247536
583,0.0720012217171125,0.138761972605253,0.00524965510985161,0.00991402138999683,0.0884396651987571,0.00778384303749881,0.105124342750092,0.148772899542239,-760.693105381805
584,0.0958273076949751,0.135046232543219,0.00863070792780815,0.00228286104061084,0.0829869757634511,0.00301817998678736,0.0876685166131946,0.114555213734028,-760.516658028341
585,0.108884060238957,0.1456221731502,0.00238836464023756,0.0115387165889315,0.102538747954894,0.00345286698427902,0.0898074730575907,0.119838303122583,-761.127228742737
586,0.0362763387010114,0.105081781709957,0.0107337950551997,0.0138648384170213,0.0987546092053905,0.00757847911712413,0.0883894978859768,0.119674833990151,-759.813107502326
587,0.0710518358567456,0.145432007406388,0.0153246689668101,0.0108083883732336,0.0806689333360172,0.00664212655471321,0.0557380947330119,0.0927790033580821,-759.838272305646
588,0.073586531043807,0.132599045430338,0.00858054363209509,0.0142574298655406,0.0992089438660304,0.00225464357531206,0.0518035387694716,0.0911845245801835,-759.194860644133
589,0.0555087877572716,0.122645491794629,0.0102552953091379,0.0176296579194927,0.0943138917293562,0.00565222734066999,0.0719663422754976,0.0885258320658483,-758.889648217433
590,0.0480789706247396,0.131302910072579,0.0170897930007104,0.0108720076329472,0.10195784395808,0.00722191890986845,0.047884209843551,0.0742444933159186,-759.70451034258
591,0.0548773943377958,0.142868237731452,0.00925654266312308,0.00967477275993716,0.10912690306224,0.00959228620640638,0.05434847099688,0.0783800797230612,-760.635369827542
592,0.0480346856828888,0.106196750235113,0.00989353141500269,0.00729836442047864,0.0739300494324994,0.0102998676583875,0.0438619239908262,0.0863596456554523,-759.47179753121
593,0.0528396427903868,0.130465422131836,0.0113392799703415,0.00521261565047022,0.0647651609720711,0.011356610283062,0.0612969140698989,0.105242685328109,-760.843948174615
594,0.0637592268385423,0.147668376499899,0.00525322840764799,0.00281053144555188,0.0832879743198681,0.00472926858720994,0.0881687837931814,0.142585706116304,-759.335545024986
595,0.0603067388163736,0.0869303045582097,0.0110201802688821,0.0097560833315271,0.0809360620676736,0.00302983281364674,0.0776955562216533,0.125647246643241,-758.856254192922
596,0.0540284730506251,0.0908754268511743,0.000813912931275544,0.00728278871050686,0.0742938852792086,0.00962023989438879,0.0697144513943442,0.124709010518652,-759.19023569467
597,0.0687438990066709,0.109568414041034,0.0057380167508395,0.00443234069538288,0.0842409141117218,0.00870246358034028,0.0616983109687494,0.107280987004072,-758.361962428131
598,0.0584332325803152,0.0796483238546129,0.0034369956192395,0.0381131079073487,0.0812783224295537,0.0107341629899633,0.0711116289850779,0.0916975954876366,-762.187045493993
599,0.0584925657155939,0.0910529538946365,0.0132120279197475,0.0332142817244389,0.0985349540129093,0.0101995668592089,0.0466136730696485,0.079468405021293,-759.920502351841
600,0.0375311670729303,0.102633245523003,0.0137082036387388,0.0166084488503992,0.0894350443453991,0.0052811807927971,0.0492529585693958,0.08372517065134,-757.763988205093
601,0.0716522598061273,0.10116733759577,0.0115063329366421,0.00956839517188113,0.0915385773737256,0.00458081738289516,0.034552574920924,0.089733151136252,-761.307049753259
602,0.0772607024071493,0.123349033945953,0.0227027388681362,0.0245325076087358,0.103833789235278,0.0115985683031513,0.0524108903129636,0.102455258893564,-763.931090692326
603,0.0639021410367018,0.0920953885733697,0.0074147997495049,0.0213933362227228,0.0844919130097308,0.00689691441868334,0.0541058407475982,0.0923841814315593,-757.990068295443
604,0.0467797544497761,0.123900662158057,0.0129733000578366,0.0202117793319452,0.0965050738927211,0.00439494211908035,0.0648344236089881,0.117312105063583,-759.566866601197
605,0.0479769331863921,0.115727633261321,0.00868608694286629,0.00279372379761661,0.0719903792696358,0.0148959773421935,0.0519468153228908,0.0814010343101718,-761.344735884022
606,0.0709203633482193,0.149202471209535,0.0130898862636609,0.0105987594733845,0.0858647028534614,0.0167247052942534,0.0427855433344775,0.0942163046291778,-762.172306875978
607,0.0818277193667154,0.108473826094622,0.0134438086324073,0.00414405307032501,0.0810118892720627,0.00624059732089637,0.0601837046883981,0.101413023564634,-759.876493170372
608,0.0418279636092936,0.113983932386396,0.0144942142882303,0.0056966679427371,0.0897388311677901,0.00542603805657937,0.0722911858549299,0.0956207631161487,-758.23935895237
609,0.0640201902066456,0.111384479174869,0.00758915939391474,0.0181529742808633,0.0911424787211419,0.0112776084060071,0.0545792207320329,0.0871623956737766,-758.735970527483
610,0.0667484779605228,0.108531098294655,0.00560677107864338,0.0265517648752101,0.0978195319908783,0.00220601284620028,0.0641729854327083,0.0857366156944045,-759.371178079977
611,0.0500112154970644,0.106761970560297,0.00459176797453433,0.0241271841587987,0.102053503086903,0.00208408113455569,0.0456769187963018,0.0772458435664009,-759.869416269381
612,0.0513734646179696,0.075385580509031,0.0326678102673407,0.00681376039078813,0.0819552597082541,0.00925877071410389,0.0459047547696761,0.0699944597856967,-759.908531468704
613,0.0722523749102893,0.0756920598689562,0.0466239415724591,0.00091996699869463,0.0917214090337716,0.00233217067194437,0.0486911720638221,0.0984590551934103,-760.52683875126
614,0.0662994695457972,0.103230724154696,0.0305565565823849,0.00122926175889709,0.097831188120455,0.0043809427179578,0.0555631089099808,0.0829772056096612,-758.033993994123
615,0.109667436293041,0.131626558913535,0.0232194989434969,0.0169555525917283,0.0808089048713092,0.00362545723420125,0.0530918837863834,0.103392540253612,-764.835846047454
616,0.0768730359427217,0.107335995779334,0.0124720643592304,0.0178810457225473,0.0916662219417056,0.00455940751951595,0.0715190759282093,0.105514524656096,-758.775310845304
617,0.0531563904089565,0.110019151874587,0.00728646383668014,0.0276338518495106,0.0966809437630058,0.0028662003396794,0.084511471895871,0.111820498946744,-759.669354692447
618,0.0862869045157541,0.0988877223938178,0.00731426380280681,0.0237462518997111,0.0885870314266325,0.00960978483339073,0.0628446661028636,0.095503410994558,-759.720799743238
619,0.0890335368725969,0.0927678887311138,0.00151082511406344,0.0191323559608219,0.0827449554852679,0.00454163890451693,0.0622328834369217,0.126195782552613,-760.325210706869
620,0.0834569530683421,0.0899100007602706,0.00274655940800815,0.0104135420989336,0.0857180838525782,0.0042178270395043,0.0727635661904619,0.101761760044303,-759.20897522482
621,0.0813013066362972,0.107368163998652,0.0106224407730887,0.00887883561513173,0.0829450968580094,0.00762245288891146,0.0675346956956832,0.0999917034001181,-759.238829533075
622,0.0613172337244176,0.190191338461933,0.00666545869906965,0.00940508375401468,0.0912779966490815,0.00444342863376905,0.073832569961718,0.123971355475624,-763.784812164246
623,0.0939860131366951,0.163490023566641,0.00266689526946311,0.00897167474407185,0.0894906493207469,0.00577220756680937,0.113300882210401,0.131414538265795,-762.05533257541
624,0.0832798662917628,0.095029454382569,0.00296690211777387,0.0196918251360283,0.0768037584103686,0.00530278100668562,0.0708288330860405,0.0931888691798748,-759.717715558452
625,0.0909635958696228,0.0865434635226869,0.00183908231823386,0.0255512568561487,0.0900933227629444,0.00159443406448454,0.0712206324904601,0.110452215344426,-760.015330178922
626,0.0680893984994764,0.0922101238798324,0.0138707591183448,7.0959668210805e-05,0.091577069724935,0.00102440198236128,0.0690016657328197,0.136530738789167,-759.854080168922
627,0.0788842198649735,0.0910668041084276,0.0136826265013522,0.00327258923889932,0.090416924489391,0.00424504994818915,0.0658190313129699,0.118200867855903,-759.189056502956
628,0.0641546599678813,0.0778081322986249,0.0238380278159388,0.00741166374157158,0.0817974399354474,0.00309968571861124,0.0624202511414921,0.0810670251938125,-759.598869903443
629,0.0674821798779768,0.101570123250305,0.0299211057215698,0.0132847562443122,0.0926999943681083,0.00124762817718869,0.0504484304885713,0.0977707346907022,-760.622841012032
630,0.0402930110201475,0.0585010560770766,0.0459801430395946,0.00778004117586775,0.0867857010092514,0.00563605156136373,0.0504121754494471,0.0802271903010048,-760.469258467013
631,0.0558213000521254,0.104299214396241,0.0295928949617051,0.0078767852365273,0.119007549336012,0.00330396416170908,0.055989304771309,0.0885346062940923,-760.317968648018
632,0.0847787976080279,0.102638211639724,0.0383579926913015,0.00364055393362672,0.105445823912478,0.00462213713140556,0.0727346261008992,0.0814750418582087,-761.779128486516
633,0.0406470409494359,0.0867645717606615,0.0586799480935926,0.0069044787310732,0.0868584674557242,0.00538771102350818,0.04273297476201,0.0962450446135309,-762.153992250903
634,0.0548157772164522,0.119817676982197,0.0498776502116704,0.00307133189604745,0.0954875880137488,0.00555811382243539,0.0561724368118847,0.0934682922234472,-761.340317612765
635,0.0598169568286327,0.0993690923991732,0.0351943051921501,0.0102031381863828,0.089076541185173,0.00321539501887929,0.0535402056464148,0.0957252810116357,-759.495306918466
636,0.0681931118800007,0.0835405627159779,0.0332222214251086,0.0179029714915481,0.0810128898502305,0.00543212763783047,0.0686322515019611,0.0778287023774161,-762.820773867692
637,0.0812910932593403,0.0613175907502393,0.0326056770039153,0.00996000419309794,0.0673389051713236,0.00383640982779455,0.0401238933559079,0.0742426538899063,-762.055201406037
638,0.0780073125624147,0.0556857613822093,0.00842684308892766,0.0258807750058455,0.104657908487388,0.0039843336881344,0.043239805866169,0.0657983193539287,-765.190613034583
639,0.074226434805448,0.0978918599863919,0.00778809284410473,0.0482543862830737,0.077516463799643,0.00924570075682887,0.0355829213283097,0.0895324963016521,-764.305632412367
640,0.0459629664310914,0.0369431846802025,0.0192865164931508,0.0274911385426409,0.0784681681850372,0.00334532446359505,0.0507761608116348,0.108362428928521,-767.971556908772
641,0.110208816059976,0.149256523807826,0.0145211108057915,0.00529702080375637,0.0780123914805022,0.00778372793118481,0.0689313515828665,0.094934074448532,-763.314863768155
642,0.131700308712316,0.0572880788151984,0.00720121959795549,0.000863246599411373,0.0780703614059806,0.00404846249228587,0.0523840693357994,0.0941281422339599,-764.36333067896
643,0.0519178259183106,0.162114076857822,0.00884881356118674,0.00788147537563969,0.0999603552009855,0.00461506718030709,0.053538362659105,0.0968326624216081,-760.259595052303
644,0.0609677461448327,0.124859827612375,0.0064247633472144,0.00779832676363078,0.107334957254735,0.00460035725939648,0.0360244615715068,0.0867291506987927,-761.797555939949
645,0.0538673545321675,0.121847596216305,0.0283526170332652,0.0184056767996137,0.0937117803917884,0.00634824995118089,0.0320670487594666,0.0611012302691892,-762.431522250613
646,0.0330860877059354,0.0685775774970752,0.0456434166472574,0.0181311333639286,0.0816423064936666,0.00809210348211,0.0410223941635622,0.0715140137037874,-761.784166482755
647,0.0528909132321444,0.0862918359199633,0.0158608670058643,0.0125922200992997,0.0777760350008329,0.00325531297792378,0.0319211914261274,0.0639973013927585,-761.813868287027
648,0.0357903543147174,0.0795540826227778,0.0274895175493092,0.0293817770640892,0.0942417058676467,0.0141755522659149,0.0382950746002934,0.094069236845235,-763.318999660148
649,0.0260965101066525,0.099864993597898,0.0234631028303928,0.0255948438480665,0.090293837746037,0.0140086929195987,0.06337704169048,0.0958051040452836,-762.561840342565
650,0.0564853511820527,0.0981779279769667,0.014989918221239,0.0275947016583256,0.0914373193268481,0.0231138038830034,0.0422260174119698,0.0526846390994945,-767.15004689621
651,0.0607319611614618,0.109970171899162,0.0102754939039765,0.00975737549043321,0.0859913163273568,0.0153471174940874,0.0424528994854994,0.109058523410901,-761.887525191793
652,0.0444048934322675,0.111846567435675,0.0131628699932654,0.00828227329862782,0.071962541291932,0.0150584671548032,0.0523772097704548,0.0958916417254411,-760.074786740108
653,0.107475520301563,0.144407012180063,0.00452415943378248,0.0102734561468666,0.0933870167755835,0.0148580714165343,0.0506175851826389,0.0838119028246235,-762.903861873466
654,0.0535773627171329,0.140874049429104,0.0216398494171631,0.0275344001942706,0.0850221723748652,0.0143205787571874,0.0370213141356159,0.0789912536548379,-763.041479950131
655,0.0589106430912309,0.0742599668936754,0.0084113933465998,0.0271609308437309,0.0967308871342444,0.0175117825653222,0.0434219851271162,0.0735193937302051,-762.612904919647
656,0.0564996908945473,0.113105314619001,0.0116333442328849,0.0392875887710006,0.0833813400989941,0.0128154537553998,0.0431652600412198,0.0798994735777212,-761.966555648122
657,0.0479237883484292,0.0685034793747657,0.0171706605371901,0.0302717703960839,0.0822765378879169,0.0111732043077313,0.0404765802857324,0.0726509455601815,-760.381776138742
658,0.0330411661417027,0.067167126526303,0.0174997388272602,0.0316403314301664,0.0889791906411207,0.0064286419307352,0.0527614625919035,0.100403282524362,-760.711438695525
659,0.0560071190647162,0.096032828809225,0.00763277963025986,0.0126774447300939,0.0786794273323349,0.00472459671207538,0.0661738889850917,0.107936547892798,-757.706094051419
660,0.0588892061141669,0.101399393233336,0.0121497858096591,0.0112081751903749,0.0929261386829257,0.00463706277352932,0.102337428770087,0.110000336782235,-760.141931216879
661,0.0600538020750787,0.128227250088935,0.00849925605962834,0.00958109999717947,0.0912947625290191,0.00273090843715073,0.0878113656365473,0.122169667405502,-757.976623872534
662,0.075908636083984,0.12035584354206,0.00432242845288253,0.00908328950450168,0.0928523545140853,0.00877349634617624,0.0880609272343746,0.101681204117014,-759.416160557716
663,0.0851511088632519,0.110335363422142,0.00912273435838448,0.00783582278314393,0.0946108418676375,0.0127355885833056,0.0882302047643926,0.106490659350772,-761.934591154257
664,0.046336943891596,0.133972861054138,0.00687781243530802,0.00114418837132124,0.0743751531239634,0.00192376406773709,0.0689560596417535,0.122022184328557,-759.700295786019
665,0.0732398478789432,0.0654082689434671,0.0152094743207239,0.00344114881751826,0.0978713308106381,0.000536072023235353,0.107769844481323,0.112067104215362,-761.872773679326
666,0.0919079616474218,0.0816607133813173,0.0158397239695056,0.00980622236140515,0.0962875448359504,0.00286301924571475,0.0947461424671866,0.140757251483736,-761.849891595563
667,0.0839418985215344,0.118748266088245,0.0161490953314003,0.000136421834163265,0.0972385577689825,0.00221192165356949,0.0800668103537525,0.115936910934827,-758.84528285561
668,0.0932834355455738,0.117738490213745,0.00934174738391999,0.0236321890214026,0.0964491781336887,0.00525625403635073,0.0539437442261108,0.0864564832535572,-760.148431775824
669,0.0461508487399562,0.0796045129008749,0.015314107800028,0.0177826202852871,0.103326843348634,0.00825466893303606,0.0767174633529923,0.107150475119656,-760.875116766173
670,0.046594425973525,0.117794508347794,0.00610224355614503,0.00260905537494222,0.0944637122495959,0.00564040809790297,0.0754851577338222,0.145827173586229,-759.677634955032
671,0.0483557509783654,0.126803682033017,0.011666342905743,0.00559691493094227,0.0916745134619029,0.00640566708245769,0.123878510502557,0.112507915374842,-762.803536315695
672,0.0819108592182247,0.0986679214464529,0.0101721753396977,0.0325621035806338,0.0900151296634111,0.0017607153681643,0.118408624574819,0.115691561703849,-764.846686037124
673,0.0627603508260023,0.111768512956775,0.000909874286695614,0.0270342347259325,0.0994674353805186,0.00363446776603058,0.055387509311363,0.0859937299650579,-760.685816217349
674,0.0560492387243918,0.120527703956523,0.0285369196875365,0.00896273620784618,0.105937367968671,0.00538408032908943,0.0615280084279973,0.100658828926289,-760.965814107601
675,0.0561853104950198,0.0642750466209952,0.0229692731972032,0.00738038752324562,0.0715023369350485,0.0104821575117245,0.052363784911044,0.0982351005166412,-761.201403270734
676,0.0582315801654366,0.0770032106374933,0.0297385919357601,0.00637081915975998,0.0705362166087637,0.00986619878599042,0.0466250161418169,0.0817457495445501,-760.315618555271
677,0.0682873773766232,0.0876429180074603,0.0299581309829007,0.0198051625605326,0.10468205563354,0.00420652849883366,0.0508901741369383,0.0699839449919268,-761.898027237099
678,0.031701669653614,0.0788470162229103,0.0134946800840156,0.0252832817344129,0.0976826840647539,0.00344885166883961,0.0488504781231345,0.0952598203758512,-759.308271130399
679,0.0595364540789837,0.0996641918476428,0.0122298644141813,0.00674620311411481,0.0802974575604749,0.00139572752456686,0.0471320750831282,0.100888310584623,-759.606676381786
680,0.0299642690654486,0.101061705066464,0.0330716191190277,0.000800852489930801,0.0748286003309828,0.0012176092191672,0.0467127449219723,0.0900566415119952,-762.13533420058
681,0.101398950892172,0.0806822212253453,0.0131533491922789,0.00115145210685905,0.0887160017474233,0.00811122594472703,0.0431458417137291,0.099492064903807,-761.977142481442
682,0.0587083108747578,0.113694251081323,0.0499946944829277,0.000961872580753232,0.0900133840369896,0.00153028932575859,0.066354556849165,0.104017360187718,-760.986380829594
683,0.0542058851356322,0.0826267727774543,0.023800440293693,0.00216130707703995,0.0985343824157103,0.00497338657002781,0.0641988692809517,0.102639204747008,-757.946572257039
684,0.0668657918213299,0.090974603528046,0.0215837822953373,0.00135960300142427,0.0958604876650327,0.00446696517054071,0.0883332404118865,0.0990553772948571,-758.973089179327
685,0.0718705537328516,0.0881690192230015,0.0142917364350826,0.00265156367743405,0.118864792502467,0.00176567916399814,0.0727664530473092,0.0991719482622082,-760.489602441058
686,0.0586193348514241,0.110079876313649,0.0356725577176519,0.000988521713478868,0.0827766478861913,0.00285219421744583,0.0776254877275964,0.110692635305099,-759.541109478174
687,0.0760016418827471,0.0915709241338734,0.0242216453745784,0.00202801055479301,0.0992253671378043,0.011472154313188,0.0736431455428903,0.0853291281939334,-760.767334461327
688,0.0631904960861588,0.113026485136798,0.0304069012668109,0.0029795963154994,0.10465137819428,0.00250152963549124,0.0529724498185837,0.0960373833607651,-759.051256379451
689,0.0787974821399122,0.0788883745147256,0.019483062692921,0.00533162873915487,0.0841653851764925,0.0024501191704237,0.0450194739538548,0.0927260232490758,-759.383860187665
690,0.0815348444807112,0.0825487660750027,0.0326443221545555,0.00453625144974075,0.0839147240838805,0.0083610701181777,0.0445867913404502,0.0942928836245038,-759.954680266242
691,0.0860051753507641,0.0761495788215404,0.0187674856590775,0.00550216650957181,0.0965962723672421,0.00414131308573676,0.0756109052049735,0.0978356357629465,-759.483223128694
692,0.0715863740907128,0.0733976858368824,0.0488894529143826,0.00339020442646046,0.0883369138824727,0.00835712299808785,0.0596663428369827,0.0975618397608546,-761.250329944642
693,0.028735688211799,0.0820609033110037,0.0467530810302102,0.000752824914119046,0.0995911435200232,0.0108678077916124,0.0524250830986765,0.0811297550537939,-761.350919490791
694,0.0554332385801345,0.0988238034509646,0.0323860305045152,0.000379762166365464,0.0879144484780296,0.00991938665741881,0.0572007607498605,0.0862668850003204,-758.367017752102
695,0.0483601467051782,0.0875917375159163,0.0236101832622976,0.000495281523064514,0.0927434534085108,0.00661329794129712,0.0735222658142572,0.090813671098679,-758.553254329394
696,0.0353730448409231,0.100050326403753,0.029725584403095,0.000559562121492379,0.0950060257402309,0.00277034352054547,0.0626288055733998,0.114631010844245,-759.157259771928
697,0.0838702226222485,0.119739571460382,0.0269823951189868,0.00717497659948968,0.0963984910135273,0.00373059166042435,0.0446656903611399,0.0934643559028259,-760.969305669914
698,0.080101404857431,0.076665787048955,0.0289672572184623,0.00347689307666785,0.0819843186041941,0.00972561759382062,0.0693009154343188,0.0987612907636025,-759.798251783462
699,0.0538241674598547,0.123835871550122,0.0196773591642363,0.0124124379673672,0.0967590285541005,0.00418291588767431,0.0846817264558716,0.116421332415484,-759.446586228879
700,0.0565328608838516,0.108689891407454,0.019613167329969,0.0140238228112338,0.0780506381936378,0.00224435517301434,0.0532437546132539,0.0705969636646499,-761.189470834997
701,0.0455376603139964,0.120075593945203,0.0112054190738068,0.0148662843367221,0.0805845291257965,0.00606780270050121,0.0473540622994123,0.0941697866485209,-758.564888608759
702,0.0583788650746923,0.110805137247583,0.0137363896150127,0.0263005904408687,0.0949829622780257,0.011157299614354,0.0678163196625802,0.0862605849013864,-760.514556814849
703,0.0716913481255247,0.114679150887389,0.0090313726661494,0.0375586008614447,0.0902708823479903,0.00988258012098481,0.043736862812498,0.0771434813983424,-761.340366335685
704,0.0808368516050331,0.140240007564003,0.0141935463600548,0.0315452141334711,0.0961261080041379,0.00690376488862598,0.0470112092408371,0.0865932416661414,-762.113192029178
705,0.0690592774702349,0.146967028085262,0.0189186939496517,0.00298915940707374,0.0970438483062494,0.00358370695195274,0.0681409046653568,0.12905617144747,-761.571526015423
706,0.0301979398169695,0.147855036495288,0.0193140911236513,0.0156873498246245,0.100436905613979,0.00240255649402515,0.0959051390012768,0.0824148251577072,-766.560557471767
707,0.0800927112957564,0.1323921740588,0.001014357479452,0.00677397163261004,0.108264153273406,0.00241079763416108,0.0866490226396571,0.0843216143971998,-762.916880293033
708,0.0787870440717811,0.154062491653927,0.010887551093621,0.00967508890660099,0.0949908137411753,0.0131109768711811,0.0573276385856556,0.0932307464625312,-760.911356363348
709,0.0816968824016016,0.14607582417432,0.00221993660270955,0.0244405735987784,0.106384223962451,0.0218155972051691,0.0594810056809396,0.107362241613057,-768.049678549941
710,0.0961733383696227,0.149599460182577,0.00214591524284635,0.0176047793672285,0.103840442608204,0.00238985057810122,0.0948066143614015,0.127450530767129,-761.870845853696
711,0.0661545476502374,0.126776722875647,0.00169184937269179,0.0228557902650634,0.0892133558219303,0.00401473184476965,0.0881329757398939,0.123538247603431,-760.270195633965
712,0.0566265770848897,0.123794514022908,0.00931689808140673,0.00894992389440678,0.0967002809428922,0.00191939236062182,0.0901242980463643,0.134216276887327,-758.26783879587
713,0.0723749193301168,0.161444195535399,0.0345217168334581,0.00622352179504675,0.0972042280863431,0.00250602485209009,0.095549681872677,0.0959218818147523,-766.966259664743
714,0.053091224143882,0.107380851643807,0.0292512470238353,0.0159360891756331,0.089137960067643,0.00405037115285164,0.054719169636328,0.0802649147164889,-760.402039501767
715,0.0681729555179453,0.140239699051813,0.0163379932035666,0.0107866692691842,0.0930910651260504,0.00800258935279025,0.06658152232718,0.0938030322145979,-759.56246770918
716,0.0553052463861032,0.109601420499682,0.00104648658545584,0.0163199063924664,0.117884004198779,0.00803593748139743,0.0677469381362085,0.108449807161935,-762.068148504637
717,0.0609901916237148,0.125802766182297,0.0120068752507426,0.0142000338351201,0.112420555045645,0.00166772287811625,0.0539322784595956,0.0952104165536727,-759.496912671752
718,0.0597706667202549,0.12340722270664,0.0192399639922131,0.0150199231588957,0.0788003889485354,0.00102244277035925,0.059843756681117,0.0778119369504958,-761.704309077058
719,0.0418109771036504,0.125185996286269,0.0154595133751786,0.00675294443522777,0.0994564793567974,0.011972047269144,0.0388500877693881,0.0768487852431964,-760.811785209504
720,0.0529129476024311,0.11731426004273,0.0162654955633665,0.0347265634122565,0.0868492182109524,0.0155732624888157,0.0457274372781782,0.0916277056417012,-762.620917480105
721,0.0579397811387963,0.0978750183768593,0.0149997173755802,0.00379226387045351,0.0718532793289436,0.00398781494278117,0.0603022649646461,0.112940068787822,-759.750205088922
722,0.11246719484421,0.0821547204253177,0.0108647010530355,0.00425594198372944,0.100667268959729,0.00184255277172599,0.100638024089646,0.141568644899228,-761.712913008611
723,0.103275145876537,0.0664036649306054,0.0142774014756005,0.0071943559750312,0.0818379075002852,0.00112336152593074,0.0651992256155876,0.102473238957074,-760.376351654391
724,0.0860832412663199,0.0817431395860179,0.0215843573633364,0.00277152146485165,0.0832561564312702,0.000446979521570859,0.0775780863595002,0.127229422769743,-759.071858269894
725,0.0546734649482216,0.0825295574959742,0.0288914919509004,0.00155751541443128,0.0986846456935978,0.000548335953724168,0.0920481823017291,0.129948323358306,-759.031925518902
726,0.0607869639905092,0.0916301754019435,0.0229079325917002,0.00119459262754676,0.0932100253280356,0.00414898708047185,0.0966097681404437,0.134881040693425,-759.306892495942
727,0.0664129618193603,0.0853459982659278,0.0310320859454116,0.00139503724853264,0.0960725002363835,0.00191274647770878,0.0740605935038746,0.076236601046944,-760.660754749951
728,0.0381883252628076,0.11421853530405,0.0246607028368611,0.00146186436289518,0.0882732391440762,0.00597177375832494,0.0834491002717351,0.111773205465072,-760.267314373244
729,0.0790177874199608,0.0743346247326964,0.0141141991366913,0.00239928666749706,0.0926280605250223,0.000993597385058086,0.0790699823808342,0.109880180823737,-758.73892932824
730,0.0736669724585934,0.0786919930945156,0.0367111017594533,0.00239880530013782,0.0848407064633143,0.00819692590807322,0.0606589702621985,0.0902437732674906,-759.316573965452
731,0.0793432817862909,0.0821368970466383,0.0221794575285313,0.00271261915250093,0.0807553035436055,0.00146007670792552,0.0510127810622084,0.108260184490211,-759.373330920092
732,0.0400282449836034,0.106286816576537,0.00561657879807156,0.0194365171282757,0.0927702760924379,0.00299767934652291,0.072977718244162,0.113155881123367,-758.634481951838
733,0.0773827557381526,0.0626469621631958,0.0359495431090407,0.00685960484771575,0.102726907926968,0.00375378748275613,0.0571752898318875,0.0717823371687233,-761.879478691772
734,0.0361284140014501,0.0844445966867716,0.0365759209991441,0.00561092323910119,0.0907307779198054,0.0028279479840198,0.0600562190672474,0.103969368341741,-759.244235733101
735,0.0371515827056694,0.0916340513441537,0.0331279385910523,0.0154413357718128,0.102725442370712,0.000269520207056781,0.0695475837973195,0.0913545775144973,-761.675914440228
736,0.0899036175023086,0.0886743771525912,0.00846265833876215,0.000210346314256785,0.094806822357661,0.0040245832258614,0.0665080347452456,0.129030661878091,-760.583406350964
737,0.083213564739005,0.112623112780241,0.0351331017281551,0.00246575070265024,0.0945409469030994,0.00247187270748486,0.105999155287232,0.134171112325921,-762.158721791232
738,0.0744304405442516,0.0859570886097258,0.00898686459309867,0.00210340770201123,0.0974766261265731,0.00698591364922734,0.0790707682336905,0.14241707091189,-762.197910830971
739,0.0523392226992874,0.160089415604059,0.0149875076505978,0.00816147091010905,0.0801048998460029,0.0170637013687942,0.0806917909207029,0.0919118465614155,-764.423947564346
740,0.0357086192170478,0.0973534654114474,0.0188087687808731,0.0107508066237837,0.0725000658435164,0.00904201526481072,0.0574487876520126,0.110162051902132,-759.90101332245
741,0.036240508712126,0.0857410150102301,0.0101674877520554,0.0242098808154748,0.0909734913622464,0.00236652429826694,0.0798056275096036,0.107656272059098,-759.387397282179
742,0.0454137179506419,0.103184235536738,0.00488468421252831,0.0282627310724903,0.101057143982824,0.000885143128244591,0.0594970664328234,0.109788487198688,-760.115518129294
743,0.045044227699319,0.114173377288227,0.0198236777052643,0.015139750753907,0.0984867840233757,0.00488645150116272,0.0754563299554803,0.0893439012273705,-759.567824872113
744,0.0487381590827996,0.0942182731006069,0.0104570557887429,0.0116209242917085,0.0948372183645633,0.00726948551938337,0.0574454752785047,0.106797540709415,-758.41026850397
745,0.0454360519478843,0.104962423927417,0.0182916873701803,0.00634077987513231,0.103536690265008,0.000543134997647499,0.0533733036288962,0.0900131524925222,-759.902678957384
746,0.0550478997568317,0.0716054410556385,0.0382415801706074,0.0209795252044228,0.0927670216506024,0.00245273994529592,0.0581711016449393,0.0910920249405078,-760.618633968166
747,0.0598089296279071,0.0751131714442943,0.00291048542672541,0.023096511721657,0.0879053884472499,0.00367696988819963,0.0590176550787398,0.105113140992304,-758.96795964709
748,0.0640842486755167,0.132362585787049,0.00790253979980801,0.0232713187024866,0.0860333570682129,0.00572658786219213,0.0645060785872903,0.100295124323523,-759.576658030045
749,0.0498314487014096,0.0621370055086191,0.00868128562495494,0.0335025820812623,0.0920345784423847,0.00703255458958791,0.067131891465675,0.0963101823468045,-761.027292900192
750,0.0544560136251714,0.0794499677470528,0.00871698168080616,0.0284973977046286,0.082075253486679,0.00541731970035513,0.0440730707359458,0.0822955810705073,-758.761870760294
751,0.0516225337189406,0.113105116908484,0.0147735958800858,0.0288063304666161,0.095402513298316,0.00426371616168859,0.0470661665899392,0.0823105853206236,-758.921218615016
752,0.0670324574650606,0.106522677786551,0.00818454461095249,0.0265951830940434,0.0820277863474543,0.0139811593718103,0.050239542285849,0.0933959099086284,-760.113099081715
753,0.0630941356919404,0.0939317674486387,0.0127442050781178,0.0210598169383703,0.077809719018898,0.00752391172870027,0.0616621857352646,0.092106598872479,-758.774726973889
754,0.0244356551988065,0.0845535712828748,0.0166637283956701,0.0165510220194748,0.0915182244910269,0.00567413102441745,0.0498993189207029,0.0774029719227517,-759.804330949928
755,0.0521162070817748,0.134233247726524,0.0207979279768997,0.0132272943991692,0.0995842384932569,0.00456361695778156,0.0538539183366927,0.106112377967218,-760.041977128311
756,0.0450633067956965,0.144451738148536,0.00356177265695333,0.00980745428932352,0.0957767583918841,0.00471327094727461,0.0782910019788505,0.110389378304255,-759.594881334069
757,0.0786058095032551,0.105043085612062,0.000575630629316597,0.00454573558210595,0.0979482990147046,0.00476154744033693,0.0934933777945307,0.121810511917415,-758.837393593609
758,0.0767013038212262,0.130377736204484,0.00394874159131369,0.0041614606703903,0.0700025583016182,0.00561063735214504,0.071250262208198,0.13230111510344,-759.651561945803
759,0.047350979927273,0.101923363972529,0.00976287136244365,0.0210929377432892,0.107372638637568,0.00758788475354264,0.116108426734903,0.113067611053392,-763.416848650088
760,0.0593650675505484,0.141283501545694,0.0134480119637307,0.0168182218050575,0.0978059298405676,0.00179774447671007,0.106061830334633,0.117780803018132,-761.523792664753
761,0.0628076274580346,0.142621877511306,0.0129173152290789,0.0145537069740537,0.110748065589339,0.000146987816554771,0.0951043874160527,0.133738111440941,-761.471599465672
762,0.0372341661606357,0.0984219286267088,0.00827249319307047,0.0100609883671119,0.113700100162361,0.0004411533716494,0.104860978896418,0.117906474881948,-760.824070437594
763,0.0533154474751565,0.141151943133395,0.00248501008932766,0.00711603637126588,0.112053674782513,0.00299516883403758,0.0811096863355442,0.125652875205318,-760.112049997563
764,0.0308565992022979,0.10840673952568,0.0231875638148301,0.00707363583045501,0.108680038325462,0.00735517829906218,0.0852563047859673,0.112034339171455,-761.973597840076
765,0.0503194617349285,0.118372361277915,0.0420332032284086,0.00986173995966983,0.0700191235797856,0.00603859739065261,0.0482180910705995,0.124822874058055,-767.146538474201
766,0.104011496492779,0.049070886673826,0.0304499232777251,0.00638664023969908,0.0721704561613432,0.00533911760968311,0.0839365413292412,0.133521643167238,-765.204038761646
767,0.0809947445008597,0.0659819498972022,0.0194080235519698,0.00285691948733244,0.0770455366141774,0.00340456273905412,0.0846838490378559,0.117266637939121,-759.765022033699
768,0.0760963323141207,0.0966665955954329,0.0162716264739017,0.0157970386523125,0.0939980546896602,0.00102044348801739,0.0764408499022876,0.100858572872683,-760.209909352445
769,0.0446149368772678,0.113100672174214,0.0224501708138697,0.0157635438384067,0.0975140245502358,0.0119167205878322,0.0476448354594697,0.107895304114541,-761.88489814475
770,0.0464457250063961,0.145866304122361,0.0178432934390732,0.0121381281702105,0.07722543353872,0.00678174982051834,0.060171462347848,0.106237049169456,-760.929194797433
771,0.0589969943453245,0.0776315296223598,0.0451048828601082,0.013395851277672,0.0729805295244163,0.00581949598445502,0.061228808113881,0.0937943135048668,-761.531299294133
772,0.0441245195676017,0.0760912322408098,0.0171273515300965,0.0316532527688541,0.0782475022221462,0.00422662975383912,0.0600957700809898,0.0903578098021774,-759.833163608805
773,0.0477001375017259,0.0762707475885054,0.0161393442939333,0.0262358874965577,0.104432310656707,0.00286199348922708,0.0548541117141084,0.0938155276652251,-759.311101381364
774,0.03680634098746,0.0886444828197729,0.0199673188977532,0.0188042283763467,0.0725579159569353,0.0107458445590645,0.0487311489898844,0.123691882542854,-762.891060884903
775,0.0647481542453132,0.120548568946188,0.00131405851833024,0.00963836072046505,0.0816121410930841,0.00383887218667721,0.0820923067085087,0.142016251236195,-758.527918167271
776,0.0991311790026572,0.122649922747549,0.000419825524447469,0.00293041538582414,0.0814193220027762,0.00640383677005651,0.0891971154661986,0.160445291951738,-760.907834680827
777,0.0994752647162131,0.0896955135396569,0.0133881834463917,7.22047972793996e-05,0.0757007624347263,0.00664058268973179,0.113160492863703,0.114685301083378,-762.463284461961
778,0.112727024266247,0.104848021293589,0.00118577526337457,0.0203823902635277,0.0999433482573106,0.00424706084025032,0.0605919926760288,0.11354280000703,-762.437695330285
779,0.0820009874408405,0.0760097537403001,0.00223823491100465,0.0140349047120863,0.0691344508539922,0.0099802931679432,0.0639401515286757,0.111021839654669,-761.086531891602
780,0.0744020956159833,0.0888025881791336,0.00308780797742158,0.00291956965650228,0.0854588987758761,0.00535128334406939,0.0738429665130188,0.135214648152541,-760.240676094178
781,0.0610491169148282,0.105962063442928,0.00228606904258016,0.000591109991291635,0.0645612701429332,0.00884954663862434,0.0786528636578136,0.132850800132225,-759.575180342836
782,0.135055719899185,0.0634296228089349,0.00170277989525648,0.00191129485588516,0.0854329827078418,0.00907316746444108,0.0970055823181084,0.124466457226021,-763.418633640451
783,0.0962715654079052,0.0607280937662782,0.00283377934894896,0.000880299897996295,0.0630660156602461,0.0061212510065177,0.0857798860642941,0.147080429091913,-761.893083850169
784,0.0868583088433088,0.110953496018378,0.00601035387420338,0.00673859461467436,0.0870626066980717,0.00515990703897337,0.0760019423372052,0.141753732235275,-760.189760659741
785,0.0636736288334784,0.117260545415126,0.00433933550107587,0.00906797031232182,0.0822658261370779,0.00865211619277113,0.0899587255992448,0.136074188490767,-758.657064143385
786,0.0582562358150829,0.090996881022735,0.00698878904853902,0.00646108380837149,0.0729653456211813,0.00785364185828379,0.086208952030109,0.105877286879248,-760.449595338326
787,0.0660081201025072,0.132962714256793,0.00805306249561618,0.00623372119886866,0.0823827121854362,0.00295496279487715,0.0779298615103859,0.109646143182833,-758.207753701147
788,0.0463298859752837,0.119318172401748,0.0138198814822072,0.00603817690573527,0.114555598550098,0.00570507124474439,0.0965641546960924,0.11922432451691,-760.62076680091
789,0.0448146181167731,0.128645462612614,0.013311919167801,0.000529115262694864,0.0899261857428094,0.000210882255275894,0.0914767010798531,0.15227939558111,-759.374844977997
790,0.0630420067982627,0.139632510231022,0.0185188986091043,0.00283514792846843,0.081481052184331,0.00912231834976532,0.0866180619739988,0.0963745658662991,-762.134369817001
791,0.0376697738100345,0.161401330223359,0.0154106750306141,0.00318224730600178,0.085442772330351,0.0107069493552731,0.0667424126781544,0.101549198736631,-761.263326975269
792,0.05149962254498,0.0773691743730063,0.00969590778793696,0.0263878748311385,0.0832702511585813,0.0082167749241677,0.0428152651022316,0.0907014891514224,-759.059290837557
793,0.0556734071649884,0.113100339716167,0.0152705266688037,0.00691295698841343,0.0875855752345446,0.00822628711318804,0.0528349870429221,0.0946426831961548,-758.324032355943
794,0.0607724047235547,0.135381237734016,0.0136173842851899,0.0143399386310672,0.0814368168829831,0.0121559279503539,0.0601121965167262,0.107080381041045,-760.144904971579
795,0.0809263889798516,0.114445947902406,0.00434473968229924,0.0195265227121396,0.0875358199604852,0.00196087451530972,0.0683309346429136,0.116421131886713,-758.95512733014
796,0.0902649140563746,0.0856791281848795,0.00435199289124889,0.00892462897360857,0.0803974984780493,0.0172501723472939,0.0743610987399131,0.112498151699248,-763.2927490444
797,0.0397165203244241,0.0941683619848614,0.0119666921869671,0.0124376942985184,0.0742435232487156,0.000627893529111606,0.0821857767643814,0.128979770053889,-759.690756353962
798,0.0580719575709464,0.0768875203961699,0.0103183555884624,0.00508305595738904,0.0695149678511875,0.00477154203899317,0.0473574411694146,0.101823140115127,-762.325444345811
799,0.0729286860767304,0.0726516083061084,0.0195906931668562,0.00937241615492817,0.0895719004712142,0.00191898300343491,0.0484241408004038,0.0891339654334395,-759.289758370611
800,0.0642327821509103,0.120737356151985,0.0240057711131804,0.00997348061681956,0.0947326319923156,0.0076068601640426,0.0544915962756113,0.106854127347565,-761.058686161995
801,0.0635907295992983,0.0593091574259413,0.0421236809025228,0.018968046530878,0.09690446044257,0.00377695666319116,0.0819020524647826,0.114030878427004,-763.269397134797
802,0.0627553382599864,0.106715002966757,0.0270778118522384,0.0199196693241515,0.0739785656537058,0.00191890104669505,0.0702783415453305,0.0878516707264834,-762.941559849739
803,0.0413132387385211,0.0687233747655971,0.0126489067461096,0.00999125575819937,0.0981428545498208,0.0146716370451201,0.0393162543750251,0.103772733872744,-766.761909031604
804,0.0411872006978377,0.103339985366813,0.0110993626853606,0.0196921013575031,0.0964567278651353,0.0130986905986568,0.0603787471056452,0.104697164163663,-760.209607310468
805,0.0375187478318838,0.0908370054957966,0.00605219812691383,0.00260940835318586,0.0965830102983053,0.00542140619353814,0.0672192443799024,0.135080131190799,-761.325535581234
806,0.0508345599771742,0.102702090847306,0.00747956010381564,0.00653977198213681,0.108130777676543,0.00719938250443168,0.0835284964611735,0.124628887922219,-759.976230809525
807,0.0392561607114598,0.0918279361052567,0.0105174649374514,0.0452553181103769,0.0745967011118847,0.001995674031199,0.0783403299970469,0.112113080697033,-764.546215333439
808,0.0381957293577242,0.0937978333217313,0.0269739294720719,0.00486279527467313,0.0800121578367253,0.00254942372718862,0.0623059356943868,0.101740898563445,-759.803909313368
809,0.0881396194450904,0.064796892343917,0.0102678174574216,0.00863189768432736,0.0957944479937774,0.00105455974289293,0.058147098203622,0.0992223254053931,-761.303875981404
810,0.084739575727303,0.107564549880986,0.0315234377966914,0.00689052953706744,0.106534171508683,0.00284722249027584,0.0706533228911896,0.113171720179666,-761.013577525736
811,0.0336734419787204,0.111507309655536,0.0344592128794212,0.00786220869247408,0.101747506586193,0.00162088879919853,0.086248698607501,0.10309702892723,-762.182907326427
812,0.067295418977152,0.0712707385768627,0.0224951154932999,0.0373914292052248,0.0956190935646722,0.00485872246796377,0.0863445558626896,0.0934478430416933,-764.696521295167
813,0.0543787509849157,0.112996457986598,0.0274808767515561,0.0372801997762301,0.104400544843862,0.005227772541106,0.0677024769305447,0.0934801122852064,-763.050517265135
814,0.0474186145950328,0.102829139495026,0.0426386906406355,0.0164437486419635,0.102801280871116,0.00874977773139096,0.0769178463312782,0.0884557641714352,-764.289173663894
815,0.0725964181074434,0.0522752066403379,0.0253433346081301,0.011965333188466,0.101185931357816,0.00732054736518904,0.0742628767149919,0.109007634950557,-762.885179744543
816,0.086859129619597,0.0601471340649501,0.0198642147173656,0.0131028709346412,0.0918462166181338,0.00850565886655077,0.0700795677948344,0.106725673491349,-761.857183515806
817,0.0541460365420925,0.156316905091026,0.0225739495793778,0.0185176831587512,0.0957694585752096,0.00143614673617416,0.0656796639984945,0.094724869216132,-762.330229264356
818,0.0910633505611932,0.0881522408446981,0.0463417467640137,0.0141896307113781,0.10620600619203,0.00182169125535591,0.0558126072125936,0.0993848607851226,-763.434562356268
819,0.0384820200959591,0.0600082367766225,0.0217442044042148,0.0391597138555963,0.110013661074962,0.00435368832517392,0.0574479510752297,0.0790870714007702,-763.397120066075
820,0.0269479825012023,0.0727511662858869,0.00436904544666386,0.0283995626000852,0.12358336879806,0.00384727636171679,0.0615277319584009,0.0991233232753624,-765.426960916834
821,0.0516782092886082,0.0846467123454273,0.0143965879045153,0.000900903705043491,0.105319837307382,0.00102148288667075,0.0617421205740771,0.109228217776557,-759.648243081598
822,0.0485341768525764,0.125776727408135,0.0140283516896433,0.00413829927922124,0.0685639562992117,0.0146360101831549,0.0789756408440282,0.144892155664038,-762.532495856898
823,0.0691572177627858,0.101151133522663,0.00731690308791331,0.00122772315014765,0.0727798221917109,0.00545157224650681,0.104596861998235,0.135769127934746,-760.395003364945
824,0.0786548107162685,0.0616953661476,0.0111321029346796,0.000500639718663447,0.0786264746404031,0.00452842639180007,0.0832907993971803,0.166349066321242,-762.39864632842
825,0.0829509471791808,0.0684034689377203,0.0129990963631542,0.0055977308647676,0.0848225423354517,0.00571111347824169,0.104348816713096,0.153457740454468,-761.95976343465
826,0.0991343113404387,0.0928815983669261,0.00095281104652978,0.0121293957720791,0.067819541503304,0.00811277953037338,0.113948844344067,0.133499193930125,-763.268956468374
827,0.0907675986025995,0.123143640579797,0.00064792325870877,0.0118846402219108,0.0800319663960664,0.000366771615836693,0.0613539791670623,0.120272075065761,-760.836401944861
828,0.0892293210950693,0.122113289695345,0.0083131411026498,0.00941142664070747,0.0915193713043065,0.00885951998637329,0.0969948079305294,0.120161619117973,-760.603880581378
829,0.0701893434104881,0.106403414901186,0.0133450885975085,0.00217911446440271,0.0938181919578665,0.00313829580579759,0.0603161432845734,0.129773739210188,-761.269778035483
830,0.0414631042022909,0.135526611552274,0.00358541927028036,0.00172370088966142,0.0840110912539036,0.0053034934997605,0.0626774808748161,0.118132297483685,-759.735180737068
831,0.0649147232893746,0.133947506619184,0.000912176425638226,0.00627081572276165,0.0880011896696727,0.00677296295040348,0.0915323952960384,0.137326586712997,-758.599904393144
832,0.0498458023654489,0.107978533045044,0.00988063027485335,0.0204769687414176,0.0935549218132283,0.00397019843312888,0.0813983875438445,0.137625338700989,-759.835701039908
833,0.0404551740429192,0.0849283150679033,0.0111205307644204,0.0204039560453153,0.103856398049778,0.00387067728314034,0.0955270357772769,0.107021349168158,-760.844628478471
834,0.0587737014783407,0.103823635175825,0.00826898228355014,0.0160437398346532,0.105332747160502,0.000543571303653538,0.057394344484626,0.0886935246074966,-758.824055259964
835,0.0435887739532177,0.0827555628417206,0.0156898645893697,0.028075794425518,0.0899709943515016,0.0110584446133339,0.0603250193064375,0.0779184915783743,-760.489995853117
836,0.0480629993517246,0.0787784392150037,0.0151644966082304,0.0283102933791492,0.0886976705428351,0.00551632053199395,0.0304671369150736,0.0740153533829713,-759.688920094097
837,0.0677387261816365,0.0851961073613193,0.0114476318550098,0.025452140035136,0.112231781587851,0.0110979640608793,0.0282229714355922,0.0790452200917808,-763.754133840559
838,0.0393990784013009,0.105867709363008,0.0238523346965413,0.00155335210427237,0.116120046519745,0.00326940116634286,0.0343501720001991,0.0787765736033197,-761.929489585837
839,0.0823655861543726,0.107403114021058,0.0227935703768331,0.00768423313109966,0.0809949901967259,0.0112891114497336,0.0434547624416841,0.078325041795788,-761.047705435254
840,0.0671954158941007,0.125835466239805,0.0314519214353655,0.00117761238360307,0.0948695505390373,0.00485550259312215,0.0335737026413431,0.0783059280429003,-761.154385608732
841,0.0765094309088211,0.122470420035893,0.039404286385754,0.00813380482436537,0.0958181001620628,0.0151911479634566,0.0350092310857731,0.0833557564319964,-764.287417043703
842,0.0713305967742118,0.0631975882704566,0.0216828918027168,0.00917747591949082,0.0848689720829752,0.00119570783088372,0.0574593797311667,0.103190363817865,-759.47822623784
843,0.0982786426347483,0.0643596140046063,0.0152033269388338,0.0114620524709619,0.0963264862221289,0.00657159510213587,0.0679715114954226,0.112316069882024,-762.081713098148
844,0.101617472304259,0.044338546839623,0.0254342812754621,0.0145075069769302,0.100932755526497,0.00355592374680459,0.0675451830073394,0.11282869192008,-764.854050288514
845,0.057783072584951,0.0619543271367542,0.0300262612582939,0.00890165115770484,0.0701348347650266,0.00533385203561777,0.0720368944686234,0.123851501462598,-761.931339223133
846,0.0723775065775848,0.140932000884204,0.0296688568694595,0.00171396677289462,0.100026599891404,0.0076917364417422,0.0854012705667197,0.104728253483075,-761.779784237521
847,0.0565548887829231,0.0662984420242309,0.0393611200870026,0.00410849274333212,0.0692357584582127,0.00315657988745122,0.0464911882050319,0.111282509027717,-762.045191164969
848,0.0505371608079304,0.0707774869826388,0.0477220833420456,0.0103775967851324,0.0780921335556749,0.0046621043133265,0.0728717296052669,0.0981297637847558,-761.686438755402
849,0.0664897633154827,0.0991671127100527,0.0216070534857817,0.00677696092018025,0.0793412171187741,0.00534713630825914,0.0745259579687733,0.118422318502744,-760.174211322332
850,0.112482400600066,0.0981479936667203,0.0118533945734992,0.00540991199341847,0.0943656620474646,0.00370102014670086,0.0837686174775623,0.106197514053121,-760.786426931782
851,0.043486559637138,0.0973138999914307,0.00743092253370127,0.00601616466176855,0.10734753878238,0.00774475172223011,0.0879079797241278,0.107497609192294,-760.792071964796
852,0.0673761892541995,0.099953826728055,0.000740622406464823,0.0241998112736634,0.0919097620783281,0.0124772920541565,0.0825529368714604,0.0975151730931149,-761.49268660746
853,0.0759566154576528,0.107915717699181,0.00468880630316979,0.0245041504516584,0.0834547100368126,0.00451490375504565,0.0521414701146255,0.0963637977376865,-758.996893808617
854,0.0598286149708747,0.11322798302159,0.00799554888609537,0.00155120098913595,0.0875663825960204,0.00196115492762209,0.0894301633738031,0.106858765183256,-758.982476195521
855,0.105950462106899,0.0671368374783973,0.00737896936345376,0.0101936697483634,0.0805197630661627,0.00212660070403005,0.0858340389303724,0.107497373881895,-761.953131909784
856,0.0441930133970487,0.0741007432840521,0.0131242012077155,0.0210108414187569,0.0975887802501287,0.00379005706075662,0.0563881486955967,0.0750882109894246,-759.729233009161
857,0.0633449980136364,0.0774470392234481,0.00626463202037265,0.0281452213623126,0.098014718632506,0.0105260234393618,0.0392526107832847,0.081422236221735,-760.704323022724
858,0.0728761859670738,0.118956448349169,0.00775503644174125,0.0137736966740558,0.0996756202327999,0.0020411550433049,0.0695065017797927,0.118699083247489,-758.671315962
859,0.0429866215998088,0.0941547444706909,0.00659611628207394,0.0125555370534892,0.10560253779529,0.00481005500636967,0.0871873348804551,0.118094730040558,-759.450262555211
860,0.087112609954692,0.11623963544095,0.00786366638439063,0.0198647525325811,0.110142305344914,0.00205953725312146,0.0798876126680543,0.10301310321276,-760.408042069037
861,0.0817544464350923,0.10500877866614,0.00115929822533999,0.0167496123092883,0.0620815342884352,0.00452229294898184,0.0577917748358581,0.111271969617582,-761.579401862167
862,0.0602372411917666,0.0882341748879654,0.0044310577083944,0.0167680729449581,0.106419950827836,0.00262802520631989,0.107352292963077,0.121172141716832,-760.378192541608
863,0.0496074659021658,0.107064162687356,0.0103630172556504,0.0142623915995539,0.0972988803872697,0.00350730856572116,0.0707481586046606,0.109368807280972,-757.472059558231
864,0.0667654171553826,0.134138231690986,0.0109620944413494,0.0240322689022212,0.0761314434609112,0.0124616706607362,0.0643323460717046,0.0972521027267505,-761.680224197266
865,0.0863759576451277,0.0944739138130378,0.0124085798272506,0.0186103699796917,0.0807667748513288,0.00916323829919733,0.0653864626709032,0.101085727737397,-760.38203512179
866,0.0745483207277577,0.0854476579089727,0.00905000680585121,0.0166208902245861,0.0876054481171297,0.00572647867476878,0.0601223891428733,0.0945676901537165,-758.8375508454
867,0.0524400996691431,0.120343377238176,0.00282976335954321,0.0111212494293391,0.079120789903019,0.00522420295000393,0.0584472555136584,0.0952230465410589,-759.000935559098
868,0.0616003590608434,0.119369907056515,0.00777882975140794,0.0111658327627716,0.0988029487316782,0.00631374026723438,0.0815410590420942,0.130511215878927,-758.935282118039
869,0.0522663567701244,0.0873241752025584,0.00184558210349427,0.0212908015656998,0.108151435597481,7.81636497233235e-05,0.0961322491824174,0.140860344441549,-760.819007209474
870,0.0677007824451105,0.0939456118441915,0.0146269115085388,0.0131299333972557,0.0839702429016,0.00383492809715619,0.0891344215831839,0.116439127467729,-759.804986169741
871,0.0380815868108937,0.0946429356078159,0.00317081008769409,0.0168904286227881,0.076874900099734,0.00448083608948988,0.0726877733340226,0.104850503667594,-760.023485467805
872,0.0328239066385538,0.0927105720356531,0.0459843557362206,0.000313569400460874,0.0785517586285719,0.00384390452379389,0.0536604950853268,0.0749788575847131,-761.217070743844
873,0.0640507262745862,0.0753647392292918,0.0205973843526773,0.0152552731015902,0.0889963446021236,0.00795390548964733,0.0403516937724317,0.0892207773875945,-761.012437956165
874,0.0696570860558474,0.11115320950795,0.0170298465331918,0.0254322657159116,0.0987387260278596,0.00239413154832729,0.0650684824548797,0.094719156956391,-759.567727937323
875,0.0555055699340442,0.104410438899699,0.0164313879597687,0.0227747099516764,0.0849783504218362,0.00585643072052288,0.0636695205709581,0.11282592249012,-759.024751039101
876,0.0527190525813482,0.09613341667349,0.0257038169306478,0.010609964418873,0.0777768184911754,0.0082063732508871,0.0693466372402183,0.102400445104706,-760.797679033696
877,0.0488997635348106,0.131629179525891,0.0194696403365923,0.00479716983208642,0.101876447560513,0.00285798354659175,0.0783658259210745,0.117583838879751,-759.240370445212
878,0.0421846071884293,0.120542789653636,0.00603876378437296,0.00865180862783996,0.0866135209362147,0.00302882429099624,0.0821946816565573,0.117690523246165,-758.138911756488
879,0.0747704998221848,0.137619363688162,0.00482681402916021,0.00852329212601508,0.0780281703692441,0.00943677783891204,0.0790933913751389,0.112897634472799,-759.168670529063
880,0.0803644447091282,0.126769518135073,0.000562102744362354,0.00743722934461361,0.0869204778832685,0.00619254634152132,0.075879609564825,0.120400597629535,-758.080918152345
881,0.0646069610620032,0.101649570180287,0.000797944279337538,0.0148472691793741,0.0965632342669696,0.00705228716536059,0.0850187377447072,0.118062497252799,-758.70606511179
882,0.0757409146125085,0.0981177069742883,0.00400271167779999,0.0138088669544836,0.0924209678561027,0.0103609724525926,0.0735694286445093,0.0884979647101197,-760.237751522353
883,0.0796788011910946,0.129856716009502,0.00525422754125558,0.0197939757314129,0.0955073612728447,0.00253389449074672,0.0403851914333732,0.0814339668886888,-760.936376094815
884,0.0396932445253364,0.099438698461539,0.0250617083743819,0.0260851153299495,0.0886411205355353,0.00780885990024522,0.0571218091918207,0.0894398640676912,-759.619832993034
885,0.0554259440007462,0.105691442325283,0.014817117035033,0.0247405571428565,0.0763756051895492,0.00682126195123477,0.0462941599886576,0.0800701748716701,-759.059353985008
886,0.0579194474371884,0.105990515531733,0.0100985503501783,0.0231629874085446,0.0899918452085164,0.011332715242221,0.0661521844183841,0.0968915282685301,-759.241641737122
887,0.0416990145545333,0.0922051254015705,0.0167363797806358,0.0247692353709508,0.0842605061551647,0.00950395884021903,0.0673405218185172,0.104827837342226,-759.610518496339
888,0.0504941387954012,0.10272072925028,0.00980957251372249,0.0112410104703342,0.0995212819040383,0.00110991466229736,0.0639032465419807,0.1041077368518,-757.672507569167
889,0.0698479291154782,0.118977500444663,0.0121665785053892,0.0091066869160218,0.096506833409118,0.00487579331216184,0.0743001748002826,0.117232264524886,-758.517616626472
890,0.0247563566374207,0.106518137049996,0.0125825120538243,0.0138273438236076,0.104998990850798,0.00522856083577053,0.0836647953350013,0.100235683716092,-760.868653291045
891,0.0457707653983511,0.134673040934746,0.0113651051348658,0.0112549703409194,0.110943132284338,0.000676755092878115,0.0806634022228239,0.10394266304779,-759.33272469757
892,0.065634283301214,0.0903404927753109,0.0291296688182298,0.00469813674733497,0.0855000001863035,0.00274815459720369,0.0862690288820413,0.10397056321582,-759.522856064378
893,0.0698250739851782,0.11837386319932,0.000722984003175573,0.0147915433220432,0.105930670380549,0.00639481540639474,0.0789617446578774,0.0992930542826084,-759.811337262683
894,0.0685129034514282,0.112639475028147,0.011457239232854,0.018629417891892,0.0980884730775217,0.00261804722029059,0.0923929667306574,0.0925787892420354,-760.966881697062
895,0.0593633996716582,0.103832974556016,0.0101158721146967,0.0166568514075503,0.129175376048224,0.00318482238280429,0.0435050691767359,0.069396648966765,-762.924266454692
896,0.0608645592044228,0.143874590426388,0.00849185204374441,0.0239813864125376,0.101227666562922,0.00417789168446851,0.0459029130695483,0.098074595507018,-761.376792679098
897,0.0751003695743789,0.113674280527367,0.0120464312191939,0.0245235742764822,0.109591556772955,0.00545483046232076,0.0889294460179892,0.142019476954582,-763.916977670128
898,0.078193469397724,0.103529555609782,0.00397435363581595,0.00975508027459713,0.105877631451002,0.0046061304022959,0.0706418025225962,0.133916006213153,-761.146237828555
899,0.0395754350523414,0.135462634827253,0.0109701418475138,0.00452021146345625,0.0999619543684923,0.00511721934961149,0.059602584948335,0.0835243210274637,-759.32495719147
900,0.0430241225488192,0.117868253058602,0.0126615920180128,0.0122558082790775,0.083797731979309,0.00881617171639941,0.037800024975281,0.075384048277185,-759.191907306765
901,0.038466855760549,0.0928333091954384,0.00670353602621482,0.0361245866932584,0.0824788277185114,0.0122046605396729,0.0464745508996217,0.0978568577602279,-762.086567874551
902,0.0770447528298966,0.0914001772593294,0.00107441036110469,0.0404069657137226,0.0719432576264729,0.00816614796060633,0.0805248699203336,0.122452525779151,-763.36305973218
903,0.0594018463812499,0.0693357553960825,0.00564173363559839,0.0327336292270483,0.100649686243345,0.00602875982904513,0.0955785038419758,0.118272767368385,-762.511489884731
904,0.0664265953369248,0.0910212035209263,0.0110815474155403,0.0353214267510944,0.0853821976201773,0.00910165208812661,0.0888897215827384,0.0983001052262052,-762.959234756894
905,0.0718261367685458,0.088870539207435,0.0123701782790803,0.0132966921889962,0.0987568654408767,0.00119788923744132,0.0705096500553535,0.114289846510184,-759.774375825809
906,0.023226457652476,0.114456796096445,0.0262052979452783,0.00207374949328747,0.0863510724278598,0.00869787050981307,0.0576785826376119,0.0966664247772049,-761.312992049994
907,0.0607500983466783,0.10844503379211,0.030856957453652,8.96785405850996e-05,0.0872513267224122,0.0062748998844645,0.0556787075587223,0.0889291611075856,-757.929616580705
908,0.0744739614093934,0.0818191577155249,0.0212921403394955,3.12978434344752e-05,0.0866345506777851,0.0102281975342949,0.0406893534461297,0.0915618174501726,-759.910511188539
909,0.0698673896887722,0.10585183979243,0.0228622219479183,0.000528854474180326,0.0924462297393241,0.00814001643128438,0.0771391393639815,0.126408422856107,-759.526817138294
910,0.056641699479404,0.0767814884048456,0.0213090859243593,0.000335363132713058,0.0936172519902373,0.00212782088454732,0.0766243897250666,0.11137102501113,-757.794555305586
911,0.0619822456951521,0.109326023852327,0.0303258698008718,0.00056544661815524,0.0902787146028134,0.00162814301324936,0.0634418861334279,0.0791884332538551,-759.373512469766
912,0.0565578230333208,0.100004629534345,0.023203368680912,0.00121078128244919,0.0970941816946987,0.00457147398595411,0.0568510249025727,0.0815036353392923,-757.917167523763
913,0.0663065683535637,0.128325350805405,0.0362705903698162,0.00745892550107822,0.0963030033146163,0.00669985005548654,0.0428574221498433,0.0867710311896734,-761.591656298232
914,0.0852297387815705,0.105552697206254,0.0274182125924728,0.00600158524128434,0.0830145211557947,0.00614076982397298,0.0348356560303674,0.0727098900493525,-761.055748493976
915,0.0301160398892508,0.0979917568022168,0.0464526329153204,0.00506660606509525,0.100385747988665,0.0054854138019946,0.0587144020172024,0.106460633501849,-761.746550113721
916,0.100016198675386,0.0752962918213465,0.0492594126660058,0.00546910001731505,0.0691995028853265,0.0100384952884862,0.0468500570192998,0.0752940493350342,-764.750379664047
917,0.081784484695069,0.0755217682101983,0.0586581155061253,0.00903141693882168,0.0688095495738227,0.00528834072873835,0.0394526099993766,0.0941940415128276,-764.823699311041
918,0.0841335294187549,0.0788966589823498,0.0308822655540029,0.0121847215812659,0.0846464139329305,0.00456645878733466,0.0751521828418781,0.106463886169112,-760.53800270941
919,0.0891610493464566,0.0704106358123069,0.0190990911590074,0.00346894273503914,0.0997973395598112,0.00568588938500262,0.0831813446580722,0.118857701074618,-760.525014474705
920,0.117007128146316,0.127811245421604,0.0106836743586498,0.0100429645830551,0.101253947225361,0.0169172686001933,0.0834604065573849,0.113449196050846,-766.937823606807
921,0.0449231574696238,0.0880373712122283,0.00280832172733727,0.0140344857035511,0.0628673881612418,0.00579346499889982,0.0707746500052135,0.121152000819831,-761.336103357326
922,0.0924816030721013,0.117255529237584,0.0122163454002661,0.00557275396129485,0.1035503307401,0.00217558470299929,0.0973969237147551,0.130082188558957,-761.759298311685
923,0.0808120089770748,0.0890421073901693,0.00845662395801421,0.0145470311248005,0.110153657458723,0.00109732114441665,0.0651881979806851,0.094567995816887,-760.973307249869
924,0.0798307921423724,0.127539336238977,0.0147546386199992,0.000689964830875316,0.0887952918479182,0.00233114642816313,0.0647156566549815,0.115852009014127,-760.162728183581
925,0.0436854079024561,0.121442540787053,0.00991104204473697,0.00423762232715096,0.0968777048014782,0.00695026659576281,0.0770916997747906,0.112962105191941,-758.115611564303
926,0.0534978348443711,0.107053966623076,0.0162035733357436,0.0145863044330794,0.0929392213504302,0.00701406555515447,0.067325976183418,0.100102784878449,-758.139743861533
927,0.0560219493389113,0.119007423391834,0.00820251117300918,0.00492884533755346,0.0742944403678217,0.00604705191572249,0.0416370902912796,0.0999509037376167,-760.145116384835
928,0.0263345441684141,0.081890428624277,0.015563080823705,0.0322060874996855,0.0862539404389781,0.00501825852473967,0.0581498950297424,0.086505439394431,-760.569406978816
929,0.0727727806560934,0.0985414443685934,0.00747664169848748,0.0240614324894992,0.0882469532826535,0.00415455502600228,0.0540144419871957,0.0970274895429729,-758.377032038564
930,0.0806656205253932,0.112407233417689,0.0201543506403857,0.029745576469361,0.105040340282906,0.00551672711216778,0.0753779837156171,0.0994017124895204,-762.604833935944
931,0.0576385054747635,0.112083473941029,0.0131233947730295,0.0228457671490197,0.102634113122531,0.00543765552373254,0.048785168430314,0.0769490781257872,-758.727700472974
932,0.0762305305925977,0.0896472161200586,0.0186760571083038,0.0295626167627245,0.086277406396952,0.0113425623860336,0.0321372690146885,0.0749837329330682,-761.524330240187
933,0.0739748275798,0.118717617553274,0.0188814680523887,0.0213390062393836,0.0828301697107648,0.00906394471111071,0.0476317111211444,0.0824310184020288,-759.989937666929
934,0.0357255639886976,0.0767906323678292,0.0153020198399134,0.0205576852284218,0.0820323528628182,0.00255248981612078,0.048189849107733,0.09704238739683,-758.96744654909
935,0.0516638240449208,0.0998877173756599,0.0250245569087238,0.0399676422038034,0.0744383795095147,0.00733626645983953,0.0533334969601564,0.0957954022405703,-762.456419378765
936,0.0508844803771009,0.119745310118257,0.0111712103095961,0.0152219796795175,0.0900898642257648,0.00692551345192328,0.0554627995327002,0.0989852668181913,-757.855038574906
937,0.0513076222458724,0.134742998797551,0.00932765993420146,0.00844863587119471,0.0939696476696866,0.0118304661336012,0.0561974427231009,0.101592549451916,-759.27693307342
938,0.0573669831134311,0.13423056787001,0.00643926530663752,0.00209662186096856,0.0699250012494588,0.00942694559966687,0.0635997588434261,0.129796964748684,-760.423051199246
939,0.0648947500112174,0.109369661342088,0.00105118282798151,0.0144889042141593,0.0782438141895765,0.00639653602011516,0.0812127654307028,0.124261331332695,-758.377751380116
940,0.0721641367008401,0.109819270510792,0.000576234171446999,0.000503365230163154,0.0861355755854495,0.00103776179301352,0.110524460469655,0.152895694619023,-758.116918123595
941,0.0737974658627339,0.116878242812351,0.00773048459205439,0.00553008776194316,0.0898192800018859,0.00221826120382232,0.116666395169044,0.122214042572506,-760.283425566922
942,0.0407967340683627,0.115267215230869,0.0115792818017727,0.0224939832966764,0.100432611514333,0.00670903015937383,0.10302283847019,0.120632789442494,-761.859652829665
943,0.0491006585118036,0.121891223836166,0.00915630365620499,0.012666773148796,0.075175240719053,0.00746773837425666,0.0932504996261466,0.136187280418306,-760.503414295315
944,0.0510834465917557,0.102123796232048,0.00332155041670914,0.0181150109464223,0.105209902926272,0.00212797631589301,0.093306816779118,0.104481004159907,-759.820041657486
945,0.0746732511294533,0.11395453953549,0.00639951999780012,0.0169852775969605,0.108637735355346,0.00102518688578627,0.0797004301017716,0.0993066594136364,-759.431845049866
946,0.0721748925884107,0.110240168247689,0.00700920328097315,0.0222408847033018,0.106362770375453,0.00497037503941299,0.0506255271664921,0.0875983072912672,-759.228714211125
947,0.0469273632292178,0.0918610032610301,0.0106392756358889,0.0179061239634233,0.0824630601056145,0.000563809998957059,0.052233899188569,0.0945291189552665,-758.465404980078
948,0.038201122401634,0.109931633889348,0.0115761002741846,0.0158618698477699,0.0859814199467549,0.0105632337591756,0.0685659185021046,0.0988633218832491,-759.156129438398
949,0.0494504535757568,0.0916847309552792,0.0134508843151154,0.0162000578350851,0.0824378741253316,0.00086996752249663,0.0747831250976313,0.109715099619251,-758.364577066152
950,0.0439638037017325,0.0896381549325366,0.0132285184580544,0.0167182155085399,0.095525810574994,0.00221989107568623,0.0746200391388998,0.113987109519805,-758.139659513023
951,0.0459007322664938,0.101263883278241,0.00806283141111087,0.017256952464646,0.0918837091463994,0.0079897153958294,0.0611240120364117,0.0751202452511092,-759.657686831015
952,0.0473134029876214,0.0996336693630367,0.0132936872939202,0.0234937871021084,0.0972280343316425,0.00933758762015455,0.0426296548887163,0.0742472989459558,-758.730724607271
953,0.0604803099124302,0.112362491160158,0.00983894129798965,0.0212968671771063,0.0925292894308531,0.00551015590185516,0.0446078414223966,0.0746360066520652,-758.560466995021
954,0.046012027917048,0.0828126957945024,0.0202098046761671,0.0210538091233144,0.10255523165198,0.00561501337567993,0.04372884661746,0.0953975288297653,-760.054200827756
955,0.0415205385242573,0.0965840342783194,0.0148122209288959,0.0196482671515887,0.0972285873418555,0.00206897179957282,0.0690836072550804,0.0993335163949705,-757.979982451788
956,0.0535027745488747,0.101341673908943,0.00647157447252691,0.0101909696131762,0.116284993926817,0.00247925352980174,0.0867333105680385,0.0984918135769843,-760.289815567677
957,0.0644337825938656,0.103084927912859,0.0101411357392994,0.00993163413786618,0.0716155498568955,0.0211756451490989,0.0543875513906063,0.104965784506094,-762.037902667807
958,0.0716153056742723,0.105000433360816,0.0207126115752144,0.0128576816307406,0.0732734578908667,0.00401796267321624,0.0507999042188724,0.0911243882738422,-760.611985146061
959,0.094789062650303,0.0569641143204737,0.0208757278438347,0.0051365206885193,0.0834211100772768,0.00805506454741453,0.0665526552941448,0.108460787143949,-761.357619631056
960,0.0803759007103713,0.114722627604201,0.00706189989619003,0.0184595457770838,0.0762500342551026,0.00377515894726032,0.0672060173112165,0.109060738189275,-759.218907335961
961,0.0466377303576498,0.103686383053847,0.00961153827339573,0.00742012821537093,0.07548365441229,0.0055806065569546,0.0729354525332042,0.0976490792844079,-758.873154082823
962,0.0587939079173776,0.109847913691473,0.00893075629220555,0.0112746530377388,0.0992703301057822,0.00778967207687584,0.0709236176617702,0.106185497521659,-758.18623394216
963,0.0619061764452922,0.111465506885159,0.0113087055309363,0.0107588432332432,0.117160691044019,0.00151805431490822,0.0919869038517088,0.116859512799216,-760.005555597636
964,0.0317459380063619,0.142050706989203,0.0126884971099365,0.00937234511068359,0.094722616350493,0.00505800135214922,0.0538802518780018,0.102856973097466,-760.002848132719
965,0.0488515569543013,0.140203675849545,0.0131602375820061,0.0123911678174189,0.118617646303358,0.00339682445151464,0.068034564723185,0.0999482739100507,-760.037223673007
966,0.0601358161710685,0.118569319091956,0.00492224751580121,0.0118087122499761,0.074012786612897,0.00813985868985572,0.0701712445953715,0.111664437181621,-758.669296233349
967,0.0834347651118615,0.112838289971205,0.00783451909884014,0.00442438625029259,0.073020986347861,0.00499296337746559,0.0589145879823045,0.132326970067124,-761.145813217857
968,0.0585864568779489,0.126643868781556,0.0104859522726684,0.00106351736769316,0.0805669813397063,0.00697109954661678,0.120427775991961,0.1360386359274,-760.863559283658
969,0.0438520954119521,0.127137350923768,0.0182198445388243,0.000672491453542555,0.096059700226935,0.00607281975952765,0.089836143756995,0.112072461467195,-759.862987629062
970,0.0283013921149195,0.129639932845016,0.0120318604596358,0.0209705170691177,0.093900078041753,0.00603056703204671,0.099890708475536,0.126678321568104,-763.376076866585
971,0.0844521599051438,0.124433924281988,0.00194413568954786,0.0240540725167888,0.0878097584765975,0.0121360450682718,0.0720975305284877,0.0816881388718415,-762.70289201807
972,0.102667532960969,0.0603855228589145,0.000213114065411174,0.0260406170986414,0.0907843235221126,0.0137377806401443,0.0383582136064249,0.0895017761728031,-767.109470236226
973,0.083361755638931,0.108006080420951,0.0086097594907963,0.00895433662840573,0.090971838323912,0.00547364419897573,0.0331773827850076,0.0924553256234052,-762.676679946068
974,0.0269524911475684,0.101627095647066,0.0240190155612863,0.0306657581693403,0.10023705702152,0.00610463471378384,0.0527915354200529,0.0867966360903954,-760.80859567699
975,0.0598032473364384,0.0758803900724005,0.00927452758000239,0.0167515729064732,0.101582732487752,0.00100801731761427,0.052014444203014,0.0952942090482125,-759.93767891505
976,0.0634838520226708,0.0925379976698395,0.00867341935989168,0.0187814975537798,0.0882808884030547,0.00465225376515693,0.0640011983934386,0.111893907246003,-758.020069010231
977,0.0477410339121524,0.0887997077348936,0.0126397217184522,0.0206064771299631,0.0812744565684115,0.00867541195854566,0.0682841607862259,0.0999345176893079,-758.827731983851
978,0.0599451700481925,0.0888273049680883,0.00206775223928709,0.00354209656563985,0.0896753038997311,0.015715547120043,0.083083274701212,0.117754116523527,-761.964923476195
979,0.0615303586269628,0.173999471356433,0.00936255969994808,0.00705999226024356,0.0916581025064772,0.0137740029259885,0.0844550045838314,0.119711523866823,-762.844617060076
980,0.0610254067269607,0.144440373022322,0.0166210705578037,0.00105733256228861,0.0840115378187373,0.00467504086813014,0.0836336653371502,0.112585839827438,-759.716167964363
981,0.0356147197022453,0.122177318599722,0.00520685435805446,0.00135535654472553,0.0801285811185162,0.00359942370648911,0.0666342365417827,0.0999932202989508,-759.887621900959
982,0.0912785248220181,0.0693090117797812,0.0168197435235073,0.000558497385111179,0.0752249655407991,0.00640150225113573,0.0668579876591432,0.109260037831562,-759.383816891846
983,0.0841272666893612,0.101232268507442,0.0264415891908723,0.000884981969140298,0.0996094440675673,0.00126510144066022,0.101264987694041,0.134482135036448,-759.950900634077
984,0.0462247427627523,0.088515712785382,0.0189239988962523,0.000310643861398457,0.0851189565057332,0.00656051053360452,0.0613855772045559,0.0805508314304842,-759.32690924508
985,0.103253778042346,0.118640286400299,0.0231339066651441,0.00241243216030495,0.0809790962944453,0.0120253255445671,0.0539924161685783,0.100526433849789,-761.364466056305
986,0.0982797406037301,0.103139036347079,0.0148851435966175,0.0142847143489401,0.105997821044282,0.0147553682728705,0.100753340318654,0.101465655659754,-768.125306986319
987,0.029006800034887,0.121500706837623,0.00926450500478957,0.0217241671646585,0.0987306227547348,0.00876138260969003,0.0924687139981916,0.107785518506532,-762.946733972221
988,0.0928129966051637,0.0871544765413096,0.00783662736286405,0.011182554676855,0.0885698587831596,0.0132849001270515,0.0840702882739195,0.129463634138193,-763.860311933664
989,0.094871069303672,0.1444913819703,0.00451036831421641,0.0205952766754143,0.0846771540595557,0.000333848767181455,0.0837495918487774,0.121960597851836,-762.30362755922
990,0.102028054382559,0.109422708774641,0.00378032611697371,0.0119276079802189,0.0994874289544827,0.00515330429751823,0.0695982254710852,0.0979010686621294,-760.363162230106
991,0.0421482552279355,0.152859725029815,0.0236980392889474,0.00905555018923725,0.091753209937237,0.000647254639096043,0.0784071598176342,0.11192464885357,-761.765483139892
992,0.0608349840030542,0.0533601100857619,0.0248434514310496,0.00549001486055412,0.114848078648782,0.0038113813982856,0.0478073167414505,0.0863531604082936,-762.84684729222
993,0.0348468623361279,0.0716023613430932,0.0364756612789152,0.00376509489034506,0.0844292929556294,0.00597119620200245,0.0387510619985471,0.0730232441421643,-760.03077585698
994,0.0425848631801914,0.0959930065795979,0.0343149051156282,0.0461608608426677,0.108481048993471,0.00496900167831437,0.0528568930878703,0.0726294459192045,-764.89395491711
995,0.0570178881255127,0.0965067322811809,0.0298684179369214,0.01931442195,0.100872648234671,0.00243165059609465,0.0446986479257789,0.0942444550934198,-761.434332731749
996,0.0211957102195201,0.0867835708971542,0.00805679062838959,0.0318850014687074,0.0791981840619504,0.00672797033056662,0.0533286771860065,0.0768644623060044,-763.510031117248
997,0.0693769943166068,0.0583487155009985,0.00465436752427583,0.0285880002688947,0.0776325452198633,0.00440170395408288,0.0587027278708325,0.083305080269649,-761.897060423531
998,0.0467358129549201,0.0917570594785675,0.0105809951349985,0.00485187592489432,0.0784465988060272,0.00652806103566208,0.0408155849486976,0.0973606061387983,-760.370292854278
999,0.0673320657610724,0.141652832587663,0.0101534716561518,0.0115433975428359,0.0831339418800453,0.0135075901562424,0.0330891125185229,0.0858878684316574,-761.809741639122
1000,0.0662955681776758,0.136783315185619,0.0151170995181289,0.0117069264642717,0.091443039800506,0.00212255733748315,0.0697636842784634,0.137464527172102,-761.23530508677
