"i","asc1","desc1","asc2","desc2","pol1","pol2","tran12","tran21","p"
1,0.0233902065174348,0.0911893141589868,0.0982858764707701,0.0121788764071834,0.0549638382587344,0.0121367682422603,0.0112579508596534,0.062044293127574,-783.209116972551
2,0.0401341913677834,0.0774461365308587,0.00678506002656282,0.0317046281285318,0.104473055461102,0.00987069370363189,0.0166573776732173,0.0511348395511757,-767.492205454648
3,0.0509967832791023,0.0694105188537356,0.0121766630756654,0.0536704955371068,0.0940688825443064,0.00582886026871492,0.0503886797432117,0.0709018540548444,-763.764314503072
4,0.0637690123292984,0.0980632376900321,0.0104279119231397,0.0233295749449434,0.109343726785045,0.00614589869374918,0.0495690032739112,0.079786368223422,-759.348515013138
5,0.0577265092338169,0.0976335929477866,0.00811212917633052,0.0217901633185498,0.100390505556654,0.00232231471088087,0.049505815206132,0.096537635516591,-758.473325453602
6,0.0477946776553531,0.0983265844062428,0.0152551803303968,0.0245793842107383,0.0885428856834621,0.00170394012928581,0.0631232735009061,0.126460304889511,-759.961924249258
7,0.0402471679700978,0.110503226361924,0.00604074515228673,0.00868932909574953,0.0814359132233951,0.00654531948904711,0.0651193730232784,0.117938386153058,-758.554151988398
8,0.120982674738679,0.0596271345496636,0.0239601142888748,0.00474829055254057,0.0805731925453894,0.00416332639806886,0.0670480890429542,0.0840470378640154,-763.689450480599
9,0.103542421597019,0.0899725607239028,0.0352217378850066,0.0012699191853478,0.0973433387703179,0.00160629538658106,0.0571462152397358,0.092783523298895,-760.789501608813
10,0.0234110252307603,0.0986394301192912,0.0414548132042563,0.00523668898339341,0.105631302827449,0.00530459352897747,0.0871424069926593,0.0981731348827949,-763.53215134049
11,0.0600417115149478,0.114970312622749,0.00186666011305613,0.0145552393831477,0.077625355820486,0.00555621505868011,0.0723272944380834,0.119982602376979,-758.595326460456
12,0.0848019694889831,0.119509512817012,0.00523017989215062,0.0138667670035248,0.0946771727604788,0.00231458611275346,0.100728458648923,0.106285244680819,-760.296963139477
13,0.0739430008875285,0.0915624217445842,0.00487915033860937,0.00983953709498864,0.0763574949130814,0.00175513799331345,0.0947478359917787,0.180282122977193,-761.827738602702
14,0.0638474630664227,0.111681647231396,0.00250051965265077,0.0070745072033654,0.0684681185704913,0.00499122963667033,0.110231755311352,0.117257486619392,-761.968719589207
15,0.0660359224876595,0.108690741982016,0.00391871237694581,0.0127006682934612,0.129182128935308,0.000978112237249289,0.067844636507294,0.110742268766554,-762.235523217004
16,0.0694906359022635,0.109564191193114,0.00358912050841925,0.01965889202495,0.129564089138041,0.00329755963079612,0.104838189839301,0.118114503491375,-763.024332233627
17,0.0643237525075742,0.0818541867800931,0.00363909083427752,0.00720866212407451,0.0791027592844389,0.000581305692785462,0.0979203967963318,0.224776714461846,-766.236445397317
18,0.0353211767215966,0.117606995944859,0.0090853422202294,0.0056633433401934,0.0909185181424738,0.00135347860246128,0.180694179243848,0.198706541911731,-766.092049644357
19,0.0853485450779159,0.13489752172125,0.00817484630939008,0.00323109015437415,0.0933557007251654,0.00160875667671782,0.171364955470356,0.165880058614504,-764.900245557539
20,0.0543153629572706,0.140469827082414,0.00489824491079516,0.00667728276548589,0.106090175004946,0.00394144977390107,0.0813831584389589,0.0692172041185609,-765.671973971629
21,0.058274136733991,0.105303122686155,0.00828015468781051,0.0220864977098965,0.110331591612247,0.00280823305356214,0.0520141466632661,0.0843857500264873,-758.967898014074
22,0.0552619582988051,0.115811117706406,0.0084990432312856,0.013935394956206,0.0816703408162825,0.00974596520616229,0.0758670770488348,0.0965282776511786,-759.14490930905
23,0.0687498765934517,0.145061460341889,0.0110154106934533,0.0129496682784488,0.108749755127394,0.00715058628695707,0.0550662688112099,0.0765287773323959,-760.690160051752
24,0.0648452665375781,0.0957998233989721,0.00695885165572976,0.0220767001851714,0.0909896021604051,0.00798843282805808,0.0373657179966746,0.0862985875348963,-759.321346626926
25,0.0678294629340123,0.105271118678555,0.00620447380205486,0.0248095726225667,0.0707013495431198,0.00879808703420272,0.0373265426699497,0.0815843390314047,-760.679592780206
26,0.0672931653143536,0.0894673641661628,0.0180702072651294,0.0124341135774132,0.0918047561481481,0.00761551791913163,0.0597180131950374,0.0906269462153097,-760.085231777289
27,0.0692703634612099,0.082999312261251,0.0288274987577345,0.010453515725353,0.0998408249801487,0.00147023041304097,0.064181029114466,0.0991166181713871,-759.05978268862
28,0.0724236498274403,0.06359374779245,0.0188942087418875,0.00565764197372372,0.0976524054345976,0.000733407740755134,0.0632322900344525,0.0932364398384649,-759.687478688994
29,0.0732954749836902,0.0657615240606838,0.0388477056052419,0.00667224498033343,0.083776364125738,0.00343541817436578,0.0664276907789554,0.111039734810027,-760.232029737449
30,0.0637798950850406,0.0713464892586263,0.0343828703270578,0.00870427412131538,0.0857824433369323,0.00751111552427919,0.0533789028341442,0.0754980319036915,-759.686426862146
31,0.0566156868154726,0.112441473383408,0.0240269225251133,0.0175573034599005,0.0799806354454489,0.00222478116024092,0.0463897674076761,0.0904642363536626,-759.884333925874
32,0.0283625737364256,0.0786578120053204,0.0252164205929659,0.0233082480600342,0.0939813431388132,0.00959445296033612,0.0503787818784479,0.0779360007174602,-760.826725250566
33,0.0565991689334408,0.0510475924453652,0.0153071508047462,0.0369684109531653,0.0905098974960893,0.0108517601808786,0.0341268927083007,0.0767634452638496,-763.595567963115
34,0.0372478690485911,0.057087091823211,0.0146732460590692,0.044605957597114,0.085186642567262,0.00412123171593328,0.0352154129074457,0.0902287247032386,-763.595616659653
35,0.0449420782211013,0.103680880150963,0.0169168346763566,0.00324183794210052,0.083304047760211,0.00680787285174568,0.0651268364100488,0.0906508306174544,-759.422655003269
36,0.0783336988703649,0.0801141354129919,0.0140601186527324,0.031832322759615,0.102745660647979,0.00646300085277215,0.0522546841899963,0.0928075866813417,-761.359547017571
37,0.0554622156909207,0.109072601555878,0.0132170078676411,0.00799495133389343,0.0881474199775983,0.0058880386621226,0.0673926773065024,0.116180121873004,-757.867418970364
38,0.0424121337604451,0.127279624615088,0.0108475530978881,0.000338112045296007,0.0851891353435612,0.00877886055991046,0.0635378496588071,0.104102367140738,-758.620075990419
39,0.0548366993976926,0.123865616074669,0.00912870006517764,0.0183344127716107,0.0819786961733378,0.00835214022227065,0.0601682577317231,0.0887152874701732,-758.933491769016
40,0.0579505673221464,0.102890250114101,0.0146435840308032,0.0282338339044821,0.112126975392367,0.0048918197507232,0.0401731288826868,0.0685244288827643,-760.613321364227
41,0.0419123162209704,0.121480737418965,0.00816494300080132,0.020254467981132,0.102571471014632,0.0104282354971228,0.0364353954297285,0.0722163813943954,-760.747435910836
42,0.05886362300104,0.116278175094814,0.00563349797193292,0.0243829923450493,0.0970249401129426,0.013624395678079,0.0437792586914627,0.0923271430529219,-761.090352146712
43,0.090683511563232,0.110749286507367,0.00380742461255471,0.0224507939789887,0.101444346836913,0.00794143627421564,0.0573617676678181,0.0876855123058381,-760.321661607453
44,0.0398335898312547,0.111443956223764,0.0213950608382426,0.0106120201154553,0.0839925244103512,0.00707016314067569,0.0556066068306366,0.108153072862179,-759.008023701874
45,0.0312746707077894,0.116376731773105,0.010050766257016,0.00909842502604506,0.0808993970939888,0.00627115095040158,0.0785248766814785,0.107244604814743,-759.571342807683
46,0.0710473000625605,0.100091415001392,0.0148827608433291,0.00958790653060821,0.0877888373202665,0.00630386664392875,0.0708641560366265,0.139903460428867,-761.441915612184
47,0.0213694110200534,0.0965777086605633,0.0151861287327023,0.00176966811524844,0.0693980329296483,0.00674886355070447,0.0725253943738332,0.112226579571745,-762.312751478325
48,0.0598158748213281,0.150459467208243,0.0117969839028858,0.000438384258572703,0.0759507038966688,0.0101325140575263,0.0615939840260001,0.0959633265528376,-760.285017313635
49,0.0554781598313179,0.128270562385293,0.00526543918527541,0.00649468399045382,0.0988313692824124,0.0058380697714924,0.053572137314987,0.0828379423391356,-759.332049212401
50,0.0311152899145006,0.149244518471553,0.0293726269123641,0.0175966672023695,0.105020145121352,0.0132003788540377,0.0452786491279867,0.0887128002618285,-765.131899242613
51,0.0392927186634062,0.132133938703551,0.00302221326572671,0.019887064691384,0.0846566359643248,0.0076725464640811,0.0603900223213564,0.0733288646587019,-763.662841073149
52,0.0806753087571712,0.0911824446354887,0.0090104179906172,0.0258520590334656,0.0871284888075196,0.00798820746401861,0.0318505565085374,0.0790526958280313,-760.850745927579
53,0.0298703828379548,0.100782651800056,0.0197982789582021,0.0321272583674839,0.0892483353969555,0.0111540804588668,0.0571132248845791,0.0796649572869163,-761.666874608808
54,0.0803541570566093,0.0950175372438007,0.00166540336289924,0.0271088544511596,0.0938932713251081,0.00676904358273886,0.0498267461740605,0.0821126341255945,-760.28856281608
55,0.0421494478592072,0.0791760763549633,0.0345075457165127,0.0368881505603173,0.0822567039840847,0.00426007272561144,0.0458119033534635,0.0895723615429554,-761.669192388273
56,0.0276125980577374,0.0679718249289179,0.0444992892537541,0.0360125983737682,0.108059986766211,0.00450607629224646,0.0462857522439992,0.0865365095196457,-765.743271231877
57,0.0233354511984493,0.0683113228492823,0.0291562862441733,0.0242242100558089,0.089034824621523,0.00655777022988044,0.054577703218413,0.0870372052201027,-762.008226624648
58,0.0261230851021235,0.108170327028223,0.00821648130671677,0.0251985060521329,0.0798518523382306,0.0116042056229455,0.040380738658019,0.0821089241081063,-762.174657765035
59,0.0394897893357422,0.0790484599941924,0.0102667025629073,0.0176026898719097,0.0894727924081774,0.00859312556900265,0.0617384042381951,0.118481544121617,-760.213118891942
60,0.042518698998507,0.0831236027953833,0.0179468733329472,0.0198906319811923,0.0851008127969108,0.000450996851029465,0.0705420709026909,0.105528388262819,-758.980284788989
61,0.0322934684168588,0.110124094997585,0.0248682488740871,0.0148738459948882,0.0912951391595043,0.00642491783559711,0.0507804734700915,0.0796939601442671,-759.428126394803
62,0.0569056359382873,0.120343935727694,0.00626543442484555,0.0113492884997521,0.0782987677980069,0.00862676119621058,0.0479778874483663,0.106188594291176,-759.36820604515
63,0.0600279297424787,0.127259480533452,0.0184364262780958,0.0135141140802914,0.0745082951413165,0.00876912243031125,0.0700474829837595,0.109720812485104,-760.374229813238
64,0.0454509014505348,0.122283068351613,0.0137821735123571,0.00864996062047097,0.0838410006361134,0.00624430779960083,0.0639185577446735,0.119542479916749,-758.52938476925
65,0.0490387887594218,0.0947730545183466,0.0189591021928109,0.00736317212272318,0.0915534105181502,0.000955304996210324,0.0813678851358341,0.168972035798383,-763.018041886692
66,0.0509568687701633,0.0982418940750478,0.0149079610520294,0.00805768585218488,0.079362996940613,0.00550344612703341,0.0903783239523404,0.170540078523413,-761.858148211895
67,0.0500438898167858,0.110880154660535,0.00493504833866212,0.000285776497014843,0.0965989199911049,0.00048322024414105,0.109932405376195,0.148717945347764,-758.458529366426
68,0.0443011813828274,0.141790494839023,0.00917623556728724,0.00963243177051499,0.106219923104468,0.00706006922032506,0.106666555833494,0.090018526555635,-764.220790734682
69,0.0649078948680884,0.157597106097844,0.00572580633299005,0.00688153096958787,0.0942746011463096,0.00657507592208184,0.0712249418465809,0.125836009159453,-760.206847080645
70,0.0612699365439128,0.0975955218523736,0.00291615749457898,0.0149676477394737,0.0743986109046901,0.00421696040104922,0.0885251117547484,0.105706377462885,-759.826096982779
71,0.0650148655507737,0.0741824489859883,0.00287486929562566,0.0209937992876358,0.118986126534924,0.00590370436514563,0.0640692718145582,0.0846476444624497,-762.927447009224
72,0.0736565354375645,0.140547059301874,0.00549133210288594,0.00996735938715385,0.105344569372358,0.00712979767217262,0.0767960826019334,0.122459997572602,-760.001621293446
73,0.0487887874406819,0.0890285282699579,0.018141051487085,0.00623040083777002,0.0923051229950934,0.00609860227731044,0.0727425068293871,0.122694890686961,-760.177984627561
74,0.0400106313992045,0.130840201642808,0.00924301778962553,0.0103721630557982,0.0977003546150364,0.00575964743186546,0.0825741595159408,0.120606995830923,-759.035427832238
75,0.036050238456559,0.126000497525002,0.0126354430759122,0.00899596933695062,0.105012897759079,0.0001087249091434,0.0919233782108101,0.128674539375222,-759.432038435064
76,0.0572998925639787,0.132876047268341,0.00105900647668579,0.010307043356107,0.112250817241725,0.00263951094632002,0.0919224594187051,0.110629847585799,-760.077773646154
77,0.0699964740363749,0.108976376207896,0.0073181428220293,0.0109978652739667,0.0763363318375323,0.00519972944659533,0.0773815945622562,0.106486564223792,-758.48423005639
78,0.102324915202111,0.114713036012015,0.0105523982540796,0.00364126550526037,0.0855372948608044,0.00656973971962598,0.0589469636709545,0.0938330549196252,-760.908599621114
79,0.0700184753469534,0.132337972414604,0.0095806519195653,0.0194318481777387,0.0859192534403894,0.00822999816495507,0.0487399658741611,0.087353835265388,-759.229508049518
80,0.053293978101042,0.0788502754993523,0.0183264420342746,0.0227094845693021,0.079410801377056,0.00462896027412628,0.0565710023128625,0.105138343695578,-759.282588676361
81,0.082424321774425,0.14419305445319,0.00757606518277831,0.00361344781123805,0.0928741149336809,0.00832713050368275,0.0525306018686656,0.0985121919995993,-760.025457242495
82,0.0787183458504576,0.122895623403156,0.0304249613455553,0.00360537803637463,0.0948045420516257,0.00228631442224399,0.0731016191186707,0.0992089820424813,-759.896138183981
83,0.102756436294609,0.0837916984910093,0.0360251718471979,0.00514913760859383,0.107941292827274,0.00285452939159815,0.076086741353471,0.10640929250247,-762.403576870707
84,0.0225124163727512,0.10207007009758,0.0318229484637695,0.00355523469233202,0.118565049773438,0.000884610035792026,0.0684134224448558,0.0846096497607722,-762.444500687111
85,0.0427636501410507,0.103556008723019,0.0322769809938826,0.0164152286111033,0.0724802023282502,0.0089548731762143,0.0481649946630831,0.0908214167196205,-761.409925007101
86,0.0270476571927908,0.104690639236017,0.0263246071920478,0.00678893759727794,0.103178660337814,0.0132364774411037,0.0717179516665977,0.110359657598249,-763.81318262821
87,0.0347316970669872,0.087240124844171,0.0339605647419868,0.00652620757562189,0.0929154847850051,0.00744690096142661,0.0997229027034961,0.146654334805963,-764.48527727356
88,0.0369857231039144,0.0945980331524251,0.0036850756284873,0.0160892281639966,0.0814752689134116,6.38605819073134e-05,0.095582375879565,0.156551809472677,-760.970394071703
89,0.0290245747659624,0.0927343555553826,0.0122715328309508,0.0209107451659043,0.079260627799612,4.96798243954621e-05,0.1108756414496,0.137138751112274,-763.405740506092
90,0.0346519340502273,0.0700499513428984,0.00737090424228049,0.01960959063432,0.0960695176594302,0.00122550067580212,0.0906979350537358,0.139876889598782,-761.923646838153
91,0.0365247352735453,0.0692507556392372,0.0116405824230448,0.0194728508099314,0.101649517260064,0.00193228116358604,0.0835402957436662,0.103589882596937,-761.155960538901
92,0.0566048481665308,0.106776397549451,0.0149938632990313,0.0160208495683192,0.0944181755674093,0.00292147911552203,0.0712035049013827,0.111059921904163,-757.963838506888
93,0.0875144442693094,0.103176862259881,0.0154041682008138,0.0126246963230011,0.0862672172127557,0.00133360579112703,0.0707828505726036,0.0885046561884557,-761.753709385171
94,0.0454104930378855,0.127182144802324,0.00878374077809376,0.0152228716725661,0.130541430886034,0.00440632766915148,0.0715524091091921,0.108290822039949,-761.990074143768
95,0.0430761256403578,0.102842892216515,0.00621524043489283,0.0195226693371489,0.0638607876516592,0.0100719948363802,0.0521476146282568,0.0882497523883751,-761.826668262268
96,0.0654862720104537,0.102808824303666,0.016825900112603,0.0137611926177236,0.0980357663965977,0.00306396322653951,0.0479997448308867,0.0988725756600107,-759.443120129439
97,0.0433704371046825,0.0999189744149281,0.00802201651345102,0.00637388133848684,0.0866961173927026,0.00222731002026829,0.08036590795157,0.132791029244056,-757.936270993355
98,0.0542053003404813,0.114991772111475,0.00356137529122845,0.00151026368161156,0.0876647953363738,0.00264273544389561,0.0838430214094137,0.147414119000966,-758.095804607576
99,0.0694759762507857,0.119485286386453,0.00538751336522572,0.00804689889959265,0.0786601727819334,0.0101333964990089,0.0810939281819607,0.144906819244024,-759.822143594102
100,0.0765883677771858,0.107056721580385,0.00259047849723241,0.00817945158534488,0.0791510225621981,0.00562662770636891,0.0810964187669016,0.117070115595491,-757.942795168208
101,0.0602323646064968,0.108165994074589,0.00508545221089788,0.00692493611076482,0.0899343378467199,0.00542785746599654,0.0612466007404454,0.105849280779359,-757.640049063538
102,0.05342838243076,0.16508707029065,0.00372395704832631,0.00307718164596547,0.0831017412793124,0.015459620191715,0.0659744518714303,0.105041238626169,-762.109699876299
103,0.0716991434624402,0.160169047238547,0.00720900315635225,0.00635294940548855,0.0759809427052191,0.00571433127080247,0.0699861512957996,0.116977812300189,-760.669471724741
104,0.0626264591866229,0.0939787197802144,0.0191274846617286,0.016682761354799,0.0950633287150115,0.00122891633136552,0.0857524289875124,0.115127397467502,-759.970114547337
105,0.0493447769343284,0.107458560542098,0.0197179840716305,0.00319931756089402,0.0983846380652702,0.0102958991711697,0.074771563568663,0.104189845442289,-760.32572763529
106,0.0508589676411005,0.115152516910238,0.0207069465377115,0.0216329619874797,0.0727717052216271,0.0150503952577965,0.0685158792902887,0.108678585286334,-762.545520933759
107,0.0439292151712685,0.080071271139486,0.0180455129138061,0.0190456792596809,0.0605114000721403,0.00838227776986952,0.0490578847164662,0.105904377678828,-762.566744502404
108,0.0572810462320137,0.0776674109145813,0.00684369891665602,0.0170485996674679,0.088291791499019,0.00630422807891284,0.0810650581409669,0.125127431861982,-759.449724919226
109,0.0488880108759023,0.109154887679787,0.00317976836745984,0.00644268605126905,0.0703000998901255,0.00112976249231189,0.063796713912532,0.139285666984932,-760.864481901651
110,0.0720076612514792,0.0907147963348976,0.00713452690101225,0.00790206019561962,0.0751669721468003,0.00394128907313623,0.12557632278955,0.191684514774392,-763.129658304203
111,0.0600981020012283,0.105061841627952,0.00203250331427331,0.00833697111639778,0.0806466071559609,0.00197356139841935,0.13175655305464,0.191629980507656,-760.951713568311
112,0.0634428740299768,0.107512120167228,0.0170289850656379,0.00891722276378001,0.0991827532245802,0.00267913360365584,0.114883509828837,0.150831481361488,-761.676362725792
113,0.0498425031186038,0.118686496517973,0.0195659726377427,0.00276403843933025,0.107548720020162,0.00206514185202327,0.117050071500731,0.128969587911237,-761.810329771545
114,0.115168738448139,0.141078064061086,0.00687021279221721,0.000271153668973072,0.0799629606298577,0.00621437894909327,0.063277521281507,0.106236812467881,-762.563185400884
115,0.095427133678742,0.0765176685585721,0.0130350755001847,0.0303640020089511,0.075779623322795,0.00496822454876686,0.0736888150116428,0.105437031560467,-763.155396008475
116,0.070274017062219,0.0796067622984902,0.0144697605998143,0.0385068424139385,0.0860595094421122,0.0029559715614057,0.0652128302053322,0.116567156588023,-761.721437681499
117,0.057220650513906,0.071373095430637,0.00549257309731837,0.0166365421074738,0.0799640384962087,0.00585577005950937,0.054045674095975,0.113778004733008,-760.134749992775
118,0.0632629318358363,0.123259367791639,0.0079281762742573,0.0055346527785269,0.0889074978318529,0.00595511717125854,0.0492775423594106,0.101939381133687,-758.601415246121
119,0.0467865149965859,0.134833487108128,0.00699450477564255,0.0129239087210703,0.0953141898041829,0.00454517062537154,0.0691803087612277,0.106173695952236,-758.50809218237
120,0.0723321728662285,0.128463327278975,0.00469866015268958,0.00742523492588801,0.081693205339854,0.00795969772127012,0.0696987647806615,0.12298091052808,-758.469213343377
121,0.0210349455054845,0.102980717245345,0.0246747213646665,0.00199144632271051,0.0800309226408299,0.000201899700478447,0.0597478798800093,0.0934115067297986,-762.474364555283
122,0.0659511934956001,0.0558394380495351,0.0319020942218934,0.00925514727460482,0.0845409913525887,0.00592480706030981,0.0700648179965592,0.109455272217729,-760.819543528067
123,0.0754168314068788,0.13796744094806,0.00114182804617237,0.0127218029932746,0.101979218207316,0.00502755420073981,0.0824983196444034,0.126873258114599,-759.765695205232
124,0.070684474635378,0.132607919528165,0.00208292911636049,0.00188292242954696,0.0783101564755768,0.00520250425012369,0.0852689870038738,0.127272668546,-758.073599176173
125,0.0748682420584554,0.107596726007485,0.0023535661704939,0.000191601657502826,0.0712822632575107,0.00530261977784873,0.0937460908079347,0.176570071576239,-760.630329807089
126,0.0770813735765587,0.155123887721647,0.00457593022972183,0.00103297978916345,0.0782371737391012,0.00188325429755971,0.104911073545824,0.116004139391631,-761.698477819993
127,0.121347570702511,0.0463644974752617,0.0014076253848331,0.0165938699720622,0.0848945230982049,0.006571206232531,0.0571519847345379,0.09806988847075,-767.066792991659
128,0.0546301347976775,0.106761077605093,0.0181625096144605,0.0122820427901876,0.0694430933492101,0.00852842591772787,0.0773562153561149,0.120988720359133,-760.696415912357
129,0.0429372949062373,0.10065438413563,0.00656832597210321,0.00865816188557557,0.107079302553491,0.000585398798427725,0.0817362997710835,0.124025595944892,-758.860105580648
130,0.0719868263589813,0.100640904059195,0.0097003692340625,0.0144488001881335,0.0773253511656318,0.00560480624758796,0.0890501076672831,0.142234508336053,-760.047331510886
131,0.0650452371382007,0.098613680744072,0.00508605453625718,0.0165772570723816,0.0776375070717264,0.00381521583632339,0.114637907617185,0.134878473671988,-760.713647927992
132,0.0583584731762914,0.118401871220339,0.0041801323037108,0.000348431554650766,0.0992999141058325,0.00337291588037382,0.099315789999995,0.143751278465027,-758.413228188374
133,0.0535201105200152,0.139494745803662,0.0163118874811455,0.000871021500237475,0.089315180485901,0.00235623730091166,0.0768475431944027,0.109345367549696,-758.943525908106
134,0.0336220008274591,0.13502654687281,0.0163474716081414,0.00706251408339525,0.111001095533874,0.00356890365830316,0.0754980579917064,0.103932007926118,-759.700794697619
135,0.0201030380424026,0.115024093154913,0.0211979429871741,0.00206383014404395,0.0970029205659656,0.00237903064845708,0.07651141796827,0.117633070826042,-760.703930717953
136,0.0853206134910322,0.0671056351494144,0.0203936644417415,0.00385070791822661,0.0874544857049568,0.0139810957179127,0.0707728590014723,0.0976925913585598,-761.86349566229
137,0.0365530578992375,0.0666509537775507,0.046164350455433,0.000724211880569272,0.0687651556828257,0.0121437813773591,0.0725622897594504,0.108485325388261,-763.731582535634
138,0.0753397567726623,0.0809578344134062,0.0194540994196438,0.000834817855492006,0.108644183045012,0.00590993771183021,0.0652553596558088,0.0949858234492082,-759.319733096526
139,0.0630857068390108,0.0807533464212756,0.0176186744171062,0.00985147047030671,0.111606913330485,0.000469918996622652,0.0532559362906048,0.0711590582236525,-762.379870619332
140,0.0548419370358381,0.0965862022774918,0.0256039748468051,0.0102703796313274,0.0778866692285132,0.00652173592313433,0.0495736779878151,0.1030108436402,-760.532853639314
141,0.0330503585370421,0.101781924009964,0.0144138015124764,0.0182575470660645,0.116314329658856,0.000829819118344595,0.074618442717501,0.0733324098082398,-763.141682913326
142,0.0294636523542001,0.0787113158218127,0.0130251480170434,0.0195091427741998,0.0855675867228043,0.00286987381427588,0.0521460095986188,0.0744628918488033,-760.091961217837
143,0.0315404908864862,0.108987132366865,0.0267341979274366,0.0241151790471319,0.124276555301629,0.00249608823490518,0.0670456059619846,0.113302106144156,-764.123769605999
144,0.0554728226225357,0.0849734999085235,0.000816350728595202,0.0232895150703899,0.0786772042389586,0.0026897693131189,0.070707707851337,0.117071860445143,-759.173321955062
145,0.0620638527139861,0.0891247177055984,0.0134576559570623,0.0228542394015807,0.0909906289993438,0.00512073045639632,0.066943568075609,0.105885997065547,-758.537047543198
146,0.0658853731166597,0.116627018452113,0.00520145971737267,0.0243846910407192,0.0703099493572421,0.0105572875342386,0.0625353966095065,0.105237687688805,-760.880824333771
147,0.0838125481388725,0.0804775908678079,0.00853583268532673,0.0192185132520413,0.0745780718679961,0.000245883023147833,0.0698538929419096,0.126208671991582,-761.672921663727
148,0.0311614677459892,0.0943813454361106,0.00691378739510668,0.00522572749714209,0.0925146421177557,0.0128881421290591,0.106285481224899,0.160755567637054,-764.221530798229
149,0.0607746052390122,0.101505305299099,0.00748863305904995,0.00951645747281911,0.0797338729815063,0.00316427854685692,0.0878765466707456,0.132635255441721,-758.09730961625
150,0.0489973348599294,0.122451680828124,0.00298609607786879,0.00350217043224848,0.0938921396867395,0.00309351852973601,0.105542879658819,0.121627716689929,-758.823337679213
151,0.0758956417560192,0.132810099301115,0.00200446725281571,0.00704069310280977,0.0989351722998764,0.0092517498609711,0.0946127785585526,0.134455848070635,-759.776451780289
152,0.0593034342232304,0.127522246481571,0.00763962395721658,0.00156904382478726,0.0843303293125472,0.00920464906816511,0.0948801866535625,0.114065571498003,-759.266617120838
153,0.0479998194162893,0.137332646116688,0.0115085597621366,0.00150999204360133,0.0861009059641086,0.00562173220258044,0.0607817258449897,0.115317278678489,-758.668788920828
154,0.0545156197155763,0.13319441705097,0.0071230601390741,0.0035564314110511,0.0912708317461964,0.00983079595846817,0.103133238025533,0.116911240712122,-759.984170140247
155,0.0677110443262505,0.117827597345158,0.0021088581194874,0.0132407711757518,0.0721761288037846,0.00106917599610799,0.0681127643559377,0.117435673585508,-759.809936550159
156,0.0620312768418612,0.108477173819335,0.00941838123389346,0.0130421082692061,0.0748611740438572,0.0105635485168331,0.0691447369357962,0.103858839182615,-758.891629490751
157,0.0541762320792496,0.0881219262480801,0.0123366961468899,0.0118728365065174,0.0895980160867691,0.00771474414949741,0.0565256720448437,0.0990396294670713,-758.496502529027
158,0.064876047128155,0.142459249568535,0.01361231749681,0.0143677127315121,0.0969388872196844,0.0132171340107317,0.0727825111006601,0.0913311575010231,-761.380222896694
159,0.0506778389658257,0.118309347136831,0.0207715164872651,0.0120869888099017,0.0996541974547957,0.0118379121872452,0.0380264321060728,0.099926610351106,-762.438141175648
160,0.0516178495050386,0.11233633267831,0.0248437801085458,0.0137414266504823,0.0657618955180174,0.0126038257371237,0.0351769908473303,0.0956055545279442,-763.385982051706
161,0.0456206611060734,0.103280985270776,0.0255889651032828,0.0130656818276619,0.101156879559848,0.0094346694892069,0.0350466362178977,0.0878221486582137,-761.926472628917
162,0.0424528396724308,0.107918403677984,0.0103426787348275,0.0190377635796236,0.109190423231738,0.0085295425631113,0.0550352780363934,0.0810229907482875,-759.459016047857
163,0.0531897821140474,0.0905477080932545,0.00896858062599989,0.019838093819451,0.100908793768649,0.00675484576295625,0.0577265039663131,0.0887083950601768,-758.314965855704
164,0.0779291405356246,0.129903631215001,0.0113438228361081,0.0167233908897075,0.0777630230241023,0.00662134923082569,0.0604945120529837,0.0934684522318422,-759.608784893623
165,0.0690806814661184,0.0995960919501606,0.0124649079830621,0.00875678667515709,0.0937276105213734,0.00834290177516356,0.0572881344674415,0.0960430687602592,-759.414630024154
166,0.0511061709882504,0.107834788980916,0.0119399968273127,0.0146092447135771,0.0862029910663759,0.00846974791058144,0.051906862303781,0.0920810564819994,-757.714003144102
167,0.0336943024335176,0.0772265683397127,0.0187586888410128,0.0287602007478493,0.0786219290846103,0.0114123356184751,0.0422183878010906,0.077978734574781,-760.218017368689
168,0.0342413322759173,0.090120300461266,0.037901411041411,0.00896446750729508,0.124080667464718,0.00310521279313722,0.0324636190182578,0.0615874928150128,-764.039009777764
169,0.0461062500775469,0.0771402935767762,0.0337931788209615,0.0100499763794881,0.067077981656927,0.0184550741610332,0.0387067833168809,0.0830677154565415,-763.760048742857
170,0.0541480608399857,0.0928952799627084,0.0267739417804888,0.00202637665202618,0.105762541759162,0.00913151878445079,0.0482450106459482,0.0861754430270521,-759.104609957984
171,0.067681353652656,0.083756412570998,0.0188562710758648,0.00498996760211102,0.0704131198286506,0.00214597268209196,0.049351895458894,0.0940836018444251,-760.453208459118
172,0.0562664852824657,0.109206744401248,0.00567378656614369,0.0057064981174751,0.1060561702691,0.00977916402502017,0.0618654065001839,0.102735869162402,-760.032368351757
173,0.033399473694979,0.12404243581241,0.0406051261857705,0.00390209760550876,0.100006314987718,0.000227320142740439,0.0623198450857235,0.103678184577906,-762.359276147887
174,0.0416534178859642,0.0738102108164621,0.0353529250634771,0.00379716089851915,0.0966652133857201,0.00204295464299634,0.0677162717864101,0.0904674218285877,-759.006428879315
175,0.0356576243053698,0.0759193661101263,0.0441997432025886,0.00662515246658561,0.0983546413804524,0.00222653155991488,0.0387655066545039,0.068815868183994,-760.634537935125
176,0.0322656746674101,0.0618904943224923,0.0290521729557121,0.0130451950720824,0.0931092522946565,0.00600978266721762,0.0484355119602103,0.0860951398360119,-761.263715722673
177,0.0458650707160908,0.0688404961382862,0.0398768369167533,0.00757752228502014,0.0913746568012312,0.00756576711734731,0.05550401466857,0.0837763265873382,-759.614141654318
178,0.04200920461378,0.0657974788099142,0.0342941989387124,0.00775193733565232,0.0889854819189349,0.00918729105934566,0.0679387348675315,0.112750931234336,-761.392781781204
179,0.0418250171441928,0.0922854975684184,0.0362230717551962,0.00063333787844599,0.111347770272664,0.00212946795071875,0.0727391557914872,0.106664815734383,-759.070229629394
180,0.0627249603428157,0.112574119871617,0.0340690613181005,0.00143716167573034,0.0979384361293236,0.00414562130785726,0.0850462251151977,0.110285446263797,-759.445539657123
181,0.0745231980609414,0.110769811636656,0.0034523062897305,0.0122866566883085,0.0933132192702731,0.00782980711138717,0.0860644990166316,0.111318421340805,-758.595748280479
182,0.0689960371644821,0.135062271707044,0.00501217101918639,0.00736224101213881,0.0821689275375965,0.0120287946396893,0.0774909557744955,0.102831693978025,-759.367828957007
183,0.0715654310421619,0.111308204095929,0.00214623192405618,0.00640468759219963,0.0811181508776991,0.00775416777873388,0.112686577602414,0.175006892550456,-760.527746391712
184,0.0246828718544394,0.0934471717814455,0.00314951775573026,0.00414151035046242,0.0963170749554978,0.00490362102436303,0.130582111993275,0.171867590345019,-765.212749793206
185,0.0408571631512646,0.118653546091758,0.00435588000974668,0.000122828055292637,0.0954535962032209,0.000794036643347226,0.106195894246168,0.152575763115019,-758.842204499124
186,0.0379546535546081,0.108849356748661,0.001427985865659,0.0127147275641112,0.0980297934730145,0.00529509348801074,0.088993011605568,0.0947372988600535,-762.061061668596
187,0.106696123797356,0.148098978546639,0.0108970707767199,0.0107051118484912,0.0907426908275688,0.0078016865028732,0.0684810388257929,0.0953839728314428,-761.535649069549
188,0.0334751371210847,0.144607749295494,0.0243101489653318,0.00318591542359715,0.0782946907453775,0.010395730099742,0.0688578286200653,0.100316895024315,-762.051970482456
189,0.0831746796706026,0.126197664046022,0.0110020842640198,0.000425645306827089,0.088315425298355,0.00500592276547753,0.0745763004271043,0.105467406736757,-759.853395082631
190,0.0713386134952851,0.151950062194201,0.0130262929918721,0.00799600231654986,0.0961507122117512,0.00120919472879072,0.0756064926908805,0.112269362040064,-759.755822757392
191,0.0431285458388993,0.179167048061685,0.000782760192261578,0.000647004591988964,0.107257777257847,0.00325233035524037,0.0837813824003465,0.109960500639824,-763.829175173432
192,0.059684080600772,0.12910780486332,0.0104927310440034,0.00777906594268692,0.0756910271962205,0.00698164387605445,0.0866453344780437,0.113305802893618,-759.452499566528
193,0.0608482805352894,0.10053615237984,0.00930253720436106,0.00586683685434759,0.0846408340998467,0.00277236275969037,0.0900377083656,0.141648726973359,-758.418626939952
194,0.0504035303437222,0.115911982139913,0.0152368046289937,0.00883801901861098,0.0974761827824172,0.00548799171818401,0.0644727555353717,0.138851850828905,-761.197794714007
195,0.0478396804999589,0.172000647988361,0.0100057679902237,0.00161835874191375,0.0775297610895204,0.00942925889547215,0.077922822887983,0.128878590344061,-762.693581721044
196,0.0630229001156857,0.158191034564687,0.013262567414672,0.000639480900789943,0.0723573830043992,0.00765281637605339,0.101844959584673,0.138574098063719,-762.557707700312
197,0.0464057537599739,0.105713340493783,0.000187701189339649,0.00473641244705313,0.0931478604885377,0.0116403774365962,0.0857324621173339,0.121694851441866,-760.267565322547
198,0.0542757669505847,0.108132378902047,0.037362798008346,0.00494520424107834,0.0884870049437997,0.00178090431481813,0.07552847427802,0.113816671295886,-760.12290855575
199,0.0546303931922422,0.0911102401343381,0.0350347301964682,0.00257349228012507,0.0813711163675754,0.0255061500524593,0.0617186468599719,0.0987905231699982,-764.707615102174
200,0.0723172165842621,0.0912661681518838,0.00415599491214546,0.0438497197168472,0.0695131743882655,0.021013073244887,0.0590327475517987,0.0885430788323759,-766.085059254754
201,0.0912718820354878,0.0717576521490473,0.00920612707415246,0.0124831320523047,0.0742364192869386,0.010109745489753,0.034884857792121,0.0728949946751219,-764.946949529903
202,0.0887029664811549,0.137531666205601,0.0128533259052738,0.011711413549397,0.102126837640986,0.00588692697584207,0.0383203708227374,0.0734027619074272,-762.017487920698
203,0.0265247473206613,0.098419502231693,0.0150618805956614,0.0270147277968086,0.0778821856910762,0.00918812061352299,0.036255661734747,0.0684152893651005,-761.246512320416
204,0.0243160410276513,0.0973193048300686,0.0257362132695116,0.0289264506914643,0.0811228344580711,0.00290048565245153,0.0299776065667568,0.0854755995780293,-763.070254847132
205,0.0410152333093189,0.07969098238714,0.027796301719515,0.0251743160035802,0.102102160945909,0.00526093703504466,0.0466263151766543,0.0722818358639399,-760.748322830542
206,0.038352267953438,0.109720269613531,0.0218278335477163,0.0235247731771065,0.103472878620216,0.0152222464519124,0.0445142727403442,0.0919675276637942,-762.462824023881
207,0.0383510566973624,0.108673031292623,0.015794847759518,0.03810149510746,0.0955133851743446,0.00365003770813433,0.0928765008373169,0.0889609402189003,-765.316767108307
208,0.0801908792295231,0.0707690760602733,0.0232636658196181,0.0136852479045187,0.0920166930455028,0.00550206380007416,0.0453638846995904,0.0880063995888974,-760.014446356428
209,0.0714101188103981,0.0904106999926563,0.0331790351417379,0.00931096725494957,0.0959192026235291,0.00220752343769375,0.0649202535741448,0.0869141502050389,-759.38554446629
210,0.0632664108491889,0.0740684288490376,0.029645393954287,0.00377021278151399,0.114784659056299,0.00261385331688226,0.0664546856242205,0.10286060747331,-759.990305348833
211,0.054446316610275,0.0725064734681691,0.0315081002156868,0.00574224259415171,0.0846488187156336,0.00698786065300165,0.0479794355617835,0.0942241947758931,-758.884318673538
212,0.0570865987947315,0.104539930764325,0.0278350947963526,0.00363721633550948,0.105161012099239,0.00838732343491647,0.0642381234339865,0.0932869685222357,-759.162814643035
213,0.0546518341303578,0.094510690982615,0.0336766691620614,0.000845178926142218,0.102856173641207,0.00706039112489531,0.0658812396979976,0.0868262992521529,-758.625543615055
214,0.0674610331167544,0.0868204265151888,0.0374647605231924,0.00366669416117513,0.100361904258893,0.00951883739273356,0.0517811052461174,0.0873713358726622,-759.791230469755
215,0.0499594867525635,0.0997036848866973,0.0267721183250983,0.00156196944744876,0.0961698049167548,0.00502502807917163,0.0600844490147747,0.101419477454378,-757.770333880325
216,0.0435144804174863,0.0943925514097434,0.0255718650501615,0.020158241099396,0.09529515305101,0.0040189170816284,0.0506600014166174,0.108560522116035,-760.226690020838
217,0.0338959286636936,0.0909452332186487,0.0252199951575647,0.0183877120839954,0.0770171674009942,0.0053065198924497,0.0510859513406966,0.0709711451276929,-760.756528470188
218,0.0401744793766837,0.0850972656136784,0.0237899597477889,0.0247376700371275,0.102851169852077,0.00243667679873107,0.0407281939325733,0.0969310109447647,-760.83093300007
219,0.0255743572746031,0.0879322499647358,0.0259013913602179,0.0177416673445984,0.0949414684759982,0.00531568818684133,0.0372513099326759,0.0810516299194556,-760.341040580843
220,0.0389593303203196,0.0995661663196732,0.0213237178087162,0.0193563043444968,0.0835604870549146,0.00779872391037811,0.0371919742814541,0.0808606537205886,-758.909915002444
221,0.0637139377265948,0.122202635862463,0.00319876922089966,0.0259076295440287,0.0786661248296168,0.0131705431201366,0.0399288190773218,0.0843927358786987,-761.78652251241
222,0.0878408732276026,0.127833843792669,0.0230655426722074,0.00204979782206207,0.0729448873023806,0.00719747460240223,0.0424700749868945,0.0887256779525095,-762.04460405434
223,0.0595862421551622,0.103713318026766,0.019918742162162,0.0216777310500938,0.0852817879061537,0.00438133525899165,0.0351147514395842,0.0711376012284722,-759.609794982965
224,0.0541814443502047,0.0867183740824884,0.0151795872273407,0.0243871268291891,0.0752285210574604,0.0109642292769816,0.0391500387846479,0.0898449913751922,-759.794763183671
225,0.042523097715068,0.0723622213489118,0.013468894243623,0.0448151430954235,0.109344343178221,0.00492422947510837,0.0649654346443351,0.103855202631872,-763.213695345635
226,0.0547438015967361,0.0732982714772428,0.0083151389066112,0.0448686839908698,0.0990037887592064,0.000901327932953732,0.076396334199553,0.106345129592034,-762.31965999673
227,0.0608710117764065,0.0936454766823814,0.0389203685620456,0.0117983423195598,0.0988234182699783,0.00119765150049035,0.0538302357728558,0.105627233250942,-760.750866521088
228,0.0385803470298473,0.0836850433469236,0.0334915230886896,0.00261081453412094,0.0825819124659889,0.00449124829447428,0.06906561983626,0.0882433147225649,-759.579413477329
229,0.0611179241977889,0.109949856468286,0.0291567781503867,0.00695794248744221,0.0921619042216687,0.00553856318490912,0.0549368948638456,0.0859947923064433,-759.142195039746
230,0.0611342654489838,0.0970912720271156,0.0535797275936301,0.00929407084812142,0.0873258891811829,0.0102212144334886,0.0558340823107206,0.0963746343222803,-762.480073533655
231,0.0546677128906757,0.103572472354791,0.00416892989871301,0.0150523949543626,0.0890301628984636,0.00935538393708664,0.0596237653370556,0.0815883099931241,-759.308861848254
232,0.0922225841529751,0.119742796586385,0.00610111665169889,0.015618335202325,0.0816772384905953,0.00516939576240013,0.0599626406063735,0.0998409524300986,-759.206177470902
233,0.0585224916774836,0.131932736879228,0.0191523318714507,0.0130812567604883,0.0817362708870508,0.00223579960833077,0.0617879471098953,0.101675868587015,-759.533813771196
234,0.0503022551637019,0.116559639503928,0.0127192562198367,0.0124769993688928,0.0894736168933643,0.00710543938353441,0.0726559095381232,0.0944514926267465,-758.283553162222
235,0.0594891850815348,0.158794152968021,0.0101608035182845,0.00423919366563618,0.0959027616131553,0.00888131509033733,0.0572244446095101,0.100865833527622,-759.814602010753
236,0.0726068454806072,0.110106540045598,0.0282986622132181,0.00538222138907578,0.0835257863948036,0.0110541169453115,0.0606672716845048,0.0903638674846374,-760.181731193261
237,0.0756561730449422,0.0956181513293501,0.0355790211675975,0.00170684273847957,0.0876090103517575,0.0113524492872932,0.0520544998406208,0.0726263191010852,-760.477906117902
238,0.0860291177738779,0.103801500350354,0.0140731398979163,0.0141363067768044,0.102232369129466,0.00431057756851536,0.0475958826296156,0.102120648477423,-761.797493832486
239,0.0550040246297335,0.115399766507313,0.00885695673996367,0.0141707478058306,0.0791403785278278,0.00441094638931715,0.0431631464754344,0.0951423770523657,-758.90298951757
240,0.0728928416657709,0.11209103115588,0.00895492445606687,0.014442105809818,0.0881190449812815,0.00318258393354431,0.0734471698669789,0.118394552239193,-758.135657115035
241,0.0809306188118115,0.115108864704127,0.00217471177785933,0.00866363819381667,0.091633037993287,0.0085954217133914,0.0766046828462071,0.0972440314364737,-759.126120683925
242,0.109358141947308,0.141135524359295,0.00678351601465678,0.00258467553137661,0.0967643919955753,6.46870938053868e-05,0.0692655623921169,0.114131222431667,-762.82464398288
243,0.111637691054456,0.0628352794473044,0.0136134277105868,0.00196806857503966,0.0795019502987437,0.00698112872929986,0.0678944085136998,0.112610496604574,-761.107570056634
244,0.107417391827081,0.0876643854121551,0.0260185260239759,0.00354463835943257,0.0728113555865923,0.00841750124264785,0.0924432105272387,0.142433569832732,-763.203322816471
245,0.0826491209485186,0.0890078148323819,0.00151173290275967,0.0112847104367197,0.0712295833925006,0.00192420713952709,0.094626292503385,0.173953916020804,-761.837244331575
246,0.0583403321577117,0.0864321147629596,0.000505957516632807,0.0146490807022163,0.0703051836111756,0.00571486456841414,0.118305041051181,0.237187751526506,-766.820666326426
247,0.0733069762569053,0.0681857496455577,0.000318680450477971,0.00397436279270419,0.0614888648410413,0.00243140556534916,0.152672571211606,0.223050434188371,-769.091094770298
248,0.0718329263965301,0.0921134827349942,0.00249217707635661,0.00588351427172663,0.0755082978044811,0.0128643414864638,0.161936431231898,0.197960973372335,-766.546048791631
249,0.0685143671738426,0.101068986130497,0.000266266415906145,0.00465400365416115,0.0861634307481513,0.00350343602319503,0.127489795146496,0.184507774847888,-760.071488998806
250,0.0748978460356118,0.120275016964959,0.00225592381392739,0.00127838390992174,0.076878136731376,0.00294255295090073,0.0949730695059125,0.169487230184372,-759.550693713197
251,0.0726479385899936,0.0949962388507513,0.0142389404563224,0.00106860593913466,0.0909924934716203,0.00372640723940753,0.080917593061734,0.145419307156862,-760.280007846582
252,0.0446762579197664,0.128444046407906,0.0159215822771098,0.00444305862091128,0.105440466985341,0.00318715146247739,0.107101869021754,0.154760551170734,-761.243072734119
253,0.050887217068192,0.129000127386901,0.0114266582450645,0.0017227138102044,0.0864961226286985,0.00284046228792663,0.0892441796090442,0.134664637360217,-758.166681136071
254,0.0596818257457017,0.104478606734275,0.00709118442634733,0.0293898182432527,0.0945874261824687,0.00619407672044942,0.109418008890303,0.119271904264007,-762.438797203368
255,0.065798995684443,0.104069788414139,0.00900413217430369,0.0186501648294797,0.0975102481360924,0.00616894665670037,0.0558531079688259,0.110558138313866,-759.026238982866
256,0.0390757890799338,0.0921891790198574,0.0194274443010456,0.026160066032787,0.0891748895750161,0.00592981272732559,0.0682744465210659,0.106114464144118,-759.359831901457
257,0.0589983462993063,0.0936816556803006,0.0115166137428112,0.0304964947090738,0.0947413273169746,0.00657035706216587,0.0774797769952069,0.110625975630456,-759.983147218818
258,0.0296160131107714,0.0924759229986603,0.00988212247361217,0.0216924782218652,0.0827254533994008,0.00796528959903467,0.074779779642566,0.104595215500437,-760.61706822199
259,0.0402288231962234,0.0826700000911827,0.0156135651045094,0.0110650856390901,0.0918902297232154,0.00473360466584048,0.0773902972720824,0.107617895791689,-759.349287277754
260,0.0738257420251244,0.118057571663474,0.0107998432345916,0.00573847015683448,0.0920611543827335,0.00306984995371644,0.078202012112404,0.113695429441359,-758.309533953423
261,0.0615153956740561,0.140835890589884,0.00365806319057905,0.00539925299504165,0.0972400037283029,0.00652701242726672,0.0790821559457045,0.115110543252803,-758.439680272332
262,0.0693605428064164,0.133229149110214,0.00170276831766667,0.00164862129101995,0.0844551669786123,0.00877088167353664,0.0871648596527587,0.131610751604789,-758.31482714755
263,0.0743112110617389,0.11983982753452,0.00228306063137002,0.0137274481215152,0.0810690268430388,0.0111803742935481,0.0979912064814616,0.121096516034278,-760.124480590266
264,0.0665450550611911,0.103463322766958,0.00881452215125344,0.00742526982463017,0.0909267914870172,0.00183894028521705,0.0951675603008734,0.143309136983593,-758.666248822903
265,0.0757267917270571,0.0876160718313909,0.00316602722577248,0.0073955556166845,0.0882611408346355,0.00250838699292991,0.0776745049930456,0.111853532024408,-759.033195853559
266,0.0441168457857508,0.150128527957087,0.0147601108559436,0.00665710889745284,0.0722481223867319,0.0126116186447923,0.0845159431480339,0.114754966480459,-762.874344025667
267,0.0742908873824762,0.130623797226177,0.0170318354090476,0.00726042895135948,0.0937875243283169,0.00250728331396695,0.0787542419286396,0.10027315721374,-759.98253289243
268,0.0224713150584335,0.0960859681401385,0.0122905510204841,0.0101742514455944,0.0980846102638555,0.00641451405319769,0.0630851163921956,0.0996480532428895,-760.180261094955
269,0.0591306380051702,0.134141458495813,0.014608993087216,0.0086274360724624,0.102536014376847,0.00391413262950195,0.06715692085881,0.106337391070023,-758.554721393084
270,0.0338810351332343,0.120499976989569,0.0259720986977373,0.0165321477785934,0.092330360624441,0.00149735160081941,0.0622618133840631,0.12551623474221,-761.744756641101
271,0.0521189620046109,0.0956143795775589,0.0200030683610625,0.00634976997431441,0.0651826541896826,0.0223102435777443,0.0749647887693295,0.119300502004125,-765.055261024416
272,0.104138297284133,0.0785078721559688,0.00980383442354335,0.0136325192121074,0.081989046534461,0.0136911648803019,0.0669655516724497,0.10031139192544,-763.767482593776
273,0.103788496293562,0.168794344777589,0.000354161592164434,0.0094859022965377,0.0771955642398574,0.00320150385374737,0.067397106008348,0.129748034835384,-763.618149062472
274,0.0982487659446775,0.0883252972979935,0.0328073351043576,0.00710311224499958,0.0678364818884123,0.0011403418907813,0.0647160931517412,0.0897722220095885,-763.207952375292
275,0.0364993366839484,0.0926268430340381,0.0198695953284653,0.0127854004220467,0.0885038055453697,0.00374937746297051,0.0541250836441692,0.0868695235081496,-758.290658526532
276,0.0331495353945998,0.136435710728694,0.0258890779522929,0.0102765166940266,0.0871436554812414,0.00640482173836943,0.0495366046348333,0.0735087368447979,-761.711411528024
277,0.0429074484557386,0.124355951005191,0.0133128443715876,0.0111012133642809,0.104083466346117,0.00296942687915276,0.0290895121353045,0.0757682316909798,-761.826931367785
278,0.0577103422851267,0.136687089993394,0.0161222087723212,0.0177391933324896,0.0915836568252389,0.0143161171659596,0.0366181663158911,0.0789002177651693,-761.074503715322
279,0.0609214714299194,0.110058389115044,0.00992559535028034,0.0203253266062598,0.0951612502966412,0.0088218082336421,0.0356793914759867,0.0824427706808944,-759.296517188947
280,0.0595411142522691,0.104036946255992,0.00989164015139041,0.0360199052082638,0.076884121750445,0.00897345882003603,0.0427984914744117,0.0842004863795699,-760.620262929395
281,0.0456177117586425,0.0815258348476466,0.0175398497344836,0.0130701703912991,0.0977242180796294,0.00296631349048591,0.068365088319135,0.0837604550468207,-760.336377213559
282,0.083253330828322,0.13082158058713,0.000342692415869634,0.0221462721008121,0.0910992097414713,0.00486378526144233,0.0679692842056252,0.10731988226267,-760.319283053378
283,0.124615428896136,0.128477629873565,0.00196500509359401,0.0224179316764307,0.100031865482276,0.0077927005476044,0.0676654714028185,0.10261286611466,-763.093696025583
284,0.0694104838950117,0.087368084038525,0.00617476225484583,0.00646764288956871,0.101854280730767,0.00320061090527746,0.0643059990037024,0.118993024432672,-760.896087181892
285,0.0559893070774926,0.162685034519685,0.00767225381603953,0.0107083374185887,0.0956217580102973,0.00475958892669897,0.109391782645435,0.122225564703186,-762.039267526214
286,0.0929915685647426,0.106294603499186,0.0062871790335133,0.0133656027445006,0.0937272966719021,0.00394721646736799,0.0654764330930921,0.114618150769053,-759.680636982068
287,0.0729711157029365,0.105170591256784,0.000452039295352247,0.0173695873342702,0.0835396799414279,0.00307525177331973,0.0664666163759103,0.107712141314231,-758.353538411392
288,0.0451035360933869,0.110954666990829,0.0102341513517921,0.00192186227417619,0.0715761421485453,0.00387835059012677,0.0591338984175379,0.12037514460249,-759.324343695315
289,0.109222395792768,0.10313265079606,0.0216054724167618,0.0017005740419623,0.0768734570705027,0.00247299705154377,0.0839026515868975,0.110255951373606,-760.694171905432
290,0.0842357046985893,0.0729592059815946,0.0219686366029172,0.00157870167487056,0.0995400896732543,0.00153883334160359,0.078241081817593,0.120071947273965,-759.155365646653
291,0.0776823746218182,0.0986555687720754,0.0243903167620849,0.000324065437875479,0.0868314189299267,0.00201320293170275,0.0780009798608126,0.116161907574378,-757.955619447964
292,0.06717919190324,0.0853034083619087,0.0258059540908328,0.00397612727221659,0.0926551509387016,0.00779975536437919,0.0766016850830062,0.114932195398764,-759.229347800792
293,0.0695818280616612,0.0878134458903501,0.0213129467647562,0.00377671394702917,0.0755607804701893,0.0026961943691411,0.0883938550843959,0.132741029301834,-760.099078935056
294,0.065428460776813,0.0819645793570537,0.00256763798075724,0.0221806690972899,0.0731762147235813,0.00733518008989016,0.0740583052675508,0.0894473428335363,-760.96673263327
295,0.0567670844801389,0.0867664817946979,0.000404688197364221,0.00744701206025882,0.0951639420675778,0.00225651696137186,0.0619260780250125,0.106939819463013,-759.820107583959
296,0.0637282672518921,0.0780082257587315,0.0254733679287674,0.00404574025940985,0.0972889570369275,0.00559654100133805,0.05396830222086,0.0774242125949247,-758.843812116825
297,0.0659467264721417,0.0689683191350147,0.0385870689003833,0.00443813466185958,0.110430684317252,0.00861603595860037,0.0462862712618753,0.0855029462438237,-761.85303567373
298,0.034789243719085,0.111142118150558,0.0312828393679475,0.0025791914098255,0.108965418032027,0.00434735029190565,0.0555953737579852,0.0844238995832038,-759.582327389063
299,0.0334976359864141,0.134175306837693,0.032785783875051,0.000883213654013885,0.106642041823846,0.0091178887349603,0.0612880352497729,0.0920398765483396,-761.551430464109
300,0.0655118163369841,0.103323487913305,0.0172101753361259,0.00112595923382957,0.113359981653593,0.00933882505453918,0.0687598573481511,0.106425103610553,-760.582639714034
301,0.053721480364438,0.106607078017999,0.0232906685082223,0.00240816517676336,0.0979881046935052,0.0103044047377759,0.0865200971499847,0.120304064322693,-760.871252601251
302,0.0853853275408376,0.0957842758100043,0.0248464310580457,0.00324141725946992,0.0997282347942267,0.00383015749746459,0.058221060993352,0.0740088867103788,-759.989459161122
303,0.0433340899388736,0.0874086587912531,0.0220298601606536,0.00288695136561873,0.0999340967921943,0.00860285005804066,0.0476091784838777,0.099540798088679,-760.156499064253
304,0.0670466351705487,0.114688042150462,0.0267616112121554,0.00648258001165049,0.100717431567854,0.00378541520555128,0.0772403149135963,0.1012234217003,-759.80715716631
305,0.0793024494598798,0.0852561364739594,0.0202517737377512,0.00768954077010511,0.112213566994817,0.000796764580617288,0.073380848044071,0.104176940723785,-760.144461803538
306,0.0376034084570303,0.151901657205497,0.0205090515299001,0.00180448324441523,0.0903708483163758,0.00540484488628995,0.077725602510264,0.0986033580275798,-760.940812449786
307,0.0579765957003868,0.084229735859126,0.0267764212391601,0.00432114285138853,0.100152728282204,0.00903075449318414,0.043414763447725,0.0597498220377155,-761.605712198295
308,0.0557692799435904,0.0938617326098057,0.0392829597205185,0.00287749071262729,0.0963422203016013,0.00894619738579507,0.0456186710672695,0.0677568884396232,-760.123811699656
309,0.0548624357050726,0.116324546041084,0.0370667708286485,0.00107498580321869,0.0786859346958764,0.00543997252582355,0.046159830889301,0.0749299415822352,-760.609419598611
310,0.0682137651615898,0.119535841851079,0.0364140044414202,0.000379788290652215,0.116524543470012,0.00832654298553115,0.0591769226686338,0.0798629097843141,-761.194917456071
311,0.0795248608767364,0.129060223213342,0.0357438498127006,0.00340060909661361,0.0952228630930624,0.00180475784087995,0.0557479057436162,0.102296289681126,-761.186676324975
312,0.0869914511698208,0.113499530426767,0.0486995140723621,0.0082469229855273,0.0991171632662673,0.00109127937996206,0.0814385504662103,0.0897412793271042,-764.70149199007
313,0.042010156112753,0.122011260709762,0.00792600398708052,0.000466819018005703,0.0958788593063997,0.00749532949138548,0.0502021975519378,0.0873153107201293,-760.429711779756
314,0.058265324613408,0.116631102881911,0.0167194140863018,0.00678605772987128,0.0980359857613675,0.00257567360524142,0.0599958918997342,0.101016369863661,-758.515804222448
315,0.0481172726907881,0.0986516244837485,0.0185104876869386,0.0147200101747136,0.0918119171813293,0.00233861463286475,0.0645132648179192,0.106942201641437,-757.975311959213
316,0.0638915614023598,0.094239593538254,0.00646870835923946,0.00812636888285285,0.0915339631149832,0.00100634182819988,0.0655008007047535,0.101292958688028,-758.44113863846
317,0.0377267076763806,0.0978391051270612,0.00674427340507044,0.0185596861462743,0.0933291293051681,0.00177092300959741,0.0917495827179642,0.148809788085107,-760.488074069653
318,0.0570879998976586,0.125356004046328,0.0111659063576187,0.00597053436246636,0.0961442416917298,0.00877780128606447,0.0704897433356449,0.106604520669344,-758.306128002305
319,0.0636698962112836,0.120540987561033,0.00063297213622065,0.0356125283441389,0.0959428652716233,0.00321178042143898,0.0710529425436302,0.115324153151849,-762.983299084477
320,0.0908925389554871,0.0864190926667057,0.00251034880441673,0.028847351609309,0.10026884119678,0.00243933670920778,0.0736867874423718,0.098005600077222,-760.865622806366
321,0.0909061593133073,0.106515473204268,0.00961149533668038,0.0123379956886098,0.0968200189526065,0.00314167374602298,0.0567873911284476,0.0895606479498196,-760.100177141426
322,0.0425730395558897,0.127511440648853,0.015877626216752,0.00600806219665509,0.0970468924503416,0.00344476045490456,0.0567451184798025,0.122825744588896,-759.95954638626
323,0.0552140866423449,0.115258246203261,0.0238641131456623,0.0158892339420988,0.102148643133569,0.000373470521333527,0.0678608997309058,0.121192595348083,-760.946348570374
324,0.0294387452231826,0.0795813333670033,0.0247620618385035,0.0234567444126435,0.0931118969869894,0.00283314576342954,0.0773802111224262,0.123057558704635,-761.457005597494
325,0.0490608063884979,0.0700404111847655,0.0081307586213539,0.00633370309197032,0.0855741199360301,0.00569187729508883,0.0676303019362815,0.117904559773227,-761.392950012729
326,0.0561509394881928,0.145668380080876,0.00701521645081513,0.00180175983215263,0.0908361597885291,0.0113654901027427,0.0701585018621906,0.0957627106950206,-759.742559901392
327,0.0515656697325828,0.103582704321278,0.02927041915939,0.00194673038017857,0.0854439152067453,0.00224852720611017,0.061777573519078,0.10490604471552,-758.363609708297
328,0.0552500658105841,0.112557066807744,0.0069976779854337,0.029915173080914,0.0966988855488083,0.000403448978334421,0.0879405078921129,0.122391876213349,-760.65134293532
329,0.0635601208414417,0.0774062963596366,0.0288994794501382,0.0374474770294854,0.0675382147531071,0.00903957726874625,0.063825995015733,0.116977335400577,-765.427974081727
330,0.0594285333285806,0.0795620114036906,0.0255307359814387,0.00247780265769866,0.0630076235277266,0.00416201544673654,0.0780815205112367,0.101528192452892,-762.508816243761
331,0.0737249513753637,0.0835015943255113,0.030313544782639,0.00571309478997608,0.111450832058747,0.00756775918259199,0.0741903873956674,0.0863314510480355,-761.432122655872
332,0.0702049383289074,0.109640812447417,0.0277256163657839,0.00203389076388389,0.0960958834501338,0.0040268688710454,0.0620431143735914,0.102556472603454,-758.19217020152
333,0.0494269019943533,0.0884264345729483,0.0195364399472868,0.00137327721615416,0.10731057315408,0.000384443928997954,0.0728578779786041,0.0983533911118318,-758.684822277159
334,0.089818878322143,0.0912388382022738,0.0193791739654656,0.000353978812373465,0.0793985418644041,0.0128866916806763,0.0558119930208004,0.0966316538320814,-759.7019992289
335,0.0544988466351668,0.0872130547648079,0.0292813168454146,0.000644460453564591,0.0997681835489065,0.0120021075673269,0.0665691259714774,0.0876782927752742,-759.702584857139
336,0.0541241214604056,0.0820585138912532,0.0285724588310259,0.00288486791329203,0.0700313583928291,0.0219867019152742,0.05193307169096,0.094649475880073,-763.205969866718
337,0.0834677577458765,0.101101754930741,0.0289027679513178,0.0025555375915765,0.0586010914484492,0.00250067705644497,0.0594411012430223,0.104437690636684,-764.014381976404
338,0.0413605724651743,0.0644893124821281,0.042664495523495,0.0149344850680931,0.0547962303428326,0.00333496856936484,0.0556947050323371,0.100390180130875,-767.501820511369
339,0.057378292977308,0.0776145454341358,0.0267879501813573,0.00713800645859386,0.0771420037965929,0.00322455093419792,0.0677025285638763,0.123819661953315,-760.106566377769
340,0.13764971671439,0.103349146711521,0.00766371185897672,0.00669130168518309,0.0924563405414372,0.00529044542928497,0.075665014036715,0.122807831211479,-763.487748596285
341,0.0992759854547055,0.0647352909369376,0.0147061877254999,0.0048345242869345,0.0739142407335718,0.000903693847010725,0.0642482560852741,0.121127123847804,-760.951041795622
342,0.0524622969413626,0.125274801525732,0.0089998956789035,0.00344032865936314,0.0730878743040286,0.00818487559498694,0.0701346476886866,0.111312876966817,-758.69368009062
343,0.0650425791015818,0.145785569718756,0.00982178769650594,0.000967948044390087,0.103960403364281,0.00503241363121692,0.0778933488444892,0.133239975558562,-760.210205298685
344,0.083056949309587,0.0683926489497607,0.016172096992136,0.00600241970613217,0.0685066158821883,0.00543524858243659,0.0680636422481615,0.0976524887028408,-760.965074907058
345,0.106531735127329,0.0601229658847217,0.0031923361535241,0.00975019104501758,0.0759407305415811,0.00125578108528346,0.0771085954253563,0.111370138890525,-762.169833130127
346,0.0809361245692549,0.173461069778992,0.00739227112315284,0.00881501291594999,0.0803869786458506,0.00306769771323166,0.0545776692227889,0.0967417359300182,-762.421200934174
347,0.0937309102268032,0.12292677359504,0.00709362717698152,0.0215616912156085,0.099575967335577,0.00545977011690224,0.0585175750881242,0.11269747344282,-761.278801247958
348,0.0715872479362982,0.0724500162552041,0.00991133124596929,0.0260381614017439,0.0634326016223417,0.00633253867967956,0.05551643484108,0.113724411631368,-762.594375455092
349,0.0638354332505576,0.106440376393827,0.00614285938396881,0.0194070136335515,0.0670406569586931,0.010754634432476,0.0320560026550308,0.0532346286847067,-765.247935587191
350,0.0620088574144395,0.081375217912707,0.0447067870882004,0.0087481189439156,0.0838357859226119,0.00441602353142519,0.0313070284259138,0.0639174093938443,-761.011915835779
351,0.0482894758483107,0.0715518657358385,0.0477963150742192,0.0257042570399074,0.0874157096711142,0.0065038802107964,0.0460586605631187,0.0637774891159012,-763.167557913034
352,0.0483092570013876,0.073152518204638,0.0293247129084577,0.0288013395947957,0.0823272198154679,0.00390138483127528,0.0288630538724829,0.0790821925872309,-762.213788533822
353,0.0195004534614168,0.0792389608643062,0.0157760862459528,0.0217928675775797,0.0873660162723024,0.00424906481221323,0.047311427646501,0.0868710552406083,-760.718252346096
354,0.0297061311639695,0.115384787472055,0.0103552130103268,0.0217239771377308,0.0903580790700945,0.0086799295150992,0.0366578926259754,0.07995121116944,-760.480047698593
355,0.0559344950283023,0.0878144196755969,0.0159910139009942,0.0263142077315234,0.104550315688382,0.00730723330247705,0.0483779136961939,0.0940764870924676,-759.799755841153
356,0.0350522831317885,0.10259746771147,0.00801499695918163,0.0172786953371551,0.0859176272360708,0.00511803018336824,0.056722349498262,0.0884849827504943,-758.569675354048
357,0.0561165291865132,0.11555355732533,0.0137668942057896,0.00665961637327127,0.0835244737157507,0.00611682551068109,0.0337830966555676,0.0760431369697891,-760.382079062403
358,0.0365160236664325,0.122216100678728,0.00943186087838114,0.00753033061086504,0.0852042170359361,0.0111169667451752,0.0529823956989779,0.101748707159426,-759.360713060296
359,0.0783876852756101,0.120012619658759,0.00778875128788828,0.00861599298775242,0.0977493093074851,0.00810817075897084,0.0819622694975183,0.131686958081772,-759.970059641772
360,0.0757526044753586,0.11565480672713,0.00128068780084619,0.0116129571176799,0.0982191241321061,0.000931178111656175,0.0890564081861236,0.111592426590281,-758.521738986356
361,0.0372551575670441,0.099526281702088,0.0114649898060289,0.00753624192444163,0.0968787665710923,0.000775783369078246,0.072906036722552,0.106798595712651,-758.124417751559
362,0.0458399270008013,0.129630280691345,0.0186729410840417,0.00829809862659745,0.0948902482048934,0.0044615109866956,0.0454676369397997,0.0953815770128635,-759.168048636712
363,0.0491458673609411,0.0888509344250405,0.0456201861270134,0.0356789560315943,0.0755241991813894,0.000621732417146757,0.0567830586303537,0.100201096559699,-765.160650147281
364,0.0363210683757901,0.093559558408238,0.00762724654342645,0.0316116169708073,0.091587225468369,0.0100473593042522,0.0614681419517241,0.0932052133705895,-760.640012025278
365,0.0389455627269644,0.101912832777586,0.0101989003459191,0.0143052929405093,0.0802451186841601,0.0029958997586576,0.0731389712041562,0.121822189050267,-758.546322429339
366,0.0603512707436482,0.103232803569592,0.0127295262029266,0.018210280612626,0.0926292616919916,0.0028007470199106,0.086619221549528,0.116539415605385,-758.614837336214
367,0.0829401519225314,0.108633307707302,0.00939057715843153,0.0125624056171804,0.104107108948984,0.00577933662741458,0.0634743865541119,0.0860141994392164,-760.030529769701
368,0.0539879964286128,0.111261057094513,0.0107226104385095,0.0292937399535283,0.0836950283391592,0.0128020505180827,0.0320775074988043,0.094902620705854,-762.49742557006
369,0.0510000889787062,0.100731836284561,0.0180171150012301,0.0259064921729303,0.074895472551126,0.0171559548496096,0.057147352741335,0.0927813529617155,-761.660058156364
370,0.0430307820049464,0.114763009020546,0.0217624301862653,0.0226554244976609,0.087267255423254,0.00972994920881005,0.0585891222828144,0.117225939979057,-761.509605938921
371,0.0499281590272303,0.0849103141119358,0.0238358786752102,0.0292738626523962,0.0773103681736768,0.00281165000861779,0.0748519667936154,0.108412841555483,-761.153976739675
372,0.0591302444293846,0.0997426184782277,0.0182583123731648,0.000399550809093437,0.110450985530957,0.00101910251697143,0.0915166550107756,0.120444806841192,-758.980154013198
373,0.0623840162795385,0.104030592449825,0.0233689095707989,0.00495901842268553,0.117297798588361,0.00117787476950389,0.0698533835405839,0.0980683051686535,-759.646532679637
374,0.0717631324819023,0.0744584818888882,0.0331875376199997,0.00169986187234279,0.0765902349625216,0.0034171962038452,0.0612994066044984,0.101929466149566,-758.839776084813
375,0.0901107738682453,0.0977256487624621,0.0157424712447405,5.74992433839687e-05,0.0744560029749176,0.00278911743668825,0.0740311728540912,0.104881971370001,-759.172352813279
376,0.0635584209947297,0.0729115555541998,0.0232719844703613,9.2922982713143e-05,0.0910499807878066,0.00137073668821325,0.0721912496426649,0.109121909603898,-757.722979206582
377,0.0706085746824513,0.109559933820251,0.0196982393113363,0.00615224174478589,0.0984388852577177,0.00345470024447515,0.0746282662492759,0.0953534536046339,-759.532133859672
378,0.081015189961717,0.111442757166353,0.0080792563834808,0.0320642022913531,0.0885842130536923,0.00541814072757809,0.0642567681534116,0.0973375731785708,-760.214528262563
379,0.0345282158565266,0.10874536685064,0.00932830928005996,0.0331669644011281,0.108669594437252,0.00331635945991315,0.0463956816691699,0.0745188863998597,-761.23450631262
380,0.0318698680504038,0.102430382291125,0.0207496015347585,0.0126452680395457,0.0776882629822931,0.0152453695204785,0.0349996642978751,0.0722700590953063,-761.402422679317
381,0.0303953485502524,0.103686887120868,0.0235724456230802,0.0339355583194476,0.103751991115305,0.00264324412658201,0.0370516752178432,0.0751547830945711,-761.660088476119
382,0.0465443048734912,0.104828271012118,0.0186901777906794,0.0252694737926788,0.0867665092011782,0.0065409813911966,0.0596631169692999,0.116792913209217,-760.150887557142
383,0.0419178710681596,0.101404716056886,0.0156216029839369,0.0294014588598643,0.087964920443007,0.00472217623868233,0.0665789366075157,0.107656765104587,-759.449540895988
384,0.039861664886897,0.0730831464837962,0.00897052943315352,0.0168226774704858,0.0944575965137237,0.0024502322494632,0.0703557417131001,0.130512558921096,-760.557194416152
385,0.0449111475379655,0.104555958670682,0.0119487418898497,0.0106000088941812,0.0831997702851954,0.000657671607673153,0.0877326332759872,0.141909437369813,-758.833013283247
386,0.0578584806008447,0.104443248186979,0.00876591249763296,0.00767362757433649,0.0978193011864242,0.0018425751517465,0.0963806789428844,0.114705185398098,-758.513407509013
387,0.0549653333004681,0.142848129846804,0.0185796853760335,0.000295325295144778,0.0889673954340773,0.00400195510518758,0.085726186759115,0.101215791762472,-760.715466987017
388,0.0510601547316772,0.118305175300871,0.0196134613871428,0.0255037599595934,0.073571102668143,0.00140873753791763,0.0548082187919858,0.119200309790048,-762.795507160264
389,0.0503615910342424,0.0619828067047964,0.0139730113312673,0.0267954806336392,0.0885956427543205,0.00647122743111081,0.0490189581698156,0.0959239014031252,-760.338281965271
390,0.0556520552000767,0.121361748762361,0.00409756729185799,0.0283982395020926,0.0924834177029163,0.0056379407199927,0.0731639863587894,0.110592760599888,-760.39715312366
391,0.0524414358829724,0.0975312241043977,0.00328537865143255,0.0270610462235917,0.0746994419776364,0.00492643357699243,0.0745920260086766,0.116610232124333,-760.178371204559
392,0.0571663080404898,0.102649632665479,0.012903749258663,0.000456011533564856,0.0966030004595803,0.00508944584918453,0.076235065945936,0.101516770385177,-759.042676889758
393,0.097628623062901,0.0968142303339812,0.0270113606508224,0.000234351163092963,0.0871347522386413,0.00520226291934025,0.0861115245243801,0.0940163778748389,-760.611528293461
394,0.0407277351494388,0.111642479847905,0.0288167766420806,0.00151888750489793,0.0974277755196122,0.000439818084617823,0.0489123271655683,0.0797642428444533,-760.161774427149
395,0.0516750958772303,0.0919517320216526,0.0148238165166405,0.00631274765808951,0.10227332166104,0.00356116616097031,0.0517980901399989,0.0842161194351555,-760.032989920448
396,0.04555401086053,0.061065474518555,0.0188820617969709,0.00735640218672513,0.101418243688349,0.00588023895290282,0.0483643089040683,0.0828735206623678,-761.50442633408
397,0.0447320962730215,0.0695107736346668,0.0368402294864013,0.00626589997596661,0.078654772470317,0.00592222214350947,0.0506670514674371,0.0847358270922435,-759.368297149359
398,0.0973489129748594,0.138152551992324,0.00616876654212201,0.0113081696853962,0.105455011583029,0.00180771833171224,0.0819698011392559,0.129728141798401,-761.235767515374
399,0.0816786496644655,0.149711624368816,0.00476521071332457,0.00273412554920516,0.0775476574610595,0.0045431939141034,0.0700236306002565,0.0940827888467585,-760.553280359608
400,0.0713378459869359,0.149960458891932,0.00347584798445942,0.0103410610053091,0.0799735327742026,0.00648902248371383,0.0827441704169832,0.130216906279013,-760.278311938663
401,0.107511090897789,0.115416825562006,0.00750421314911191,0.00346357189371547,0.0900759997301754,0.00719675239870216,0.0875483416023999,0.122013486545558,-761.714455351015
402,0.0899833188302733,0.145854073070821,0.0057294471122655,0.00734082709063531,0.10040423919697,0.00101671504597159,0.0845671499828568,0.111141183722393,-759.85610156276
403,0.0630406148367231,0.0782923085030075,0.0383784373700995,0.00815618582652747,0.0932977730636769,0.00429699933164176,0.103770739507003,0.0968596582828191,-763.965046145256
404,0.113280850070154,0.110968186379854,0.0328957144349562,0.0142709158417183,0.0978310566838848,0.00287930038044175,0.0836730883521574,0.118176492703779,-764.659023051365
405,0.0597110651759603,0.102589791176751,0.0367611354893366,0.0101667802076384,0.0870441642752859,0.0014744522636831,0.0835976325387767,0.0959640221319816,-761.942910846901
406,0.0676461103252975,0.0745399694580757,0.0204256449310685,0.0163791382575644,0.103230418183658,0.003067499466955,0.0460363921243389,0.0733559078472144,-761.209497751856
407,0.0498694389587952,0.127401141065912,0.0120936906860469,0.0176835515423431,0.112361826575177,0.00597967268872124,0.0472371647638826,0.0857463700885955,-759.549687715156
408,0.0441295415477951,0.0868353490834846,0.0201256213744504,0.0184730049209273,0.0691771704037088,0.000422227357964755,0.0446717808941744,0.101047123995087,-761.582819848118
409,0.0255964469836717,0.0770262548312859,0.0254059808177015,0.0173807260806639,0.111073340640036,0.000731058430086945,0.0787025137217601,0.112912413937095,-762.99929448923
410,0.0761983183687351,0.133457496295735,0.016737067180571,0.0282816682934414,0.103826720871798,0.0083416805101677,0.0533182863067735,0.0672028402087214,-763.171977610357
411,0.0687168125433358,0.0916575187333886,0.0145841207239728,0.0208104495082916,0.0820509236510963,0.00451504034944024,0.045260911067136,0.114243036681126,-761.06450725783
412,0.0419791157885483,0.0914690217188902,0.0181910473033483,0.016579635237796,0.0828469250605324,0.00769887760061353,0.0680575977902289,0.0858521250359277,-759.659334903205
413,0.0321995369306676,0.113511932897201,0.0146132367055079,0.0175020572752964,0.0995678671970059,0.00868420744439859,0.0426921165975817,0.0948047607584076,-759.989834814625
414,0.0422953683732021,0.111497005705819,0.00852388107779129,0.0147542242444967,0.0692693597105862,0.0170375248667335,0.0601822620457276,0.117958801269392,-762.300249033819
415,0.075058612341701,0.0889663682631466,0.00238264438202319,0.0128712484725369,0.0698432820790603,0.00256362175764546,0.0529407686054785,0.112250452790351,-760.548349126766
416,0.0570624684843907,0.101423664905283,0.0180186728116075,0.00695546364509317,0.0777984661622041,0.00411933073118778,0.0629304362886047,0.110730826446916,-758.953096910355
417,0.0389877616173272,0.108174408694494,0.0050612823973408,0.00862528107427956,0.0912393307416292,0.00375097458692629,0.0623734217035168,0.0931621385011205,-758.623373712523
418,0.0865975348458972,0.101942037830794,0.0218766650527258,0.0073634077352346,0.101398966039865,0.002170791579345,0.0674842838640343,0.101243818860522,-759.489157511145
419,0.0660362077862867,0.0754239890384107,0.0205247573015364,0.00672430714594307,0.108025086655273,0.00352873828933664,0.0812159567509708,0.113412993153958,-760.219507470262
420,0.0804955215051872,0.0896925067727189,0.0212120583439321,0.00802845421278176,0.105977328255167,0.0027945130400789,0.0758056467184067,0.0847877456805684,-760.748535705435
421,0.106217277303892,0.0763318155948516,0.0212004373158922,0.00439813565858745,0.0950796629912705,0.0041035691866956,0.0510931750056166,0.0837846174316467,-760.649748949191
422,0.0665879517775466,0.11387701017662,0.00673899724226076,0.0107464902859745,0.0964949018360946,0.00183328087634211,0.0648964016341062,0.100864914916612,-757.731350840643
423,0.0497041177680478,0.107910120108095,0.00535112183284473,0.00674852304986255,0.0847207462655869,0.00368929033936433,0.0558187327276987,0.10433190851379,-757.983427631661
424,0.0632901771498064,0.106169980434557,0.00719965094008833,0.0163643058484583,0.0849681318405322,0.01582500806958,0.0669196799914252,0.101639647257708,-759.955425166159
425,0.0671972135734079,0.108266277949862,0.0021741684673686,0.00974200869807991,0.079221715361736,0.00656070115723981,0.072426928515927,0.142360457787389,-759.11878893649
426,0.0655220007352541,0.10630785025221,0.00981937980718642,0.0134420449778185,0.0863983516853716,0.00340138299556332,0.0901798697839562,0.132191199505101,-758.553193236274
427,0.0568182248424068,0.111199309946887,0.0164325823530513,0.000566556810517692,0.0689482660219629,0.0108324686044865,0.0969414939608917,0.137970335977524,-761.870815853252
428,0.0349879054524749,0.106373256731093,0.000978818978810684,0.00528360877746821,0.0696653944207438,0.00444776211844581,0.104050375366235,0.159034732092271,-761.993515581532
429,0.0817172799609256,0.106579120668262,0.00278397228476737,0.0078069601127679,0.0790518318444044,0.00398085507191978,0.111169901130319,0.151868585308874,-759.509189418016
430,0.0843527022737343,0.0585421923802462,0.0206679783927166,0.00622784175945328,0.0739156694834652,0.00602414325763653,0.102567135328557,0.118596559538844,-763.352417374667
431,0.0980827778532997,0.0805131785474724,0.00565600316481255,0.00296394142649207,0.0959384566706585,0.00400283272936214,0.0865342810151795,0.126692307431739,-760.608668069582
432,0.0847521779416801,0.144315291913977,0.00114797820054059,0.00497143421524866,0.0829561397956737,0.00373728241597781,0.0751851268798168,0.11672249753564,-758.875017775725
433,0.0657255108456109,0.0840433592758968,0.0304780330916552,0.00502476565881019,0.0850057881751032,0.00171176320517894,0.0696860975533958,0.113092569226623,-758.582322013474
434,0.0718516620007101,0.0717387575600471,0.0158440423610781,0.00243326208657512,0.0718752487571864,0.00059789693656188,0.05034038051052,0.0803995540171761,-761.54392364279
435,0.0862773098701128,0.0673214994868247,0.0180487144028579,0.0115948296480218,0.09294587867162,0.00737641590322082,0.0521811234971926,0.0931117729390416,-760.705262797628
436,0.0891487447443866,0.0773122180806364,0.0212406270702469,0.00165336752014113,0.0954690266828317,0.00197046278399905,0.0582612501114914,0.100940786420031,-758.801843918413
437,0.0683535691627828,0.0842723000175343,0.0217302045259783,0.00352884807392801,0.105513202364887,0.00249887073557257,0.066985066869647,0.0849708346780157,-759.009931883028
438,0.0620505956438278,0.0941120459656297,0.0462202682145201,0.00399396464458925,0.115339351887143,0.00513931285843611,0.0623968854101426,0.0796599314773207,-761.814399032472
439,0.0357733009158377,0.0827489372432652,0.0292842494719309,0.00364021501682843,0.0993464553211413,0.00129902153579689,0.0436501379040203,0.0808949420067863,-759.593832256153
440,0.0851326409344898,0.0912522688137338,0.0310074407500333,0.00402196416230727,0.0857975178796942,0.0122936779775492,0.0276285343039372,0.0834072927017898,-763.243930874774
441,0.0447400281648172,0.113726224717911,0.017689882316961,0.0305388052566123,0.103673606011839,0.00654507891851766,0.0263177033964595,0.0573819519993043,-762.772637759989
442,0.0523982181165783,0.0747744119236911,0.0106535224441253,0.0250070831296756,0.0892000709013715,0.00795791721470378,0.0374032276222344,0.0581805074215833,-761.226291889775
443,0.0317715774546889,0.0940811864308549,0.0395193123178142,0.00301129778916986,0.095075130466945,0.00552686946702339,0.0277268031561823,0.0898143551506611,-763.536257398694
444,0.0565755846019534,0.0957116017245414,0.0459641059424396,0.012786051984428,0.105399282263652,0.00490835682657839,0.0830769828122921,0.115603514272772,-763.270298323552
445,0.0664724193581412,0.0711821557166675,0.000494772973502324,0.0220965822140098,0.104260947702015,0.0059182469608514,0.0785471355270693,0.122641153863695,-761.493407097974
446,0.0727244232402054,0.108963275146041,0.000338290243265702,0.00627441272293488,0.09857536092845,0.00970353229250233,0.0960990576938795,0.122230530589125,-759.60583200411
447,0.0590993706749359,0.119930987823989,0.00691308230759731,0.0138277544326216,0.101463766161473,0.00972593694669253,0.102916750539099,0.105562739802786,-761.391922250706
448,0.0556500053228336,0.128978794171753,0.006226967815087,0.0135856213911557,0.106265513866626,0.00326999624832583,0.0867805640293919,0.10290888520586,-759.088053454608
449,0.0527162246280795,0.126842922200177,0.00266953983669323,0.00134928735065077,0.108530175916475,0.00508407008738894,0.0734028792961599,0.118974531993627,-759.817104839337
450,0.0418788792858309,0.13101161078838,0.00803630327490742,0.00899249689312456,0.111180834406271,0.00490583919114315,0.0962316147020004,0.123456501688668,-760.022491867628
451,0.0282891265916319,0.146107350698472,0.00393037691306746,0.00189156209089803,0.1004451101727,0.000829711388347812,0.0748239334718717,0.123090830059455,-761.843381648833
452,0.0482807106245615,0.133352974046214,0.0135205833965731,0.00134381723137733,0.0977778003024543,0.00576955780514585,0.105302146733989,0.140900299805172,-759.857009907907
453,0.0549796097374448,0.129643745189878,0.0126275561809796,0.00303835142195821,0.105316552721307,0.00831947773310964,0.101956584605671,0.115201289669942,-760.815818082172
454,0.0536655863040221,0.137186486729271,0.0109987615563225,0.00744413240712361,0.0912103833755641,0.00551122710115908,0.095378831313938,0.137626185622939,-759.45869690922
455,0.0654236622725124,0.0943478437662639,0.0152014357989205,0.00334812657817887,0.0679736876694034,0.00517536151128387,0.0961866660895397,0.138711047705616,-762.137384521613
456,0.0593377547398106,0.122623269235858,0.0192309527360244,0.00484617712954615,0.101147843365224,0.00346451471585721,0.0940752498322202,0.109281505570515,-760.491302375659
457,0.0336277335096828,0.129702906739779,0.0111716419683878,0.0229894980371815,0.0796625921804828,0.00805724789064049,0.0862175998070241,0.12986756385456,-763.73404094258
458,0.0538051994958014,0.0663950518373161,0.00858993983989216,0.0357982377699651,0.0909417752810182,0.000568724071412264,0.0961486978425224,0.131773086456688,-762.349566449702
459,0.0536683815431795,0.0672250057505964,0.0130667836277624,0.0034664087011359,0.0880551872848519,0.000261641528979886,0.0909758034323834,0.151614894315989,-761.85161175975
460,0.0774973381953505,0.111188562938487,0.0126679027090126,0.000297242382646211,0.0856165692447946,0.00565458334383069,0.0991852925414553,0.155540128896421,-761.344721238359
461,0.0791464726687266,0.0723732669798488,0.0129045154431737,0.00142282534376616,0.0793232204376701,0.00350837236491718,0.111209375261704,0.137191185050935,-760.714722224102
462,0.0769168675467799,0.0904991024318258,0.0176991264573729,0.00835399474191539,0.100871819351289,0.00014739122219119,0.0859115783960823,0.15077479768805,-762.63823432915
463,0.0478158585183235,0.132006304592678,0.0121428838274147,0.00193564943300938,0.0793875088098455,0.00107786071944997,0.0721425294754497,0.152444545365792,-761.104148691564
464,0.0485478199394084,0.0943597430001227,0.00493159471317668,0.0106511894130955,0.0771888950530481,0.00758738445140948,0.115941887416202,0.137660517187219,-761.213108290281
465,0.0807487747663847,0.144332553108033,0.00422241356735624,0.0116166119323012,0.106217859144091,0.00290268371955026,0.107197960173425,0.116518607699277,-760.681114637743
466,0.0448017011525614,0.103307602068337,0.0122060791058699,0.00837989518544612,0.10224750802222,0.00239227511022158,0.0780329490732911,0.0841797245206264,-760.221492515691
467,0.0489679580008241,0.125206476655338,0.00305277182797126,0.0125879072171296,0.106937543623898,0.00204970109992484,0.0776826931252753,0.0897976053147623,-760.365531136748
468,0.0476805948973339,0.121812642245096,0.00925450793112292,0.0020005064062945,0.101666264759653,0.000136593700059954,0.0665605304705313,0.112393064499705,-758.862698305076
469,0.059677792782062,0.153490793064866,0.00568017036631897,0.00314686050581382,0.104257065400736,0.003548461218044,0.0676321464473695,0.121271806376872,-759.966342257504
470,0.0771107064217091,0.109319618997122,0.00692160583035373,0.0179021988901746,0.0796270850902784,0.0091362576077065,0.0717988973452146,0.0694097942786717,-763.758941482569
471,0.0873824017904196,0.0990723514178482,0.00759988178639672,0.023488357801469,0.086404533546489,0.00966669099638258,0.0734262248008817,0.153881552139273,-764.871938758164
472,0.0796653198774484,0.118692856607534,0.0047390042656386,0.032492821329651,0.0819722792594434,0.00897300752387139,0.0966506729178776,0.109480592767351,-763.719848065058
473,0.0623650888700699,0.0572266573023323,0.00254617701373126,0.0263977427721002,0.0798745651518717,0.00181829389403626,0.0648275069781878,0.103737528002924,-761.26531232295
474,0.0541072718183055,0.0770558593844602,0.00539370689499262,0.0144990826444353,0.096092573249088,0.00573816481531897,0.0733553737825394,0.11128415267653,-759.355231258161
475,0.0475356140453321,0.0849767670604618,0.00762054720894612,0.0272412892695301,0.113417817644571,0.000667012419718843,0.086743047533035,0.102742634754348,-760.892493335449
476,0.0569468640525549,0.107381794518068,0.0130269396281325,0.00884830337956805,0.106936838492494,0.00103819029976977,0.0621215891205691,0.08487326819937,-759.577640112296
477,0.0479888219907594,0.121014631049925,0.0137481266210678,0.019626000020483,0.0869882149064235,0.0105626437246906,0.037875404254109,0.0782187018168366,-759.273532096733
478,0.0512278414236214,0.0844749472741861,0.0113269438029073,0.0339648523056092,0.0809437735625452,0.00685594883965906,0.0626622572238743,0.0839585497844238,-760.147441106745
479,0.0532077002529096,0.0919834996894291,0.01345134061894,0.0395020661513795,0.0936011423557755,0.00396450476671873,0.0417300026459344,0.0705813284021767,-760.466799351744
480,0.0611586562218677,0.0788691399376162,0.00740878655988636,0.0515139452235405,0.0899522454691535,0.0101809163139986,0.0418971749935312,0.0839149015672576,-763.229281108421
481,0.0363314136885271,0.0851102638822669,0.0176779571791434,0.0286967669620283,0.114680965861903,0.00301057467543235,0.0615784522373439,0.101335074692849,-760.799096156127
482,0.0476222042483049,0.125971781715472,0.0207276137247756,0.0208664120953108,0.127746799653864,0.00229884561866913,0.0557722428060823,0.0736076067935244,-762.885237137253
483,0.0457521659268991,0.115441848041497,0.00624248273504675,0.0201269034580748,0.0810616382132166,0.00137035382474142,0.0307914644367917,0.0828508325598091,-762.729801637678
484,0.0471909111981577,0.0810193474199914,0.0228108908478026,0.0191374003070478,0.0927425005873455,0.0011706501653479,0.0592407498334585,0.0788726760665916,-760.281570614752
485,0.0445421449846815,0.0884723173447543,0.0179228952200026,0.0187636013984408,0.0876800875801367,0.00853792636453272,0.0406662283163693,0.07599847480075,-758.557823346533
486,0.0369840755839713,0.100042867348155,0.0179696065944936,0.0114382202454093,0.080606297700633,0.0117110545867934,0.0330231897227144,0.0805655749782765,-760.327982409947
487,0.0381663183256545,0.126675340473061,0.0163057533910791,0.0194481121661106,0.0988389927775214,0.00394834900871321,0.0620392302286614,0.0936474306241584,-759.035329398432
488,0.0560158213396368,0.127396840856205,0.0169293800786886,0.019605537571444,0.095599185154787,0.00337547825401469,0.058061001270625,0.0989580570091487,-758.856451991821
489,0.0591481531518131,0.0920553863945951,0.00246264424274006,0.0190739857568143,0.104296526203521,0.00634233120635041,0.0583261864157289,0.10305857806911,-759.614297681612
490,0.0930432516780117,0.148240119852511,0.00065718670183863,0.0358027119051105,0.075875632092488,0.00820113930982813,0.0721292536829373,0.104995269430572,-766.400071254109
491,0.114447736471853,0.0930126045030177,0.00491831170481647,0.00935722973129648,0.0758350439933365,0.00767752242662589,0.0886061707067162,0.106230943667412,-763.629486561385
492,0.0265018047125742,0.100411322310612,0.0170016463929505,0.00912049291920648,0.096630287693183,0.00292430880036707,0.0483960441906993,0.100547990120745,-759.513998100674
493,0.0537575643410969,0.142725628837401,0.00616233224120032,0.0213200498980915,0.0847940034218573,0.00454444892027452,0.0579440618753696,0.0796724589617428,-761.430390621006
494,0.0712877120441881,0.0852231258028503,0.00498508663389098,0.0242395472872258,0.0942054549996114,0.0077961347515999,0.0526454662499691,0.102684535222822,-759.627012672093
495,0.0697247959323943,0.0867961471272254,0.0068258493162161,0.0267694512287663,0.0697339205747469,0.0106126575116856,0.0671585908690147,0.123512701290262,-761.340586208009
496,0.0716272465317207,0.0886833834840598,0.00661278672698052,0.0255180425381326,0.0789408414381795,0.00132044643723709,0.0781572036586705,0.111060122028229,-759.623542086194
497,0.0530373982563075,0.100581170988219,0.0105752038400322,0.0121664823265346,0.088092577407441,0.00752962083250051,0.077745989497899,0.111385355529167,-758.093032362228
498,0.0443500278243361,0.112278294491874,0.00257798830580714,0.0130288079463264,0.105859456712873,0.00328505648437358,0.0887640018827086,0.129789142804425,-759.601476785079
499,0.0581795011104004,0.110924067838778,0.00272628242760201,0.00453059295174009,0.102733708685701,0.00844267192501333,0.0919353668359974,0.112042818904458,-759.712766594775
500,0.0899974838529151,0.0961556684491047,0.0116448009410849,0.0220571272834296,0.0735508504446356,0.001615315525165,0.0614943958128724,0.0956386941524359,-761.378390207362
501,0.067626749807231,0.115647713682621,0.000575369164468934,0.00723118152449639,0.0701235706676443,0.0108004310166374,0.0678127651677677,0.131669663470542,-759.63696070936
502,0.0672797957369515,0.104475610942501,0.00490045523017795,0.0143887546461307,0.0913462558050641,0.00315822150292196,0.110811958205056,0.12987024506864,-759.260020892531
503,0.06731890534577,0.0934968577273654,0.00462861720178711,0.00490352262109483,0.0850170099334839,0.00308565507486164,0.130080667465025,0.187340173520574,-761.424040434524
504,0.0543926286272715,0.11782356048924,0.00178029378272164,0.00775092874989607,0.0891778114949107,0.00150086982275938,0.129188055504023,0.177769120821502,-760.219570136478
505,0.063464385810943,0.107874263724892,0.000593831981382526,0.00759067099357569,0.0847270993777663,0.00380279242850138,0.104863452277956,0.150513072029083,-758.104750390814
506,0.0801193396321899,0.127788983102265,0.00243049784527162,0.0135472837896453,0.111474581083831,0.00241573467413224,0.122325615221901,0.145717710770763,-761.454672380916
507,0.0829565348135429,0.134328077775755,0.000463551315594082,0.0145499119204618,0.0804371844984507,0.00230003194018245,0.0771290330271923,0.130376434797968,-760.027674848061
508,0.0646744622524384,0.11389222998815,0.00665663102730072,0.00405314739904827,0.0804786682659521,0.00398620685585108,0.0647806136770315,0.120056659848903,-757.943126107554
509,0.0596752678493096,0.106023161629709,0.0073833304723251,0.0171753226582409,0.0883108018784028,0.00324750947973052,0.0636842390502861,0.124380398282959,-758.593283414449
510,0.03917250731937,0.0839925866260455,0.00797162860087786,0.00482033563714141,0.0782155320345819,0.00833895106350711,0.0695343392043079,0.129410014936726,-760.32871211158
511,0.0464788190319035,0.115238734679491,0.00948599764038203,0.0013768463542659,0.0793438951584374,0.016871881372554,0.0682851134474664,0.103762792069362,-760.44950576521
512,0.0619969205645022,0.119801130113907,0.00208378058529722,0.0177093553752542,0.0865023239392032,0.00316435675815446,0.0733716474881226,0.107336044932449,-758.576693321874
513,0.0536217259258902,0.115971838160023,0.0204324069093,0.00807624082469593,0.0993280563712177,0.0022968829081033,0.0744522458277048,0.111532014231812,-758.976851001683
514,0.0331383909729382,0.0998616651811266,0.0117325956427098,0.0147800415679739,0.098613021213705,0.00374454389489563,0.073046299158158,0.127095301753481,-759.503747330472
515,0.0641231839008504,0.0874984523290345,0.0164216173138179,0.0269200541582985,0.0921571862008087,0.00418130441431173,0.0681404236480549,0.11639429774569,-759.970899960897
516,0.0309085931239045,0.0819488131974649,0.0102774810186885,0.00817141830031931,0.079495343768878,0.00599368782481264,0.0682484376813297,0.111421324951505,-760.054667108391
517,0.0538365561660238,0.10972904291358,0.0114645416006629,0.00539645380749552,0.0865198815669226,0.00318192668232518,0.0605234983810098,0.0860530726561407,-758.50923115909
518,0.0436787533218357,0.119202398328044,0.00519153586743913,0.00118970627157921,0.0846408759917985,0.0078458676865668,0.0491076025501777,0.0993596490724213,-759.951875309402
519,0.0626456521305201,0.131850292796438,0.00693182656815159,0.0146883067798063,0.0843553520583246,0.00523302126068125,0.0729823473778236,0.0880786486231679,-759.733700810948
520,0.0587235617730719,0.132033962656098,0.0128437761598402,0.00844716499821748,0.121743260152148,0.00686940375577921,0.0482757193620765,0.0797404250233059,-761.656905524736
521,0.0362334543669266,0.127521375481776,0.0138332889180951,0.0183256811070621,0.112805090617679,0.0077536500005115,0.0707637667134701,0.118038978324479,-762.067688423544
522,0.0646703519318331,0.0958849020180981,0.00527410565347241,0.0168720120775914,0.113500012568057,0.00621129758796292,0.100456749580379,0.138507275797725,-762.040755531537
523,0.0464258878730064,0.0855755850537512,0.00557784391614917,0.000245922728915368,0.0766361732694581,0.00823534853390048,0.063733774565557,0.10676987504604,-761.007562496267
524,0.11376292651858,0.0993512797972435,0.0118578609346388,0.00233352935318039,0.0781279832478397,0.00968115144545576,0.0762634468683389,0.112713778704969,-760.734642056599
525,0.106266581794985,0.10787898840749,0.0181516072586984,0.0017304293731528,0.0914784885246201,0.00634967815209857,0.0568549142822942,0.0712374475983828,-761.691441387117
526,0.0464104044607197,0.0846491512370225,0.0200196860229811,0.0332154901583778,0.0737783497292832,0.0108490973795399,0.0264620648226317,0.0571619960502748,-762.301932480895
527,0.0498895438435562,0.0761234951675382,0.0228204552979397,0.024255530614928,0.102481831198013,0.0058604759642806,0.029466896839621,0.0505101651536684,-764.318325456217
528,0.0285037848153671,0.0777138107493016,0.013817760384628,0.0250552068222166,0.0815351832386865,0.00364429032743198,0.0499738467782077,0.0655068130712038,-761.721941021543
529,0.0727215682275908,0.14947342637681,0.0132845459447218,0.01703986386811,0.105187208062456,0.00305685815735404,0.0365673583169455,0.0698345256727401,-762.507687917567
530,0.0573179925993486,0.158870362065552,0.025171885317907,0.0164849867236957,0.104441819810527,0.0108449659761361,0.0301221228079916,0.0856449989766253,-765.462710319025
531,0.0478939379771343,0.160424049527932,0.0181285122676198,0.00956096622055307,0.100138012639374,0.0090185895952032,0.0689149365929414,0.0774782153771229,-762.798730306006
532,0.0612866880055552,0.106748499818122,0.0163148436158975,0.034290715200993,0.101928209881649,0.00958258566617654,0.0367403001880046,0.075947139226965,-760.988068359637
533,0.0454079868664713,0.087042916142486,0.013616659264297,0.0286556956830025,0.100494921833869,0.00328054027226913,0.0372065458835692,0.0824776469165378,-759.32964420179
534,0.0450738545059608,0.107761936324165,0.0127357930787581,0.00686120046464235,0.108790154776067,0.00830396105104609,0.0579895211671387,0.100545830683973,-759.799446956509
535,0.0492786166927788,0.107329083567713,0.0145783208521305,0.00726349444205163,0.0648170238775885,0.00750241747800219,0.061939770046111,0.11632817147548,-760.323110257261
536,0.0537201447761627,0.0897283350853412,0.0142797523192126,0.0268186894128223,0.0917140286276515,0.000128987123948311,0.107320541153196,0.134853281654071,-761.413104449303
537,0.0815495723894481,0.106485411323279,0.0103202217896643,0.00518957613720928,0.105041243687508,0.00097191531591357,0.110087354445565,0.109302754805234,-762.618766334536
538,0.0448930383867696,0.108917174302237,0.0311541711986552,0.00201853876274761,0.0924181972436251,0.00902891767450521,0.0481769841617116,0.0908771758468685,-759.135294829269
539,0.0835582795039924,0.0799258382718391,0.0257010104036749,0.0110353253120597,0.0824016412051898,0.0171117066548209,0.0503041756512031,0.0909673962697142,-762.349731238901
540,0.0428924134063697,0.12439627219717,0.00763942630596232,0.0261495867089654,0.0989344668781055,0.0126266062955624,0.0528378888374996,0.0780351043119948,-761.468143215752
541,0.0623884022031649,0.0952971103505514,0.00222408432509622,0.0225582202811939,0.105268794378041,0.00846613280903843,0.0589435256814647,0.10650751482559,-760.554050882925
542,0.0660590704651482,0.0691827716529497,0.0116886451462596,0.0351539061710147,0.100119992761731,0.00729761663499404,0.0856707906092748,0.135761437603897,-764.521274599123
543,0.0636300557271322,0.0749188049417518,0.0042045098259831,0.027986666457431,0.105505008227658,0.00412032177453065,0.0856907869090794,0.114591548592206,-760.881276013935
544,0.0320022428248302,0.103870100970658,0.0093404036469363,0.0143031299264467,0.101693886354883,0.00393255788573613,0.0802205327146296,0.0980459075234345,-759.490630374396
545,0.0483702663321819,0.0909206965390003,0.00723383343722821,0.0148469403085834,0.0780322562891247,0.00471277887359694,0.0801808427236144,0.106753376534003,-758.85128547994
546,0.0516920998183567,0.0998495883673571,0.010450576066292,0.0212788749457348,0.0866291424166262,0.0054585725416216,0.0575900959561595,0.110368092240767,-758.239580527241
547,0.079146227347669,0.107431976576824,0.00932950216669017,0.0055994286623262,0.109775503045679,0.0042317509571006,0.0764238550580243,0.10452012838236,-760.827391118467
548,0.0542045297215166,0.174952762512661,0.00687921164845059,0.00351518910343398,0.121890826585029,0.00677240473196512,0.0775258703131772,0.113520549216089,-762.798387555647
549,0.0909464525211634,0.121065781206574,0.00771087596826746,0.0214141124920066,0.0955210652459016,0.00439240436644616,0.0853963150174781,0.123348201874013,-760.667873426954
550,0.0495374516363407,0.112083909033005,0.0160164082121699,0.0152612180721455,0.0871438113134508,0.000450657828720479,0.0827662506652228,0.130646409739076,-759.146762443844
551,0.0802878273216842,0.109234308771119,0.0170398256167844,0.00707179420655413,0.0899604344155032,0.0044698057639197,0.0860409391385829,0.118255696224412,-760.483523029022
552,0.0547650748624481,0.0773354343572169,0.0148697113034458,0.00836314833057613,0.0813938441834439,0.00494539724499817,0.0802081850128927,0.114802140846724,-760.644145769501
553,0.109118762879987,0.118953004402395,0.0205365762607988,0.00949958859339883,0.0807858725505235,0.00107028366341736,0.0815381240558296,0.14241383286506,-764.707551179658
554,0.0767167124603185,0.0888088974960779,0.0160224138424472,0.0225873825143003,0.0871905977185981,0.00178040480184865,0.111640862076044,0.144512809816507,-763.109835734187
555,0.0656821517487914,0.0938208232787894,0.00748298351018838,0.0121141945282252,0.100742574217503,0.00435169496334881,0.144962649438773,0.174885449126718,-763.767320281804
556,0.0508125379156214,0.0891373206806566,0.00248085677269332,0.0079717064360232,0.104902217640528,0.00320812653719337,0.103421240017138,0.194208427267243,-764.917969852231
557,0.0438770274488431,0.105969379602436,0.0102469689926782,0.0122957496668539,0.0828201938571114,0.000971200563086729,0.150277858407075,0.184149324638641,-763.802116235828
558,0.0726257566952896,0.111036641839449,0.0134423458123746,0.0145935483083666,0.0856303523672307,0.00256374514144812,0.162461061763956,0.160086563685933,-766.24909321809
559,0.0687347147443951,0.112019523081778,0.00616800977927247,0.00814403940546402,0.0933165292783103,0.000509915449837487,0.0952729274733141,0.169065573884049,-760.428413090672
560,0.0438406203832371,0.110305623960584,0.0067134242896528,0.00807188235845096,0.0763447034712438,0.0047041955157763,0.10534106333282,0.174472600687223,-761.230595998564
561,0.102564658676937,0.0470867973874792,0.00970011931746825,0.00349849010643266,0.0704212181548672,0.0110351200126659,0.0949389770869697,0.13288863758615,-764.459962004412
562,0.0844774919408672,0.0939446513656008,0.0197824216667765,0.00247146817327652,0.0933883800188964,0.0111331185921779,0.0738510589201264,0.132539392216443,-761.729237939177
563,0.103086808123774,0.0980179422305558,0.0268226585765966,0.00224651316596924,0.0971072158253201,0.00531686093814906,0.0862716138405915,0.0960682816703304,-761.039735546644
564,0.0869285531752573,0.0950331394695874,0.0251351474910574,0.00524533710651995,0.0917925264734063,0.00734226004019243,0.0816750707245875,0.0988033777314142,-760.191274698096
565,0.104051849645391,0.111107756107458,0.0167049067224323,0.00122156588950484,0.0750169329759991,0.00631093616429667,0.0480833679021805,0.0907564136307268,-760.77129294563
566,0.0727127700626562,0.0969758900602069,0.0362858745041422,0.0156529776463582,0.108925281857694,0.00225365626149109,0.0502437954696839,0.0921941053776066,-761.491294776008
567,0.0719827301151989,0.0923979186919077,0.0374924851614094,0.00126487015085945,0.0755033424595985,0.00498597648504768,0.0441919033993529,0.10106978549433,-760.3450294667
568,0.0653940980569042,0.0695526623102434,0.0220774048786426,0.00265552654443219,0.0901123950166226,0.00638604359014352,0.0508696555210162,0.0792108123040013,-759.188316905726
569,0.0599774713846821,0.0982504084548989,0.0299022499438613,0.00142617305749642,0.0898794352946636,0.0159567638298702,0.0425430529967133,0.0751343386464097,-760.488106786332
570,0.0746624263562498,0.0945779166067793,0.0335730036681737,0.0078264450629077,0.0904007709170076,0.00420443747654703,0.0646611932845711,0.108072583957487,-759.500862306892
571,0.0835533620980845,0.111137177313882,0.0442036965107055,0.0025211499464848,0.0815766672170873,0.00401960422408631,0.0743788758134777,0.10106810724008,-761.719931213799
572,0.0932464931715849,0.0755070069176212,0.0425500353043242,0.00962645809441363,0.0961624050843779,0.0100454881706448,0.0498348676271165,0.0885230105330579,-762.746208381598
573,0.0360836016399235,0.10514488195158,0.0397115234530284,0.000851974131783127,0.0825283828119118,0.00544409373086495,0.0605967528449607,0.0826077738595438,-760.246631483688
574,0.0956210947556159,0.102703498388877,0.0194885208594941,0.00681814167673352,0.0923173609305531,0.000729146353206128,0.0532741653951869,0.0857430050205629,-760.493114164175
575,0.0667926065031652,0.100603528684019,0.00861922973891783,0.0055893790308393,0.0915347597843976,0.00275162475881197,0.0655264909770181,0.0882722534880672,-759.477860052071
576,0.0577189991151306,0.0982849858624746,0.0202824249269717,0.000115272057902278,0.0887288071674186,0.00336665272518715,0.0687957401186442,0.0953956434198868,-757.559766459902
577,0.0748296696390841,0.0893578905677527,0.0258941513268458,0.00307521525249203,0.0956448558496827,0.00378947448992882,0.0756690774419627,0.101378138271648,-758.219216861567
578,0.0465413062539508,0.0859483257202474,0.0260292685629113,0.000668864807926363,0.0915995116204015,0.00358284384171435,0.046624049759238,0.0812184428534937,-757.995932390111
579,0.0669663751269789,0.0972670887005413,0.017025946333323,0.0027394198422032,0.091180784508401,0.00695244338677491,0.0660693999722411,0.0828330865674613,-759.348625467837
580,0.0605285890708493,0.126244861076394,0.0123799638809949,0.0227341310840767,0.099667512189616,0.00736625428489361,0.0785896153520436,0.0821336756761532,-761.620369979209
581,0.0800391671786726,0.12315247991591,0.00362607220380522,0.0127821697675514,0.11647212045525,0.0105417430184156,0.0668320274877566,0.0923012931962624,-761.88639393142
582,0.0697173720126522,0.119809278920934,0.00930258381194821,0.00474310489188048,0.0952526128494895,0.00426882038642122,0.0856602668101662,0.0964428080527518,-759.554913580605
583,0.0498840291995372,0.178060904199352,0.0134407708318445,0.00751897942336333,0.109320842139465,0.00624085346242265,0.0594784904908564,0.0962722902412858,-761.851247132891
584,0.0403959837422639,0.169511005665503,0.0151233073752787,0.00437067816940853,0.0830019051218106,0.011797207565344,0.0452393667955812,0.0695809351680029,-764.170952927196
585,0.0608715335645084,0.169438936498526,0.0142398643349138,0.00738755028782384,0.084445518356426,0.00835137608217876,0.047148967281882,0.0790241629023163,-761.753118808699
586,0.121987952379689,0.166934843444056,0.0199456712317934,0.0294361071094599,0.108456826943709,0.00633288754913587,0.0281325503278285,0.0656106267574403,-769.860259110488
587,0.120320531781743,0.0833775291468059,0.0322119013159557,0.0114186125657703,0.0795537111153943,0.00921880674292721,0.0284374943336736,0.0565281352774449,-766.039441782406
588,0.0194419923333844,0.0933957946384173,0.0134890178872027,0.016314262950095,0.104681960651051,0.00403359758052803,0.0412455186353997,0.0754444356607034,-761.343441987635
589,0.0604029604153577,0.109858270767708,0.00604750356802406,0.0142072134688081,0.0899997060569793,0.00738904437320332,0.0383152653817592,0.0793666506379871,-759.233543521908
590,0.0809549642528994,0.124403675514526,0.00674925089276304,0.0135319050696607,0.0891243722442038,0.0065438184623638,0.0501106397724164,0.0941545550969949,-758.849517613673
591,0.0709467497246113,0.0932103202912068,0.0095321075621792,0.00983633506152901,0.0823401995541457,0.00660865544548367,0.0638374919922832,0.0984742416631767,-758.795520627314
592,0.0457976966931402,0.132235022939973,0.00929139608685283,0.00217956458273456,0.0848378394801212,0.00583877318295588,0.0617178659189658,0.0846756640699936,-759.499711851213
593,0.0522648077329519,0.12776301414693,0.0124471415945785,0.00987375221924825,0.099342532494022,0.00708201760779337,0.0443034998757298,0.0700087979069662,-759.832192773748
594,0.0409205674166825,0.109153880118035,0.0242629372905593,0.0296489562727604,0.1081546856302,0.0021268601863501,0.045835674027079,0.0975414597172639,-761.574027472146
595,0.0523816433647384,0.100152526040724,0.00935178629256301,0.028262950659747,0.0998394782643932,0.00604908298370526,0.0561200001246282,0.103569348723532,-759.195261913353
596,0.0560839927882326,0.11894176764057,0.0121200343984615,0.00842927444405073,0.0751673189294789,0.00360820208964599,0.0702145729573856,0.114342701963676,-758.411609412283
597,0.0560246451981487,0.119164516598317,0.00766445661135708,0.00211851869640183,0.105920275219855,0.00441863715051798,0.0872921638865054,0.129216238988636,-758.896483380296
598,0.0374697809822878,0.136505232026434,0.0225472845361675,0.00475488136369508,0.103613104531938,0.0054127342309466,0.0879269260954629,0.101829716636625,-761.265478309632
599,0.0634389901205808,0.0910717122224668,0.0141109416075164,0.00245577337605193,0.11136792087724,0.0051594551061802,0.0749374606049867,0.104844802184023,-759.975265369458
600,0.0520846659065987,0.150232754593899,0.012853522888771,0.00749217301490708,0.098621446493074,0.00264255211780763,0.0996708326700546,0.139859830729974,-760.56689708722
601,0.0621679108727408,0.105239870658048,0.00190898580195344,0.0122511955316419,0.100806217794195,0.0109748571436623,0.10833156379556,0.10641909927298,-762.394758205313
602,0.0745202423784697,0.10394906615153,0.00780926107643503,0.0109582477624587,0.0992436399708172,0.0154041329828253,0.0821440323337303,0.0985933848789931,-762.325742959676
603,0.0410733894421964,0.137778456599678,0.00956498270055565,0.0107064206586096,0.105953669431723,0.00735523857891883,0.0505841383360748,0.0788245254870668,-759.972062935172
604,0.10020500877933,0.121542849392087,0.00258813072157435,0.0113851600176182,0.101544838982003,0.00560408958587464,0.0668569282838469,0.125592681073212,-761.473844472561
605,0.0448840639384371,0.0961991409408396,0.0120858642058325,0.0035432348468089,0.0697243009849799,0.0109037151743598,0.0536306095127581,0.0815625778288295,-761.355643269835
606,0.0976120495489714,0.135266998994044,0.0114044873793852,0.0218212119593268,0.085078307462696,0.00274669639845961,0.0474536586445645,0.0654373060303666,-764.001195213953
607,0.0852603879271724,0.0966453577809138,0.00721574666358027,0.0159945737094008,0.103168192612178,0.00835042806958102,0.0393354405337111,0.0726125912898905,-761.823425683401
608,0.0574164624046244,0.0856144183201597,0.00934258396880393,0.0278755284390744,0.108043060649779,0.00823167698389561,0.0539836918404998,0.0750842991589349,-760.386110026615
609,0.0794521108793068,0.115653356927794,0.0120493539060463,0.0364785714610821,0.0889112837982174,0.00250420815375429,0.0497019939511378,0.0920430706958155,-761.501562444926
610,0.05121832064849,0.105061260055272,0.011662591705378,0.0138145385669766,0.0863826009536426,0.0108436946090638,0.0469766283971826,0.0887208675864501,-758.298740020213
611,0.0415554517463471,0.10461039506335,0.00940506421239946,0.0227838434130013,0.0944201660153664,0.00556533197133394,0.0376763307946697,0.0834518780534753,-758.893109869844
612,0.0573827733055468,0.109538612586435,0.0171527718278563,0.0125164845699742,0.0937539330597624,0.0037930894607145,0.0639795621790781,0.104367871363269,-757.994461904171
613,0.0673960276797466,0.116353835239679,0.00138559038671144,0.00530240693132135,0.0761788890439409,0.013255977037378,0.0620273165696297,0.0941247577803922,-759.76951558948
614,0.0702353655092964,0.118337595728123,0.00835773188896293,0.0356881929382827,0.0806520276425642,0.00713017726380197,0.0644056318140026,0.112133282890356,-762.03428469195
615,0.0516728588638065,0.0967611303972966,0.0229015833535209,0.0321836371220507,0.0916910418246335,0.00182905116738438,0.0782319289293316,0.112641020125837,-760.961928962592
616,0.0441039632720149,0.0839486614416127,0.0067784769024407,0.0192920485357483,0.0969677681164121,0.00115306516543912,0.0782876802989315,0.113335815591039,-758.663651415832
617,0.041607144395657,0.134629987410694,0.00372456568682043,0.0112806435842916,0.0974058717283851,0.00161583608559909,0.0828944087733926,0.136304654850605,-760.231514174567
618,0.094224810584181,0.103885504428765,0.00372579821538844,0.00293525095264509,0.0893241192243339,0.00257201217678647,0.104804326173959,0.141999899293836,-760.57401207354
619,0.0612339252547655,0.125633537831642,0.00430793214374951,0.0103769326604628,0.0955434907449655,0.00979879394205281,0.0984070540427263,0.145535487263221,-760.51218804469
620,0.0750781712987664,0.0798225928351958,0.000457628319558575,0.0133264291605381,0.076504029418377,0.00271390018082048,0.083427187650389,0.13006282365824,-759.190620591225
621,0.0687291393345354,0.10340351502882,0.00585095536857746,0.020898181037822,0.0827664840533624,0.00257906705411236,0.0879964552849982,0.135678537907476,-759.269979330265
622,0.097372484665218,0.0997233243194216,0.00231111333414401,0.0051054544012976,0.0699248877433217,0.00758550806458984,0.10232664539707,0.14997634000271,-761.797364826044
623,0.0686884786733167,0.0930528314045071,0.00298033402982573,0.000197233664038982,0.0859306446116235,0.00594540056453565,0.0981156740089588,0.152025689193164,-759.913006405298
624,0.0530295647436506,0.140202065083974,0.00321719570274545,0.000662186609225689,0.0857369226108801,0.00424283106129044,0.102394926512005,0.145723460502889,-758.844008181951
625,0.0789131369109942,0.120421270494628,0.00292775605050727,0.00299102140243023,0.0640561784357669,0.0124171781707185,0.0664337074021591,0.103578248495455,-760.580221231213
626,0.0623382774759317,0.124619466633764,0.00327754656296854,0.0166525494240376,0.0886766964859645,0.00484126811397516,0.0663935376330725,0.11313836978286,-758.567552020879
627,0.063689198737299,0.120615724719651,0.00528782651343803,0.0170146993285507,0.0881204431601113,0.00782775559634371,0.0718610730436348,0.111206628276386,-758.459541973515
628,0.0663764787308265,0.132792941971499,0.00789796927476403,0.00337490080514862,0.085870151092283,0.0046486130328211,0.0914418775645228,0.135415843476082,-758.309410960008
629,0.0653046708569419,0.123561591645624,0.0052479734984018,0.00108567799795466,0.071754450264272,0.00719488540538348,0.0935256101662714,0.12725008665086,-759.104592639765
630,0.0839268256201374,0.157455154477133,0.00911365286767381,0.00793338808149515,0.113235220641194,0.00798486368613221,0.0833712899120419,0.105238920904918,-761.774266003404
631,0.062634590542603,0.125386681602686,0.00289549156412967,0.00483977602872116,0.0967738825853843,0.00564871736486954,0.0615018985279029,0.110717714687212,-758.569652640705
632,0.112950133466337,0.152901034123108,0.00615491275470066,0.0158635659698997,0.0778710296423935,0.0105776971601136,0.0597142589844476,0.113408769784313,-763.153942716361
633,0.0352771100928229,0.0780837123879305,0.00843676759613797,0.0233072972861924,0.0987674406403747,0.01646097671987,0.0922658258158551,0.121386438430012,-765.724290590522
634,0.0320488535255083,0.125083318053088,0.0119105269651102,0.0116371401498989,0.0848400647586131,0.0110771703721945,0.0703736651771113,0.096472680940325,-760.276325618432
635,0.0623568386515947,0.106825235523518,0.00339770408745759,0.0319014153265967,0.0967627997928451,0.0024844262813076,0.0675274255448196,0.120517215987615,-760.79146352432
636,0.0644281969336535,0.0919292671383247,0.0097173582754284,0.0297931134934441,0.0726335304932542,0.00744929305182093,0.0845602887378256,0.0868970394723808,-763.782528911173
637,0.0512734061216187,0.0537150017955524,0.0110622247571415,0.0194587248305953,0.0839177742600481,0.0172459286040852,0.0356932360828622,0.0811822020167444,-765.42127944002
638,0.0430868098662732,0.0696823167625185,0.00723028565568276,0.0407337721600835,0.0844378121291532,0.00630619214995174,0.056972530854889,0.0989982012434585,-761.134117323206
639,0.0379397402761389,0.0714806223950428,0.0507919871137612,0.00626225249325563,0.0944959622530622,0.00964200878896449,0.058427534850174,0.106480979220728,-762.35172741997
640,0.0488133180440351,0.0912671331001604,0.0309445046346485,0.00490388280393351,0.083152858390087,0.014112395292298,0.0745243606649254,0.100493720813323,-761.393361732496
641,0.0551422620809088,0.103199602264853,0.0173348498829,0.00651363064714961,0.0861422061834217,0.018490334747781,0.0557307398545535,0.0795982940050411,-762.822918771439
642,0.0470043057520232,0.123316568318525,0.0107657362073931,0.0193225110962279,0.0953995227340561,0.021350215208562,0.0650644504160485,0.115843388075883,-764.633087542303
643,0.0467407510858306,0.11616591050527,0.009642411547243,0.019271483989203,0.0852890404845615,0.0121401747287737,0.0628097289411591,0.133116361397253,-762.299796737771
644,0.0775249084624806,0.125682886091566,0.00876993744767454,0.000316053419267514,0.0556531573848904,0.0160277707398124,0.0922346503256956,0.137494603234844,-764.407139005304
645,0.054188873541826,0.120035904429809,0.0048060336210536,0.000832295926102003,0.0766815098920409,0.0163648777796385,0.0797554059457374,0.123671489161698,-760.002446511534
646,0.0685283205188917,0.153552742460146,0.000977088215878065,0.00321682634369895,0.0822124175549159,0.0126268132619755,0.108661813310235,0.109477809341227,-762.72768808162
647,0.0773669937084462,0.143009292110859,0.000238664397369132,0.00030341415385876,0.0761991698145885,0.00864688562689887,0.0923252359182167,0.10898731866339,-760.238905074151
648,0.0764692429052628,0.13083560844165,0.00294317926586248,0.0059954133562844,0.0931511544582276,0.0123978911665897,0.0665007826246007,0.101160274323813,-759.531866892906
649,0.0540780781244022,0.121372332283937,0.0013734089906343,0.0124616225994816,0.0768804560800877,0.0086406584452885,0.0658992879591604,0.0980540680619136,-759.687215299989
650,0.091481233354874,0.0947762619121192,0.00579518242203279,0.0364608338965654,0.105950052360083,0.00215915592518277,0.0589098880358044,0.108654763625637,-763.048773785127
651,0.0813551435914781,0.107726565359749,0.0118192820373069,0.0451910678316389,0.0861043040366393,0.00552514058822507,0.0524151210495738,0.0775134099217085,-763.089596739921
652,0.0543502151812136,0.0645073794253558,0.0103315041052241,0.0399979438282815,0.0931129895906509,0.00442218261565346,0.0325008980541005,0.0725316167689761,-761.89607383147
653,0.0613097887954164,0.111038426223488,0.0205113896753768,0.0227206486895357,0.095038875756301,0.0043390506048306,0.0510205169445667,0.0736134584599487,-759.665678562768
654,0.05984612463918,0.116574924864112,0.0216883221237363,0.0320520462778242,0.102206310412511,0.00216689795069739,0.0404376955389919,0.0778981382116005,-761.391313782003
655,0.062308454065053,0.109393541502791,0.0167936719024913,0.0313131401573118,0.0853444684877669,0.00854095138307487,0.037202870143624,0.0758697578748166,-759.987449348153
656,0.0582438486652952,0.103498772543412,0.0113846301805635,0.00986530373254558,0.0931321541160496,0.00554142560825848,0.0260127556861011,0.0864587054735171,-762.726587541226
657,0.0472376671437869,0.140711619214469,0.0172357755327927,0.0217314699443384,0.0991857911357899,0.00920677883561376,0.0218637972563701,0.081135228383681,-764.672354873377
658,0.0862134803120543,0.0880526167360828,0.00789113892342048,0.0239032893863848,0.0798805278412797,0.0124946858328254,0.0455808633649538,0.100893444558199,-761.462129884399
659,0.0737678894463969,0.0994899736199382,0.00635539692262297,0.00794429794767136,0.0753773668057761,0.0127337620325895,0.0482627720668443,0.0873491585252814,-760.421106442093
660,0.0680551504939988,0.132112936998508,0.0111523089050859,0.00914513263858458,0.089203114560735,0.00974869887395628,0.056317969473882,0.107042752630776,-759.072367029306
661,0.0661719513391164,0.10663675323769,0.000176862514662075,0.017005419089059,0.0721202600879322,0.0127006675732243,0.067720282230646,0.0929296612048744,-760.660130208645
662,0.0607519626594452,0.110117237094244,0.0177890084805962,0.027325144795959,0.0872480262930479,0.0110459062974588,0.0624955239364029,0.0966266164187526,-760.334113788447
663,0.0420534395248839,0.0869610108699694,0.0134157592006805,0.0118904283743084,0.069078651005754,0.000784014390946825,0.0352954705910453,0.0644585368745245,-763.9511048521
664,0.0363341232317491,0.103350225460247,0.0246209838426628,0.0187227164848058,0.088659813611115,0.015738316264429,0.0284246246617828,0.0894654035252736,-763.457302085345
665,0.0416869392711471,0.0969034753520246,0.0235918833211321,0.0195275135505269,0.0880672703302814,0.0134145405770033,0.0281023999630783,0.0876652999277646,-762.350185856729
666,0.0461697679392599,0.0996250731978582,0.00663780945259367,0.0145455821783212,0.0812610855357765,0.00990363338263703,0.0429280503595888,0.0921895151671114,-759.158427903796
667,0.0435430110669612,0.0753040701185104,0.0209800030882997,0.0233917403765468,0.098114573912554,0.00913889879719522,0.0401871366759348,0.0768843342687988,-760.110389973546
668,0.0525893667299395,0.0898787307772653,0.0227349221371577,0.0279247896413183,0.0983288292784724,0.00193513980978038,0.0600806372226522,0.111898061906773,-760.417044164974
669,0.0380264646370824,0.0773760248291417,0.0103414285361302,0.00849715704468899,0.0802777663392841,0.00196541252080732,0.0493188217524001,0.0848059014203576,-760.521317632506
670,0.0657030429643367,0.0948236085832316,0.0458280650123091,0.0149778525961427,0.0934728650962125,0.00925451405544083,0.0552216543522166,0.0790537949763224,-761.923245734253
671,0.0467515916865079,0.0950178071345838,0.0267999421535244,0.0122226016532535,0.0773377985278864,0.00486727078554396,0.0453186279787165,0.0701996917734485,-761.080905923528
672,0.0311705150703079,0.0963720305176633,0.00935876390170874,0.0145632112761602,0.089325063133074,0.00419407430280709,0.0358913071473655,0.0952029322214422,-760.628531406199
673,0.0582330445992202,0.0902864406734048,0.039333114905071,0.0168787998683525,0.0953017287038842,0.0068498729710862,0.0531172258608729,0.0855017634415318,-760.5495584198
674,0.0606581340308758,0.0593420159240272,0.0283662188132474,0.00659137762720872,0.0803090456115045,0.000873198353732687,0.0684399729601785,0.123280445957409,-760.441934253598
675,0.090458298006386,0.0853023986499234,0.0286260005282704,0.00799461513097079,0.0949944805779978,0.00178212138665223,0.0916679952359158,0.0972001069465995,-761.630522072096
676,0.0589426410096147,0.0698346322004257,0.0308604071334568,0.00414149757769585,0.101221435836535,0.00576075299848976,0.044996854676986,0.098349863274928,-760.219361064555
677,0.0508032291738869,0.0716252384139946,0.0252321687635979,0.0185166588675626,0.0709331054657384,0.0110575166605298,0.0473736216363492,0.0802144874595517,-762.206031738346
678,0.0691014368314889,0.101239704942355,0.00564667306218099,0.032153289346558,0.106712579457217,0.00204616240414949,0.0596781225086022,0.0833606030732257,-760.458331083546
679,0.0675834135040087,0.123208540482557,0.00938026695173684,0.0041286063559568,0.068762552951019,0.01544658598945,0.0719792372189065,0.112010317127143,-760.519541339436
680,0.0558188960500866,0.106460494335316,0.0221137901702017,0.0160892337365945,0.075480717282365,0.0108897521215998,0.0486555860786692,0.09430948411007,-759.965122868019
681,0.0570600084974264,0.112705578113599,0.00662899746608595,0.0141347714315215,0.0870783494577348,0.0039138465471115,0.0591269596781441,0.114138698763223,-758.001528717765
682,0.0439024073291062,0.106653402756861,0.0247260380910441,0.0193771250034256,0.091138660457882,0.00196078582722998,0.0737349464696333,0.107127352139946,-759.459887636385
683,0.0332566879507281,0.0766438007265142,0.00731714076730503,0.034909725636141,0.0724054880055724,0.00164039319807031,0.0723805508981957,0.100646707551918,-763.270705172526
684,0.0621897438699615,0.0813288004237669,0.00233904528967626,0.0121626353860797,0.0814755422243974,0.00823869558527597,0.0621652595901404,0.132121590124925,-760.49310606728
685,0.0418867523394162,0.116331424260304,0.00862435647519815,0.000746572282457564,0.0808447539931133,0.0089692393004449,0.0696302389912829,0.15779461597534,-761.827542448715
686,0.0522459560181448,0.115643184598751,0.0118781181036061,0.00280161441882916,0.0704746035228116,0.00440137695577692,0.12015175196905,0.186901735733895,-762.724080476519
687,0.0707761126694747,0.109405018499815,0.00678240588988616,0.00369396452167942,0.0853914023538665,0.00822261889497088,0.118998600614042,0.170976388037429,-761.265617232141
688,0.0512416178273659,0.110498342377058,0.0038766460234066,0.0153064152300368,0.0939154919249153,0.00814137236737442,0.146988221218832,0.172003669633931,-764.262867902909
689,0.0634207045022618,0.113040921140337,0.0009090566210674,0.0119222151844533,0.0888338664811827,8.46864775946466e-05,0.147145422778529,0.166338445586976,-761.170884513465
690,0.0595710850999632,0.137697444135507,0.000132047539971226,0.00831155686792839,0.106650496854436,0.00262593584562617,0.124650768124006,0.144123178269493,-760.635711695456
691,0.0788307747250593,0.14354577218056,0.000292787745382354,0.00447817697053269,0.0948046013100007,0.00258409696666635,0.103464239364973,0.128197208784325,-758.829452536054
692,0.0997468415508544,0.13593143668618,0.00027727603264691,0.0109967458768264,0.102715360998698,0.00521948652043169,0.0893626796505681,0.121514820088748,-760.228510601929
693,0.0491354119514547,0.130362416227122,0.0210240612504642,0.0208460435963543,0.116109019739825,0.00558546799584552,0.0706489177182405,0.119788151422291,-763.183329980479
694,0.053328017789965,0.113538488141681,0.0108769480440719,0.0129160770232283,0.086899800979167,0.00630286446681253,0.0721880380524649,0.102962939324874,-757.690416916203
695,0.0464339662284703,0.118223322951443,0.0140191110347118,0.015207785834553,0.0930523812541402,0.00367042128158415,0.0793679965889562,0.112307579408998,-758.26592954661
696,0.0470532963600078,0.110718155019075,0.0133544200357265,0.0129058972039727,0.0877867332564934,0.00273426630740122,0.0478032589760072,0.110933089342277,-759.015502346729
697,0.0566304734916024,0.116967817570161,0.0170731328165467,0.0135277104188641,0.0948783534389268,0.00379447486656911,0.0702486433516257,0.113399539671934,-758.401353726487
698,0.056192987161684,0.123694275694292,0.0066904436820175,0.00237487383748164,0.0954107366095131,0.00275406495325159,0.0820166778511152,0.106818810798913,-757.978603856077
699,0.0527643440022626,0.120308436652258,0.00764872512349104,0.0320039424485868,0.0863921752261102,0.00164986470993251,0.107683608478286,0.169238411975341,-765.482177886732
700,0.0562043256072475,0.111655579057431,0.00473394716553188,0.00672433971428384,0.0851528806395831,0.00236801171720923,0.0817584772562838,0.142338907624867,-757.960671225759
701,0.0712105524067229,0.112296984306541,0.0128144331222677,0.00875168276305447,0.0863854335460323,0.00640780917879848,0.0793269370543324,0.149519711189318,-761.020417856663
702,0.0509916004646105,0.128919326538646,0.00480525995488492,0.00165804564988609,0.0806853717423975,0.000274058846124083,0.110938936927798,0.148217227071761,-759.229384116138
703,0.05432427378941,0.136488193360621,0.00497279701566889,0.00423559307083528,0.107767057142575,0.00362478703628105,0.102579895362194,0.128552640922924,-759.150956098529
704,0.0482182161777833,0.102675512510127,0.00898272840253411,0.014962817392226,0.094232988926709,0.000934241728226019,0.0796019570490573,0.114157110482942,-757.724749797613
705,0.0497995050934183,0.0949063735055262,0.0107064276381459,0.0185504033217417,0.0823898989871548,0.00528861538249365,0.0678378238158754,0.106369284989867,-757.855520696029
706,0.0463172657565847,0.0883678642785605,0.00767484384445542,0.0255022932093778,0.0842000719772523,0.00515463586852589,0.0457195672185368,0.102669837018503,-759.177360885013
707,0.0468306476357633,0.0873653952105695,0.012726290087424,0.0216369394850966,0.099224186422231,0.00778854238798983,0.0683503964961428,0.0958219162915925,-759.004418224617
708,0.0528855043933848,0.107554146736644,0.0118825523916149,0.026012160351564,0.0835553102955866,0.000927985319645166,0.055755059886659,0.09624934870778,-759.096238180157
709,0.0562556072203782,0.11644946864689,0.00678801018877532,0.00284130366691303,0.0952146243875476,0.00536435673105223,0.0562960087897419,0.104409093103035,-758.512438453723
710,0.0518293332517132,0.0919659595910504,0.0435453091364834,0.00678672657368288,0.103616153247457,0.00461345814901728,0.0801921477177857,0.11159549888127,-761.076545876185
711,0.0511908079363086,0.0796742855013324,0.0355009803696981,0.00659237102733163,0.0978632124060475,0.00413685481734606,0.0601213920670512,0.0849866668046319,-758.676910798404
712,0.0582113925255877,0.0815480409696649,0.0451371360086552,0.0073292555929788,0.113564101187098,0.00183584703932505,0.0612924481589151,0.0983758394837635,-761.029871733623
713,0.065697069449978,0.126531715112101,0.000855565960869305,0.00781814740394181,0.0793683881461913,0.0128720976424745,0.0738403386119205,0.13119323580486,-759.726498921552
714,0.0739961365071502,0.132424480785111,0.00342102505928537,0.00595755066446532,0.0721879918257995,0.0104492345650241,0.0607016330169032,0.0925222339621878,-759.917879772687
715,0.0719342395724878,0.134128987205548,0.00470139551437016,0.00835308177209844,0.0891477816474996,0.00903165864644764,0.0694625226772639,0.141293265573004,-760.960638742389
716,0.0683350077423413,0.131993191121553,0.0111996973161184,0.0213857809483368,0.0864618854503513,0.0123042016835739,0.0983737935456019,0.0910208261212144,-765.073130525842
717,0.0544874271166356,0.168460137771097,0.00732764518148638,0.0169659447531074,0.0893267790334905,0.0149126012250012,0.110840103888122,0.128170246600062,-767.073622652479
718,0.0768971380725628,0.0815406248182813,0.000992456571588328,0.0191699354002355,0.0826276935280403,0.015741097801487,0.0935160883667756,0.129348822639579,-762.312092881852
719,0.0698409364901761,0.12501903353566,0.00410912070362026,0.0139355058592451,0.0767397104961053,0.00885217957900157,0.0935171373479866,0.113147367700181,-760.245930402679
720,0.0849496758468006,0.117275465869057,0.0114763568658369,0.0144519598456229,0.106348456791233,0.00446445572364929,0.0931792840821803,0.12979596838777,-761.406934351768
721,0.066411114116175,0.104622966989528,0.0143959842656802,0.0093215912038749,0.0573037979107022,0.0131265581720408,0.0835421370369469,0.111085259878623,-764.467068977119
722,0.0562476824465714,0.110099321383103,0.0013796761900863,0.00892217026067473,0.118342650180041,0.00935089959722364,0.0681780222867688,0.111070884646362,-762.451799679145
723,0.071772427611108,0.127209495998913,0.000453251556582358,0.0100479730922929,0.0957411965889838,0.00204399915674801,0.0661411973717813,0.126077940086379,-759.493974600954
724,0.0717899622154442,0.0804520617575398,0.00112661734343212,0.0322740182415175,0.0814792193233228,0.00392483247828466,0.0888615389753681,0.156507771236275,-762.416899053467
725,0.0852948568899703,0.0873358902083116,0.000856584320281998,0.0112714950605877,0.0928382387352058,0.00633821025637391,0.0973721543611184,0.145274306058711,-760.688919674251
726,0.0406384605099451,0.104626443731657,0.0163305534294583,0.00475386044315524,0.0913540427920499,0.00229272486137715,0.104249778006108,0.138362029216571,-759.465282856467
727,0.0441977726217846,0.0965288600994433,0.00757647874571547,0.00959331177623872,0.0915625347259913,0.00158622920588879,0.0887789706206787,0.139818371963227,-758.405693266452
728,0.0433641589093304,0.111160199413399,0.0169860282245537,0.0133675845767521,0.068487143099962,0.0050750407919671,0.0898962906871064,0.117994939441355,-761.841398473487
729,0.0547072759199235,0.0967005348293668,0.00795114505535172,0.0189411345946888,0.119161251496563,0.0029442670020539,0.075617245557121,0.126411847858667,-761.458090900682
730,0.0615170329313936,0.123813066226291,0.00749006584325637,0.0177204952706265,0.11223812995525,0.0014896145356224,0.0813167082352899,0.110788757266081,-759.340111055885
731,0.0699545355945569,0.110554320928651,0.00802852798245348,0.0156086315315058,0.0661041895474411,0.00275480557938931,0.0621953501597507,0.1167426174761,-760.689148746807
732,0.0630363552706538,0.0987892134009231,0.0193517594968974,0.0363600580305191,0.110527538992674,0.00716220574882751,0.0954282902671,0.0918480328874698,-765.749044160765
733,0.0463620474808938,0.0923030376112688,0.00839614068108453,0.0327208082816842,0.140756322796941,0.00311702121679556,0.0573436939112846,0.080606821302009,-764.610925811071
734,0.0327384595012275,0.138335692009261,0.0182579930638982,0.00309728159702477,0.131964895814265,0.00345659776059023,0.0531350510462949,0.0869633195123257,-764.148342277608
735,0.0939244381988247,0.121112719917075,0.0338868679357283,0.00593299435416813,0.132596544963791,0.00602792064558927,0.0768107301481097,0.118018216581835,-767.176293574792
736,0.0462375219078797,0.0734513684935125,0.0195003832944707,0.00319206631509925,0.083746174998441,0.00400435996352565,0.0662012107599246,0.108987737800047,-759.205555444839
737,0.100358204492078,0.0563517960892133,0.0150612626826852,0.000888208395519291,0.0816973951038454,0.00533118374940655,0.0688343046696214,0.092743702605578,-761.532466879912
738,0.104132609725867,0.113598675315534,0.0216349379329285,0.0059788896762726,0.101407394565345,0.00232487289750992,0.114474900318035,0.151375188776641,-764.084430421874
739,0.0401292785547307,0.123321925707738,0.0356454727923996,0.00439933708598504,0.10744550142017,0.00304209648406249,0.106961531312865,0.105092243088525,-763.874986245167
740,0.101162238680346,0.0848021387978014,0.00964626604369642,0.000545348661414187,0.0912935562874131,0.0018399982198167,0.0778343423470671,0.10642725214977,-759.086116283064
741,0.0875377269047354,0.0810072037952143,0.0101871327724259,0.00199731912626953,0.0761951485371317,0.00298635213411455,0.0699076370067082,0.119088941220532,-759.292863659272
742,0.0820722003356744,0.118983396891359,0.0108786225499934,0.0135296452896906,0.0958317964240777,0.00582593533771412,0.0926542401417051,0.121981147553812,-760.045130187246
743,0.0609962092223203,0.0798744809297431,0.0154750504271493,0.0188391747733963,0.0981343158152859,0.00406595300271796,0.058342253494905,0.139817101091709,-764.258697892399
744,0.0361441607679785,0.0916719943339361,0.0102794721306573,0.00496240628578236,0.0535573414644761,0.0111984948183715,0.0683556469672319,0.147867122244068,-766.072777079143
745,0.0585424587784804,0.100468420232057,0.00655598502429353,0.00406709989794669,0.0935471299127182,0.0141426334466652,0.0715023242694348,0.147273824074164,-763.116944697121
746,0.0704182996507663,0.144363116411947,0.00504096798532349,0.0137727458449259,0.0862753624682658,0.0107003657286248,0.123626520195722,0.133465407473833,-763.495989603027
747,0.0888074358784828,0.122322820278424,0.00116050653273908,0.00276715740928022,0.0973985763502596,0.00138965986831604,0.0837004766723998,0.141121326149431,-759.559266652098
748,0.0391687463499047,0.0957386697864604,0.00937881270584484,0.0134432444219113,0.0918185212959716,0.000300748250512229,0.0868275908043398,0.135341429539711,-758.804591889978
749,0.0570511272445538,0.134963029502223,0.000606707500195952,0.0287317592151906,0.101989355150019,0.00349895732317806,0.0964680159923745,0.123746394314889,-763.603330426406
750,0.0597013656397254,0.129507139810403,0.0102738789394425,0.00476448168944366,0.104711425537016,0.00937498266930563,0.0985442727559147,0.127165961779739,-760.461511431065
751,0.073996328325383,0.112764512879785,0.012940066310126,0.000161569617774305,0.078341421197134,0.00464836365583632,0.0617596243881157,0.107272994409022,-759.581268762709
752,0.0552057520026159,0.0909516576928793,0.01588477757684,0.0185541934750677,0.0988498513390853,0.00772315041880953,0.0607473373244881,0.0946685939675954,-758.826338627003
753,0.0368563995795505,0.0860045653896741,0.0102190280507632,0.0234853862714157,0.0887441809205716,0.000720612684111055,0.0558712047877499,0.121360510981107,-760.2967581971
754,0.0486273829764932,0.0947995305915901,0.0259072421142241,0.0101242555399324,0.0893062205815895,0.00473477908252531,0.0531271534543872,0.0965959676353094,-759.375145074769
755,0.0360284146394856,0.0947315069223001,0.0310446513816881,0.0465320592417331,0.0927161188715377,0.00259483674574439,0.0504456123251566,0.0926440944870853,-763.174586131418
756,0.0350054392184803,0.0870856859859221,0.0287515935161561,0.0296015052632306,0.0857002055729419,0.00784312320128506,0.0517290893819659,0.0913516652644895,-760.358536770766
757,0.0461131734411655,0.0874582276165082,0.00815106402990125,0.016778898557697,0.0817002655978064,0.00852142886033459,0.0457560730803081,0.0919633496982496,-758.606280382333
758,0.0504058364770759,0.10121686310644,0.00889527520206637,0.0265549639427103,0.0809752487367485,0.00966529989227012,0.0328929168530542,0.0545010523449411,-762.230343362477
759,0.0854184805404622,0.0902494242252921,0.00761517302302129,0.0312426063665401,0.0994053010819861,0.00499746382377841,0.0299942064755825,0.0731743606703259,-762.633809735465
760,0.083982350044715,0.109510969828179,0.00993450187857587,0.0240797278905743,0.0806682345609911,0.00541304731628815,0.0402966333587378,0.0872297082151185,-760.133382576611
761,0.0869388428081214,0.122641591076552,0.0109662388699402,0.0234949147190163,0.0814397405901352,0.00503163809921081,0.0707654026607738,0.0862436206167583,-761.390304542644
762,0.0509229569081796,0.0870938173935141,0.0214717296706961,0.0405613420125602,0.0907313604525971,0.00455646876672683,0.0611657297391468,0.0765991420578476,-761.778744637915
763,0.0404742214206438,0.0968886456682029,0.00532997194012801,0.00861601062120024,0.0948401377647198,0.0115221006255203,0.0455605165337698,0.0774356823414916,-761.497186002794
764,0.0482819150324446,0.117233015914913,0.0134426627662315,0.0228530928786214,0.0962798609225955,0.000191645585017107,0.051165000992331,0.0921691738465401,-759.505349861048
765,0.0466383978541534,0.118877718148865,0.0178706552113674,0.000884865954437645,0.107624310959242,0.00827007736076051,0.0668773908575757,0.0939980368604659,-759.988014914387
766,0.0681501366014122,0.093596203742737,0.032626579844828,0.000129271853164928,0.066290177424278,0.00911035706241575,0.0338555330320214,0.0738915907462615,-761.967055119287
767,0.0659390143478989,0.100206707095471,0.0397350445168406,0.0311159674552983,0.0652441689074039,0.00610594965950187,0.0554510346927244,0.101439623855666,-766.111478453266
768,0.0682911370347742,0.0540572732553691,0.0422862047538062,0.0194819384961897,0.0733687998811602,0.0113200743008513,0.0582906370599323,0.0779940949495476,-764.049562188736
769,0.0454808386251563,0.109501107387609,0.0140936075707008,0.0115449095037139,0.0816209786342063,0.00567538459139753,0.0407510417539424,0.0850018407078179,-758.395279491779
770,0.0462479283576225,0.105031798318967,0.00955065608527274,0.0208115328454739,0.0821560939612539,0.00800425206708119,0.044414523051074,0.0874823037728055,-758.385118190237
771,0.0472687260837957,0.0790224851406591,0.0193973918846976,0.0272763176527108,0.0906545439089028,0.00394953420257678,0.0562739501144215,0.0903881519041827,-758.71453282913
772,0.0813105148659134,0.0869749421922611,0.0186418246583271,0.0335411152671425,0.0829094121005789,0.00671237320310877,0.080835096682099,0.126757216940194,-763.676645292689
773,0.035351712182817,0.0742659267238764,0.00584779692377475,0.0180339940926713,0.0715964543296588,0.00148065655193158,0.0634231861801247,0.116154250891182,-761.311984365592
774,0.0486467982570752,0.0999177726960281,0.0163175200068739,0.0284748223573685,0.0940452425466906,0.00939945985768781,0.0686790550676682,0.0901045683032639,-760.090651917012
775,0.0323591500350251,0.116137147551855,0.00464639942216803,0.0306251056312708,0.104927402050533,0.00149067689617732,0.0776563730667627,0.0996280862147764,-762.469680951985
776,0.0870010687957326,0.118376513640621,0.00157660860093247,0.00204032423189138,0.0881254721432687,0.0025974667222075,0.0720340042798936,0.128548268368182,-759.05896001365
777,0.063499951102837,0.113944868549353,0.00603086103670099,0.00617076200610019,0.0816663216959146,0.00480906297078872,0.0648681311799121,0.127944698102843,-758.286529245048
778,0.054895941171203,0.0918200125233344,0.0143783375839516,0.0146726773583308,0.0754740294564957,0.00314889261134949,0.0830319194787374,0.111542856031616,-759.575991074348
779,0.0328071876064014,0.109600712886946,0.0129705436350967,0.0134800762111334,0.109352611031923,0.00812035423522341,0.0785553043706259,0.111372026480857,-760.51510112251
780,0.0417281719186491,0.139421708060518,0.0162514272430863,0.00248468640118269,0.102628833186099,0.00495579354919869,0.0697476763528289,0.117553179959252,-759.464243990054
781,0.0501019268921271,0.129160112094267,0.00999779290018945,0.00469959366367429,0.115085603164564,0.00116055690536196,0.112456041958678,0.112988240853088,-760.899341666546
782,0.0686137154053436,0.133318638534086,0.00112806534738379,0.003051720438362,0.124823865580403,0.00394992660375587,0.0698693342468794,0.105830509646925,-762.634072826177
783,0.0751437108528965,0.134253331462076,0.0164377188977493,0.00602081068807838,0.129540987195148,0.00659031190393099,0.0698573458109471,0.0836470340981565,-764.310529645941
784,0.0618303020397317,0.172850901633815,0.0316066415832709,0.00398503148903142,0.122379027560921,0.000742384727259957,0.0569277586319877,0.0948735504789049,-766.125017507241
785,0.0897044211158828,0.0786543931716316,0.013194103363589,0.000131001044827617,0.125175785055666,0.00277098563373677,0.107284365348573,0.121560735994987,-763.264204587913
786,0.0914461526215979,0.161829225990382,0.0240976511914061,0.000150809817601703,0.12627922624106,0.00269926719187255,0.115997069864708,0.11338064323986,-765.898291795026
787,0.0755533991255526,0.0855213431144349,0.0218589185619725,0.00199946158297166,0.0866854918540027,0.00287666172511101,0.0913403472900544,0.103065406950828,-759.385522150856
788,0.11339131962805,0.123935381131948,0.0303332232698993,0.000947493353760771,0.109822984967564,0.00257360794368931,0.085376596224055,0.119526217743485,-762.88527008318
789,0.0799870949581898,0.115242967740817,0.0354868784344732,0.00116928223928051,0.0950786250742909,0.0039430731170148,0.0944491424138219,0.0882282949095415,-762.946252381584
790,0.0394109769431569,0.09160823172121,0.036951527750305,0.000567527897406766,0.132688577047042,0.00422232701550629,0.100839857983517,0.123550612956655,-764.578035920643
791,0.077289716972813,0.14217379690987,0.0255785021745947,0.000308308260808216,0.121346556039626,0.00223946686446159,0.0749658335641803,0.104050161034728,-761.342127545382
792,0.104780242254401,0.0998103457754422,0.0208287320501769,0.00795803042252752,0.1178680067848,0.00167130071388499,0.0738246817818012,0.0962458316633823,-762.205021118416
793,0.0385594826688034,0.1041235442819,0.0296244378937326,0.00350361153459398,0.113485673548622,7.65698225369032e-05,0.0660537051241664,0.104084695699564,-760.013783606089
794,0.0662245415017764,0.113004316568467,0.029354478712943,0.00598118313614187,0.107678300384598,0.0099576507807407,0.0580996615106595,0.0727704815375746,-761.57137840413
795,0.045247997569297,0.100283493173161,0.0192571241014511,0.00289550914708863,0.0872498639640954,0.00520990295682445,0.0421095710321365,0.0737896656100381,-760.184151779968
796,0.0896854094706411,0.101480313264031,0.0442204455054631,0.0131782528158993,0.0975411777965095,0.00403841034231843,0.0617587048767791,0.0913514915562605,-762.304873680413
797,0.0507113093206318,0.057484949647746,0.0205032581831756,0.00727136038205046,0.0799102880372679,0.00175811877352358,0.0508361309322156,0.0673753783283107,-762.774215263919
798,0.075543661440825,0.0693276687854051,0.0342230794889862,0.0119645938732546,0.104884096151983,0.00521269615082516,0.0363660826773638,0.0700793846959226,-761.155555256886
799,0.0552839737521844,0.0840450217964509,0.0236856508972388,0.0265314326712753,0.0783374912801973,0.0086220735186492,0.0430451753724616,0.0639323093081752,-761.209026548259
800,0.0388807284658403,0.0905131126792542,0.0220320972919324,0.00354495475997076,0.0996292091208419,0.0105481871622376,0.0373170373858464,0.0855333891570069,-761.30443728953
801,0.0488291640680202,0.0864463195037157,0.036540179648203,0.00228944947322329,0.0975691651624969,0.00570996057636885,0.0508259397779153,0.0915709352340401,-758.27982820922
802,0.0659361515221826,0.0987116834991352,0.0270012594366747,0.00507712339916485,0.100457230860431,0.000726381064744306,0.056115338843297,0.0931431590939628,-758.65028116133
803,0.0717238741612111,0.101638148023293,0.0352958640572475,0.00370260931394913,0.0955008079581545,0.00740209377960969,0.0504811294168463,0.119350795802876,-762.403078456207
804,0.0397967743568733,0.0709661109664428,0.0412834807933363,0.00345757381384889,0.0888581973366531,0.000821925690979063,0.0889972950339859,0.132890756258779,-761.273092885334
805,0.0914236989595831,0.0821761900590002,0.0155026568176274,0.00111914379479757,0.0751385646256727,0.00909606069353131,0.090404357743892,0.137396152031014,-760.550191865785
806,0.0957057300471915,0.0812482481737576,0.0105498857740824,0.00086214048314247,0.0809371781245474,0.00744278035869751,0.0890165681602117,0.119256003797065,-759.631892031373
807,0.0690083290229953,0.151147220846787,0.00332739841788515,0.0100736619459855,0.109285160385456,0.00355348495230376,0.083640548027296,0.103058430836117,-760.087208439883
808,0.0541460497317075,0.116595264017473,0.0198520701278166,0.0152752982995595,0.107916305728752,0.00142521669093382,0.0819015914683621,0.126462646059053,-760.516808408441
809,0.0521768907978925,0.0951395516710198,0.0182345492101362,0.00444713382798688,0.103940782840828,0.00639680723230147,0.0886448248225733,0.110107546488857,-760.505812900067
810,0.0878736701730519,0.0592625002329038,0.0152717297485922,0.000598986359341139,0.0843421442439869,0.00990110967910443,0.0544583488399861,0.108837565626343,-761.861454900685
811,0.0718482441066741,0.15656390297777,0.00268401532084344,0.00922366728067716,0.091378305062288,0.00190556824531003,0.112606636998466,0.134221583999399,-760.907407449717
812,0.0844853070265201,0.156784256276129,0.0024530418851686,0.00722592542357227,0.122976761986896,0.00218141075876326,0.106109710245303,0.11589257729201,-762.317486884928
813,0.0621940538454994,0.150372468432955,0.00596270180443708,0.0108208096332437,0.0868376618884607,0.00272680747928254,0.0734223935904193,0.119053387753514,-759.600782930203
814,0.0714912252741771,0.1471052719747,0.0380514605121146,0.00980572237965856,0.112796400174232,0.00456888875575905,0.0954943479598765,0.107443198297707,-766.36614715171
815,0.0474078751321754,0.127484091857572,0.0411712580889482,0.0176052298466435,0.0824790147603598,0.00487801219780923,0.0993967642727361,0.13162852401732,-766.83782135301
816,0.0587641068092307,0.108886217186229,0.0155414499952402,0.00900531438197608,0.0969176908769597,0.00492566113406529,0.102342705290549,0.134364272715416,-760.084421648177
817,0.0287990231768124,0.106455376443308,0.0242323106379215,0.0307003836053319,0.0972809078478311,0.00695577892632298,0.0982168172212646,0.114383059033654,-764.848648654725
818,0.0570265963483177,0.0700976274061549,0.00664838342613858,0.0207992630095335,0.105047867410666,0.0014309382214369,0.064739056612782,0.108762276034222,-760.281697464222
819,0.0609123484532345,0.12557843380083,0.0101218218068311,0.0127000725276908,0.0906225140343302,0.00981961095893596,0.053471142125757,0.0811565703649704,-758.755158444157
820,0.060106052462321,0.0954977418235846,0.0117173341017726,0.0165386450301991,0.0953074726096293,0.00316242544598884,0.0549450335512488,0.0907424148687386,-757.724775256983
821,0.049277087979192,0.097496995017085,0.00585221544534506,0.014153400924532,0.0894175490964368,0.00395330010333784,0.0550586751716881,0.089478319443468,-757.857423819249
822,0.0609383246255797,0.113064944328175,0.00732045756938413,0.0153422848189654,0.0894065024504622,0.00567434786635789,0.0686719579721021,0.0978436935734677,-757.65447070539
823,0.0608805785826377,0.102047772678689,0.00705290844639635,0.0169165120644714,0.0775128269749969,0.00543819608799895,0.0707721177305937,0.100730843688814,-758.294712160963
824,0.0677944603691272,0.135928618222085,0.00883529630845488,0.00505927271730564,0.0895656394274917,0.00487457219983996,0.0711615599428798,0.0997081787795723,-758.142868194057
825,0.0432852018523867,0.132561266892847,0.0142628958964323,0.00546395661490963,0.0873961251313682,0.00656999198151594,0.0649347411068754,0.0894614397438532,-758.722498517497
826,0.0600048429839424,0.120809354437558,0.000589581852131683,0.0306480000095723,0.0915314085314276,0.00372837546940801,0.0511150170197853,0.0828539997574387,-762.405861063173
827,0.0651598010248921,0.0598351526135771,0.0397917560702637,0.0161955852485555,0.0862677724213191,0.00558900318393482,0.046936965903437,0.0894835926449214,-760.362191355434
828,0.0865081172022532,0.0765039055101649,0.0180389398070223,0.0335278190098884,0.0823115691736392,0.0233463554705892,0.077726778130875,0.110160130579888,-769.257385463533
829,0.0646888560294323,0.100668641441674,0.00818795934415299,0.0248116831021528,0.0967905257576837,0.0072888015875198,0.0794144227717057,0.110631358780321,-759.429724190819
830,0.0860427473397699,0.125939231977777,0.00171318325090975,0.0253958306402577,0.125816506544079,0.00796735494843248,0.081243391020307,0.10217838105849,-764.44277458309
831,0.0410102226847395,0.0913733088966659,0.018344863988605,0.0104588010766002,0.0996058850209764,0.00624962290291597,0.0681066512842587,0.0794187416644808,-760.977162214327
832,0.0416522121928744,0.0981707590200079,0.0190780015630139,0.0228544188280818,0.0890431013723842,0.00228116918199222,0.0358571634247497,0.0731794719820734,-759.271996440209
833,0.0306760538832408,0.0823504056681482,0.0179360295631847,0.0285718862275538,0.093590948996173,0.00885888600947372,0.0512116034308306,0.0953356901240967,-760.106186565068
834,0.0321014395188581,0.101376085259597,0.0266508502992654,0.0115593867695828,0.0866074767019896,0.00425015336723745,0.0526426360559586,0.0662690867043414,-761.977269448575
835,0.0603758693601109,0.0927642086121877,0.00978181279634341,0.0239716228762429,0.0955489270387677,0.00829604174714748,0.030025609307814,0.0927585359651529,-761.698203538719
836,0.0495093266243096,0.115670666161621,0.0163698386683349,0.0153579445773086,0.096959279550928,0.00808399319919983,0.042668706369378,0.0888543053025929,-758.709776676254
837,0.0351644224225319,0.129124267720548,0.0319987616786296,0.0145376985079895,0.100248508572792,0.0124159417753216,0.0737330812698357,0.0706737787813213,-767.499288017689
838,0.026967744101223,0.0641940755890139,0.0397556436782239,0.00550917942595426,0.0707398125537243,0.00486771834596128,0.0466302323775247,0.107289108719646,-763.809864058506
839,0.0910382275428657,0.092031066777158,0.0506678004763762,0.00556946239382101,0.101914058929238,0.000267077253804955,0.0952772170487523,0.154473333074113,-767.177770024869
840,0.0877033570643443,0.0819166043657589,0.00308792505433789,0.0241707896296394,0.0994195034334648,0.00175214092463575,0.107067576266657,0.155995208012044,-762.865377061312
841,0.104413564473317,0.120609150021553,0.00460917895908328,0.0119604466060987,0.0972042843725373,0.000226583794486234,0.118508296642667,0.154267850252121,-762.216878439738
842,0.0880804953754343,0.0968408591505417,0.00322965719018539,0.010121734558113,0.106242544856444,0.00127242414440589,0.12920629785387,0.145100118421445,-761.973100341246
843,0.0364355911946746,0.132793390421972,0.0288912224663517,0.00396730759980682,0.0992997827621596,0.00279172539796636,0.0715994029662697,0.128603728348456,-762.070345532753
844,0.0247188751559978,0.132273208168045,0.0108512306748411,0.0130295037622236,0.0956596611810998,0.00209301541852606,0.0641254058252188,0.0884007000592294,-760.914919220725
845,0.0432313109615634,0.0800478872548609,0.0110842219942902,0.0111887049141463,0.104535641844086,0.00134024286090323,0.0611097648694902,0.110247078540047,-759.943923833314
846,0.0509927548017673,0.141747891331717,0.0114369408785559,0.0114747884119594,0.115486046041059,0.0016452580031877,0.0945303266560306,0.124597078134429,-760.53441376443
847,0.0631915774819236,0.110433403002812,0.00216504676537709,0.0082047740717991,0.08775816279736,0.00317088983600516,0.0873261812906427,0.137043894646135,-757.564658212848
848,0.069544669685035,0.0990704391965317,0.00611704387252286,0.0194320689473649,0.0860051776684466,0.00671253588492951,0.0879670561011704,0.108238510581714,-759.201308009401
849,0.0775449681059665,0.113469556847172,0.00674018964708626,0.00381708845178573,0.0828518321307508,0.00248988297919173,0.0864693549085717,0.158635568651281,-759.927915746662
850,0.0691168201866006,0.0960181490120167,0.00783412482378079,0.0111285842859136,0.0775019132197595,0.00570135069498439,0.0977722405006579,0.170515520845381,-761.453355527883
851,0.0920994909576659,0.121184558997731,0.0049465918890813,0.006656568590327,0.0766078524544384,0.00514670509843088,0.0886545565773413,0.105546755861176,-760.326777199717
852,0.0613115366559772,0.123994307272793,0.00558053447657772,0.00203444085796919,0.102813654638564,0.00204021418458831,0.0533720982057429,0.106239763854781,-760.191210060508
853,0.06194916831887,0.112070098922105,0.00853162102139675,0.0142434258726393,0.103686891464574,0.00595617626610888,0.0744515199081458,0.109919094080369,-758.406145192164
854,0.030080715384314,0.0989725659312381,0.00740483004718893,0.0107932105138856,0.104704102422809,0.00416748693627616,0.0781777119723805,0.119552356431642,-760.027200644352
855,0.0884196010847065,0.116489876127367,0.000613043356065195,0.013735988200172,0.0896152449533673,0.00199391830007473,0.0849806383291431,0.114741144859558,-758.645887718995
856,0.0468556000631154,0.105699869733775,0.0184595456367295,0.00627068324657399,0.0826748038783647,0.00690419798227217,0.0900403071003768,0.140244515371568,-760.028169096921
857,0.0450948582386796,0.131615337044783,0.0206333547471563,0.00421711286879786,0.0702030022651852,0.0117106631506871,0.0881196006664038,0.105931028882784,-763.066156518416
858,0.0892799241032961,0.150127053561376,0.0213849412422021,0.00642211935998841,0.0680495571093871,0.0145163188683445,0.076309258741108,0.112449962485009,-765.209659818514
859,0.0544687853151841,0.0738791541125376,0.000428707916606633,0.0215033193493565,0.0674147156082027,0.0154322131887692,0.0698956421965523,0.104571946150907,-762.320606271902
860,0.0824288237862325,0.104081137562637,0.00428424816254205,0.016370860277084,0.0997748688676241,0.0191096717893733,0.0632610398620238,0.108067628146525,-763.503306457813
861,0.100611846803033,0.122471909909413,0.000473407361179782,0.010655407207966,0.0600374981021638,0.0073727496540377,0.0640267449836344,0.116186325765863,-762.291427913904
862,0.102884964780834,0.111961353810356,0.00740402239106888,0.0045696081835065,0.0708552378422111,0.00378934563128427,0.0705978008430147,0.108956896931719,-761.83132880392
863,0.0726886672360995,0.133965992912116,0.0150367610336405,0.00864361779651511,0.0936568781541985,0.00120100448094028,0.0695920528711206,0.125256410177975,-760.00984482108
864,0.0436523624104705,0.11516852504142,0.013990657384324,0.0123492807774944,0.0710142751751277,0.00253878816026953,0.0642033992548419,0.0781020999584295,-762.105837630429
865,0.0676821930637283,0.101020094880109,0.00404712838464241,0.00582584198473855,0.0783754855473036,0.00313319123099123,0.070119445733421,0.177693115697576,-763.408317310001
866,0.0312291168258543,0.0980460666875708,0.00474365863588684,0.00452797297796491,0.0774751300138414,0.00304816727238527,0.12943051658477,0.199754716213225,-763.818005673675
867,0.065023561897958,0.132368534237685,0.00778085840623913,0.0056860951017344,0.088989423120263,8.16050783126445e-05,0.115674787156352,0.14817243473155,-759.496148938492
868,0.0520313658763641,0.143361561119159,0.0102944731837878,0.00434131643622629,0.091562057448336,0.0013969453647154,0.0991644692602092,0.148777320644516,-759.721387322784
869,0.0486024637519981,0.110954444032312,0.00198954595719901,0.00182917315188805,0.0970065500071232,0.000999162310260338,0.111419140422478,0.157441213129642,-758.676639592964
870,0.0779921412545038,0.14200110117886,0.00463038920373399,0.00279218292591248,0.110771730102482,0.00111791952747022,0.118071916938753,0.162485822253562,-761.426718696583
871,0.0585101590348485,0.124158607151383,0.00859549725657753,0.00564181435471004,0.0826075495469559,0.000585871223678815,0.139276266869442,0.156901020333151,-761.484334483976
872,0.0671139119497321,0.106932052623852,0.00331314718736826,0.00211798475147243,0.0997890475283837,0.00197334019296195,0.150357639974927,0.182989719777973,-761.565442878643
873,0.0614899167101554,0.136213183326599,0.00456602665475525,0.0006891966239146,0.0873243181415006,0.00122986780734169,0.113748312085971,0.107977817927735,-761.841612170041
874,0.0642311687111747,0.127231634899115,0.0285171977369821,0.000181039503193069,0.116129484692654,0.0138466449620772,0.0515531690995717,0.0672427124976875,-763.245277678507
875,0.0604880247839848,0.0986319604289627,0.0358619719945382,0.000186656137393716,0.105246834993468,0.012444255221124,0.0355883479367167,0.0797633881821523,-761.284802448974
876,0.0480461897470068,0.0808740678862374,0.0221102803076122,0.0345823049067071,0.0932726850141474,0.0102589143224957,0.0316800045564379,0.0684793168314952,-760.860799340114
877,0.0544913214637179,0.0707242684367121,0.00867752822411388,0.00724768757186751,0.0794725321748056,0.00889875785707213,0.0433547512519391,0.115152881355475,-764.210150110009
878,0.0519770951528424,0.150596971751239,0.00761492845688811,0.0094174399443465,0.105228852739047,0.00169083656967646,0.0802122891028326,0.1340828235889,-760.659349644958
879,0.125537464888399,0.177642300952131,0.00943791574651228,0.00712688748870864,0.0942280406223409,0.00594587367664234,0.102436153840091,0.114853894286844,-765.27243503884
880,0.0294846524349553,0.086437082369476,0.0194719242974254,0.0217489624380178,0.0880673619097737,0.00292029590783048,0.0694734091124186,0.0888125129911399,-759.941322437292
881,0.070747027317416,0.0632062083344118,0.015588090781092,0.00164176014512427,0.0983788185466538,0.00205277982285333,0.0616071938813864,0.0826408078825672,-760.778570500087
882,0.101083110675338,0.110256559163463,0.0246093480177373,0.00325475489460229,0.118793843846023,0.00344853541170379,0.0859761831552527,0.119532761981436,-762.538686456268
883,0.0257093258346113,0.130591007193511,0.0177229157619081,0.0133803764898363,0.139113473891487,0.00315045732501783,0.0858094635292366,0.0843636539343224,-766.032002277242
884,0.0665878353470731,0.115619256557569,0.00862704128120949,0.0222140004048895,0.0850919798738117,0.00154883446916863,0.0717550039220666,0.0978722682290514,-759.15561288082
885,0.0923641582613102,0.132296638058837,0.00413678973174812,0.0227698782848492,0.107834302339857,0.00676720095117328,0.0780840920189857,0.0871876925728744,-762.366478947302
886,0.0675738774715137,0.130742244321893,0.00320716314784044,0.00993147926595738,0.109782051612414,0.00757368698423449,0.057841858608208,0.0881805780518341,-760.323149509131
887,0.0608480393884187,0.156882598638187,0.0164893735549462,0.0121420255912506,0.0807569962893314,0.00786012013906082,0.0640548910436431,0.124112657476124,-762.557198808397
888,0.101928820604445,0.122535095726507,0.0110072055611853,0.0115932551675193,0.0897892256046584,0.0100333692938046,0.114216181007763,0.119412248197735,-764.451582810294
889,0.0328790822625648,0.141049766474726,0.00976776489771028,0.010771089286073,0.0968574456266165,0.00524987545553123,0.0644833428598558,0.104076691943117,-759.656404582695
890,0.0590588569143987,0.140564474784016,0.0047402566753207,0.00971804234331981,0.104546863011685,0.0068335210872568,0.0921913068107807,0.125413953685896,-759.7585594499
891,0.0396745123717291,0.110609810575783,0.00267006959685113,0.000886492505624151,0.0765021664085719,0.000907726915570038,0.0742675847902019,0.146241783063505,-760.100513010144
892,0.0823044793307916,0.102120033046318,0.0214367470039041,0.00464144472405706,0.067220376586444,0.00323272485365421,0.0977145694817195,0.124743357129739,-763.319568802885
893,0.0632937182670545,0.0590029036852486,0.0210203872530325,0.00753660874026691,0.0750319037514556,0.00764603608795072,0.0650975356408463,0.119325635722248,-761.379151698451
894,0.0870357884817316,0.101011450122075,0.000548318752789921,0.00805094021835141,0.0916458076014264,0.00347287314528903,0.0624951989352059,0.0964268927384083,-759.712067898814
895,0.0895531595491163,0.144383517797306,0.0126826543644312,0.0103631224447115,0.0904079754554297,0.0124844115839487,0.0716215740047437,0.10240265465798,-761.332723857664
896,0.0729754557711244,0.151642769757079,0.0123236511480074,0.0138533132371356,0.0933886336123455,0.00147370214352143,0.0604891600153974,0.0997964845624413,-760.283697633613
897,0.0621138139595838,0.14010917646611,0.00864406237432388,0.0136511065632781,0.0829046757709284,0.000579621310803072,0.0988375872595653,0.118422985952256,-761.073607304421
898,0.0663701356717523,0.0913162643154575,0.00226445523305318,0.00774752963876235,0.0911580666279753,0.000261643602856976,0.0787897532090823,0.108182183227282,-758.845926704717
899,0.0590079217437394,0.095277420862348,0.00769176680577318,0.021968982421384,0.0951279098382304,0.00594281641195664,0.0766911815139751,0.108214616752666,-758.464902994296
900,0.0450465451786384,0.0752790261457848,0.0113769496299604,0.0253151209088668,0.0881888416846884,0.00189959106072803,0.0516837022522112,0.0926220587121336,-758.543583592081
901,0.0497546865721889,0.0786488153837272,0.011913318258414,0.0147574571043371,0.0834031514031342,0.00442124554344526,0.0550177961197326,0.0869474681519347,-758.598976592747
902,0.0952977598742008,0.13838360864471,0.00979228459551451,0.0105830883424075,0.0941662548037868,0.00791737085630209,0.0561970058399226,0.0828561120626275,-760.667982007991
903,0.104009956262271,0.127582801424975,0.0230415791176614,0.0015549545044221,0.0974374458593922,0.00724541332827389,0.0636718978154212,0.0808093837088632,-761.167157418608
904,0.0805140416765628,0.103550982400939,0.0207131947518996,0.000507672655154144,0.0971871292967092,0.00879469327345428,0.0481712894093633,0.0945100994127892,-759.203865436381
905,0.0566406059961085,0.0783451026457481,0.0247774968140758,0.00342419543972021,0.0896691649638805,0.000681646395927383,0.0714403085428332,0.0995203962568486,-758.203336608548
906,0.0649376005560263,0.0801974163491641,0.0374152701449987,0.00769026146554813,0.0891413238235211,0.0108668026669838,0.074788225046174,0.12569172733985,-762.414472264688
907,0.0652517638927761,0.0815118903181955,0.00310491549123034,0.0109616163495604,0.0785180412383631,0.00199507721538608,0.0766947109258725,0.113590626609618,-758.859144843853
908,0.0716370389464373,0.128035734769782,0.00781376686041699,0.0215580146140368,0.100634015011804,0.0072785654692586,0.0816544270712803,0.11249250751682,-760.226467989418
909,0.0503121571703703,0.124579334852857,0.0200879841303974,0.0165309332240537,0.103098776349021,0.00546998074874437,0.0733397567344705,0.107333009477371,-759.696534302811
910,0.0446332426249114,0.126031748466043,0.0243623320025604,0.00443236820303575,0.0928381042241156,0.00175404033973228,0.0703417151297087,0.0984467228364519,-759.81655045983
911,0.0518873093923967,0.133622693383245,0.0171355414437967,0.00646894332904014,0.09163872173185,0.00609472424458046,0.0673049926165417,0.110072606914626,-758.526315045677
912,0.105318021427759,0.0733546239456487,0.0249896587704204,0.000911854520391414,0.0837774619353181,0.00601702311414093,0.0656867064294084,0.104327485478228,-760.088429362448
913,0.0792178972130725,0.0974502658095874,0.0066316705583005,0.00715546370649536,0.0846275789645456,0.0128531382890231,0.0711971763577104,0.096652238085421,-760.836894742714
914,0.0438115584140454,0.0971859407888192,0.0281324940506645,0.00683049911507325,0.0806785610582483,0.0031082279597974,0.0705996990440158,0.0886306309824474,-760.788820362693
915,0.0642542517100993,0.0862232230196549,0.0126516132189673,0.0306437665746629,0.0968677517017302,0.00151909981003285,0.0624028887127307,0.0956624990342422,-759.267520938779
916,0.0399223559471803,0.0901909247928026,0.0247123116633823,0.00735613935608844,0.0904031916344996,0.00649681189960042,0.0550229566731125,0.0937094559055061,-759.443556088813
917,0.0460096963286108,0.0902847662844036,0.0425611288185259,0.00669015042260788,0.101570921630859,0.003965661717313,0.0617604251798645,0.112691822592442,-760.659782001835
918,0.0602503817885069,0.0946477257399296,0.0301560835564757,0.00295956589705584,0.0696661294896131,0.00562315310054135,0.0713709608226536,0.124736898681943,-761.068193600776
919,0.0678032931227894,0.066133692161632,0.0175751401909707,0.0048943982982642,0.0670309857740169,0.00472319223019766,0.0841237395241983,0.0944190064974065,-763.636151500611
920,0.0830923779024512,0.0657678132404623,0.0288598618659777,0.00334254770552909,0.111588235089431,0.00358657980804366,0.0785249840363925,0.10987505133823,-761.693927948314
921,0.0774307334325658,0.0834056951612451,0.0175718258438382,0.00200176372990888,0.0876296128801522,0.0137448993677585,0.0605174269891682,0.0934348942154751,-760.126190035536
922,0.0859528369014833,0.0900212507618302,0.0375996018007351,0.00188117849315775,0.0947628460969958,0.0169659368420662,0.0598330400518715,0.0880282834845444,-763.009996775756
923,0.0715737312624557,0.0968329638320572,0.0294325983824723,0.00309024162621509,0.0923643126400441,0.0104721931372547,0.0547112496782533,0.101159935821774,-759.462604795124
924,0.0726139435563402,0.0829995599745345,0.0176130171315792,0.00937053582770405,0.0877962511808398,2.06987425072933e-05,0.0848058538834477,0.0939560550023498,-761.539118864004
925,0.0863446397801404,0.0696490046859945,0.0402527022011751,0.000618482543109154,0.0856027934327639,0.00883458092728815,0.087605725525957,0.12218227737688,-762.919728815001
926,0.033182047651838,0.0942836890093701,0.0259005363037225,0.0345946022093656,0.0834464220663523,0.000626859606192546,0.0605836419366306,0.120153412576785,-762.694947664247
927,0.0593669780405064,0.0792692717746144,0.0160092768805907,0.0294879688558929,0.0770652664538835,0.00501221419671824,0.069681221820814,0.12357311121315,-760.991275027872
928,0.0529404846491641,0.0688245046757223,0.00708147632090876,0.0188662154252781,0.0819991446995646,0.00528970135188542,0.0719305295904092,0.117799505251301,-759.746763523216
929,0.050022222784433,0.0983227142249112,0.000604647965097756,0.0180664464667544,0.0823384814386419,0.00272402187273881,0.0716897118726128,0.0960569751137377,-759.738685126051
930,0.0597288322682977,0.0750776459015337,0.0153636273195651,0.0154181949326793,0.0846992140926114,0.00633975365240404,0.0497673644611129,0.0981711205878912,-759.979559875525
931,0.0409706491591365,0.106970029064477,0.00692262428941415,0.0112776816654215,0.112697953296037,0.00786588812694551,0.0706484075528714,0.102598384001643,-760.094457212555
932,0.0354352984334295,0.112583340269088,0.0137314308911569,0.0106824914973824,0.106282226512273,0.00392415213013881,0.0789929842317958,0.106910044889917,-758.759542779715
933,0.0420048032180067,0.113861469463622,0.0137410695987862,0.0077530922463562,0.0782299518237727,0.00403970400886273,0.0698711675906314,0.096932343199551,-758.571865158085
934,0.0666115664452988,0.0950897621169009,0.0312416208739278,0.0100923905851041,0.103474977842236,0.00311275309150066,0.0608296131361983,0.0914523501323768,-759.268633477921
935,0.0520433042014991,0.0648076209633749,0.0281878996335496,0.001486536547393,0.0760739843898499,0.000814476526694036,0.0654429452226334,0.103652408914129,-759.530415395997
936,0.050330616872941,0.09340197242449,0.0111902273062851,0.0013008509126551,0.0689787326734844,0.00672458907079571,0.0897892791473818,0.123254610998318,-760.883684657791
937,0.0519572901053079,0.141292953282736,0.0112788677461109,0.000506884651790959,0.111436556114371,0.00188294593775716,0.10938482717466,0.12030405877872,-760.455587687298
938,0.0349812219229038,0.119560925240117,0.0278166847113219,0.00403710564772787,0.0932950564883674,0.00331384705723908,0.0563316848140465,0.0912283062185877,-760.143486759371
939,0.0598206242143054,0.0590622276473508,0.0299324359253179,0.00351107679189499,0.0862426887915398,0.0016636610316364,0.0389637732024061,0.0907646456900915,-760.691538963937
940,0.0433835878858914,0.106342351599587,0.0212211323213371,0.0314056474624802,0.0993092064582154,0.00315611512694965,0.0498449220234453,0.0806860974575493,-759.699291297919
941,0.0378745098169579,0.0571853844049793,0.0416534195651915,0.00804379704545271,0.0957045510175193,0.00136080405597611,0.0365653997334553,0.0738215327486612,-761.312623082711
942,0.04565250846656,0.061773429488542,0.0357922475906875,0.0137693053253429,0.0875302145258977,0.00700269568027645,0.0426358806840795,0.110077729287876,-762.85751927439
943,0.0737113011553647,0.0939275194612324,0.0100144467337843,0.0335277015357922,0.0741471279838771,0.0179169601637478,0.0912015539730256,0.116998267194451,-765.499565547552
944,0.0660502858440906,0.0968021753278283,0.00271674882268402,0.0277187004292301,0.0689549560311849,0.0022055420290956,0.0624894588213658,0.117768212592555,-761.192947882852
945,0.0686942733345058,0.0673312575477129,0.00166384072645717,0.0161266922784449,0.0950888617337278,0.000230315593340544,0.0870592465321037,0.141413865104647,-761.190046461779
946,0.0470278899016089,0.108401422963743,0.0038430605952045,0.0146053276140649,0.0769284699291776,0.00996939644548577,0.0853424600631133,0.110573442924238,-760.155465059289
947,0.0484918077103369,0.0799811902151918,0.00125718898605838,0.0164290844918561,0.092366949366562,0.00952816965617055,0.0764540694562531,0.119781715756233,-760.515415394906
948,0.0637977432443298,0.105787060702372,0.00634251723269396,0.0093314348231002,0.109977926172836,8.91077384596686e-07,0.0924536870521954,0.132499442142286,-759.241516810724
949,0.0673356349407658,0.151044412326136,0.00979379914437417,0.0126289865742734,0.120286762699204,0.0019133571559557,0.0965218096527948,0.124335649698371,-761.835007017694
950,0.0823067014041838,0.0985542597908947,0.000566688356430873,0.0158793472764388,0.0701003889543503,0.0139404297413797,0.0730387859969381,0.128285374840829,-760.687426504823
951,0.0492012641693395,0.103099643801665,0.00711037531065081,0.00781996852551297,0.0897795817865115,0.0006190944792615,0.0767257438809254,0.13679119670903,-758.173418570114
952,0.0728864966503465,0.109013161925246,9.14749525901776e-06,0.0304421622104154,0.0767355485929918,0.00484282616514697,0.0886105156404285,0.116489581950707,-761.731210821159
953,0.0671131752033532,0.0630393876167725,5.55694441260443e-05,0.0152292085144704,0.0945278045511693,0.00625301591293564,0.0672579163293638,0.123060142860423,-762.375660540339
954,0.0749207833886697,0.157240738526763,0.0121518528727604,0.0111269721247398,0.0889694098402814,0.00158675730460176,0.0802919987498579,0.134772833974995,-761.724353168889
955,0.0719105375221209,0.0674136045453116,0.0202475605480858,0.00269587813013453,0.0801762105841538,0.00373052716831321,0.0898781442097787,0.137663470308539,-760.021927971157
956,0.0728007879835825,0.0525729983539341,0.0154787280614191,0.00569226876684752,0.0740257473599149,0.00107659986763016,0.0752903027002143,0.116013481923351,-761.361690294146
957,0.070853544795362,0.037791428167556,0.0532209781180783,0.0212128795218317,0.0681935831729767,0.00498891935394229,0.0649474161668266,0.105186946549451,-767.353753358438
958,0.0693754125565209,0.0909604611574766,0.0378418651722947,0.0246080056538402,0.106809495794771,0.00827354482721334,0.0669120400871646,0.110775922739593,-765.487113203927
959,0.0158458019234138,0.105690663605372,0.00942199378001983,0.0041759807284459,0.109112197769228,0.0116391460488196,0.0612173475692683,0.0797437074454365,-766.349251565314
960,0.0155591653032791,0.147086362939582,0.0235960062019484,0.00366347174667036,0.103777637848562,0.00660574535021404,0.040846488872444,0.0858292233550552,-765.137916714815
961,0.114346066478971,0.124950526019969,0.0236878084884399,0.00344396932789392,0.0836014477968763,0.00440701848027888,0.0611740479953121,0.100614911371674,-761.298185591831
962,0.109495367365814,0.122098211415503,0.0235142299675168,0.00512009193520546,0.0875496001874466,0.00475138918454903,0.0747489259507385,0.0996427276295814,-761.339546827973
963,0.0925924258775851,0.106112364802439,0.0198088871822451,0.00117899937930014,0.0947463517857439,0.00373123133311699,0.0762331777224349,0.112269393290457,-758.615795551385
964,0.078447928729301,0.0948101299089853,0.0179672633784616,0.00290168357189809,0.087941126840302,0.0010331528506598,0.0792891794076199,0.091365787228459,-759.701133079881
965,0.0846152284711238,0.128566794306496,0.00571873801082989,0.024465484592263,0.0833380638277227,0.00202142591894476,0.0719518084223209,0.119228996358983,-760.899835133368
966,0.0580787068296886,0.116489858009413,0.0050722370653124,0.0027634072323157,0.0815715258111371,0.00970711011486701,0.0969987167722966,0.150641205558243,-759.192339853773
967,0.0775511542637506,0.121652066534652,0.000953045147667043,0.00601747736375438,0.0842107097247791,0.0146981754691666,0.138720518189716,0.133307474259713,-764.048496694666
968,0.0727576051983468,0.0999455661827495,0.00168449847638447,0.0035117594608161,0.0895677811057115,0.0160781377885082,0.0886585055517706,0.143238650574581,-761.919875161141
969,0.0554856165047711,0.118437060034939,0.00418905143764851,0.00595540832239788,0.0786305298805146,0.00572499923066903,0.0886437327871598,0.141338880670442,-758.345619854919
970,0.0597579474089448,0.101288448750751,0.00167384408747045,0.00136750540986406,0.0898716456516676,0.0105502451427736,0.0965208789044324,0.143327879624613,-759.68593420403
971,0.0618670493754902,0.131633298300319,0.00168319066989414,0.00155825045103781,0.0895155960066755,0.00145215203765489,0.108095205226195,0.146145740033663,-758.099432194067
972,0.0534964842082507,0.11412320196787,0.0142927352102073,0.00206886887937726,0.101555017218286,0.00427374225207758,0.0865879272266916,0.110735740441737,-759.351891521058
973,0.122377032916753,0.0937932661301287,0.00531301691386283,0.00171071287727377,0.0871704822864598,0.000659877579096051,0.0824286068928213,0.130029652329916,-760.76180856431
974,0.12903377830838,0.0731239200074708,0.0210919490141615,0.00937103156772747,0.0835994825813655,0.00541814274395891,0.0965257577469961,0.131441384515973,-764.125222351411
975,0.0269608480748365,0.0915025184720669,0.0216565963617232,0.0272976684076394,0.0893154491023985,0.000792629804293895,0.0860707226305115,0.113266556178933,-761.770180938668
976,0.0389896655555671,0.0892410700580134,0.020366643971696,0.0325351312300589,0.0932508697544098,0.00153294971961747,0.052815248095995,0.0912363159012991,-759.392507090907
977,0.0407528089091585,0.122033318406205,0.0125345374546952,0.0298080652958458,0.093344942567959,0.00234567149025663,0.0478232747871722,0.0747462498286178,-760.783545415861
978,0.03618338450732,0.123836772580664,0.0181748612428996,0.0195424342650107,0.101400133053827,0.00407678923184255,0.0403319845985418,0.0779669650345356,-759.650962251468
979,0.0468292290937903,0.0878272752960996,0.010711549016497,0.0217506321271336,0.0859640853327764,0.0069548875193719,0.0443399677919049,0.0725597291881913,-758.522351422429
980,0.0549813465306472,0.10540932931452,0.00804933118686751,0.0233586707358088,0.0843244639065729,0.00669478683015062,0.0475895825085801,0.0880312080994591,-758.185972269846
981,0.0426735459370704,0.108548415933654,0.0186751927837621,0.0120646693370477,0.0968284737879811,0.00123905247378104,0.0574890699441963,0.10350921919297,-758.262468592968
982,0.0529072365701559,0.0961496087518821,0.00954705466722224,0.0229442913124181,0.0780753766827694,0.00385664007942136,0.0730560602102704,0.115990144227518,-758.828186088912
983,0.0601997017279009,0.0819519426083666,0.00460506650078894,0.0231100481026736,0.0742533954244673,0.00188020301198782,0.0748633982463113,0.140991289612612,-760.432650144149
984,0.06466623386338,0.10830810959676,0.00052357885112864,0.0265661084914473,0.0895453848545155,0.00181922098900675,0.105628042306702,0.118982173985422,-761.299255891413
985,0.0729357186310705,0.117488824931352,0.0134806920860238,0.0164532682298742,0.102800377708387,0.00183156245474823,0.0853665727443288,0.121401411313787,-759.741924065809
986,0.0724513061270409,0.114880007500453,0.0141358110554979,0.0277460893428521,0.106898400780625,0.0022587021415301,0.0755447407830717,0.102359180832847,-760.637865629556
987,0.0411828705532865,0.0747613211340829,0.000495589836394954,0.0097446659681356,0.0883706206241919,0.00502658447269011,0.0671986698106047,0.0971980448321544,-761.848703081502
988,0.0482989292791325,0.123360699225383,0.00563167912668543,0.0103232525474905,0.112387085028929,0.00463276811011394,0.0670756365683324,0.0996055183129795,-759.085625625584
989,0.0579709034697071,0.103910951984967,0.00653635004082667,0.0228118682576669,0.095559433355359,0.00171731482081006,0.0478908858547592,0.0865736611545049,-758.610543045103
990,0.0450889121582569,0.0915510365350774,0.0159432987321171,0.0180965661146578,0.0941641095925765,0.00191923555152355,0.0689448595625382,0.114144000549103,-758.240509355615
991,0.040372107207117,0.125911198491468,0.00283945890880945,0.0105728935447307,0.0825045706606114,0.00892164737679052,0.0660856626355026,0.103734971093229,-759.99292380346
992,0.0668978620889664,0.128417043395078,0.0162875900611827,0.00379673712347184,0.0903879375919123,0.000588887530298013,0.087299352244551,0.119560194375862,-759.46092851999
993,0.0520902343390266,0.107101698046552,0.0122777706128192,0.00141682782859612,0.0881478187407523,0.00428811753712441,0.0781637849474307,0.113431967961799,-758.272437519864
994,0.0371556303236791,0.113741291556948,0.0141620942122114,0.00961606731185979,0.100297652840744,0.00703183570193951,0.0850029858176933,0.106586900184325,-759.288721141055
995,0.0484959689076236,0.123618001573395,0.0145962320055546,0.0141628089122246,0.0960023212728959,0.00320554966361898,0.0788181622446082,0.116091813561401,-758.450286425266
996,0.0473355902826711,0.107534010833099,0.0159727080474518,0.0199080058232203,0.0870763982764146,0.0022983967629684,0.0757127573200129,0.102095393906631,-758.645297621666
997,0.0299995571227265,0.106427672310403,0.0234812857453651,0.0223517423502946,0.0902477926764362,0.00278871234556138,0.0650117241751621,0.0963564161687136,-759.695428863622
998,0.046708218683517,0.0868523424489432,0.00288347838487573,0.034208494339643,0.103644428387889,0.00334675712287013,0.0571042174422338,0.11489295629634,-762.104451095808
999,0.0604971265927751,0.085436330340385,0.0172470550309135,0.00905712170254233,0.0749183684391434,0.00555492937576708,0.0590414092833597,0.0671716310132489,-763.648065972272
1000,0.088216745954091,0.0847607575493398,0.0150989340256936,0.00428005481290881,0.0712986750020771,0.000803663513836027,0.0356469044508092,0.108183544828998,-765.292700268208
