"i","asc1","desc1","asc2","desc2","pol1","pol2","tran12","tran21","dem1","dem2","p"
1,0.0963615947423406,0.413296141392691,0.0956053189501333,0.231696261158479,0.128774059350911,0.0260255571127168,0.080976352466089,0.131711459158149,0.0137260198213243,0.0240201596406124,-1428.80449572612
2,0.0883791826919564,0.00198053890356444,0.00804500274424075,0.147263329972447,0.0542862999605848,0.106437426655113,0.173392595167301,0.125779086858316,0.0801731920398094,0.0344405133914412,-1368.85668479943
3,0.0225519666719434,0.189398171959689,0.0135669159878874,0.0509789153177987,0.0655817921637929,0.0276226112050962,0.128846810351056,0.105444624500749,0.058526499968067,0.0233366704833102,-1345.21727114567
4,0.0298849492337326,0.175754980138975,0.023872334900631,0.053907611987605,0.0852467659765305,0.0546051835820198,0.143981336273566,0.104712837246535,0.0523587367659736,0.0210232741487807,-1343.14701846071
5,0.0383509272318125,0.131203766761732,0.0472263512816794,0.0819640008565073,0.0743127060240238,0.046750643696613,0.123016779912511,0.105701948618922,0.0527988115904439,0.0347666150524959,-1340.57553861233
6,0.0424443130980702,0.0867952427252401,0.0475546334371492,0.0741107071856581,0.0882677589206158,0.0402566572273576,0.144862303405844,0.100819572782066,0.12527051014154,0.0387952584828734,-1344.2031412883
7,0.00888421501944597,0.0853435739649566,0.0241306304814771,0.0728640667742095,0.0715828536877254,0.0399841754079527,0.139880539321158,0.114177961472977,0.0429904278044342,0.0462756082397051,-1338.62096693901
8,0.0267995741320044,0.105864711609193,0.0420918968104725,0.0603599562501793,0.0808133463321294,0.0333931957605456,0.133926057440079,0.109753295215008,0.10165206324399,0.0271518036442609,-1340.31625148179
9,0.0204896855935167,0.100289722617535,0.0344062020889752,0.073697843816957,0.0868449343805819,0.044543839841884,0.127517184773642,0.111414137473601,0.0777009999450636,0.0373744342233131,-1336.72018723454
10,0.000934770600008122,0.100420741123616,0.0290190685810929,0.0774954463123181,0.0657992603666375,0.0440361258589102,0.120734365359386,0.12345424712881,0.0858297354894509,0.0588358108899257,-1338.14552327889
11,0.0183329383454716,0.101109908457566,0.0215146341784337,0.0535655992249905,0.0605560122799986,0.0368077037750973,0.151260049997822,0.126453647341017,0.0672521023251472,0.0448463871080667,-1338.56139259801
12,0.00731456150022285,0.116610946710252,0.0416217207682433,0.0582056752528298,0.0894465982432742,0.050259939126971,0.149803046766696,0.124394228699656,0.0707956268896367,0.0232332543061665,-1339.19289906263
13,0.019932589248504,0.104019242525587,0.0238556100826699,0.0700997895381923,0.0807878039238934,0.0318612212574966,0.139321482748892,0.110365333179256,0.0647821881624661,0.0397096686576263,-1337.78406913419
14,0.00495587993136202,0.121288609611726,0.0231330310938025,0.0729350930478674,0.0676177779276874,0.0603630319580326,0.0992458833761716,0.0911270190352395,0.0812134852173994,0.037321949865911,-1338.22569514058
15,0.00350380221754968,0.0959936779596873,0.0406765420690379,0.0983244958208108,0.0676515418536293,0.0453422219272781,0.102567675713531,0.0943228827216901,0.0817399858479591,0.0445506633211951,-1338.07519449311
16,0.00716421093279041,0.0612124171407081,0.0268624808736187,0.0952922190433205,0.0821768990050261,0.0470685457482673,0.105159278481457,0.116389524765938,0.0718053173712867,0.0421243576351915,-1339.18440746976
17,0.0232417745811551,0.101038290411681,0.029937849731687,0.0454183477059084,0.0851101991058465,0.0687748774998876,0.121607630750402,0.0908600121286664,0.0891281267479101,0.0286716619461482,-1343.72647856875
18,0.0384581996295875,0.0793839534404927,0.0572145845937291,0.101581191277121,0.089430310476086,0.0623892952830311,0.112353422501779,0.0813111774769877,0.0424328268884165,0.0614146466444739,-1347.92981504022
19,0.00577056865826333,0.0805024001626538,0.0303019920903848,0.0683442794127529,0.0460411944073004,0.0655564032631933,0.0818908807661617,0.0862657426706707,0.0797088067552333,0.0244628597468587,-1342.8512035273
20,0.00156945174831887,0.0971310907730623,0.0503366464848146,0.080328564146877,0.0540269709599503,0.0752013447599004,0.105931518699377,0.125710789679805,0.0748137285169347,0.050478873439712,-1343.090225607
21,0.00237661505291974,0.0981189361252343,0.0385279130450164,0.079657386035038,0.0404597240638192,0.0565167773182275,0.136099230104394,0.122722440480306,0.0593723136236101,0.0525142613542129,-1340.4882846234
22,0.0162352258015916,0.1016663661104,0.0523039449505031,0.0717453702060261,0.0443755997390878,0.0655180200377907,0.163412438694792,0.126297724974609,0.0972375011410942,0.0444459033394256,-1343.87750543787
23,0.000896550976105265,0.120215622168014,0.0145350715668768,0.0655267353858968,0.0644597005147321,0.0652892680203331,0.101120005886729,0.0966459346480942,0.100614982371477,0.0296739434963239,-1342.27871289478
24,0.0291443328113577,0.127901125008017,0.0195629323639605,0.0660527623157397,0.0536356957970447,0.0524498418442692,0.138241374762796,0.141196646316566,0.0573285290312749,0.035816155794676,-1340.74345080892
25,0.011184460276742,0.101503451801589,0.0317352485925103,0.0569217378793742,0.0825737239182298,0.0375117890722112,0.160314959566672,0.134379240941847,0.0699674499758973,0.0385761548708164,-1337.95805579318
26,0.00419751364618404,0.12076785876561,0.0590171270384778,0.0714475846448315,0.0775905546872142,0.0535929445538428,0.151458500514499,0.132894228057549,0.0569955000959601,0.0219930913400714,-1341.10237761724
27,0.00971368507036255,0.0530203744737059,0.0315163522884215,0.096790182359095,0.0820906012430985,0.0536435937314822,0.141437132022993,0.0994772664612848,0.0806582974627041,0.073228048414225,-1344.27496975849
28,0.0219214239907983,0.108128290305565,0.027026034361248,0.0805438137268634,0.0933079346684757,0.0460871269663093,0.0938512154443021,0.0877600972819648,0.0662825341673198,0.0639567747411599,-1340.3031197851
29,0.0226578998632741,0.130350464093859,0.0193192518015728,0.0683142435262477,0.0764768839697623,0.0400210013253681,0.105896130664714,0.0926710484551068,0.055483349690716,0.0272222763495504,-1339.33784864611
30,0.00600944277498497,0.148397783071195,0.0258331822300359,0.0728794810166659,0.0856184521991676,0.0460631319178864,0.107092425799725,0.102059271121333,0.0558979171226546,0.0285288515123056,-1338.05375997056
31,0.00235248080468781,0.115492662567763,0.0377311067607061,0.0675774010591456,0.0690114680663224,0.0617832496593505,0.108811533776899,0.117493092247559,0.0434406584369551,0.0604166187923005,-1340.57757350093
32,0.0267660097874526,0.0925277108253232,0.0163298410839142,0.0901656442951246,0.0595166554770755,0.034452760974993,0.119591106918754,0.114457958106469,0.0717980699271582,0.0288621915979561,-1340.23987429944
33,0.0007902514681658,0.0999588265813497,0.0377096304213412,0.103070131830583,0.0840575009067247,0.0465354731153609,0.142155829020375,0.127315666782971,0.070905749042551,0.0289080441716951,-1339.38629168673
34,0.00347382533538699,0.104585388621121,0.0384168777020993,0.111413107155844,0.0623164887803703,0.04929280551946,0.106870799632579,0.0898600644995961,0.0717441007318791,0.0239445691156021,-1340.94401358267
35,0.00918529230676074,0.0818081878584465,0.029309374396124,0.0640186593320108,0.0713437258242261,0.0470277352956603,0.0889822245657023,0.0944980725222843,0.0752283034158206,0.0538920980933327,-1337.32881000092
36,0.0329218491333519,0.100971682132976,0.0297215546886153,0.0480583636857724,0.0728960430110443,0.0435850460579833,0.0952180747877384,0.10010241177125,0.0716885840115131,0.0609255066408562,-1340.13442664007
37,0.014888176561624,0.0987807576616737,0.0237058731108796,0.0578409770354026,0.0817970427219422,0.0542084767545713,0.125955470875239,0.12547299945367,0.0692151968291724,0.0422405454362831,-1338.13571777415
38,0.0205277339374509,0.104569252244189,0.0467278985101482,0.0472670501301547,0.0787056926531186,0.0614242795174608,0.155214576561279,0.139175990956128,0.0749964494159872,0.0395715653191103,-1341.05563749726
39,0.000192740828454649,0.111210156588199,0.0315851576004263,0.0902769363330209,0.083461906360517,0.0501256278705107,0.144588605329896,0.139464464511051,0.0683950575227236,0.041032924789166,-1338.78336140377
40,0.0005321592846706,0.0825956342037692,0.0374787459969063,0.0949063950390938,0.0521516417954853,0.0506770278800654,0.0895427433651308,0.137637868907227,0.0688777216618129,0.0320597068202586,-1343.48078880172
41,0.0118485296683076,0.113731901642099,0.0384458962436833,0.0726740667540036,0.0690757649969935,0.0558049613351148,0.127238670529952,0.13840993882517,0.0857449562207263,0.0397134538262317,-1338.98265800944
42,0.0128391018334105,0.0593869461521715,0.0190273782002361,0.0815680292954742,0.0543828576928412,0.0578338699283015,0.122885751050538,0.112955662373986,0.0912808290258763,0.0453440645966171,-1339.27698706118
43,0.0339735818933796,0.0777456370763755,0.0190978113836602,0.0730895050010631,0.082758371499536,0.0573219129890894,0.142368319917757,0.104025811616724,0.049368567740565,0.0487824762176558,-1340.21242632084
44,0.0182684667904972,0.0763386554541467,0.0589621569763205,0.0663219410654694,0.0955936099903877,0.0494672772492472,0.121779522970773,0.120326613941901,0.0801433410052196,0.0427700286924211,-1339.68237996431
45,0.0195083709313912,0.0769988364942309,0.0630281613553955,0.0610176772002816,0.0853805932311203,0.0372029483949159,0.132148245506985,0.101159923701938,0.0685346064201609,0.0421552515975682,-1339.95546647528
46,0.0147837499050201,0.100271550689288,0.0469133745317395,0.0742670028157322,0.0874865826075514,0.0426750420484654,0.10255087714184,0.0903745788731934,0.0656260332228462,0.0369340458318807,-1337.73104055109
47,0.00305889251298934,0.0929744449772334,0.0393748159493562,0.0698513328228874,0.0699772542333636,0.0500771676857146,0.0822642832410281,0.0838391275540327,0.0634417708122763,0.0324877791751322,-1338.07220838976
48,0.00504479327862919,0.114609728989697,0.0292969160333994,0.0665097670978873,0.071048906836083,0.0385842664294547,0.126444272528505,0.110123836617636,0.0567261422802468,0.027763304163881,-1337.45598028554
49,0.0104304436635079,0.121890588101342,0.0390636514568636,0.0581039685255559,0.0817983799911644,0.0502273143604828,0.130832200356854,0.110739154785432,0.0682205934500405,0.0322190951854475,-1337.16476522727
50,0.0101858208577536,0.10593548041317,0.0298329174978187,0.0911618215440859,0.0841497351987648,0.0354110828870124,0.171945618938705,0.119246947905521,0.0609850751952821,0.0500861747543022,-1339.87324732632
51,0.00412767421833385,0.142633070737167,0.0334996376649776,0.0854702576345758,0.0807079386108062,0.0448542787319581,0.103445440333239,0.118828684090045,0.0532948453467356,0.0391933340681533,-1339.03312765376
52,0.00126742903801683,0.0828375805056752,0.0365732463913367,0.0576789016987049,0.0794730813934071,0.0466106682810766,0.142996244069113,0.102139171276359,0.109283052736971,0.0418591281035282,-1338.65010110261
53,0.0142040292413124,0.0991010230844273,0.0619902990392674,0.0605676202145362,0.0855103688995574,0.0571182746212913,0.116276565561803,0.101333909957942,0.0962350730079625,0.0339135781976165,-1339.77015294245
54,0.00764953663702075,0.0815694635196002,0.0241806779496487,0.072097061143298,0.089454633040479,0.041418296916575,0.127563746173943,0.10770790124646,0.0626903678938621,0.0431364074735615,-1337.37912559176
55,0.0287612309335258,0.113350263313667,0.0372551385243657,0.0517968660600393,0.0928918514367713,0.0438067333927692,0.136896504284845,0.110309461731028,0.0897264174016458,0.0372535520466812,-1339.15784362422
56,0.0195772308321067,0.087839394261317,0.0381112866955846,0.0585501056040976,0.0792699130890035,0.0484231819975426,0.11678978024336,0.109990930775917,0.103395317990537,0.0453176725118414,-1338.0272779431
57,0.0123946478681367,0.123842742649839,0.0405239229117617,0.0729577801475193,0.0667246665266918,0.0351492515441779,0.11186145756172,0.104061952559903,0.103254932470028,0.0483894726374626,-1339.82781564316
58,0.0137384598683151,0.089396003096579,0.0372298630435906,0.0778787527610773,0.0642890328189269,0.044456062116364,0.152852398204605,0.107303577571359,0.0713929941648113,0.0444342986403489,-1337.29428448462
59,0.00860022624713214,0.112855104695663,0.0415763898317187,0.03638765489148,0.0758172396050744,0.0273553116387521,0.112656704529856,0.0971771259233609,0.0818531379635903,0.0339626544735631,-1342.99974046716
60,0.0119975655797937,0.136040912854784,0.0203810036960608,0.0541812460270517,0.071962775964353,0.0574632820984485,0.0929114365059085,0.105464081481529,0.061850049936306,0.0452741029993013,-1339.88869899353
61,0.0472457451601593,0.144124409493767,0.0363899372330612,0.064898156970025,0.074255866450317,0.0576659501690529,0.134320470225883,0.0927746632753004,0.0554045342773711,0.0346662270896905,-1342.50524661189
62,0.0279354158745368,0.142262753447697,0.027446705527335,0.0693012137603651,0.0808853523427399,0.0595336629282053,0.0757962113609738,0.0960392827849244,0.0637173709994357,0.0462846024599519,-1341.50877976742
63,0.0196730265766331,0.0502792689398052,0.0218437347031707,0.103422970989679,0.0653039012407964,0.0336224808482229,0.0777951021156735,0.0830257830018402,0.100190957844934,0.0414704861760628,-1344.33127490736
64,0.0169063047636672,0.0865722156274032,0.0234339293300362,0.0588263789051434,0.0710045008394452,0.0327464324672231,0.120700918768097,0.0848345432699016,0.0423152564647031,0.0527990918502115,-1341.63012668764
65,0.0198029299878908,0.090160231366572,0.0282484489008847,0.0830316842898622,0.0737077077770879,0.0519237088064707,0.11566211762272,0.127384581991076,0.0665839617047913,0.0413809143291938,-1337.60926927041
66,0.0210481266700842,0.0897411404518616,0.0388865320226191,0.06786014412674,0.0569260135159134,0.0515076613349305,0.0916101607553514,0.0767312021277557,0.0724078967270255,0.0464989002711268,-1339.00191488744
67,0.0271549647185237,0.0926480963538921,0.0217918019277743,0.0798061671643426,0.0615677380981916,0.0455415662282337,0.0997002026679557,0.103260097627115,0.0938830607232203,0.0404123542262229,-1337.87880652304
68,0.00453913292099194,0.0934067813620049,0.037444653636685,0.0804796730699747,0.0654965738945781,0.0420105852897138,0.113459903180387,0.100351009534949,0.0688185097810283,0.0377411097490307,-1336.04753322345
69,0.0367832132270586,0.0601976801235055,0.0317983254539396,0.0915998899770541,0.0685445365563166,0.0430917040178477,0.106109145079888,0.104968707163512,0.078661264633344,0.0368191472930848,-1338.75533029486
70,0.024252178968918,0.110522579099474,0.0410744280770955,0.0632194507238055,0.068821224172053,0.0610623554480741,0.106153301409083,0.113850123465502,0.078327189546378,0.0576187381281588,-1340.22234510994
71,0.0167257251820754,0.0717053250407005,0.032609543305268,0.0558788495111602,0.064732911192234,0.0515158892567463,0.186738301410067,0.121766100866636,0.0644832928115733,0.0544765671951313,-1341.64694764979
72,0.0105900015917088,0.0667116042942277,0.03396658327687,0.0777750295499575,0.0875147907045666,0.035104964956968,0.179428999658584,0.128532226085151,0.0904830962795512,0.063372298425401,-1342.5442697679
73,0.022240410834318,0.11958982821092,0.0502482189839296,0.0755976432537881,0.0730013817018993,0.0501799493563295,0.134026605088028,0.100989659114936,0.0620252532033781,0.0474887366148974,-1339.351212812
74,0.0272019063733615,0.10334309860684,0.0282029005024238,0.066226682151995,0.0790117533309726,0.038446752501483,0.10115839197602,0.104071425291219,0.0776243787059785,0.0413840363737821,-1337.29330168479
75,0.0313647985673948,0.0764215231551409,0.0227073032034648,0.0685528063110117,0.0752188366391684,0.0577168930061881,0.121317655143567,0.140352999400934,0.0689092223627077,0.0555613721132304,-1340.48337014686
76,0.0230918065891652,0.0701227033680231,0.0318187479016018,0.0685186981860941,0.0648016855471084,0.0513613415144915,0.120644664394273,0.110251094929895,0.0656363052689237,0.045277404901488,-1336.72340428345
77,0.0102787250659076,0.113144571222836,0.0380217548684802,0.0708343895368312,0.0793691089547491,0.038264865681927,0.115911717252087,0.11312587925439,0.0610827273491851,0.0315009433526474,-1337.22282852858
78,0.00835572043871897,0.109403499478231,0.0393515182351983,0.0651632691498554,0.0773507054892605,0.0441250557031738,0.132052691650387,0.0999206461376033,0.0631739787946443,0.0243949937282642,-1338.00088963291
79,0.00292143288667248,0.117961254672369,0.0589904167956046,0.0638702219727441,0.0842455855473607,0.0472982197836965,0.138075522059552,0.108383959781987,0.0908514889589079,0.0464518052092014,-1339.24045988499
80,0.00143108107159289,0.0880528249024969,0.0180926386521731,0.0676346939517854,0.0662751368581487,0.0396011975633288,0.135403777926556,0.121276517685497,0.082632189753913,0.0529334243755316,-1338.07957000869
81,0.0210237077083122,0.0740330794283202,0.0350575585869589,0.0518838622094492,0.089950980198445,0.0410662385902209,0.151295872359742,0.132184308719323,0.0857450398289275,0.0488621106802292,-1339.97158769484
82,0.0252593602834728,0.0874318487593285,0.0505861719939638,0.0536160373726967,0.0561095374232517,0.036457457252997,0.131432167843224,0.0898736292861005,0.0707410892935508,0.027977189803035,-1342.0460467565
83,0.0039956748180532,0.125991268273312,0.057898035360615,0.0713530570789268,0.0810112092578536,0.0490772944533839,0.113782268783068,0.125921297992828,0.0728470394186286,0.0354797347461098,-1339.70136978243
84,0.000162493439381057,0.117187777560668,0.0609575699308226,0.0666672923305545,0.0692103814780297,0.0504458441668729,0.12913004766457,0.119630803205636,0.0782580031837213,0.0315425411178082,-1338.39438313863
85,0.00352459127409178,0.0943971399098905,0.0334134235534545,0.0639281581643424,0.0705452519059989,0.0506863006501228,0.158460783103084,0.114350512901434,0.0751248545017953,0.0434200356778713,-1337.05528104449
86,0.0172522484276056,0.0978413657431164,0.0330002208868244,0.0607627999964293,0.073232368509385,0.0490131498139121,0.121899638577301,0.100730710656706,0.0766804778001919,0.0223602144175924,-1338.5406158733
87,0.00587949648370565,0.135848946307225,0.0411090761895442,0.0490051764589267,0.0919911931081756,0.0589757622101356,0.131724128539123,0.108990013377026,0.0603002715972988,0.0518853375843306,-1340.74214834724
88,0.0093952282253759,0.10041521919299,0.0456789695027195,0.0632312016813272,0.0852820570955952,0.0506739997674327,0.1188960285884,0.105255120223588,0.0786106207704631,0.0526472204837501,-1337.65850064136
89,0.00999762664856503,0.114214090367522,0.0436086830948853,0.060637082518189,0.0653627302683225,0.0295325731840309,0.108179290690332,0.113193122614632,0.0923710076063731,0.0225698091094658,-1341.76131516941
90,0.00519730147144865,0.116894337662629,0.0391459473480777,0.0622832798312816,0.0451899216600786,0.0297117076267435,0.203968593408625,0.12400054651014,0.113220721472308,0.0356366250877942,-1345.7119037101
91,0.00242034983568045,0.109560415067009,0.0232857210142949,0.0771348522775213,0.0469470363784375,0.060420295221174,0.139839170734423,0.0970565444402142,0.0863614587779575,0.0413677479937641,-1340.20798942157
92,0.0136303928898155,0.0723837995444402,0.0244118102389298,0.0871429740895032,0.0813322224280452,0.0273010406904196,0.122552765327099,0.11067106169917,0.0928727812559603,0.0425518398480121,-1340.56843811833
93,0.0238553522430886,0.109595640118303,0.0297086207892833,0.0822204020363325,0.0781835173101078,0.0541893375632612,0.128111097638853,0.100214776469537,0.0446159908574957,0.0619803538178564,-1340.23740775297
94,0.044420998238027,0.111372901272008,0.0418432969879181,0.0861454786892961,0.0588607666896013,0.0404838636276448,0.134638191824226,0.108996262447871,0.0758996848087646,0.0539629515315182,-1341.89140967762
95,0.0123507203562804,0.0953238483586617,0.0214045638294316,0.0650125487185189,0.0807719569073874,0.0426693347820607,0.119678611778202,0.108445968431269,0.0701148019848156,0.0326579517445556,-1337.18347248556
96,0.00310861461703999,0.0671846903180307,0.0583867372167145,0.0717307618563919,0.0784030734615647,0.0526604224298768,0.128169311018441,0.119935593438503,0.0860615062574703,0.0357236982104896,-1338.60606751411
97,0.0250262538136682,0.1092242250916,0.0347848579613762,0.0817387588007137,0.070906495980703,0.040361915716604,0.154667863440616,0.147974872286518,0.100956707678365,0.061822788225385,-1343.85927412653
98,0.0380726691638928,0.0366535647484703,0.0334763202475265,0.0772665732966013,0.0698835196672549,0.0643483051550577,0.116583657615089,0.149881798363483,0.0507675361869229,0.0511999971783785,-1344.94436230327
99,0.0444318502208498,0.0973097853554803,0.0399402259213619,0.0704178853230032,0.068286901274978,0.0508249094109491,0.180963463325131,0.113292076657889,0.076165483851419,0.0597171252527171,-1343.37366059358
100,0.0127241420971204,0.0749117416347068,0.0284681625290735,0.0619756689561943,0.0716426772439638,0.0595886212814188,0.118672310681992,0.117721219707467,0.0743160786190028,0.0499709462014753,-1338.1632556799
101,0.00613221684788732,0.099658540133785,0.0344979720121893,0.066641240622713,0.0707819807025865,0.0622507384659444,0.126865482601856,0.0696799287836282,0.0651199901730339,0.0588904101116651,-1344.85097009299
102,0.0197822436395466,0.0968573640555681,0.0299744747132091,0.0594170619583185,0.0769563702087668,0.0287862200700753,0.062530424693858,0.102644028493714,0.0708935310557896,0.0538646646761691,-1344.48419828064
103,0.023472318689397,0.0965774277710344,0.0178422660271846,0.0771000305385767,0.0697660848774895,0.0538239808227552,0.0691719575328566,0.073459767850697,0.0761634601421431,0.039224783247653,-1341.17451625563
104,0.00309987706418176,0.082241196565164,0.0315909392289055,0.0754552500947827,0.0818541906783475,0.0420470420259424,0.106224630772001,0.094196379377454,0.0676213426242343,0.0554484153804727,-1337.34510368623
105,0.0139496467376071,0.105357995818607,0.0287354221455025,0.0578203997533086,0.0858206046193053,0.0435660886946011,0.128901947255677,0.115652879810519,0.0715932824118788,0.0346470245196451,-1336.98744179064
106,0.00895358021183842,0.143911627955062,0.0456695161785017,0.0698328479670224,0.061692393713192,0.0408610334302239,0.149533283415983,0.109708709325379,0.101880739221084,0.0324561453853688,-1340.29275041556
107,0.00624676499600098,0.166426264815933,0.0268895374469291,0.0643522886816987,0.0632885532637524,0.0418454218058431,0.16426483342533,0.127481449551034,0.0302600906907007,0.0439514200070537,-1342.55683903124
108,0.000268814374256439,0.143897671063705,0.0310588551419874,0.0575802070434536,0.10919099891689,0.0455960347342027,0.115327380688277,0.0860806902779034,0.0710121602381393,0.0483570800310822,-1340.46983366263
109,0.0038730165934722,0.0994855147975584,0.06998236685063,0.0622853031596855,0.0785669099166915,0.0391031210073089,0.15317603747157,0.134564978103757,0.0503642904288605,0.0398955496938887,-1341.72022335201
110,0.00336130534245603,0.114907028062268,0.0113687182261086,0.0938597909938379,0.0734202088778493,0.0501936586917716,0.131912122268186,0.140129173411188,0.08627482989797,0.0445870881069981,-1341.15010686761
111,0.0108188248077485,0.0686346198907347,0.0562718473047845,0.0859400152931041,0.0558585414130544,0.0481662741174177,0.150795590026223,0.119294748949552,0.0567937663464929,0.0427621533446108,-1340.43583797515
112,0.0272253210731087,0.112712779872583,0.017206295061739,0.0738095637494343,0.0642328814676803,0.044416754832808,0.146051633682157,0.129995354958853,0.0714303965797287,0.0554071821740377,-1338.91040761948
113,0.0335370779402127,0.130115640752168,0.0129129042719515,0.0826749958233904,0.0610912817536595,0.0480954737594935,0.101190969308704,0.0864622211061998,0.0555799267186193,0.0570357195084153,-1341.39235232439
114,0.0252126173145058,0.137729247653165,0.0335837468321832,0.0700128310597632,0.084662975057816,0.046894274344615,0.077326001276368,0.0905498524173103,0.034607547315764,0.034480921661643,-1341.19969682976
115,0.0359755233811283,0.093257363578855,0.0580922216308359,0.0661530168918864,0.057301845840186,0.0679118311937964,0.12082083214556,0.0959201905289234,0.102570488242857,0.0374676896768008,-1343.33889913781
116,0.0382641254839125,0.0928812299086994,0.0617540523091268,0.078018894196182,0.0948424664943866,0.0410542943285759,0.141119456256133,0.128812105986753,0.104988260759492,0.0401488009045035,-1344.05492409928
117,0.0356929977660309,0.0612084211611532,0.0484104760086177,0.0810459062541639,0.0717627705178494,0.0451429096252919,0.180745621617104,0.148128920429982,0.0581691839038378,0.0452379099166825,-1341.75815576166
118,0.0341538104949374,0.076583048228844,0.0353102657442968,0.0762980147665767,0.103160680324693,0.0316935433897104,0.148029187194531,0.113033766617863,0.0593842590396058,0.0393667673290094,-1341.14551252272
119,0.0172215947940251,0.0845262301209094,0.0378176744909563,0.0561750228203852,0.069504856246738,0.0365458173230941,0.149982087868205,0.119245786071422,0.0675033484149858,0.0424857150096785,-1337.8078964075
120,0.0224590595263314,0.0812897602955548,0.0355125763682338,0.067067008313379,0.0641458774805193,0.0427327474729478,0.123731910855307,0.11710142324834,0.106653894056415,0.0409788260166571,-1337.95823535793
121,0.00489700558080642,0.108629097421201,0.0337926374572849,0.0625372562240268,0.0813612274863659,0.066541650141989,0.146074248217582,0.129369480982599,0.0820080005618834,0.0314171302457451,-1339.68328871247
122,0.0121461364697135,0.109969984577974,0.0257352173920467,0.0973279680560394,0.0745238722845921,0.0399675530077993,0.146843288701825,0.10285828758049,0.0535987563498847,0.0342790334115768,-1339.21247813591
123,0.0129632617845675,0.114399805897205,0.0493815635839255,0.0401803686060037,0.0616826469135699,0.0467648391099601,0.133369278083903,0.106395039775597,0.0890382569424041,0.0287234670429011,-1340.36256187287
124,0.0123268882350012,0.100730576554934,0.0456445121243702,0.0406336043139548,0.0949931515468624,0.0452612498179352,0.121358011167795,0.117556348376747,0.083374852914457,0.0502081190196971,-1340.98497677656
125,0.0136432386281005,0.0701108894198172,0.0694802748772508,0.10047586671707,0.0851724444108773,0.0439564550981634,0.131373627653279,0.12007794818196,0.0848747018248871,0.0523837790564127,-1343.40969027629
126,0.0309090904925882,0.0561720565916923,0.0592296808214769,0.0521211592339431,0.0681966995990465,0.0501809128032959,0.110550037457818,0.112139102283045,0.0648040183464597,0.0361071598113221,-1340.96319699424
127,0.00210286526940377,0.149610654639667,0.0530269411085605,0.0535571872271666,0.0788082604377195,0.0502927630262628,0.13479664180042,0.107486016215093,0.0824761759412792,0.0301254077575,-1339.50452647629
128,0.00853777943959304,0.100516425137838,0.0383266444340881,0.0875086619224896,0.0527029764034094,0.0426556565172213,0.157558835586045,0.127398319681232,0.0838969820987748,0.0276218006780416,-1338.97113822154
129,0.00917069494385077,0.0753258855752564,0.0302440354144031,0.0622108518145429,0.0470935687850309,0.0485133047352475,0.137767073085658,0.13356416628955,0.0627037850557004,0.0451790981491342,-1339.37909752503
130,0.0109726814380822,0.125067737580937,0.0151031035624124,0.0841455619048011,0.0433574363252045,0.0495429617395584,0.123922245286928,0.106206542575677,0.0869573265991596,0.040486251115895,-1340.21304234941
131,0.0108519842054445,0.106257565776217,0.0436560453141133,0.0679662895709722,0.049110270585828,0.04670741722339,0.149932676099875,0.128921571989435,0.0900249142448813,0.0441926421755307,-1339.1187688596
132,0.00824873450830433,0.0831226050829772,0.0372670988554076,0.0643685039719245,0.0956026139002311,0.0461458487303813,0.16384223043034,0.113704686353489,0.0958138819067909,0.032421514934753,-1339.02315550303
133,0.017180474767038,0.110028776536182,0.0424230985207699,0.0624031617037239,0.0664766890570467,0.042092505199173,0.118208501120464,0.135755743712205,0.0810689016781264,0.0350543325668695,-1339.05269762775
134,0.0147128697818414,0.0749377476078426,0.0310237691857778,0.066450880418828,0.0461730886354626,0.0572856516414158,0.109452684621584,0.0792339044829229,0.0845593081390879,0.0415891169252257,-1340.62620414837
135,0.0158988453543197,0.10312287967887,0.0320678179804529,0.070675781706569,0.0481595461433236,0.0580079293589624,0.105869218908247,0.0954782462254855,0.038922783673641,0.0677749928561816,-1342.19135344617
136,0.049070990376167,0.0858916903018976,0.0190538842155345,0.0558136525991745,0.0920515392034343,0.0302701642334804,0.133133626221843,0.0865198626419565,0.0828378004982105,0.0560626074554865,-1344.79153941535
137,0.0222174636815703,0.126539549438012,0.0429043163512752,0.0559656948568237,0.117345966849441,0.0314038250956741,0.0982411624620707,0.102228954942214,0.0634619933985705,0.0414508715990432,-1342.92122281312
138,0.00364498166611607,0.104564804791439,0.0403971409153254,0.0837361234701196,0.0885685438623997,0.0321231798142623,0.124630492226543,0.116378181008204,0.0837524430063108,0.0385233834674376,-1338.63841910358
139,0.0115328206249682,0.0855651588776722,0.0429506948292239,0.056683200232876,0.0783586534493336,0.0587504662348269,0.129638542047175,0.115606530515526,0.0871141607651595,0.0491550411417369,-1338.47323284408
140,0.0264528466160398,0.0847591231338242,0.0480510216326942,0.0709383694431342,0.0740561087337577,0.0516308307991513,0.139604391227676,0.111102239632566,0.074784740544242,0.0309177788591686,-1337.9194827893
141,0.0333388786130652,0.0813793724920713,0.043808186646159,0.0574252353661937,0.0882620388573214,0.0509494298355086,0.132093710718337,0.109048691540268,0.0719466144852988,0.0445418084783894,-1338.37701911285
142,0.0044698205669287,0.0697091782415804,0.0521148682206024,0.0670571238414818,0.0741361800237009,0.0476913376443803,0.12618232650339,0.123562833219405,0.0475667402901314,0.0277439525493216,-1341.64206839872
143,0.0342988673306868,0.0866711582983185,0.0614676025197868,0.0661319773873826,0.0745592404050512,0.0496413554798096,0.149179020108665,0.113559460573421,0.0436302716202299,0.0512845334248844,-1341.97927041865
144,0.00195072082315231,0.128327347671801,0.041025891980967,0.0619164309548251,0.0713076483501672,0.0484092150903533,0.100590688433594,0.100549338504597,0.03915990526723,0.0229687384649247,-1339.81099195312
145,0.00354297685241091,0.106592987117577,0.0314586300818513,0.0630693870622737,0.0770459571802736,0.04024890188108,0.121566561333428,0.100618935742699,0.081395073906572,0.0478640431798517,-1336.16499480589
146,0.0214395391592842,0.118502158364813,0.0262849693581367,0.0684622014278376,0.10480463212754,0.0525219906417917,0.0952803953093284,0.105128002428418,0.0493648689634617,0.0335910059958649,-1340.76246161017
147,0.0286119498866055,0.0810104490558837,0.0272471336201444,0.100680427410837,0.0465650855617872,0.051363299387021,0.107789925497578,0.10608597987168,0.0401296791771125,0.0366503245174322,-1342.08667759186
148,0.0400302555432849,0.0761833696342522,0.0342117819695629,0.0874132151752104,0.0577261623010823,0.0440840392235067,0.110122319868492,0.134862259580515,0.0842796513756699,0.0524821226998233,-1341.54343574454
149,0.0277116318189869,0.0512283854122004,0.014535492553927,0.0859344511768255,0.053184349069578,0.0494012968915578,0.156899026757275,0.127694213026574,0.0769168962527882,0.0554554382216363,-1341.16777860122
150,0.0225526308410801,0.0592366857038322,0.0265590554490319,0.0835379857673791,0.0546431710828334,0.0345491170848431,0.1363889667035,0.107356374839509,0.0618606385355211,0.0650679121139068,-1341.09947238208
151,0.00803109407924858,0.155282954051528,0.0307776226062546,0.0671627945293421,0.101178050282626,0.0561671523075222,0.134459801287102,0.0924685462666786,0.0579708121477039,0.0663110681105197,-1344.51292074413
152,0.00301932527484619,0.0908229031602393,0.0419949852853958,0.0612055868564411,0.0893773127319656,0.0476096969863898,0.126237132131401,0.102207964882079,0.0744230889822248,0.0555943583330875,-1338.00520393749
153,0.00724908016471565,0.0942380911830771,0.0223759863702311,0.0762392971477149,0.0495149055937217,0.0482888532170325,0.101151951852663,0.0972770436336595,0.0724161924468852,0.0512567047094671,-1337.37791390953
154,0.00312838889716514,0.0910185531534959,0.0421660280485085,0.0515057718306973,0.0827828495114621,0.0411021544027276,0.128972140655169,0.114152773590186,0.0561041920818505,0.0337737061009343,-1338.60384054522
155,0.0225215762782137,0.103008456637239,0.0410012910767472,0.0686065511422346,0.0842587995750593,0.0539727618770354,0.10538252667109,0.0947063556868987,0.063834505805913,0.0395705940732729,-1337.45206630951
156,0.0281762576090791,0.0899637518201724,0.0338554749313905,0.0625862357468905,0.0772561693993804,0.0376638280516991,0.136788769873599,0.125274557274876,0.0731331549349641,0.0343422603550098,-1337.71293677088
157,0.00890498527246748,0.142184376144969,0.0273920727702239,0.0734296501003597,0.0724253168213994,0.0485112982872,0.158235043144617,0.103021979288919,0.0810123003644055,0.0438702852584146,-1339.36233284561
158,0.00446131565053156,0.0995741566526448,0.0290244235547392,0.0741888629251644,0.0670963464266201,0.0513016130319704,0.100997864738892,0.097499936429527,0.107457810612443,0.0367229303412368,-1337.46540914449
159,0.0107908335579127,0.0930019493356877,0.038909158961134,0.0745818407994092,0.0659577191093451,0.0592178183253539,0.117844076794994,0.0914273980672446,0.0499864886999294,0.0502007485359803,-1338.91058574828
160,0.0189459190772423,0.088825543859534,0.0337549709753038,0.0684984293867672,0.0781669382727824,0.0290186300278797,0.136236132987972,0.109855421336791,0.0542818311268834,0.0504557807498721,-1339.1698032117
161,0.0212033014130936,0.0895079021353431,0.0334359010058287,0.0689654039394822,0.0766458104464258,0.0431612103915594,0.133528518611666,0.114115002340203,0.0708224747046009,0.0514476484964389,-1336.63009824894
162,0.0113908718262917,0.0900735115531562,0.0423262996421195,0.0666639900504605,0.0797926691734821,0.0436304432218961,0.135075199944924,0.123317007859172,0.10470583925588,0.0416129005914937,-1337.84341552537
163,0.0281539593444485,0.0636375347672013,0.0188545186976009,0.11922914358013,0.0786093235336403,0.0418590597250827,0.151827450518434,0.138560493443378,0.0707515130524098,0.0336643730293535,-1342.5302713027
164,0.0101415611255017,0.120499970807072,0.0212485504121729,0.129527669061141,0.0794805463237048,0.0706082954226134,0.131265199032338,0.0978330677152545,0.0514435690165337,0.0303161641703614,-1346.169169279
165,0.0115279094587017,0.0661598802518236,0.0232472168824029,0.0523560295872333,0.0725676146973679,0.0242283258802942,0.107839264575208,0.086370315990637,0.0656060534189864,0.0313099058599445,-1346.1971025047
166,0.0235878495482124,0.11397949752969,0.0360560931353259,0.0687492225763936,0.0782606852886224,0.0677387945984882,0.0667907607666944,0.0869627422170027,0.0669548284990009,0.0567443214450421,-1343.01925540331
167,0.040564034258391,0.0419661707348863,0.0311782539938474,0.0931685583771337,0.0812347961064292,0.0582348157012927,0.0767454920854295,0.0729071420623346,0.0697941922681472,0.0561954897030255,-1344.13509584516
168,0.0458069512135435,0.0503185387886201,0.0423019561804505,0.0555345695371116,0.0658336782314155,0.0438168558066086,0.0738592199668897,0.0754083084941893,0.0800362160095341,0.0573473952034167,-1344.342893437
169,0.00946337477959499,0.0669941592783127,0.0381118938884036,0.0824826664024777,0.047285269047356,0.0592170452326889,0.0999487971751704,0.073941408711477,0.0818828832874346,0.0221670210584211,-1344.36186761269
170,0.0115205990560277,0.12250947517694,0.0221393192906733,0.0602464231626122,0.0525784872953158,0.04843741298516,0.0792637137160926,0.0886894897571479,0.0690653746121741,0.0535592319301142,-1339.56207528117
171,0.00187010357092977,0.0637359820353775,0.0234509394912849,0.063692872563087,0.0823660629409132,0.0344606246629757,0.0900002227827905,0.101561073216403,0.0779665672395487,0.0306718639172473,-1342.42445917224
172,0.0152077951100975,0.171079070353345,0.0637609551655642,0.0577301529179963,0.0776099264616852,0.0452864429352045,0.104716278552413,0.107444692050131,0.0605743760887028,0.0215238849847168,-1343.83424087121
173,0.0201801812736167,0.070854858200343,0.0321317225460145,0.07385053028973,0.0633331497288405,0.0436786559067562,0.141351048101135,0.117871183867269,0.112274430665901,0.0235389762236892,-1339.61592318865
174,0.0146806912264805,0.131894378341445,0.0182535018005474,0.0821507479820988,0.0596184368796896,0.0570304061311829,0.138284836585056,0.11775000368536,0.104703517509643,0.0265359053284631,-1341.31126380838
175,0.000766790878492338,0.0870834984770698,0.0187495396156468,0.0992149260108043,0.0753148696424967,0.03599668396867,0.143495724344677,0.121298003506366,0.0573713391388141,0.0299696024768068,-1340.29116700059
176,0.0125841465593657,0.113189699954356,0.019733679453922,0.0810932587248673,0.098064219937618,0.0481653562453416,0.096600563632656,0.109687561909039,0.064776016580949,0.0377811201133989,-1339.39903953631
177,0.00134304010823014,0.104886517986427,0.0181447966112458,0.0771953421383499,0.104134623866915,0.0527580332696261,0.149220733467621,0.109244591918794,0.0617103263273162,0.0324336201521907,-1341.13716537828
178,0.00174518894098531,0.132416262348485,0.0340842689036685,0.104860274050074,0.094036968915604,0.0518180073316796,0.120036230929752,0.124075656776885,0.0645911701883344,0.0251863972375024,-1341.71570679909
179,0.00284811893405572,0.0799154553547704,0.0252860003359334,0.0844684479862787,0.0901096524521134,0.0397153451372365,0.128298618796597,0.0962209033592804,0.0708301341204453,0.0310587078535754,-1338.98811410798
180,0.0170384348445607,0.0987317653580139,0.0246620702585967,0.0556986609490058,0.0839901361788135,0.0405172517616007,0.095711021803225,0.101603399910126,0.0761034901922061,0.0388115182264027,-1337.96114813787
181,0.0315900469867679,0.0947737945662641,0.0314879061418085,0.0888702152338422,0.0818387112847228,0.0488682797141627,0.128185701452241,0.10095890422893,0.0477082881841249,0.0418931092858419,-1338.84715825389
182,0.0247185546044071,0.0696421658855349,0.0342730419551691,0.0539880176316402,0.0728777840776748,0.0390832723708248,0.107830753500819,0.094172220487606,0.114545920885892,0.0345615257652069,-1340.59840043863
183,0.030785209300108,0.110558826455228,0.0129219392468589,0.0709388029342377,0.0681603516187221,0.0418774268960376,0.128247023142598,0.10243921830939,0.0843136388715352,0.0438144467012026,-1338.68410678483
184,0.0221963574407667,0.0987642888593641,0.0142078166010026,0.0687283075785356,0.0696609734440191,0.0388336235392691,0.124179629185265,0.0961206097672899,0.0749332366344047,0.0518171127290993,-1338.26831295775
185,0.0270119418675882,0.0912934728682626,0.0367526990661509,0.0673256930280383,0.059134933754164,0.0708092726858792,0.0960302954022609,0.101436034259366,0.0800214543185011,0.0557988284000556,-1340.91558687609
186,0.00116437812533204,0.117829212915591,0.0757106225611581,0.0485588388909972,0.0882564125936399,0.0579106179850986,0.0900875826369051,0.0692906875870094,0.0795365675428127,0.0309076387812215,-1345.69625772518
187,0.0128774696581544,0.0516686017560603,0.0179463600548016,0.128298014339323,0.0826876963414878,0.0623087064398506,0.0848282638272213,0.119393663967699,0.071209201001264,0.0525061639809783,-1346.84582852287
188,0.0126945553258166,0.108005077126764,0.0249327878255091,0.0828931133671049,0.0731577900911797,0.053037326506503,0.185881047114409,0.148456824547892,0.0498035169056361,0.0524167054019042,-1341.35049961544
189,0.00347556108670405,0.141208931511089,0.03337013606567,0.0834859527380931,0.0863313724526641,0.0620974902622222,0.172094643147948,0.116292699605532,0.0665988836800461,0.0233074503115832,-1342.28689073812
190,0.016364097842339,0.139563748959338,0.0565541323646327,0.0402548573238525,0.0792955719500621,0.035217026091021,0.136276368391633,0.100258109447161,0.074063119618347,0.0457055625547743,-1342.67033678237
191,0.0114131471082255,0.139551299632801,0.0316969364760894,0.0638379333064949,0.0746978975216984,0.0431386424892989,0.0912314295329593,0.0879076748207068,0.072417845599874,0.0383812728256042,-1337.77920648918
192,0.0193433482188531,0.0914606083120773,0.0359198717596452,0.0845861755662745,0.073394184330051,0.0496344472242607,0.100126688877898,0.102686389202778,0.104904794362867,0.0400783689921351,-1338.44760879055
193,0.00714339262696917,0.0863157697187006,0.0490756767498963,0.0752739491123592,0.0750887267309622,0.0348022833173768,0.131552877706257,0.131216613662529,0.122080513044411,0.0374543295725741,-1341.34221005138
194,0.0123038268248141,0.111627032923576,0.0338866772942901,0.0803478419967563,0.0751438986235893,0.0477728912432904,0.132588468347229,0.115875050245095,0.1100324838679,0.0466665776745222,-1338.99580718498
195,0.0094777960376191,0.0505277617775489,0.0362357841360349,0.0641536401470255,0.0689927338211275,0.0478495560382697,0.124767773633291,0.120199350515897,0.0805967608541264,0.0474270396494137,-1338.93062302874
196,0.0157072137084819,0.0689009981656187,0.0589942031351441,0.0832066699352516,0.0533798218793754,0.0396736763756323,0.142218548416704,0.104354132828195,0.0770920992203047,0.0367712859649083,-1340.72890367039
197,0.0282630290284034,0.07452417733995,0.0273135210917655,0.0544368857583242,0.111767784593085,0.0558746800554607,0.143270934234855,0.131589976487098,0.0794602753300371,0.0428358346862161,-1342.9868759557
198,0.0158839553656584,0.126212946364239,0.0367801519669832,0.0735962112618847,0.0499893438804134,0.0446192658552719,0.14839434178749,0.126656744439667,0.0487797139057364,0.0434376701216041,-1340.25621411132
199,0.00196040054787698,0.0986040191712434,0.0390078544564659,0.0865712959584926,0.100330269754498,0.0385759452884965,0.141278987558087,0.0915345805482591,0.0690101302179497,0.0292340745230453,-1340.4545739326
200,0.0226943737323234,0.118337746813787,0.0306504004460316,0.0881644787434576,0.0702325462081328,0.0473604126762606,0.0907553744415935,0.093849292614645,0.0930419925657664,0.0537380359928085,-1340.30725125811
201,0.0025538343801777,0.115666065877894,0.0431100535784283,0.0538515821957292,0.0744193007503998,0.0640042816231025,0.119904728790087,0.0953879643993768,0.0519965385651421,0.0171956568311645,-1343.4294666229
202,0.0339554993604457,0.115861150548571,0.0412197328113114,0.103411372317393,0.0921971957838996,0.0518327403940442,0.137878556501292,0.0989007033730961,0.0550060357914953,0.0409460603334036,-1342.88445947654
203,0.0325659449536864,0.0544495334213912,0.0326865176854722,0.104103038698259,0.091817156245153,0.0318731604896951,0.163266252311046,0.107355100114751,0.0984464198561883,0.0420709513382144,-1344.88062130927
204,0.0134191058953204,0.0576500553337643,0.0313192901298212,0.0689163343874383,0.097354842812213,0.0594042389990458,0.136344112600549,0.104726853425283,0.0815887995212897,0.0621701228842517,-1342.61376286228
205,0.0302666051491625,0.068671460444311,0.0327376257432325,0.0772219546265002,0.0468221600866689,0.0571907591554686,0.121038980857047,0.111627254409604,0.0636721478160567,0.0347596134593538,-1339.32830960214
206,0.0139535139063197,0.0764215159232488,0.0288849941654207,0.100379246039984,0.0563864644515039,0.0467330888540159,0.145983228190118,0.134263176703427,0.0564787528178155,0.0440919997381179,-1339.38713927007
207,0.0164541072537717,0.0896086441175755,0.0339990495914494,0.0601631226924448,0.083264247703435,0.0279923647152571,0.151894742866988,0.143285902969703,0.120455048067299,0.0289017898199296,-1343.55773745695
208,0.00684075517004329,0.0813463755926505,0.0307459973147787,0.0678516060123771,0.072518542871844,0.0592418915258201,0.172119911613335,0.13735186609608,0.104154937942984,0.0225601593490064,-1340.62538917125
209,0.0223640814309403,0.14664392404238,0.0607011812157996,0.0384012499516347,0.0819153788468759,0.0585778276802041,0.163865461792076,0.124397438208816,0.0754778434587135,0.0336384918049251,-1344.76942958674
210,0.0363999448949109,0.065865557478559,0.0589091291576001,0.0467854025627622,0.0786219501521457,0.047529448747096,0.117638668871989,0.108872375330327,0.0942400427213918,0.0517633816493966,-1342.41565856514
211,0.0152630747117516,0.0898307744354518,0.0455117188231098,0.0893929733979283,0.0835196072901482,0.0406370224150686,0.113371851311588,0.11074595600551,0.0714520205265883,0.0419235486173895,-1338.0788972405
212,0.0391946237422886,0.0650751181255707,0.0272898534388636,0.0860565305954556,0.0673939705605978,0.0618695081344783,0.153020528029455,0.114998080819282,0.0649043781293203,0.0474027322892865,-1339.96090342674
213,0.0394321608971404,0.0573308108792577,0.0383981440365588,0.067976474405389,0.095010481558276,0.0487295697389779,0.10087356936576,0.0956564218710374,0.0944093398818605,0.0503220132958762,-1340.82820855626
214,0.0239119954663614,0.0751078377065702,0.029258854747806,0.0750211583368314,0.0466897176571724,0.0464002500506871,0.0982102492003537,0.10541015838865,0.0923708476692421,0.0368178751389023,-1338.74150174849
215,0.00230456132438515,0.0874143400367197,0.0252892218144042,0.0758524658538253,0.0922517023211677,0.0362706029801117,0.124769541843735,0.124953565092138,0.0775962121514881,0.0413798519371178,-1338.37301671423
216,0.0410828327820277,0.0898375223625028,0.0173338709273021,0.0805821756067769,0.0789368060208211,0.0480965383818013,0.145337545945554,0.12793720793771,0.0610365633727241,0.0385847847402751,-1338.88334432527
217,0.00733169976863404,0.131049340925976,0.0254139906699421,0.0870004577056353,0.0690975603139624,0.0375322787151089,0.145225996333733,0.107468483886225,0.0701922332161174,0.0283469175328981,-1338.40478980806
218,0.00501513380334892,0.0745210994600529,0.0364427026238769,0.0946140741340173,0.0705271244202228,0.0484138003797822,0.108645476235603,0.107001618734939,0.0906160176219512,0.0665994341992071,-1340.64312850314
219,0.00451357398936961,0.0932020091772182,0.03043087612222,0.0861832871354306,0.0632587803017144,0.0451573843586751,0.10759791754734,0.0961370570968114,0.0491975391293642,0.0670228909681428,-1339.48283531353
220,0.00694708716640111,0.092725841983355,0.0469843081080391,0.0975077573992087,0.0793601038780089,0.0459568303809677,0.110056349539195,0.121729474943171,0.0614777181468654,0.0720055879487567,-1343.1729333191
221,0.0132709222430561,0.0855977807605977,0.0396791574282358,0.07631497568333,0.0839537346733307,0.0463155470640654,0.118938635628469,0.121582571504917,0.0709916720564649,0.0262428758574299,-1338.46182094767
222,0.0233860949041193,0.0633337339579443,0.0461641464194935,0.0609680676610798,0.0791493687222054,0.0546171110308879,0.137159190023961,0.120111322726506,0.0705015405689075,0.0481742492721625,-1338.73636552311
223,0.0183035763736765,0.0931729554200814,0.0222045141232105,0.0815414688116164,0.054173956103657,0.0442192891291816,0.116160436566433,0.102812770865139,0.0854466848225822,0.0337833523855087,-1337.35311617157
224,0.00995016152444145,0.123908333631847,0.0292424572029985,0.0782873954686061,0.0565103351761527,0.0462094916494695,0.117390804954748,0.104472088460531,0.0580866404744515,0.0248476049931994,-1338.28488112298
225,0.0224493497778881,0.109298986871758,0.0312980844210426,0.0719211797960614,0.0725054705243921,0.0484185117589473,0.122239562272442,0.10889729503184,0.0589143195055247,0.0372649236116887,-1336.54394087982
226,0.0103740135336814,0.0563302721795562,0.0457835838325272,0.0865183567160959,0.075017484323257,0.0484057711472147,0.143365225848356,0.11393293028609,0.0847546792409381,0.0393003889056848,-1338.51754151458
227,0.0111114249098082,0.109209254461482,0.0190494567508922,0.07897987359578,0.0889964256440048,0.0501389557365575,0.128293122663243,0.121894275702433,0.0670145814052299,0.0487884664846345,-1338.17083475821
228,0.00511388249845075,0.106418794823981,0.0157944140586892,0.0834400637296033,0.044829273891346,0.0567227884944809,0.122237610231174,0.0919030166498289,0.0603802577060232,0.0616460452802056,-1341.88764004939
229,0.00528758695395724,0.135748821980875,0.0183601496018424,0.0845851512062791,0.0755794805829454,0.0566985974909505,0.097161049798048,0.0783542038852412,0.0465491440189568,0.0422441406646182,-1340.83194088065
230,0.0148321080294919,0.0810398800614192,0.0347248489968888,0.0595475980473337,0.0909588203688787,0.0476917630823431,0.136675417245018,0.103967363812796,0.0584928955524485,0.048038346227919,-1338.23760567704
231,0.0160417356037657,0.137222479203143,0.0337031210270212,0.0814309167177775,0.0581554764932388,0.0497208856217755,0.120034375456897,0.102746194532396,0.0568324001334583,0.0400026861034512,-1338.51774972636
232,0.0051602130064965,0.136790297779752,0.034110311270271,0.0631447096592872,0.0757911041301776,0.039655009205781,0.126370855310306,0.114588973452204,0.0482172206003941,0.0376542537616715,-1337.47017360463
233,0.00896203994526264,0.180264041749969,0.0228905976739283,0.0661664076029127,0.0876114001577176,0.0340043027042714,0.108719239398335,0.101001938637042,0.0675766067649956,0.0371877383410436,-1340.43369470657
234,0.0146767194995269,0.13992494675048,0.0364264058970943,0.0643234400168962,0.0765469462065129,0.0509147313707829,0.115039811334129,0.114677821624046,0.0735887381494888,0.0407583027258941,-1337.92186270244
235,0.0260023547429773,0.0605719181441034,0.0570504762814164,0.080636699782367,0.0714116949737595,0.0470151727521723,0.133821257924604,0.123719848413149,0.0788428124817104,0.0431064139058864,-1339.31463856182
236,0.0282495751493448,0.0743000049644465,0.0522036085891363,0.0709411297223476,0.0655780484269907,0.04407348528507,0.121247075451563,0.120757290984963,0.105431068848575,0.0468373204330562,-1340.25731119214
237,0.0448939242811428,0.0574957798736679,0.0201020112182255,0.0824488475177781,0.0701952610271352,0.0344503335972813,0.126795203342609,0.119643530957941,0.0696737494449644,0.0594467619448565,-1340.53545311702
238,0.0306866130689934,0.0943550037815753,0.0260510953020832,0.0712721304880785,0.0599272254679954,0.053966623958293,0.128989945562543,0.116780093207722,0.0606264625081402,0.0526151725475575,-1337.68058327244
239,0.0283780871674808,0.0914064979188771,0.0377028324299377,0.0697466709571609,0.0683227472011702,0.038928049918775,0.107503303775928,0.118143731842412,0.0653989266475243,0.0462295064846446,-1337.79588497099
240,0.00984235514654106,0.0891623650408304,0.0509747500541859,0.0696585330362024,0.0945418534121913,0.050067916457141,0.121404134122088,0.102938971160051,0.0786165392582267,0.033008708218063,-1337.92033039226
241,0.0430587818242334,0.0769076456025726,0.0274178887069945,0.074154334207271,0.0555405013363369,0.0494322742985109,0.132422496610672,0.127185354125752,0.0779836392272746,0.0453456716553659,-1338.47029839304
242,0.0579359936842295,0.0753430277323174,0.0275259222552697,0.0742345418084624,0.0585720678928087,0.0477954549631649,0.0981944139928041,0.0818216467980253,0.0597132796115009,0.0494379480407717,-1340.57798632917
243,0.054425235343166,0.0861755406959045,0.0394483782098082,0.0679522788400624,0.0713069893854774,0.0523630149464965,0.0907324572607537,0.107143477482051,0.0602057863288863,0.034759297866251,-1340.09819589808
244,0.0543269733947938,0.117565152000482,0.0229790721011276,0.0712898325263184,0.0728142269001218,0.0528346280109024,0.136882697224695,0.10975149718996,0.0625720589872207,0.0387980152293231,-1339.57002878197
245,0.0386946585271108,0.0892805580664793,0.0298215707962937,0.0608977181598398,0.0705382696772134,0.0486308212162408,0.134927577555578,0.10629450744698,0.0821421412473843,0.037787639671855,-1337.61759734048
246,0.00412768671282582,0.12886354518113,0.0317959746957285,0.0824244465156903,0.0541025458347648,0.0481264805501679,0.128065533899843,0.111814410843901,0.0852941954359613,0.0415265052343122,-1337.78528394084
247,0.0180165914021241,0.119893845824853,0.0307585639734475,0.0653224665320998,0.0876503657342518,0.056177849243876,0.144250483809237,0.120301964755579,0.0769813132306378,0.0259993923167072,-1339.23212000095
248,0.0163340761544464,0.133479344965056,0.0391386287359528,0.0442953095630153,0.0804247067840458,0.0539246994718312,0.125100962295708,0.0936171230835871,0.0671439455620612,0.0475839117380386,-1340.30661906923
249,0.00215986493361161,0.11715819088912,0.0317710309151806,0.0969139837198877,0.0559473898603463,0.0497814061477147,0.109527385459938,0.100672404758139,0.0716904305981886,0.0380706327672647,-1337.84023404104
250,0.013370064161333,0.0883210127781588,0.0288149289235427,0.0605122770475712,0.0740464167678767,0.0485675202533696,0.114092270834651,0.109542653018819,0.0743467566856543,0.0499692879589129,-1336.49235115039
251,0.0200815445953767,0.0978461966603004,0.0312767479395105,0.0603292561570423,0.0488775250015054,0.0480179928059328,0.105614305606769,0.0971269239419996,0.0883687833883722,0.0518359761678015,-1338.60386840045
252,0.018928210165434,0.112107402429192,0.0309973922553234,0.0662970479355252,0.0678254075877338,0.0448588850501814,0.12397566518016,0.117855616877303,0.0713602482376548,0.055584300364505,-1337.34450175504
253,0.00189701353250455,0.11376928350297,0.0265953983467113,0.0630303795832391,0.0569860408282546,0.0388975241712811,0.0965180738391553,0.11674805952708,0.0851180925025601,0.0510453657736613,-1338.71684973768
254,0.000348194055108973,0.0731136582890115,0.0238230775923773,0.0560096049147944,0.046406420669674,0.0395187749990549,0.148288769478603,0.127949777520628,0.0932529345640375,0.0417906321189399,-1341.07399499493
255,0.0305857579966569,0.120028460418827,0.0273241155991504,0.0623236853673101,0.0946209284839344,0.0399610776899342,0.142120402648247,0.110600418846963,0.0491538536628971,0.0447476515645613,-1339.02058157889
256,0.0199273805610238,0.117995194138263,0.018428128869093,0.0763600936579569,0.0973838813829238,0.0450979884444745,0.146295314945394,0.130797397165285,0.093495962940344,0.0450899391412986,-1340.58599627978
257,0.0137458850669519,0.116699354318994,0.0265225987732529,0.0894900490539279,0.106659498133572,0.0462025626340739,0.173772429684052,0.103053534409718,0.0741333913910354,0.0431163766492043,-1342.56545106939
258,0.0398117701496354,0.0428713555631045,0.042741027106604,0.0872047406586199,0.0987136573939286,0.0441609300786841,0.153687422567256,0.107420089294838,0.070962982765583,0.0486423546784731,-1342.42857017971
259,0.0259721778819532,0.0472162346733289,0.0292321159848646,0.0812416807750784,0.0823960468965735,0.0371063899955223,0.0918169740447024,0.0832830210573145,0.0791511892937694,0.0423270879549602,-1340.91969523278
260,0.0209973971646741,0.105178567012901,0.0308270866115133,0.0598994900491997,0.0807722466237398,0.0403334916316333,0.136146946467155,0.0933106925240042,0.0850982143558663,0.024085857993257,-1339.62645582923
261,0.0291018877006609,0.138532874713616,0.0330753585247529,0.057140467499217,0.0768401636809305,0.0390416595053049,0.0772070963411241,0.0872875525355924,0.0343207764651125,0.0182329086693931,-1345.47735290342
262,0.00531698806916098,0.141513421620827,0.0371404183321586,0.0854535982380447,0.0923072581376063,0.0568315228627536,0.0921080563287689,0.0961559898584538,0.0338750954045011,0.0523542453928646,-1342.06157784195
263,0.00787666062652805,0.0843465414878144,0.0327493518283631,0.0950467018637209,0.0809912954120611,0.0520456696836625,0.108939619738335,0.0990542649435056,0.0247358727923691,0.0507123597291727,-1342.76398920953
264,0.025532823534216,0.0771885348150326,0.0286821578409668,0.0510419247762685,0.0673910642618789,0.0365709471724081,0.0988815986502567,0.0936685692951115,0.160381973019856,0.0292281145943554,-1348.21898895286
265,0.00467751129627635,0.0844978833898468,0.0282848531355793,0.0598733089131142,0.107342930543079,0.0517523578384109,0.127076992928239,0.123741762599793,0.136132801554127,0.0300209202198392,-1344.6097890688
266,0.00333673336041648,0.0970764141179082,0.0455969905386578,0.0801448279406855,0.0638192608201092,0.0500072888579881,0.151904098785757,0.119946678227164,0.125129075530183,0.0319877136554945,-1339.89591953997
267,0.0102668504485978,0.0765909485381511,0.0196783656080645,0.101549099166057,0.0795762254345524,0.0456353030354508,0.131855504999572,0.112139110465318,0.117872088369418,0.0463693283972171,-1341.21935254114
268,0.0027876216212612,0.0786714251062334,0.039336201690109,0.0906145086373688,0.0949979924851913,0.0470337834974866,0.143460823162811,0.100838221830854,0.106995235129294,0.0344892924985969,-1340.33303520599
269,0.0101874667920312,0.081460180611256,0.0459849964908104,0.0937024289506033,0.0488633643634296,0.0410573093345066,0.14548297651195,0.0973094018632282,0.0656757475117135,0.0524508768951405,-1341.78917207871
270,0.0296030709321488,0.0910389256431936,0.0271357624044745,0.0876032802522074,0.0764124325447778,0.047576138455532,0.0898658449752421,0.0964257937506421,0.060469397393981,0.0398749042426809,-1338.00265192786
271,0.0268893508344665,0.163376762261329,0.028435863237009,0.0433705548518583,0.0837403280549313,0.0485598806062632,0.110633016595513,0.104340498654789,0.0616572760372741,0.0360816370614385,-1341.51507961559
272,0.0184721167152968,0.129274409531166,0.0271280527410155,0.0640678818809868,0.0791522942616702,0.0401324873640986,0.112450570712277,0.105658808214445,0.088202836602419,0.03808251995698,-1337.61762772722
273,0.0238562064088169,0.132063726714044,0.0156313186078578,0.119815300935429,0.0808231264090051,0.0501393844803369,0.106581648291213,0.0945160294311273,0.0531901486145699,0.0314231225130315,-1342.79952824512
274,0.0225858038726877,0.166361378761952,0.0305051455922092,0.0432164309699921,0.0710151582772692,0.0541123363871045,0.102159467559733,0.100010157187969,0.0588058109362183,0.0388628132554015,-1342.07336256404
275,0.0392785684740305,0.115010975160539,0.0366700134841712,0.106680708990376,0.0593394720240809,0.050515011302959,0.116007841290302,0.135857030245282,0.0838169453253936,0.0251258043206791,-1345.11631757153
276,0.0150830171907381,0.0598455387993474,0.0336210738533274,0.105439625343222,0.072679333813573,0.0583407964391108,0.185373422552823,0.137263318995443,0.0881419260224339,0.0500057855058104,-1342.83043478718
277,0.00955257739027217,0.0701136149961179,0.0264151705563456,0.0989106950922843,0.0963206548972004,0.0385531739837022,0.118805911679264,0.088285682550792,0.084516196260013,0.0476551455962905,-1341.08793688439
278,0.0027583386999304,0.151085764535609,0.0306003874571346,0.0428846965456707,0.0661090450421949,0.0379905263947742,0.0900199197846881,0.093863269362718,0.0688326736187005,0.0458476208119408,-1340.63705675583
279,0.0176461069845833,0.136805911835669,0.04434599807908,0.0823926581738113,0.0837186794902038,0.0346349943398471,0.139933618175854,0.10040377998405,0.0375238514820316,0.0293375864444909,-1341.56296809309
280,0.0151085950564459,0.120061760814194,0.0430254865164756,0.0419766651356396,0.0861333678229041,0.0378259876284899,0.0946563948395047,0.0755831679508385,0.0693113885649543,0.0499957739368294,-1342.18063231987
281,0.00180528306256289,0.130278603043469,0.0290653531699833,0.102974823146894,0.0683528192618771,0.0483605881089109,0.104044230241527,0.112264405866313,0.0668748386918936,0.0439015477898699,-1339.11307626819
282,0.0088205307722847,0.0642539762903594,0.0321422379556734,0.0796032291583272,0.0607982115892695,0.0580626676672564,0.113837843964363,0.117776657943383,0.0665607044273941,0.0395710545085501,-1338.17772628937
283,0.0338143518795313,0.084536701764084,0.0428150442679302,0.0744341882165252,0.0807254262312707,0.039107270417072,0.152618495608788,0.125110047149723,0.06111829088354,0.0535818664624861,-1339.36988426756
284,0.0182580557335632,0.0562509581737447,0.0337078244617336,0.0762522190530703,0.080541069662353,0.0637983205295148,0.0909396541507018,0.0976967279751734,0.0696971410785003,0.0278382653100197,-1341.44388797401
285,0.0151230284163635,0.138346607613095,0.0333622788534291,0.054674105150505,0.0791166867785596,0.0618987855345904,0.143176088467687,0.106252552494234,0.0456692898635348,0.0607074866904924,-1342.62889885458
286,0.00609009773477098,0.0912975041464102,0.0404677324782291,0.0673480802571069,0.0813231744817393,0.0431998284186316,0.110126460497283,0.107594904588571,0.0869815671557281,0.0494201908685869,-1336.82196051249
287,0.0218687933203299,0.10839239314238,0.0202576721681148,0.0787550055344755,0.0548889953182181,0.0441666734597541,0.141448367261496,0.112296822134327,0.0494015152711353,0.0370894087990094,-1338.92057759305
288,0.0221362360877533,0.0775818920702052,0.0314487078873548,0.0843131865183016,0.0601522839161899,0.0404749840651078,0.116893409649909,0.102669954519479,0.109632874528199,0.0439358979167216,-1339.00455476761
289,0.0164532344164501,0.113922166867348,0.0143843467142755,0.0740917679434042,0.0795142507519336,0.0556253594756322,0.144655288280004,0.1249606730238,0.0556682111715859,0.037168175589388,-1339.6174678637
290,0.0163549080196207,0.114324707428898,0.0567080261771893,0.0687555194100049,0.064067448667641,0.0503967582780167,0.132199667285172,0.123741718990421,0.0967384113221571,0.0382826412904134,-1339.76094108779
291,0.0136404731161681,0.0729779872985273,0.0509824821656014,0.0702317560256547,0.0553912970843805,0.0417613122209936,0.153209475260179,0.131971166502053,0.0872232494824075,0.0382935508790695,-1339.02847493444
292,0.0213439493833878,0.107148102612254,0.0344918564093022,0.0865306188901211,0.0676621233936868,0.0487911816714947,0.145429953073028,0.107915540235438,0.0622252458897253,0.0556301316237481,-1339.0433257338
293,0.00829132901572341,0.0937186360318552,0.0250991601319318,0.0875670650524159,0.0720268001899845,0.0496516246025887,0.127457755162643,0.131179065079338,0.0406837250006423,0.0525066485693068,-1339.63801483674
294,0.0265552660711977,0.0800272952730943,0.0263612443150133,0.0997367642862467,0.0821878178303903,0.0550769278744604,0.143814149732358,0.109305982197517,0.0516625151688146,0.0562924001480106,-1340.5919626251
295,0.0304909360542524,0.0453935263966583,0.0281715062509981,0.0778382656417824,0.0989562720767448,0.0594929750453584,0.0969352390433612,0.0958581450898386,0.0473719313619068,0.0485167873237138,-1342.69138408046
296,0.0569913267712911,0.0978397939457758,0.0306937789441202,0.0804985321331121,0.100475193412506,0.0650627314384162,0.112125312622759,0.100302231159362,0.0852560015092004,0.0459067608722264,-1343.77550315498
297,0.0287405901352295,0.0605905101216154,0.0306794267404071,0.0550554053028729,0.0764565157630647,0.0589623022353659,0.117480466148241,0.109476542018584,0.0695889928471752,0.0618019670830499,-1340.64834474308
298,0.0148850345544469,0.0938702119439413,0.0252090309051896,0.0907924686745569,0.0810672886185048,0.0314482524272758,0.131122403291136,0.11753279501771,0.0558747092610563,0.0532089595663397,-1339.3088036908
299,0.0181960889959094,0.0744933457408136,0.0224760178800316,0.0879262548169286,0.045846448936984,0.0801495942899449,0.080787071046967,0.086121981846426,0.0801703225047678,0.0356903239293615,-1344.51093765532
300,0.0145476102403854,0.084160383947399,0.0124366765174411,0.0810230821396453,0.0719886139490174,0.041310082854235,0.118277220950613,0.0852859863095005,0.0640085663185302,0.0498493039869902,-1339.52123009286
301,0.0168544712514179,0.10526379135987,0.0123236073197599,0.0567283915043285,0.0593023220917756,0.0536238429684059,0.100015790620591,0.106689752778238,0.0606093645103865,0.0477268363416099,-1339.95476312837
302,0.0252333447762526,0.0979333057301692,0.0472606571961702,0.0666219502546835,0.0458349473054547,0.0500399225602185,0.114130891139242,0.110948673725253,0.0721261193685685,0.0539726029415658,-1340.16733186728
303,0.0350638080461868,0.0899834072807967,0.0120881858049623,0.0912990296161712,0.072416998964278,0.0679819446456115,0.10849553994666,0.111307267319175,0.0816008746328395,0.052993951499537,-1342.20959932468
304,0.0156562287262175,0.0736663053012498,0.0343800025129518,0.0608618937124678,0.0576817396110861,0.0659413921700178,0.12736174701224,0.130681166456996,0.0927425735890437,0.0399204856791728,-1339.85231790461
305,0.0139412980223233,0.101576798153682,0.0321952118933825,0.0706095285649826,0.0753798708197202,0.0337551691402706,0.174120781586413,0.127501041047494,0.0770663484087877,0.0396388490377864,-1338.12475236974
306,0.0139573012043012,0.0851695239688389,0.0315083417928788,0.0598054255090857,0.0885412276484944,0.055552985682044,0.11411756632151,0.107133809154518,0.0764710293356688,0.0429110642300196,-1337.59415222274
307,0.0416454738294917,0.0936194907637009,0.0354989748030351,0.0554784556739244,0.0654964925128723,0.0524339880079489,0.112247359201847,0.103436356609467,0.0545032880652109,0.0482696202571218,-1338.55638364165
308,0.00115403182702925,0.113794049915473,0.0455313552581313,0.0636973615424712,0.0639552738427625,0.0420581718875284,0.111475164841615,0.0934438805802058,0.0519168579443021,0.0487882917331646,-1337.91119367068
309,0.00653327513339778,0.1137610997169,0.013351024205537,0.0846990565142061,0.053297004144864,0.0365528984698321,0.0908995114674728,0.116534121102363,0.0522758741851324,0.0548010440863393,-1341.75588610098
310,0.00595351886878036,0.121779048225156,0.0135712995260055,0.0877536223139791,0.0460383290380134,0.0413077595291967,0.095663803853787,0.0831994533190647,0.0598970953493462,0.041855818123906,-1341.13886981452
311,0.0205834156536013,0.097420032005591,0.020734726281204,0.0909874868452673,0.0474850448075778,0.0415997638352652,0.105426401683928,0.137835013269677,0.0555775972466026,0.0426034478972063,-1342.10150196903
312,0.00801000122794204,0.101418333276125,0.0361197120156242,0.0487203238002105,0.0418095992151126,0.0585175286815129,0.157172340587435,0.124353321346315,0.0981898299612119,0.044911793525299,-1342.39603270025
313,0.0110965350713039,0.0924569355877094,0.0309495092603405,0.100559649014642,0.104160377186248,0.0638709952214339,0.155134437330982,0.123314545699535,0.0561310846641726,0.0390652417689122,-1343.09965890817
314,0.0374322708254129,0.070310462744629,0.0355055199312541,0.0523861381770854,0.0503692588621958,0.0501813284400924,0.102387765620346,0.113319474907955,0.079697008579439,0.0416648901214101,-1340.09379173498
315,0.0362510553283573,0.0930696873379489,0.0322991286415418,0.0788193529232719,0.0616479651906447,0.0474755170940355,0.139797393181665,0.10452301577508,0.0632343394764147,0.0426727761931161,-1338.00608783137
316,0.0412820197992592,0.0672127647393357,0.0356618849675495,0.0695647145929123,0.0726894394652656,0.0442993205829703,0.115620843158021,0.108764961716391,0.0634947901095507,0.0461741286672324,-1337.62306890686
317,0.0264975895230035,0.0943002303958912,0.0222880537105675,0.0757984435231158,0.0632182638147866,0.0396026039917682,0.141321405901395,0.0980924963558496,0.103713118211075,0.0301574820973276,-1339.71247292289
318,0.0252056150000648,0.0768743684956651,0.0357906972003295,0.0618012234098051,0.077629611854605,0.0563247523498405,0.120873455487281,0.125428074788828,0.0597325405406853,0.0409369085439288,-1338.39809871034
319,0.0258307708688201,0.110244042627573,0.0321836345018541,0.0552914633066299,0.065113961566981,0.0439298285047758,0.0939239405430401,0.112500092860522,0.0700326637366594,0.0434893435564737,-1338.34638924601
320,0.00799426732506075,0.113366821149624,0.0295946522684436,0.0456556477333895,0.0741485337427165,0.0521758012291698,0.150806926529112,0.117967326165003,0.0607225845975475,0.0492180274449574,-1339.27786165566
321,0.00464203357909912,0.125961143250068,0.061700093818099,0.0839936733612746,0.0609630093482883,0.0491883442394084,0.129280302787761,0.120051543389899,0.0907017505572128,0.0419581076462667,-1341.21474725437
322,0.00355936238368199,0.0415031647228875,0.0115885953105696,0.0994735147205612,0.0616064092873226,0.0614043779050836,0.137626700402328,0.123309459180171,0.0730555188243679,0.0540951665221658,-1345.13056848121
323,0.0796617222541642,0.082921016920781,0.0279737952914142,0.0578973369800199,0.0804649269497803,0.0532064682662758,0.136654205744439,0.142503931749038,0.0809434193683868,0.038814751439788,-1343.32781592152
324,0.0726497279627939,0.0666678053781302,0.018617596686223,0.0560031130924538,0.0715807629000441,0.0410098919981281,0.190730657042966,0.150534819626618,0.0541377181818461,0.0424680858262243,-1344.71433435446
325,0.0551095314858601,0.0871360673093678,0.0283865793217879,0.0641751101251031,0.0951815469286289,0.0553463306213714,0.142066227307191,0.0943492495557429,0.0797268794146659,0.0521264544849538,-1342.63429179159
326,0.0590332536173575,0.0653286217232618,0.0465136866222402,0.0686539329342166,0.0652440956014704,0.0613929093971555,0.131492483859504,0.115805366615758,0.0552178615728305,0.0343446573215951,-1341.46232322381
327,0.0484949213789188,0.0921508447860045,0.0236110963034016,0.076757362418188,0.0819907571521245,0.0618472083216647,0.11063748998166,0.0929084631397304,0.0569686833087335,0.0446319467618766,-1339.98976710728
328,0.0385924562944398,0.0532240341167272,0.0472211734838292,0.0788345607956513,0.0663845330899927,0.0575063805302735,0.134344155696441,0.140392203893764,0.0704102523811356,0.0413537048293932,-1340.75833630205
329,0.0239524293423887,0.0859272831469823,0.0368967100745015,0.0764302536957867,0.0628044665129563,0.0544969989573484,0.118675912540755,0.129627656202493,0.0687113477079576,0.0390899255755722,-1337.90949207214
330,0.0272404726171618,0.116451644055737,0.0287116484382344,0.0825566443167263,0.0721989070134585,0.0530920195610959,0.16332109917337,0.136164301887519,0.0654582999397487,0.0402253281707666,-1339.27049970351
331,0.0336804113867372,0.0609129433625368,0.0627650630403784,0.0759047971151537,0.0694525397321709,0.0412630018962201,0.164889738639689,0.147292358761881,0.0896715879359449,0.0311274349527388,-1342.74508564539
332,0.00801082663932724,0.0943625160907683,0.0659537231921933,0.0581538593980764,0.0814604813345603,0.0498250201129989,0.187619409210736,0.1489355500988,0.0824170621638661,0.0393474482552397,-1341.73860708053
333,0.00622790555217605,0.115921211940124,0.0514423075083,0.0844785916070952,0.0563087706581354,0.047895604395549,0.18139327945517,0.131749876727462,0.0915090777239597,0.0193334720811264,-1341.98853684212
334,0.0114805558053016,0.107134718037708,0.0480691862682523,0.0830116365608932,0.0723709404315435,0.0475483733295382,0.190572250056126,0.148183549881244,0.0720865302361104,0.043740287802635,-1340.86611950091
335,0.0332512301191918,0.106645860712989,0.0240552003442692,0.0606603134139785,0.048250255277297,0.0457150649481438,0.129029996479152,0.147680011855099,0.0979845945689042,0.0391110821685749,-1342.27272710889
336,0.0227749770028123,0.119745983700369,0.0202210882390611,0.0758808819615046,0.0589371725538523,0.0458059399203032,0.189409577843059,0.123159273901928,0.0866377001779021,0.0329621170958267,-1340.71502432823
337,0.0153059118669808,0.0700934848645044,0.0581236664927028,0.0765263056410059,0.0927695638345675,0.0650655761713774,0.14063614582583,0.10893924611461,0.084924470520105,0.0454823820355703,-1341.78829735449
338,0.0211365218369024,0.0724516574913754,0.0431352219887328,0.088599181740081,0.0621003999961916,0.0552753446266486,0.146460245311111,0.111591231331955,0.0910318796202075,0.0400321388526744,-1338.96776358385
339,0.013748821898737,0.089688070266392,0.0170257358163991,0.0803685761614105,0.0733376762863856,0.0430490389723705,0.123102535620101,0.101215420742137,0.0903045521034039,0.0416452650866267,-1337.32572730049
340,0.0136096599574117,0.121309660296702,0.0300695506163206,0.074007494389595,0.0827010412896587,0.0476660645668678,0.105222301574887,0.0894241285488348,0.0851730690866477,0.0401041575375133,-1337.53565101578
341,0.00371939110527794,0.0796093311888556,0.0653547435543173,0.0654996610330487,0.0851759331456045,0.0507196282481397,0.0905684175232457,0.0916829559753168,0.0750375926713976,0.0363689187998832,-1339.49355418655
342,0.0201123111407894,0.0721514131423669,0.0411038600017116,0.0686046351199209,0.0737584575308722,0.0513601415366868,0.0891428660462009,0.0920779963488535,0.0773559853873078,0.0499509577598715,-1337.73310431742
343,0.0307163558500219,0.0685138857527354,0.0298438802606968,0.0623275126690467,0.0885488934309505,0.0526756535301207,0.0845131544443543,0.083742449502807,0.0394418044879391,0.048255244665892,-1341.7398608648
344,0.0343673078209209,0.102218736076228,0.0183766781444981,0.0637797489161445,0.0638124530333194,0.0375760135132949,0.128626800380569,0.113902543543862,0.0874208409622098,0.048466724196975,-1338.57666698173
345,0.0379524309572639,0.0791026818002601,0.0332309702444515,0.0529436473600657,0.0890503472993691,0.0391538716208824,0.121252956427895,0.0888421270036713,0.0283938764788698,0.0514093963253453,-1344.32743083721
346,0.0170192491346012,0.0762911896239112,0.0336098664488914,0.0945235886943519,0.0682782521357213,0.0476818993828599,0.107446363413641,0.0917652566243015,0.0444638099951879,0.0454125332899667,-1339.19469642826
347,0.0115497501679187,0.0710372271450242,0.0311693199054834,0.0850778525323718,0.0672150981178517,0.0573997459982338,0.109089546300864,0.0943444771617771,0.0975724545361658,0.0406794090716554,-1338.09656080567
348,0.0193764300760471,0.102917912870358,0.0390461190073716,0.0492358972421083,0.0683687704170887,0.0377312038294385,0.109557623655578,0.0868307642085501,0.096355117326844,0.0365772198702244,-1339.48556036231
349,0.0235077892980449,0.100318269335356,0.0416083144141867,0.0637090688921309,0.0792817928117217,0.052668624270763,0.0979704442197824,0.0974424720895124,0.102401745588931,0.0463834614726518,-1339.02883737782
350,0.0491708198909541,0.0668485573147267,0.0410797183297082,0.0512379077705534,0.10162161043689,0.0411162536002432,0.142299826231312,0.104095548609895,0.0576689619964761,0.0438256454432218,-1342.16117343321
351,0.0480816964221685,0.135230782041223,0.0175952407823104,0.0634329889809692,0.0600112338150506,0.0382581629261046,0.128646057516662,0.0828752999531969,0.0625420399818677,0.0415047995144684,-1342.86768074004
352,0.0619483874552222,0.0744785984031546,0.0373568097781458,0.0605408155121733,0.0634785582692314,0.0369363567880542,0.0753084520815478,0.0917502415430028,0.0888210048393965,0.0380279885587572,-1343.75118278909
353,0.0197555040730966,0.0698948711486019,0.0400326782441159,0.0962664155178423,0.0624641060405721,0.0374893928475912,0.129165019995157,0.127638741248153,0.0825389520618913,0.0401063762878862,-1339.44314759634
354,0.0094872565521866,0.0662203676482488,0.0292807350927331,0.0934051313509367,0.0569871198980297,0.0511268345912153,0.125459804554005,0.121301376865288,0.0708123457779308,0.0407171768474932,-1337.90733430016
355,0.00610682023884981,0.068119212489503,0.0274297161918674,0.0844592958059351,0.0597266728505027,0.0530722689988089,0.131352608830998,0.107084469983023,0.0998622417764859,0.0382458712016484,-1338.05786838499
356,0.017849775369052,0.0764412449569222,0.0363388114925625,0.0575642364622022,0.0546379750277109,0.0381154673944511,0.126021880922304,0.121992205272152,0.101263752684608,0.0364943202009806,-1339.08969975551
357,0.0158553604732189,0.108607659158381,0.0179077410064627,0.0407244264017761,0.086288443928086,0.0458828339036336,0.136745051309748,0.103129913822078,0.0988031610268459,0.0407311759718468,-1342.26583223988
358,0.000621879419892374,0.115490494178251,0.0555948537613728,0.0636085586640468,0.0402420477115095,0.0382442647288521,0.098192924226646,0.0964520930354381,0.0775890965977792,0.0407885077334043,-1341.92678039827
359,0.0273517928520221,0.0848611561104934,0.0445175009136512,0.0715460143056322,0.116734030788228,0.0526766095719542,0.140351598154311,0.115471538345551,0.0651262923960504,0.0393643540207182,-1341.20906746999
360,0.024685188289305,0.0980579398777101,0.0435864613433838,0.0577529205557703,0.0994901720507088,0.0526184768729494,0.160746520191954,0.124876712727857,0.0705066043359684,0.033277222700759,-1339.91490511458
361,0.0205958919200897,0.0854721291543387,0.0541578299484655,0.0586096855059318,0.0890939452277406,0.042649547786358,0.149233322773851,0.101176182376194,0.0696719217806908,0.0491982021209371,-1339.88214537288
362,0.010484702558312,0.0748668682671091,0.0207487070463689,0.0823205235166262,0.0861081396375598,0.0419068001473029,0.0952732433493028,0.0935456001483626,0.0621209198893938,0.0468275608088608,-1338.26956818329
363,0.0279648293655469,0.0978168014549342,0.0480804671984377,0.0623433974761736,0.0904558071007529,0.0446844916215466,0.0948888317971528,0.0965880992988751,0.0694400894910572,0.0406395629814878,-1338.4901335535
364,0.0316290869481759,0.0491304011577454,0.046645429021749,0.0656833107179318,0.0911165662147546,0.0621851186267407,0.101004896822605,0.101730778617546,0.0756617947066525,0.0399383028353502,-1340.92367098992
365,0.0136894891728447,0.0754983582879649,0.0292495174206098,0.057836533246523,0.05207430047813,0.0587668935297847,0.104954385135086,0.115409867612153,0.0646186228626764,0.0268940790526922,-1341.15641185873
366,0.0258616585446079,0.145384317206095,0.029454500979228,0.085943933945282,0.0834078391925881,0.0747652396731663,0.140771181291376,0.114982695536324,0.0600870338697451,0.046153325214008,-1344.66372530814
367,0.0170408838967444,0.115975703119915,0.0296246802644765,0.0664754430744838,0.0622427399997587,0.0524339734162581,0.126851144040567,0.122912602748968,0.0548136837047519,0.0444458099126301,-1337.5160736017
368,0.0173258053671131,0.124359341123247,0.0516612950372398,0.0669885714264712,0.0823085839243229,0.0583574410574485,0.156964741281615,0.116772187835201,0.0709201940134181,0.0229005603544824,-1340.94293588202
369,0.0158903602378292,0.100857414732311,0.0489271665131866,0.065096648416634,0.0668081933297549,0.0365268256413028,0.112326736768161,0.0842417850470105,0.0624501108154568,0.0588892654907882,-1340.48359668448
370,0.0139698231886779,0.0683234312173371,0.0389952427234409,0.0988184157278561,0.0697537610958694,0.0515046024285732,0.095818508254491,0.0864542140192577,0.0830934326460086,0.0694674777658386,-1342.48516907168
371,0.0214175240162317,0.0762987729359198,0.0415014530824255,0.0673401777991365,0.0703426112805615,0.0544254251614563,0.102603173293284,0.0989444634139796,0.0648378443861836,0.048089340714374,-1337.21923921218
372,0.0116012524703534,0.123072415241984,0.0168787214719253,0.0893646211203378,0.065519264747522,0.0380812849876186,0.117597641333868,0.0997486095648821,0.0649779571239296,0.0293361993510347,-1338.74922268481
373,0.00510653439724923,0.135857301286674,0.0743084412712122,0.0653356271355555,0.0988342778270242,0.0430617723222126,0.117679711937224,0.0968964076248059,0.0868983779949844,0.0379993755815596,-1342.62348064301
374,0.000731745774047413,0.056859086888711,0.054087821583269,0.0574517290839138,0.049668003816324,0.0438208232038546,0.105648023187349,0.114019728406901,0.0740939955382035,0.0270604349503168,-1343.23707305445
375,0.0323677651409987,0.0918690001881153,0.0178330025687664,0.0649787892950424,0.0527331801949486,0.0567176716427125,0.145143155005183,0.124801159135963,0.084359710396503,0.0643011321981831,-1341.68568243471
376,0.0299629941123052,0.0835217560441484,0.0403930645742275,0.0786417494539961,0.0612664769883845,0.0426716798246856,0.139204001274413,0.0976778813644914,0.087660520480284,0.0390209208452939,-1338.81586834467
377,0.00192214791290704,0.0677965779850054,0.0408438004030643,0.0786314940500528,0.0763158118610504,0.0501229491828123,0.144112984518565,0.121948070211233,0.0761307181321708,0.0492291495159845,-1337.98652927283
378,0.0553684313162495,0.0926420223056742,0.0392806339542565,0.0615448115505249,0.0456011777441011,0.0519078929175097,0.10481941145269,0.118050831710382,0.0505617329684069,0.0475652271094121,-1342.32444209753
379,0.00619319078854758,0.119979637158786,0.0313686929666134,0.0787478877814527,0.0495313226309136,0.0527749253684171,0.100562509380908,0.0871546958577917,0.0662780852207644,0.0312976655697718,-1338.85684536272
380,0.00122728312957107,0.113256687627038,0.0164511296802898,0.0902122281009908,0.0889778267274632,0.0382823208725538,0.0848089559940937,0.0999022420337057,0.0715925845769235,0.0578013226307984,-1340.47702848137
381,0.0140054446854064,0.10779807755707,0.0544113276680275,0.087439297030702,0.0758559243695786,0.0324104905548618,0.148403414770405,0.122612862052289,0.0606704070449725,0.0482465845331984,-1341.19765851357
382,0.00627542683674494,0.0831358823571929,0.0383060043370176,0.05474483066809,0.083991855838035,0.0491589774311996,0.115127733508858,0.0902032353175392,0.0619333739770819,0.0545770874902149,-1338.89045324026
383,0.00612575455631814,0.0686451672936005,0.0552484926816914,0.076668810321018,0.0765479365825471,0.0543620264446063,0.102642483424063,0.106730265759141,0.0480258886295176,0.0347276627531179,-1340.54500998179
384,0.0501584016129461,0.0948897981475842,0.0374800659535114,0.0622482311315799,0.0856482693433747,0.0516052851457665,0.111466740812952,0.107692491090429,0.0536702042933845,0.0430779198519105,-1338.99422347297
385,0.0112217118877988,0.0817049758758401,0.0358353636767643,0.0799321889961967,0.0475305438466207,0.0387793513525896,0.131758220093404,0.11042505187832,0.0719665441748626,0.0314787310867975,-1338.7196950256
386,0.00573578557657217,0.148913311764405,0.0378410321365721,0.0645417575636965,0.0798823924733547,0.043262794655714,0.116876486939753,0.095279080933849,0.0815128101753869,0.0350640109282238,-1337.88449007861
387,0.0145704202208728,0.0712821077006659,0.027607541827892,0.0786173533736577,0.0775146586355744,0.0399190462504193,0.107257886322635,0.109356359810306,0.0573091468104838,0.0579360627492887,-1338.13286291096
388,0.032674373787576,0.100594288016126,0.0186724154919173,0.058456967049239,0.060574605806505,0.0402860385197751,0.111068875184205,0.108369873814115,0.0697805926617952,0.0465359635190662,-1337.9576739289
389,0.00677935587926857,0.0976458300187233,0.0552689633921433,0.0922189480913004,0.069187553994743,0.0572701902093617,0.104118264872941,0.0909257355240085,0.0775433926751075,0.0514537737923452,-1340.50245114964
390,0.00302714585634927,0.0687819438527213,0.045083183956209,0.0949771667070992,0.0745628014094656,0.0587752072908961,0.0929378803547411,0.0874112168262665,0.108704594017414,0.0350993421296106,-1341.16308576929
391,0.00465534846676553,0.0858907787908785,0.039372835448156,0.0788890327788548,0.0564462295745162,0.0477100630408454,0.136495501602336,0.106482982944974,0.0886954250827936,0.0378258262951228,-1336.88670919369
392,0.000467636946154846,0.0771190253205405,0.0372231473595811,0.0812481464147912,0.0989826217741211,0.0461942352244174,0.108772253263131,0.105552555098522,0.0720293621335347,0.0362410217800038,-1338.50719860355
393,0.00611088183988383,0.133156398840179,0.0197343950517729,0.0775962080766552,0.0554469436651081,0.0383660197950607,0.113543494274643,0.102071710359096,0.0619667557544483,0.0422465108068774,-1337.95796734363
394,0.018007526220357,0.0887428335486972,0.0359043710786793,0.062202292986011,0.0881075596215699,0.0526121010581073,0.106090177556473,0.100407199947987,0.07553357324779,0.0307518171141199,-1337.85207701906
395,0.0454179557696126,0.097971061479164,0.029128024501513,0.0515632129328746,0.0563918925481176,0.0498123973588838,0.11429609872325,0.100787335519952,0.0909161842006004,0.0432270097204693,-1339.85578554802
396,0.0248851736428039,0.0795273635056618,0.0313501832623467,0.0702297744009197,0.104871467319806,0.0386672567675829,0.117761184844712,0.112754658938712,0.0624897675671327,0.0458431707978292,-1339.11045989185
397,0.014835098256592,0.095898229128585,0.0513928245621105,0.0410410201485986,0.0905959191415166,0.0475415033170847,0.143049856756329,0.140006812261084,0.0795501940742208,0.0391286247178389,-1341.61343897179
398,0.0185365899202188,0.116048759650032,0.0254521254743589,0.0425158772055755,0.0512359704208491,0.0476672608894707,0.140690332068072,0.106297829188736,0.082129880241702,0.0483354637777178,-1340.77334474247
399,0.0167402373056836,0.159879195359903,0.0350527673742102,0.0969891009060496,0.0521539799999158,0.0388971577474848,0.109512764985052,0.0989966258376739,0.0816807225366751,0.0541458841422355,-1344.81906340901
400,0.05812451979241,0.0219801582958646,0.0346757240618698,0.0933317405847449,0.0652701497797063,0.0599780576584332,0.0681736194747151,0.0934242463889446,0.060356636405229,0.0539097461340275,-1345.93030004447
401,0.016108442068203,0.0419815664334999,0.0184345077247433,0.0934780995803828,0.0654296851437787,0.0510801358407651,0.138297483544297,0.132012248856011,0.0970638036189622,0.0517205011622865,-1341.59983913528
402,0.0143762730357115,0.0671031352724762,0.023569128267825,0.0707435118008149,0.064114257097913,0.0579384705851557,0.135943960913229,0.0920371523815776,0.0945852201506895,0.0195383739504189,-1343.07774734601
403,0.0268589668202468,0.0890784543937941,0.0420518785469997,0.0595487255391333,0.0637793043373522,0.0573273823489379,0.105623077675427,0.114183498320213,0.0846310434482651,0.0406345747433645,-1338.22695399476
404,0.0602957869538401,0.102462839675076,0.0416976845645835,0.0471019274606015,0.0798308561294552,0.0388108987521742,0.142070540959113,0.132479969154229,0.0823209665261096,0.0450723353400728,-1342.73439644599
405,0.0327768197285591,0.090550222825715,0.0216461696560688,0.0629812546459104,0.070179048700542,0.0551259813494806,0.131178699185144,0.10444135840687,0.0856930115981547,0.0646055962263201,-1340.44343591505
406,0.0237870016686752,0.079219137429605,0.0421355375796674,0.0662534849137331,0.0936462749155702,0.0324157404551525,0.116065891880641,0.114551329921342,0.0497030357483306,0.0493008218597986,-1340.37044786235
407,0.0222993476669661,0.121573709397297,0.0170087197229783,0.0648776356084108,0.0960091282592655,0.0450051789735941,0.0973569012001431,0.0931450148633618,0.0444590742943998,0.0538352489503016,-1340.13109394286
408,0.0195644865096142,0.110835649634065,0.0168277747602242,0.0601347672351062,0.0780556750538828,0.0339124174269945,0.112252451712488,0.113666912569837,0.0814405000925549,0.0485001580807013,-1338.985556497
409,0.022109951704629,0.130181591334865,0.0477738545961595,0.0376631709940862,0.115066772291041,0.0446236330635965,0.130830078162919,0.0915590655985813,0.0998035897656102,0.0298408701493975,-1346.00174589222
410,0.0527819627550454,0.0609593269927408,0.049830023247541,0.087028205658922,0.0434384073526104,0.0514165516156369,0.0830129260723329,0.103539818870861,0.0486556715550695,0.0473063946549719,-1344.85854078947
411,0.039500107712209,0.0752971469109056,0.06179157953885,0.0906493900269404,0.0795737328114271,0.0598787739818859,0.123196520011962,0.0894094519525881,0.0573356325126448,0.0335561721003724,-1343.33859778058
412,0.0226340183750413,0.0743477919575165,0.0387170369585612,0.0895339222354762,0.0657260020631437,0.0453036371673506,0.125723762534915,0.0925032264634045,0.067886261462703,0.0374458483287027,-1338.3817596315
413,0.0228253335588055,0.108676703674552,0.0426634640946053,0.0987690067095038,0.0793575439785726,0.0430212506873609,0.137699653520736,0.0856060711474507,0.0606045764019834,0.0544099330501362,-1343.12227888017
414,0.000429024051554925,0.0890470781654421,0.0186088238006424,0.0942800874194481,0.0591224681950726,0.0447271152259591,0.102669666336037,0.112070264783122,0.1020222193969,0.0345242730710486,-1339.16878206043
415,0.00989196270959358,0.108094767874605,0.0177253166568258,0.093667732766747,0.0616973905901228,0.0483047789607412,0.107982053840865,0.100036094191224,0.0852720466520299,0.0370888590648608,-1337.93151469195
416,0.0153394522455742,0.0674071891324052,0.0410990596914527,0.0614930852603088,0.0534315509399859,0.058816825387441,0.0893507191571614,0.108815994908752,0.106643414401101,0.0418512214961228,-1340.6235688244
417,0.00541819485706676,0.108842209326525,0.042445229869409,0.0737043869843732,0.0736861271990809,0.0426743976788484,0.136899675685316,0.110482782924598,0.0826373295934156,0.0480067931630112,-1336.88663182065
418,0.00360909882949085,0.117165513466,0.0170937017512511,0.0736859193604786,0.106162045444448,0.0420747981452033,0.124161658769994,0.111719264680896,0.0807233297229911,0.0468182598993602,-1339.60592368736
419,0.0049429081451469,0.101935560088915,0.0253796584023122,0.0655637441036506,0.0910973767344509,0.04061111838312,0.127926398309352,0.109212726745188,0.0764565969838976,0.0367122101540413,-1336.85371151356
420,0.0031373918777946,0.0998984987413843,0.0223749840205335,0.0641121719165885,0.0835306894699314,0.0359730074884823,0.142173420620926,0.107012319736447,0.0768274975254417,0.0291457589942799,-1338.21389922663
421,0.0176801433422805,0.102646800291462,0.0357316020968179,0.0739979796019758,0.0889007643428575,0.0385244538491569,0.144457289841874,0.111432399636778,0.0859409567571071,0.0464401964780719,-1337.94886631366
422,0.000394856247943703,0.0592405954716669,0.0388005395173135,0.086417755774493,0.057280737106447,0.0313816556973217,0.172711130008965,0.1226896163879,0.0741323188561784,0.0365590659934637,-1341.94820524699
423,0.0364558181016464,0.11609166591668,0.0426424782201139,0.047105116827513,0.0912190110450516,0.0566796273376791,0.184117893199568,0.126134775760791,0.0567686353767913,0.0258836694739095,-1344.13178067383
424,0.012619272800647,0.143266827068497,0.0457823119858933,0.0756571219879696,0.0722455796280009,0.0493488684195302,0.182310868310041,0.11892599023785,0.0636151674380826,0.0566213205872061,-1343.40571452878
425,0.0203761463507964,0.0798323110778459,0.0376538877665848,0.0728220521710062,0.0902611838633429,0.0509580124522212,0.14726311119831,0.115829700239305,0.0685252633241879,0.0401013640783747,-1337.73351727862
426,0.00859815222647536,0.125683360502156,0.0299160561119842,0.0574686903039294,0.094832701428138,0.035819776394695,0.138442108828581,0.165406290827893,0.0987577900032468,0.0296816651148808,-1345.29028576837
427,0.00187991053634008,0.119728893657067,0.0332028019847088,0.0624874107604605,0.0476273788226236,0.0482793513558543,0.182059152277751,0.133533548627532,0.099746633736459,0.033522168949702,-1340.25644970237
428,0.0104769495746604,0.0786523365691861,0.032260519640873,0.0692951327183764,0.10082678840599,0.0379632827474662,0.158425261489882,0.11110141021814,0.0715918594501767,0.0508590936258371,-1339.55154384965
429,0.0180830659832669,0.117798143988344,0.0234147370800514,0.0487869321321146,0.0983704520350093,0.0495976033433672,0.0941825586052962,0.0894339118350824,0.0719189596396871,0.047019295916185,-1340.50266538445
430,0.0387815255378335,0.108250427424836,0.0332320271470011,0.0648236128415497,0.0533726300171287,0.0563022876387896,0.101613119030139,0.115035167330689,0.0591736917702673,0.0380684207618121,-1339.62455667649
431,0.0477541782301275,0.127907696726986,0.0229109874982031,0.0751130452373821,0.0892963892778413,0.0553962720574972,0.165625378089954,0.104649881805573,0.087674293498727,0.0440491911200987,-1343.77195862682
432,0.0311698872934137,0.070013985226112,0.0319636795591432,0.0704764040967137,0.118384465610651,0.0640818519927717,0.100876237649716,0.103403339191803,0.0642083052191285,0.0410727318657703,-1343.51560699571
433,0.0574125043478271,0.0664276987199652,0.0296156393784628,0.0819476568279429,0.10804268452479,0.0619719671764158,0.159758797934648,0.111073005127907,0.0793315841429702,0.0460213342778692,-1344.79566243593
434,0.0197477999571117,0.0706446223701833,0.0259544518597858,0.0680192965268687,0.0661006362052256,0.0492118257293719,0.0683215113797367,0.0852252369562318,0.0730721636286863,0.0630412078082743,-1340.63722426752
435,0.014582551791303,0.0729818933128514,0.0310699818857692,0.0699509421094024,0.0694707612226222,0.0515895778563366,0.112711943507395,0.0982339009638508,0.0787313440858386,0.059690236902954,-1337.82357931646
436,0.0279401167288737,0.0754029404237605,0.0158121125728039,0.0799124351963614,0.04751936556249,0.0454991133904703,0.106836611849365,0.0924818665197981,0.0708087310651078,0.0586239794945068,-1339.80330718597
437,0.022152064377838,0.0902113375814571,0.0316888862714412,0.0802730531774006,0.0750214561947429,0.0434522551216318,0.129538114062015,0.11043729114972,0.0678977922914293,0.0452355281976798,-1336.36969426296
438,0.000474422385832388,0.121198747449567,0.0486149907615456,0.0476888030741511,0.0749674691140261,0.0453044447885039,0.137574862003855,0.101703361120324,0.0829839105351966,0.0499881670283255,-1339.06733620185
439,0.00132066208923027,0.104763661798877,0.0349078048299788,0.0561174030189799,0.107268208580565,0.0376388104604082,0.123616067931113,0.128444130162902,0.0804774623430411,0.0326058444676815,-1340.54003675864
440,0.0079799981498982,0.0985486085801333,0.0246264657202638,0.0884152133232846,0.0724445760440657,0.0390076599877279,0.200403588284918,0.148830114124784,0.0826999796605919,0.033388243105492,-1340.15912581139
441,0.0309387062335073,0.0747934393126807,0.0439434220620388,0.0854545987544129,0.08189602159147,0.0603359738358246,0.199717346143658,0.150045014525779,0.0832935158052694,0.0213326499477557,-1344.02339187261
442,0.0303968821395641,0.0776719196445757,0.0449633105870255,0.0627290136452067,0.0624013193376463,0.035419569820455,0.1884393250276,0.116424001282199,0.0919475086643928,0.037813985949516,-1341.99388496525
443,0.0117715485634755,0.0673228339866119,0.0463311756673687,0.0709374630352297,0.0735411081657145,0.0435011975532801,0.0779459864369478,0.117114258047634,0.0993342283251369,0.0361717870781634,-1341.88837777542
444,0.00748588328283033,0.0862374770660181,0.0761018309339195,0.054652505577367,0.0744018577462668,0.0455964953127562,0.112835283218064,0.143646134134771,0.0627743967940145,0.0514860916885611,-1345.30146818186
445,0.00549977116224609,0.0796029921689062,0.0720675828809182,0.0687969862360512,0.0640724080712273,0.0537540792216313,0.175682431849658,0.136823953996884,0.0664083208307977,0.0268908360469101,-1342.33863128165
446,0.00706989230911874,0.10316094067006,0.0261872636743934,0.0857841205419353,0.0596571865327211,0.040942459884972,0.160024524650527,0.117043292897814,0.100090129180662,0.0213464510712546,-1339.65163527489
447,0.00706903476368094,0.117648501325565,0.0277628836855227,0.0886833251458655,0.0677033730691235,0.0499400056212931,0.0869438314167302,0.103578471405649,0.0615285454088152,0.0286482972123931,-1338.77346385546
448,0.0288278804748555,0.0991229077412748,0.0340221004244815,0.0705951462841288,0.0612645575587162,0.0377766063963771,0.096841704811961,0.1044703763012,0.0978398400275761,0.034376475361122,-1339.18216348736
449,0.0259168079545183,0.0780011455031726,0.0347647798726487,0.0675433861091601,0.0598900879190854,0.0738990107442914,0.113857067903143,0.125544512655489,0.0828695484672339,0.0327985386428457,-1341.01004884329
450,0.00741838532958609,0.107094468299019,0.0255400504253267,0.0757222506963604,0.0677437239381657,0.0532653173340448,0.161685658724642,0.124813314703086,0.0873685250652399,0.0347033634266269,-1337.60036326413
451,0.00133132234219769,0.117642379415682,0.0371247230629825,0.068367027535301,0.0857210147929527,0.0531302796193879,0.141760508672287,0.112982160644349,0.0856382088600448,0.0321436295633904,-1337.26644860461
452,0.000221290965395835,0.127662355005902,0.0430512000980234,0.0590811604311327,0.0694110156678521,0.058445176061594,0.143564714873478,0.10523893973073,0.0946883337669369,0.0347792784871875,-1338.75169679306
453,0.000622567724138816,0.0700700948807546,0.0511297038798466,0.083863580358125,0.0881344966541621,0.0378429577376366,0.135964115606301,0.101554635537433,0.0884264351556938,0.0483848058429963,-1339.86906408677
454,0.00321344469781454,0.120259758225147,0.0227244655279531,0.102746621651318,0.0637766294985919,0.0485103525451795,0.0884379385397903,0.0902430288384453,0.0467113301781435,0.0389377487114905,-1339.53792543964
455,0.007377172727697,0.106909910882128,0.0293774829325722,0.0744514602060482,0.0945100750775962,0.0605622976567435,0.109038232100451,0.10074595737249,0.0611897347758079,0.049622573122461,-1338.78685581364
456,0.014975084988314,0.0600719727561708,0.0379843942437918,0.0908407031598406,0.0663369190904218,0.0626324340058162,0.0843454918981791,0.0963540582007223,0.0849620058775993,0.0332847007355929,-1340.21247281241
457,0.0409759281492435,0.0651031684050446,0.0322262473199363,0.0772452169789172,0.0677678812405377,0.048213179281487,0.082505263627663,0.0979129767236417,0.0632587198582647,0.0581245657770982,-1339.40744873537
458,0.0173992364556547,0.091428588274091,0.0317558863473644,0.0770852556578839,0.0733405629020153,0.0394056171289559,0.0801355755517244,0.0835143055423353,0.0546446361834136,0.0509878189333382,-1338.48714150391
459,0.0326719075898493,0.0926132289724297,0.0290619685181698,0.0802460124543311,0.09261552233318,0.0528937300276778,0.121183286857269,0.127472167426187,0.0634096691905336,0.0364690918180242,-1339.33385082705
460,0.00910593874114719,0.0804103746434359,0.0518697785002069,0.0669515039937059,0.0934737802928032,0.0575369178725144,0.139552248472665,0.110817983405445,0.0633427960939944,0.0315541823397,-1339.54147007255
461,0.0148735347534207,0.0740436134505553,0.0501261874641698,0.0701640971688788,0.0442680914961002,0.0422696002254533,0.119372802307301,0.102937716577213,0.0812154755115472,0.0251765521007627,-1340.9073162705
462,0.000191187283833614,0.0781313028592428,0.0460691295751782,0.0824961858666989,0.0767789009569498,0.0528179672385506,0.12049491951909,0.127848514025727,0.0795753589377118,0.0536680555164458,-1339.2247165958
463,0.0175336731291994,0.0725343605452256,0.0292880147255829,0.0694320840158445,0.0683237987201964,0.0629541490583002,0.141874968433028,0.122894612913118,0.100131561071964,0.0358913133761688,-1338.91694652491
464,0.00639680876144121,0.112653912062593,0.0302503443270395,0.0718822510369177,0.0527175251927348,0.0324060561365105,0.153859461730922,0.107793302843678,0.0753718331628623,0.0419223266393745,-1339.07688519687
465,0.00783977227236235,0.128643689288357,0.0279594685722473,0.0744621544281487,0.0706397816315208,0.0328608509187077,0.103537211857085,0.112432077834172,0.0521545072335358,0.0435040010235702,-1338.58544459748
466,0.00113134130266714,0.109499708954485,0.030788858870261,0.0766629277375019,0.0730236587804155,0.0408163671841183,0.110977555290912,0.0994045893001139,0.0393899784912617,0.040850348841004,-1337.86077071672
467,0.0102884181847482,0.0997435182722868,0.0298730215134655,0.0836704042150013,0.0674325099415528,0.0577411473286136,0.09233448921268,0.104530774485917,0.0852327091594802,0.0435345392374356,-1337.78266310166
468,0.000956315067716859,0.0908472766537692,0.045829455597522,0.0679809893789705,0.0567253926383671,0.0483492235692135,0.0877703937686324,0.0830307623429511,0.0808710037578812,0.0295822475122874,-1338.70379315581
469,0.00173790133561038,0.125201750547727,0.0234428503473126,0.0784029655265016,0.0608970850809107,0.064177609033483,0.0888751657387629,0.111175696325535,0.0556007247567508,0.030187808807704,-1340.74807571728
470,0.00424347891173709,0.0692941784836295,0.0612699482650219,0.0748410113648164,0.0712946210010342,0.0643020829058155,0.160415304792156,0.157713075881487,0.0765751553633048,0.0415825705839445,-1343.05211533163
471,0.0128314064572342,0.111921836769746,0.073380785518914,0.0609303088372614,0.0700903835081378,0.0831032978075537,0.148771459377537,0.109935656604864,0.0497215332644341,0.0411951137059169,-1348.01631472274
472,0.0202275535499074,0.0729929807834593,0.0640453716689966,0.0818629883852117,0.0620486614456274,0.0314768474536322,0.143572135309578,0.100173439110674,0.120154688002807,0.0247825008732929,-1345.67748079841
473,0.0142019095225955,0.111178035799564,0.0524846024351544,0.0528208376531783,0.0917553204726724,0.0385169370789833,0.145556575783421,0.11130859108059,0.0859835237876073,0.0422842897314219,-1339.35227021192
474,0.0192811464491559,0.108462475791776,0.0135194159436059,0.0796778421972801,0.096261862540932,0.0298114319803142,0.117453227288882,0.103236113963628,0.0587180419826641,0.0460620137792919,-1340.6443900671
475,0.0205319259909402,0.09793694563926,0.0337758614863653,0.0572113678500861,0.0856372250281195,0.0487693940347558,0.15968545120585,0.107760168109592,0.0712994652180947,0.0475222570235114,-1338.63305337061
476,0.0218418926423564,0.102078229892517,0.0174947016426405,0.0801987551021148,0.070612128136628,0.03498882044322,0.120107330303544,0.105527194999067,0.0648801901839759,0.0372827699701269,-1337.77913123789
477,0.0235702257666825,0.099274656902529,0.0389760493709617,0.0644901739145477,0.086875160395545,0.0656616061843657,0.115291775938705,0.105695638102928,0.0702686858698086,0.0292911511221596,-1339.68744565528
478,0.0175771385449262,0.0914949111451493,0.0498875648024743,0.0787128207218314,0.0436075911908857,0.0361547729547221,0.11672267535232,0.115429809712358,0.0904590564626371,0.0314196998998812,-1341.56213377914
479,0.00456201856392643,0.0874249505807028,0.0277618242132589,0.0602426706993539,0.0826883727851713,0.0589012363364238,0.132554454895658,0.125008019028879,0.0612736356990524,0.0333142630930993,-1339.61432811718
480,0.0306527501471192,0.0907265264442415,0.0179135605561476,0.0932049642693916,0.0533972655846659,0.0464977782742968,0.133263299484243,0.0953984583271871,0.0683310323861857,0.0519741944239227,-1340.00747321161
481,0.00950304566154588,0.0862532402375152,0.0210279703777337,0.0750009912539355,0.0912769029598342,0.0515674451345873,0.0930857976514543,0.0940680504226841,0.0781718013410735,0.0456538850783179,-1338.3095521692
482,0.0056651457333022,0.0721334722952606,0.0170878288398606,0.100627846635387,0.0558804443658059,0.0371602164278824,0.0935980789764365,0.100656398057497,0.0816034908864742,0.0436489570187793,-1339.87691161088
483,0.0169569112135208,0.0779768565494647,0.0379412894422614,0.0942699602956517,0.0690282862387705,0.056190685385405,0.117606337161358,0.115046810544326,0.090899659195529,0.0348192740389133,-1338.36974102239
484,0.04738163080263,0.0652572327002726,0.015686046068526,0.0690870306210338,0.043286939540782,0.0480350241092469,0.133803242552234,0.135766650959848,0.0899887558899867,0.0665561710536356,-1344.87081696273
485,0.00845341255083345,0.141066637976442,0.0254725157664602,0.0475161253631199,0.103908788537738,0.0581931280425559,0.175781221065194,0.129375570526776,0.0503803861341815,0.0409943251121422,-1343.93314651601
486,0.00594476031208148,0.14273970894823,0.0282560158416017,0.0362072712193555,0.098095743515148,0.0540819098903278,0.188498697699321,0.140936748182924,0.0600250381243336,0.0333383389695594,-1344.91175834783
487,0.0241573630025726,0.0941382797995594,0.0632735649573486,0.0813853574001085,0.0708142135265441,0.0483100638867264,0.129624864116905,0.130346608775509,0.0284729147054418,0.0462968269203382,-1344.73625837615
488,0.0011542515030099,0.132601906936906,0.05380025651092,0.0435363273428624,0.0789590116681676,0.0527432753982241,0.12044933424757,0.102170228698735,0.0583850648489046,0.0358569714874503,-1339.93315741256
489,0.00605177769400013,0.142938654322102,0.0475720688336805,0.0665950673863267,0.0677656256385211,0.0401087700461126,0.106646441795705,0.110806952821381,0.0729486952271147,0.021781644668144,-1339.98572308884
490,0.0102029026523387,0.109497465982501,0.044762576988547,0.0597884205064616,0.0647510250696535,0.0593111582057194,0.151741893409496,0.125843470812322,0.116657661278825,0.0331599305878784,-1340.24594003046
491,0.0105207488374751,0.0991077180993599,0.0252275673794386,0.0704131016009989,0.0557455171732298,0.0433243925508272,0.156530137292303,0.118381485505898,0.0853707907320173,0.0387017648378725,-1337.15484088538
492,0.0216062738707642,0.0826417147725788,0.036120328207907,0.0573107707421799,0.0684645649649707,0.046712833801204,0.152421111106629,0.129351690344768,0.0708558883049057,0.0439459541628072,-1337.59272989083
493,0.014155502674476,0.101690450660367,0.0550969879229988,0.0668318697682065,0.0963816241470476,0.0439620360489665,0.130529201829014,0.124589094026538,0.0767576398611909,0.0405256035511727,-1339.07782022101
494,0.0151461582456854,0.0963164847526476,0.0173264609510173,0.0746287628087991,0.0906629765254449,0.0514236727398856,0.147520069283943,0.126536279725272,0.0486910210733526,0.0522577519816885,-1339.95683434786
495,0.0254016235682826,0.122147134114691,0.0219269845313476,0.0603518024416817,0.084357720478541,0.0370516412362026,0.132025027024682,0.100873782451003,0.0612699795644971,0.0471278543960498,-1338.20531099891
496,0.0480826125059596,0.079905154019026,0.0416181165153101,0.0843345771480356,0.0630165176325039,0.042375098205899,0.10051784514708,0.0922474104227162,0.0606454976824615,0.0425105655600976,-1339.79654104708
497,0.0150623230319787,0.106586874333855,0.0382621509491047,0.0864365408120157,0.0864365442843833,0.0474098257083217,0.0901109110911452,0.0961437233502066,0.0636134784015463,0.0515568840472726,-1338.55094327286
498,0.0427801240689629,0.0465791364022511,0.0202707920262367,0.0817267846170909,0.0745884489716859,0.0433991021533314,0.123029804588482,0.118397782203245,0.0778449542738121,0.0526571212635592,-1339.54561733945
499,0.0105270241552143,0.175704400492587,0.0244272338707881,0.0873162962886089,0.0823553586226562,0.0498235405322731,0.118685516878206,0.10087193110621,0.0552924335445268,0.0151464060875637,-1342.0665739059
500,0.00117323423367085,0.173565066296142,0.0194390518097633,0.0591888500101874,0.058900823391548,0.0558472845293233,0.12208836618532,0.117498540961503,0.0703780209021821,0.0125850262022962,-1343.9860450719
501,0.0033589466793236,0.11012772775751,0.039770378098543,0.0985971357457579,0.0961006557920198,0.0362187961181657,0.13593172329391,0.106354010028513,0.0751179728428035,0.0460774163629993,-1340.0627079868
502,0.0141864833536551,0.104219270094417,0.0166705433984377,0.0608738360791853,0.0794042065951055,0.0430215104059834,0.143510972539992,0.0968193491747526,0.0628992740638133,0.0363909169073649,-1339.11092077475
503,0.0157327469535066,0.0916546353423177,0.035261409109495,0.120703113329561,0.0806910443504672,0.0329124694039993,0.0929643108769995,0.0849261032780105,0.0708230102065912,0.0440648956833433,-1343.70952132507
504,0.00956920703892823,0.115945313864754,0.0348572854848684,0.0522403609192334,0.0858787155670386,0.0452111690421701,0.0824576919102848,0.0757437433674283,0.0736991230512249,0.0458946202423693,-1339.56300881102
505,0.00265342782952756,0.148291395992923,0.0445057900594774,0.0516719141433744,0.0706911135061276,0.0371851497252189,0.0937745629856815,0.0782469573548329,0.0649838408144567,0.0266519335855098,-1341.39878704318
506,0.00539009803431217,0.129129928406394,0.0309712760319285,0.0706069694495188,0.087011513372977,0.0429819929535782,0.0927164969222655,0.0908022190634389,0.0650017731497327,0.0295016257276154,-1337.92664811304
507,0.00837218840460483,0.127987399027913,0.0383917963270952,0.0502744387157588,0.0723813304763834,0.042836793877702,0.134457687569153,0.130925241215103,0.0966636855269347,0.0243083482154072,-1339.77125078268
508,0.0023862359247425,0.0834569998976367,0.0347090100224747,0.0585153925081686,0.0929074795830613,0.0449774018906021,0.149207654726791,0.116726003914465,0.0785891657642739,0.0304996282554218,-1338.52128615401
509,0.0161497857298341,0.139669500361438,0.0379574019917224,0.0785306012258765,0.0937284697965836,0.0324958345473264,0.14854308257209,0.115562586649912,0.082833503784061,0.0256099980896189,-1341.16586695929
510,0.00711666917097281,0.0975863359205788,0.0320608985140703,0.0924444811933777,0.090408400004527,0.05850146785843,0.11344361759189,0.128503971498669,0.094957709037742,0.0284240405935081,-1341.40658904254
511,0.0109317021649684,0.147199640237672,0.0334868782491013,0.0913146512702785,0.0435056433697238,0.0476371261720357,0.149766778171669,0.121725280475772,0.0672135590274144,0.0279846400428627,-1342.29872740863
512,0.00263372873494486,0.0738264284268022,0.0311604679386245,0.0572675103407743,0.0504839865750232,0.0570721386831149,0.113057341174561,0.117682261263309,0.104359632020776,0.052777235462325,-1340.98428086151
513,0.0189765098884915,0.140769205025528,0.0310760613102832,0.0793974118269365,0.0662504960453627,0.0412757903738363,0.112847127587843,0.12016661051946,0.0403052920476544,0.0170982974549435,-1342.04737721387
514,0.0250413540647011,0.159880441772092,0.0435465000615192,0.0838814852351095,0.0892983635640437,0.0381416296495521,0.148526926890558,0.127057631412643,0.0646853424045456,0.0182644973252378,-1343.40045233038
515,0.0250179924465366,0.124255395578223,0.0318127388870796,0.0638895735868573,0.0792663446245056,0.0443604097636865,0.12917478781669,0.142679721976619,0.0747784987393716,0.0435647850007583,-1339.72612642649
516,0.00349524809106205,0.120009862620108,0.0407757657389022,0.084160608259778,0.103671776737557,0.042665978032477,0.190287482973067,0.124717490931051,0.0910526231982061,0.0345400293066143,-1341.64419683969
517,0.00344654628236517,0.0517316995005819,0.0372425243607038,0.0902114207252735,0.0943637254716435,0.0455172573119159,0.158466736639428,0.122744846635445,0.0967999081923052,0.0401720897071145,-1341.2550862247
518,0.00261572472871079,0.0802011886630723,0.041157165070138,0.0428938694962738,0.073508717765179,0.0455566020239143,0.150461027597665,0.108023726727695,0.0712056137146943,0.0408698126101361,-1339.95909144434
519,0.0119669445011911,0.113298003185853,0.0377198413567609,0.0555172962529158,0.0590835360309193,0.035134236426505,0.156026712328999,0.100140684212308,0.0841688667328585,0.0250791358519026,-1340.35538500056
520,0.0107883052997591,0.146835382634969,0.0506031836442787,0.0557579214925319,0.0785186905906987,0.0404653107328278,0.116788185002051,0.104833711259535,0.0528379044671167,0.0263652664650633,-1339.81114242775
521,0.00885852247312385,0.126870668703256,0.0182074547537841,0.0566207699823674,0.0747050878843823,0.0458404577532009,0.130159826007804,0.0943943641902561,0.0685506388124742,0.0224582838207754,-1340.64846767904
522,0.00213825323580972,0.16419067047884,0.0196955478260356,0.056350718568775,0.102595519862771,0.034269420834586,0.105907477658436,0.109967612648896,0.0678531171433298,0.0621755304230906,-1343.36704202339
523,0.00185590697696881,0.131328848660411,0.0353971114184741,0.0417810668931435,0.0886867467461342,0.035096494823578,0.117059401295911,0.114931638685537,0.0532201176417414,0.0280857139434414,-1341.36589446953
524,0.00715261520016422,0.161959767676489,0.0363878769591244,0.0732641782970771,0.0610519677914369,0.0363621234104086,0.115896968485888,0.0959000179602479,0.0530649326643328,0.0323662076263421,-1339.7087039687
525,0.0114832413498053,0.0948495260062874,0.0288874480059301,0.087374379900736,0.0741185304764458,0.0537087684873222,0.150352748899758,0.143752578790238,0.0837618363828976,0.0512833705275836,-1339.54580555644
526,0.00436204424026013,0.106999532809487,0.0212986301903255,0.0670833618311465,0.0630661984060771,0.0507027092729979,0.148902840563646,0.145933928398512,0.0652832955192223,0.056500575160339,-1339.64868718595
527,0.0158163977063664,0.088659094715349,0.0121776479502579,0.0795565208535219,0.0536804342566957,0.038143479373775,0.144753217305911,0.145144203326974,0.0703210283941996,0.0491365931340527,-1340.63840073969
528,0.0142595323737757,0.121635907161634,0.0270995996831018,0.0557135386470186,0.0830832396305313,0.0323283347017444,0.18693248557933,0.122568580301179,0.0652602246303018,0.0249032762658884,-1341.30451569175
529,0.0134017347695273,0.122908305162166,0.0400484842511325,0.0695543403000179,0.069729486808088,0.0575383396623168,0.0881190371099955,0.116550366704044,0.0890852047173707,0.0358118506737689,-1340.33374528179
530,0.00771725526213369,0.116284184127781,0.0459382427747071,0.0760053083197599,0.0743136683400639,0.0485194851743424,0.143111529960612,0.0939661703238547,0.0864697595639228,0.033586598332524,-1338.7058411393
531,0.0228863284745413,0.0626121106793365,0.0302598711392169,0.0706645912762289,0.0920708541928983,0.0532198310318797,0.123028797480172,0.0837691046639143,0.0687611911338668,0.0415252788142659,-1340.50974609137
532,0.051835763379979,0.117041744439901,0.0135942019435965,0.0791157770132468,0.0565008661761624,0.0408947402718087,0.108365067118465,0.106841563058897,0.0531715245461215,0.0399843931955344,-1340.92464607076
533,0.0395016472593472,0.0892430046384391,0.0492100601123205,0.0502668426587654,0.071122113780874,0.0616158543346859,0.131470595598898,0.109619555002973,0.0908690880327025,0.0327315175209128,-1340.7401597071
534,0.00321161819128433,0.0823290052426491,0.0366753074615469,0.0649829084749191,0.0565807522526056,0.0358055552963905,0.119720795203966,0.100228625789286,0.0683405255737914,0.050363694504918,-1337.847466337
535,0.0215956954723997,0.116874366584824,0.029310284606155,0.0655117198817823,0.0964476615736607,0.0254770480381971,0.124092259639296,0.106950942874753,0.0474697223941911,0.0399402755668813,-1341.42804783924
536,0.0369640454846775,0.113833895649379,0.0250972536618674,0.0693498546616733,0.0930472031249238,0.0455526829000683,0.0954440962208949,0.10544759384942,0.0864653419959225,0.0498717299600277,-1340.17687254783
537,0.0138936561045482,0.087375891551149,0.0332905313885061,0.0956957451373939,0.0639837458157747,0.0426832797459824,0.121631085235776,0.101329401309467,0.0725003638614055,0.0601867850323629,-1338.90039515855
538,0.0111347838033788,0.0592921672065351,0.0288182605506276,0.0998087746363611,0.0543428586272086,0.0543973872531551,0.136067676019456,0.108177972980364,0.0691066799378107,0.0466358825096062,-1339.38152043007
539,0.0111781966386001,0.0784905218997682,0.0258831704545945,0.0555334627702257,0.0478833987082656,0.0504412416724266,0.115839998317126,0.108822305660968,0.0920808163720097,0.0349134733340511,-1338.90595996143
540,0.0234318463639221,0.107585337934485,0.0391223149377984,0.0586908833046452,0.0523718265411504,0.0435071957629779,0.114607341895473,0.124709245168944,0.058964524426945,0.0296041175061047,-1340.12450498116
541,0.0189522867420216,0.100851523113099,0.0362829465229339,0.0610696785453632,0.0544077844774278,0.0452426697232463,0.156952839559212,0.124348841178274,0.0874556798311235,0.0379363443357126,-1337.97341472092
542,0.0222158614913569,0.0988374611192476,0.0305957226476072,0.0673748768377881,0.0628145112330218,0.0476427465627289,0.132261092947936,0.112306179243189,0.0789600288429137,0.0393285351604163,-1336.2333609992
543,0.0102214037829043,0.0700431377783395,0.0184166404788655,0.0826352352914819,0.0817287156400922,0.0535929655247279,0.132009173528652,0.111090328226379,0.0919208738297181,0.0473609881906639,-1338.90282518769
544,0.0411260406431247,0.0960619913246334,0.0525020574066658,0.0503667540754461,0.061995720566373,0.0433004348951701,0.141592170358734,0.107034380183815,0.0516417407794882,0.0287325809226362,-1342.53701556887
545,0.0215757072075601,0.0988717553044963,0.029388647643943,0.0828300850839904,0.0867100250791209,0.0371125317599578,0.0874421308668562,0.0850509798298537,0.132335193906121,0.045491932534917,-1344.33607715305
546,0.0259723215539618,0.0878018534200347,0.029327697753842,0.0972940054388468,0.0730155073886534,0.0596962677045924,0.0961845861684536,0.11334986307864,0.116760274763428,0.0337293248575321,-1342.72341427269
547,0.0233691755157156,0.092450681746701,0.0304724294908806,0.0807489405186124,0.0646653257414107,0.050549462309123,0.14981514319006,0.152973326086237,0.0952225704600754,0.0254272492377734,-1340.67321849417
548,0.0221095921594897,0.0894931111184637,0.0342208471431903,0.0809020060820247,0.0739360775895595,0.0468914470591374,0.14121977756129,0.107001054502925,0.0699764714765589,0.0435281885909773,-1336.88262334356
549,0.00273289443693804,0.0919095154753311,0.035019237093776,0.0610601744462885,0.0782317311036346,0.0625162574842215,0.106813680362069,0.109042496242059,0.0531755990718663,0.0423843979326677,-1338.91597175591
550,0.0260679834613875,0.0941961486089749,0.0566872042397729,0.0615006551210575,0.0807392593639614,0.0417915372145035,0.141920098233994,0.120521428089713,0.0552416117957704,0.0349837596575888,-1339.49616904373
551,0.0386815699699225,0.0813088483697037,0.0620811592804806,0.065048651125905,0.104672742016203,0.0543097861230667,0.168777626746642,0.110129345226378,0.0560196301136592,0.0650931380043137,-1347.08410035537
552,0.0454549060668219,0.0606011800977114,0.0423108250043846,0.0784528801304222,0.0833871204267246,0.065977219628343,0.0953440307977605,0.133968249275684,0.0617966885389426,0.0535929241541514,-1344.49715322977
553,0.0552355727130223,0.0455197222613605,0.0164491848942889,0.0858224221036349,0.0955552133696539,0.0685324577331436,0.174703294711289,0.15355747079696,0.0559636205921882,0.0541754293602105,-1346.96993359395
554,0.0592553510330592,0.0783285064416255,0.0292464160605151,0.0802911176474751,0.0743087417793284,0.0606554269851073,0.177376760554097,0.123771125094673,0.0495187779779527,0.0554937528430161,-1343.32864198084
555,0.00846269263489062,0.111772638211795,0.0296241369656426,0.0671077129466098,0.0716415940644732,0.0468655690256896,0.138361362754371,0.102973955828122,0.102586956867221,0.0522230997097622,-1338.46339449284
556,0.00753772866129713,0.102921346575064,0.0387276691418524,0.0658297911745344,0.0830156264671826,0.0446514828477374,0.0971897148174348,0.109432355433118,0.116610554945411,0.0496260243254393,-1340.08171805543
557,0.00542527467195935,0.0977528290876849,0.033200315984545,0.0767200764109093,0.0929267435959411,0.059764128271602,0.163522931760417,0.126701773950998,0.114331748197411,0.034122193247002,-1341.05364504642
558,0.00123911911832166,0.0858889937320987,0.0283181466151737,0.0700912609686363,0.081842399736417,0.0471660727345973,0.138219126706527,0.102695286241623,0.104294368876346,0.0373192830696593,-1337.73408227998
559,0.0143838344320061,0.0706660903488287,0.0385669096822017,0.0957531770580046,0.0587748629534888,0.04322744474805,0.0927350151766703,0.0781564326439479,0.0623772047796248,0.0523350207410216,-1340.59946772173
560,0.0216531704731937,0.0915412113049507,0.0241206666546414,0.0732598059358315,0.0804971419899021,0.0597274228264347,0.107032025041662,0.112906999642591,0.080808901476747,0.0298072665204413,-1338.99513679302
561,0.0131122680547484,0.063555094670932,0.0325001227918344,0.0990166876134034,0.0770859490388462,0.0351779973636308,0.161503823583522,0.126734909348593,0.0882474561359167,0.0295373236437421,-1340.57732958131
562,0.00782230459289084,0.127864557293718,0.0302548966021763,0.105675194920598,0.0545511836827895,0.0492457796616044,0.149350209237448,0.0983250343905207,0.0914238870338325,0.0276990930561941,-1342.53635342679
563,0.0214420068482326,0.0956988107807083,0.0343328324279111,0.106667192762092,0.0527524529196098,0.0465443037551694,0.12591544008438,0.0871033212232945,0.0765375600178094,0.0207676685211585,-1343.56710222654
564,0.0139826321644185,0.104553443381652,0.0185268697024078,0.0845031332104178,0.0646903928654928,0.0310521132550814,0.133718913391529,0.100306813241303,0.0934114907998505,0.0236199976764774,-1341.19387339903
565,0.00419598761642566,0.117846358582357,0.0528994839074312,0.101921675745613,0.0603353219516274,0.0452903015803465,0.104084984263244,0.108431321392131,0.0810059141951903,0.0394773690861244,-1340.79497019375
566,0.00462883305334802,0.112350511926447,0.0467980150450012,0.0932073331375819,0.0874265612031292,0.0596170865666466,0.0899268990632352,0.0835949478383752,0.0911131243948451,0.0362897712027806,-1341.41368919479
567,0.000989009572991196,0.121487177059823,0.0457608904889656,0.0627537267880083,0.063008275003072,0.0481202832280859,0.139080499360277,0.142362589221619,0.0662955845962911,0.0616434592784887,-1341.27720818516
568,0.0232303931099905,0.0487736899015436,0.0325890166168554,0.100619687599947,0.0618690082149413,0.0404866997964375,0.171062168724289,0.118272708096164,0.0705100586097418,0.0431845460830343,-1341.32596920601
569,0.0208746426063363,0.105315142337904,0.0363338628939774,0.0916072026191546,0.0606109386871759,0.0404436349981512,0.131713443297338,0.102316278045781,0.0691980101007684,0.0447533526101421,-1338.45798494843
570,0.00481202832854944,0.0770694178864141,0.0241959810850601,0.0736044618936809,0.0641874704962296,0.0467049429561993,0.0965358415142597,0.0909336902462336,0.085919694439887,0.0339006565390362,-1337.55696066741
571,0.0110871585666391,0.0716484147656523,0.0247508523846143,0.0688512932819208,0.0623969404767883,0.0408533295466719,0.128837977149596,0.0979011975906436,0.0951801633723427,0.016972477138869,-1342.12558882466
572,0.0278424157100138,0.101021052764838,0.0315199082991324,0.0789369041373896,0.0684225053292546,0.0615259774164794,0.126996293252537,0.134368443923441,0.0597875151142195,0.0515530492460629,-1339.74601031475
573,0.0188982739537332,0.0726925177855874,0.0347176890843561,0.0866244833055447,0.058206029571771,0.0734572264555742,0.130723678332981,0.123536585930537,0.0964344256665079,0.0503957822721588,-1341.86090924326
574,0.0632750199821321,0.0621608923101908,0.0129128562681533,0.0900616955264816,0.0802012830016798,0.0448019408432966,0.152639453239946,0.123380968671244,0.0592261588518531,0.0330043307047718,-1342.53797746393
575,0.00727319223793502,0.112209403741813,0.016030829699267,0.0901611787102899,0.066402511889017,0.0480097839661558,0.109518631980465,0.118649850775927,0.0847516609824942,0.0517024410646142,-1338.93592430812
576,0.000911364057345734,0.106075019149866,0.0427454435449326,0.0982981817201851,0.0677886107488633,0.0476595312301966,0.114415616393169,0.121570992100883,0.0889203279272784,0.0478107454404973,-1339.55331157714
577,0.0237233283016161,0.0936442396801628,0.0364570453260534,0.0375799423386991,0.0829011433529886,0.045536832073612,0.126800844887277,0.0994082956167554,0.104439031670484,0.0629483760160246,-1344.50271519413
578,0.021389317617254,0.12802270478041,0.0310792343525474,0.0905443192898167,0.0766204114947821,0.0574254717774502,0.121885392295174,0.100315409797275,0.0775450656339344,0.0374238109786977,-1339.51601359856
579,0.00503407788627354,0.105791539205018,0.0316585173907037,0.0741376677080747,0.0843378675644239,0.0530543360438029,0.119091670347754,0.118552335749153,0.0764824636617061,0.0545206255797144,-1337.82546420098
580,0.0155809007050656,0.106040184464461,0.0194772377631631,0.0757621875654106,0.0811595081495316,0.052690551636493,0.130471839855463,0.117923424938814,0.0581008946554277,0.0363776762581743,-1337.86193182526
581,0.0131368034495528,0.1087558438006,0.0467376497524251,0.093040140983007,0.0938314971629479,0.0644453081716687,0.12598937218754,0.116852948439842,0.0703823760728444,0.0371773615916269,-1341.22887297107
582,0.00326865048778726,0.0927223845774057,0.0272973745553241,0.103044398544679,0.101513422456175,0.040036893107339,0.128559058347585,0.104713710380547,0.0673365266325521,0.0457691153634211,-1339.88149481227
583,0.00380301137378037,0.0843252698279411,0.029941403852808,0.0877848806151373,0.07013971251779,0.0411087309821449,0.104147139617586,0.107228075409185,0.0892859969226805,0.0370476376617737,-1337.01590402917
584,0.00295507178988833,0.0609734660043225,0.0298972049825973,0.0749277865406803,0.0633550768313246,0.05720054853727,0.118555629699152,0.107088842615903,0.0782041205672688,0.0507706906127334,-1338.51425968381
585,0.0184630333446627,0.0668078977116502,0.0356893743279186,0.0793283896716462,0.0662989252906889,0.0614029646401844,0.094378577710477,0.108988386045916,0.0870657959688043,0.045211421111096,-1338.59150396674
586,0.0108037911519372,0.0677498268421746,0.0431781866263286,0.102090665464758,0.058756790729865,0.0401633940803363,0.146927024750088,0.157716064908585,0.0954241037703538,0.0459404138481194,-1343.42980532312
587,0.0177920218605464,0.0586463175668262,0.0327056289612971,0.0599601734029739,0.0769251490222887,0.0439438349447893,0.154007009415133,0.146152692151937,0.107037333143583,0.0389735339980476,-1340.92233899185
588,0.0298938990030874,0.120322411967202,0.0324288881614357,0.0655589704865952,0.0815121364407357,0.0491180744042323,0.163132095060769,0.141763415476582,0.113309315294486,0.0268227083477856,-1341.83750461222
589,0.0198379191020808,0.098829881452445,0.0264000714325057,0.058656102208611,0.0775621463475163,0.0373518073971649,0.180712566289432,0.13451405514134,0.0947600677745089,0.0562117309713705,-1340.91269953346
590,0.00197470538459797,0.0729285144073631,0.0217865990350433,0.0923128273003898,0.0789411616698193,0.0351102750767137,0.181316300116136,0.135821957981376,0.0393085545193905,0.0405115564088353,-1344.04338056759
591,0.0204429925185681,0.0693453169916721,0.0334208963764665,0.1096346197144,0.095720160105175,0.0417369024101483,0.127463358052794,0.130246873042472,0.0624896263641427,0.0374114170519283,-1341.97148979522
592,0.00450604672579557,0.0585301762999366,0.0483333104059717,0.0494281970609428,0.104613405790811,0.0345172061878359,0.199131240438833,0.136093927910898,0.110625947466377,0.0298029016704555,-1346.13620277263
593,0.0249359246762629,0.160891770756737,0.0423949823104959,0.0639367629053463,0.0624717756284405,0.0496986080104625,0.219604739841484,0.146219077918491,0.109849978180669,0.0257488720581336,-1346.97682814557
594,0.0257566426906303,0.116679484300826,0.0451766043820505,0.0481298838498951,0.0716751354119046,0.0457445332455985,0.156815818254882,0.0955297495000109,0.054901145171929,0.0585889043225718,-1343.01011957121
595,0.00588300832633835,0.0914173510908685,0.0237915541894392,0.0806791854115466,0.0712338428095934,0.0367928975685136,0.109256226879389,0.104117223931013,0.0555705492206477,0.0565841809098954,-1337.65835555114
596,0.0177680953297401,0.0759309172857632,0.0337942872430503,0.0803871078270209,0.0671090764312555,0.053471066959664,0.0886710556703226,0.0812695387976794,0.0729418381009652,0.0554831795320346,-1338.80439085684
597,0.0104492551075335,0.0653041737119141,0.0369075852723324,0.0806591253818227,0.0473201049023366,0.0469542195546001,0.12018760360559,0.142801789415934,0.0764843854228407,0.0460975172016708,-1340.63030022421
598,0.00177256668963818,0.0903585375603457,0.0427890476378592,0.0663448811783616,0.0512886599211377,0.0525803529207758,0.155460566751004,0.109658763860113,0.0731170154123661,0.0563574630404174,-1340.05706273065
599,0.00135549923162017,0.0731456853859282,0.0430096918163997,0.059843411320275,0.0558900875586505,0.042568589733352,0.149879800779852,0.132573462155974,0.0652292741904005,0.0553485492581516,-1340.12244476682
600,0.00964304386758361,0.10946110616017,0.0413788678722583,0.0395094033429881,0.0825670162495231,0.0411298497581704,0.146419125671501,0.111446975698767,0.0469262460154778,0.0527634154429613,-1341.4026799882
601,0.0112902732304111,0.11116329032519,0.0381827885680165,0.0502388195674023,0.071874313805364,0.0421132701569104,0.118828328812646,0.12945593859337,0.0619034963177815,0.0604369591970706,-1340.2363341543
602,0.0109779366928476,0.108035278971515,0.0204738265598115,0.0899360982159337,0.0688570496469742,0.0525560001353001,0.154350660297616,0.147345022566841,0.075776208511615,0.0277542448056105,-1340.12492181706
603,0.0116355885733063,0.0886237453453954,0.0266102658863196,0.0790842927353545,0.0630670447280911,0.0492706683990398,0.149815439244396,0.122212129719593,0.0521138388374488,0.0575427525025978,-1338.46995107804
604,0.0362012383969885,0.0889118561123635,0.033069419371397,0.0783357719085056,0.090710530316387,0.0529759904979664,0.130028285012503,0.104635041444801,0.07678579491236,0.0489940436110605,-1338.77524425578
605,0.00481674102253878,0.0752482679209867,0.027663262770341,0.0827084902498797,0.0644320576802369,0.0581603307471021,0.123869452951388,0.108413656803461,0.0785845281132587,0.0428680157157433,-1337.23261593822
606,0.0308546210835658,0.0977208260641974,0.0242083026026722,0.0611422968447786,0.061298932862544,0.0483822539603846,0.117814730647622,0.101509443133209,0.0676674369432647,0.0667576925992709,-1339.37109761552
607,0.0493847882647124,0.0886869938558021,0.020963787541501,0.052645089181949,0.0504123785769365,0.0426392379387741,0.0910629848127748,0.0975225319204519,0.0477932654007235,0.0405803474473556,-1342.41549894225
608,0.000233597665539635,0.0768067573478169,0.0787337954462397,0.0883582318224696,0.106325685883927,0.0599996432029089,0.113052633370811,0.109632595001386,0.0710872107239482,0.0444117151744529,-1345.05460235075
609,0.00538710250724761,0.0988098343303077,0.0288229601716547,0.0613862832209004,0.0255062550766611,0.0400878623105691,0.127988153875652,0.116262358492293,0.0743095987654805,0.0438090827823355,-1345.23938780167
610,0.00141311696446636,0.109130452539572,0.0382047043294089,0.050812014232697,0.0718264327435193,0.0459544398586945,0.132822570806825,0.122686480606391,0.0661305495586449,0.0342652588134026,-1337.36587779037
611,0.00607393750496048,0.118396994719059,0.0347022899838811,0.0639721627525316,0.0631338628539859,0.0484923457356283,0.134617399609534,0.110258506792173,0.0892910182127912,0.0443667842083446,-1336.78051911969
612,0.000234484669775197,0.0922997963518154,0.0460216808029058,0.0522896806757609,0.0720741986157723,0.022133711702426,0.115528713206633,0.102804326802639,0.0872154224132949,0.0437027555081651,-1342.66345878161
613,0.0208842616720794,0.0984708521656808,0.0529174063027293,0.0772044340797141,0.0785816822821542,0.0814375593540274,0.0830207080425383,0.0857163963475825,0.0512685728493798,0.0495992093618689,-1345.53843787212
614,0.0187454151042232,0.114625065630067,0.0209875398411127,0.0737248557909213,0.087067071642536,0.0484068860824462,0.136308761596988,0.116263803897299,0.051162202889538,0.043485377238378,-1337.96513701992
615,0.00635647811241658,0.131907286113835,0.013782980978845,0.0545508764814896,0.0591979224030743,0.0396938190505444,0.133613842829828,0.113552787085047,0.0639264350694347,0.0403885551148194,-1339.26987917425
616,0.0080816106668741,0.107383419561498,0.0191089227331432,0.0895857576314356,0.0882176080468089,0.0468419363882508,0.149411371092391,0.125066703584406,0.0786177062633747,0.058378906931236,-1340.05933697557
617,0.00654153692232512,0.109292078749242,0.0350714820217449,0.0616351430218599,0.0691309069541114,0.0464479820702386,0.112095496435154,0.138847311518106,0.0525139830680432,0.0908614399400048,-1347.25807411905
618,0.0249696503933352,0.0532139133456008,0.0579035910098071,0.0837953117410063,0.0920721193200784,0.0490423559430987,0.134124905273507,0.130602672060577,0.0554324134141342,0.0794228525801905,-1346.50354716185
619,0.042406711004623,0.0684038745803037,0.0197600305039763,0.0705472297663023,0.055381409906188,0.0486524538608778,0.128184772567666,0.104972695842074,0.0487929250846593,0.0706174288933494,-1341.47236065507
620,0.0232341262974967,0.0700690369540808,0.0183747146128212,0.070604549152579,0.0706908142080378,0.0486207898490544,0.113544052898643,0.0956683642036363,0.102342753857122,0.0859083969955616,-1345.91608113285
621,0.0193781152932154,0.099196920965152,0.0101806296088314,0.105037236446555,0.0828544926131404,0.0544603724173204,0.0997194376238567,0.0939175069438333,0.0468556595705995,0.0313291193169004,-1342.7278908557
622,0.0315174228247977,0.14917977528964,0.0221761725931788,0.0937785833981047,0.0799185878864444,0.0479601018897368,0.135898844838226,0.126167576854908,0.0647582783472917,0.0389081359606935,-1341.34692932941
623,0.0276663947946268,0.0632947215295126,0.0458758396311927,0.0770416233906159,0.0736753786100506,0.0505974470932618,0.142637668225395,0.130648390177882,0.0805800013378616,0.0380295808056425,-1338.444710806
624,0.0218307668021482,0.0676883654269162,0.0339828063910107,0.0879584827165756,0.0641759439592376,0.0502211517979587,0.156149126236957,0.131952165544409,0.117725877289508,0.0233597269324242,-1341.1862959789
625,0.0176388528874791,0.107430061922019,0.0252836421480728,0.0757234557185602,0.0755061843306726,0.0408050266055725,0.176695866905549,0.117909607420133,0.0557005284809378,0.0267523288204439,-1340.02113796498
626,0.0150214494445835,0.159545938280212,0.0331130983849322,0.0501364048318269,0.0588806804076374,0.0452699084294029,0.145562973068767,0.108690706933098,0.116073510160768,0.051859073800964,-1344.40540687477
627,0.0143538881962801,0.13450201316548,0.0256073403846898,0.0749314152739401,0.0567923812977343,0.0583086666287203,0.0998781638565333,0.104102715177324,0.125831201677476,0.0276165211946858,-1343.5004852371
628,0.00792704095299396,0.138085006806057,0.0268442651793418,0.0620061171002301,0.0696457870612229,0.0436652704684017,0.138615265113894,0.104568518928251,0.051479809298607,0.0529922770133972,-1338.38235535883
629,0.0134682727773449,0.0787895600044063,0.0341703385438928,0.0641551793464713,0.079711415717666,0.0473577055963869,0.13918216763715,0.107963250986819,0.05620612848643,0.0387043175435141,-1337.58538591787
630,0.0419332891421718,0.0979081551616867,0.0202986344019994,0.0868340137038951,0.0747933577860652,0.0545741141552433,0.0858571208106304,0.0845652599909884,0.0508908519821099,0.0515740225703122,-1340.37499199833
631,0.0443223889682698,0.0851641390539838,0.0333889198592169,0.0586790205427895,0.0835005218521987,0.0608741637241043,0.0871894275136007,0.0958904048638559,0.039969231775801,0.0527197155061876,-1341.61567674384
632,0.0178292862832637,0.116010954254588,0.0485444169234344,0.0716224297059648,0.0547239906322153,0.0606506790995275,0.136762250995111,0.0946206124809212,0.0801326057688916,0.033455034976465,-1340.82711152985
633,0.00863846235452014,0.0703457296561114,0.04010881848049,0.0610338993495093,0.0579449964688064,0.0372157326054115,0.0991091046865479,0.100362734038923,0.0981012582041883,0.0449572876179649,-1338.87365308813
634,0.0169662718463762,0.0937591084322426,0.0256860433209746,0.0730650839307059,0.0509816443635977,0.0487301336991442,0.11315697452207,0.101614103973484,0.0768454450152286,0.0496574817148274,-1337.02671211575
635,0.0124389125782152,0.0871067570056162,0.0366078347156285,0.0581961636801943,0.0919605849563519,0.0541015091968672,0.134815132810654,0.133470821533464,0.0708441446003628,0.0409810557001616,-1338.99381378238
636,0.0443189940776082,0.088417670060241,0.0227165997813054,0.0790008166737889,0.071389360212577,0.0537108334328343,0.094482929614372,0.0696687014133368,0.0632979671619835,0.0456215120848738,-1341.83362913851
637,0.0428050343565237,0.0581524240696978,0.0512853532488436,0.0672503199617132,0.0611991635869344,0.0520797453190401,0.0878689323303376,0.0689093222852796,0.086451389368933,0.0399262436573282,-1343.82372570355
638,0.0229461241235807,0.0777666236987904,0.0381866436232179,0.0536632362015914,0.0521659611789059,0.0491904747845296,0.0815334520611713,0.104049979294468,0.0651653731199676,0.0526502653383167,-1340.31437838365
639,0.0304979912162125,0.0688266972163441,0.0251768150881801,0.0962956844445639,0.0836230349064113,0.0401374615550487,0.104678358069112,0.104753940083409,0.0693580325135598,0.0403030490575262,-1338.99417753334
640,0.0366959455266348,0.068065059001174,0.0232515495897884,0.0485951762882636,0.0760111481129756,0.0532342381256054,0.10730373187822,0.103034700175026,0.0790054079443701,0.0514345718622942,-1340.33434399993
641,0.0320598048776412,0.0910330603050987,0.0314685417350534,0.0715950423549803,0.0820400785100754,0.0480584489045074,0.123176165806548,0.112766379423567,0.0779728420552968,0.0362234939913652,-1337.04641619217
642,0.0145083298876513,0.124856075086077,0.0359667498546603,0.0632301211341707,0.0744222911267728,0.0543684447877665,0.125488784019582,0.120525572677244,0.0633233573135634,0.0308205297194616,-1337.89237131932
643,0.0317426866334916,0.0700798942305217,0.030994195786913,0.0929545642144585,0.0879826660986576,0.0503542920219608,0.14712387628097,0.118991815832982,0.0786078359537932,0.0559616939135007,-1340.10409469696
644,0.00613029821607555,0.113755291044363,0.023132179217749,0.0791194335383706,0.0703013603161917,0.0521739402441676,0.130168940712082,0.104521666158442,0.0799166418309674,0.0323482498790053,-1336.96324520836
645,0.00285812821534045,0.0939812904679566,0.0283500100789642,0.0650837225328637,0.0803500633397298,0.0307002166803882,0.163857367632895,0.144222445621334,0.0930739063309732,0.0483935585665026,-1340.26828322503
646,0.0156583839868121,0.0975237644017536,0.0342044259916081,0.0851733890198893,0.0686932791665054,0.0656486108756765,0.115871114932403,0.0828176236863012,0.0477528026416028,0.0420924160116622,-1341.29372601759
647,0.0339165921248995,0.109023251952711,0.039048740324132,0.105122932929195,0.0726201663386176,0.0424826160548653,0.0874760848077328,0.0694254038580804,0.0519501715554642,0.0469627854623119,-1344.83883647945
648,0.0171912071344659,0.104360878827775,0.0397945804985911,0.0592875519361492,0.0703518768901892,0.0387842661293646,0.102159632244459,0.11649981277152,0.0934549091346847,0.0309043765483388,-1338.96382220632
649,0.0103916635080221,0.109680709808929,0.0234372479608186,0.0587829099657372,0.0766522742119348,0.0467833945182961,0.179454346358945,0.116664682314564,0.10446981274361,0.0348589294181723,-1339.75714881292
650,0.0213269568456741,0.0848019139293383,0.0296319630982833,0.058596745059952,0.0684677018942103,0.0604615969747944,0.141369665087565,0.119398714398163,0.08194008538456,0.0421368150404247,-1338.08734559447
651,0.0209460556889893,0.111365274998655,0.0403604897266566,0.0612716416170693,0.0806647563362602,0.052823716384089,0.125993881734627,0.130025069748801,0.0814931064390188,0.0341062287379072,-1338.49838973713
652,0.00556828818631331,0.0949408911280635,0.0323045917051304,0.0702673142278182,0.0500545918980536,0.0433037101937112,0.121633674950375,0.105875072659848,0.0754066180554892,0.0481717664700675,-1336.83203455827
653,0.0253902181264618,0.114930823004638,0.0345031094762515,0.0750716526986972,0.0936585176452417,0.0328015451260596,0.141393104197874,0.100148384778766,0.0671508689887424,0.0503707972768957,-1339.99828293727
654,0.0117480293846017,0.0974210029660055,0.021699906836539,0.0545311656126567,0.0602353661781543,0.0521039817291236,0.0888365228261402,0.0898183098171804,0.0572905729225259,0.0475164795544651,-1338.90562951839
655,0.0177334020673076,0.09640236267025,0.0337828553169598,0.0625582070371831,0.0609418233307759,0.0427814109790986,0.0799585425995743,0.10081456760399,0.0829793291143176,0.0377341691876271,-1338.30076329912
656,0.0263665294872555,0.0788837895186283,0.0308273009598372,0.0590478645444109,0.0741171552446043,0.037071411816768,0.12274292180338,0.114282883563419,0.0664812024851455,0.0363929138699101,-1337.77390860949
657,0.00979783076919133,0.164925583020652,0.0325066460565841,0.0705185827829005,0.0673604742187372,0.0393169145524264,0.140977881551314,0.118197817518304,0.0558910820067659,0.0202682720623979,-1339.6915863015
658,0.00541035017351341,0.152456638512318,0.0261793801990505,0.0623206698418732,0.064979393480818,0.0466653138484976,0.138359372925555,0.101731394912616,0.0697908609276191,0.0492832070838782,-1338.72258535373
659,0.00783306405408208,0.133909466205614,0.0263348418868245,0.0819384808309819,0.0803161184873371,0.0379587384732257,0.133288592308296,0.112471940127189,0.119820118303367,0.0458031700709829,-1341.27255958306
660,0.00200483951918936,0.10514644942251,0.0446671248805146,0.0811237184032644,0.0641769217034191,0.0474327933246922,0.121957482787502,0.12264165851247,0.0877811293064854,0.037264423120887,-1337.27876108705
661,0.0129438842394164,0.0613372416283765,0.0555134962842564,0.0688744903609831,0.0612545508853521,0.0590677282151936,0.139240049506695,0.119386358936144,0.0633656493234691,0.0438244823355876,-1339.82871848362
662,0.0327782778966913,0.11057710187942,0.0359075120460778,0.0724496926106777,0.0544360327199607,0.0464497608713977,0.140725859264676,0.11003568240878,0.0681558371795687,0.0342525934808219,-1338.6077780115
663,0.0206211170183135,0.0866743261114416,0.0306475376147777,0.0924272491026833,0.078284613614559,0.0533267906691029,0.11170401315617,0.101283186665365,0.0782396580414378,0.0457838190158616,-1337.64922199661
664,0.0206934628728185,0.122014228195966,0.0184726294657659,0.0484634968243845,0.0573254074508883,0.0518324644379901,0.148834238179635,0.121653867712122,0.0845904359405613,0.0319378200348781,-1340.26607938701
665,0.00864113194362552,0.155049402880647,0.0207999994257602,0.0652168105380957,0.0771940680054197,0.037870141501262,0.151072347212569,0.113994078186647,0.0943644479796092,0.0439425044662973,-1339.75184738084
666,0.00697152560700264,0.0637682282412084,0.0172122548522214,0.0732835865912125,0.0903561571742235,0.0348173336466011,0.156988923601024,0.128270034259114,0.109886908253518,0.0401993726474598,-1342.28599461638
667,0.00582592199579105,0.142719216877641,0.0246237003555962,0.0694634010396729,0.0678280286008681,0.0367440459303942,0.161931417465976,0.135941772628382,0.0809390173848337,0.0372128438073876,-1338.66916483011
668,0.0195530747567364,0.116114253683593,0.0249989209832612,0.048993014637957,0.0861996851237549,0.0511667264197634,0.125326970766475,0.134623997473819,0.0789643824552411,0.0646125619126758,-1342.77945288836
669,0.0370099464662181,0.0911411054735793,0.0325680328721507,0.0742800360081927,0.0699558910532565,0.0602566482195195,0.109674019177404,0.0759461572583892,0.0705774057771206,0.055198241386434,-1341.70275758809
670,0.00471365500666446,0.105426544017511,0.042164671349772,0.0669914126075441,0.0884627344047211,0.0412388988704254,0.0846144023427278,0.102808968076647,0.0727491383674739,0.0296764855053247,-1338.94445291832
671,0.00138951444604321,0.14400834435633,0.0345396028453955,0.083443205723321,0.0801764160228227,0.0396580411389777,0.118373804493263,0.0949615999265843,0.0825327263385867,0.0540737607728262,-1339.68392216857
672,0.0134407468321206,0.125519715235313,0.0182633510116734,0.0722850977360069,0.0888676666013799,0.0415058703645551,0.0959613959058628,0.095517900097352,0.0356573487520895,0.0589253786954058,-1340.45144192783
673,0.00103111149401049,0.120323790838065,0.0300517275072557,0.0710004063563863,0.0803136782784835,0.0508676168536526,0.0893370269470963,0.100996526871415,0.0799304234708212,0.0487677421657561,-1337.48914098196
674,0.00303204927589919,0.13929177053184,0.0264661952670347,0.056551282267083,0.0772722227801127,0.0520234142714738,0.12134999170815,0.106404476271513,0.0464407469837522,0.0369045824310548,-1338.33453890915
675,0.02234534141323,0.111912451006169,0.0326801799809851,0.0857071431260044,0.0504786678162792,0.0353913797555377,0.130302817171884,0.125756912127908,0.105793251297291,0.0329971572569422,-1341.59554828434
676,0.0197614332310467,0.117284602961385,0.0571577031818867,0.0849635867387551,0.0787501033563726,0.0438855669787675,0.166720555602822,0.119500012217078,0.114498380692127,0.0344855443467679,-1343.27368332842
677,0.00633291220778822,0.0720502271843388,0.0188594544875262,0.0653331158978358,0.0589571231673904,0.0575196551090416,0.0996264311080237,0.078913895662948,0.0569404871575571,0.0346195877120716,-1342.70845571864
678,0.018319069190087,0.0789770554961594,0.0552708819722109,0.0715373435596002,0.048913854156837,0.0383329926646275,0.0664560262148368,0.095885506518614,0.0569044218591542,0.0561150648637831,-1344.46037408028
679,0.0348491906833539,0.0649601706302557,0.0272864892950413,0.100730802256914,0.0924706164755917,0.0379257679230642,0.0715167602676591,0.106760799605126,0.0384939339969957,0.0517954244830156,-1345.64229706663
680,0.0113463026227185,0.17460910399138,0.030540741438316,0.0854904940546838,0.0937723255088488,0.0462176027431327,0.140902070817525,0.119574001951337,0.0437322932553809,0.0197607804998675,-1341.5854046554
681,0.0121739826404104,0.0903708284781989,0.0573049559997773,0.0570314149436795,0.0653190467507791,0.0725814636481191,0.140142752969262,0.11502043905328,0.109564250127243,0.0379953270409617,-1342.60821643573
682,0.0203370435091082,0.0892818319854224,0.0282651052737267,0.0772645987864753,0.0603075940176756,0.0669045813119202,0.126637078050224,0.122611754775497,0.0907160431605722,0.0303960016327752,-1339.43089589543
683,0.00400025764605828,0.101698731255406,0.0136731876918797,0.0576081106474453,0.0609636900365114,0.0515490368828331,0.128571630299378,0.107307832217357,0.102029323408305,0.0405854508599855,-1339.86072646718
684,0.0312231100341649,0.102838329264361,0.02807816352977,0.0699150461921905,0.0848398223393545,0.0441397526107889,0.121828326501122,0.112623524979601,0.0843273812943677,0.0418313013469304,-1337.42954955125
685,0.0333488353701766,0.0816975473737651,0.0387018438768527,0.0719990441188148,0.0828651406717802,0.0475585273836553,0.185580881550095,0.119812513477841,0.104051570247429,0.0312898471490391,-1341.16779212434
686,0.00908967527884544,0.108597353120999,0.0385718031799218,0.0832465266231995,0.0657484860146182,0.045816958322889,0.0902455543854808,0.0954635742737072,0.112133971387414,0.0244601523179622,-1340.75364500565
687,0.0243434771048226,0.0930336737947116,0.052114879721289,0.0534685636980495,0.0654284094197636,0.0564935982077802,0.0896544850018451,0.078779336023544,0.101536701283426,0.0467054930994244,-1341.97163158563
688,0.00232248990831802,0.120048873388805,0.0581497570125104,0.0589975850650888,0.0881739808896061,0.0514412200903613,0.115319374906285,0.124041311087591,0.0804808042418325,0.0387413472025947,-1339.63887269975
689,0.00745523283690091,0.123960474188089,0.0245006575335006,0.0671695459014468,0.0854099376101636,0.0370152228188211,0.119880118715677,0.0945012914648323,0.0677116042088102,0.0389376924437949,-1337.04720778071
690,0.0188215700412712,0.129254345593941,0.0388886202594885,0.0654062381837863,0.0851588738080044,0.050461799183696,0.116681485823186,0.115431795444551,0.0866084208534474,0.0326355808854884,-1338.5805889868
691,0.00835045166408491,0.130042277804049,0.0429962542643264,0.0730001318695163,0.0893735615488291,0.0412486173298604,0.136077205175093,0.0927281433874089,0.0702531343075765,0.0339043653745893,-1338.66939239631
692,0.00515000723938835,0.133731875157325,0.0415523264174988,0.0619706163025252,0.0826882362651739,0.0385371245188413,0.0961822920940775,0.106218434904441,0.0677742842656548,0.0451523838571192,-1338.10517808372
693,0.0197680741163861,0.0742590334690824,0.0185880664548829,0.0726477661305686,0.0745732334873647,0.062544591422299,0.089980206350652,0.10348546459567,0.0810117667545119,0.0421233983225865,-1339.53076048274
694,0.0216469753126729,0.137680668043532,0.0240050601576747,0.0731775148445828,0.0809232646767551,0.0322347653110929,0.105116205106876,0.0997579813387976,0.0749917200235843,0.0300247369008263,-1339.83722289228
695,0.00576873320801498,0.124872149296825,0.0467558779071059,0.0667961376096313,0.0742373752700887,0.0396574895940579,0.112145597004933,0.0870929720436401,0.0742597900156452,0.0426199438924494,-1337.86668786037
696,0.00699261921112873,0.0905447815878514,0.0274185908660444,0.0676122879488179,0.07563960219203,0.0393723847895824,0.111673009103118,0.115113052566881,0.0752384325822746,0.048496438807617,-1336.57795416141
697,0.0132338585787055,0.118366242322609,0.0253636056461352,0.0625748939799779,0.0700576674004002,0.0320580650986165,0.116719491961721,0.0958780300850744,0.057711097206963,0.0598853951101639,-1339.1428768829
698,0.00971280322403809,0.0797397248002247,0.035206262705463,0.09624838025336,0.0441588636406086,0.0395551181992586,0.100075344547009,0.109389858703132,0.061397169500787,0.0582270756706981,-1341.11981012738
699,0.0131430826091565,0.0822302027972489,0.0206228332837334,0.0807196216200623,0.0965513931482585,0.0546201483684762,0.154167487438076,0.118364628057251,0.0696342416493819,0.0564667512227031,-1340.54703537412
700,0.0376758206541078,0.0469270517498732,0.0243596108013259,0.0841416613686777,0.0750262693096904,0.0526899881635933,0.120375718930426,0.127021410356664,0.0649877922271411,0.0580793928394862,-1339.9785789311
701,0.0150754781806673,0.0894849098774125,0.02570474243151,0.0880556646700442,0.0563669807092179,0.0453707272822443,0.140995470028826,0.130074844517156,0.061638354664455,0.0584215412293581,-1338.77696559179
702,0.0389494239122006,0.0869726368415793,0.0285049538590875,0.0861426433660733,0.0711770069776874,0.0435396514679914,0.123146993154702,0.128890716503686,0.0459704980862103,0.0527234113650091,-1339.63832078412
703,0.00640973505944571,0.133267875722323,0.0327390915351513,0.0512711697260452,0.114742706589474,0.036267254843008,0.157868056020896,0.11445310093897,0.0471904387477241,0.0536950597295007,-1342.2909653287
704,0.00719656383351402,0.101088820906415,0.0187571642787616,0.0843771458576969,0.0975941735407154,0.0571085098501234,0.125913595694054,0.128022631047755,0.0463046574143372,0.0472697722555062,-1341.43389071955
705,0.00971765132341258,0.117626001617735,0.0443834967497126,0.0726356293290577,0.0706898332063247,0.0366282762089882,0.165103666529404,0.12964420661876,0.101216893901907,0.0353550864914849,-1339.28321533867
706,0.00586441972972441,0.103856202055916,0.0443291522006401,0.0579660041730436,0.0465042243001015,0.0496493326203298,0.121980700815017,0.0859554577623118,0.0512121327126986,0.0311737432621119,-1342.05866305804
707,0.0190115167633148,0.103987693736368,0.0158976837541743,0.0646098722948781,0.0858932729493292,0.040116236120403,0.137736454533478,0.149027706319639,0.0704595572836416,0.0321515534270287,-1341.40632220215
708,0.0167171531192507,0.104798539127525,0.0523937439361637,0.0669834664239814,0.0754880495585854,0.038860899354408,0.136798838529618,0.107519901532215,0.0978159734269896,0.0457960973703356,-1339.16952024472
709,0.0151276801093193,0.0685454412563326,0.0517178615179292,0.0594097482900611,0.0749579058339824,0.0401416305504544,0.116345491287876,0.107820534919713,0.0851250693121058,0.0413960190912069,-1338.09160904323
710,0.021586547832137,0.111543321554883,0.0481525171981207,0.0539296348723266,0.0810174419759511,0.0453801352898885,0.135101366371503,0.128315052728223,0.0751158731118411,0.033706491132639,-1338.68314214902
711,0.0183286986980359,0.0778556336198453,0.0628973784003413,0.0865395065144283,0.0880990711888451,0.053565651584499,0.125940253658478,0.137530810986269,0.0538022619456448,0.0340033311897541,-1342.72600389985
712,0.0530605020368553,0.0939698368328104,0.0544103695307456,0.0906077294763949,0.0858826158996968,0.0546789370520024,0.132877172085288,0.108064448660209,0.0676121791094067,0.0304606979604406,-1342.69281747042
713,0.0369723149250032,0.0537442556773213,0.0278729269586635,0.0941471270101971,0.0798470283327113,0.0433025264595277,0.130199018735007,0.106878892728247,0.0554995448877841,0.0445692651287832,-1339.4572041144
714,0.0132790899706396,0.121619140765849,0.0290256232850769,0.0465152220231789,0.074847882122108,0.045489877027476,0.140839884274538,0.102912065434767,0.0680683064639555,0.0485258314913418,-1338.56185316599
715,0.014047329029635,0.0949777871902115,0.0296688729778096,0.0623580975610529,0.0765758153966816,0.0451565677493592,0.150468675488515,0.10965475625499,0.080483962021467,0.0354684287686261,-1336.79142214261
716,0.00722671844169288,0.125686288221498,0.0360198454124495,0.0769560300901103,0.0936395732445151,0.0383279832574567,0.120005421688448,0.11060518053259,0.0731664412415288,0.0331039568909112,-1337.80293463604
717,0.00184680984188756,0.107319055661321,0.0512048160718754,0.065589915845957,0.0536855711377981,0.0689815591660823,0.114476483275626,0.133816775116507,0.0692392452750202,0.0533287775085913,-1342.69882322953
718,0.0488294228666334,0.0801897708107745,0.0250427853413737,0.082118503186928,0.0566223891048665,0.0495139402775186,0.146146545536542,0.110804666893875,0.0776885122150822,0.0398649892229967,-1339.35228014465
719,0.0405157209246594,0.0771779857763599,0.0195768076158401,0.0759344631632686,0.0692283637917154,0.0471117389981535,0.110501428851283,0.099890735200784,0.0893832930462408,0.0442000106990709,-1338.17738559785
720,0.0422204253500389,0.0898783986187722,0.0381026408525169,0.079745350662868,0.103318715421378,0.0434234419337943,0.123543835905984,0.107539570624885,0.0553172735647519,0.0466166768551627,-1339.97981213942
721,0.00446263205316222,0.102765821149559,0.0172674234663608,0.0880091721092695,0.0689274149550286,0.0591700661401327,0.0689812725870965,0.0794601354471044,0.081147832034809,0.045051432361286,-1341.05602406331
722,0.0194509758059872,0.084710226884717,0.0250377170677208,0.057741240498016,0.0679422190600401,0.051216197146375,0.0678417297498188,0.0712716497250697,0.0630536151164425,0.0533938219493179,-1341.40938888468
723,0.0143150933728515,0.0930827391725965,0.0153149602914461,0.0805370840149969,0.0658134770064046,0.0407732426266727,0.0721637022607307,0.115808615318258,0.0717329286109812,0.0581726859658185,-1342.42945388849
724,0.000157977504644766,0.0861007167196797,0.0470032139418355,0.0521875369187197,0.0583893679585628,0.0453053815467456,0.117376856610566,0.11120283904389,0.0732391052631664,0.0316160847774462,-1338.26757770823
725,0.0136523839003833,0.137939180474996,0.0485571530975271,0.0482632167345208,0.0590843167840855,0.0454320074144601,0.123740011155996,0.103497704858036,0.0892141844153656,0.0273523290176914,-1340.38326213268
726,0.014194271234378,0.166488137913582,0.0321760658251324,0.103555864436513,0.0743278026800524,0.0450845799336775,0.106776991305735,0.104585094164232,0.0328628978473565,0.0187370315883202,-1343.25893741453
727,0.00833889290404997,0.181964669698564,0.0257129087712986,0.0909364094106298,0.0803080287297336,0.05172327210877,0.116507435254766,0.113912852834118,0.0780016609257498,0.0423263200914538,-1342.69586131219
728,0.0178941555874182,0.17930084127311,0.0180480165245213,0.0702363962142935,0.0958579677827432,0.0486564241781938,0.0937909384806961,0.104367647062032,0.0364954166630251,0.027768822416725,-1342.80416071696
729,0.0114180613313729,0.157031087488635,0.0472430943821565,0.0681267874026268,0.0867069976492734,0.0427029861782086,0.108850037125445,0.0893265702166153,0.0909982368501781,0.0370741647246818,-1340.95881789168
730,0.00837181745337919,0.114178058605409,0.0460942251369337,0.0769393979444666,0.0789656260556494,0.0478123844369489,0.13060827499312,0.120059375473637,0.047856817039682,0.0458264114410593,-1338.29292650973
731,0.0410436468817456,0.0538152673523546,0.0474351842166866,0.0661930227432847,0.0777845938390871,0.047217642828378,0.112696110673564,0.0977931875138905,0.0530744876143221,0.0466176956897054,-1339.81506194763
732,0.0640603153894199,0.101899758726936,0.0520959552163024,0.0669828489701715,0.0884582662236396,0.0490350271548182,0.0916019160985113,0.0907893793660561,0.0679616973010486,0.0341198270336106,-1342.580568581
733,0.0146972608697044,0.106333757873066,0.0449365906371395,0.0713316641115591,0.0825339185303488,0.0460807138978555,0.123742841719654,0.0981234664381291,0.0756474069823188,0.0409296027487665,-1336.96346689558
734,0.0166050087327081,0.0626373688003231,0.0633970280677751,0.0618095454288233,0.0625654053045717,0.0409434287121925,0.120216076102575,0.114963809435303,0.08507611090882,0.0210805937240956,-1342.0217651821
735,0.0248108949269879,0.142943263219679,0.0585081530308166,0.0725360269949237,0.0975235806110219,0.0396108409246495,0.169064435153737,0.11949666678188,0.0777079361302509,0.0137401136653951,-1345.88025415152
736,0.0162953935030548,0.0777379226827446,0.0478019449967824,0.0768554636519081,0.0893481109141892,0.0390289709746885,0.161767676784884,0.127405773008792,0.0733853176742482,0.074111088381162,-1343.51861724502
737,0.0175117751351447,0.0779151394967446,0.0601766753856807,0.106503409470912,0.0691427821151378,0.0317299945837595,0.128389507549547,0.111859807442372,0.0376538646138518,0.050492164426703,-1345.8015499537
738,0.00234811870605223,0.0680321261385624,0.00519567840605268,0.105455034860597,0.0827046936048431,0.0436822713195019,0.12840380638556,0.101285023806129,0.100633755347941,0.0442912647401833,-1344.27250111448
739,0.0354025218891838,0.0673841006122427,0.0153441385871692,0.0584238416870337,0.0578572163423207,0.0455069929543502,0.12522277393937,0.0928524798060235,0.053061018698547,0.0488068213894705,-1341.25077682561
740,0.0366984350539498,0.0591187424648621,0.0152105673508506,0.085380698994006,0.0694401937811329,0.0443180227117088,0.0837884146731175,0.0962180779736302,0.0477641995333562,0.0499339618053756,-1340.7213354363
741,0.0164426910387482,0.134054126119967,0.0276437434217575,0.0700494460154092,0.0715966156938009,0.0432237894574852,0.0957575311226995,0.10925308078467,0.0713449862923171,0.0322246102371067,-1338.21896670361
742,0.0154618604528227,0.13044490374628,0.0163872463818344,0.0920452937348706,0.0850205590685666,0.040507853742685,0.125896952270785,0.112743690474732,0.0590340163232414,0.0283745480464734,-1339.52775670257
743,0.0106038876435666,0.12029533332362,0.0535489043414711,0.0571449374595447,0.0614621306248832,0.0486437857942278,0.103058279192944,0.105557584704624,0.059635579186202,0.0294274014003633,-1339.32284778246
744,0.0183987649025594,0.0960438999732794,0.0220070803274535,0.0797672517055815,0.0501699885495032,0.0524366804470101,0.12613469171392,0.104716197570825,0.0933702579552187,0.0287593689114975,-1338.8639505727
745,0.0344778548312329,0.0648226842755147,0.0295882245428971,0.0794280437242473,0.0896964810421668,0.0417687582822924,0.146664909072818,0.124510740145569,0.0769183724063386,0.0233840780088852,-1341.05985509197
746,0.029927178491942,0.0643605411375991,0.0486406622560507,0.0803455578005552,0.0672796506382787,0.050128119922314,0.12516891944256,0.0899974625147343,0.105855582341237,0.0496549738007915,-1341.55949138087
747,0.00729059048911706,0.103579691131517,0.0598670995088421,0.0420239417425185,0.0898086871934035,0.0406168900172153,0.120571082395663,0.0936977640649631,0.0982546446912283,0.0361236342609423,-1341.21950266236
748,0.0241162417612958,0.0610768397348805,0.0576335477907436,0.056992564997188,0.0911316549870137,0.0425988720416811,0.10442992722742,0.105171387845388,0.0918121015635838,0.0366483006351953,-1340.63466530736
749,0.00900734493508682,0.134477021723671,0.0191809967885139,0.0514726537293524,0.0440529848908797,0.0382935776675916,0.11470575785229,0.135938529464357,0.110940020842251,0.035559090648725,-1344.83260021946
750,0.0153263903234131,0.114466126604219,0.0221904208030979,0.0439695038839188,0.0862975258856162,0.0403132908805707,0.11144141391444,0.088347298554942,0.112874138718991,0.0350029402703564,-1342.73251694078
751,0.0140573579188374,0.0942304466890478,0.0597865909520422,0.0742240210736199,0.0906494969371866,0.0544827381121292,0.0878331154433135,0.101003685305293,0.0474357634514221,0.0459561277688961,-1340.99640599359
752,0.0133396967098331,0.0971638021015409,0.0106228652735452,0.103166692603894,0.103535189554696,0.0716668998275838,0.133635785879841,0.131732609998956,0.044040084044163,0.0462557874011807,-1347.83090765832
753,0.0198907535168083,0.0846383539014821,0.0540351539436576,0.102598482888977,0.054933327931257,0.0463483104819691,0.110394995610257,0.133624421247465,0.0522900327618399,0.042773304118901,-1343.35699260744
754,0.0243275994554735,0.081525504762875,0.0112606885321703,0.101855757985009,0.0580867888791006,0.0591181171126811,0.121739679728212,0.107100504091525,0.0553560398082503,0.0351922711668009,-1341.28356490607
755,0.0191505454412163,0.113440614394797,0.0495490429027435,0.0638000831479524,0.0653619300601837,0.0689656647256513,0.120191994003171,0.119470985103597,0.0792582345970004,0.0251588510128084,-1341.19394706257
756,0.0471286441818698,0.0726298812354687,0.0231602643696222,0.083195240448713,0.0652460556009055,0.0620902466506993,0.148008726641593,0.125081653209449,0.0647674672861348,0.0641145768542468,-1341.50977074719
757,0.0519631631513228,0.0565262633158317,0.0256500342446393,0.0765880042038168,0.0680954610399333,0.0371811240175524,0.12838041469232,0.113280984791349,0.0823628486711019,0.0530006932894388,-1340.13948617531
758,0.000222350361529921,0.101841950921058,0.0271102873288581,0.0678367286292133,0.0616073527018706,0.0445092597807924,0.11436088131601,0.113826642636075,0.0625448516771934,0.0566901988917867,-1337.10057792648
759,0.0150823609737344,0.0986766121977411,0.0300663230379328,0.0748119323278813,0.0781529739683435,0.0459039288950628,0.111368536740433,0.118765151889806,0.0729087725594614,0.0452225909299004,-1336.59550179702
760,0.0192044990928617,0.0729989952089731,0.0456105656290351,0.0663442999844984,0.0622920670269623,0.0504876200270183,0.110732885054849,0.108783195773685,0.0975907877399308,0.0430740965748792,-1337.80213313216
761,0.00255979095239982,0.0930437063789758,0.0284003203178819,0.0775903675259173,0.0591871522763029,0.0459668066124493,0.0991449760450525,0.103350464214005,0.0584723459391832,0.0462340874588824,-1336.62175123941
762,0.0198085674716507,0.088619011670388,0.0622912133451218,0.0568218395847694,0.0854361122101975,0.0472711361724908,0.103242101924252,0.109228325842327,0.0724744792245698,0.0333000658107894,-1339.50950825033
763,0.0226636900367146,0.0846517251740474,0.0649636136339084,0.0959251397053234,0.0788157973257549,0.0600810029090944,0.125732210411149,0.101680694027787,0.0864443723488514,0.0426233796346047,-1342.44120733001
764,0.00405440627246479,0.100409589891049,0.0437314439734409,0.0876727043966685,0.0632054991631306,0.060267859193022,0.114013477283578,0.10172098064941,0.0733999928932615,0.0342815178330293,-1337.98862897554
765,0.0135822417061433,0.0695864178172724,0.0278386224615214,0.104705169282098,0.0683307975571282,0.0421497986902959,0.123279347519588,0.0970896229101118,0.0606020411737894,0.0511028308574712,-1339.13319642953
766,0.0267501357582163,0.0840887419486234,0.0172083759195843,0.062269950256335,0.058559231115966,0.0457728180698837,0.110775340632642,0.119047275178236,0.0853368379165095,0.0554753703782467,-1339.14708311259
767,0.0686068286786089,0.0438105917298356,0.0353010382214049,0.0696263513411172,0.0588527799196932,0.049729576105207,0.0924074985243685,0.0974285795341938,0.0396885308663476,0.0539015059369096,-1343.51126350791
768,0.033277998226694,0.102204109192913,0.0270965378415791,0.0750153408526689,0.097440441777121,0.0499196081193647,0.158577091763938,0.105691885715112,0.0486340743537855,0.0401268333145255,-1340.74390019705
769,0.035043172986862,0.0813002389336583,0.0320835278364443,0.0999194028013193,0.0543379124190392,0.0440790821446505,0.112906794487619,0.100366347967748,0.0769614331312492,0.0325587124864894,-1339.94726739928
770,0.0354008580694804,0.0769060771289194,0.0635088407548797,0.0562774756287737,0.107018586289688,0.0618275858664881,0.11379513128744,0.108357575145072,0.0755156994904961,0.0532067642846572,-1344.91168358727
771,0.00195663668812418,0.114454250615164,0.0434298875487695,0.0581644088730997,0.0523109610428807,0.0510954303547242,0.124146118230025,0.106344830513751,0.0696577794698083,0.0280471364109908,-1338.24663316241
772,0.000736365007366295,0.125581557879058,0.0370267000093917,0.0865974797796404,0.0637130677926355,0.049576812835151,0.125822986643871,0.133647362798448,0.0855526649950303,0.0428171804164694,-1339.09154277124
773,0.0221950958693281,0.0282602747720783,0.0275052944846543,0.0790854687523567,0.0744560501922248,0.0529576745566432,0.119662485743047,0.0913341815283125,0.0653690894103276,0.0660924756669035,-1343.7999384006
774,0.0335375960438885,0.0591679093279926,0.022466356580609,0.0840920405918586,0.0769085606989924,0.0506991572571638,0.0794074812680557,0.106100170854529,0.0578505883710335,0.0486361410695915,-1340.11527419296
775,0.00872049141570729,0.0825980638048241,0.0175787262379604,0.0630386584493086,0.0479414406439868,0.0531812486760809,0.131263025889226,0.103600003451065,0.0749193981833328,0.0454728485638674,-1339.22732184915
776,0.00717966621612429,0.107752356908483,0.0361479262724971,0.0830237786519051,0.105619965392154,0.0317045487910779,0.123790886040278,0.111540705357465,0.0707017402323534,0.0456623359855726,-1339.8480636077
777,0.00363676097087895,0.101499599071322,0.0408549374880933,0.0552850376386714,0.101252025816578,0.0572712018077363,0.1361156940591,0.123436285150937,0.0736131315579071,0.0467800942535777,-1339.89710275961
778,0.0042076843045129,0.0858801746281418,0.0553903747576614,0.0571128980158896,0.0806290240476122,0.0523587004368875,0.15927970369381,0.113297086185081,0.0570085629343655,0.0316533848948404,-1340.11964932294
779,0.00572737044502442,0.172508971455785,0.0244515836915746,0.0450997352277338,0.0774161021970207,0.0366811849342294,0.151539622710135,0.148167334243683,0.0610758263627798,0.0152342693921783,-1343.95786315873
780,0.0372050478612681,0.138481756140116,0.0220512888445742,0.102761104160523,0.0549932965733053,0.0536673343467404,0.171456936657642,0.112910711697268,0.0320366374067931,0.0317014451156659,-1346.69160333798
781,0.0576007047916378,0.12347745890231,0.020228892877119,0.0501154577988522,0.120959360697847,0.0507279878765711,0.0875872808781325,0.105999376368972,0.0891110598197642,0.0345047049112732,-1349.23996512543
782,0.0261811837712708,0.0797352339682799,0.0293687477193287,0.0991442079736849,0.0462500398284685,0.0473507800226228,0.13706810066569,0.102300740303788,0.0615780007960374,0.0397548098924981,-1340.46473630804
783,0.0245519579587926,0.111863494683676,0.0341403046943585,0.0971827425921853,0.0616136017302623,0.0421727105447742,0.107147862251131,0.113294299784,0.0788791478340621,0.0283737331421495,-1340.12116099096
784,0.0243946783971273,0.0635957116795179,0.0325204842529085,0.0979907656936891,0.0480199299066609,0.0583259352762489,0.111438652834431,0.109741414433982,0.0671435755206313,0.0248561954711914,-1341.7827071957
785,0.0107858061434403,0.0630616519883837,0.0265781012547811,0.0861061188053989,0.0619556050043495,0.0383610271535926,0.141450307509523,0.120616728705291,0.102795718942231,0.0313718337771532,-1339.11576947087
786,0.00459196378423073,0.140052781403298,0.0250021228771886,0.0676509119806941,0.0767454001101438,0.0496122831070607,0.123742725261699,0.123006069344563,0.0226007553259478,0.0329535031030846,-1341.80425861258
787,0.00438840985103485,0.17522102080664,0.0362575717105982,0.0818889390335473,0.0800575535214091,0.0648373917168521,0.139060896517484,0.0855115413767982,0.0740171879813177,0.0299760392539551,-1345.29403462292
788,0.00538605001265005,0.134947393864502,0.0474664890159372,0.0458078569482059,0.0808375298451391,0.0581385601307229,0.0786053969023286,0.098826250910916,0.0584093346899906,0.046561310660619,-1342.00314926961
789,0.00502426813439388,0.107986405723181,0.0151883810083066,0.0866337883362669,0.0461285325161194,0.0400091523965222,0.10871677791855,0.105697942901374,0.0682293705963725,0.0272990699369921,-1340.59063855425
790,0.00493191883307972,0.0880711471728215,0.0207360224571839,0.0820658264733999,0.0964458719703502,0.0408990622241966,0.0942945683289399,0.103635414870258,0.0935801129208212,0.0491912667628888,-1339.75037667239
791,0.00384812423864034,0.148580910575269,0.0214154667388592,0.0622504215922848,0.0995688565591842,0.0445856712505377,0.0987813206841479,0.119069392402985,0.080949743722383,0.0468104270014631,-1341.40400817742
792,0.0138388141749036,0.140620631033633,0.0398625475860963,0.0637696152574593,0.0708981712007759,0.042631480381193,0.166998538450385,0.129558024572595,0.0879606798984616,0.0323410327956189,-1339.16103041606
793,0.00561140932414405,0.0982685924134023,0.0370067377227211,0.0725878200875174,0.0680593482614213,0.0250131836809532,0.162435775227577,0.104246695774489,0.0865494774197788,0.0575715539517553,-1342.79996327585
794,0.00126331625664473,0.101984317940758,0.0458628876333097,0.0615330362317475,0.0965301896935232,0.0515642844681965,0.145841228491407,0.132487742850243,0.0855801113280654,0.0412927210525516,-1338.96238836602
795,0.00430307778455507,0.112222367238041,0.028208284346041,0.0674379377999532,0.0947202827112842,0.0429980121322093,0.153126496179115,0.120631644432306,0.0735246512499439,0.0478225184080093,-1337.75167875074
796,0.0123324621719868,0.0924371769589695,0.043807559192987,0.0449964941097451,0.0923648822988738,0.0705055991153979,0.155973841875145,0.112219643453591,0.07635118650502,0.0473920151296207,-1343.9308087005
797,0.0290245429910638,0.0936088194867793,0.0441376187030506,0.0558215393341722,0.0708092798197213,0.0460698300019762,0.0938000954393969,0.0992197731515168,0.0514182834964368,0.0665964598743922,-1340.84287428179
798,0.00169165265486689,0.0907442532954104,0.0265174404489427,0.0784839069913581,0.0690340788859256,0.0441911970674383,0.128803775039372,0.124545697127283,0.0936780015252438,0.0205737025259233,-1339.08539063501
799,0.0212262298944238,0.0873127945326031,0.0506672893933305,0.0841057286423876,0.0673822908236225,0.044848736221063,0.127087934370814,0.106651068763793,0.0533827945100525,0.0334497264505933,-1338.92502483115
800,0.0323871514557038,0.0991694037037865,0.051223340898993,0.0688077700283739,0.0697334195144459,0.0563964226619985,0.107181122893259,0.0838814131997471,0.0547694146631601,0.0391500133253043,-1340.19020970438
801,0.0028892209489635,0.107056110885078,0.0489109527179034,0.0663522381698834,0.0699831317903942,0.0576068654207775,0.0734726756642912,0.0952697210565347,0.0732161878940324,0.0297791003119789,-1339.91594690473
802,0.0125366697772787,0.102879896552393,0.0295757001819837,0.0699897298028055,0.0630691267298956,0.0676778719714995,0.0867410576696536,0.117403335147135,0.0941926797840292,0.0509653907391098,-1341.75740817771
803,0.0219081109296499,0.0640289907850199,0.0205114081594738,0.0841555719784609,0.0571340693691016,0.0702431724420322,0.147549053708908,0.123184927645621,0.0725017557596777,0.0532925047025242,-1341.38102270321
804,0.0541842693722206,0.0566623410032396,0.0312567073133257,0.0903593990076389,0.0824594502916719,0.0638162752825262,0.155210608549593,0.130676454228208,0.0748841961847441,0.0287068848925031,-1342.77067012627
805,0.0416919336180226,0.0705928853406453,0.0507611486297808,0.0898825997741325,0.0711955385893869,0.038658647165416,0.161334894020608,0.108131525435576,0.079052565735849,0.0523002165134248,-1342.93824330517
806,0.0483633817161381,0.0434447661202554,0.0318113902827349,0.0776155712172421,0.0735903966198927,0.0542994167810228,0.150555478652441,0.137350089665848,0.0789621395012275,0.0565098012667872,-1341.55216052972
807,0.00467112657293506,0.09149094045136,0.0413890394540697,0.0817420265943164,0.0851737964288885,0.0443915739522045,0.215127219897816,0.133939161631483,0.0684391858382041,0.0367466184715245,-1341.32442158127
808,0.00303263228430752,0.110771192454684,0.0500433553942382,0.0571186796036993,0.0757559160593681,0.0390905068422359,0.118758104974191,0.114867755721416,0.0882071726115143,0.0335295349504914,-1337.60396172191
809,0.0041358441404344,0.0754742770566168,0.0407200926358782,0.0616872108323432,0.0577801233977222,0.0620750874797312,0.131903838060611,0.117545531545279,0.105681772818995,0.0329043960546021,-1339.17740141125
810,0.0317519826909647,0.0859145571044377,0.0332802913777996,0.0610724425423499,0.067782631205925,0.0682812331159736,0.109823143232817,0.0955828869084853,0.0583852779879193,0.029374902628401,-1340.87939092855
811,0.0262598175966264,0.109596611392315,0.0351135283299131,0.0730069344663091,0.067248125821918,0.0479808838933133,0.0830568297372904,0.101831055255524,0.0999245037461122,0.0305402037743602,-1340.26298668911
812,0.0444239556613426,0.0881901876336564,0.0597186473280018,0.047125625903759,0.0716678072925374,0.0386598087069848,0.131220795796184,0.135862265521888,0.0864029746912615,0.0442877434214376,-1343.71003275351
813,0.00434081728573544,0.0844514622361009,0.0605923215333333,0.0746125398989279,0.0943128936147866,0.0409880348849026,0.141930238221881,0.113112528154443,0.0603153646643097,0.0304400920030358,-1339.93049486121
814,0.000144853192238704,0.1459763872772,0.051482423377042,0.0754413814373945,0.0627563178360556,0.0496382985674734,0.138874579057689,0.103739111760206,0.0482295447526152,0.0467575772815822,-1340.91467485774
815,0.0033495336735322,0.0611908641732017,0.0275831666436668,0.0906069739328585,0.0754031839246267,0.0434035313249044,0.130969449290566,0.103688234095176,0.0973434737340731,0.0470549711894871,-1338.94518012048
816,0.0204589255054307,0.0837563248425428,0.021049669529415,0.0534678857362876,0.0826218536818862,0.0348853048216826,0.125647768157381,0.115868662319986,0.0555192862264093,0.0450349265422026,-1339.54111454609
817,0.0240213536112068,0.109065782470459,0.0348543688281918,0.0585181056055936,0.0805064467107564,0.0541395800707685,0.14435826722934,0.116094600531831,0.0732934179731585,0.0368855322781358,-1337.70166811738
818,0.0335952829230659,0.132299859078479,0.0230132439534708,0.0873098641943648,0.0630738587102257,0.058640576733907,0.142606793052259,0.112344730773018,0.0609413993113845,0.0460992025502149,-1340.87008064895
819,0.010421200036775,0.0513199070780809,0.0148054119570621,0.100577917280252,0.0682997358308937,0.0322558666239316,0.109039243316799,0.115665225983731,0.0448815042679875,0.0661178220323608,-1344.82245581994
820,0.0389618700242587,0.0847061108889356,0.0141152305509029,0.0888282140734716,0.0632529143017188,0.0315965174136721,0.11502922326552,0.0974565882806368,0.0830414545009072,0.049475906303433,-1341.01680131313
821,0.0411825693466566,0.0893495344564971,0.0241786353890148,0.0434640693084248,0.083424794607282,0.0384951803334259,0.126054387590081,0.113299611004324,0.0651365500367189,0.0361657896676103,-1340.90396361831
822,0.0429618990063961,0.127580860597387,0.0458015499546721,0.072870679824601,0.096281738391504,0.0395348407008052,0.135216110050069,0.101089979809065,0.0661984146514981,0.0412902965905817,-1341.368271922
823,0.0337292992164682,0.0874432699016559,0.0169877311574749,0.0727479554111119,0.0668461595991326,0.0388622483814585,0.107922996411066,0.104896400332863,0.106110950082998,0.0608347648237451,-1341.42883622689
824,0.0331576327374114,0.086516025931244,0.0460114496864574,0.0719438310690212,0.0770835826722625,0.0311537653508872,0.121860033109281,0.112250573309999,0.0819128294185296,0.0495765739818932,-1340.19740670932
825,0.000539911683322899,0.102467611134134,0.0211939145074771,0.0775872089609978,0.0706437478680856,0.0564492956068106,0.118049373982224,0.104141108438157,0.0704214281463683,0.0403998024926508,-1336.89588074383
826,0.0270406306434281,0.105755744425937,0.0323471787580136,0.0593434397369907,0.0711826857813278,0.0391962639428321,0.100376612810487,0.112355637047336,0.0598732568930802,0.0371206311140786,-1338.12415449957
827,0.0164105758187772,0.0875618201648723,0.0390977969993623,0.086632308138667,0.0776597744123532,0.0488164375992689,0.151743721200049,0.11260336194856,0.0811544808564956,0.033926720499736,-1337.78235356916
828,0.00446213924193741,0.0772101674538049,0.0361825948413221,0.0522957045994307,0.0614605777043279,0.0470105760734699,0.111191352984151,0.0948337466536079,0.0901725413277521,0.0456789254437875,-1338.07309359583
829,0.0306909120882455,0.113987757564887,0.0226375971851687,0.0703473332383057,0.059514269803547,0.0605289911640585,0.110553357175203,0.100881271825144,0.0594919055666355,0.0482782321513067,-1338.73056573699
830,0.00278191788896645,0.106898732445451,0.0309147773315542,0.0931748435496755,0.0636905205891472,0.035231002574969,0.0949772157715035,0.107004794683277,0.0754223903522996,0.0402523247544613,-1338.36785056168
831,0.00175575937486456,0.0793792562425321,0.0332609624373087,0.0708883444558423,0.0521806095264243,0.0596020799261429,0.115685438895287,0.113352849889744,0.0942244639002899,0.0326478058388166,-1338.31919736714
832,0.0358126447621964,0.0624083278027062,0.024675509754077,0.078196530080317,0.0616428912572862,0.0579118477469675,0.130895834234317,0.109356850754462,0.0592831191073857,0.0540613451036684,-1338.88159861159
833,0.0130698633374525,0.126731197438136,0.0377471220938501,0.0501089235240111,0.0943921685629535,0.0441100631086017,0.121197251865176,0.108030300243417,0.0500964631638669,0.0499819061093749,-1339.06604545549
834,0.00163690080639031,0.105091683626439,0.0165542520823984,0.074722656094264,0.0707828455861826,0.0224443624982303,0.11903557519743,0.113752092814847,0.0526570169709138,0.044737539183976,-1342.80992865766
835,0.00489383555187044,0.107249569999441,0.0245682308485014,0.0770127189357316,0.0817598308458802,0.0561256996493303,0.14648063103869,0.135400910400708,0.0724441546225317,0.0379957554583861,-1338.31616952905
836,0.0131232930017337,0.080176411680522,0.0211584080023883,0.0718604184534196,0.0777861883724942,0.0597461081225546,0.157951617386625,0.136296064948338,0.0899260863118768,0.0363289141496171,-1339.62734521374
837,0.0478062669970868,0.0735586728060023,0.0487818956085959,0.0710161386198907,0.0578749979442468,0.0454010146424475,0.134937208199025,0.107026858261438,0.0911331256057334,0.0359516038193331,-1340.48681148476
838,0.0264546817124742,0.0591376697956006,0.0321350343791433,0.0886187900884801,0.0731547815280156,0.0549183976051369,0.131741172878536,0.105014218297731,0.057049580615946,0.0431249404672686,-1338.7277213695
839,0.00576212878113772,0.0667957661089708,0.0304415396499816,0.0854977749667323,0.0732962299479943,0.052842259216726,0.132156160550495,0.13626229689732,0.0841145661232763,0.0348401609084195,-1338.80856321257
840,0.0058683511157767,0.0759695435693166,0.0284389877294988,0.0699241734164897,0.0616579898648924,0.0460774580604401,0.126382898665866,0.134270931861567,0.0732111863084441,0.0211186372991419,-1340.82206462861
841,0.0374242911837892,0.137353337712382,0.0243083065583288,0.0672456081094292,0.0698295500248251,0.0443291370299781,0.12939956156674,0.112424806559437,0.0747639038590455,0.040197560736004,-1338.60727605523
842,0.0379093112753113,0.130128726471725,0.0122962867508359,0.0797868521831967,0.0695529513528109,0.0466200705275384,0.120516756290241,0.101607820976294,0.049865080594528,0.0518885036520914,-1340.29331215471
843,0.0171711559654081,0.0991958289482669,0.0486710124226203,0.0714024371711877,0.0668816987109693,0.0454778168997456,0.135284204069134,0.0919151577663651,0.0633789816143139,0.0547255724543942,-1339.58522324337
844,0.00690953183008922,0.118663458608524,0.0158616842277448,0.0850730820799635,0.0544333921062823,0.0438852329719974,0.0826444716226927,0.0840965774483653,0.0877935740502366,0.0481647244473579,-1339.8957488328
845,0.0170380990145902,0.109262312298238,0.0315236868129903,0.0713586555187389,0.0844858039875804,0.0540654300385885,0.0865032279722125,0.10200459348051,0.0434346264014217,0.0337557037057566,-1339.63988953807
846,0.00624645589856635,0.13504476930334,0.0251399687893074,0.0826806628292919,0.0621372448064762,0.0405245949917098,0.140448003248597,0.103284753656082,0.109302361176756,0.0413634103881469,-1339.92192340663
847,0.0127359851077525,0.0691247184823295,0.0390613200958537,0.0715179121941937,0.0659359532966973,0.0552689632916121,0.172441004926184,0.159659763416577,0.104168417875907,0.0322141209572011,-1341.03740101891
848,0.0242753696529743,0.0499439602588227,0.0420658301095478,0.0994932381345153,0.0747416702030397,0.0452577085957376,0.169119100386638,0.117174796500601,0.0715144101947218,0.0385438446719376,-1341.17144056204
849,0.0295910658524489,0.0631387183796202,0.0479459008057011,0.107164950975138,0.0749419043347309,0.0491823995617385,0.146302483324264,0.12149163763637,0.0813795240447429,0.0406001711811562,-1341.04389662672
850,0.0314489188423851,0.0688289347554296,0.0627548887396062,0.0910009697460399,0.0673956983373484,0.0453636524973021,0.149362137815748,0.117514271286933,0.058055252203218,0.0488282216609128,-1341.90247534981
851,0.026278292892817,0.0769955643943251,0.0527163832781034,0.0578181527454379,0.0851986496136509,0.0559550569943036,0.126494054886588,0.109771955945708,0.0657920979145707,0.0524442465990811,-1339.58700779777
852,0.00741243332080113,0.136797532000857,0.0428703159738656,0.0780294050305985,0.0888686582406161,0.0497055239292195,0.14203920029879,0.12209018459455,0.0487214177092073,0.033925657716693,-1339.1756309051
853,0.0248475214541909,0.085474441014905,0.0382141630471898,0.0620574641947212,0.0604506856547596,0.0462689003701783,0.152562439507824,0.117582385490017,0.0919557904269213,0.0523815670516626,-1338.92120566237
854,0.0189834589046104,0.0708797415144427,0.0439753946433125,0.0822950512362391,0.0531666058870092,0.052502137251521,0.116489239582787,0.118253376947403,0.0656889037731922,0.0356240903910749,-1338.51505556866
855,0.0327146650811737,0.112296991837011,0.0267724196311821,0.0864364569882261,0.0923829088472105,0.0456665639539348,0.169315365104103,0.125240152893571,0.0587408821022747,0.0449124722025716,-1340.35619761944
856,0.00511279160918473,0.113167313179823,0.027014215666102,0.0735589638336566,0.0822729762239367,0.0540619053959613,0.107721160380106,0.0955086427979327,0.107046594865695,0.0581367922730606,-1340.29033213338
857,0.00429033057895383,0.111313718274506,0.0518108938249415,0.0887811456902063,0.0742997243758233,0.0386607410951197,0.120864650639225,0.0859282919130427,0.0839633113414509,0.0150844351527624,-1343.3197924279
858,0.00310002655975025,0.0924045898817471,0.0406392150741095,0.103999352837508,0.0687867048465222,0.0285690965938762,0.110895841398038,0.108030973053428,0.0815355289955516,0.0295860864857075,-1341.77827158164
859,3.26413288520069e-05,0.12240810184343,0.0515889403298793,0.108191055643654,0.0767349846346868,0.0573686070382038,0.126593474212148,0.133201117642774,0.0752681278759237,0.0233902120072673,-1343.35435174055
860,0.0012100531434267,0.125209817143169,0.0417740028768032,0.1086317130381,0.0744769432158298,0.0494934162485975,0.124486928612127,0.102406322008098,0.0757808368350269,0.0218657081206144,-1340.88789784686
861,0.000429784464328038,0.101844670742713,0.0542001748098119,0.0741239061149924,0.0750426023857911,0.0620715495859362,0.104170941389167,0.0984331978590947,0.0914132400135911,0.0553565205558989,-1340.55642880386
862,0.0108254733347523,0.0941572014460536,0.0405640223892056,0.0657135813509225,0.0649805449438777,0.0642291942716636,0.0897540880883036,0.0914331116673173,0.0442201617619674,0.0482936809131483,-1340.09016683799
863,0.0175489830863377,0.0954423304116487,0.0331850481642867,0.0632635562673227,0.0758918678233712,0.0420737322153079,0.105624800420228,0.110869902979554,0.116677752687944,0.047818981214223,-1339.51287868759
864,0.0129254322340768,0.0854777646593193,0.0308119882100422,0.0811576606575626,0.0829963041735855,0.0554042486593214,0.0998851511563913,0.0949441845894703,0.0557016688995474,0.063361489630603,-1339.29558620698
865,0.0576433099280044,0.0649857574215068,0.0182887246311314,0.0837356439258415,0.0894142634228391,0.0681926518608693,0.103160777576756,0.0736861821731283,0.0506029547558262,0.0321760346319684,-1347.57769403238
866,0.0214732718834076,0.106788008517024,0.0173641329826095,0.0676006011085294,0.076825964675247,0.0683107370005712,0.09932800258481,0.0727560351170909,0.097365507351216,0.0689484113724372,-1347.79493055829
867,0.056880808484665,0.05005441376224,0.0188498254209126,0.0693390597716673,0.0823897794815502,0.058146927331318,0.066662493828961,0.0813767651997166,0.031395100768469,0.0618111244791154,-1346.82010884244
868,0.0953803803355624,0.11182177265391,0.0288248485670073,0.0868528687103382,0.0669506216257644,0.0564555004239504,0.0951034119582169,0.114188838550119,0.0327580301415793,0.0417886930154842,-1346.80412963852
869,0.0689293552206934,0.152188698433225,0.0137304337940974,0.0801243916441579,0.0568849479439921,0.0474729821512761,0.114679139188679,0.100578905641312,0.0819615801731809,0.0463400367333244,-1345.30580487167
870,0.0605305142402581,0.146715143325057,0.0309178318287864,0.0651672571070737,0.074750569470149,0.050203398883077,0.127231658231212,0.116866483249632,0.0734321360310227,0.0454892750579591,-1341.94726864718
871,0.0613638277822975,0.148155813100199,0.0352395432396164,0.0478382776452151,0.0765805022716739,0.0330591549939339,0.118830504722056,0.0965807498110125,0.0680222935152064,0.0379726974623445,-1343.91625841049
872,0.0631781731878187,0.112374172972587,0.0339830147488964,0.0821836571167909,0.0678206074699144,0.0379874597935606,0.123681802292918,0.0980228591100884,0.0733591133985525,0.037052509361865,-1341.69802748687
873,0.00935814504201296,0.0796447336044084,0.0410333382191089,0.0665836515902646,0.0626339716239208,0.0356414986897724,0.121313075179158,0.13110687642329,0.0919544355297598,0.043373433589741,-1338.8990804766
874,0.00704677981847877,0.0996824478989162,0.027973840627648,0.0663976016154866,0.0550123074416949,0.0340597466484843,0.183882723522219,0.137887645465557,0.0680014284554093,0.0445899113262203,-1339.91842407224
875,0.0195618212012888,0.0847001776342646,0.0394274706655441,0.0917858594603186,0.0673510852088867,0.0586130289626021,0.118357486197705,0.143806331943948,0.0904165515067244,0.0354293676988561,-1341.37759883521
876,0.00944868273163328,0.111582486927636,0.0501128057137409,0.0478473465145209,0.0793143588806405,0.0421830752452579,0.160721085775938,0.144142865436904,0.0772630327387075,0.0229944272636716,-1340.96712925787
877,0.0168904146457689,0.0955073595441875,0.0484824805215355,0.0723452890092387,0.0432289743135462,0.0431703169001158,0.149127702249952,0.142672889784969,0.0733495890050469,0.0303890507519235,-1341.60042473129
878,0.029845216706192,0.0490272925711532,0.0404381082721696,0.0775776687110093,0.0816587120892159,0.0483399303345851,0.160059087693691,0.142227108774533,0.0977055438941269,0.0531474096318898,-1341.86841612104
879,0.0117362837615148,0.130084715324188,0.0157012764822956,0.0625742286723929,0.0768700634311541,0.0531536727103354,0.183316509808448,0.147184085631062,0.060861657612698,0.0541602731792146,-1342.1736194851
880,0.0291472687744375,0.0873532230731484,0.0484656750599673,0.0758474003920423,0.0705882675362557,0.0490346811514795,0.172885691042262,0.162982071136339,0.0320456478794992,0.0501382915019531,-1345.37147623281
881,0.00729760468095178,0.111163055018769,0.0205382774557436,0.0705432936415065,0.0712723085450559,0.0473850939550082,0.151299533704482,0.144063955067355,0.0313369734135437,0.0359043179977681,-1342.48849131269
882,0.0165976472711784,0.128074482354379,0.0403731481390395,0.0782182937661476,0.0734937334561277,0.043988331131807,0.140030093685073,0.107647154937137,0.106256776065221,0.0269666730819792,-1339.89075419285
883,0.0122355854863771,0.0905042617089252,0.0340725521825374,0.0668499853264192,0.0885048250966382,0.0532514664448197,0.138359006364357,0.107402419335601,0.0626496942055339,0.0285436698159261,-1338.52613005862
884,0.0169989418182477,0.155460768141561,0.0469966165969812,0.0614133184332983,0.0728407009807842,0.0354994011033309,0.126913699708596,0.110682041778214,0.0568151971626383,0.0299594012245636,-1340.20415624451
885,0.00130114336739798,0.0739104820565396,0.0785868901980757,0.074235992664114,0.0798891202201853,0.0605095274963992,0.112465713910985,0.110943457742124,0.103293193469481,0.0289755631933268,-1342.32424773876
886,0.00907853047700601,0.0628620531936875,0.0412934045148505,0.0656277339304911,0.0623888743462039,0.0372711271645005,0.119912759478737,0.104166805414953,0.0841437750514603,0.0266116053101508,-1339.3631894105
887,0.0292558959130743,0.0468346254800478,0.0397657348529449,0.107114322249882,0.0581768917681335,0.0526874884386422,0.116043077011927,0.117382663570895,0.0931366692756702,0.0437807755015815,-1341.44786875061
888,0.0157768956141844,0.0998229896164578,0.043264382426143,0.0650290448856333,0.0689278940777664,0.0472211866690411,0.133727953257972,0.124890219427602,0.0478128369281777,0.0451163646228887,-1338.13479926763
889,0.0453924254341083,0.0761118317837062,0.0155346100717038,0.0859187363989799,0.0757030126450185,0.0467442222714099,0.12186754584531,0.109194461812889,0.0843870601989165,0.0441161906065503,-1339.05084009624
890,0.0399221217318465,0.0940901379593766,0.029652223721812,0.100312289590507,0.0655679019477354,0.0470325000958316,0.116120754492253,0.114247394797185,0.0483734538894619,0.0500348688167143,-1340.03879199371
891,0.0314678703412137,0.0863022926519913,0.01011845563342,0.0986752236216938,0.0536678103000115,0.045395561279868,0.143918011577441,0.129864770235718,0.082498643198221,0.0462841537398482,-1341.01100612788
892,0.0171499812340853,0.0853103380018633,0.0075467205235657,0.0851076925299393,0.0724166914314063,0.045240976220163,0.147233415094608,0.118418929784052,0.074700655649376,0.0399332610671087,-1340.07394997192
893,0.0356335305128457,0.0837037790658665,0.0722835999848189,0.116766932335144,0.0860016372134516,0.047819444822908,0.155227197365707,0.0983166339385501,0.070905956761822,0.0404853317428551,-1348.40979222865
894,0.0370565666399467,0.0588123174656667,0.0508999028628502,0.0718890232299513,0.0784978101389809,0.0451290049094461,0.116360721333073,0.106721600040884,0.0901793639834285,0.0378994973507096,-1339.2451011114
895,0.0408871270303396,0.0451616923267084,0.0398267586179978,0.0753585976396576,0.0513546213440657,0.0538307866815062,0.117224055346214,0.102033786161189,0.0928987078447809,0.040911023988119,-1340.92457904848
896,0.0164375043774639,0.0627824591584004,0.0212650745855564,0.0922297890805758,0.0487296923183363,0.047365541931126,0.10298109529085,0.110399690642656,0.0892417166593355,0.0584838514247087,-1340.26989013063
897,0.0105993913187044,0.0727095765846188,0.0138343917758218,0.0687447443367563,0.0767451400952251,0.0385341336134344,0.113640135126381,0.110305595527666,0.0711338299675421,0.0274333139814136,-1341.43245445195
898,0.00665790583743899,0.139962553440087,0.0312736222984352,0.0715051912022867,0.0910017627077108,0.0515111014809056,0.149496804282113,0.11964615873583,0.0449200342580122,0.0355942816790439,-1339.17260949477
899,0.00357046956462136,0.132194060443712,0.0439180863558211,0.0886000233880085,0.0892379385232404,0.0377761302113545,0.118095629624757,0.101284405928168,0.0501919229785606,0.0429923926506808,-1339.21279228958
900,0.00161423493291572,0.123615429126074,0.0217414228082003,0.108380701667896,0.054746052339981,0.045658065247978,0.109855912042707,0.093043328785698,0.0603078369415628,0.0314156529183572,-1339.83153513793
901,0.00657856357342727,0.113799114337192,0.0271380368540091,0.0990583368188161,0.0731418018993944,0.0486965760427881,0.127766491302309,0.128113825465502,0.0611003712111389,0.0307011803549999,-1338.84184552502
902,0.000473586046574165,0.105258541136305,0.0376164052086275,0.0937322129771829,0.0737405928117225,0.0496361583361201,0.151534739208088,0.108972421120193,0.0649223766636634,0.0318030839435668,-1338.25096607267
903,0.000748613606736444,0.0850387185409407,0.0434243264072217,0.08189490547185,0.0675132110530695,0.0457594099803625,0.147508794196344,0.116207079980003,0.0858795610102548,0.0262811918209008,-1337.56079866157
904,0.00756925856677293,0.105131391448245,0.0433141810047108,0.0583528741926237,0.0933412068888558,0.0507128716367337,0.145663245925679,0.110007963347602,0.117739616694334,0.0258259268969601,-1340.35887373093
905,0.0256686110785043,0.114583860337593,0.0616711264420791,0.0586777844049102,0.0828388440002776,0.0477628449326471,0.13451278872284,0.108385280453106,0.0788808590664909,0.0482574277237856,-1340.53226227535
906,0.0324134290101795,0.0598111660768765,0.0675313853435017,0.0636909155512669,0.0896907503189858,0.0388953642135195,0.134973402714125,0.0992998190899188,0.0629694253996392,0.0455185163814232,-1342.31145855546
907,0.0403635536429901,0.0709278611900279,0.0689433489267888,0.057044709275513,0.0756672289080383,0.0568897787720165,0.0890965921803692,0.0930668383570252,0.0951829986613915,0.0186191485800303,-1345.57594500487
908,0.0547296464822568,0.044106428006557,0.0606899191885443,0.0861040041552245,0.0639560656806391,0.0761871759411364,0.0909106147346928,0.114959113346114,0.0839797995676708,0.054680675984187,-1348.40113780397
909,0.0545311529994197,0.0340697997986481,0.0297062261937163,0.0768645720254167,0.0626384835508832,0.0716069120225948,0.143690419716283,0.147445526941976,0.0596042356527337,0.0550544013167902,-1345.09184004572
910,0.0600777992464947,0.0881640790181423,0.034916201754291,0.0697955297373718,0.0769137643547955,0.0351153625728306,0.171469063588247,0.160546634561224,0.0676872854356705,0.0443625185231618,-1343.37949853329
911,0.062360381846343,0.0735144656854282,0.0167113445320646,0.0732895983004954,0.0791853105550555,0.0443226129963849,0.164622016326106,0.150457562464476,0.0548892703495341,0.0526459594609986,-1342.06524897546
912,0.0243157427425192,0.0880065040720723,0.038696469748278,0.0852047992429709,0.0759441560384264,0.0445780864065208,0.2117644481213,0.144782114447825,0.0554389055193095,0.0278198176449633,-1343.00892434214
913,0.0269866075424953,0.0706664041300403,0.0269293416814446,0.0896373135988629,0.0908609610511052,0.0501515595644194,0.12685585575506,0.143967306434513,0.0874644427635348,0.0372569612286598,-1341.30226787766
914,0.00133247736693478,0.115808154388101,0.0363982404138192,0.0904885239489118,0.0866349623292728,0.0364904253954328,0.185151767301539,0.121090354866303,0.0518568480819899,0.0422951993256632,-1340.89952670524
915,1.07829528058841e-05,0.121073136789457,0.0281804440377253,0.0733112672480086,0.0853365356906564,0.0301525234746318,0.133473019358986,0.106675446723257,0.102273941589908,0.0288989968550211,-1339.36627018211
916,0.00617827535102466,0.1314394010582,0.0362390368693836,0.0428735244663269,0.081230047611651,0.0388516224974903,0.131708244061655,0.0989558666965705,0.0718826114762762,0.0276019654845253,-1339.61510285757
917,0.00506264615923006,0.11214775695296,0.0360134894276548,0.0985552199139213,0.0753914239874316,0.0568503375341937,0.117082552161543,0.117891800947019,0.0678320101543522,0.0459231784062256,-1339.0149868282
918,0.00318046467564285,0.0724821216764922,0.0533584362059572,0.0705204715018797,0.0773596486581472,0.0461184373574553,0.134652371346545,0.108949144147751,0.0974424948975742,0.0320578301008612,-1337.91935824403
919,0.004165330574943,0.102905343272103,0.0508741110448792,0.0808698529238843,0.0788771291891835,0.0432790604670722,0.1367555260307,0.112250688534655,0.0717120304185256,0.0314159884931817,-1337.42269936683
920,0.0428257840716439,0.0783885220381228,0.0154968872506765,0.0685652222118259,0.0804775014153692,0.0488743757761258,0.121555551843612,0.11690152686886,0.0846669976757421,0.0584143600568833,-1340.08359781139
921,0.0449985367452066,0.0635284621992959,0.0398477669737788,0.0628996653452142,0.086079068205788,0.0567678826342948,0.124330942809661,0.0925052194679829,0.0757894020506491,0.0395268377135925,-1340.16478033755
922,0.0613600779176867,0.0604631604868334,0.0508967211899385,0.0813452954550973,0.0996200913083529,0.0558180119297551,0.112886161720452,0.0929703357061399,0.07510292287421,0.0416647384672582,-1343.31625343981
923,0.000731238710014324,0.144282919830349,0.013945424493977,0.0857450840213554,0.0556938849105721,0.0546438521774888,0.0904188094872149,0.0997091426159177,0.0638187548218025,0.0533901819156078,-1340.77175922565
924,0.00131718928747635,0.133496228652716,0.0166742892099233,0.0701683019757909,0.0561953208818337,0.0404084447450797,0.131651589257799,0.1510373065951,0.0832222889381911,0.026917588300629,-1341.98612449453
925,0.0440008051350099,0.120157643175861,0.0343487878437219,0.0575246866214505,0.0449917449653688,0.0572366019262821,0.173929662514277,0.114620530149607,0.103481853585291,0.045340053093506,-1346.02837556156
926,0.0309304214210635,0.101822088106158,0.0435973938874852,0.0777936150285679,0.0783084341315986,0.037117444961808,0.169874686097661,0.112401214017855,0.0536933886615036,0.0288903226589432,-1341.3493814124
927,0.039320758188797,0.0903491388222293,0.0378406581084009,0.0772081265053968,0.0712909318195492,0.0559016586283803,0.0867754111608733,0.101162950035248,0.0957372521201344,0.0504941078836824,-1340.55440923588
928,0.0316934740632939,0.0985217417388519,0.0292462429881403,0.059795620704196,0.0667309344560169,0.0554293604184291,0.134358414547533,0.0958840997009699,0.100910541314824,0.0296020634707803,-1340.00004206787
929,0.000701319317647508,0.120760721891605,0.0520229317892438,0.0677851726718175,0.0534851711748779,0.0487555408725235,0.125085331819613,0.118832834118607,0.0808046627159658,0.0358447889955664,-1338.3108270134
930,0.000150754880944096,0.073512129052487,0.0460122708699538,0.071581401327396,0.0877543422253312,0.0417177007322618,0.175830134242888,0.151470738522688,0.0747999817685968,0.0221646454422159,-1341.99997113911
931,0.0299151628344851,0.10377572034117,0.0479763090528069,0.0572896482046456,0.105611130728388,0.0462824547132448,0.156832479499576,0.0952448580552229,0.105321282126884,0.0266760610862604,-1344.03843551163
932,0.018398137511813,0.120199931365433,0.0525309408750268,0.0538586405471957,0.0985053242551399,0.0487890638522667,0.161406847665721,0.107685886048141,0.0804365403334138,0.0449621147432398,-1341.28486309879
933,0.0117270713255478,0.0662533186563896,0.0608953531228832,0.0847449343886931,0.0541792983422761,0.0533217731924487,0.0856190525984749,0.110028081568047,0.0677028223301221,0.0334661628686001,-1341.87506744724
934,0.0515274940681414,0.0302589138006439,0.0480193685833214,0.0718894412612222,0.050495480016161,0.0614965749147886,0.174552030656249,0.154238601318485,0.0804771519653382,0.0216693533574035,-1349.07226772394
935,0.0382906617725618,0.0344842848015158,0.0412852558644936,0.0859993128865959,0.0516255613560516,0.0458143019986963,0.180422527934404,0.145813416162533,0.10417315357118,0.0216119089518915,-1346.70424357715
936,0.0163537614661776,0.141616580371636,0.0175900083496911,0.0741394690880655,0.0879955966557977,0.0372450351705205,0.156384963036884,0.142337902511033,0.0492478146094168,0.0292422788288825,-1341.18981203888
937,0.00527130707327946,0.114454280559808,0.0298082170192463,0.0941145157583523,0.0469659014861729,0.0515539936854959,0.127270410923669,0.118699427260963,0.0786740563882633,0.0417185579904271,-1338.90855063997
938,0.00840542604723567,0.099312333031717,0.0237327551167175,0.0938530853806162,0.0856647905797221,0.0542969791835868,0.118886040713327,0.105615905277224,0.0777982007258016,0.0312960620249843,-1338.53874483124
939,0.00257857244094222,0.0931063100351517,0.0273453334921673,0.112742380779806,0.0534571523942173,0.0368446842078269,0.140727185846202,0.105366439650405,0.0898844559270461,0.033380004042621,-1340.87018922701
940,0.007936589007057,0.0796753096707367,0.026576773520929,0.120170295229593,0.0497049460065782,0.0391116831920155,0.139581322180283,0.124526125075948,0.0932784047896649,0.03533451687455,-1342.04557636233
941,0.0156539425419099,0.0951840855575404,0.0283714874920616,0.0739867552676512,0.0491580243115363,0.041592749112694,0.167694360236034,0.129487789666601,0.0681246472920764,0.0556278440864638,-1339.77500248851
942,0.0150787754830406,0.0657441336227055,0.0237820131292759,0.0711528375005399,0.0745481364706853,0.0460354780792781,0.147548490845454,0.119906001412592,0.0816305795976383,0.0615760451705632,-1339.20713696605
943,0.0106588282206771,0.0843935891898439,0.0358299774999247,0.0588619479327389,0.0935052124753151,0.0328697995741075,0.148811762995047,0.108265783730395,0.0898259173102594,0.0370188002339353,-1339.10720102184
944,0.00439289011746559,0.106344243543688,0.0381588322238713,0.0836001565998717,0.0658710523340658,0.0431875663388356,0.128392938177193,0.114511545343211,0.102267211887321,0.0371415784508081,-1337.40357344569
945,0.0167497466774268,0.0715886340790846,0.0198705329507777,0.0621634355683171,0.0764819735025564,0.0471603645362757,0.108193821033326,0.102206926619319,0.118849309872836,0.046564021784332,-1340.39963055267
946,0.0467195907933259,0.0907910373903845,0.030127648690527,0.0734329438747231,0.0727949802755296,0.0559913508859387,0.115066180731466,0.105782986859497,0.0530073775996779,0.0438771132923161,-1338.32576028671
947,0.0311965303603215,0.0546931541165368,0.0331909991723348,0.0801433414608606,0.0842174037376916,0.0424001616469159,0.122336679734911,0.0916290055013285,0.0827951076741527,0.0402509983635843,-1339.36309803175
948,0.011514476533624,0.0556328162032473,0.0453617639769351,0.084890181718055,0.0888221524754516,0.0419923709713798,0.126557470845227,0.104284176554107,0.0907698375521812,0.0398818171706166,-1339.2943551582
949,0.0122072305592022,0.109523171140259,0.0145779139925344,0.0524386270590363,0.0500959684451001,0.051571358314729,0.120298501770261,0.120437163539905,0.0832637057130624,0.0384987988809727,-1340.19351261235
950,0.0220398471089904,0.10988693273899,0.023170219382308,0.0853824996315984,0.0455257813538742,0.0466138436442141,0.159146696100909,0.120548460038676,0.0706005120683779,0.0190713406567761,-1342.50881606398
951,0.00773386691082638,0.121956734620148,0.0459883320511214,0.0868391062060693,0.0809268468132455,0.0389362583610284,0.129959568843776,0.0958757301812468,0.103646336530051,0.0331661839678929,-1340.30983881648
952,0.0056660447429394,0.0828745632416554,0.0313199024495739,0.0599186146577219,0.0642472229863951,0.0442174676382802,0.118209679121397,0.0865678156025717,0.0787350981482046,0.0562580257778064,-1338.58222450371
953,0.0182764628693234,0.116762312735416,0.013494798928638,0.0773668070043169,0.0794074976847,0.044762712957232,0.0980038143106155,0.0947781003830219,0.0509970975318499,0.0258075344342548,-1340.69524533924
954,0.0316548841483477,0.0985022582077389,0.0165903953096822,0.0924064875880204,0.0699868136993074,0.0483303024101623,0.105211236370731,0.115482775469517,0.103410166163685,0.0295981656087694,-1341.54372522723
955,0.0111792038624568,0.0743443233472039,0.0219809751324844,0.070824169058338,0.0866108906886883,0.0557806620498438,0.11043594122553,0.0867495514213174,0.135870107486383,0.0266108393693515,-1344.59097480416
956,0.000454861846992901,0.156704507444209,0.0356593487342776,0.0858193162111098,0.0568993552150411,0.0550123093077761,0.1034394199923,0.0928290379122814,0.0324467857417443,0.0460011777368198,-1342.2358587401
957,0.00783064741004662,0.0737062047007595,0.0270535415941084,0.104155842028733,0.078117319669775,0.0368180731697511,0.111386388658437,0.111805998994506,0.0760465555436842,0.0309459559578468,-1339.8778269722
958,0.00843767091334348,0.118652271969227,0.0283102009578252,0.09346909400317,0.0621447754166157,0.0529410546024668,0.136103201468473,0.0956349229996979,0.0412313155815314,0.0560929829275453,-1341.44781297597
959,0.0239619767599234,0.116393653985265,0.0363269536492319,0.0653730771336622,0.0673523799124229,0.0427208899823599,0.129911446504579,0.102195830824959,0.0397134926133188,0.0360722552438385,-1339.18857352595
960,0.00173673435183291,0.106027653013774,0.0601571393394425,0.0587943626624524,0.101411167227252,0.0315711819429589,0.104468875251929,0.0986418751580953,0.0447544233152534,0.0489772048635842,-1342.2821298928
961,0.000699227768582627,0.139655536157007,0.062223558876401,0.0669161490321337,0.0946763922522959,0.0586294359147428,0.124643003242539,0.115505061346939,0.0783010101132699,0.0298996802425259,-1341.32540171139
962,0.0134279619358976,0.0838876083997169,0.0403175954380933,0.0733594696382534,0.048154030614363,0.0496216799447609,0.140275854512771,0.116712716817746,0.104461833276936,0.0365202020930285,-1338.81366958886
963,0.00650460111768434,0.10525695430194,0.059184491432937,0.0787460950911424,0.0802009671957759,0.0447893358434298,0.154694929204112,0.101471056858597,0.0647340124396638,0.0375363916921038,-1339.7222638385
964,0.0039367720909731,0.154193786834762,0.0332131000371184,0.0771747064108401,0.102411807082955,0.0399440070936732,0.166658554823485,0.125088324145298,0.0488085276226194,0.0116191755246368,-1343.93671851134
965,0.00425036715631974,0.195423471864392,0.0262964381906947,0.0500008609438917,0.0576960013550109,0.0504442092828688,0.180668713552668,0.159576029165692,0.0479901563273393,0.034936501621923,-1344.80628337588
966,0.0250801338449243,0.0606621843006767,0.0825109273941426,0.0876326065747215,0.0573863115084199,0.042454162551223,0.195704395370809,0.139728176767574,0.0615961954906867,0.0405654500028126,-1347.63954908802
967,0.0109532398236103,0.0951294019060683,0.0705291497160849,0.0789060687998716,0.103946193436082,0.0503068218655616,0.179941085329012,0.119075277163057,0.0579169312594603,0.0443223794339209,-1344.14929192466
968,0.00235884857149144,0.0955484046957181,0.014542654452954,0.0862976660377065,0.0414012063179443,0.0373216495256227,0.114545342411508,0.0993376288052696,0.0886466123621717,0.0418062114727419,-1340.54734821475
969,0.00793394725171261,0.1051925016527,0.0524069113115717,0.0696714792760963,0.043146971342758,0.0433020384854373,0.115964921164745,0.099178572496015,0.0905483911389459,0.0306438962203914,-1340.25702874011
970,0.00239485120472241,0.0838250159450657,0.0403872864100444,0.0671521987795246,0.0437037422287892,0.0558509496450944,0.109583287903534,0.109036944853433,0.0810319867207181,0.052190189823598,-1339.26345827371
971,0.0210445907674146,0.0822989007740557,0.0328875147066966,0.0861874647266331,0.0470382287305862,0.0541844297853007,0.12318816614656,0.119267615921774,0.0713195682109259,0.0672998712900283,-1341.02170555886
972,0.0263897746085138,0.0886021559796937,0.0275966215899722,0.0921899818862127,0.0925950655470399,0.0377946280244886,0.133305622604529,0.0973158107883394,0.0584927860803454,0.0569793958624959,-1340.34609876378
973,0.0152600145526523,0.101400285398376,0.0288099558145517,0.0937974662075791,0.0808450012513585,0.0618747619431088,0.13683163997333,0.153640536375975,0.0382508495671502,0.0739280384421048,-1346.85495827373
974,0.0080863966888946,0.0928095797250448,0.0244316703652787,0.0623949687224507,0.0374082147081973,0.0424679768546385,0.13839801771696,0.104842637969455,0.0664979048716124,0.0453754844749213,-1340.75754510669
975,0.00894508633354641,0.107132237577734,0.0259218685313296,0.0666560799345233,0.112392069924634,0.0318184528394168,0.131341473660282,0.122732617831909,0.0983059517181298,0.0391268635689261,-1341.73762610659
976,0.0110796346322621,0.0686024676440331,0.0215867356550259,0.0868986237990026,0.0643150410338408,0.059276833584282,0.121778516348914,0.0978416621070031,0.0953582177449873,0.0366363308880005,-1339.08208086546
977,0.0248635346554953,0.0759820054886633,0.0361586230220972,0.0776301429423761,0.0548326375350129,0.050225496897095,0.096586337888894,0.0953799412457048,0.0935177191497645,0.0486649602967124,-1338.43978116366
978,0.0229397002051948,0.0747946511593161,0.0312361523508183,0.0831044904893021,0.0858442488358005,0.0561594799309597,0.132558876923378,0.0978289159316568,0.0563360381391782,0.0584023492574598,-1339.87234854556
979,0.0431706976764345,0.0826480216094386,0.0335552369303145,0.0779501696052015,0.0816100705652295,0.0437962767377204,0.128459554412248,0.120693492213604,0.0562128335501528,0.075352118618508,-1341.94967680948
980,0.0727697419525541,0.0426620338716163,0.0337903014601299,0.083123103643478,0.0611016383008611,0.0411301312126827,0.140267213408943,0.127099360868129,0.0301107961063136,0.0303312244860546,-1349.04589094201
981,0.0637394943057906,0.175359719789283,0.0278657886837242,0.0558740740318335,0.0998642505800129,0.0426533227779654,0.109961232534299,0.119815916792337,0.0652232766271462,0.0490501212484413,-1346.40468474234
982,0.00199387867328455,0.202214101810426,0.0303285131334765,0.0441620129589318,0.0638278638309914,0.0533861732629979,0.13354783829868,0.110854369726611,0.081172264036172,0.0328954691585701,-1343.22920287647
983,0.000624592585239254,0.0673226616467573,0.0465863693406762,0.0498171184112403,0.0815188513444305,0.0417519828973768,0.11384857379605,0.0961116524092277,0.101285435496713,0.0389738095988022,-1339.93177125745
984,0.0190177692216398,0.115400227788695,0.0277250900416148,0.0738318657847194,0.0617191667322572,0.0457334504108893,0.105185316896546,0.1184928295615,0.0434063380570245,0.0702642499194614,-1341.10624858966
985,0.0102783869006249,0.0956331724592893,0.0270441920087836,0.067716961379965,0.0713792320266569,0.0482578782426633,0.139738208370605,0.110280776569782,0.0911344663932026,0.023533866503166,-1337.9355278437
986,0.0025693261882116,0.100797411707297,0.0191410953367809,0.0927976502254143,0.0806949876333922,0.0340427406681546,0.124098642221391,0.117204908706078,0.0742783645148169,0.0535256440374216,-1338.89799519547
987,0.0248833471687055,0.0721264200294606,0.0417210836315266,0.0534558846607049,0.0556258070300574,0.0815899444835175,0.115973253857947,0.100299586383264,0.0688690048488931,0.0363594458252939,-1343.56319177831
988,0.0223873658117238,0.0848480868934477,0.0395121440874037,0.0774075039532827,0.0802887199881521,0.0589736975983875,0.104976133567267,0.0929081874317897,0.0659302648442351,0.0295504056726622,-1338.80613957302
989,0.0183773155023678,0.106392791085422,0.0396023666862296,0.0776857895052903,0.0680745280771856,0.0389056913601681,0.129701816311596,0.131108739217559,0.0764571292039708,0.0497582165457572,-1338.60366957586
990,0.010477059249599,0.0730484239869202,0.0386854731534964,0.0883836899054685,0.068653934846852,0.0625517118491995,0.140947413987637,0.134560644418252,0.067304180648788,0.0534465604759291,-1340.00027874931
991,0.0289192995886759,0.0624016345133457,0.0204781234238637,0.105615874113673,0.0651077223105868,0.0603432989470383,0.142421623740612,0.107357754253319,0.0646351434031455,0.0528554161459501,-1341.05432613209
992,0.0294928659923231,0.0914878957093368,0.026924473612058,0.0550250620765953,0.0676468684835178,0.0623243376089024,0.13427850798782,0.130209637227905,0.0560242602763357,0.0378012754153388,-1340.07523319673
993,0.0158458234376081,0.109195222398483,0.0401062363204178,0.0638540012263362,0.0712117699211691,0.0431137081084304,0.111581884796849,0.114026963956719,0.0936416976424098,0.0442467592310315,-1337.51076665911
994,0.00960099979053616,0.111200766936788,0.0466543671472471,0.05659121921068,0.0546110526922816,0.0415060654985706,0.139043159915204,0.116946113051302,0.0601062626448603,0.0461482486748471,-1338.76071226474
995,0.00683783672111643,0.0903846113286972,0.0538645596054387,0.0933135207332361,0.0504172774733682,0.043892795990876,0.0903002326997717,0.0945061443125069,0.0655924905805367,0.0306620528986734,-1340.98548110767
996,0.0418986041982676,0.0893647067527676,0.0132174705011243,0.0756805542388694,0.0583564600547851,0.0466025700938871,0.106803996857327,0.117223913006666,0.07050793024958,0.0586846463841844,-1339.88955517031
997,0.0246747226236088,0.0742307371116911,0.0141990383602133,0.0816495908646389,0.0740501205381772,0.048384010261415,0.164717437118294,0.136368397797748,0.0717442007237974,0.0358247165484595,-1339.67806594151
998,0.032824378246474,0.119553888845856,0.0265430460854648,0.0615377802811406,0.0726440485374781,0.0535724278593083,0.169705971861657,0.124868857885268,0.0702212702796993,0.0383568357439129,-1339.32080221555
999,0.00665416047062706,0.109428072899171,0.0291720002916641,0.0674253340899425,0.0708582678625923,0.0508179214480133,0.0966717387359374,0.0955899569463815,0.076773793742906,0.0391136262541844,-1336.18390026523
1000,0.0205927407272268,0.10818480381472,0.036341142011534,0.0686526935248442,0.0704951309506929,0.046239153829677,0.113806316842726,0.113254880225707,0.0781899661391975,0.0374232194556514,-1336.5130984239
