"i","asc1","desc1","asc2","desc2","pol1","pol2","tran12","tran21","dem1","dem2","p"
1,0.199114921021883,0.192818114743603,0.138814069185528,0.047257453107904,0.24035404223402,0.0661783417429899,0.133558690877326,0.0268095011923711,0.0399354248859815,0.0280137023282358,-1453.8176025518
2,0.118671806107238,0.0884310356409024,0.13100188706405,0.0758673980341169,0.0234629664044966,0.0640517389295444,0.122633167267431,0.217966377365756,0.0595769205527088,0.0449471424386309,-1390.82363421912
3,0.02943001576264,0.0856665186478915,0.0365117739986696,0.0717987345316419,0.033380166902928,0.0458766035184577,0.221315726929996,0.143512866487586,0.102377236751529,0.0400765407693293,-1348.86151046013
4,0.0154730975156858,0.0927507349550504,0.0384276495725702,0.0729714245534216,0.115704399248291,0.0457587673621903,0.157870802319998,0.142660717327921,0.113691165798775,0.0439163277921212,-1344.17520182663
5,0.0122027929083036,0.0597623008992128,0.0342587137635877,0.0709940953900433,0.0957420091700309,0.0394011961762104,0.143742222858438,0.153698293610752,0.0932706063844975,0.0275360699457176,-1343.40569536747
6,0.0267123471859599,0.129659824492934,0.0297649880319001,0.0858215931963801,0.0873611620206254,0.0486382886151751,0.145892821081417,0.0934190752325164,0.0908269419703767,0.0395432414036033,-1341.78523858092
7,0.0477192694898182,0.0489590204079208,0.0572514681932707,0.0569635157868912,0.0803366409172096,0.0453581342446608,0.154324025595311,0.0989670710995935,0.0722134999501773,0.0440192170630024,-1343.53362053745
8,0.0225078272892798,0.115227510505796,0.0122770860665505,0.082554358441174,0.0843412621384672,0.0385026359006636,0.12715173079231,0.102276303068296,0.0715154763484329,0.0400209329156768,-1339.04434901993
9,0.0456665866322259,0.103747626179333,0.0125281082185603,0.0796628509257644,0.0872323322614715,0.0495396664819325,0.111958505841334,0.094898228194894,0.0556261222347336,0.0426822514954174,-1340.36312078211
10,0.0465710404047534,0.107999262726429,0.0246341225045584,0.0867889648261139,0.0836180978969585,0.0459471773323546,0.112912887632575,0.109257981826863,0.0634219733187451,0.0446135838076511,-1339.09008574667
11,0.0337055027409097,0.0660832070094876,0.0487755555260228,0.0553398731502817,0.0662822381441153,0.0604457068764259,0.155753727496168,0.128799338420677,0.101467352727492,0.0264330698945792,-1341.6290429927
12,0.0291935408036952,0.122056969232699,0.0304428047454045,0.0909555746353086,0.0820837665163795,0.0444852571897695,0.177783323305441,0.131002906643781,0.0815444419856629,0.0282090427033647,-1341.26523211734
13,0.0110030945750735,0.118541951170316,0.0159170710593505,0.0477967180273029,0.0731745523354872,0.0419657190705367,0.176208726689466,0.153704604379045,0.0724646114916673,0.0291449290299961,-1342.29704528346
14,0.021263900552068,0.0871911909590258,0.0425304406032884,0.0834822797480437,0.0697180100899138,0.0465148207668163,0.146873518946709,0.157160458337395,0.0848013793637673,0.0442267054787599,-1340.86414502601
15,0.0204063324406999,0.0384332539512714,0.0445313182051262,0.0953359920388319,0.06309682208877,0.0310871571306043,0.123097999436541,0.143938389771215,0.0879996993627004,0.0245852009174155,-1347.56946071075
16,0.00921199923480357,0.136038136993584,0.0255820645721535,0.10648667838504,0.079048635150053,0.0342632372519112,0.193455718487297,0.145571018940086,0.0451186783576298,0.05495037646715,-1345.61933564571
17,0.0106787918333892,0.102028202804268,0.0179215973248075,0.0898036239190455,0.0707882654083343,0.0627982539948727,0.188249587612208,0.143373034275134,0.0588972484817442,0.0551342763942842,-1343.15593807192
18,0.0118969512049415,0.0774743147364148,0.0214687746716654,0.0652182725073872,0.0607042830619185,0.0520574781607159,0.160902608430708,0.139313367736324,0.0876429647204303,0.0243072157656612,-1340.29302770321
19,0.0126444476909411,0.115304089862088,0.0397108776893362,0.0581450901487645,0.0734605892187292,0.0587187585672362,0.174368744523251,0.12016345985602,0.0892066348932609,0.0468631499543421,-1340.4173219941
20,0.019646230927212,0.11528529998048,0.0175538023982992,0.0607977271989394,0.0818262359183775,0.0386791986452954,0.157037861860082,0.124309346313309,0.0837617189024989,0.0565260465915124,-1339.89298121619
21,0.0179896423619256,0.0957482752810132,0.0460740875913517,0.0573568149116484,0.0828049749744807,0.0549658195338818,0.135685513183493,0.12897318082808,0.0632667570425507,0.0263883904044388,-1339.71259374408
22,0.0206912364938281,0.125843902019249,0.0281146378038194,0.0479248224591802,0.0839515354971534,0.0497944586992355,0.140770405758079,0.0970534696584167,0.0684681917507548,0.0577284052802446,-1340.86051754877
23,0.00300857841651767,0.118078539594459,0.0220337620702006,0.0510906095910861,0.0716745253757934,0.0474450287038963,0.127776996028772,0.121633346353673,0.0561091150860605,0.0538132768397888,-1338.89027569062
24,0.00709920355904654,0.107130174649757,0.0336060852825034,0.103814948561579,0.0872125776412945,0.0363764874076253,0.151640178022033,0.137048696964931,0.0616302912280773,0.0576803724011105,-1342.09128943988
25,0.00588610519687239,0.0646312047856909,0.0380270777509976,0.0816801159923923,0.0857170488736694,0.0367891626115937,0.131182084179657,0.117989275806904,0.0808234656874938,0.0318870091017306,-1338.88613222587
26,0.0151792707993468,0.110952600524864,0.0450728059319932,0.0884351442576815,0.0692272005866174,0.0414543398580985,0.129648039886622,0.135964104269375,0.0671147498154543,0.0769139602467568,-1344.97504694807
27,0.0442332059386888,0.0868323113332041,0.00777114960100066,0.0858653593282521,0.0683034462563335,0.0462484094768421,0.163267903902656,0.133073360829729,0.0555957989221435,0.0435040485668276,-1341.52401550099
28,0.0370432835662473,0.104844370515453,0.0558734485896798,0.0502895470446873,0.073254151046855,0.0488665581257197,0.13792257450602,0.127430240892688,0.102257255169902,0.0372946546519063,-1341.76099692767
29,0.0276465957444687,0.0736323074554038,0.0375423756296412,0.0605951897322657,0.0638806922953832,0.0511234113691378,0.127255831092787,0.110297273919388,0.0814928488956033,0.0294127675214483,-1337.89605524133
30,0.0211842851939839,0.0942075541468936,0.0323582730514526,0.0843079253583099,0.0660605482607985,0.0434326453996528,0.11093492453551,0.0967459348856071,0.0875718440987194,0.0408212280832755,-1337.08430707528
31,0.00895799592661158,0.0952373428077819,0.0245311948844455,0.0603822838097385,0.0505792085753516,0.0545696596981621,0.107165529852807,0.127975267829804,0.0799088408722966,0.0377033764363043,-1339.14805982656
32,0.00119847385065664,0.170242428814021,0.0178314922119383,0.0700765843960494,0.080739187763709,0.0328559840114449,0.149329312281993,0.107584300043952,0.0685833113779774,0.044615009344826,-1340.27547738902
33,0.00138951639129143,0.167533456751685,0.0454567865847315,0.0614247263961132,0.0894819735373326,0.0497810779980828,0.181497480511626,0.117607841521209,0.0671948035299836,0.017909863317047,-1342.3054490162
34,0.0119163229735245,0.23027537726316,0.0530113888165225,0.0560623575409244,0.0959385933927038,0.0301006416722657,0.170318077556795,0.106595632276204,0.0601660099778127,0.0180580313559564,-1347.91706050531
35,0.00608533270766466,0.183349329259435,0.0660916488880517,0.0682862250142846,0.0739173459932017,0.0640492445430768,0.138947570149016,0.1084458572117,0.0661404347328866,0.0456179840136545,-1347.23678289239
36,0.0058704948877947,0.183769461024622,0.0406157916849961,0.0516432254259772,0.0623509581155841,0.0448880902816728,0.114934069932872,0.105268207943753,0.0687496718724425,0.0279204585971141,-1341.01500015662
37,0.00309708235442015,0.10475810117191,0.0398376387583215,0.101926012568453,0.075526240334202,0.03364451659853,0.12501291754821,0.105203448872161,0.0799364919990797,0.0453455156962422,-1339.48180435094
38,0.00742222102544234,0.0500095776124927,0.045578973017674,0.0585271231460041,0.0704944037872496,0.0393088002640355,0.105145472101538,0.114844280947085,0.0696615924523682,0.0411452103615178,-1340.9223504314
39,0.0253437263252807,0.142564009246916,0.0353029732029317,0.0625817053086871,0.0643481293547398,0.0377691304454181,0.145660856717545,0.131803541310659,0.056224796100158,0.0522029120921655,-1340.68487476157
40,0.0230717785881198,0.0794515059090707,0.0362669921740291,0.0855485711262632,0.0684890577482937,0.0575191182787289,0.173683627545765,0.122708308969473,0.0602550220915546,0.0428861636768472,-1339.89061369922
41,0.00854603060508836,0.0857731534607768,0.0355508158055278,0.0691200572126289,0.0877556532955811,0.0574932583133068,0.17637320797842,0.135059175132046,0.0838471118364208,0.0403833244974564,-1339.47055359118
42,0.0422672744040794,0.0904399670954278,0.029867386215274,0.0796165233427508,0.0711587666318178,0.052407409859804,0.110606445035167,0.130860667442381,0.0960572724975544,0.0364162721752994,-1340.5706835884
43,0.0181694816296885,0.0676747386680367,0.0344712798460324,0.0775088014848078,0.0931160011088004,0.0579157079200586,0.158537898555449,0.130383293151518,0.108560254064229,0.0260108947211382,-1341.52311921397
44,0.0125745597473988,0.09626563722587,0.0283988010403502,0.0821657644792549,0.0652886424720762,0.0371051738419056,0.170878622930675,0.108391468467108,0.109048620024274,0.0230260564305152,-1340.9350895446
45,4.23288318545765e-05,0.089171791608268,0.027440795539373,0.0668774873216043,0.0777671468897686,0.0521581491966592,0.180780260626352,0.114170965476767,0.094317640360477,0.0333127864536827,-1339.60127677281
46,0.012471070046236,0.0745750272569968,0.0283020547109215,0.0883582624190326,0.0698844094763058,0.0383783164222675,0.14549002184721,0.105364994136677,0.0670220466442335,0.0531376018967455,-1338.28374856637
47,0.0262458449606885,0.119773503574884,0.0201091636679102,0.0991219097500222,0.0747319127784447,0.0303781044172239,0.132718231621347,0.113600647213675,0.0659124777244018,0.0541260144755662,-1341.58627073973
48,0.0083365563172293,0.0536636112994739,0.0382837827659729,0.089880110455269,0.0648392466090898,0.0442801706718896,0.13289691204602,0.110425069409858,0.0608531816789256,0.0578071114465288,-1339.70465797242
49,0.0337705418369853,0.104136425993061,0.0236001685458238,0.0722185629863978,0.0694241055629429,0.0397869536611276,0.120165866584584,0.111863451390914,0.0622729202609956,0.0454183520034516,-1337.09061641083
50,0.0205164210594559,0.106067423068979,0.0311224329200481,0.0648070825811177,0.0782676815041639,0.053943210369778,0.132038902839035,0.110822788757822,0.073823761268586,0.0482427774495156,-1337.07310810454
51,0.0316407696323996,0.0931362716682416,0.0463947571273165,0.0602891625514079,0.0727454229200643,0.0385079937139895,0.130788031296055,0.114346931054921,0.0714375795929745,0.0254668512974185,-1339.40747101771
52,0.00429886182526649,0.123299662858978,0.0183612684821944,0.0647337172445845,0.0592851044754971,0.0637454509552365,0.204823124410905,0.18177597706926,0.062626063266321,0.0194807146558036,-1347.9188251472
53,0.0262342310090069,0.150529882168853,0.0176145225983419,0.0475285227075449,0.0556988154726234,0.0591276760993344,0.198979664795027,0.105047163474509,0.084048299757546,0.036032589746064,-1348.35219907809
54,0.0134938064879691,0.161464227837312,0.0349900559985902,0.0922944146796946,0.0990032946997875,0.0429358339985698,0.180486921110162,0.109269815655778,0.0494505943132905,0.0377462971610426,-1344.15166750789
55,0.0292258626051961,0.0461676760706807,0.0375304881611229,0.0750230581605844,0.0986234990755612,0.0537586196251925,0.178609082728763,0.121450494682911,0.0584233452671171,0.0550645702391829,-1343.51802215562
56,0.0204875624635003,0.0516760179677114,0.0408371346841466,0.0837074371307062,0.0470854520775843,0.0507725998235641,0.0818977991283591,0.112644870628855,0.079570962271199,0.0365921934670181,-1341.78113278358
57,0.0181255376834231,0.0966421237640319,0.0458972330605829,0.0666534940915317,0.0677801819031985,0.0444507113110024,0.0946415534327201,0.131319632913979,0.0647083947071831,0.0545519399215278,-1341.20870316434
58,0.0140573670622173,0.0746621018706962,0.0503128093550159,0.0570643182450388,0.070219789274252,0.0552275715498058,0.133920126949469,0.103134933512718,0.0727730033588175,0.0519261544668152,-1338.97134545676
59,0.00126686037386845,0.108975687530252,0.0733634523533462,0.0633193680102811,0.068308876966385,0.0419699770714785,0.11113978105394,0.11059869316383,0.0670804106328274,0.0326932403798948,-1340.18917392082
60,0.011083563828717,0.100372595456595,0.0223777900708729,0.0588380198209488,0.0673560700053888,0.0505066236778557,0.103598694177471,0.0811105594697678,0.0757333974430093,0.0330077550174256,-1338.84952512059
61,0.0184303576866159,0.147390738623777,0.0222163806762882,0.0699643414094945,0.0847363835255086,0.0393202628274599,0.1147109893502,0.112609635231762,0.0517785564455912,0.0326160033130116,-1338.80198329424
62,0.010640060677546,0.190364757854467,0.0240162000036794,0.0569309319235755,0.0729818804835915,0.0398730967831603,0.132624748558591,0.113054383845919,0.066141608892552,0.0305104208542476,-1340.17579209118
63,0.00190761046249723,0.094804915034339,0.0535053349506663,0.0691483400248653,0.0951098950490743,0.0573628063058304,0.111677392435772,0.10327295199409,0.106431100669817,0.0414504576450158,-1340.00957293857
64,0.00406799827998174,0.0775922506626077,0.04044125870671,0.0703570676650857,0.0817361800046252,0.0346209881143111,0.116370036315401,0.106006599420784,0.0871054407267913,0.0524381742424458,-1338.21339497832
65,0.00810508292266547,0.0966033893154352,0.0264949921388728,0.0839428565452715,0.0757277571092332,0.0458541631546653,0.12404167534268,0.132228272590957,0.0718231875725992,0.0343682309240386,-1337.67153473176
66,0.0150906760797798,0.074674076004148,0.019386852252455,0.0529281191163289,0.0643835081307519,0.0452545312444947,0.169413529760247,0.125435608676583,0.0959008347774246,0.0318737710917648,-1340.72171851095
67,0.0119242308654728,0.111799153189373,0.0570825614715218,0.0545508107583152,0.0622727314690629,0.0558826534461844,0.149785249220742,0.117162957212746,0.0917529979708301,0.0243959613029468,-1340.20568198641
68,0.00072619746514654,0.0609269662629367,0.0368742570866345,0.0704752871022989,0.0848872980045852,0.0490752576621343,0.156545350137935,0.125449519068941,0.0871194780734529,0.058733887359421,-1340.83583107212
69,0.0358546977727314,0.0621607637607036,0.0233791644596906,0.0976394759945709,0.0693054708743915,0.0610663883406737,0.150169496658446,0.133082467947845,0.079671848268253,0.0244428770483177,-1342.12512867689
70,0.0108949196138787,0.0689320565505722,0.0234068208398339,0.0857879495753724,0.045392533483547,0.0496498186541728,0.15475042589516,0.127881644061998,0.0636414655368035,0.0264806598208187,-1341.76832437644
71,0.0251105783605131,0.0798868485789154,0.0208132499520238,0.0545121709834831,0.073815786681026,0.045603584759163,0.141999254960452,0.10328540485219,0.0877106427536716,0.0448822128831037,-1338.89130961476
72,0.00703528028295966,0.0899957605022586,0.0355921324395812,0.0638412131483182,0.0681754514735267,0.0497779550142709,0.0753128036357261,0.0760584756321062,0.0603191615829201,0.0365929049800808,-1339.20749215602
73,0.0119141397706686,0.101825641570755,0.040514727114698,0.0773156389958227,0.0757461442560244,0.0555365616121938,0.0651075673317453,0.0791060737565922,0.043791024353629,0.0441760110904149,-1341.14505217703
74,0.0132062621880816,0.0957649062324666,0.0228622317727035,0.07049559559468,0.0650004810968834,0.0588746744245508,0.0660538815405021,0.0765312803082098,0.0746525003569199,0.0347068286413367,-1341.08409188918
75,0.0297304261741775,0.0876738200257431,0.0228859621470042,0.0707241695899506,0.066769505765214,0.0479912532061512,0.11845368039091,0.0717735315179932,0.0669944396464276,0.0575734908361743,-1342.05417001375
76,0.0228659894625538,0.108440339015206,0.031948953164435,0.0780541886450339,0.0712019392540965,0.0526963922259998,0.0720755479795351,0.0752088251724558,0.0628876184126774,0.0310005279198144,-1340.72914356974
77,0.0223345147278312,0.0987293882827144,0.0263294711649328,0.0983437309875645,0.0608337435047276,0.0589174746451303,0.0792888227470406,0.0984916924014366,0.0941640401611827,0.0367580373405975,-1341.34072129614
78,0.0169355548506283,0.0502774055976543,0.0397005663028372,0.103109916872491,0.0629926335797994,0.0606057976752714,0.124821039186836,0.134029348127401,0.0662201050045936,0.0394450034778447,-1341.41028753525
79,0.0141579446743145,0.0893946597229124,0.0300524136480609,0.0742019225926085,0.0515391273781876,0.0506865618790377,0.152076515289317,0.0792107251426411,0.0818941461025187,0.0578068041443802,-1344.52802129255
80,0.0282601508181862,0.0717522675984771,0.0326341115060401,0.0599192701197142,0.0707856886824465,0.0419789682443435,0.0599942840286035,0.0891023253309587,0.0740391496820971,0.0483197356104497,-1341.37781920776
81,0.0148900391940706,0.107534873205869,0.0249832193355504,0.0610303188447844,0.065366831142488,0.0367139299174313,0.153502504763392,0.131805029027074,0.0622768710240875,0.0426038992843274,-1337.84032185812
82,0.00559466081124678,0.130489842382673,0.0184155273151912,0.078322525555699,0.0743241791309068,0.0509814168462374,0.104967115066939,0.110863273723602,0.0849451481979094,0.0530748734787624,-1338.93868686657
83,0.050981966233291,0.0880497087344179,0.0335872754644214,0.0657961837486405,0.0734769769687503,0.045614709702751,0.0953601840975198,0.0911970947209883,0.0931565319102696,0.0446610417440864,-1339.76913140732
84,0.0433900692856795,0.0660559730130875,0.0473691859484362,0.0803017551135341,0.0779923249378128,0.0548064499480527,0.105225946692169,0.114657078671583,0.101740937925271,0.0324146088964826,-1341.27725976243
85,0.00399445203568532,0.0785055508327258,0.0335439281229198,0.0897071331120638,0.0852487383331239,0.0639856892786749,0.125729991087193,0.123204999958325,0.0666390847448482,0.0330126535462943,-1340.07180271361
86,0.00756511699606975,0.102923703309237,0.0268906087407669,0.0759900226621792,0.0748391843503189,0.0447048876422716,0.137144561628308,0.115301432535371,0.0740077585289369,0.034750278794544,-1336.00660603691
87,0.00862581636228197,0.123140621499321,0.0142679639456339,0.0649165287096801,0.0635483883627625,0.0356941230125605,0.124561308305179,0.0840283187161992,0.0887670000350426,0.0474175318423287,-1340.53659729337
88,0.0102584454138082,0.121318740088583,0.0403154612706973,0.0583622691433559,0.094939763062863,0.0373087866251718,0.108465700832901,0.12555522503205,0.0715756676878375,0.045792991382489,-1339.91327673958
89,0.010354838206698,0.0768934520168383,0.0248694265269222,0.0740255556243118,0.059230766319498,0.0477473904914731,0.0975715483158907,0.0904072354859585,0.0747984840504564,0.045183121172359,-1336.88054841228
90,0.021074936670936,0.0703281477943744,0.0287519281583809,0.0928163550431938,0.0514062509147943,0.0380680198074217,0.0790818830882692,0.0859835327156354,0.0858804864097313,0.0452548219917301,-1340.68306135365
91,0.0183736302528797,0.116379613626109,0.0168552430157841,0.0675849780522438,0.0524891296485854,0.0470214472232452,0.133531633180981,0.125164477831653,0.0933132408331697,0.0336196844726477,-1339.01833553696
92,0.00509795998504993,0.109369930603717,0.0333622835516901,0.0831545301443509,0.0717584367957006,0.0400766944823158,0.106379239290153,0.110191487372121,0.0612013831981421,0.0331443858140142,-1337.01509857885
93,0.00250240638024564,0.0895772421827816,0.0259616432885077,0.0666121089598922,0.0829952498827878,0.0557409105487043,0.153636808858945,0.112716239499145,0.0607612188937097,0.0635260010161298,-1340.61136318687
94,0.0305475269348313,0.0840342224715917,0.0405131516005253,0.0677586578143438,0.0706736939307061,0.0520793731674469,0.116481666099049,0.0963670303531448,0.0609746675705101,0.0354216598883941,-1337.64188736961
95,0.0428280858011386,0.0772803992735899,0.042145154581592,0.0719010644921661,0.0594450441399711,0.044841161969254,0.146136757586027,0.112344166533022,0.0468519994911058,0.0392424170454156,-1340.51382050358
96,0.0456977064608016,0.102496743909958,0.0162927606995699,0.0723031055498612,0.07550167442567,0.0457231859711717,0.172096869895988,0.111934266605224,0.0658587761937058,0.0529624433205109,-1341.00080236974
97,0.051321873251579,0.115364463383044,0.0220809566938026,0.0608961833466995,0.079847570643542,0.0354771187043206,0.169844931601989,0.123364435707667,0.0728497680846535,0.0155209899625752,-1344.77134875118
98,0.000587935248793598,0.19456718850118,0.0296425466596378,0.0554514568815094,0.0848131341393857,0.050372800345224,0.12696139889176,0.0999133832560384,0.0372669746308509,0.0409759493865444,-1341.4206552093
99,0.00941961491051362,0.138855847215842,0.0518149397693862,0.0644367784326287,0.0692609680863195,0.0491131459529606,0.0966538821058339,0.11973620094452,0.093905992480838,0.0342916668704853,-1341.33333366809
100,0.00535671995712762,0.141385108761121,0.0380221484845035,0.062694028694747,0.0640957823505739,0.0468003076806425,0.132046616943176,0.114976710946715,0.0905432609460618,0.0301222391354844,-1337.89517740132
101,0.0123232911849205,0.16794331675983,0.0283562532584624,0.0469381489561254,0.0820580263059291,0.0437151658218928,0.138846655591189,0.106263983796614,0.047482609135777,0.0381934600867941,-1340.21940716781
102,0.0168802431739076,0.106139396986058,0.0256721019182811,0.0748915967865413,0.0684970719695827,0.0648297409078722,0.0949610593934803,0.114412409923838,0.088650001578858,0.052032270652471,-1340.27458777347
103,0.00528000615094178,0.114896341724754,0.0299596516603905,0.0691235773252532,0.0594198510569675,0.0316640865255849,0.125058896619506,0.112083718458965,0.0474230206625289,0.0555002381324864,-1339.67323704396
104,0.00587118030683173,0.0892818943985668,0.0270946725836463,0.082566922334982,0.121448220532494,0.0335581362054569,0.120376411702827,0.102943215766651,0.0593004368637674,0.0558802577960959,-1342.37719755816
105,0.0132746491575912,0.110214941091417,0.0268508343393821,0.0888534851948348,0.064605933846986,0.0475527351636622,0.0954279112891099,0.0893553270893962,0.0601643700465235,0.0459397881424209,-1337.52070117238
106,0.0351760447367097,0.112834245751621,0.0163666409209367,0.0897461577761729,0.0799624170347831,0.0457949652704889,0.112248658689697,0.102337037741887,0.0686791993786781,0.0574706447542161,-1339.87772304042
107,0.0286555540332599,0.0575889303605478,0.0367980239535969,0.065468094132283,0.0642016756072555,0.0513358514251307,0.100027146360558,0.0952719416960776,0.0588466685401587,0.0414321103977135,-1338.56174209584
108,0.0310651199201733,0.104139120283643,0.0322527581632397,0.0683146324818349,0.0866221531962796,0.0413588729562993,0.120451979860793,0.122377953588724,0.0773971451942714,0.0415775916507463,-1337.99467869362
109,0.0375364603445287,0.0971603511584878,0.0404643716111049,0.0624607652795272,0.078874980008337,0.0550425563869676,0.11765548053408,0.0794085652283948,0.0563675308637029,0.0323902448265187,-1341.29625380177
110,0.0359897332500553,0.12742080428106,0.0473613953694758,0.0530640552202969,0.0857320999145793,0.0408825862341882,0.113737781362913,0.121058015914763,0.100407120013726,0.0414879495517526,-1342.54366626148
111,0.0144644114237344,0.063489442610066,0.0441941756013794,0.0933235813736849,0.0500652033835123,0.0590517358937317,0.102564617093785,0.120596471412054,0.0542606144901864,0.0524398362717149,-1341.42716684774
112,0.0380077380686693,0.0549141505479879,0.0194214837568624,0.0876479986627567,0.088265592042842,0.0401531285535277,0.135040121623738,0.0974403238452049,0.0606389255031087,0.0423975486852417,-1340.77106577164
113,0.0350901191296223,0.119668765547813,0.0221767379795686,0.0760863695101082,0.100297503927844,0.0490474925303047,0.134224034149746,0.0974168737954906,0.0584138519242564,0.0401891124255478,-1340.26135688266
114,0.00714711484379331,0.0937670189940076,0.0271476665846867,0.0800493642355827,0.0861435696616842,0.0460108470468253,0.114846653700668,0.120651873303661,0.0777594784285752,0.038992105529529,-1337.17032403406
115,0.00704816815526618,0.0975940474553223,0.0156163603086403,0.0822010576933157,0.0555723479513007,0.0409753300338914,0.0978776168396455,0.107036034004542,0.107498795098453,0.0378940278651591,-1339.65225243777
116,0.0131724211059874,0.0571657491121413,0.0329625722877588,0.0690563142798096,0.0685494069835157,0.0395275528809689,0.139846438510251,0.105965105881332,0.0620903029011046,0.0529237501218962,-1338.98994715909
117,0.033020343587356,0.139000286813249,0.0339734016136202,0.0669311207350801,0.0668004222241678,0.0391947016588499,0.104619758657069,0.11431673152798,0.0597157169168645,0.0466600700963902,-1339.71145302409
118,0.00354312973870165,0.141664834758377,0.016580452211339,0.0695958335711306,0.0766744968319669,0.0416254305519608,0.145924547486816,0.102720622906699,0.0809798013512514,0.0463296621697961,-1338.73895981701
119,0.011036814077717,0.125129779765569,0.0377537817273063,0.0744792891628546,0.0781354253229902,0.059715270240014,0.145981574093393,0.111844835597912,0.0930915661878895,0.0245833482977988,-1339.81339816311
120,0.00672843670055368,0.109200234745309,0.0730279027928076,0.0424113383205238,0.0765681047483071,0.0679317842285874,0.111890933788632,0.0922794423408734,0.0867586790253018,0.0379161115250496,-1344.25175242374
121,0.00792093242534699,0.127736360639336,0.0423894956032893,0.0578816024767227,0.0677094347685928,0.0655513963738294,0.0997126100248083,0.0971529986845973,0.0859930152216247,0.0476820309101401,-1340.21660002428
122,0.000346735877234188,0.0710543307167939,0.0566554647462699,0.0592998823091061,0.0669152542906914,0.0496000276394151,0.11539617748566,0.116155839437456,0.0778679879105515,0.0297788036347061,-1339.05885702433
123,0.0296251552172476,0.0790124502892275,0.0348263168030376,0.0714181163513769,0.0506324838563547,0.0488334609763115,0.126988640324174,0.112583869784544,0.0779609461058608,0.0458818892457403,-1337.74261722843
124,0.00817207745595,0.0764073525776263,0.0440694367824466,0.0705406270863948,0.0919658360444949,0.052439410388281,0.115082433955125,0.0966421407789496,0.0711581183250384,0.0570958160541271,-1339.02374506858
125,0.00486551767024457,0.0735068676018379,0.0389258673670874,0.0738611506333264,0.0703129493303862,0.0404537685469051,0.0972190649087744,0.092494906614136,0.0797350214529893,0.0519058448906769,-1337.52474249974
126,0.0280525554792657,0.110180354598302,0.0360417316942425,0.0882159624066298,0.0795274125536733,0.0372728842426798,0.112685313695715,0.112840703956013,0.0549702358899194,0.0495672224281397,-1339.2391581533
127,0.0309170301079422,0.0589858880528549,0.0162786645640109,0.0794724324395912,0.0614357526211927,0.0547946649879573,0.126163736340264,0.133978961731403,0.0892667263303884,0.0536110087670338,-1340.54726117149
128,0.047033753303252,0.0663605044100747,0.0264361448347048,0.0775316758840141,0.077332118813637,0.0508896948516861,0.134910279695676,0.107500241622109,0.0463172927897796,0.0408449834076711,-1339.642705877
129,0.0515041296430283,0.111618775725916,0.0325844469682176,0.0758849015108538,0.0814152342442597,0.0391759553132515,0.107945833813292,0.0953928850894464,0.0562770574431637,0.0392650356335613,-1339.6570140537
130,0.033530591259274,0.0826849259464512,0.0575191397747297,0.0695606643795,0.0959043580864297,0.0605442584281549,0.0966064245634303,0.104819242277887,0.0700541931128412,0.0382973532186098,-1341.23136597692
131,0.0141613438958371,0.0837226336595738,0.028825260379503,0.0703179081701587,0.0789597799506545,0.0414994150271841,0.11632423271846,0.0933017644249914,0.0780631577290385,0.0534901149950938,-1337.14257422777
132,0.00783799300531893,0.128084139041883,0.033105205610844,0.0634915056569189,0.0757616901124101,0.0559932600268086,0.108366995607571,0.100667336467817,0.0800765670242407,0.0350897479501867,-1337.31609622018
133,0.0195113178812338,0.099348358661129,0.0285969921638717,0.0741051131359003,0.0656906089217927,0.0359103328276245,0.093094076565668,0.131354970686211,0.0640184969964345,0.0286896385809596,-1342.27096952817
134,6.72072403195357e-05,0.122833280548712,0.032822890011304,0.100079156507368,0.0516432093293186,0.056944544848463,0.158549464240241,0.153382124211037,0.0850478286925547,0.0467394039356513,-1343.23102068388
135,0.00565374997512462,0.0816877365054193,0.0470804664198301,0.0534281263310656,0.0705453078893598,0.0572394346009028,0.149582273415756,0.139922707095287,0.0867432196701946,0.0278967591648492,-1339.84700908276
136,0.0436250239609283,0.0753287322316892,0.0257221526912238,0.124036011652275,0.0925590660104278,0.059426683859914,0.154490299696158,0.10707749976636,0.101215442848459,0.0243833424522542,-1348.27912578898
137,0.0392594971940087,0.0573123619771613,0.0338205517544069,0.104460315432378,0.0714038064040069,0.0498794909147597,0.153884075507641,0.134080974879206,0.0613200971923261,0.0451272550168018,-1340.78663117364
138,0.029324945883399,0.11633888047693,0.037017755246959,0.084874829289851,0.0840927893074484,0.0387543550356318,0.13489061763743,0.101292427012907,0.0658781528874414,0.0368680266015893,-1339.02707332421
139,0.0159005716573678,0.0889872490312987,0.0254389488618116,0.0994491353793483,0.0930564217597472,0.0533129782649446,0.132433308501882,0.116422767815815,0.0551230502144609,0.047128323639049,-1339.6611449056
140,0.0195132509947867,0.0874477813436983,0.0423080420038189,0.110447355706988,0.0473995458334605,0.0509042821338762,0.119527097136805,0.120126230383363,0.0542360651125986,0.0416192146521679,-1341.8770897095
141,0.00943895341511173,0.105204489782361,0.0431095298213449,0.0509125497104059,0.0779639498759079,0.0470891164435441,0.118635414027185,0.105188909929428,0.0846492977351356,0.0354008393999914,-1337.1127397836
142,0.0116473520843783,0.125369104733952,0.0158300291236963,0.0682024584525073,0.0650840121299043,0.0459208091600976,0.139392973249763,0.135968563188794,0.0908443912378412,0.0430530991689297,-1339.14647228808
143,0.0327563672005088,0.0656918169546671,0.0280561601955493,0.0643789842055174,0.064920000332314,0.0471950222972565,0.113766821730435,0.119345657769659,0.0450946424350616,0.0463659775451973,-1339.43548836491
144,0.0111394291274058,0.121529579967114,0.0346487812348119,0.0628374012665199,0.0634854892751681,0.0557095382787415,0.0970677742377506,0.0994374597315718,0.0916571542634455,0.0314027239754478,-1338.26707330101
145,0.00500581237905827,0.0946803779147039,0.0307587792999934,0.107747187055325,0.0618698329390612,0.0393084762103165,0.126322554713785,0.120198289442303,0.0628648922337419,0.0419485349839685,-1338.90075559295
146,0.0271861447074044,0.0492600344836525,0.0344144271122224,0.109230661472398,0.0679278472549848,0.0413713256673084,0.115355386746168,0.0735560652190617,0.067222623715157,0.0561439807237991,-1345.19413524037
147,0.025398730698439,0.0627612378478008,0.0458776563985443,0.0953433012324214,0.0720645310588668,0.0525632269512117,0.0644452484570585,0.0703872083123715,0.065842276027346,0.0405629298337747,-1343.66787846578
148,0.0211411665080107,0.111124064431056,0.016245241825808,0.0701598149502227,0.0635944388200491,0.0285246194909841,0.0852744300675698,0.108789637301397,0.0814103322262928,0.0579572358563732,-1342.86431618895
149,0.00681638240115186,0.099461043157401,0.041428313332624,0.0674589908454919,0.0734958712225485,0.053273386624279,0.126086434385697,0.113733699742411,0.0544616036978437,0.0367629817855687,-1337.06096249599
150,0.0142753995004094,0.0856451090301662,0.0423379404128231,0.0848865231268034,0.0567302569748496,0.0540777665311445,0.130723795374936,0.115259516370108,0.0982663437252189,0.0332188027920205,-1338.29545384183
151,0.00444811308195854,0.087479888025501,0.0394260389367167,0.0675776684031066,0.0707001038437541,0.0502701929701609,0.113694490723363,0.10528589372173,0.0841277321580053,0.0345922561747045,-1336.03241356296
152,0.0170735678884874,0.083509928440117,0.0405086747057281,0.0786788031679886,0.0724506763539603,0.057555852730242,0.107273548193028,0.0821592153799773,0.0599304691695298,0.0390751992821889,-1338.89920672186
153,0.0163466120327489,0.10038469115836,0.0664870767564187,0.0700036213577448,0.0877157317091326,0.0469692403406315,0.0969093131014273,0.108980070602077,0.0845333499363537,0.0329945680914242,-1340.62713810444
154,0.0187067618052206,0.0694524621961135,0.0165293125457335,0.0756731523562234,0.0788790468163365,0.0445310452262908,0.105727948456797,0.112541866646669,0.0662828979257115,0.0369566201237869,-1338.86016936872
155,0.0188720856920693,0.110966448158892,0.0318789984641565,0.0799761192788796,0.0750578683949805,0.0437766962852663,0.122893701236657,0.0985163390660004,0.0887133951647424,0.0391089337995696,-1337.22276611363
156,0.00723492234632454,0.0638206141224165,0.0376978700039296,0.0656794307479072,0.107310376983517,0.0426304624577219,0.0906334500662549,0.10069414534469,0.0783131063362869,0.0603336347709512,-1342.23197825277
157,0.029233832565676,0.0692063093920806,0.0292446051603568,0.086922909562984,0.105059877607856,0.0595246567305154,0.108716479513345,0.123031873925668,0.066693799281074,0.0517699271626024,-1342.20409603971
158,0.0266021137786863,0.0819445182372323,0.0225782813465701,0.089205597650766,0.0608162469354979,0.0640785662086649,0.112428860844301,0.105626222716899,0.0460757525045742,0.0414753874590134,-1339.98675720474
159,0.00956211126879118,0.107924483657284,0.0240834053296528,0.08374141858215,0.0666217650805672,0.0661692310278378,0.10175043719051,0.106221568090707,0.0642814143763758,0.0505221326571365,-1339.06973419524
160,0.00541006384106604,0.0772357261590274,0.0441098659448249,0.0934670350560965,0.0501304342932464,0.0514815710458064,0.10828344444331,0.097714297423023,0.0884563810840557,0.0416459041953922,-1338.94190551832
161,0.00508590828155873,0.0786799928739621,0.0566064841508928,0.0906555618004776,0.0430780175854856,0.0501243038989009,0.139522060446042,0.127052396312534,0.0950452484086791,0.00850824241583247,-1347.35180847138
162,0.0196642200932805,0.0696369361673786,0.0514586967921957,0.061811182885031,0.0576148728792625,0.0442982970450122,0.15759913477193,0.128346301137471,0.106353681155382,0.0521932488737687,-1341.63962329379
163,0.0123614353030834,0.0995338842089667,0.0139292403423237,0.0709334303895397,0.102216345752246,0.0432368585898896,0.175200055386325,0.137227020825061,0.113574666594936,0.0483842807504638,-1344.05940341524
164,0.0012917894320488,0.100283202548375,0.0437418352756194,0.0794872013648958,0.107464409575725,0.0449334344344906,0.125407974187628,0.102867656322543,0.0741797350791634,0.0290543996836501,-1339.22255331281
165,0.0119971700241592,0.0821182554025662,0.0498947751143495,0.0786421267112963,0.0875676718736871,0.0433275116032059,0.142270382792607,0.0882358095410559,0.0613121603592151,0.0405443046924874,-1340.2223919928
166,0.00407076382111936,0.0732010665719312,0.0248336806568983,0.0839927918102443,0.077187189642333,0.0472185588913264,0.17163827126266,0.119950974876239,0.095281548539192,0.0304874956596058,-1339.30283315288
167,0.0144154486193868,0.0974709470509022,0.0335920282120984,0.0569004010492462,0.0620923863101213,0.0475629964883567,0.167993062934422,0.156087961179477,0.127636894120757,0.0276815866507011,-1342.37980055154
168,0.00968039937819816,0.115814320847847,0.0323747010586696,0.0806867943178526,0.0616049425502904,0.0382965188683234,0.188366032624536,0.146081821660363,0.0925881660021243,0.0432600092253136,-1340.42896959953
169,0.00891317792227703,0.0737983769557169,0.0639095477672558,0.0652634313425291,0.0746935461382574,0.0457093764736271,0.193213553235156,0.146262738333057,0.100942472473044,0.0455306199032337,-1342.61585265365
170,0.00411485099629754,0.0507602702832219,0.0476718535380116,0.0737428295505113,0.0612133569191509,0.036819242709884,0.224405764311985,0.148563819147163,0.0826298423106871,0.0454304766218486,-1345.06783083804
171,0.0244788149683175,0.05169216089212,0.0232242535892661,0.0913805026042376,0.0767799578529826,0.0286935535705926,0.205090895144445,0.114198760120347,0.114190171264444,0.0485822018218677,-1347.94833795429
172,0.0450751779525302,0.0561544240372729,0.0276171135737433,0.0684726739284744,0.0894071007027402,0.0385533023545353,0.169385290396202,0.106953881285574,0.0638367896040759,0.0326499057201649,-1342.80293004294
173,0.0367028178272142,0.10648550336248,0.0350854489633278,0.0537342750770967,0.0423832153704286,0.060670529562364,0.106420199893833,0.108445563295709,0.10294293398446,0.0380907271544581,-1342.9639407689
174,0.0270395125612656,0.124718415227755,0.0256072634963483,0.0672274326268271,0.0811127593788046,0.053938032473855,0.158722854372012,0.137254352955894,0.0754137977770393,0.037268428226791,-1339.36944757108
175,0.0042494801608423,0.138183127415927,0.0356881746390325,0.0732101725215686,0.0491007404142543,0.0500823575809475,0.136998944210375,0.0982142924590772,0.0737518769587216,0.0411814189114945,-1339.49115716265
176,0.00373022945591811,0.0832914942501143,0.029977824895232,0.0774141243731714,0.0848545783391506,0.0324898214023435,0.133567476740912,0.100980144786679,0.0801776160788572,0.0422684863925929,-1337.85569318707
177,0.0163996195364108,0.073429496478541,0.0772553949960128,0.0594505041862304,0.0811767485806064,0.0557774191541925,0.0787239326250772,0.0944855255208445,0.0593636254723221,0.0343911724140122,-1343.24017318707
178,0.0073091490424084,0.0888355395555559,0.0731042313183841,0.04989110486305,0.0687983683785943,0.0400133026818928,0.150203555068944,0.117015842884925,0.102850026486988,0.0319915327876918,-1341.50551847122
179,0.00449158718073529,0.0982605077645143,0.0396112140843533,0.058820096638603,0.0700540871778969,0.0406282550270569,0.13501930200405,0.118350243857102,0.0936518697799678,0.0406125876557758,-1336.66235997165
180,0.0181829089585228,0.082902521582873,0.0479995861700818,0.0556774080188677,0.0655125724907006,0.0494603471654147,0.0911780403390822,0.124033944535103,0.101832489764071,0.0456587571927829,-1341.58314528459
181,0.0248297068500383,0.0811800738434921,0.0284144760239725,0.0660208973427833,0.0582011890081937,0.048097606083846,0.131088133598278,0.123544845697769,0.0737813740883086,0.0495429580024662,-1337.17741981291
182,0.00532362265703481,0.0619438731600723,0.0543671265128965,0.0917813102468284,0.0941489454369797,0.0375013595417684,0.15402834461137,0.121757699968076,0.0751336207152435,0.0582968473923398,-1342.67127433238
183,0.00841084212166967,0.108323059112598,0.0233698723556584,0.0623615871741997,0.0884911321869036,0.0436754270108137,0.119374821416848,0.124168485697347,0.052844114316685,0.0559854248264487,-1338.90609702975
184,0.0351390963894212,0.104270042323857,0.0399312496382567,0.0722922722440677,0.0815598711551174,0.0494442964926082,0.108330384262006,0.107213883886989,0.0420065386831529,0.0348866025621797,-1339.42088504469
185,0.00654622245816002,0.128039141631334,0.0341005175665995,0.0704891759198732,0.0856509260048336,0.0477767912397007,0.109568842770756,0.101425371929312,0.102737940394487,0.0265652582995116,-1339.05039702918
186,0.00122442139332024,0.0695967181638218,0.0558002471443273,0.0797296411023845,0.0851301751590409,0.0534371045174078,0.135603173254119,0.110490574866125,0.0910956988485597,0.058277892866282,-1341.08632764658
187,0.00527669803387823,0.0792905184683658,0.0353587727600258,0.0755709967473701,0.0534066753669953,0.0423488960149376,0.109662270406612,0.116372519660127,0.0771640379193115,0.0576438907830407,-1338.35045391617
188,0.0206348917229945,0.0907212547103619,0.04751291371628,0.0760090571459981,0.0572331139150283,0.0701028995276885,0.110002759193833,0.121429443756858,0.0331354411917171,0.0597429271981339,-1344.17430781873
189,0.00166523029589773,0.093293356865048,0.011129117481427,0.083345666786325,0.0583383477637088,0.0343571161582425,0.132040946079858,0.106191364731903,0.0724102975501163,0.0617118688264623,-1340.80189831766
190,0.0459952303798133,0.0758935224944161,0.0314907071216887,0.0975774322405591,0.0604987086936015,0.0360238997202112,0.130162277649878,0.125528706836549,0.0600324442334763,0.0433899499197443,-1340.96100937222
191,0.0409078377730185,0.0693207708521046,0.0104564834174368,0.078942240862763,0.0567623858624656,0.043836653564072,0.117807314201254,0.0895803687277544,0.0679593331913456,0.0575202044676834,-1341.19265247987
192,0.0268166013017169,0.110343312403897,0.0391390536702315,0.0606094249643361,0.0784349616637191,0.0434369216677497,0.124365240687177,0.0990370536470209,0.0820128554671236,0.0508604806722317,-1338.13275978152
193,0.00140069735029273,0.0726811893842665,0.0292392195084364,0.0862211004990427,0.0683806338839675,0.0352197790861552,0.123336646423675,0.113053332740458,0.0598264549639728,0.0536474812658209,-1338.53705416806
194,0.0165449710635987,0.0907191075692493,0.0381041156002034,0.0726749561309716,0.0624256760710465,0.0344977626217114,0.133053241159573,0.102989286672405,0.0890294637154586,0.0305516266906837,-1338.08759891645
195,0.00901714819629791,0.0896008478877273,0.0412788801934028,0.0704915821208257,0.095522715505517,0.0404027649173283,0.113345251946598,0.129227759011271,0.08499217247835,0.0517552777795705,-1340.03579410674
196,0.0163132599357531,0.0989766506147053,0.0332400677204676,0.0782769297285742,0.0973919815574627,0.0536799781711517,0.10918657908923,0.0942046807946588,0.071686971476992,0.0489809015918564,-1338.43325137857
197,0.039211852903488,0.0961979376295699,0.0475462485248376,0.0512567143337638,0.0751266302989051,0.0418729823664673,0.134259692817,0.130609129020933,0.0574886550125979,0.0382609366858118,-1340.26193420547
198,0.0461821265186276,0.0953166224633535,0.0399231439413037,0.0692456856537195,0.0669204418809749,0.0317942674282982,0.145145384589803,0.111741380173796,0.0637750109332807,0.0362159065270956,-1340.56511569636
199,0.00866938256698265,0.103458984638624,0.0480654573943853,0.0628491480838361,0.102492433312538,0.0356673002745644,0.16984542933817,0.105391816247369,0.0724891047843922,0.0457910973397551,-1340.84663638554
200,0.00813541075581301,0.120219002235968,0.0190593028031948,0.0800389137920424,0.111760783785161,0.0481837267934404,0.158738168942046,0.137658950812682,0.0684575312577182,0.0353165333919889,-1341.89316991268
201,0.003456868596432,0.138385943656667,0.0298967858411174,0.0814590676702781,0.104513368388975,0.0499284572124683,0.1293273838101,0.131962516121452,0.0472497096562029,0.0683250381585083,-1344.14850810797
202,2.40752511726445e-05,0.0804086251156654,0.0221613735597882,0.0903599663476266,0.0729365840812699,0.0528549142179326,0.169339162430901,0.118736158145461,0.102375642705344,0.0663906287324783,-1343.50662021316
203,0.00731787141167386,0.0913399707504839,0.0286108079798371,0.0764692053670495,0.0706759231054368,0.0364278234210438,0.211556213537856,0.148587000115967,0.0828268576570338,0.0245774085604088,-1341.12083805915
204,0.000969369345368837,0.0873046910751818,0.055448942219946,0.0749505098265286,0.075597602060107,0.0483527574117499,0.165472720284399,0.0864452693361787,0.0771358015065392,0.0441856969542663,-1342.62508629566
205,0.00952802284122231,0.0752993843731576,0.0253298395548067,0.0840340556154281,0.113049569406552,0.0388686979915611,0.0541885466983724,0.079453871026812,0.0714046780653465,0.0316835280517671,-1347.42969988576
206,0.038796064338974,0.0910806575359152,0.0575026984305298,0.070718808514898,0.052962646240994,0.0378812850486051,0.0619386030565952,0.0954415009200585,0.0725459935921649,0.0301473255835556,-1346.62520446033
207,0.032130989066671,0.100423969306702,0.0843113489499556,0.0821731427286205,0.0938075310104555,0.0577338576270105,0.166004198319477,0.120296120840858,0.0737282427451321,0.0288197312034846,-1346.39160243016
208,0.0326188363712078,0.0531395118497807,0.0484103545949694,0.079324712593936,0.0782453718570584,0.0547764401623314,0.15318208998164,0.119368747529579,0.0864078241382043,0.0530678362175603,-1340.96068436275
209,0.00739220717977161,0.0668568855689115,0.0148705720052679,0.0712601427892502,0.0795671495509567,0.0630125854554932,0.122971502259014,0.105290639035364,0.0577426019991861,0.0468446396265047,-1342.06613534838
210,0.00866015057707671,0.121884221496537,0.0125456977261779,0.0874500181414994,0.0637853655038148,0.0635448114002665,0.128643946559685,0.102596098001301,0.0898549371993395,0.0303173297396083,-1341.61137800088
211,0.00143026435665778,0.121156352576533,0.0456437529571621,0.0847761543599142,0.0858487477821036,0.0414428986675267,0.117484692740291,0.108307180490836,0.0520621438466856,0.0323343562455149,-1338.161163511
212,0.023724966129496,0.138025927908753,0.0632653589027221,0.060974801049175,0.0892689990115608,0.0416268640043699,0.121271557152311,0.104888828070294,0.0750262120456869,0.0366740051533395,-1341.28900174955
213,0.00734828563670568,0.125740201235103,0.0377007167811807,0.0580690781160341,0.0891174163847159,0.0488990623364145,0.13435065923368,0.114672016177444,0.0781911497220543,0.0401024417696986,-1337.33702006628
214,0.00895136717930288,0.113171105554169,0.0356812556438678,0.0620521367316887,0.0817406700284491,0.0452976269952017,0.150798398246254,0.147833051223085,0.0976293514988258,0.028351539673077,-1339.60169300354
215,0.0299503304896887,0.0849307945181136,0.0406997670180716,0.0709681139890573,0.0489455000979189,0.0335205014575488,0.172525199509402,0.149762768997795,0.0913848698195844,0.0265849525574923,-1343.18899212948
216,0.0173352334417057,0.111034143650023,0.0247343382325162,0.075539518048569,0.074281669171962,0.0412184170902693,0.156257788802219,0.108806560637824,0.0605468682366703,0.0451306409794986,-1337.64453540007
217,0.0203052376516261,0.0994411023215511,0.0308320968536502,0.0663312319708645,0.0716504727269557,0.03725488870429,0.127181555163379,0.102657451416126,0.0657707922545284,0.0377393833812083,-1336.58558102447
218,0.0119813108896646,0.0996987112473453,0.0372377135496211,0.0653332063436695,0.0719709080840979,0.0464802773784375,0.109600064287829,0.0952170522624557,0.108798123981358,0.0293772264596945,-1338.07674377082
219,0.036174736511187,0.0779054436912912,0.031514094583395,0.0452094219400458,0.066572175581473,0.0445338775157951,0.112606836245574,0.0929187389694792,0.0803880932400044,0.0211665207427789,-1343.04721476468
220,0.0109765970570087,0.0974518305791434,0.0470935519785083,0.0782621002109089,0.0664133688108702,0.0520495813323979,0.125483516577786,0.0811253054205551,0.0807830057335565,0.0498162969117995,-1340.3126528665
221,0.026058041006971,0.0901860415392165,0.0315295711121907,0.0716119217006199,0.0821644382399682,0.0515040652408167,0.1274901385198,0.113073960062334,0.0861714657050635,0.0511751545187638,-1337.6549930051
222,0.0177056792084963,0.0927639693630972,0.0422433660417818,0.0519907398426045,0.0731579057143954,0.0423543257085429,0.128539979223157,0.123714192900471,0.0974021327063838,0.0446036246307684,-1338.56143144677
223,0.0076974960637329,0.0925940202542415,0.0388926403696195,0.0504066397690589,0.0649732814965376,0.0531590157090717,0.131266542614428,0.0997824205893827,0.0756463006943004,0.0357549111230891,-1337.84655845894
224,0.0169401707858727,0.103849730667642,0.0268324451281349,0.10644925138591,0.0660756627385807,0.0545433252178075,0.145080041580895,0.138695622307255,0.0736022884179725,0.0601972939048231,-1342.32594170287
225,0.0431733310885484,0.0678415836512333,0.0237674976181611,0.0505537315513791,0.0782545257347775,0.0474767007525018,0.15178439912511,0.115944702094873,0.0674333664775084,0.0658360998742774,-1342.21418265934
226,0.0195486713743225,0.070810843855961,0.0286982592612044,0.0824937183054655,0.0773699046006198,0.047890703684188,0.101504009054673,0.0839280501134329,0.0824592673507163,0.0683092539807006,-1340.82791509648
227,0.01969570292947,0.106874826919441,0.0227203119016863,0.0502963033765077,0.0660324910752246,0.0410826034197284,0.123172671618956,0.140900733700818,0.0901549301017023,0.0653409081643682,-1343.37291634204
228,0.00801525715159613,0.0927159152512424,0.0480732246977894,0.0994270215799036,0.0675617517608622,0.0514809942605596,0.165948817613277,0.130811679635816,0.050401733411539,0.0482174390207696,-1341.30028887641
229,0.0248162710048425,0.134457767052676,0.0152445959942519,0.0632425552448817,0.0731161769277541,0.0350598856771105,0.117032235654294,0.107135347284519,0.0685428701770798,0.04908739817702,-1339.06018620651
230,0.0167808712802817,0.0807245644493845,0.0533324547106658,0.0918606597332352,0.0735722553284923,0.0309206471811245,0.129707873587786,0.109866610836121,0.0908148237589928,0.0304145667864659,-1341.37506246738
231,0.0123168908335932,0.135464733396859,0.0151465347105569,0.0771371191567344,0.0702513664526445,0.0466311466365318,0.174289134901857,0.154880938329452,0.0909976431496187,0.0543728774608057,-1343.10493131643
232,0.0170573276311155,0.0937542603175468,0.0119229893703184,0.0724688858445675,0.0681933807297022,0.0337167794262426,0.140243175715675,0.0900477350239346,0.0692632872877271,0.0482468745498805,-1340.66150647261
233,0.0036792945035948,0.0840287375378574,0.0499140985351585,0.0729392085272107,0.0819120228162194,0.0422166891300639,0.0909889744079361,0.108051723786549,0.090070567797161,0.0480005688164653,-1338.89029513445
234,0.0244227209451495,0.107056089832468,0.0457504911577767,0.103891637384484,0.0732315771666688,0.0487238523908,0.152979870771715,0.145409224403163,0.0599604229791207,0.0309221509443517,-1342.51094016064
235,0.0138582679418063,0.112203266291,0.0437029133530387,0.0464280841756159,0.0870714705726787,0.0485221720895255,0.157021082710148,0.175499896962276,0.0624099951840759,0.0175094358283153,-1347.80784833724
236,0.00772022882947571,0.136533667837641,0.0381349159356334,0.0826944849749622,0.0645675329193778,0.0442310086098881,0.202843557566226,0.108837743518639,0.037858921164327,0.0298911901467333,-1345.40845348651
237,0.00460359524196082,0.138123688288273,0.0447309394248159,0.0774220388116788,0.0960146829854582,0.0376069404096813,0.107322286075859,0.0957811484863916,0.0486409624908892,0.0322730269231125,-1339.2200562826
238,0.00230022003144528,0.101355574518948,0.0329755735751118,0.0842720159293511,0.0775111404386749,0.035037175497957,0.120822904389577,0.0976771435733305,0.0430483547298753,0.0611477857495435,-1339.85420722033
239,0.00679942602488262,0.112690652971889,0.0241578697885199,0.0733350347688344,0.087978162012299,0.0531793017648959,0.0986045383910369,0.0977328911361745,0.0871431964851155,0.0393726684367952,-1337.81605068553
240,0.0105834445922391,0.0726577792850172,0.0299651255228715,0.0781274555271241,0.0501729945323188,0.0402296015410213,0.116380232304895,0.0916350150373968,0.0707780924745888,0.0332421031537468,-1338.85391621399
241,0.0369378815038203,0.0794875552170578,0.0263517195889347,0.0931352877697993,0.0615283000808683,0.0426191478582687,0.0827877684858425,0.0679128716902127,0.0901240985763363,0.0396986461696067,-1343.49367646253
242,0.00659933099661516,0.0751869372855483,0.0202090091738397,0.0901292074536053,0.0595222073977409,0.0466836492967138,0.0893275170040786,0.0805066922063766,0.0807103753388115,0.0505981698472792,-1339.20925523112
243,0.019782899058016,0.101882364979399,0.0469888492338233,0.0581972883134654,0.0819954063736848,0.04997557055553,0.13474549875866,0.0820906664821941,0.089760977426947,0.0416946640803771,-1340.81236409956
244,0.00739389568338595,0.100175499582728,0.0452018918627511,0.0664113412907521,0.0729510869133501,0.0367028057770072,0.0976446501840778,0.115581559951036,0.0633288725311397,0.0507244163134943,-1338.66745272768
245,0.000785494334277369,0.102085597161187,0.043358080224517,0.0668411561374204,0.0646708207716262,0.0492706275644864,0.119984181674462,0.109345310432914,0.0585109027078414,0.0387580945057522,-1336.49498487969
246,0.00983011752083468,0.0852110657237839,0.0369554872348188,0.0829876902356156,0.0893638733712829,0.0388095676053684,0.150185406187211,0.135142716613887,0.0876085840627106,0.0394445405452385,-1338.64334214011
247,0.001212454596146,0.148908842686591,0.0194819893311911,0.0831915369175364,0.0616752472191596,0.0493642020091747,0.202776337501705,0.153592777399216,0.0896315224215389,0.015378776322921,-1344.44308741054
248,0.00944311295295538,0.0821873290619538,0.0558993883734471,0.0850170740506832,0.0648120860463738,0.0470152091084101,0.16395734063653,0.134375220031634,0.0935564041664947,0.0315580356401266,-1339.6114416057
249,0.0332750680404784,0.0472868728186373,0.0199017815381486,0.0807210227914039,0.0709622336451496,0.0556840763623248,0.142298027078257,0.134276991481796,0.0746924792564544,0.0380726068579528,-1340.19958873987
250,0.0280343622040932,0.12933698894582,0.0417880184505825,0.0838161850283869,0.0664971206861951,0.0647475894781405,0.127058897725924,0.134813815697888,0.0447375737926759,0.0451746726566843,-1343.14234882452
251,0.0105974993525743,0.150269640118555,0.0240707337567569,0.11880556162174,0.0840212927827763,0.0484629455199572,0.121119239703065,0.112977197920012,0.0448376080162859,0.0353052449540336,-1342.28900841204
252,0.00915436919205826,0.0608506830336395,0.0424812259846126,0.100834134220425,0.0530039747477155,0.0512365279306653,0.0716565113184404,0.0853162610715977,0.116307146903999,0.041130083517071,-1344.18600131636
253,0.0135065990957774,0.0672017936290037,0.0165577191018025,0.0497364261790893,0.0705743958868492,0.0406097570870075,0.108695547962556,0.101325960390005,0.0669302785660035,0.0503959916108657,-1341.14329290609
254,0.0402872357492652,0.0578269204527172,0.0177780003874763,0.076340997158424,0.0660709624867911,0.0417448621987418,0.117122034005585,0.0955020895688049,0.0630233657667345,0.0392073692800881,-1339.49669787689
255,0.0310840271623682,0.0949727843547401,0.0155823405804129,0.0712833083432458,0.0761516260809172,0.0473946859085828,0.0882872499366249,0.0870094629903945,0.078626151469171,0.04850961827992,-1338.94249787546
256,0.0246604191099169,0.0953192939157159,0.0249252511936513,0.0755424278734845,0.0554042542216003,0.0407292639791302,0.114648708081096,0.0990408486651385,0.0666046264732985,0.042850577384699,-1337.00631537904
257,0.00741147384390134,0.104730166672696,0.0255554488818433,0.0813762524739316,0.0591626156048487,0.0522899622141936,0.0885334351809321,0.0863108137728639,0.0806755471609646,0.0362109409321731,-1337.68188297768
258,0.018704906412604,0.0783225088376865,0.0201031966842493,0.0720112589695009,0.0794761243752513,0.038508551540769,0.0909172576244324,0.105697529874395,0.0703659379210216,0.0412914955903971,-1338.37349922311
259,0.0155276458075615,0.133620244667367,0.0196946229825029,0.0632437262117328,0.0860440137863665,0.0429918650261456,0.139408866636378,0.101654582711792,0.0946879925095482,0.0324585657271287,-1339.43322709531
260,0.0203756597270367,0.108180582323067,0.0455042161243696,0.0480579022997352,0.0994022525642588,0.0513719746802653,0.125754846129448,0.104120712847079,0.0919417440350493,0.0382487808812756,-1340.14461709571
261,0.0258187060055391,0.105917079090221,0.029961988517924,0.057959079746804,0.0594216262812283,0.042404727187798,0.0991123450282656,0.0947932174786218,0.0652870478083283,0.0292267197473119,-1338.70904773136
262,0.0438633581784682,0.0979388896582912,0.0466304323706587,0.0784721523631538,0.0919945634340216,0.0376367140693208,0.0946460677175299,0.124445694533676,0.0652332121392308,0.0171788066434173,-1347.63381490104
263,0.00991725136315604,0.134681282238173,0.0383376172036446,0.0731104883525253,0.065603543181704,0.0580500834982062,0.175030258143353,0.118866413982242,0.0777644204370444,0.0451031395917416,-1340.92441486859
264,0.0032532308350855,0.0698461858268092,0.058157634538036,0.0554248032980931,0.071402174770126,0.0353335847557642,0.15722663466657,0.115415572105325,0.0784509992612145,0.0434447924558184,-1340.34814750181
265,0.0192001426883061,0.0966090994788614,0.0383426697845563,0.0464458335759445,0.0746374511592265,0.041599344279634,0.146339819521429,0.115048962938643,0.088254860036454,0.0424933066235306,-1338.42522642917
266,0.0200506123773638,0.109916668722513,0.0233577547641733,0.0969088927434492,0.0785789541642227,0.0413122910978647,0.137107724782152,0.137304908059357,0.0664830569725679,0.0422764188963488,-1339.57266829067
267,0.00208346267341122,0.102381814087098,0.0300685099147657,0.0576989657065452,0.0592063581288945,0.0422006992574652,0.139289613963454,0.129425722258253,0.0765945297140881,0.0593318455345708,-1338.78414650217
268,0.00194515275525765,0.111705000604703,0.0289376359822689,0.0453462795264088,0.075764570324149,0.0564774319671995,0.136638208037964,0.103928787756172,0.0717958398648672,0.0522124715341401,-1339.84810605444
269,0.00765952967829689,0.135730245929516,0.0337512424160467,0.083716431085329,0.0767354737488899,0.0602659998289026,0.141473924697636,0.103270982341776,0.0489217601949687,0.0534361392263567,-1341.14082670689
270,0.0198348545247419,0.0983395127630542,0.0198457994396316,0.0592008939827596,0.0598691249621948,0.0347291533025159,0.118522790529568,0.110525035393533,0.0567095705915341,0.0525781531975693,-1338.60412419781
271,0.0399668959170496,0.1076490973016,0.0177184902670351,0.0591522359372879,0.0750008077233814,0.0438012342896425,0.0696096070905331,0.111977005274587,0.0361231229691044,0.0545895235484909,-1344.7693607591
272,0.0156074065671101,0.131686916734217,0.0452680061052006,0.0540223183969603,0.104671828534408,0.0454361911506404,0.134260482717482,0.0994122641397756,0.0373266276521607,0.0465608358065342,-1341.62994550556
273,0.0200934015465436,0.110679531697574,0.0456018047715891,0.0565856257409483,0.0738111190172791,0.0439106634528878,0.0839661839563806,0.081464453037263,0.117892585786016,0.0427201560175276,-1342.06026357583
274,0.0136748903003465,0.121420345957445,0.0272180888359697,0.0583071915190918,0.0787878697982994,0.0444155874474398,0.0898282050312272,0.0995853987583315,0.123056906868441,0.0306222380015878,-1341.82300240503
275,0.0161545566597357,0.139740907937621,0.0300074235706689,0.0783404135057819,0.0674011018468671,0.0362513998746016,0.158154503155604,0.113600630183057,0.12089826330278,0.0382148489220866,-1342.29875868889
276,0.0176227675579289,0.112133673547101,0.0282402459639928,0.0587271232927732,0.0741274786938488,0.0472295509331622,0.151331758753197,0.118191012451469,0.0584817742283626,0.0449380463263715,-1337.3863204523
277,0.00229842116566164,0.104952707945115,0.0485223877024065,0.0634978152926539,0.0902463508227946,0.0398906315340787,0.155234540457918,0.122035406340135,0.0722064279420454,0.0334528749662102,-1337.80770363244
278,0.00324547543063503,0.121591891093656,0.0208269249430345,0.0629411675230173,0.0798974786613494,0.0486717308681911,0.136614437951477,0.125152775101786,0.0745311700563343,0.0560896233978082,-1338.53519348133
279,0.0039145203821062,0.0865773373664354,0.0297658202103283,0.0795226294416082,0.0605635355710491,0.0291735807820262,0.156042360163925,0.116236466631645,0.0579535104576425,0.0432178510089393,-1339.98083070854
280,0.0153202678260427,0.100190506694068,0.0226825372509115,0.0658483977844075,0.103288279494385,0.0463212196856553,0.120336127317316,0.120748049595669,0.0961587737307054,0.0328680621960739,-1340.3160781822
281,0.00207195908191815,0.100934485186501,0.0516538834021151,0.0644446693816758,0.0435155737938952,0.0517938592682877,0.173705398935478,0.117194129433202,0.0957436470016537,0.0428350200098236,-1342.21850831173
282,0.0071545828800403,0.0879615864854573,0.0345559337301536,0.0518569945226418,0.117948034193484,0.050096341865896,0.118984459978248,0.113260611378993,0.042717466312879,0.0564038129037939,-1343.98705605238
283,0.0463998052514234,0.122634218751953,0.0231436138811727,0.08304558928662,0.0496080775119653,0.0564852456366216,0.0882993561438129,0.0926194379701326,0.0577875289622522,0.059836476749682,-1342.81886930466
284,0.0193909003514789,0.0831341362387477,0.0190166989409495,0.0817238926881037,0.0576734399094609,0.0515070519503811,0.120194529135651,0.0812166308551889,0.0555797044593612,0.067341019671856,-1342.05710684378
285,0.019007063617999,0.0785672818541027,0.0159132195171324,0.0637168144487504,0.0711729910402317,0.0521328357680232,0.0585982036805657,0.0936204094636995,0.0486912051570149,0.0354924121290018,-1345.05360491851
286,0.0199915683058996,0.140126821480074,0.0393844208168364,0.0728649863423264,0.0481002140963968,0.0510131695054511,0.151707518331307,0.105668177463466,0.0846010592178349,0.0368276875078166,-1341.6703999499
287,0.0129209899732328,0.0442424239537463,0.0401482865669154,0.0822576429838849,0.0679284489047736,0.039154601053605,0.113761507105523,0.112467396580339,0.0889306986187448,0.0477913576892021,-1339.69294638639
288,0.00846291609227191,0.0884602058576641,0.0264112032881074,0.0674632812722196,0.068563134915679,0.0505077775895561,0.137872400779724,0.100957741475685,0.0432971321707406,0.0547525962847789,-1339.31354185174
289,0.0106221228400827,0.11474224415435,0.0198765456578171,0.0742648998714902,0.077946747294253,0.056174751513921,0.133645417835243,0.0946044042017118,0.0457640112608923,0.0278831486317472,-1340.84668234179
290,0.00677032813669575,0.111093436428396,0.057129394297378,0.0509598688841478,0.0793021781015147,0.0568004712429295,0.0995135709798147,0.0960438216329037,0.0612560012318297,0.0446317968280434,-1339.53723535802
291,0.000426056537344806,0.0943356003999006,0.0509919947970286,0.0634859067803928,0.0462483451001705,0.0536039936665408,0.110475514693013,0.133403623930068,0.0597903957400062,0.0460563383758773,-1341.22779433568
292,0.00823345156236059,0.0896555994072636,0.0292754996595504,0.0884867710870808,0.0672168046260552,0.0527223167387202,0.123182763875515,0.109134348529426,0.0649553482667983,0.0473001569258445,-1336.71952193539
293,0.00341573042876448,0.0864114584196352,0.0318323664762976,0.0783303943568663,0.0745964127248752,0.0646517610569635,0.129913199800496,0.10573394465949,0.066802863327606,0.0485730780669599,-1338.48912449804
294,0.0386347843477218,0.0830013042728495,0.0345319678381892,0.0708590835449021,0.061064910361864,0.043358863249791,0.115250152522918,0.109484104933242,0.0664455014830586,0.0627291301722464,-1339.01977587804
295,0.00977021468418251,0.10049131671935,0.039705618273305,0.0577741267560776,0.0700352414328297,0.0564465259964254,0.179941313797086,0.111967792411471,0.0556403541123339,0.0762354600562644,-1345.56225509232
296,0.00475808577814171,0.104466688839331,0.0406968274390038,0.0868659379838374,0.069455492442297,0.0332811141384583,0.10486133604693,0.0920111103138008,0.0381565504254042,0.0461478333397486,-1340.58830576025
297,0.00379556386227789,0.101083008185188,0.0192312441979718,0.0808722654094766,0.0612865983461812,0.0354555005529279,0.101869810285341,0.0878809735491891,0.102528476895678,0.0382308731260799,-1339.0147186324
298,0.00313148316885722,0.102231402025337,0.0429132496863751,0.0970800338328441,0.0834566621823708,0.0595352926001256,0.108583959106692,0.117840724384847,0.0640424956156228,0.0496231532841482,-1340.27960587089
299,0.00682184007919577,0.0831822036533938,0.0200028899627897,0.0608631929234077,0.090032927462557,0.0474441030915484,0.131965689572345,0.115393978771654,0.0837539698905259,0.0529008099980468,-1339.15483485177
300,0.00407697163505867,0.0914909389679285,0.0512403493359325,0.0887126751331187,0.0755410132604911,0.0493867829264713,0.109804400710154,0.104186144225674,0.0730285700367467,0.0226375874252566,-1339.30695194132
301,0.00263545361656591,0.136295454921593,0.0373022241952534,0.0903676077152827,0.0769300257997712,0.0409306716579669,0.121581901724248,0.105405536295145,0.0690118558192725,0.0285956577080693,-1338.1019800662
302,0.0129287805275869,0.16463136511029,0.0259746349003502,0.059732807097921,0.0790780164317536,0.0419184111784645,0.137643551047078,0.119686258132442,0.0766671205724814,0.0369161410328337,-1339.02648968429
303,0.0258669989860995,0.0514494408747764,0.0384412156291855,0.0872000407818858,0.0679887398005744,0.0592286051861264,0.153566612802162,0.145529489346548,0.0879944110460665,0.0394558874410525,-1340.75130414756
304,0.0112169360620134,0.0728522709335439,0.0195597191307086,0.0703453089141252,0.0530569609619518,0.0443026052267404,0.136175813979043,0.120554814041013,0.071923495847323,0.0594876756655951,-1338.98170108546
305,0.0128331871576873,0.0859174446534235,0.0295415464714816,0.108416756567411,0.0442646795117157,0.0627774384482102,0.127898490902086,0.115245200901685,0.0668618951587226,0.023980702631829,-1342.73032213757
306,0.00657199788511784,0.114987415160346,0.0204748233249998,0.102615472459265,0.0515632089960661,0.0449462871512105,0.113968319855585,0.0954099056736636,0.0553885681558853,0.0419013288134594,-1339.58409294759
307,0.0107710133036679,0.103594822642596,0.0203335353212255,0.103750288223878,0.0667708175085948,0.0417173059363024,0.097675360597156,0.085559984012919,0.0914795510256303,0.0396119046317299,-1339.88771118673
308,0.0207283094223427,0.137994032214897,0.0263754218616134,0.0602180270308833,0.0656177286492204,0.0311268308630244,0.113420578600623,0.106664869591883,0.0552140281947823,0.0449790943587221,-1339.44431285063
309,0.00700723014695127,0.0820640010533513,0.0422569138459972,0.0583122119785058,0.0853788604995363,0.0583455510010615,0.116824016967525,0.111826421154808,0.0837145780224091,0.0415234415663692,-1338.02797999449
310,0.0184773372780534,0.100331433923191,0.0472424313724171,0.0546346334762515,0.0812481874446787,0.0478922207025058,0.116722036105589,0.121080564675711,0.0631342176259215,0.0436266975362107,-1338.18827354437
311,0.00504271140106764,0.0971223803609685,0.0267008611743365,0.0657285730329503,0.0598060612844937,0.0519026527614206,0.136048550104595,0.127750703886341,0.07195897552993,0.0470872103413919,-1337.02643102842
312,0.00183864961480527,0.0896630868693366,0.0376080186161744,0.0563034081169736,0.0748180392618035,0.0450061022249123,0.121045024400637,0.0884548816111669,0.105325469526525,0.0316052856697712,-1338.59462118257
313,0.0358871887833775,0.0901846328700433,0.025981591918282,0.0870113980429443,0.0616924846759014,0.0512174039935786,0.109045183360006,0.111337573311267,0.11978201579287,0.0215356993961492,-1343.28386255497
314,0.0148687839616203,0.0992895535486301,0.0352996547983318,0.0788115536555467,0.0567456759064767,0.0518358175949879,0.119653212525799,0.120242343009132,0.0463219577046813,0.0384326865137158,-1338.50807212632
315,0.0261423030755341,0.100410944698535,0.0146672396515669,0.064925201561942,0.0603141586948831,0.0528188707168832,0.109125758593545,0.111016340775945,0.0950259076676468,0.0262302463874304,-1340.76628332093
316,0.00364703997336544,0.106312219672265,0.0140238402735576,0.093435645713107,0.0827707944477506,0.0532490341533276,0.113581064775594,0.0910334385805759,0.0590360198694932,0.0343808095811251,-1339.91560764184
317,0.0133752616609974,0.11394318348183,0.0341968203910085,0.0890838708871376,0.0877890067844875,0.0691862763033446,0.12370008705941,0.126303836006657,0.0626126957663711,0.0461221868822243,-1341.65464941861
318,0.00159725221438954,0.0933921834024632,0.040173887858712,0.0550651431616625,0.0595607471419363,0.062768396016522,0.138610191632283,0.11030785592488,0.0492952486420688,0.0428785180194651,-1340.40927912384
319,0.00529462478577747,0.113826072559265,0.0447755152934435,0.0468771991899658,0.0645137975671477,0.0519092845959708,0.116131574294009,0.110240554275715,0.0738851328328912,0.0436804509684731,-1338.14350249973
320,0.0125639856121452,0.0788844199395028,0.042167391474535,0.0510429100893443,0.0639336163958403,0.0504851606250851,0.136289175600361,0.135110001473767,0.0629584040687999,0.044361869513051,-1339.35991289898
321,0.024564113530985,0.0787519207060213,0.0433870308886422,0.077675705946828,0.0963139452996784,0.0518581620232169,0.141611363348252,0.11754144546439,0.0600582345289604,0.0402711222546487,-1338.9356431637
322,0.0441203065569266,0.0997595400234696,0.0174161300767512,0.0578296575864329,0.0634938084025908,0.0499291960623971,0.115892746382346,0.120127708789296,0.103239342263596,0.0408593931464873,-1340.87333002887
323,0.0168128658484859,0.102783925553256,0.0247196892665363,0.0877362565493903,0.0590836571103335,0.0536018424934231,0.118371277851006,0.0958150665584602,0.0604068370211327,0.0407216526611153,-1337.7271468587
324,0.00171190856305662,0.074066928950168,0.0211375437382112,0.0730485075039703,0.0906924452760846,0.0338007633258778,0.0960686366689811,0.0976038393953659,0.0596844369905834,0.055330205759289,-1340.51226082788
325,0.00952915397181447,0.0832904924764782,0.0223810263674496,0.0689439679869869,0.0916513179836203,0.0330520670110749,0.11260663991742,0.110593878535377,0.0799598977623011,0.036509381666059,-1338.98048130455
326,0.01696886793829,0.0926202165771446,0.0300607871537745,0.0713523890506094,0.0553488412389881,0.0608500714971137,0.124939015862328,0.104728246950678,0.0880030611003749,0.0218790154366366,-1339.77479339567
327,0.0188406539389529,0.122648036605258,0.0241200598614666,0.0724431954568533,0.0904273557190506,0.0427068960268539,0.138602758944542,0.111223765458039,0.0719573262687061,0.0430396014912828,-1337.56898972787
328,0.0236343978794721,0.112924658229642,0.0353857082854136,0.074468608615442,0.10909157951833,0.0440977287490492,0.144481102651362,0.0996213076399255,0.0756535778073595,0.0339561202645394,-1340.39879723295
329,0.0295151878230082,0.0994608883888299,0.0338563180020355,0.0552089209697599,0.060856714463239,0.0335409719570443,0.103455160229365,0.106692983169335,0.0649423625087144,0.0520922557812672,-1339.32412668004
330,0.0268973518096085,0.113066763679265,0.0247731164477204,0.0502859672781459,0.0648940388930884,0.0446564700313649,0.100321286777333,0.100507761646703,0.0574744168744552,0.0493506436214607,-1338.48228694526
331,0.00402895002206068,0.0952580000903451,0.0323843624978448,0.0899529002789474,0.0626594370688523,0.039063671004415,0.109745210608051,0.0894955385327791,0.10076346328789,0.0323075855410647,-1338.59555427012
332,0.000890788682052249,0.0961670988486859,0.0324451163200772,0.0597857439827389,0.0845278980193171,0.0395672645798391,0.117503852658829,0.0931276479308076,0.0446514220586662,0.0384849299572068,-1338.83533964831
333,0.0243637519435763,0.0915969641988269,0.0333836848557013,0.0669749394647849,0.0995298229809338,0.026357596690763,0.120356318810215,0.113334976070245,0.0866099609096771,0.0475086654763272,-1341.73763430335
334,0.032966540444728,0.0952079615427425,0.0326606026639045,0.0576527376187388,0.0646497695117118,0.0379234666369636,0.130002157159798,0.108508544502812,0.104163258484498,0.0404980431239261,-1339.06735336609
335,0.0240573746489997,0.120223884497597,0.0296135654130882,0.082384094095594,0.072047704134823,0.0432714967785756,0.121222068286604,0.101214919901616,0.104485258743691,0.0345448558070184,-1339.25287441953
336,0.0383408341712439,0.0641212204353888,0.0422940675037752,0.0757243551205476,0.0632015842777939,0.0476646566488018,0.113905397166638,0.106837353908415,0.080342480300338,0.0365570560649832,-1338.17806040091
337,0.0183738324130269,0.093308399863987,0.0322927823602904,0.075153204947115,0.0986825931759418,0.0503157514429736,0.11410833956191,0.0972882483742911,0.0529716759108241,0.0478370520258282,-1338.33983629318
338,0.0114177016272257,0.0711484782049185,0.0450931602400822,0.076472645998516,0.0817394425570465,0.0570783506146384,0.104594888852598,0.119752005173249,0.0807575795346719,0.047050730749641,-1338.94663400754
339,0.0310534997292677,0.0693475826626541,0.0288320528875996,0.0712766932428905,0.0816482701018902,0.0503868995268352,0.113163682300263,0.10154403346267,0.0896590263878432,0.0341426946065179,-1337.99737607174
340,0.00450485507745866,0.122803330446211,0.0363967008624791,0.0564454180711908,0.0697680893765952,0.0327694952835871,0.126875035282849,0.110709453783968,0.0527377909740292,0.0335591294484339,-1338.5446124092
341,0.0140395319248271,0.147697562277098,0.0396151268368353,0.0377520180078759,0.091982934005296,0.0402592662282669,0.159184592160038,0.127706308697676,0.0821055851153832,0.028446975194283,-1342.08067760959
342,0.0212366976426877,0.0856208285037749,0.0489121206851467,0.103606292570599,0.112552240682949,0.0521941349881,0.127326535934961,0.121282678487017,0.0798651158026221,0.02811548585452,-1344.18469126459
343,0.0366791956828517,0.0611590628778597,0.0166458884145062,0.0935936222712443,0.0333545153194875,0.0454608541403433,0.129158574892608,0.119747036112055,0.0784971771952509,0.0625153023325155,-1344.86140607954
344,0.0213887814578231,0.0515108226516161,0.0180230557689138,0.0726347300489251,0.100283792469225,0.0477264802424597,0.128065560688186,0.115719783424513,0.0832452869664577,0.0580113143824966,-1342.04561105815
345,0.037641096709883,0.134296154434281,0.0345219613487649,0.0430597455102473,0.0663178948670131,0.0416401004507124,0.163180281688777,0.125326276105539,0.0567210028876984,0.0477860625719861,-1341.81689406956
346,0.0110812579977132,0.0924932050874219,0.040658257320409,0.0871748095763914,0.0567093265712658,0.0469398816609541,0.163314792756977,0.131440430442995,0.097981865532247,0.0251126547169008,-1339.50552607835
347,0.0112092376915158,0.083582802041728,0.0343851731403909,0.0627285728143152,0.069765504620126,0.0465922308170187,0.149918685133946,0.127793183390433,0.0725760077599413,0.062652761264794,-1338.87801829555
348,0.0390259249593215,0.0706809549536685,0.0397189511117328,0.0678657343374152,0.0739712567588583,0.0465783205461761,0.152716428821139,0.127202120523777,0.0794044799398565,0.0487880545410544,-1338.75387207139
349,0.0219043446413496,0.122947599931037,0.0280079026455214,0.0902472696445222,0.0572592715270103,0.0439816932194456,0.16545888212859,0.127502823993626,0.069680982016679,0.0279938626811743,-1340.17237482371
350,0.0179218711404884,0.0897803067685926,0.0191636239498371,0.0763090689926732,0.094958573486033,0.0439057818473196,0.154285992413278,0.12305430341024,0.0649108217421405,0.0412450596407812,-1338.71747633578
351,0.0326832147145052,0.0560187803487015,0.0383407662453842,0.0859649225787327,0.0824609744972845,0.060191712054662,0.118886201640283,0.0975540142194606,0.0659927280731693,0.047552046488762,-1339.61693073748
352,0.00201148114326845,0.0781248887009971,0.0241245869154985,0.0843735817031256,0.0505770313398334,0.0435284726033003,0.094943787580575,0.0915836904835418,0.0654991816917289,0.0440926917811242,-1338.21223943799
353,0.0367096950304899,0.0659849161320192,0.0325681636387117,0.0663193122857815,0.0701619465078542,0.0303593746481159,0.120933293218567,0.129881557089432,0.0594197189401336,0.0447124786095311,-1341.10012582196
354,0.0169328544251273,0.119652717813267,0.0421544757650466,0.074338692387062,0.0597067730346598,0.0648286848932077,0.150326519794093,0.131865490166615,0.0788540918382814,0.0391699167138901,-1340.39868388115
355,0.0188398900511727,0.0639041851286799,0.0359495022734476,0.0773579370587409,0.0898409191036424,0.0567858720818539,0.148925771731018,0.113268386384498,0.0582914695040275,0.0568093844010729,-1340.34784390867
356,0.0456802202622029,0.0247957077045495,0.0365727812045774,0.110171751768456,0.0688584869560368,0.0379618113028986,0.0960845275526539,0.120425474901152,0.0601443582737927,0.0455134607562806,-1345.61940371336
357,0.0528285425777371,0.07797954999397,0.0241587533652316,0.0541838444326321,0.0607650880660433,0.0671417074076773,0.104746503801198,0.0992154173405464,0.0582346347749631,0.0439440030647245,-1341.49368516201
358,0.023738612758011,0.0767875063348628,0.0586839056375569,0.0743519521466866,0.0716379666719537,0.0299956195101424,0.104993105279566,0.103995274230943,0.0794653841856213,0.0435034937795323,-1341.3359995725
359,0.0324813488480857,0.0706905819142316,0.0136083666409289,0.0827525723623964,0.0676625945830322,0.0578561142957973,0.11352649544335,0.101613338010395,0.0950806354101352,0.0315465941586215,-1340.67547974262
360,0.0407461210537821,0.0927113650274054,0.0196200005101092,0.0647197955294416,0.0750026285143893,0.054239132166722,0.136779722128282,0.120345481305572,0.0594601995198909,0.0401398051005874,-1338.53837171574
361,0.0298247168312212,0.10673582761374,0.0187889025271618,0.0592961839474614,0.0704707355071394,0.065209419996442,0.117969943259872,0.0950948085059224,0.0603258216744868,0.0481454460600372,-1340.33448889926
362,0.0327604575486905,0.0846022910067217,0.0575850178139054,0.0640870265405629,0.0810401544179304,0.0277653277458509,0.084123906882896,0.0888698544408084,0.0819217856850908,0.0388081613481603,-1344.06430215925
363,0.0158457512803088,0.118925317350158,0.0510723361166012,0.0640339542562109,0.0742085028148975,0.057651535981938,0.103850754396701,0.10407383310332,0.042117092981864,0.0424316550855723,-1339.88488976722
364,0.0325763614751997,0.150919357928384,0.0417450204439696,0.0661626014378194,0.0698497996184036,0.0552501078736901,0.0962147367232184,0.0993561294392876,0.078842606929159,0.0417120628231627,-1341.26402607844
365,0.0271201699881941,0.13501252491544,0.0191902436946573,0.0698853647129822,0.0960579442913248,0.0347955579015981,0.0944454510225891,0.0976061732058986,0.0562244862339587,0.0427227058882165,-1340.28107844961
366,0.00357058311704873,0.132161702405455,0.0676042030103125,0.0520786197606413,0.0764864989258255,0.029765081101397,0.100322583160539,0.0892883887533033,0.0322034175835802,0.0245465841123694,-1347.03744052196
367,0.00450035360101457,0.13239691149067,0.0316215324429836,0.0876665084828551,0.0795709990272268,0.0709430386985122,0.0939176258199768,0.118172026883525,0.0912518627037516,0.067312051073077,-1347.19741374496
368,0.0257356192981855,0.067315555269307,0.0248575087706922,0.0657376564582615,0.0694880385001003,0.0288284191786104,0.157990063010712,0.108493413631447,0.0842925875197908,0.0342520791576145,-1340.98432261333
369,0.0169072526726443,0.0817896915519698,0.0195695517052398,0.0786596314353931,0.065046751146989,0.0359407468050971,0.112857383894203,0.116600868129449,0.0745683110573077,0.046350709856847,-1337.54962932793
370,0.0109089909176008,0.0685871183274103,0.0369330419270714,0.0746222292254813,0.0828828050423418,0.0555901623496493,0.119085153649549,0.0966104222017405,0.0668839537653765,0.0381393480497017,-1337.97035005295
371,0.0179231075929511,0.103368437334342,0.0416965179276237,0.108841262667746,0.0846578190872668,0.0346365739195953,0.112199361431846,0.0933793021421683,0.0869998748650992,0.0433549072401152,-1342.4520018019
372,0.028690660810936,0.0715197230188321,0.0176741956021869,0.0895868732690429,0.061653476594686,0.0449072601536362,0.136972342030241,0.0947169841343135,0.0770162215201303,0.0363799561716609,-1339.51907209437
373,0.0381487285199275,0.0932211107664727,0.0150056196255738,0.0926413802671349,0.0340353725245569,0.0486375323704737,0.0715908735039962,0.0956093454938623,0.0421285402903948,0.0470680990718985,-1346.13391416545
374,0.00304783328125037,0.109737158856872,0.0530463873767706,0.060785629456129,0.0401724344646299,0.0607262367987683,0.0893378854531398,0.10359060223107,0.0945562318496635,0.0515706108325329,-1343.61130705456
375,0.00273240088809061,0.110111178707811,0.0629744690307353,0.0730185985598221,0.0800462169103485,0.058391021038173,0.119987188702928,0.112835979955246,0.0907860161047014,0.0454247143720381,-1340.19351292789
376,0.0099485498414658,0.10314743257918,0.0263299459954929,0.0782552461346517,0.0782006249611746,0.0461437425949275,0.118041341004363,0.0963209304004797,0.059722210677761,0.0557258149887058,-1337.1497111876
377,0.0035516593278942,0.133922274829785,0.0104438546294276,0.0641920545700095,0.0696821893681159,0.0518545711956658,0.104123458796383,0.10380880858391,0.0671407770857406,0.0499288206888841,-1339.836119351
378,0.0110394631653319,0.114778165124909,0.0154773474494004,0.0648993983644838,0.0587019099189338,0.0544872205012664,0.0799962671973894,0.0794086072026517,0.0686054764089416,0.0357847691968778,-1340.68300832148
379,0.0143844961043813,0.125483542741984,0.0557502874412479,0.076584622573994,0.066143177339718,0.0467540371479949,0.0745973084712895,0.101906522684114,0.087573354892191,0.0452944700263187,-1342.38846124432
380,0.0331501803782468,0.107053381478978,0.0250920347095101,0.0614324619848624,0.0634467832510684,0.0476197293651583,0.0968555853875161,0.0930252256268871,0.0611202154378136,0.0517509212913763,-1337.91325957639
381,0.017065869901237,0.107229124740899,0.0374294209019579,0.0685776457406038,0.0806796994071582,0.0526055130760197,0.108399305764086,0.0879030696284129,0.0577037688589654,0.0454745622681041,-1337.58539907145
382,0.0347157309505643,0.0326439624582116,0.0315790500077253,0.084775599958427,0.0685689022755753,0.0481406742654395,0.0878522263529404,0.074129019817216,0.0886218655618885,0.0422959217934455,-1343.46142273496
383,0.0308037851671631,0.135917305080186,0.0312191571365899,0.046564832934502,0.060273678790764,0.0527792740612965,0.109120213549581,0.0715663646785172,0.0767168207918957,0.0544487995966859,-1345.03570971278
384,0.0107068434825814,0.0838886884071354,0.0463265081523024,0.0692388698705211,0.0864869141574408,0.0298775151743444,0.0934775291354688,0.116175331647802,0.0966330395805749,0.0400803184093044,-1342.01785469942
385,0.0130745221254826,0.0583844482176376,0.0445557502780347,0.0694274795687957,0.061840838657822,0.0632456502942144,0.10854051701373,0.096515427966844,0.0865628544658104,0.0356405944150814,-1339.11302290174
386,0.00959889094008675,0.0947638576617613,0.0449873608683628,0.0745375127379513,0.0697218566840747,0.0535699017334238,0.106046151316579,0.10266334520773,0.0854394965691497,0.0398106353532192,-1336.71874885574
387,0.00257749088579088,0.124014645926254,0.0243538562945131,0.0744266811623963,0.0574604602263634,0.0372110664441943,0.136473003097049,0.123741835705984,0.0706760068475717,0.0240423915546396,-1338.75190912952
388,0.00256167250503536,0.126394878105669,0.0199848378573987,0.0776948766366882,0.0814459755769508,0.0418061660328445,0.111658323935938,0.106490287027448,0.0667446428384944,0.0388095104919932,-1336.78344583721
389,0.000813962593663853,0.089395339922583,0.019684292422162,0.0913878138676402,0.0530270282502858,0.056134657867228,0.117364060819621,0.095386170756872,0.0891999975618223,0.0317428907538252,-1339.204777272
390,0.00071041798538384,0.0998527300135195,0.051995751415036,0.0494137582259282,0.0871447396554066,0.0476559876628213,0.0789768599884053,0.104218461807165,0.0711091360718049,0.0404163319852174,-1340.40983328673
391,0.0101206236497974,0.116994018249538,0.0287821062765586,0.0980947869473469,0.085100981221969,0.0405191399593628,0.128046257724921,0.109786732738157,0.0728925132329615,0.043455667739809,-1338.40133139575
392,0.00856988687127618,0.100509633100016,0.0366319523097336,0.0650246874373436,0.0845348717996034,0.0372873676454158,0.111282505873943,0.0958816895157349,0.0797360119297274,0.0495373118287995,-1337.042882018
393,0.00638761311475032,0.0836293500689928,0.0318795477500166,0.083708976323399,0.0642094424669132,0.04932505980589,0.124571664642112,0.106601288506062,0.0774834526638202,0.027407368027975,-1337.17819168639
394,0.0451096099653173,0.0808607878734388,0.0394224714906966,0.0580450780706883,0.0797531137396346,0.0438742044870705,0.1267963636958,0.101461402035446,0.055654870099804,0.0330202468171502,-1339.53050622244
395,0.0464456032636426,0.0683979990715052,0.0355687488857218,0.0619336169159666,0.082891174954319,0.047846663193013,0.101958335377371,0.119650158227545,0.0839059359034827,0.0476424176341296,-1340.0851928238
396,0.0128444941484927,0.132009160555919,0.031407536276559,0.0569997555900372,0.080057547558514,0.0502589258171798,0.141647974304546,0.0938574098283841,0.107911244226729,0.0175292578771978,-1342.76683900485
397,0.000685093877672389,0.115714288224356,0.0469479216814155,0.0863774379584154,0.0875920888700146,0.0512583336015674,0.108244852414073,0.109128310838796,0.0874873404724386,0.0373068453853405,-1338.59209986365
398,0.010261787939263,0.0534243009502072,0.0282914954034406,0.10709881383302,0.0462023924961334,0.04784933319084,0.133970083488695,0.131809962194553,0.0798977156809531,0.0458974028685041,-1341.26927199019
399,0.0316068302964142,0.0592277839782651,0.0293962718048353,0.106863745872441,0.061124478894925,0.0635281006303784,0.12578974647514,0.110464438588524,0.0785311977741602,0.0399081565883953,-1340.59957997949
400,0.00118718670300279,0.0962443963472009,0.0172587979517053,0.0835406361605864,0.058215696464271,0.0529941886013274,0.135543652805961,0.108223122768278,0.0805877330038114,0.0352434913392329,-1337.83096872057
401,0.0131583192931897,0.0841494884059757,0.0254667256116861,0.0956048458197194,0.0667221788809175,0.0381777508243979,0.149661234064514,0.106106429235519,0.0658861621468843,0.0400588324849354,-1338.42152968371
402,0.00182455804232638,0.118955625713498,0.0143691223941749,0.0562885549463904,0.0510381930677287,0.0346161057415478,0.156117741386748,0.150992610993815,0.0977723546315883,0.047489304078614,-1343.27834272497
403,0.00188757002293719,0.123277314770537,0.0444719697819815,0.0604080492571896,0.0530630937355884,0.0335627538753294,0.148573927785223,0.133779363271033,0.118282637477865,0.0224017125797226,-1342.335968541
404,0.00949961753273306,0.0766125682578537,0.0567262740567257,0.0469366047879836,0.0723755534196675,0.0496331855083999,0.150096549450815,0.126446714037281,0.0881461633094887,0.0524234477524526,-1340.98059947869
405,0.00486061551315081,0.103893155190918,0.0363616285016942,0.0712951175057569,0.0408624431928866,0.0414752347975937,0.11175933034641,0.0816999536760498,0.0657632257074091,0.0375818795814506,-1340.88554343769
406,0.0107120876687945,0.0880242359551514,0.0302893543273119,0.0859959288068102,0.105320075828032,0.0435089373830063,0.114308418643366,0.12674245631398,0.0961095684323121,0.0427872899852372,-1341.0712980958
407,0.0111850676103646,0.127201838278341,0.0232030871063814,0.0636720707391187,0.0675279443757493,0.0431175681474289,0.199728903170362,0.125370548825293,0.0918988927166451,0.0457551738881617,-1340.93492184801
408,0.00382401779453102,0.0971696703106634,0.0251607920220934,0.0754815264795973,0.0677639760499442,0.0415111777301508,0.19713601983104,0.139951694237287,0.0455875537664534,0.0469881698686198,-1341.36058361312
409,0.0194382816132536,0.103899569940124,0.0409486445478793,0.0684926061317314,0.124231449071675,0.0410423555110854,0.190778471234009,0.121397147069152,0.0585849826917294,0.0384499046334299,-1343.69146864814
410,0.00999797128307667,0.102881094177151,0.0271583889584186,0.0620633546509897,0.12236450946679,0.0359562665272217,0.176849532739341,0.135811100702348,0.0849054075996603,0.0476591523732538,-1343.19349253212
411,0.0175649909681153,0.113701949689228,0.0499589621344646,0.0511508944785436,0.0828836023555713,0.0403167448596529,0.129186634314135,0.141530706102167,0.0674225600058327,0.0295568827316244,-1341.34321018099
412,0.00782527837150744,0.11563682143629,0.0434662426019086,0.0925152840080553,0.0842920752699039,0.0475040489004315,0.192783594324561,0.129448361766315,0.0669165271792767,0.0339665995471321,-1341.19883089988
413,0.00067447550471157,0.105598737079106,0.0395504246643672,0.0865661453600658,0.072615164362937,0.0327302968933467,0.17504985374587,0.107776165320088,0.0603087393488405,0.0415448456260305,-1340.5027572422
414,0.00601068172917306,0.102415540439237,0.0401281001574084,0.0717315692407337,0.0993987397643457,0.0396855044084166,0.125069491296633,0.103169028886041,0.0685372563654637,0.0378851715859074,-1337.40610612545
415,0.00895872709611513,0.112619820501126,0.0383291335777269,0.0709060240252616,0.0671498172653101,0.0431605596447309,0.125356204800495,0.100492877255627,0.0792785847365786,0.0448778201917194,-1336.36083057712
416,0.00300442855889525,0.0768265515267991,0.0227819314546849,0.0686459582127919,0.0707705497507584,0.0467476962492639,0.107925042040173,0.123457136520159,0.0896780910608514,0.0468892418512722,-1338.40850803942
417,0.0034924878134165,0.128548094191599,0.0402917911343341,0.0737455934931899,0.0794115123576743,0.0585375979145462,0.103594847720295,0.0901602695086808,0.0788106858276166,0.0480673570067341,-1338.80651049835
418,0.00651346902610489,0.118582980355348,0.0263465597927856,0.0908885636105852,0.0772229588553216,0.0751943857666491,0.0899299216640589,0.0853336212372512,0.0481161549352127,0.0322573454824083,-1343.49058856742
419,0.0267120998668695,0.124935489119966,0.0508716540963847,0.0469339095206309,0.0702831378891591,0.0530670270727581,0.110753302219772,0.101883192833186,0.0873010540298099,0.0329564090319735,-1340.4245968192
420,0.00997941750561221,0.0923012317237807,0.0579161118714398,0.0803592519165021,0.0699308638356004,0.0437504690861685,0.103989976567456,0.109576580806562,0.0646364020129134,0.0425851681430417,-1338.47034575945
421,0.00628631983509175,0.10055569334433,0.0368107614692786,0.068030359933833,0.0745728934083533,0.0462297111245092,0.122319213972824,0.113629187590017,0.0530083167108744,0.0426455138155102,-1336.4370678798
422,0.00308035306928835,0.0930562480887045,0.0343375510540262,0.0726637967245388,0.0905640048915819,0.0417345964204283,0.110334762403259,0.0862518603293659,0.0993855030482445,0.0373904025902987,-1338.30392149014
423,0.0020958035855796,0.112889445385776,0.0313434017941869,0.0652962741353253,0.0585425452698453,0.0555276346514629,0.0978294626969045,0.104966069676351,0.0525467867040393,0.0285458232679241,-1338.89171201042
424,0.00374710111377961,0.13519721608896,0.0567043393340676,0.0657422871759988,0.0651478379666652,0.0478168069731878,0.121770430791745,0.0974775656550506,0.0568627104000218,0.0526326997178044,-1340.35287793142
425,0.047130958162771,0.0775569961223707,0.0145551493509722,0.0650188765997698,0.0554307761082816,0.0604945217308097,0.102150369997757,0.0995866941640264,0.0853819618412045,0.0589256549616735,-1341.84776183019
426,0.0597915798283287,0.0720648151760162,0.0185656032736804,0.0734532544845046,0.0515272567162054,0.0524372820730012,0.101730677980481,0.122528896009368,0.0430737945179612,0.0552414275530008,-1342.35788444613
427,0.0304834402042845,0.105683543412494,0.0589537338935325,0.0685931539384334,0.0704926611685658,0.0514397239017438,0.106481776463383,0.0811450797290355,0.0831872606875493,0.0431814857239412,-1341.26870235839
428,0.00225082148857439,0.0967089062416305,0.0420165156817848,0.075400521927945,0.075296222449506,0.0512935233869554,0.123688649152741,0.103782355531024,0.082330206418291,0.0504846032860691,-1336.90167144861
429,0.013512412785876,0.0883504471447702,0.0313992298304638,0.0581914300045568,0.0683595227925853,0.0414858981869053,0.103673608203983,0.0998744425012883,0.0791337491232142,0.0373888828590198,-1336.54779439731
430,0.013501432428917,0.0860871152364813,0.0345004459551218,0.0748799240791677,0.0451031433504424,0.0393266164200428,0.101314774400146,0.0993308422256425,0.0818337611364291,0.0386113739901119,-1338.36694107407
431,0.0116857796559508,0.0706178421678025,0.0204264707686593,0.0834236157068651,0.0650678752682593,0.0347898520592606,0.149909441220787,0.110260669234616,0.0954326272449225,0.0465731233435132,-1339.17083118638
432,0.00894477758264758,0.109946462625999,0.0130444686844875,0.0953595359302206,0.0520921152274841,0.0385265192446831,0.129338361360671,0.118028435957367,0.0984881842343991,0.0389333752905469,-1340.38058551056
433,0.00243319193942906,0.135122766076724,0.0254570585803461,0.0513727588797515,0.0989468858015981,0.0476718796280204,0.133113744424349,0.104856718906499,0.121236600681499,0.0284602219102147,-1342.53871702122
434,0.00915780107845226,0.112514058689042,0.0411052557449091,0.0726320118305997,0.0627187758575158,0.0506795790007684,0.140191329697408,0.130480781301975,0.102993215516554,0.0385402546590319,-1338.53698131476
435,0.0125634636400992,0.0785854884108582,0.0334127327359915,0.0746026365827386,0.0742390991360649,0.049005867525328,0.148614705272719,0.109173144326133,0.0665222624565485,0.0471210090054461,-1337.13159617732
436,0.0302469921130497,0.110077992486743,0.018653667116858,0.0773310473958833,0.0941992035750423,0.0422337757045429,0.114931640186543,0.100925780474758,0.0465694786699898,0.0266537969182648,-1340.94021157331
437,0.0187611458184989,0.174447958661481,0.0323995270548256,0.075603384082922,0.100928458172528,0.0364607190612778,0.114528543814245,0.112521929991037,0.0581313830993872,0.0364921777793151,-1341.69221917918
438,0.0289134391437321,0.138818625316226,0.0255858497189054,0.0877518841890774,0.0938785592288826,0.0363375036672427,0.194084507036991,0.154237468439213,0.0934367010816378,0.0366709619782913,-1344.94231067546
439,0.0474616038886775,0.0342465030179631,0.0307931931207776,0.0840466588130357,0.083091587464708,0.0431631300996985,0.181474401958881,0.131888248183928,0.0628621513368486,0.0532692380952396,-1343.02164121336
440,0.0550933363793062,0.0949800624562387,0.0149598905931038,0.0890167731644593,0.0633267021693411,0.0508895957726679,0.10888796078557,0.104553616563616,0.0533620773918328,0.0581504643490989,-1340.65385566834
441,0.0447432996817686,0.112834709073382,0.00996615625924869,0.0803986005362562,0.0677356763844307,0.0373885938088477,0.10183513532333,0.0976129435120588,0.0793756410803955,0.0591275270114701,-1342.16523594676
442,0.0554422843623844,0.118856063044559,0.0209178073240157,0.0474206616097922,0.077728356594206,0.0353542239419018,0.134314138474462,0.0951902492662288,0.0703391002411756,0.037737455523627,-1342.21599857769
443,0.0417496552150833,0.0744140373544304,0.0486591601921182,0.0886439883775143,0.0977272556136273,0.0356990630552901,0.116978127478778,0.11588817567604,0.0650718680933215,0.0336409848565824,-1342.37455239471
444,0.03745552950074,0.0731124026181149,0.0299179938898958,0.0623911676442788,0.0777702734806062,0.0378456889602145,0.138115307314067,0.101349356815818,0.0710478643691228,0.0569698825321664,-1339.34358344782
445,0.0272784115559914,0.129597869129041,0.0201008649729837,0.0893799344363896,0.0712829678530686,0.0548970475613672,0.114088070087356,0.120693767920568,0.0929583976339814,0.0324736796725214,-1341.20662039624
446,0.00349786612423469,0.0774684833106156,0.0379750608730977,0.0586338830559958,0.0632811887321793,0.0724748471719031,0.11894957106532,0.107406238202423,0.0959766414720164,0.0419339356070514,-1340.50229404653
447,0.0251291385711928,0.110361831981482,0.0457670549539124,0.0469733966774642,0.0920432499145934,0.0510214041908578,0.106843441765083,0.0953328122305722,0.0712484416010522,0.0396709913882669,-1339.48157586179
448,0.0121142840538677,0.0881168419809973,0.041592434314456,0.0769257000060136,0.043798291202938,0.0555785902013188,0.143993753524421,0.140413872500651,0.0799667544878486,0.0290123843172113,-1340.47423381285
449,0.013598448500921,0.0673713797859379,0.0373108734150535,0.0835022000450412,0.0382052486808374,0.047316816227576,0.144337707603895,0.117842291216658,0.0842528325576435,0.0349658612557495,-1340.72658836204
450,0.00187414143275627,0.133602390274814,0.0239532386745012,0.0503556206206277,0.0823173320150162,0.0411650354442094,0.144304280730055,0.0895608229085487,0.0929969515103317,0.0312565752558203,-1340.5336102806
451,0.0386002196019971,0.0985691811338423,0.0432477833503658,0.0598082098328241,0.0727915007235642,0.0436202438505786,0.139774359748916,0.143404976295641,0.0967457701414362,0.0241748001285345,-1341.77414554814
452,0.0626029577516852,0.083849402295988,0.0375638698890947,0.0799149878195446,0.0666456121523008,0.0396023186619582,0.209650316628834,0.147293921063779,0.0745754323595339,0.0465643536537396,-1344.83045334446
453,0.00880759334037448,0.0888023651736672,0.0296286252991274,0.0720111232301088,0.0633251638819768,0.0480472932143996,0.161468036816538,0.139022845583424,0.0699200110669505,0.055145390184019,-1338.42175169658
454,0.0495300705720209,0.0918691754799671,0.0204059813314609,0.0688853070790122,0.0720832277811583,0.0442387114411715,0.140321620368432,0.149482105700529,0.0534224596313006,0.042592177565082,-1340.84730706183
455,0.0187542747022528,0.135669873776909,0.0233867608877289,0.0611044035281569,0.0837178349446449,0.0389519101299803,0.203007392242476,0.144816189524666,0.0602041447558951,0.0387555059207487,-1341.1499361503
456,0.0259935806769584,0.146557970604514,0.032815488471825,0.0672617235672718,0.0753680774628868,0.042213670338635,0.186463401230182,0.139702474954335,0.060063492632498,0.025933798700964,-1341.14940013452
457,0.022593700999032,0.144521345564713,0.0280704136677592,0.0612470757287207,0.0649478732407956,0.0428418751046083,0.153046988301872,0.100243532980325,0.0712213350221673,0.033421589038269,-1339.61812555369
458,0.0134528623673404,0.120316691131055,0.0309979284807701,0.0724718144813701,0.108826475281258,0.0466444924018763,0.0879314728363874,0.0832572135798222,0.0674412285466284,0.0523225475306083,-1340.50468897405
459,0.031944104500825,0.123411864633368,0.0372615741247411,0.0865028661756478,0.0997310152400906,0.0455689984030361,0.112676652889395,0.0764365458866869,0.0505927936441932,0.0302073570638761,-1343.4987049039
460,0.00302551194946338,0.123192178218337,0.0274643049196274,0.0631538934019892,0.0994944420662792,0.0443832251881128,0.0834323481384683,0.0809541841107801,0.0568274309652728,0.056642552168322,-1340.04220909347
461,0.0153153165412159,0.0722900319633208,0.0391006743595993,0.0640251496197718,0.0767299816496384,0.056954119055041,0.0999892279364429,0.119241587174495,0.0692127951841614,0.0351865931001297,-1338.91170360169
462,0.0211674554960601,0.10677955389484,0.0312892969823099,0.0707230958859514,0.0687168217815952,0.0389432583580884,0.15913428710157,0.140026725010802,0.102511008953926,0.0385276664568972,-1339.1755688577
463,0.0103776063706175,0.109996272352757,0.0387824890980119,0.0658809380712672,0.0654301630415281,0.0476077533739981,0.170431916440634,0.135425695143073,0.0659567018950897,0.0447722598227984,-1338.17045330552
464,0.010585325610676,0.0935484270263755,0.037852662479544,0.0888656727897369,0.076802024920139,0.0466248206267299,0.146270916933609,0.112224391765057,0.0887201799230971,0.0346481051406309,-1337.51044483455
465,0.00679071889679638,0.109541926583936,0.0291418494953005,0.0804904521685954,0.0713352285888882,0.0491356092150804,0.151582704944092,0.105891740956379,0.0710665372087976,0.0443894004006339,-1337.26395147336
466,0.00861781353525009,0.106610684509364,0.0382580624162757,0.0810675277539256,0.0717544077457777,0.0429810240920182,0.156403557240232,0.125433663634189,0.0407712592806814,0.048457383098324,-1339.42481349589
467,0.0224929061221841,0.100328282110548,0.0168760402469139,0.066845057796828,0.0946635196824311,0.0446766846541314,0.138343011807601,0.118145585954316,0.104227782901039,0.0424881260072314,-1340.21878552766
468,0.0225686589782759,0.120395516324823,0.0379576750647888,0.0664269880711255,0.0810153362697842,0.0474713687418907,0.170021326436016,0.129652182724385,0.0467554921698325,0.0389945504469924,-1339.71634766751
469,0.000467883562111719,0.11507613573388,0.0314365869209589,0.0593744195618525,0.0674217145817623,0.052204780062191,0.128832487806976,0.0970557879863719,0.0980134244380921,0.0406357716849273,-1337.48128982074
470,0.000275260292748724,0.112510070163543,0.0246070915009575,0.0759417734087661,0.0681817509458389,0.0440806519906196,0.1285992912284,0.101538957202428,0.0683611539551329,0.0459486150131347,-1336.05007497791
471,0.0283537689904755,0.102987052506556,0.0256916985040909,0.052435568242376,0.098589276189348,0.0395296912047604,0.10222210158589,0.0976457194641651,0.0621504899302652,0.0452371233912498,-1339.38588145815
472,0.026477366711133,0.0745220258231751,0.0232360144760284,0.0764866839903202,0.0675995628250823,0.0525778702848763,0.118214758555913,0.124391991993851,0.0474692535309177,0.0486572816359522,-1338.67289832823
473,0.0396502116125437,0.0935224835121655,0.0338050873590571,0.0620221282759639,0.0649768116843236,0.0409668817559185,0.135294727631056,0.108905196974983,0.0658022288514115,0.0548303416573597,-1338.4673982893
474,0.0365437542203933,0.0935070705278147,0.0239265141615972,0.0331235102783969,0.0714019836803838,0.0478892438265071,0.11928625006492,0.105221921238607,0.0378256587752176,0.0637784615163985,-1346.17538257262
475,0.0876651541469297,0.127758923426897,0.0285839735380497,0.055923969834061,0.0807364998732904,0.0475417127324517,0.0901581887294819,0.105911258283841,0.0471881192408623,0.0480076413913808,-1344.44474630504
476,0.0158866954176257,0.134724369687639,0.0339419141508079,0.0572946525493515,0.0788024233288529,0.0431033626033766,0.114307535516461,0.112983899125782,0.0667059528385861,0.0557709016443961,-1338.60155042298
477,0.0147834996898341,0.061958751301574,0.0428781652257701,0.0600347464730595,0.101790686380476,0.0411020894062856,0.129292216602585,0.11267170924399,0.0575360596522582,0.0683783925185648,-1342.79251326021
478,0.0152748939138709,0.134824350141953,0.0276177874715208,0.0556736675179072,0.0824927895216072,0.0541888476959832,0.131768371811246,0.107738287171686,0.0619825627838395,0.0198354766111317,-1340.79093651885
479,0.0160693375808714,0.108555177185552,0.063592027333891,0.0862102075604414,0.0813709946062992,0.0430901920955636,0.136737407252943,0.119314269994439,0.0775106854116361,0.0296733611303218,-1340.59719407726
480,0.00831954771785142,0.0832655886457922,0.0304996726454511,0.0655785366247458,0.0864000123885654,0.0512666231661446,0.112479332147495,0.098394927501239,0.080765179255946,0.0418143863769044,-1336.88318376398
481,0.0198514347930631,0.0782840729630172,0.0304994305080387,0.0867914072010381,0.056390653118616,0.0904183437994021,0.110794850153521,0.0988791249904987,0.0769003305133277,0.0393900373603263,-1344.51310068539
482,0.012129188715809,0.0787258617890199,0.0433493100593368,0.0789694995722434,0.0858947611641676,0.0878737447708324,0.0951756856339695,0.0937405437899032,0.0931251913477049,0.0374421823895947,-1345.61422502835
483,0.00622501456142081,0.0828528686166799,0.0330396374372093,0.0685489084949268,0.0624463436313034,0.024274461123639,0.136911119351141,0.0987643380145365,0.0810781837516703,0.0342901010558748,-1341.24350276821
484,0.0193584850722789,0.107641885385853,0.0374306097691782,0.0531720933311763,0.0679393595261394,0.0504003819565977,0.112677234275989,0.090380607824547,0.0757802705967705,0.0237382562985583,-1339.49733958076
485,0.0101928222774708,0.114058700368969,0.0410147801173624,0.0706741928099837,0.0933474746903995,0.045881848102409,0.112206064952686,0.119533755297317,0.0640240450736413,0.0367879029873982,-1337.98299469419
486,0.00549181947558439,0.150969244558067,0.0217098567424048,0.0660425151175626,0.0792194510919896,0.0421636910349,0.176981448504084,0.134040079972594,0.0859403542748669,0.0319641883955858,-1339.60382948172
487,0.057139598890005,0.0526039472063509,0.0227454494798589,0.0657749928023738,0.0703563537219268,0.0339830474425909,0.130050267936797,0.101597853365887,0.0705703727586915,0.044848651528079,-1341.44520218277
488,0.00151240697142698,0.200763857473031,0.0176831042094751,0.0804706348113187,0.0793534749121561,0.029467170269803,0.130260146146512,0.122928513172233,0.0382870837654302,0.026016882274554,-1343.32489134545
489,0.0255299298599222,0.20457620262774,0.0095932873738047,0.0600181501744785,0.0568257269184238,0.0663292378273608,0.154567610916725,0.113850523754303,0.0856034964226924,0.0190056914841908,-1350.57981197045
490,0.00470409463935762,0.162059360043097,0.0254398521690948,0.0762248790781829,0.0746167338991842,0.0400716407456535,0.148398414182939,0.118446993998783,0.0557234423478161,0.0371623711002763,-1338.57027439298
491,0.00212469431193568,0.0953309364085744,0.0263010387401215,0.0691068174143703,0.0676057614108742,0.0417216861005238,0.115802460325767,0.0920392695616698,0.0701589841496669,0.0346505478480305,-1336.5709607297
492,4.36041615891411e-05,0.102720146085199,0.0316884975162353,0.0644176770829582,0.0818274564442527,0.0475976515141212,0.120216619585296,0.118923668517176,0.0720747678792033,0.0496235464580565,-1336.73407624841
493,0.00497639931619944,0.104615622002839,0.0347428559581361,0.0731477820087957,0.0757404608730937,0.0476781867284378,0.115970970914906,0.114069039095291,0.06932035532733,0.0362952451686998,-1335.91410652
494,0.00107404017000374,0.103780201815981,0.0505687050301653,0.0771188760177009,0.0788872377141096,0.0494113997573192,0.180133076646758,0.143729335681575,0.116674534250089,0.0182429059736606,-1341.82876201377
495,0.022065209507545,0.0463836353338197,0.0525810660941586,0.0799560351133341,0.0560040190196629,0.0451341816768509,0.170749217048802,0.127807213995366,0.0895737512929758,0.022374725547677,-1343.1733359374
496,0.0129996029308569,0.126120501319133,0.0292716691420466,0.053705079065332,0.059000254268492,0.0403714164363817,0.169236066553733,0.12536654487475,0.0853500070426679,0.0444509175933412,-1339.09175173887
497,0.0651850844766876,0.0845883224469842,0.0152674037687246,0.0792135179211816,0.070832492345193,0.0433335273709486,0.10561071600184,0.108308444803137,0.0662031710871771,0.0347435428943902,-1340.83586689149
498,0.00393736593579395,0.146940103884784,0.0185779250604163,0.0491904116796524,0.071496777865608,0.0385319699620117,0.115794236462986,0.116121600139968,0.068503608205066,0.0424157067045486,-1339.27363711403
499,0.00585028291752557,0.141476343865159,0.0383493018179381,0.0530645514994243,0.0783719159735917,0.056409005392214,0.167240903453658,0.137827578243165,0.0739150020098653,0.0332651963538846,-1340.08878301075
500,0.0216048556109206,0.078123341062303,0.0534126381496286,0.0829041123487906,0.098154271816705,0.0465524221169696,0.139611545007962,0.113434895746035,0.0787039265790669,0.0495304256717916,-1340.2443024092
501,0.0113472116688619,0.104350400415601,0.0320439371575,0.0808675328163013,0.0465885449716125,0.0524319088664699,0.11891399756435,0.102678156782806,0.0737600540822535,0.0338901813269988,-1337.94851536555
502,0.0229926242468011,0.134843650299512,0.0173206418890758,0.0773525728842942,0.0969266237147416,0.0436480395229209,0.132916759756122,0.112473115058454,0.0736067736987111,0.0367270841232628,-1339.65077810349
503,0.00953613560301927,0.102789198371453,0.0601883164841408,0.0543620939317735,0.0963793954104714,0.0474671107731422,0.15647387155802,0.118364595625608,0.0647149663184082,0.0320711309182752,-1340.04715277873
504,0.00806876197734609,0.107763149280054,0.0627627107323405,0.0871273908022403,0.0636917097489308,0.0310877659900485,0.161659032725409,0.118483779190411,0.0923019454196599,0.0511451149505917,-1344.26776579277
505,0.0069732865396781,0.0479173551643018,0.0692542630418716,0.0788208774133585,0.0899307015655637,0.0567621129233091,0.131034149768242,0.0950707480958781,0.0609360006420123,0.0489690872346086,-1344.21514877296
506,0.0440011243126143,0.0726646237957213,0.029228712063837,0.110622144967559,0.0796866570752447,0.0418276665883748,0.107710664667089,0.1013716593772,0.0464573156956973,0.0506964855994706,-1341.74091227303
507,0.0405300442638413,0.0565712285056087,0.0266671384329927,0.10969371193915,0.074033853593045,0.0421237133582839,0.0917317086562038,0.0912505799998767,0.0409570177310094,0.0447284168552945,-1342.95274007741
508,0.0408149162861307,0.100875400465075,0.047439667978766,0.0479200841094874,0.0957779445526321,0.050301115591199,0.119216494603529,0.122782113149934,0.0598771637618199,0.0448848504227374,-1341.32489304892
509,0.017897322439554,0.101629604911217,0.0350497421949969,0.0573246084311709,0.082711762014648,0.0421761362893147,0.125124548435521,0.109470075019236,0.112957682469569,0.0483820858174337,-1339.35297426063
510,0.0104259511951311,0.096281816535839,0.0415801076649745,0.0618638583977552,0.0750863684518042,0.0343715067690136,0.157802578926732,0.10917779515283,0.0847197543195603,0.0394405990410904,-1337.96698997074
511,0.0152087100832939,0.103658509295667,0.0101751642488786,0.0705290446261658,0.088442300638025,0.0534766013098714,0.089931798805289,0.102187051818604,0.0633137991812077,0.0497177544675021,-1340.96594284239
512,0.0145787259889477,0.0834925709855163,0.0680091976030277,0.0742217251912887,0.0713627435232913,0.0560798727650315,0.140737723162407,0.132239836693925,0.0784450932494843,0.0529108593609947,-1341.68307235683
513,0.0240516677530614,0.051745930653887,0.0421163316921635,0.0858254093918116,0.0788455700777451,0.0482348703328727,0.149093204298976,0.108084766854684,0.0783424384547144,0.0345497615585277,-1339.52262196915
514,0.00339575570001353,0.0793757293406848,0.0323610971792706,0.0679399639834686,0.0595377777718735,0.0544319969543417,0.100540917101043,0.098418880559368,0.0640094141064731,0.0462259912711679,-1337.22230284176
515,0.00626136467054206,0.126820754843543,0.0311408662554818,0.0576342919601182,0.095527861454795,0.0493959014033036,0.160513666462082,0.140730431845284,0.0853887099614401,0.0313592318273356,-1339.87413161897
516,0.00402190674562967,0.132659158655557,0.0443836322285786,0.0502334609625354,0.0867717124320172,0.0508140011086415,0.206870279058848,0.130750774310366,0.0779284832889051,0.0356042461284952,-1341.81428053852
517,0.00632738243224126,0.156554573739572,0.0244595262917587,0.0719810019481384,0.0761946685127861,0.0514023665659039,0.20797009544846,0.148217899996242,0.0516350634159251,0.0556845763126278,-1344.56330195795
518,0.000221967994968348,0.0723174927881183,0.0478284778814668,0.0901076514364071,0.0686534357451971,0.0369559214642489,0.181453195082836,0.132323611954134,0.0936681758012724,0.0552908390937417,-1342.17676089683
519,0.00369938463043107,0.0548039357528941,0.0468559669967531,0.0793323649706896,0.0611372195719101,0.0437715307001878,0.162180567073202,0.128744933100434,0.0604734404152086,0.051351487335388,-1340.87512171621
520,0.0249862041298776,0.110878313340369,0.0343556035955565,0.04868146311222,0.0801038970974691,0.0398574446341724,0.136330185279271,0.116993378997328,0.0630246537388734,0.04066963019042,-1338.12948990511
521,0.0135880846220506,0.0947225115380264,0.0323010655690857,0.0828526298477283,0.0514700787580416,0.0482748040937811,0.0917499580377993,0.107790620940146,0.0894329543026854,0.0364778912802597,-1338.31405081713
522,0.020816965811311,0.0636915318911389,0.0231278836301794,0.070898783193756,0.0922095799969058,0.0513709772023448,0.110795081440259,0.104153671152138,0.0691630720206114,0.0412504123272761,-1338.7585733045
523,0.0306901570646824,0.0962610060412618,0.0367428909555273,0.0801623471573414,0.0582815258822716,0.0601080292421539,0.109377607712567,0.103227373887333,0.0810698888715389,0.0250057935390635,-1339.82208964985
524,0.0313136135458157,0.0705697753888745,0.0590875531294753,0.0531443706480701,0.0567912062328912,0.0570310511655885,0.130297898689323,0.0967571587468394,0.0920998849097419,0.0276109663502095,-1342.02088489342
525,0.0395015714021068,0.0948283569670032,0.0264250651712253,0.047029951614723,0.061496139374812,0.04474634906622,0.0872163520134187,0.101051239030553,0.0715554468082061,0.0504747537943522,-1340.3523205179
526,0.0227421023057441,0.0670989910315794,0.0385371010218463,0.0475548582221892,0.0953830131625513,0.0400783457974318,0.105216337195252,0.103471798334891,0.0625229747318972,0.0443895917988879,-1340.72041580684
527,0.0348291973903861,0.0493630368966829,0.0505612036571376,0.0746826742346035,0.0875462071586573,0.0453171402022517,0.119288926953915,0.104217371356196,0.0586368112833349,0.0465178264197931,-1339.96984377116
528,0.00277304409835971,0.121662080142171,0.051749331825481,0.0601914070520174,0.0638441915238786,0.0598146076980585,0.0937881101849822,0.124604031931537,0.0632168752229524,0.0421425379649493,-1341.22199650188
529,0.0059750381029795,0.111311326179373,0.0207315058368579,0.108961695225973,0.0739465512085135,0.0429932954331471,0.105370731325302,0.0939270748426739,0.0642465184377064,0.0389033365633809,-1338.89689741486
530,0.00870553754461682,0.0955911189825749,0.0404499973145082,0.102226661352688,0.0838286624234111,0.0535962400810494,0.106996470087115,0.0873465880719668,0.0656958273124462,0.0209287723224611,-1341.95323297278
531,0.0234675702541758,0.102634843437585,0.0275538958953227,0.0490768021832534,0.0863400287724923,0.0362755879866971,0.121836861205238,0.113863472725248,0.0696252096027326,0.0178788829882302,-1343.34132670913
532,0.0343768750538063,0.246321118583646,0.0302680271892902,0.0497585246714095,0.0590315816682764,0.0491243062503958,0.133959315135629,0.110448140130857,0.03964998222219,0.0186776022302229,-1348.14488108874
533,0.0256821373200055,0.130759805854366,0.0329934936579538,0.110696029686977,0.0875977683493769,0.0385125743586122,0.138276756722227,0.123902877714868,0.0509387928635584,0.0271965126629696,-1342.74664923643
534,0.014165166386624,0.091487906095842,0.0224196411815166,0.0602106223870509,0.0823568034083899,0.0483347099413455,0.167233388679305,0.137345136600023,0.12268082963133,0.0397695456243096,-1341.30681889915
535,0.00233941648859893,0.0976719662708586,0.030110539310093,0.0558183087538302,0.0673338239954435,0.0456522971778805,0.141258100324483,0.107528677231527,0.110140076616311,0.0312652694451138,-1338.03928760474
536,0.0228450308919569,0.094318919482228,0.0336622970250391,0.0772673280825712,0.0668328389789041,0.0364490829665056,0.165275662916561,0.106825955225472,0.107078432974695,0.0388679257673306,-1340.27508218919
537,0.00086585039391229,0.11110963707157,0.0397412004298202,0.0671500717926401,0.0732747344826711,0.0501487857814672,0.10187414520606,0.104501070296318,0.0629388755336122,0.0546427190257636,-1337.19017616192
538,0.00275803921874303,0.0948832703678087,0.0250727864230475,0.0674622328247451,0.0658551419333608,0.038046608774756,0.107867361381133,0.113275590667481,0.0627234462140115,0.0356270834779594,-1337.28691184848
539,0.00188851612620363,0.115190132853182,0.0316673397174605,0.0655609785912851,0.0604138005947023,0.040220884340973,0.123450378227696,0.113777043575224,0.107140359627531,0.0376680450823594,-1337.3885756152
540,0.00630740420475399,0.114472220662516,0.0343964140589113,0.0782520122696926,0.0649539396368785,0.0502932390429322,0.146186320402936,0.111834891291613,0.0629024202662324,0.0416060871741351,-1336.98859379926
541,0.00993086871696542,0.0777917603840392,0.0299812222657568,0.0730038259513354,0.0627557780347358,0.0515709918069418,0.163417149003293,0.104011189267103,0.0925168383486292,0.0450592233672862,-1339.11754319998
542,0.0213047705010515,0.0654548322967885,0.0547860292773009,0.0726927291090151,0.0801398400850525,0.0523388171667038,0.15080494157809,0.124144703610717,0.0893505802621795,0.0243585328410055,-1339.96678429259
543,0.0357421618232117,0.102312339318558,0.0558997610639186,0.0482910995606346,0.0831430974907139,0.0447621267013579,0.13147206036976,0.106909381750537,0.0947315253495187,0.0200021626451292,-1342.6221971988
544,0.0309016093996008,0.107865623621237,0.0536150718643764,0.0623345553345164,0.066508073241547,0.0529721051647759,0.154763364302951,0.114877811776774,0.0882697242262845,0.0610914748358886,-1343.09900305293
545,0.0366056510144589,0.101805101048211,0.057723024275626,0.0607106985707169,0.0706180625871714,0.0525167787843187,0.110210253830824,0.11090119093316,0.0430724427815685,0.039304954563941,-1341.09457423189
546,0.0153112713343997,0.0752879260999464,0.0494551508461651,0.0605851913260926,0.0901130236022317,0.0393276083968669,0.0963686107160278,0.0936919829599217,0.101507493255326,0.0294575622640413,-1340.48118292219
547,0.0193179584310557,0.0753375791478467,0.0591765820612884,0.0782124718841174,0.0890405803292635,0.0456085740551068,0.14571478346837,0.140040356120283,0.0826855260817745,0.0392873882898221,-1340.59518664935
548,0.0145113156129527,0.0815382595187919,0.0602636321420289,0.0556716912055048,0.0588640321637644,0.0557462221681934,0.148809825677822,0.127797406670045,0.0678622990628816,0.0472534191550444,-1340.54171813363
549,0.019535551275719,0.112486855726719,0.0101259065271272,0.0780721973975992,0.0672319090510973,0.0432954660831342,0.135757127771148,0.115938496042111,0.081378568303493,0.0453399346007401,-1338.83477606094
550,0.0196831787935961,0.114374699839088,0.0150239162449498,0.0638067508192343,0.0769616743771511,0.0494004275134102,0.102453272798548,0.103898094305561,0.0543180131881248,0.0556832656810374,-1338.80633392914
551,0.0252120597613171,0.100665546759692,0.0343118921885963,0.0741955933782744,0.0664152103610704,0.0426750225373939,0.0871204673285077,0.0815030754230821,0.0499561197625838,0.0515232831184798,-1338.92008149555
552,0.0171107046938213,0.0800647623401151,0.0251137906446374,0.0745528242555743,0.0704486814103274,0.0379511709666097,0.103484583627157,0.0735989692558938,0.0902934992750258,0.0455710131394119,-1340.09833733365
553,0.0209553617870794,0.0993923468988523,0.0310329352841966,0.081440776720654,0.0776408082471599,0.0514988743414678,0.087024573407545,0.106392434615974,0.0664818992955176,0.0413387227306375,-1337.91833719138
554,0.0314886043679502,0.0924255971776725,0.0363341425074462,0.0746370881426437,0.0721007717037785,0.0475158618626001,0.127472967162266,0.103816844177654,0.0702239423902586,0.035341999977856,-1337.00791655809
555,0.0276038345252439,0.106327115519856,0.0369078386887773,0.074023672336282,0.0744820523022566,0.0479137007593139,0.130450831426091,0.106588497832025,0.0896813278991205,0.0293404163641871,-1337.95036437389
556,0.0154533250316679,0.0976036023210615,0.0352204242966167,0.0545647890366718,0.0713407249924708,0.0417865487189121,0.139090026858029,0.113410814512941,0.0583912808135262,0.0655704692314821,-1339.42639993494
557,0.0197074721367346,0.125348350765212,0.0148395640939479,0.108033555890845,0.0827142299316991,0.0316348095590683,0.11317046231191,0.0982711924369179,0.0561039560963795,0.0311804311466155,-1342.19726099879
558,0.0117745943816252,0.096444745864917,0.0307357364323696,0.0678752336888405,0.072445752463328,0.0357869779516701,0.136354380362161,0.103357280142249,0.0623417075526034,0.0269261885204858,-1338.3313042218
559,0.0135896149361863,0.109479343040288,0.013965173672281,0.0720083672179982,0.0499881172091844,0.0491307071706821,0.119539472350663,0.11394521563646,0.0920937257234213,0.0333487244353325,-1339.16776075939
560,0.0162211298287374,0.102246496430646,0.045449960855164,0.0716835594557394,0.0716827502797745,0.0346672190766254,0.116162475884291,0.0982153008875874,0.0713397548639275,0.0538309918347883,-1338.48733316582
561,0.00949149114895574,0.161990936748853,0.0365046063056333,0.0920526172085708,0.0802154128287364,0.030882821954274,0.0981692992805388,0.0959884657009669,0.0980787353602154,0.035087182584791,-1344.12741819696
562,0.0094275758629473,0.0404872920985725,0.0378992664571769,0.0913667217118783,0.0764168755374172,0.031757301573914,0.110064245740301,0.0990998153000458,0.0742308476613855,0.0412006617186319,-1342.32495289291
563,0.0298478222461598,0.0800762284484814,0.0241422650200295,0.0778176314708397,0.0511733495238198,0.0771980657946628,0.127133694488543,0.12921055553154,0.0575520126692744,0.027953247833178,-1343.94566770095
564,0.0183124831086445,0.0870691059747847,0.0453425369232541,0.0787305965524549,0.0384091690597058,0.0349615245580339,0.118881073063939,0.121379888507605,0.104417285750669,0.0454439752832907,-1343.90767646704
565,0.0196630109621331,0.0833949535285827,0.0542244584966785,0.0723958565475126,0.0640070661108557,0.0429023136757949,0.111670360730356,0.0927467858301891,0.0903240019279833,0.0391099304796744,-1338.51415293499
566,0.0222321218569295,0.138757557321292,0.0554019802642896,0.0778620504268993,0.0810113681900908,0.0445081094722286,0.127470521916966,0.0978432698907187,0.0287639865607403,0.0380199238437576,-1343.11847613581
567,0.0318192243421082,0.110857652374183,0.0148514656155984,0.0868792973914871,0.0804408281008707,0.0438147432463947,0.119237405328205,0.099300358510733,0.122971799058157,0.041250255490158,-1343.12102621536
568,0.0313955357441219,0.0591829274967041,0.0470163506006958,0.0741811760174443,0.102216429979398,0.0516484492860291,0.112689345569543,0.102010599945198,0.100194761558999,0.0431765046233218,-1341.35590323902
569,0.00897792244261746,0.0814716019805087,0.0320433708675868,0.0840558685773828,0.102009196693087,0.0382027697457376,0.0984758317451481,0.102000333298753,0.0623743421236369,0.0361090493584835,-1339.57892772656
570,0.00603108735348669,0.144163734318417,0.0352486288885993,0.0995033208441939,0.0388949295809541,0.0686216505780091,0.10257440662606,0.122665296648353,0.0634718535588095,0.0194781159514207,-1346.60809378174
571,0.0184666960614707,0.138893939234965,0.0417820042924299,0.0819471008593504,0.0734267627462585,0.044231740320751,0.091431721488711,0.123378651321843,0.06149617432503,0.0439255805705583,-1341.7523799631
572,0.00263572997688016,0.102687552568883,0.0482086858080439,0.0791318140674695,0.0890530436266035,0.0533592890442887,0.149375455585621,0.117978557109147,0.128180107555557,0.0472796803515948,-1342.53499493055
573,0.0244046544443558,0.0628154319967429,0.0170630809938347,0.0738576920338242,0.0586650449601883,0.0553709047741329,0.107932271757204,0.122298660549969,0.110844554442842,0.0455885481532673,-1341.17261329918
574,0.0125069803483664,0.0881147535453757,0.0410463625796037,0.0997012599503768,0.0567304922398132,0.0393767396155047,0.155971423314623,0.131918104378799,0.119223799978116,0.0378894313155621,-1342.45856282117
575,0.00993828699804583,0.0945621104259836,0.0328765241725705,0.0482530113823728,0.062199336794061,0.0670292695607091,0.122948220910074,0.0880736224648796,0.115616651442797,0.0361584008457215,-1342.9807335029
576,0.0133607436215739,0.0937181722146497,0.0415225384620854,0.0849891710382523,0.0770380776210501,0.0619837593892015,0.119420276410245,0.12616886310439,0.11809996376051,0.0403964135430547,-1341.66961974148
577,0.0263523153743385,0.0498588590253509,0.0223436424518573,0.0782490172874918,0.101288234174954,0.053476949246475,0.0944263912474544,0.12064508801341,0.0896572070242546,0.0485829278393864,-1343.3147310473
578,0.0313594451905849,0.140157582398832,0.039525306312809,0.0665465820717309,0.0437364576543303,0.0438882037578199,0.113216386359536,0.131858126368685,0.0712497493191483,0.0286969000435011,-1343.84957858721
579,0.0120668781143545,0.122953877387737,0.0322127378501332,0.0741553345341118,0.0455651795289564,0.0530774328636219,0.133791718298903,0.104609130291993,0.0612276451405916,0.0410896016057323,-1339.23380691326
580,0.00346571054005578,0.111229304887959,0.0395800245362016,0.0933953976590667,0.0782942283338213,0.0453314073166873,0.112384989108234,0.103047021102991,0.0447527829985862,0.0378486270687039,-1338.32042130833
581,0.0243594798605626,0.0671827110583092,0.0319686853822656,0.101940970511454,0.0563422472465176,0.063178131017445,0.114854002884586,0.103073616446693,0.0873136596259881,0.0421756728885909,-1340.11653363259
582,0.0209152716202735,0.0538918683881409,0.0323799470746809,0.0647901121187164,0.0605119415703862,0.0484087032466278,0.10006323456055,0.100598228867289,0.079033973082714,0.057889423361864,-1339.03011137322
583,0.0237602846639953,0.0577346770543549,0.0295575091086569,0.0651791859884774,0.0894492944871969,0.048986927625748,0.106759094073645,0.10756132896781,0.0560797787214106,0.044208544261691,-1339.29688069129
584,0.0371560274745639,0.0522266706208083,0.0234365228064339,0.0636375761747311,0.0617769166144798,0.0540697676486167,0.111883954133884,0.107267251512519,0.0978192360352616,0.0408463677282876,-1339.8717699665
585,0.0219724542406604,0.137263718371344,0.0177811880577692,0.0707032424091058,0.0773742772055334,0.0537274893209887,0.090994425540157,0.0906316161440639,0.117641881942738,0.0463743498982636,-1343.35022358961
586,0.0209641137569861,0.11489452088172,0.0271341380946039,0.0713289922749435,0.0779384774133644,0.0430297834905436,0.112834013086324,0.086553655879911,0.0784441698561224,0.0536739069185494,-1338.36116137382
587,0.0256936247818879,0.0681745845615108,0.0297537579230741,0.0702588583905898,0.0607195076111133,0.0359714592115065,0.128770253797984,0.11149637481179,0.0624016169322213,0.0402599724548257,-1338.0857094468
588,0.00675202865323019,0.117890733637045,0.032972280374806,0.0831680112590482,0.0764389990169743,0.0412220046340766,0.174386881253354,0.119779627153059,0.0790395335857956,0.038640993117784,-1338.28211642795
589,0.0170119185041629,0.0768445980070968,0.0249756840394594,0.0557798668350808,0.0639404656571023,0.0471301071803703,0.117660903583805,0.114801738652569,0.0620049456393582,0.0497764428262089,-1337.88514445275
590,0.0293390230373182,0.138196084345469,0.0130854314476761,0.0869188840136257,0.0683733138554668,0.0368048031877498,0.118895909377492,0.110239790993572,0.0600471361935134,0.0594130217481955,-1341.46495364156
591,0.0134075340115646,0.129644329185842,0.0429560906056681,0.0827635294113196,0.0981820873505955,0.0567305632064501,0.117111001622281,0.119452664460125,0.0498873135358076,0.0575345907607029,-1342.28498400205
592,0.0253542112854786,0.0755675418359597,0.0452568277400019,0.0820925369481882,0.0648571997338361,0.0374209552733678,0.115600055087033,0.105990416886101,0.0688862816443442,0.0238171005769628,-1340.3705641121
593,0.0242058184521775,0.118379558902421,0.0264839805125061,0.0736947279229044,0.0656327202674886,0.061625377592936,0.156605775874086,0.0998907678563932,0.08358635291806,0.0351497370320742,-1340.94400853961
594,0.0279636177181596,0.135336887100466,0.036429041423962,0.0793536087747465,0.0708177524414392,0.0288600810772003,0.115446011584728,0.0780618318077005,0.0379205916793668,0.0351062788178672,-1344.76087265813
595,0.0364595238434923,0.139210048769925,0.0135474660205105,0.07903419059504,0.0754658521383059,0.0508646244073172,0.10812766839658,0.129381280012017,0.0469640235154693,0.0501481288308651,-1342.51023175456
596,0.00702040278710012,0.0810784864559964,0.0168664223699957,0.0854211129662342,0.0593141476932275,0.0465843510626833,0.137616172831014,0.0978824002501344,0.0659563260751693,0.043061333137734,-1338.5391575219
597,0.0312925035018169,0.0948788338442238,0.0152030221251793,0.0788364604459631,0.06324519120101,0.0412383986431099,0.0819329892262669,0.0960033965635033,0.0764739961322878,0.0460677271757656,-1339.16181847904
598,0.0156145567657822,0.0840434499377234,0.0401046716616725,0.0853054405477781,0.0700155449234806,0.0548015260035937,0.13110091227475,0.121640324736995,0.0741246542675354,0.0404261542830342,-1337.26161536842
599,0.0139823598278088,0.0936109132821402,0.0258980071079472,0.0592962750986358,0.0407354141026636,0.0514048315281603,0.122886644509597,0.133144157334354,0.063497441954775,0.0560806048399237,-1340.91568558069
600,0.000792345567242727,0.100288899695799,0.0246946529255321,0.0893348325403802,0.0518326037377953,0.0553351759712907,0.134793565063835,0.104570372327829,0.0866705448816604,0.0507001484157054,-1338.9379824028
601,0.000912538802244755,0.112643948785245,0.0255693151245582,0.0777796522004951,0.0731243964477401,0.0391881340337696,0.127829345526147,0.100770190725209,0.051775985860945,0.0374409537175797,-1337.02493028913
602,0.0128480543887642,0.0731555200097253,0.0481495464087905,0.102454863985379,0.0690173203402258,0.0393216308863003,0.0827272973571727,0.0841456548652177,0.0435652422799027,0.0369643472350723,-1343.2246018593
603,0.0160754550763134,0.0769544250895232,0.048351723372138,0.0598446751361568,0.0673457970600294,0.0463241835504802,0.0873057280657447,0.0810979144879324,0.103088804565285,0.0358453063499056,-1339.78537039884
604,0.00202575036380587,0.108843373935439,0.0510785413284598,0.047111348465174,0.0738671871642722,0.0418102011110994,0.122439151634215,0.110138590991791,0.0604951302430088,0.0506869249196244,-1338.86432935576
605,0.00479435810024144,0.0878866882522115,0.0296199913628539,0.0508814809821265,0.0862526727846242,0.0435755923335708,0.114427426036378,0.113972712008762,0.0839023105213964,0.0514745502958175,-1338.70483797901
606,0.0291179692362349,0.128307077838482,0.0287393106982864,0.0905666134374114,0.0737605968555459,0.0512810625415922,0.139950436301434,0.115745255616961,0.0597876202648253,0.0445786933889889,-1339.45817744045
607,0.0164237789236343,0.0817276906939459,0.0311400243832451,0.0730187840066726,0.0548122989454797,0.0495272329868953,0.141171020181828,0.121418037510996,0.0940099653041035,0.0421318649842559,-1337.36785381362
608,0.00766761072766515,0.079104776386652,0.03519763958393,0.0724367995842909,0.0893704215327534,0.0483027508154515,0.116657011202336,0.101766572352366,0.0830962707223306,0.0397094781593947,-1336.85060896565
609,0.0211896503617007,0.0803198054349645,0.0280530321679165,0.0816343239338731,0.0925621942672022,0.0401661187246029,0.110856900987569,0.104684384314056,0.0683645093358766,0.0485865112776959,-1337.74742018562
610,0.00789594502289268,0.0995167286402823,0.0281232421319335,0.0695464438435389,0.0776217028631237,0.0507304731306651,0.109640642440179,0.104273293838981,0.11532703453563,0.0244517066842455,-1339.58875588676
611,0.0106624539527362,0.0756631438797787,0.0547993056553114,0.0544341232824426,0.0868369269891187,0.0411458326116582,0.12395600421115,0.133425500149994,0.0795157555039167,0.0313207577756218,-1340.58128581473
612,0.000845595909580199,0.140836557181458,0.0430139598075425,0.0770741881872702,0.0957790035523873,0.044137484203572,0.172625885271471,0.142532816631927,0.0857763909714059,0.0273788116987908,-1341.07557348467
613,0.00203054908887434,0.0600764006584116,0.0386687460227703,0.0690410248582866,0.0550417863176688,0.0505854201986393,0.157450072291772,0.168677477078942,0.0799266770897884,0.0507834240218379,-1343.45684431164
614,0.0101291877225517,0.08281195642295,0.0388514168582586,0.0715938841729818,0.0743487021297149,0.0451103016478098,0.180481781595595,0.163703302890459,0.0771449829506044,0.0441100803001167,-1340.17011233132
615,0.0165231483100134,0.0821029124969557,0.0328456849930963,0.0860439835250121,0.0734939484059384,0.0531546425485635,0.207211591315328,0.141749143757086,0.0953464626963639,0.0281274867015113,-1341.46285853371
616,0.00889128370881848,0.0903023048503314,0.0337737149582417,0.0663086085990749,0.0837217902456091,0.0384805433885594,0.214452241148982,0.13023654261168,0.11438025824677,0.034025373846108,-1341.90823285415
617,0.000684383608784058,0.0887234812303139,0.0354163444566905,0.0715166962071896,0.0555203034695975,0.0510356240361994,0.219219111616662,0.157437361704159,0.111208906627263,0.0273109677090694,-1342.58655673535
618,0.000310057881783316,0.0911675200138736,0.041409987955826,0.0719991500690862,0.0845633076913182,0.0499337095383883,0.193856032724715,0.161210381747041,0.107552407175817,0.0375481384919434,-1341.56573165087
619,0.0263820631784636,0.0613750717986397,0.022416433917075,0.0800765834704223,0.0741120369129997,0.0400249880915549,0.195761207641578,0.160405396240215,0.0544081987590605,0.0372671786205359,-1342.85032704628
620,0.0638953785308355,0.0499640613672025,0.0243771203903294,0.0970304409792101,0.0612036814603586,0.0599892396231142,0.134756121693388,0.109402891269106,0.0715663821741869,0.0518198246447082,-1342.24183351987
621,0.015974993986743,0.0697363211034171,0.0441715704355547,0.0699963906515919,0.0675345358521321,0.0505409359230259,0.100907375470047,0.108467767487526,0.0831374422703076,0.0246804023951148,-1338.99567398794
622,0.0200470261048177,0.0853411742396021,0.0519305207300721,0.075899716094133,0.0555029278705127,0.0523573780252261,0.119167757909177,0.109703244955028,0.0722093029021245,0.0182574374004799,-1341.18521986651
623,0.0124048818283825,0.0979048960226866,0.037144021564815,0.0530194698687467,0.0973707335162385,0.0389655172309947,0.108783404901752,0.09374255487975,0.0721781936384888,0.0291151565553638,-1339.43381079215
624,0.0159535080852626,0.0908419723477076,0.0360614326911272,0.0878486548904698,0.055370022591207,0.0447896546689863,0.128056332586568,0.133385484624596,0.110869889754756,0.0465861337346229,-1340.89488890788
625,0.0211382233425827,0.0427638622735918,0.0453728403784568,0.0846937850772911,0.0782744001998659,0.044583203182342,0.138768407793207,0.0848674127433192,0.0925392874412723,0.04100804398194,-1342.94405636557
626,0.0189792228221931,0.0942682516743647,0.0301228583596061,0.0482834026794707,0.0708878874481909,0.0529988124016254,0.131230857478679,0.127264400945975,0.0799743887560487,0.0380640692705855,-1338.48472083737
627,0.0158155403211569,0.106628365085373,0.0290670815655638,0.0475356735529291,0.0820211396608667,0.0444973424216396,0.120365697726925,0.145819552377339,0.0886873646829591,0.0563754848028251,-1343.08127030291
628,0.0084368842189572,0.136090989947393,0.0227748258313219,0.0413371240636334,0.0799182272399767,0.043820918105236,0.173854866581698,0.105981596783792,0.0737130371081691,0.0475757748145152,-1342.05226837985
629,0.00701706191307457,0.12700103688347,0.0423303481528193,0.0580682218498968,0.0970702449471809,0.0460276042715753,0.0838118258122478,0.0760780928549868,0.0683395954380284,0.0480000778191332,-1340.3076103144
630,0.00304253247039604,0.111631344931648,0.0228882151148456,0.0809328071272271,0.0800629558267433,0.0357692542946825,0.0942592975466136,0.108174791617908,0.0699277386646414,0.0329946050743595,-1338.39177409029
631,0.00520434081300809,0.0941333795439608,0.0460477906426699,0.080929862999981,0.0822411645827089,0.0422380260538681,0.0986808458877784,0.0838349751131309,0.0731291314105366,0.0288260273755769,-1338.72167590997
632,0.0149898500765078,0.156232403603339,0.0445130902987224,0.0660529106057421,0.0817194518724656,0.0416368083495656,0.108454554170777,0.0952015963043096,0.0626844360252256,0.0281449020101002,-1339.52351144083
633,0.044578216601283,0.12935233007662,0.0398389434950964,0.0488589810613279,0.106340438744241,0.0475057776358505,0.115904446060838,0.106938988121077,0.0658164160129566,0.0560275905467017,-1343.08244278764
634,0.0144537428129003,0.0944183082393011,0.04059441857575,0.101116719118226,0.0961459243684664,0.0331787253300657,0.106905725041749,0.0907912081854094,0.0499967341553611,0.0365800339037566,-1341.96267808977
635,0.00212905281975811,0.10350463589101,0.0273164045244482,0.0838498662818584,0.0619743511380317,0.0335782345010989,0.0998897166916962,0.0935700420740334,0.0842188914754123,0.0347276369736917,-1337.88133440132
636,0.000208044040677689,0.103188903871264,0.0280525694020701,0.0803031258658349,0.0834746762534,0.0549406121434521,0.1296630385469,0.118417075881931,0.0901168285152533,0.0357799132715762,-1337.45435786457
637,0.00159156240464274,0.105791777368322,0.0245147451699206,0.0704528637153117,0.0726583289656067,0.0393519348716923,0.154211445917974,0.125278365166612,0.0918090075901488,0.0318882829712021,-1337.04252215064
638,0.00351321602075361,0.118165913250249,0.0610818187320557,0.070969601334899,0.066675131302553,0.0322560506710958,0.142501861840277,0.10294443349975,0.0977048661574633,0.0394589713202554,-1341.2039053225
639,0.00289463464036344,0.112772698763831,0.0117315357920077,0.0813700067601031,0.0794897563340079,0.0463712081991391,0.144152570175763,0.117505605883122,0.0994793333030433,0.0326491517019054,-1339.79201378411
640,0.00787282346302938,0.089955222306455,0.0490824608029298,0.0507296826230893,0.0759722326231239,0.0562817272026515,0.133649407147597,0.125088163443556,0.0773927364618088,0.0442978172092295,-1338.74140385312
641,0.0268760128406084,0.0807989616918617,0.0293622541917665,0.0488306593863626,0.0625052298383435,0.0575375799912761,0.127982450112099,0.101803313081191,0.0869463182144972,0.0570892995127675,-1340.6057659356
642,0.029926904211315,0.0807186158319432,0.0130727252110418,0.0490788063873292,0.0618640586747337,0.0496307316362291,0.128525303036006,0.101678424870542,0.0470637731010975,0.050235465617298,-1342.44968576417
643,0.0361757903841807,0.0831623711907012,0.0162839458201379,0.107873742968291,0.075014905377721,0.0500828566100716,0.107694380277082,0.0968064497688614,0.0523917059566699,0.0487471827986549,-1340.47960229754
644,0.0057071014135898,0.109579777786398,0.0208501752534848,0.101972762873636,0.0863476042812405,0.035591906807812,0.0840116771513104,0.0870326008211577,0.07862240458596,0.0336634993760385,-1341.04499791559
645,0.00463483053684763,0.124568912642472,0.040770322312729,0.046931387146821,0.0676040868746553,0.0371354927971604,0.126748647081829,0.0991594704872702,0.0824906350280686,0.0343794598252279,-1338.27345372725
646,0.0187481079310474,0.11657983067655,0.0376506185385352,0.0783363535822847,0.0829573138209123,0.0437728267938295,0.0887675363837338,0.0939014070556633,0.0786068954449702,0.0340631689678084,-1338.38380977911
647,0.0124904818199181,0.0587670835044827,0.0392150272439673,0.0713725733664695,0.0958851898955177,0.0531587911731954,0.0906106762615643,0.106784915229069,0.0967728453788123,0.0289453455107566,-1341.60582752382
648,0.0101961427247305,0.123214998529014,0.0475100100550695,0.0867762912426844,0.0961219963714275,0.0380713501714099,0.162974026439581,0.134547355128925,0.0861763067793394,0.041871127919446,-1341.59475557937
649,0.00839665275960328,0.062778745259578,0.0263114801363268,0.0732711879472717,0.0657347186188651,0.0575030902396295,0.160906781703377,0.139716892597398,0.0916992516960412,0.0412078442580564,-1339.72106156891
650,0.00639544936230516,0.0727169406120161,0.047759687967414,0.0545171205129057,0.0691464545706176,0.034947351032003,0.163509478199652,0.129305710183241,0.0749964940215701,0.0366167602396009,-1339.72734159884
651,0.00847027354384845,0.106324691610769,0.0173892930394602,0.0604906865329809,0.0623579839059209,0.047279464634417,0.153526867295011,0.100191298821376,0.079109053938691,0.0451133688809428,-1339.04446647553
652,0.00268064670242139,0.127332094240082,0.0189287131367179,0.0852904461033906,0.0853075893205452,0.0455862627105277,0.0945935307364307,0.0988360106659032,0.0566572431333537,0.0531963664541388,-1338.52638377621
653,0.00515441142564526,0.131654379811933,0.0419181341571753,0.0974331029196662,0.0987835433917711,0.0364911549309625,0.123666928700023,0.105863845122527,0.0571155441650442,0.0185063143662334,-1342.11233018894
654,0.00506827292071587,0.129763392177484,0.0136124317562414,0.0798864234405925,0.0471923635347137,0.038436255093213,0.147463306880491,0.13348658270319,0.0619662491502425,0.05574118890961,-1341.84149249172
655,0.0274245446053157,0.0631870669056287,0.0343131038127303,0.0936713440469913,0.0524972733622768,0.0629785125295074,0.144464774739894,0.115119930941986,0.0681280976213451,0.0452601002840535,-1340.36431714269
656,0.0250682346264914,0.047328310062279,0.0581851670236438,0.0877323777000185,0.0937164664334281,0.0490148997133829,0.106870963699081,0.100078045693071,0.0632615434378208,0.0398136359309035,-1341.52956067972
657,0.00890408668246045,0.0716907457993054,0.0678665071519043,0.0445564919298315,0.0593998314553021,0.0415194181949696,0.134383732657814,0.123445633565117,0.0624649211465369,0.0445996257094421,-1342.94208721269
658,0.0347437067226206,0.0953793093837617,0.052674198474574,0.0868472373372961,0.0671265702863389,0.0454303340696471,0.149335533118311,0.11168092174741,0.0660638196175461,0.034994076038621,-1340.32170503251
659,0.023990437133666,0.0638688136160962,0.0395376478931167,0.0976578926369861,0.0690302644354315,0.0417169182605207,0.131520033969656,0.121369626817812,0.0906922766539278,0.0390321155542247,-1339.22551336405
660,0.0251273045491357,0.0756741874957937,0.0216586746324669,0.0600659993788611,0.0866152005976319,0.0599312188503928,0.132801772831795,0.103046848181916,0.081373952845696,0.0434645929490104,-1339.82798348054
661,0.0207294039511478,0.123958960734223,0.0511509552278515,0.060965097342066,0.0876835218308581,0.0492068982263414,0.111920757782791,0.107366536184503,0.0858257826798572,0.0559435841185028,-1340.83082595917
662,0.0156178581198583,0.105008220035352,0.0361890056617602,0.0656158763089702,0.103011867539303,0.046235625287153,0.118318694782896,0.106784686352764,0.0691853637152066,0.0547492904694912,-1338.68852580253
663,0.011690513830339,0.106132922759863,0.0365660214699341,0.0626133930868499,0.0522879169192691,0.0475801628701167,0.105042460749555,0.100933609378313,0.0764243185628657,0.0300174506796588,-1337.54959730828
664,0.0157667851986792,0.0828370704231579,0.0344009935327646,0.0816434814695669,0.0575001076735075,0.0503625017807212,0.142888220268951,0.120555396592211,0.0821470782360524,0.0416974490508982,-1337.05979009919
665,0.0125729224033337,0.0715316763802857,0.0254683273503901,0.0790374823759544,0.0897143091146394,0.0548991909966915,0.0857910830137691,0.111455267069681,0.0972901356947201,0.0465195648691099,-1340.75390456212
666,7.37117688315488e-05,0.111039251093535,0.0404294927051694,0.0801368525995649,0.0871154043006431,0.0368794257686282,0.111929982260863,0.10072523121377,0.0996267871922756,0.0378390005905779,-1338.14846439714
667,0.00408090425757086,0.083239560074182,0.026288916285267,0.0549440961946725,0.0652020732178623,0.0342775301689828,0.122937774011452,0.0940849378220913,0.0924111147749279,0.0476087723739587,-1338.98321872392
668,0.0171513334206628,0.120885707096879,0.0269535067418092,0.0718059660312677,0.0723306631805672,0.0345159692919078,0.113481244176905,0.104433466744977,0.089589662904218,0.0496822671037099,-1338.24447296772
669,0.00485682012682465,0.0971757342060522,0.0238354540469931,0.0773345777884975,0.0619180079176928,0.0376556847869434,0.079802730751683,0.108756511589329,0.0661016675543874,0.0465587831923606,-1338.86672098401
670,0.0168176556119528,0.100415256443178,0.0315291602308483,0.0627498364252323,0.0788567405168139,0.042971912942781,0.169683686976414,0.132121362164536,0.0572509070666837,0.0365796207867908,-1338.26612820286
671,0.0092173284525589,0.130004617213862,0.0316972371095189,0.0831187723386865,0.0712591044058326,0.0379902987186483,0.144292467409195,0.119395152073234,0.0911079877889854,0.0411046134550911,-1338.34711785794
672,0.0218012328150651,0.0947422327815381,0.0288790546297234,0.0579589424914254,0.074753710758004,0.0409071397411536,0.149977532062397,0.126170483814169,0.0718457461466132,0.0404536524086234,-1337.1507026956
673,0.00826687514098012,0.132300498231907,0.0271389536227456,0.0508305977177832,0.0745438490452789,0.0404904849488764,0.143167145461362,0.112337102038729,0.080833100629177,0.0404724617136463,-1337.58953539349
674,0.00604881752538721,0.155355313550098,0.0322801376773515,0.0817855469717176,0.0732556195149774,0.0415589691608078,0.110586895990346,0.104128766634279,0.0399293874078552,0.0440892896636236,-1339.20002468461
675,0.00605124024804018,0.119164623145619,0.0313511365493838,0.0738624490172856,0.0830261543861975,0.0583609381624586,0.109065692285991,0.101344388920817,0.037048591415184,0.0373340613344475,-1339.32551294171
676,0.00473300892294755,0.159417069454493,0.0292454566139945,0.0721299141385126,0.0679339712675752,0.0336881136511354,0.116581418316368,0.103935600783577,0.0751331509262218,0.035644821674326,-1338.73578071845
677,0.005416749248052,0.170093008221919,0.0242353091891256,0.0580634558177109,0.0655552436308304,0.0328571930166044,0.111198079130514,0.108243095218534,0.0837566999535213,0.0370417572955826,-1340.42490482323
678,0.00630251643690272,0.0985859844027791,0.0285087136045333,0.0835496035685167,0.0508951320161816,0.0595013414019485,0.130059343425268,0.118487334125791,0.0666358854162474,0.0343337857445134,-1338.22580956199
679,0.0140092943552448,0.0593373835562469,0.0568061436705423,0.0692630165369546,0.0975246076142887,0.0507623317731184,0.164589065997142,0.137048428933159,0.0903544995791044,0.0406431947728442,-1341.58862098401
680,0.0125486818334561,0.111040125918126,0.0160793107296823,0.0835013343113368,0.0465281886108971,0.0381257499803944,0.150946044233952,0.110283617544404,0.0719120577828346,0.0395506922398111,-1340.09508309097
681,0.0235820579150357,0.14040350335172,0.0417320613178664,0.0700690294029456,0.107909700637254,0.0464361447398672,0.160447921339264,0.123009116521136,0.0727750720139882,0.0355212648662453,-1341.44713487792
682,0.0356883903582555,0.0471215782803925,0.0532865483326543,0.101832790578335,0.0807505109589221,0.0483431844238393,0.162731225765713,0.123756137876906,0.0740611732303561,0.0487554337320954,-1342.80470845927
683,0.0305241772943502,0.0526972093565928,0.0530554437531213,0.0542744346586602,0.0721958634342657,0.0471864831549513,0.133960132331357,0.126517754600844,0.0543254832980619,0.0537833798818714,-1341.77726715428
684,0.00975349891026091,0.102680110690619,0.0356807148435586,0.100958443281287,0.0471295377628474,0.0502403402404967,0.135153663847455,0.12393538236635,0.0694015758084583,0.0327843881030621,-1339.91223717018
685,0.00434753112239036,0.0931941321816498,0.0504169684529505,0.0601433143096666,0.0914281712734351,0.0435936864459207,0.152706260461026,0.122998536766222,0.0890977882387994,0.0432845392356492,-1338.36044201454
686,0.00324487727493475,0.0677674358243062,0.041252004526354,0.0990235953224477,0.088064491571943,0.0436255756767425,0.144567669401416,0.112761449969762,0.0746122104863128,0.0431851398344469,-1339.36844170679
687,0.00736681207364299,0.0755849746160609,0.0191008280909305,0.0873695461574192,0.0436422901875177,0.0392784948836463,0.090909840953359,0.0806440733692469,0.0912006086159531,0.0401070677195926,-1341.41328274198
688,0.0144323993594666,0.0906697651002226,0.021852611397708,0.0598824096646639,0.0866920677667004,0.0572685557361164,0.0949064754447397,0.106819884062015,0.102213070750263,0.0340036117009106,-1340.72494138677
689,0.0141455793515097,0.0776719570014061,0.0580342576870311,0.0646481409714489,0.106004659644562,0.053705650517828,0.120841084470638,0.111236956550127,0.0520542339853495,0.0641477935567309,-1343.45787532
690,0.0135370147816578,0.0840694391951507,0.0427217481473639,0.0795742341344562,0.100500192850493,0.0576807362720477,0.136539331614576,0.110668534145737,0.0844030901507823,0.0583257372673604,-1341.36989328949
691,0.0111849539216121,0.0946318422612829,0.0520674306274463,0.0745542475925365,0.0631124624469098,0.0481667349072362,0.125476754641268,0.108653299282162,0.0954984499100787,0.0191937964503799,-1339.5999086948
692,0.0172353740918493,0.101222304958618,0.0327848170832796,0.0560422187229017,0.0713125906630211,0.0393853276098169,0.127059470157421,0.115670142839963,0.116730162701172,0.0492925488143658,-1339.86055075289
693,0.0525619685249015,0.0627559875363205,0.0328730384018344,0.0870315506576849,0.0673170622281433,0.0355680932266883,0.143102897536646,0.106264536344347,0.103306063273559,0.0513475429628866,-1343.28773800483
694,0.018909556777823,0.0595732039818189,0.0314105377075961,0.0702968481625354,0.0704503664105512,0.0328160438370343,0.132919833840397,0.120443474935091,0.112493969792474,0.0372174086575391,-1340.42066686147
695,0.0124440695845601,0.133879745938745,0.0356344217487298,0.0483665872810572,0.0781500585539937,0.0501833019561506,0.158740575612048,0.136858777937652,0.0631549699623561,0.0405511173845603,-1339.56286265138
696,0.00926409433885938,0.0993274003166675,0.038991432455998,0.101299986624985,0.0849439114516754,0.0342448680450912,0.144383648592534,0.108200419282195,0.072807417542024,0.0471482464104785,-1340.10974071666
697,0.00411546272550907,0.0751338413942623,0.0217966315629714,0.109239409585675,0.0790132802857078,0.0392134683921556,0.14273956182218,0.146258633413997,0.0668537712281902,0.0508854687431733,-1341.72698243076
698,0.0473740503598192,0.0490542957927961,0.0268899154608473,0.0660627649262272,0.0650939381837296,0.0705859838972998,0.151323358713616,0.164153005771773,0.0736879555190357,0.0386031402358869,-1345.18191975265
699,0.0580261783162168,0.104650418685696,0.0322510281720635,0.0681051286768122,0.074785905363822,0.0259829850884433,0.183205031560321,0.105014625210092,0.075432870989882,0.0449855607240838,-1346.00253429883
700,0.0645392729381272,0.106483166119659,0.0144827536488411,0.0577874764668777,0.0811166687127674,0.0545514470562893,0.175309774655226,0.12521909401303,0.0661030931102383,0.0386115251001482,-1343.10904487044
701,0.0760016856441243,0.130580929468755,0.0286428870634032,0.0637349129916803,0.0702469563459466,0.0429740055315334,0.144717233970682,0.103475594643494,0.0356939922387886,0.0539400428541826,-1344.80750700634
702,0.0513834048419034,0.0761529786290924,0.0209366765610054,0.0884146019988883,0.0931480038865333,0.0475299589573697,0.112164280176425,0.104827254403362,0.0560320164880742,0.0426795842068966,-1339.93630342307
703,0.0489514843439823,0.0785611435844841,0.0501682452803205,0.0717552984250147,0.0878275154576454,0.0657734250856171,0.136209227610083,0.123194654642064,0.0893188859775061,0.045941341704007,-1343.0609320444
704,0.0567993551299962,0.0752872890665467,0.0505210088509574,0.061751952156929,0.0689029586846396,0.0584044957053409,0.119048212555358,0.12239161934698,0.11186139774619,0.047983253868523,-1344.42170427506
705,0.0133391251124886,0.0843731207268603,0.0356941910937614,0.0445266651331801,0.0624754039671862,0.0473834984765012,0.105145044626361,0.0821676065780324,0.0597405186823273,0.0348262255628956,-1340.945311119
706,0.0512295006003889,0.106512417467972,0.0296101827250741,0.108044755719758,0.0528072503688342,0.0590713884192002,0.0989089318508102,0.11407015246921,0.0750005092517533,0.0431077366375196,-1344.08001079874
707,0.0500942716836495,0.0395558649000217,0.0145415636082329,0.110272339079377,0.0674161959682034,0.0795962810606356,0.126096783700223,0.134259923134193,0.0708363359625865,0.0531954046038602,-1346.7920092854
708,0.0176918446360247,0.0700097644078536,0.0442948615827576,0.108779091293096,0.0593730216145654,0.0482114763037455,0.168492425763863,0.140593589698815,0.063590739948188,0.0537467338216742,-1342.44864212367
709,0.0162073102296082,0.0976620960051682,0.000358336663551421,0.123464276027094,0.0951638990677903,0.0376545401404341,0.151118536099206,0.129801023815814,0.073390412225685,0.0527470612849397,-1348.61713925914
710,0.0201889125749447,0.0914770702470706,0.00437129023560889,0.0576030610883256,0.0893286957913031,0.0424815818670939,0.15504835925032,0.132332568444773,0.0531059417595289,0.0557918831413128,-1346.00797660689
711,0.021729475314951,0.106145327491241,0.0296653050874151,0.0889658407186614,0.0630148679711092,0.0348777129854849,0.122026582185352,0.130454153361075,0.0594182419963676,0.0403008774168767,-1339.56215637244
712,0.019323186771423,0.0706343688756726,0.0344324587219362,0.0934893878125779,0.072819107325726,0.0667909113663502,0.144829306112116,0.12349182990561,0.0682104921877508,0.0238699392675502,-1341.69090074614
713,0.0160443424230817,0.107522249842374,0.0295271059359465,0.093661352012455,0.072479376622105,0.0649181750060349,0.145452037694729,0.140329036937867,0.0602362778837693,0.0328131559464441,-1341.15565021534
714,0.00515887745467347,0.069620112533645,0.0303466370523211,0.0684012896999497,0.0513803676961292,0.0476835083631636,0.204678474593761,0.129895316064289,0.0907593937888734,0.0339008155664155,-1341.92387716223
715,0.000936065221834234,0.0865304468733081,0.0350271126562432,0.0617393123795584,0.0931961010834389,0.0629272794477864,0.112625997356253,0.0830214414990502,0.0798040599929914,0.0376584578930096,-1340.72444026647
716,0.0544052392551824,0.0946456989391694,0.0524507648602284,0.073666440405166,0.0527073204799104,0.0578660637549965,0.0989633429094464,0.0966420619356611,0.0684790203594082,0.0289936692188432,-1342.75788826081
717,0.0525568668513539,0.0750782787389257,0.05183226073592,0.0723066519414749,0.0905431347458378,0.0496390684404387,0.119693361396705,0.113445360346076,0.0754446338087913,0.0309695960005792,-1340.83233869405
718,0.0388988066356207,0.0958095837524715,0.0504408440209814,0.0600637598783692,0.0699910716151399,0.0606720120939099,0.126620265813467,0.0896433468157833,0.0588834600970208,0.0438086916838265,-1341.06195810145
719,0.0037833146002416,0.104966848521333,0.017612848755142,0.0799791777202304,0.065705011645861,0.0427290778582773,0.0964125600818655,0.112484810872134,0.0528019755600618,0.0435985723628894,-1338.18811876345
720,0.0283798619282434,0.0806353568042608,0.0100959722665638,0.0818017979114282,0.089168267042679,0.0390144687384106,0.150308521665429,0.124544443107806,0.0704343243732348,0.0372638981873918,-1340.70563740194
721,0.0145225242459423,0.128645890832097,0.0520664204350576,0.0862821090843852,0.085051696012473,0.0516656300694363,0.133038288943266,0.100234835349256,0.0460891261179736,0.0415314401686235,-1340.91543932607
722,0.00882487794419536,0.0954354720185912,0.029182221203087,0.0752130785052826,0.0896942056865361,0.0497560395086932,0.0957589830385842,0.101454429419495,0.097788791629073,0.0415467256263163,-1338.03843703027
723,0.0155227774961302,0.049960271238437,0.0489140791884273,0.0562682247127329,0.101834392657069,0.0536615001382506,0.103780679587156,0.0911668724481795,0.0888064052746259,0.0392731803731196,-1342.26042225958
724,0.0209391118665621,0.117979617067441,0.02654202218464,0.0717638360521255,0.0707919357600719,0.0337987762017096,0.0947581809021503,0.0825526440814262,0.0707044925252318,0.0519109356252573,-1339.10038694721
725,0.0177907866082322,0.12944466944397,0.0432723905942323,0.0408120844067059,0.0723559308995718,0.0464902963000982,0.0876191356339293,0.106895420527192,0.0762144512009444,0.0570137007167737,-1342.78590689009
726,0.0111281247812387,0.0690415920808114,0.0431731646168488,0.0708525938516604,0.0859820690181271,0.0491844351284905,0.113923725042943,0.126906359052782,0.0833756445358814,0.0518163900320518,-1339.25995827686
727,0.0135491912083473,0.0924827082970464,0.0633632323813118,0.0813242177517286,0.0510774287600504,0.0487918418659545,0.129416190957262,0.104952232210052,0.0519897776391776,0.0426680321241831,-1341.39387811503
728,0.0080110521305275,0.0595173164613733,0.0343661774816348,0.0539960077099931,0.0598604749484757,0.0436154003012122,0.13925823278736,0.111126661827193,0.0969230611624801,0.0494587070273376,-1339.98853280209
729,0.0332634276001147,0.109416034804863,0.0370496636213001,0.073086280809503,0.0852453373606135,0.0634874715315901,0.140402420788596,0.104227098541498,0.0382125009122328,0.0532810847914463,-1342.33326695344
730,0.0186644273789787,0.11404528555054,0.0239527471051803,0.0540277214657768,0.0993620860113066,0.0538978884723147,0.102590264977368,0.0945663553892784,0.0895263721104991,0.0486119813629755,-1340.69583352802
731,0.00620472803952279,0.0994627132369091,0.0255939732679815,0.0579943599221552,0.0804474530278754,0.0473926948890871,0.120468052954067,0.123773952606623,0.082337315888976,0.0381619794483662,-1337.44785351895
732,0.006973064636944,0.0834487848805407,0.0508383997258101,0.0563210724576463,0.0591950337874343,0.0531872043775527,0.156152350388531,0.126864182929533,0.0942452634369052,0.0614678654929176,-1341.89196469625
733,0.0335676085790251,0.108085408352295,0.0116019413511885,0.0582543527653004,0.0800490178279619,0.0343028318250536,0.16609271947868,0.132259081216052,0.0695008993183679,0.0617362384544303,-1342.47528758658
734,0.00862797697661232,0.102201323064161,0.0481353466331805,0.0761616073037295,0.0650003755007968,0.0409155099297986,0.192625244262205,0.127242239743936,0.0823213805361667,0.0480380242175036,-1340.69356072027
735,0.014953658012976,0.0714022301300428,0.0222271875337955,0.0682248372606583,0.0630868561645101,0.0391292846906854,0.161219986127748,0.134204200026454,0.0799850317119369,0.0371628731302729,-1338.44837966721
736,0.00661717416237866,0.109857814693056,0.0241596924130018,0.0694068992709099,0.0546550539087123,0.0413298042444763,0.147912118114862,0.133224503836644,0.0930723645271178,0.0359549093538542,-1337.79592484971
737,0.0257953674378449,0.0759852844732856,0.0496992022236208,0.0656167922747191,0.0930220121072324,0.0522444831535684,0.14176349281751,0.0974264479360947,0.0736777874663044,0.0368060949902599,-1339.63619279329
738,0.0309713603281195,0.0894130974546937,0.0442674299578701,0.0590340669509177,0.092464225862941,0.0535919961398603,0.128341745646081,0.105676163472686,0.0673745575536516,0.0393714055778198,-1338.51161123786
739,0.00149337698875672,0.129872205530883,0.0394498122174659,0.0677740242102254,0.0987430888599102,0.040298364986887,0.124806638354284,0.0960246933955805,0.0651155974538447,0.0397101548076833,-1337.73716549876
740,0.00708081014848975,0.135097501207612,0.0310669362286506,0.0631893810337408,0.0660213091012287,0.0392171876760538,0.11462557345395,0.0925441765196267,0.05793084940841,0.0325583157811076,-1337.63669424516
741,0.00981866703369241,0.160726973005309,0.0194047167513646,0.0922113806159244,0.0607325764709972,0.0299090436293326,0.0960700606525288,0.0903680726141265,0.0651484790926009,0.0268369474758189,-1342.92414451965
742,0.00965441602199405,0.196844339501415,0.0231948417343142,0.0696281651913196,0.0907897662888945,0.0588923111820167,0.136641899645956,0.105538593640623,0.0447663296641999,0.0262588044600791,-1342.73297928736
743,0.0212516706649864,0.203883024713544,0.0353366907418202,0.0622584062202925,0.0892381740842664,0.0384769718347928,0.135378783478439,0.129590231057329,0.0487936324441441,0.0252394538498085,-1343.09594933823
744,0.0287223972496651,0.0713567748479613,0.0398904845660161,0.061532583700863,0.0811169545045133,0.0479763258292948,0.139283950185837,0.111310324723142,0.123820885177453,0.042767022764843,-1340.82843077456
745,0.0354639778020595,0.0688612286106494,0.0264924733916867,0.0875897927603564,0.07878786993722,0.0473060532435885,0.128361712935794,0.100795213355423,0.0977297447691425,0.0672146397211672,-1342.13462716223
746,0.0234086242278692,0.0554109256005677,0.0387283527879829,0.0654015711541486,0.059968876562609,0.0370964390738804,0.132447969804768,0.102278179034808,0.0966009713813652,0.0440336287976204,-1339.76029713118
747,0.0208380138348067,0.140946379614797,0.0352876755644928,0.0660017010069108,0.0692381973645485,0.0506067962407907,0.12604046520218,0.111562358087005,0.0739664452504552,0.0517053384845338,-1338.94138515593
748,0.0152812593141325,0.12029644638392,0.0276633122373465,0.0716982895717068,0.07987789461436,0.0360556041298623,0.14812568401465,0.123075410752355,0.0858105042308418,0.0595107977295837,-1339.80114751799
749,0.00943688043284175,0.125034060030361,0.0433997281927177,0.0609932886132025,0.0570244086445432,0.0486433466936316,0.144103889361721,0.123745275412584,0.0851545597825191,0.0241363202669806,-1338.86747704607
750,0.0136517893562329,0.0738745437370777,0.0452244582922484,0.0820492580321434,0.0684871264037772,0.0435393684796943,0.176808729280101,0.123168722779048,0.0872880561922949,0.0416556205360609,-1339.09940094491
751,0.00716793313108734,0.0436073388558606,0.0499367557537865,0.072524650312707,0.0799915916467188,0.0505236940187499,0.144533453957725,0.140494820926262,0.0924562123859662,0.0395253269986225,-1341.5898218519
752,0.015370376464452,0.0424869623925196,0.0275565520895562,0.0931805270626846,0.0576534947429459,0.0441663260800943,0.128326610664542,0.138610361033439,0.0895848677389742,0.0581173695086512,-1342.20811183802
753,0.0382382415282301,0.103627928600062,0.0245227940899176,0.0651810261511307,0.0689194574685259,0.0494326672665941,0.120018146108351,0.11764343782782,0.073657233511062,0.0437890278797328,-1337.44059714024
754,0.0323446662756468,0.0738626377766741,0.0240876849101279,0.0637749615692431,0.067091962763021,0.0493676289243166,0.170876913479851,0.140251935048018,0.0636847619008908,0.0478798025409674,-1339.39041136969
755,0.0417647796925192,0.106297481384385,0.0376017611758843,0.0597847434250669,0.0700655250318031,0.0497926261877556,0.162933940227747,0.113000330067749,0.0536485837729465,0.0338553446146271,-1340.37038500379
756,0.0051055451932107,0.0704533850104336,0.0326704725563461,0.0740793029650163,0.0752528555022104,0.0507817834336058,0.100015489678388,0.106138848207012,0.0542409651248258,0.0461203054601394,-1338.04255090767
757,0.0247046167810169,0.0771867813038739,0.027452051562478,0.0687311518906151,0.0613167577453764,0.0502542030679231,0.139393781589918,0.117934021052803,0.0509506591632095,0.0478598100273118,-1337.98818661661
758,0.0182087229766616,0.16203071509278,0.0255567222657328,0.0643337456784048,0.085910418906692,0.0217296022873402,0.146231388067719,0.125483692557491,0.0823205977727744,0.0215301272246281,-1345.72300632267
759,0.022072987354865,0.0701293238850088,0.0554595071683017,0.0566703445700591,0.0884875206082937,0.0583997043940861,0.13767191518646,0.144612523306359,0.0831182606809752,0.0458541305266381,-1342.46688830863
760,0.0415978950621648,0.0790318988429292,0.0470730106946867,0.0635080253094175,0.0555796673551481,0.0392191179533283,0.166658623190806,0.105177979704773,0.0911194830622097,0.0232018695191474,-1343.5563608193
761,0.0269028490275541,0.0983617059858042,0.0506298355893932,0.0631139478424093,0.0766205317587847,0.0400604357110447,0.16905551829568,0.123666318605388,0.0836429900150182,0.027373365955627,-1339.73106955091
762,0.00354208985753157,0.111462653394974,0.0469739335751051,0.0655894739252801,0.0894560966345355,0.0403228342615745,0.148738898000781,0.118047307957223,0.0936065620983352,0.055282428579754,-1339.69745376402
763,0.00493826838449759,0.114593954501545,0.0410841833465341,0.0644037613283751,0.0993049504668109,0.0435030771869561,0.130503404335945,0.0970215186804889,0.0677071646594039,0.0301920441063799,-1338.24153364829
764,0.0122023506671205,0.159809377419361,0.0265748660752368,0.068924703741628,0.0712039137837216,0.0486327697528186,0.083855283648873,0.0828902803970038,0.0287926249237967,0.0350510629184606,-1341.53433853411
765,0.00201755442346124,0.158569265003824,0.0310091812318959,0.0885974706838707,0.071268548650495,0.0359456403893485,0.13098713219024,0.0915977426012819,0.0295283317262005,0.0276905073206115,-1342.00560895363
766,0.00202281564052619,0.133026639717148,0.027453352250668,0.0673752708588184,0.0920339121547652,0.0556200859003201,0.107652186283625,0.0912773433862042,0.0952646620951784,0.0504619731406157,-1340.02285203241
767,0.00357948000341968,0.153292527076915,0.0334211104561212,0.0648995152470994,0.0600992090499642,0.045802183670379,0.126565974458682,0.099881207083531,0.116664639182763,0.0506765844932153,-1342.0711570671
768,0.00901749584863942,0.0855281189201383,0.0438750634684107,0.090177986351923,0.0738126332687269,0.0330250402291612,0.121537065586203,0.124492745965706,0.0788093908411815,0.0440691253854794,-1339.34837178718
769,0.000237764662226411,0.103012475928849,0.0483767965245829,0.0885422607936484,0.0639911743074936,0.0382238934096167,0.123606270014724,0.108350238502752,0.0741594909054296,0.0435074049309002,-1337.83639568755
770,0.00559358697651252,0.0944832890131788,0.0546493072944001,0.0551346852758099,0.0520228340865414,0.0295116150792793,0.155279551968322,0.103955791244742,0.078221642432328,0.035893453212813,-1342.49819448205
771,0.0056581824389714,0.0804255953243176,0.0235159107734218,0.0793856018476538,0.097562885834152,0.0458068362284535,0.152962627527226,0.138904254726397,0.0816288090895086,0.0270632684297615,-1340.91971461291
772,0.0284157643561356,0.0837146357435739,0.018828513442612,0.0591185443497791,0.0808046444809508,0.0319137455055568,0.121354655928224,0.153820228741447,0.0960386901542799,0.0534895490228751,-1345.68110567744
773,0.0146391904226473,0.0835045242977432,0.027507053306065,0.0595706143337465,0.0679882233392822,0.0370947618883035,0.217515871032782,0.148505819790035,0.0534522057623565,0.0415340485161138,-1343.00700680011
774,0.0353782191174451,0.100372924679124,0.0157162950626143,0.111477903897983,0.0598499384576663,0.0525893088529081,0.16260366528348,0.1425174883484,0.0752260163868804,0.0400080879044485,-1342.80675310019
775,0.025994581779054,0.0378685567771239,0.0124338344458362,0.0895558036803975,0.0613819880383961,0.0550966205606376,0.158913081958498,0.143906645889503,0.0990673984303574,0.0517143025480441,-1344.18841955077
776,0.0180757070827825,0.164827067453367,0.02345305243687,0.0617836435852033,0.0795642310528602,0.047081303707662,0.122370389757648,0.0979031927350511,0.0472293248287747,0.0270710745053729,-1339.70554951835
777,0.0132572625038866,0.155442253324593,0.0284505349642284,0.0625546645528449,0.0616507972469798,0.0439781750290885,0.130920047933837,0.127696318507649,0.0616532828654914,0.0285951679671076,-1339.24529018901
778,0.00849853551863736,0.157919785246201,0.0219216504481237,0.0557647884595806,0.0673813833083552,0.0370491684185906,0.166271871871745,0.125873215536655,0.0711765388502385,0.0268191014621299,-1339.82714354471
779,0.0272867968132242,0.155237517225717,0.0207405070867124,0.0585445749461816,0.0661385751747617,0.0453836922622677,0.158447702579875,0.137224769549846,0.0666246834849338,0.024603595526448,-1341.06294780129
780,0.0258544219638074,0.103879698207254,0.0239710695794264,0.0844009055529366,0.06791126598234,0.0323871606310487,0.158543415771384,0.141572413940066,0.0832784737338492,0.0549005690895445,-1341.22465771938
781,0.00486414960384083,0.0853521383887066,0.0242772771169339,0.10772405292904,0.0602568446022932,0.0492735560083709,0.15492721266506,0.12987601142469,0.094063369620645,0.0363261712417884,-1339.67934138313
782,0.0143501229833805,0.0666172094779665,0.0249899475015665,0.056374379510112,0.0555327728386306,0.0449583377635514,0.148960017899506,0.111151132149931,0.0889659928512561,0.0600293659259061,-1340.93692801908
783,0.0263384130730893,0.0874265084210446,0.0256120422034397,0.0920964626388921,0.0924248971537628,0.0542409456436281,0.11207645394494,0.0943267631566633,0.0509988164566514,0.0632493311493247,-1341.00050370241
784,0.0224151949955347,0.0911891895073593,0.0367203942773379,0.0529786323716568,0.0600135492246846,0.0428957377828712,0.0600272146251273,0.0942027258208341,0.0665832056075418,0.0402028503638869,-1342.06191079523
785,0.0208346203926039,0.101836389885558,0.0351360562908958,0.0952667620014317,0.0751887184962339,0.0414506559761787,0.125043341680853,0.110583174639708,0.087683702850365,0.0455486416641549,-1338.69329680761
786,0.0231829558848386,0.108825002626139,0.0160189181452374,0.0439107042724645,0.0500951163531495,0.042910207927,0.109037495998857,0.103443914495951,0.0806410579589733,0.0408376600102459,-1341.23583438162
787,0.0117021940695041,0.124273471639776,0.0418147319274855,0.0919554117607531,0.0995813233236172,0.0475509381754426,0.112849513250286,0.125435284393729,0.0663472680225124,0.0361078454050311,-1341.127254654
788,0.0289123370421106,0.0351776484959556,0.034733996420349,0.0717323772536061,0.0453655092018313,0.0683951956596243,0.108779310864099,0.12221297524082,0.0691947532946917,0.0419716125254036,-1343.80876999686
789,0.0515956126019477,0.0965431140186332,0.0534837482328945,0.0558341276381274,0.0655572067113635,0.0329660695028093,0.152794668584909,0.124298686810523,0.0693211031718963,0.043672316774701,-1342.8392900559
790,0.0537104453705427,0.0383109665385851,0.0495932131413755,0.0549757251437212,0.100459770237212,0.0536126640832661,0.133768782442499,0.123059891109959,0.0508190247378547,0.0419286411715456,-1344.6298267385
791,0.0495673675150421,0.0572169377870914,0.0316878298756807,0.100307405241211,0.0634966703867649,0.0454292101877678,0.168420668795252,0.134874367342544,0.0728650734025545,0.0517350269960803,-1342.08318106232
792,0.028501145878122,0.080533398331125,0.019322200793797,0.067909783633519,0.0483559148524981,0.0471629145074383,0.159052840350687,0.130384962475864,0.0724212004383746,0.0408308325985538,-1339.31386102846
793,0.0328621008693596,0.0655956484628979,0.0514965032309989,0.0700212323514612,0.0966303240167878,0.0470925179730321,0.181295636858946,0.141848104983736,0.058010761441214,0.0390577638690989,-1342.17973270414
794,0.0203959137447658,0.0924546030181358,0.0465325154343431,0.0652543084589841,0.0356550941305693,0.0464608455103526,0.181785309979691,0.146487758613527,0.118451643932642,0.0423649263746974,-1346.94035479322
795,0.0297870854231002,0.122942226556038,0.0141622941171918,0.0671521291257339,0.0422416988699897,0.0416689620752244,0.173935516742478,0.147820364314903,0.0508908400140657,0.0477859840129778,-1344.42210179633
796,0.00134467539128617,0.125165341628744,0.0146045505484837,0.0695416018644707,0.0676472275902703,0.0422570218614957,0.15575287413021,0.133565145357766,0.0943820275985268,0.0279041381203579,-1339.43507708944
797,0.000109416649727003,0.0663170946524475,0.0274906032814308,0.0869702833313752,0.0568103888172623,0.0444075435042766,0.160217379155288,0.116754560726433,0.0968865785634519,0.0280126355404266,-1339.82064363858
798,0.00065758022599769,0.0802440402037335,0.0593768639774751,0.057508066276687,0.0867317266455951,0.051120655568728,0.173807343233407,0.128423954013702,0.0813066077359392,0.0270739040044085,-1340.37241209716
799,0.00749711569354964,0.118511076433532,0.0444587431152629,0.0720329783932818,0.0765770430932738,0.0339337728275038,0.144286626237943,0.110633473141761,0.100796589454549,0.0367368719350961,-1338.80882624762
800,0.00413508522482125,0.13723898778526,0.0194651549639465,0.102066562977176,0.0918336156193158,0.0279696437473276,0.146831974946665,0.113974419859091,0.0352212408907845,0.031392844506228,-1343.22297242586
801,0.0205760822361196,0.108305737039381,0.0387954786625497,0.0962898721556329,0.0704939206446301,0.056720109108482,0.129096494489997,0.103197184581085,0.0463205380652779,0.0490026421918865,-1340.38506501609
802,0.01762384145932,0.0840520537863539,0.0233220001532021,0.100536664778468,0.0681283841763215,0.0412227035933995,0.132865289151705,0.0982220745313392,0.057305327049495,0.041540067558851,-1338.80590215929
803,0.0309571908797593,0.107736683700159,0.0337731500037552,0.0956518188115099,0.0681277372659772,0.0440261819149819,0.13052820136869,0.0792671785424565,0.0719250291382751,0.0356651184214458,-1342.33671131458
804,0.0449109542197147,0.085639448685098,0.0303923800205589,0.0986766443787748,0.0681553478002243,0.0419732616880286,0.130968206856459,0.118448791475687,0.076312628166553,0.0504654736337921,-1340.13473920575
805,0.0167525574689777,0.0575419038388561,0.0347720955983727,0.106754777056091,0.0662628671291724,0.0590053566177004,0.145330198876476,0.1359604018684,0.0579581277037687,0.0322057391774145,-1341.89232323391
806,0.0181739015188031,0.0479001984608001,0.0313449411756939,0.0720832620962329,0.063226582433703,0.0580094748536837,0.171787016681936,0.13179095491488,0.105855916078021,0.034271385076475,-1341.50118773082
807,0.0105557625046875,0.117892381029149,0.0458503482279626,0.0740707193734618,0.084878545275069,0.0444742064444901,0.117372742161052,0.102551729184447,0.0554046811578677,0.0225502949861748,-1339.00901807847
808,0.00576344026784419,0.198609640737304,0.0353756749999159,0.0790261149995292,0.0695621450821157,0.053789028735775,0.118093914753901,0.121366076486709,0.0493450665444261,0.0232026690160539,-1342.25229944443
809,0.00248515002303615,0.174889859502005,0.0307433698070779,0.0907342622480052,0.107376463284223,0.0527594950068244,0.139171064198979,0.132201697585657,0.0376989581946558,0.0303031212925719,-1343.74732481003
810,0.000166629038300879,0.17271565107672,0.0226297087433056,0.0593908400256564,0.0609983804914559,0.0450961501305253,0.159187116493084,0.107603722940941,0.0739167284528214,0.0358468395561645,-1340.19820381369
811,0.00526501181221637,0.143239832945841,0.0288024554049174,0.0637888192363242,0.101676229041161,0.0408491963063476,0.135132661223655,0.109051544104983,0.0447079980987386,0.0491622935859424,-1339.31835484807
812,0.0141135171232604,0.12246393288713,0.0317199876167432,0.0572825207849106,0.104004729843422,0.0366401891565059,0.124241686273999,0.110799096356137,0.0589810521922988,0.032360416538561,-1339.31524304964
813,0.0276417319885705,0.107897857233624,0.0387354486371284,0.107410086580164,0.0662723119907963,0.0566988617201937,0.142970157660805,0.12685387165218,0.0742538304297118,0.0379178864506549,-1341.54994006094
814,0.0118595714322797,0.0977954765759485,0.014377116600342,0.0682627360295994,0.076220327993502,0.0603273130167242,0.131069385828067,0.0895216323516114,0.113469073268849,0.0409605458307793,-1342.84554398677
815,0.0103568305097376,0.0883972461689053,0.0393276102602437,0.0629053524215944,0.0766070182547623,0.0450653805689895,0.114190766317913,0.0959024025635907,0.0687874618216086,0.0355368441258516,-1336.41865154068
816,0.00765983974912993,0.127454131135306,0.0339220939953442,0.0686907524864558,0.0794467395868437,0.0512004059684462,0.113685324142251,0.0926289139470998,0.0683862001668228,0.0377127430868899,-1336.90597116035
817,0.0133597054418501,0.0629714320587069,0.0393338156217573,0.0795110529856345,0.0582461044473873,0.0428144302435107,0.123258838880998,0.102617109628552,0.0692355687514583,0.0533454032095603,-1338.08474931338
818,0.0053042629450362,0.175082907577375,0.0131015503924374,0.058174221090601,0.0671984303997985,0.0407985458475577,0.138352257019782,0.111243228796137,0.0702882765161824,0.0428588074146806,-1340.70074475138
819,0.0205212872683607,0.0758340347790583,0.0236037670383412,0.0710095486700162,0.0640080513724325,0.042369126111158,0.106296303379253,0.11008656155636,0.0823657536668817,0.041436474033703,-1336.80929120584
820,0.00361673477681151,0.0816094813660986,0.027577696016373,0.0738448629370839,0.0685260297827791,0.0524685075494134,0.137661857632662,0.116416639452645,0.0782908144197258,0.0483501859338709,-1336.80891563927
821,0.000408551159079859,0.0883454366721238,0.045578522564132,0.0774350269819965,0.0965851340522159,0.0403457105725133,0.106273842027084,0.0726964135782157,0.0782650824662753,0.0517809830239937,-1341.75565398634
822,0.00327041493066715,0.0762497000287573,0.0360850238734441,0.0577795218104698,0.0636081521289654,0.0506421894957428,0.079575607417484,0.0945361481530083,0.0663762376170211,0.0446454148922931,-1338.76248680276
823,0.0385595121866061,0.0538802933459927,0.0344513631363515,0.0902274933816489,0.0809575590717519,0.0580025676283727,0.134954052686265,0.115051544101632,0.0776134987830602,0.0481098020524883,-1339.7115039958
824,0.0104384941397679,0.0691604113469058,0.0242279009218582,0.0889480974786351,0.080879172331731,0.0505317809709345,0.128966925869166,0.102498036070045,0.068138871898675,0.0491735310273727,-1338.06326626309
825,0.0125760090991621,0.0519104607763642,0.021548888259133,0.0825042412993483,0.0517913669862029,0.0467058562926562,0.088367730369459,0.099282409730505,0.0760148904353882,0.0414571089390636,-1339.69546169493
826,0.0140949197529901,0.0559174963993868,0.0495804325190045,0.0837427353412767,0.0787589283640074,0.0490008174686673,0.094096868553155,0.0988657895626212,0.0635789511438718,0.0436578631823408,-1339.26964376147
827,0.0405845855998863,0.0729874850730875,0.0337855052896865,0.0537939594357947,0.0750971447282994,0.0476318912595151,0.135595495221257,0.125749071046458,0.0763551797008453,0.048213027580563,-1338.89771298369
828,0.0351585178905201,0.0957788632763077,0.0208944263259417,0.0941634680831083,0.0685059890756067,0.0440666046486597,0.127418798228779,0.128759443365002,0.0783862323492192,0.0574904724744771,-1340.28491154219
829,0.000484123471447418,0.0911161273556895,0.0207510248819886,0.0593792938114206,0.0759640151116328,0.0402398197082506,0.145723584679223,0.0922033139328134,0.0812541048669023,0.0249828401536354,-1341.1753837288
830,0.038063403559769,0.111543974765459,0.0476165662432499,0.0673841622408151,0.0724220947360475,0.0402225554153115,0.156282081521576,0.12071686094482,0.0653267993673515,0.023264441295614,-1341.05302953274
831,0.021172159277541,0.0979842026714524,0.0253231840662445,0.0786379934966732,0.0845193075537869,0.0372964402554199,0.122023138561988,0.0977510488116034,0.0686705852232365,0.0442039810500219,-1337.21574418292
832,0.0181018440405002,0.102135165095609,0.0302523822535337,0.0778064358150733,0.066012192446752,0.0371213832108054,0.116482786928648,0.108197384841146,0.0694993079244314,0.0486795985000138,-1336.73939760788
833,0.0417258760799637,0.115741033645054,0.0145134655877629,0.0578469262121284,0.0490086693319813,0.0513050837917302,0.126281423529098,0.106348363727268,0.0418555340993487,0.0405905016514556,-1342.55506271734
834,0.0221010064469031,0.104040299713915,0.0128315465789315,0.0978299177121688,0.0912361242169744,0.0369772464332395,0.179217126273848,0.119169730830457,0.0433584614066935,0.0475033983052356,-1343.33900159881
835,0.0136223399978329,0.088956002065881,0.0663613304965025,0.106146953762958,0.0744578293283679,0.0403758283398236,0.212278504674689,0.175766910836616,0.0568203112155767,0.0270849912084321,-1348.73049002074
836,0.00216682620083777,0.0669995071150104,0.0565771360483872,0.102439921929749,0.0733566575919339,0.0416585704806921,0.190718994231766,0.13588142103148,0.0704948257386379,0.0605651329064551,-1344.72936483999
837,0.036432831114691,0.0493985603842343,0.00644364310411176,0.0705374273329776,0.0668375677155458,0.039976848742454,0.16074018778398,0.126395117139401,0.093091986621552,0.0490626868307059,-1344.29895069464
838,0.0271890900843374,0.13410588251976,0.0178567033981246,0.0869683819173468,0.0702230171870565,0.0554707046417426,0.156580849942304,0.129005292863657,0.0818212262831446,0.0248487740688147,-1341.74560134739
839,0.00672874292990792,0.143349914956694,0.041755755072459,0.0475340570300034,0.0814186991720488,0.0387530782270571,0.187815593367614,0.124679173557224,0.0768110178043715,0.0245191129652439,-1340.92711926668
840,0.00579081322156038,0.14544397515737,0.0522062529271285,0.0459832957723738,0.080854226880523,0.0400802643089372,0.143260671360775,0.114508121071172,0.0731334632751045,0.047062529441117,-1340.42433541122
841,0.0017294979954159,0.117384147267167,0.0182212333191149,0.0871192920146176,0.0918600658860144,0.0404124599314993,0.120993368767148,0.0999020422915914,0.0700662624917534,0.0239982395857462,-1339.78396583174
842,0.00285306003209704,0.128122395191569,0.0236386436601132,0.0870781466245151,0.0750234101625579,0.0497014211635743,0.149462012180022,0.10557119104975,0.0707366664324443,0.0342683132788236,-1338.12715125483
843,0.00293993628963284,0.113063102933841,0.0288191369389027,0.0665295893320111,0.0567626161429423,0.0394767913887201,0.064706411376985,0.0930245960003191,0.0756417974720528,0.0470370484630632,-1339.85230834641
844,0.00740893273896279,0.104557316166411,0.0131257254250327,0.0888831532544341,0.0528988051812669,0.0517616205162714,0.0676486112726708,0.108206876678538,0.0868842872029182,0.056037768213786,-1343.57301994814
845,0.00638701433392556,0.102139135805142,0.0163551601348906,0.0647892747374864,0.0619272864662072,0.0453578614861418,0.173191964418701,0.157900839520714,0.0357341823718342,0.0531581453174287,-1344.30211443119
846,0.0236195280352578,0.106535283445565,0.0161046067650618,0.0780687110501329,0.0721501534863055,0.0457016906880306,0.156965428672015,0.0991026337636289,0.0685541207931957,0.0457548166589661,-1339.47368812427
847,0.00850929163248101,0.1506384563556,0.0368183722764642,0.0845931659391345,0.0737589988260899,0.0402577841307649,0.100680562530629,0.0761821277408876,0.0538912056524374,0.0459004292786257,-1341.18200276648
848,0.000940463304830817,0.129773629939438,0.0504373047220375,0.0795368330442116,0.0913857914280923,0.0536547107210262,0.10069925118995,0.12557146323263,0.0557962928553909,0.0400227649185281,-1341.30779151226
849,0.00585583434409999,0.123313189706213,0.0397803371434815,0.0519917533939939,0.0761796018286156,0.0403567718959646,0.152712471388836,0.121668955032301,0.0914025601046248,0.0382069585461215,-1337.84681026656
850,0.00252370211820991,0.0968266830118972,0.0290826824393223,0.0750490833870379,0.0873042984099816,0.0331200477855581,0.107172592991398,0.109419123545592,0.0639682992479248,0.041293079620875,-1337.67597867263
851,0.00101720262259271,0.0856670063923476,0.0418898256375192,0.0846574182438077,0.0610039907456342,0.0586683050970595,0.126011380057746,0.112968944345288,0.0672636779848817,0.0489143252332472,-1337.9591857171
852,0.0123230928328593,0.0825491689550534,0.0211617966595202,0.088633960457247,0.0697709707662673,0.0600750115655518,0.0974988451449979,0.0992034467051454,0.0894590690939353,0.0389482264234551,-1338.54201899006
853,0.0189714594612249,0.0919476140479741,0.044284241461462,0.0906889863887254,0.0705761155057112,0.0352945796196862,0.118977626938624,0.136567059612915,0.0813408487427112,0.0480367063708236,-1341.37076635171
854,0.0309555233922213,0.0647451331963625,0.0547996792905596,0.0753919298386948,0.0729245785728654,0.0440872306932453,0.179921696605663,0.120294568544773,0.0677164700736757,0.0268883300578842,-1342.06630579383
855,0.0108247274272675,0.0787437575316128,0.0706253206613785,0.0439559094717332,0.0686572087994912,0.0621704488739843,0.106809546970559,0.0986509735899113,0.0765540961431562,0.0433743224600554,-1342.38977927411
856,0.0137600597656446,0.0568800000509325,0.0409713431389711,0.0548087237849718,0.0422796583779469,0.0558567324657771,0.119695997251086,0.108243276143821,0.0746193907728397,0.0400240034252972,-1341.35890307979
857,0.00774977305133276,0.0994465860590627,0.041363407131946,0.0625042374583902,0.100260955458908,0.0507950042456326,0.107911181446574,0.112643353786492,0.0701317002271652,0.041908532635356,-1338.22805558462
858,0.0236279487492389,0.107314214224976,0.0245545961255235,0.085501471239317,0.0324464128714337,0.0532313609360768,0.111340279112976,0.0991149383989865,0.0906814399468609,0.0412160425644561,-1342.88967654634
859,0.0229740279495327,0.106234830379344,0.037896047253294,0.055948634150476,0.112563818197024,0.0628547355247993,0.160070959084068,0.120437609816497,0.0821348157339778,0.0377782564581482,-1343.08742951349
860,0.0226685127964574,0.134545570925562,0.040581654431991,0.055618971177038,0.102166682970734,0.0300115262777207,0.190903840832187,0.135992647914868,0.0627804752673895,0.0421196660370582,-1343.06135564145
861,0.023875762563145,0.133966905620789,0.0407632484403827,0.055191049408755,0.0763137153593549,0.0598394892861033,0.147098516487287,0.126343345038067,0.0598279024121726,0.0377789250449006,-1340.21287061726
862,0.0118217211293677,0.101021048620848,0.0244950978386824,0.0796339165648435,0.0915800289590438,0.06551434768713,0.144288237791432,0.11062488618291,0.0910490149484833,0.0580950285497004,-1342.36953231157
863,0.00380848259998345,0.0938514622479616,0.0376289328231679,0.0942471058587217,0.0860173823330466,0.0385826927620368,0.119894799311676,0.106019791933335,0.0838380764671716,0.0548566010238508,-1339.08227712423
864,0.000309829416451531,0.0793564737803779,0.0237803327676014,0.0746179694729182,0.094937319341478,0.0682435290839787,0.0854769422456421,0.114363030234071,0.0781889065405148,0.0444528847162833,-1343.56570210132
865,0.033158821777088,0.0809452955656551,0.03316844275529,0.0681484703456169,0.0910911433756014,0.0515568282823721,0.175294215676427,0.13246967670733,0.0703335701262157,0.0380650714813038,-1339.63643614693
866,0.00327574659925248,0.0863455328917318,0.0285796936711343,0.0666230938158842,0.0861861863747897,0.0474598383350288,0.173574608365414,0.127817402841491,0.0701775836587806,0.038725362816248,-1338.4826514468
867,0.0216088755826714,0.134025419145407,0.0396660877037506,0.0810927821432505,0.0878506711461439,0.0424653886628422,0.110729395058394,0.127686175466503,0.0480516613143291,0.0366885473635077,-1340.9001178913
868,0.0276858207760548,0.0763518611130678,0.0298989338713318,0.0690824818203405,0.0582364174763649,0.0413351679434021,0.133947952607939,0.113519159573969,0.116488792510703,0.0500635391118248,-1340.27483629146
869,0.0230715620946296,0.104837839419353,0.0298503463486564,0.0666508439372773,0.0881717538157751,0.0384367211878662,0.128162143383161,0.109193612225554,0.113599781612536,0.047170917037369,-1340.02905144474
870,0.0193535297520665,0.0915060148074184,0.017371140478604,0.0740440188672166,0.0508715579622004,0.040198252932274,0.116995566225997,0.114986608220049,0.0990726350645109,0.0350078869415481,-1338.99202929257
871,0.00780810953983903,0.115115825803001,0.0120104305129876,0.0798811083702327,0.0630740276544118,0.0513620079171324,0.153562240926467,0.157381661005095,0.0940802683685753,0.0352711891083724,-1342.08934901121
872,0.0184890817155019,0.129982088279751,0.0289659256787388,0.0678316832607838,0.0592315488852975,0.0398770639189055,0.18566071740493,0.122446799961014,0.0677137799384524,0.0395809223171086,-1340.06008593791
873,0.020272319241918,0.136048076908082,0.0204625769698279,0.0485671066312976,0.0841103417031833,0.0393934620949685,0.217468319225754,0.119798076362993,0.0549422370303027,0.0397380358350353,-1344.45593200482
874,0.00225927911751977,0.15476985495716,0.023840792378891,0.0523666933208205,0.0962832932480754,0.0338780032493124,0.20516916943645,0.134528923162083,0.0753164586189775,0.033773124099982,-1342.12683484199
875,0.00323012124648335,0.146332114579696,0.0288245812724869,0.0683151017463116,0.102460488865266,0.038441453090264,0.161487029963753,0.11674517562867,0.0843199768391794,0.0304476891395668,-1339.85896215959
876,0.00195027412900777,0.0934810558736101,0.0194480423185819,0.0996499421744644,0.123130079098731,0.0355736008157644,0.145452528233128,0.120597377233219,0.0794985174968982,0.0339115695853576,-1344.0681638903
877,0.000612865888909223,0.101182265988688,0.0271135434496528,0.0777607866789384,0.13342258116851,0.0436096990282097,0.150983039677014,0.133675311451448,0.0681401889876105,0.0491427919549045,-1344.17255764659
878,0.0153643249320974,0.0719127461437228,0.0348020884571172,0.0836833781628763,0.136372750207724,0.048824656430545,0.137737059474071,0.127656386313557,0.053129324739724,0.0551145449227529,-1346.26861399201
879,0.0262088979266191,0.0815576536904576,0.0295455289178857,0.0742836398604166,0.108662587645019,0.0350108429581535,0.119943158946362,0.110300327243575,0.07256266534366,0.0413439058437406,-1339.94689478565
880,0.0152973287652612,0.094761320793,0.0286014581773827,0.071012578137642,0.0534004576544498,0.0536891645781323,0.101639699759589,0.108378060062088,0.060719492940226,0.0553882089631174,-1337.79465424424
881,0.00208247925880864,0.114028758103373,0.0373240188740927,0.0784488925251459,0.0891212738967087,0.0362385300330446,0.148656867419338,0.111687169673492,0.0813053671620483,0.0240001809791509,-1338.68535465468
882,0.00146057362238329,0.111959859485297,0.0418511899191346,0.110638848738137,0.0792757796782068,0.0507309606378323,0.153153422716271,0.116608898345679,0.0888779126045486,0.0277602672441388,-1341.19173240985
883,0.0308897080988385,0.0854924033170966,0.0426411940789576,0.0405938541513548,0.0672443029344444,0.0458973893421525,0.128700642854774,0.112904253369216,0.0701880874792561,0.0400770416269185,-1339.85492795747
884,0.0170549104559706,0.087381443962709,0.0374851640622093,0.0489838383951522,0.0676083648742431,0.0349201212248533,0.130042923130303,0.103547350020455,0.0840982971110405,0.0411217369131415,-1338.41831062798
885,0.0211187707661397,0.0917474963361302,0.0384741324260563,0.0634633551228888,0.0811678069347018,0.041560593191206,0.138593204543165,0.0771695921172849,0.0886260512092024,0.0406600367699854,-1341.50243626341
886,0.0176857121440966,0.116069477288684,0.0253163495080922,0.0656388579907933,0.0702763516560423,0.0502410947581692,0.103354255455099,0.11265722821625,0.0548648034809348,0.0405682885826665,-1337.35299913566
887,0.00879225155718212,0.112670563526174,0.0342424145895576,0.0900799528346293,0.0791638391231667,0.0463742234564157,0.105222673547402,0.108001341353823,0.0705362796161723,0.0331860430917225,-1337.48820334971
888,0.0112657733890721,0.099771934315567,0.0254075733170637,0.0843113169935337,0.0500823593322901,0.0773475238113676,0.163830811315728,0.119623562636252,0.101556619185881,0.0398925167548637,-1344.36825265722
889,0.00741375054333907,0.0804137078117406,0.0422509143862054,0.0675023946818328,0.0458609401157402,0.0287990899950851,0.104884950179409,0.0937015028394197,0.0978135870102378,0.0381834049247891,-1342.03109451806
890,0.00747567803394134,0.103686059239195,0.03431665653888,0.0646664649173844,0.0937870890541078,0.0305482970718583,0.13602027916396,0.0858658355919189,0.0948343019284271,0.0389589959546316,-1340.81231925639
891,0.00291593797069086,0.106992080453691,0.0252629909331764,0.0767542067187978,0.075346565013324,0.0605675754203832,0.0853786745449208,0.0940952099774322,0.0972129565920045,0.0296753002205387,-1339.88816772548
892,0.00680810402700813,0.0984440969534173,0.0371740103163339,0.084961019751131,0.0692490167236918,0.0423993264378188,0.115272253450631,0.114558285594216,0.0628533438214375,0.046217550958831,-1336.69259984003
893,0.00904105948544369,0.0663219680562695,0.0322623408246154,0.0703116905004441,0.0663542039202904,0.0501609129178359,0.114604384135618,0.111677429335868,0.0764219684792834,0.0284921153450209,-1338.03082113406
894,0.0285571671901015,0.130285477551632,0.0414009222653701,0.0712747071811256,0.0758202708082759,0.0520684769395587,0.136459568812432,0.11264201479206,0.0540031632092268,0.023115721657769,-1340.07285078902
895,0.00495366697276905,0.113591731762284,0.0335590840368429,0.0739086912310417,0.0624795122683407,0.0523291159411971,0.108564472908767,0.111598186734241,0.0496488631382812,0.0382979201037524,-1337.33313843955
896,0.00602577835277338,0.12315095399468,0.0289505686439812,0.0884458959582104,0.0515198294331382,0.0438138927132817,0.131640330280333,0.112357931428267,0.0855857477911831,0.0373113366105937,-1338.14753358908
897,0.00254233084211544,0.110131053249626,0.0316572250916337,0.0478542007479328,0.0745454063139679,0.0455715508882194,0.114859813588376,0.112706841288422,0.087388374441428,0.0400300739644111,-1337.51948907073
898,0.0570363759330617,0.0754327489694182,0.0497849307453814,0.0744244745902374,0.0757651329613144,0.0582474279229323,0.134190400637107,0.109244075103158,0.0544473958437497,0.0398229572274025,-1340.89507302195
899,0.0485000646448253,0.105989225061553,0.048917720557772,0.06807309983014,0.0757480026119659,0.0449024808577545,0.127833188061712,0.123656897656782,0.0609857251612532,0.0631933717479276,-1342.18907308641
900,0.0669232479025278,0.0335477515536106,0.0399152785366286,0.0835228146860086,0.0720530190044382,0.0542962517099236,0.116005566710579,0.131065305424595,0.0594910041816774,0.0502939826951808,-1343.00125242572
901,0.0373195069744123,0.0466272985998949,0.0391410540466052,0.102796908532247,0.0690030976393114,0.0458023289382994,0.154125371698967,0.115393407015108,0.0627612844924373,0.0460302292380122,-1341.26696048756
902,0.00407472040563053,0.158095139521171,0.0134445581977263,0.0762389236853733,0.0655959977861961,0.0449603732975753,0.105071760808369,0.125624901931304,0.0948490958584368,0.0379433472183173,-1342.21260324158
903,0.00400414160197004,0.0706146362358803,0.0283886890627928,0.0718522341441818,0.0686279815457942,0.0444256702525054,0.126905993365171,0.124283101696456,0.0710441324348424,0.0480453278229642,-1337.33879744162
904,0.00728118420762627,0.141857702174083,0.0322773490400539,0.0550088698276613,0.0399480565645875,0.0455055313679624,0.117440724013615,0.107560144680324,0.0600159986779702,0.0652161783030132,-1343.59403980199
905,0.0220354025393967,0.08334700246539,0.0313085107306492,0.0564250088317803,0.0413510106582015,0.043466778937911,0.101448290583993,0.112281689417311,0.0728106186262408,0.0630412964598713,-1341.63899731664
906,0.0128002967955328,0.0789171766447735,0.0280059621922347,0.0722242964199938,0.0885551032100391,0.0490484437275841,0.16397634307783,0.115636808796133,0.0684754793177719,0.0465367170392941,-1338.52176588583
907,0.00309388918271074,0.150781971589127,0.0157151979746163,0.0858121452967885,0.0629110360947481,0.0529052841903603,0.108143066637509,0.10568839626277,0.0664736350114607,0.0575269947536996,-1340.62822192118
908,0.0125398708555595,0.124601891914961,0.0188315938852292,0.0732300134771707,0.0550950945540157,0.0542800705024452,0.127339159173816,0.124001605177725,0.0674882059740741,0.0531280217410577,-1338.94126434019
909,0.0253738664131574,0.0761451797361146,0.0443185432872788,0.0840831936594214,0.0763255545048541,0.0490614466094512,0.0983195791593645,0.106455141076848,0.0570525526619299,0.0484540171157618,-1338.35765947655
910,0.0247257472242271,0.0860248877056539,0.0418016571695331,0.0751043141997472,0.0642451485767287,0.0449138247830912,0.102045793284474,0.0833955976706632,0.067860559840861,0.0520736615747556,-1338.50720221594
911,6.64172342019458e-06,0.101906062619207,0.0368987557586852,0.0629273894664157,0.0773202816181569,0.0398842060005796,0.0937196855025522,0.0997394887808371,0.0864402108171647,0.0568459459087185,-1338.05763633926
912,0.0109129395961244,0.0915375176139927,0.0212144422855387,0.0754354204366319,0.0553401046715207,0.0388458629447139,0.135484403349633,0.0965725380700968,0.0882864816374382,0.0377266633895395,-1337.99898768092
913,0.0168817070689509,0.0914597346728971,0.0575106277057465,0.0534827627126482,0.0902468269772321,0.0575801357974834,0.135820668753445,0.123898373682542,0.0720238750561485,0.0367095735937906,-1339.90727739694
914,0.00873374180328719,0.108376628494634,0.0522186228116511,0.066871445990613,0.102646821160461,0.0520035788578988,0.142514347479786,0.116706751970953,0.0672690236354492,0.0442413697224788,-1339.40272746125
915,0.042951014145243,0.161777250478499,0.0292720203289703,0.0612495441586753,0.0727298187068166,0.0383368537897981,0.154612493970007,0.119315089063405,0.0640090959706048,0.0376290612865689,-1341.31711058055
916,0.0143787681961535,0.12286728259807,0.0275717729252074,0.0868965378762481,0.0802527222820894,0.0487494169941936,0.141685162962145,0.110946038017459,0.0939517730824731,0.0282041176055705,-1339.08320625661
917,0.00759204589358299,0.076011376315187,0.0608827207520297,0.0529563052019828,0.0767161972870053,0.0420253405122821,0.148869934817897,0.131675226180839,0.0923197898680073,0.018277801873348,-1341.84190050083
918,0.0178819466900753,0.109856160639078,0.060054433732595,0.0479851722021339,0.0621177787854592,0.0420413992566464,0.166241701528992,0.139272496456135,0.0963599448498246,0.0206038674973819,-1342.70368961153
919,0.0382981534285087,0.102488211815081,0.018576568246441,0.0959453829745506,0.0604386244811325,0.0433362612525622,0.171735883044864,0.12573359276814,0.106053407361585,0.0266272928462316,-1343.10107881034
920,0.0117819280773545,0.0973039193364776,0.0219934503112624,0.0958863448886152,0.0625165236218291,0.0404499416607759,0.115026537535226,0.131727312912067,0.0525515188476169,0.0326578579099273,-1340.31075715595
921,0.00358806588997227,0.105204796633951,0.0458706603473616,0.0837804581601761,0.0957738249846475,0.0367009106015726,0.194337261390904,0.155595131569462,0.101404626377969,0.035068295480185,-1342.76358739476
922,0.00341149792943297,0.0890953511916056,0.0422703487169494,0.0640852448981175,0.0546467809898077,0.0372111578841801,0.200138526090441,0.168498178524749,0.0781721673041822,0.0305404968264708,-1342.29751931377
923,0.00476796049937436,0.112681334264583,0.033831741159051,0.0681639506323907,0.0619670154075824,0.0433877453521852,0.176403682184359,0.121235509406098,0.0720946519307982,0.0238861417557555,-1338.97447624284
924,0.0125411152359762,0.156243498031882,0.0181120377131412,0.0780235774346146,0.0842428747672313,0.033836825029343,0.0892549296892073,0.101510126270454,0.101127344678283,0.0529439988087019,-1343.94884374996
925,0.0134888694431784,0.056846677734783,0.0450258584413559,0.06348437963919,0.0653510114498474,0.0343901542018658,0.135703154206511,0.098823525267349,0.0877449051901433,0.0286636250769656,-1340.84024794881
926,0.0105800974715743,0.13715965906073,0.0401559264202428,0.0829465718637749,0.0861960925683115,0.0585446283697909,0.138536781986163,0.122939174092836,0.0514542990214045,0.0421348089274615,-1340.33759578042
927,0.0118269879850468,0.10100648402779,0.0363652392429487,0.0836761353296507,0.0598764908847837,0.0367535149964534,0.121612292845816,0.0921834008132255,0.0640938034839583,0.0360216507405969,-1338.1645208301
928,0.00839436018066895,0.116717543178219,0.0374468651305896,0.0821210161426642,0.119616080473194,0.0487505567985517,0.0954211346393671,0.0948495738326074,0.0433986160981327,0.0321082296233464,-1342.18799153552
929,0.0442115192352083,0.039830179229385,0.028266587554221,0.115362214573594,0.0363394469259484,0.0563616341395183,0.119435297725316,0.136853002299483,0.0589724239653637,0.0556150376457904,-1347.10448948799
930,0.000704647740177562,0.0760068026112775,0.02073573819534,0.0683235083003856,0.0747798217346771,0.025939160200801,0.132123334912078,0.0959163769903109,0.0790808179553025,0.0366704346989477,-1341.50824830425
931,0.0137765485896235,0.168782946970829,0.0283407236651534,0.0542545775485272,0.0729780520900531,0.0361306708557517,0.0935166795796079,0.107587392546938,0.0441093718125543,0.0340250230940861,-1341.41864987571
932,0.023817843538056,0.15500958571254,0.0283661919547755,0.0887926456438776,0.0666734480505827,0.0558422663941503,0.0941817520572505,0.117930930829527,0.0535408632418641,0.0288714806225705,-1342.23057886848
933,0.0273986586385586,0.138394219520432,0.0229626980701737,0.0949432100352886,0.0547433126282292,0.0432217603031441,0.160379791329414,0.119628924767447,0.0533408871595134,0.0336880907383121,-1341.74727320414
934,0.00258874184432504,0.0986265791920849,0.0488362846854567,0.0470862020973341,0.0655081188186181,0.0603791077484876,0.160163143348499,0.114323790526929,0.051758231422535,0.0328449569499549,-1342.14035274569
935,0.0514844717892437,0.0817112302227868,0.0356629785668549,0.0971082559293565,0.0746931574729081,0.0361010055876094,0.138201907199853,0.103521375123164,0.0550306839498572,0.0434500782739879,-1341.66021743802
936,0.0213783577896949,0.0730130387014753,0.0268715086572488,0.0642676172540298,0.0719058910295241,0.0590519598992112,0.106475903902493,0.107095800152106,0.057198221856523,0.0571366470579939,-1338.77709189585
937,0.0411296135622897,0.103983425077157,0.0301700105763776,0.0668263938541151,0.0660238393948252,0.0594710824699047,0.122876134985731,0.118896561932957,0.0549209158123106,0.052858646152418,-1339.21709626425
938,0.0458356489407057,0.088586311332905,0.00897622728806484,0.100832882422352,0.0639318185903555,0.0615063808772034,0.141201198779473,0.118758279879049,0.0740327491538341,0.0353150779115534,-1342.78696408328
939,0.0609608427101349,0.0673756057696199,0.0417308423855986,0.0703492009120818,0.064097079991274,0.0536349505081029,0.111558387449169,0.0938902932275278,0.0757844147126212,0.0356416116427794,-1340.4387789049
940,0.0461982374821537,0.0526115476880999,0.0402570896067806,0.080245837331352,0.0829496243538232,0.0568620278337102,0.0739254820794286,0.0948983751323959,0.0732328131073424,0.0451812012228714,-1341.48004580763
941,0.00135956626705179,0.0596960903227879,0.0331842267722917,0.11614928337351,0.0767338228126739,0.0541591364779857,0.133752293994919,0.12260501724549,0.0744332930856127,0.0562333858787544,-1342.04585806446
942,0.0170090371764968,0.0637070419045481,0.0099285312229028,0.11348613406393,0.0900936127253537,0.044781721394884,0.125654027080281,0.123559285823494,0.0793722945717805,0.0484259853614914,-1342.72221635385
943,0.012823139591027,0.0640641728070761,0.0158474648316387,0.0877055837567495,0.0771342097562944,0.0438290231124093,0.184323513891534,0.133306736905865,0.092247703435125,0.0258033372337077,-1342.1600630555
944,0.0418386546778278,0.0700853753401362,0.0169744884231823,0.10848539388796,0.0646007529580787,0.0551949901833743,0.123977572680957,0.12554082813694,0.0908565337653726,0.0394697054261285,-1341.67037930149
945,0.0252873693370904,0.0775833342293313,0.0159631145216971,0.055431724526986,0.061808050365654,0.0475829547661904,0.132001422017645,0.0996879050195526,0.0572168045676963,0.0544602006677763,-1340.15086712723
946,0.0264877488188952,0.126367774907997,0.0286541282649776,0.0813604936037021,0.0675082392865026,0.0446203740883777,0.0981403961585606,0.0914029197659348,0.0422921938080409,0.0148296915428158,-1343.05246769774
947,0.0327575457383148,0.145076798299209,0.00843323903463206,0.107012469181043,0.078080720859862,0.0476610125831418,0.108485014805167,0.12086244902753,0.0574821361483675,0.0328046176518371,-1344.15538931292
948,0.0187168583817272,0.132885142078332,0.0154940071068789,0.0390956354757927,0.0770436880287078,0.0396859871023421,0.150891669102613,0.10416212728735,0.0485752127218081,0.0447315057933239,-1343.07862754071
949,0.0020513720300429,0.142354492442141,0.0570927614104339,0.0533496609606717,0.0944776671576695,0.0546448770348904,0.0816507483415314,0.102434639744879,0.0505110869448859,0.0314630766247369,-1342.66925376654
950,0.0029364043298753,0.0935095226866244,0.0314955906455259,0.0651305071761799,0.0511742107896135,0.0510306409415836,0.0832950018246716,0.0971999656422727,0.0714414281082797,0.0535726047110243,-1338.34843980457
951,0.0216962616833083,0.08220764303118,0.0251631164082547,0.0912451407913051,0.0350072383938282,0.0569453189144404,0.125795394714292,0.111967251031997,0.0699148660810829,0.040459846162835,-1341.20487738494
952,0.0140786931450529,0.10957301823246,0.035541038362229,0.10730864459004,0.105599478900531,0.0454427824812043,0.15080195088657,0.10092694634477,0.0744854365219758,0.0260978019497582,-1343.50113272357
953,0.0301229897679872,0.0917292449516821,0.0131102812420615,0.0524371706975011,0.0654601734583047,0.0365084246423266,0.122164745494403,0.118761838462968,0.0679082311806019,0.0391778769134987,-1340.27665818855
954,0.0556413008552108,0.143882809283462,0.020619535604374,0.0573757841845706,0.0717765264398092,0.0564846139490342,0.138744111651688,0.101520091581544,0.0733000344440508,0.045703216934661,-1342.64302002279
955,0.0525255916187556,0.131331859011823,0.0187121476294697,0.0508524087771217,0.0757238712497861,0.046845530351102,0.105043972837321,0.114809505650699,0.0544204081565349,0.053500949452323,-1341.76530150515
956,0.0294852762846499,0.0922022266604584,0.0218222139506874,0.0799665138348275,0.0528732971768256,0.0502208162734262,0.133491309084259,0.117509208309148,0.0616352161035629,0.0489218847489349,-1337.92571241719
957,0.0151331166021368,0.0752023964013492,0.034865548199713,0.0766299988882222,0.0489894941084203,0.063135165462588,0.113923675617257,0.119506335599857,0.0791936896572018,0.0282819469602369,-1339.72032407166
958,0.00996457315086852,0.08903906245706,0.0349142494827209,0.068485810715685,0.0747630891792928,0.0425376398203692,0.165082407648671,0.143567570847663,0.0910193621559032,0.0364654275663659,-1337.91469261709
959,0.0372669103342005,0.0982826640995411,0.0395028943832013,0.0596272634265132,0.0849017335541928,0.0505318566163279,0.147432236987589,0.13683301273048,0.055590049743475,0.0429229678830592,-1339.6131652404
960,0.0380630142075248,0.0671259216391295,0.0316656164228302,0.0656824045404956,0.0922295572606276,0.0305884175913823,0.142730220721047,0.119678557569051,0.0611267607424106,0.0509442104840698,-1340.84059646608
961,0.0457589574979421,0.109199283436888,0.0314333381261372,0.0496800429647773,0.0872163628323679,0.0586318551014966,0.117666699102641,0.112380946624868,0.0655816752115241,0.0369032135727944,-1340.51771771492
962,0.0485107786333137,0.116545338098872,0.0295451820593772,0.067760975604545,0.0877112473407989,0.0364684379877791,0.0978323192949148,0.107698640777118,0.0668362885858786,0.0511850835613816,-1340.56289287419
963,0.0355669905273538,0.0638210426361612,0.0443070636288749,0.0815807082993477,0.0774960043601704,0.0347796868829386,0.0782815729780822,0.0892601082847127,0.083393908498936,0.0510796656736765,-1341.98660235113
964,0.0321713620298894,0.101613837794574,0.0172604800906813,0.0729296508899431,0.0843595567584585,0.0530883004792996,0.144001901889856,0.139700300370262,0.0852225789657788,0.0398045077323929,-1340.08394758632
965,0.0254700844958839,0.0654185815799539,0.0460679440426487,0.0785329390013796,0.0647117730858799,0.0363685426307027,0.18243383325172,0.135584489743289,0.069409786021377,0.0480232927166397,-1341.07367656373
966,0.00545075572993901,0.173936808634166,0.0610482268509809,0.0764034826867201,0.0653683070420022,0.0341870505702733,0.127911303254668,0.0984901981812203,0.0715452999444386,0.0372895681686532,-1344.20188361775
967,0.0173433088536894,0.023372570177926,0.0522839163246864,0.059972162626354,0.0840365768345464,0.0634104483771445,0.130245932452939,0.125228581685293,0.0899243207454401,0.0260955056833602,-1346.77394862401
968,0.0293058361188486,0.0239002299245541,0.0509210780182453,0.0771778403380639,0.0769002809763822,0.0507424460967505,0.119927751271616,0.121402024343414,0.12918492864928,0.024714004953669,-1346.28705247755
969,0.0181414518750966,0.0567354370898366,0.031015301299745,0.116406211239472,0.0653303762480533,0.0454022904267679,0.120980157911475,0.125470002996714,0.0832098841897307,0.0270639270132277,-1342.07744155924
970,0.0149533338602274,0.0909313804413353,0.0287773489672249,0.0886497798282012,0.0851828966787285,0.0479537305114393,0.148776499985324,0.117880575149234,0.0878616727963821,0.0285401468043677,-1338.49325534415
971,0.00509431604308897,0.116171582698034,0.0332298280214502,0.0625112544695135,0.086445558965697,0.0414501301705433,0.143541411467866,0.119355161551974,0.0830261858070335,0.0282045993012306,-1337.30784878365
972,0.0231989344642464,0.104920514223725,0.0216116635408233,0.0817705172867285,0.0620355218579765,0.0454812343699967,0.145205680938704,0.117333323555924,0.0778652142179842,0.0521916376644487,-1337.99104968051
973,0.0177220720679151,0.0621582402902347,0.041507929354906,0.0789230426935258,0.0537810049602171,0.0531970943226639,0.129120165675686,0.105357880865281,0.117773109558639,0.0234858801564093,-1341.24094651657
974,0.0284846296613756,0.115481242541569,0.0552516365389897,0.0517715072730046,0.0732537674084836,0.0439771348460719,0.138961977828836,0.120977150455154,0.0976379517647275,0.0435947358139649,-1340.9497409578
975,0.0556682413007099,0.0616431068409546,0.0612831997366173,0.0614309134405569,0.0719249227219712,0.0525865556812804,0.128458568531613,0.104701742288971,0.0992864954296367,0.0409817997894208,-1342.9576400742
976,0.0568039574832553,0.0741589136684179,0.0308784989780303,0.0637498974090475,0.0586557025982146,0.0421210166555249,0.10520579073652,0.0958829808477446,0.0450810331712126,0.0511780394689981,-1340.71910204729
977,0.0424137379851522,0.113284571924287,0.0131069413610519,0.049778925845742,0.0912135707296925,0.0287949097724062,0.0915720222475251,0.096659297281156,0.0951377750952295,0.0456442664459504,-1346.27007458491
978,0.0220458422645213,0.127111511450428,0.0344719863565741,0.0586975441723385,0.0980004406708943,0.0546505660106801,0.103928110701852,0.103259108904111,0.0607167489078898,0.0483560489442409,-1339.43937703083
979,0.0317065394920116,0.0734280410706199,0.0372161603003433,0.0978107668612135,0.0430961027976786,0.0614690893516418,0.102621664807886,0.101279261725667,0.10966933290911,0.0426987707165473,-1343.77511877875
980,0.0357468984011068,0.0912366689257677,0.0386165605777899,0.0507668474481915,0.09138102327203,0.050541337964881,0.111443845633915,0.104589720279407,0.107009954902133,0.042422654197154,-1341.01051315327
981,0.023141909898452,0.101352224618134,0.0376009150794426,0.0538149458646166,0.0875015978496394,0.0363501859836646,0.117285893061206,0.097665344136494,0.0719534444121271,0.0216642256584934,-1340.96994769108
982,0.0208845941121921,0.155879357555745,0.0353243232759147,0.0842210638163949,0.0765870582272823,0.0441896904855175,0.110257404301007,0.106787461811253,0.0440166673765462,0.0445935850633629,-1340.31164821307
983,0.00324721728271204,0.120238389703487,0.0426755854315373,0.0562080347334594,0.0871302593168532,0.0609183434218884,0.084813785407281,0.0812652911354596,0.0825895854138321,0.0396656451310855,-1340.22532168369
984,0.0122039319507221,0.110827148891625,0.0209613421798099,0.0635901794879551,0.0556075264880891,0.050324481105018,0.112961901740332,0.0834220070180913,0.083240877457044,0.0278229459201849,-1339.87863467291
985,0.00368402281954048,0.108187820685836,0.0485699077412851,0.0446516928723526,0.0900137631724196,0.0457593066652597,0.107817439659878,0.101027849504258,0.0934755267994471,0.0485632151208921,-1339.79821199123
986,0.0266689154885464,0.0807136914329081,0.0456859282077802,0.056575789937383,0.0743859605313579,0.0585592081617999,0.0968911646098424,0.0988275953587474,0.0565064330673697,0.0460568535429077,-1338.96371503317
987,0.0221288067396565,0.0879141013273863,0.0391138499086743,0.068283652367889,0.0702348521411198,0.0556328588564776,0.108608766999252,0.0964538395855876,0.10140346672767,0.0441150324227365,-1338.08992980736
988,0.0363865848740517,0.0987661392291236,0.0296108535784277,0.0813626832088863,0.0905341275214131,0.0488876848329008,0.111375896440768,0.107830523071052,0.0799821295294632,0.0429525639285906,-1338.50873779717
989,0.0333259927834716,0.0970774021504245,0.0266781645959114,0.0831100093898093,0.0878845126378948,0.0520971239818387,0.124509583130643,0.110486688275839,0.0539626477683835,0.0432427096310868,-1338.27001239925
990,0.00787057798773165,0.127847855242834,0.0202575213938897,0.0932054170338799,0.0861781776037217,0.0539880934580596,0.126354388114086,0.106084229180685,0.0919533211676595,0.0332646308488549,-1339.98394249211
991,0.0111681297882256,0.111920073305482,0.0436887603432973,0.0577245066186754,0.0525573011696148,0.0530586331508019,0.122343729561968,0.0984509614053311,0.099302256818637,0.0405074839106808,-1339.05155940414
992,0.00888950392252193,0.13513477385314,0.0184118997446791,0.0793651247402697,0.0620698453228143,0.0480541051287906,0.0990961160683087,0.1015942737215,0.0639755165129819,0.0465423620705446,-1337.90108075738
993,0.0122307233342265,0.106581973886233,0.0427575372829019,0.0528835949978247,0.0719148919342246,0.0467161467703925,0.0937561488881839,0.0961743782026117,0.054023429573218,0.0683980184542925,-1340.80619639396
994,0.0126751677493674,0.11862884326992,0.0427122794338274,0.0734005584358732,0.0732588012514061,0.0500733648442844,0.0991491780028234,0.105627530132165,0.0648225077424722,0.0246388469603452,-1338.63759847034
995,0.0195265287242745,0.152461848700984,0.0276058313500568,0.0730100686542521,0.0931848394424308,0.0401983657474911,0.163812402275334,0.148311922558079,0.0579843256987221,0.0243303416825835,-1341.99357353936
996,0.00608666266451088,0.105453546456708,0.0406250877562306,0.0644983825784787,0.0468400187745182,0.0520070940810709,0.177151784584563,0.116520532085762,0.0990851120331246,0.0357005902165139,-1340.82846859923
997,0.0111151249273836,0.0828748456718199,0.0209754351785267,0.100025121037393,0.0787718416239774,0.0527950494700751,0.126036786309292,0.124479715861076,0.0621731873520327,0.0330532194101052,-1339.42951470538
998,0.033076095562339,0.111637392427347,0.0278545494811889,0.0960623692326979,0.0897815911958574,0.0522588495612615,0.142143839746168,0.121585141581963,0.0686976186660741,0.0233689247711769,-1341.69392228982
999,0.00262830992806027,0.121435715497655,0.0177217992037333,0.0614049494890519,0.0765730145484822,0.0516244321701645,0.182330021293051,0.146286609664129,0.0799053603109939,0.0390673034915091,-1340.29792939097
1000,0.0105013456914151,0.111670665410409,0.0353507430795539,0.0729334755745654,0.0756295967273553,0.0322583441732732,0.168559437471209,0.127137817886892,0.0612030815044389,0.0375755555146283,-1338.67663244692
