"i","asc1","desc1","asc2","desc2","pol1","pol2","tran12","tran21","dem1","dem2","p"
1,0.0857989300448936,0.0189351422692287,0.0201038536934936,0.00170970166522474,0.102306287382289,0.00666101769289997,0.0466983861173682,0.0884246337616919,0.0423380653473293,0.0181249679376531,-736.453629121912
2,0.0725961558276009,0.00621839414677635,0.0272778995629292,0.0109170852051656,0.0690208173168289,0.0063975668603284,0.0570328560845315,0.1044185233829,0.0261264159675186,0.00402121699428012,-718.839045521071
3,0.076284389135704,0.0238381459350457,0.0290783798124314,0.0116514910926198,0.073723653731873,0.00166553790319156,0.0569494369015075,0.0751612846595552,0.0281114137055917,0.00647229778348525,-719.138169586148
4,0.0429376799626097,0.0313049095129606,0.0361592516938112,0.0160864234018285,0.0820122320272793,0.00123948250454739,0.0566237679330959,0.0922513854024436,0.0278251887930713,0.00974227223149863,-716.808731561268
5,0.0473728149001305,0.0171486665472419,0.0252594725887419,0.00661683024114966,0.0947028908671397,0.00913712358796618,0.0560005139913947,0.0911075391654688,0.0222504413543381,0.00748796996339788,-717.133121661483
6,0.0438947362984179,0.0313138577644087,0.0350637673239915,0.00726922691748037,0.0745645530638136,0.0100707704975035,0.0428253641343428,0.086327375225986,0.0125085245789796,0.00819839233804292,-715.870657595121
7,0.0194772172300701,0.0352386291385758,0.035145953486879,0.0109930843103914,0.0588005344154796,0.0116566743171103,0.0397123044779614,0.0773362301456057,0.0375659294066805,0.00943975231203559,-716.941152067946
8,0.0358187726371834,0.0269314312714435,0.0162258590664562,0.0037797987366439,0.0660660627374648,0.00527038217699587,0.0660516461360458,0.0839978715838316,0.0457571708723909,0.00710782912209032,-718.861991008533
9,0.0320939130421407,0.0358926780684156,0.0372312001293984,0.000934601307854062,0.0779186005765426,0.00543075995791976,0.0603984513409455,0.0905428934718586,0.0233275713992799,0.00750450803047094,-714.707694981681
10,0.0235687918697074,0.0381176263120355,0.0402232550397122,0.00924901093521582,0.0749404297272383,0.0116193016117176,0.0415648649668823,0.090023977594646,0.0181084639857307,0.00494877037055251,-714.856267867967
11,0.0272687853604223,0.019811690149301,0.0209117848141139,0.00678588091556192,0.0743581649221971,0.00150988985398286,0.0431537367240961,0.0764096552507187,0.0151368636574422,0.00638443378589932,-712.953768419592
12,0.0249371421754817,0.0378751043051174,0.0253148206193036,0.00686998336495912,0.0626550629706181,0.0106455973291553,0.0464583496039559,0.0783197226573006,0.0327767365626738,0.0091209209119727,-715.319261511619
13,0.0298494641075031,0.00254097425912005,0.0301360199939296,0.0192735798179684,0.0683150893722146,0.0102895661900263,0.0481724174679139,0.106450938764789,0.0262157432431086,0.00666783192190631,-717.714518021208
14,0.0346196334457196,0.0467054476655977,0.0422553221509296,0.0037722256861824,0.0756774094707104,0.00954473484522677,0.0839391738925565,0.0926905661612196,0.0202183311042625,0.00362597454934998,-718.683169400976
15,0.0209371449357276,0.0491214876259871,0.0514987085449658,0.0111547343121015,0.0751557686224146,0.000932957382464818,0.0294000979386751,0.0899670009387082,0.0324987181396184,0.00169012132310088,-720.481508019906
16,0.022243408862825,0.018148053194164,0.0420042176290687,0.0171814733023218,0.0481247149218913,0.014903989739596,0.0320406048736354,0.0578522093668911,0.0199763262237803,0.0026026016560242,-715.005799145486
17,0.00704334266959387,0.0351397272315165,0.0469548248123998,0.00112986773251073,0.0562451003490326,0.00979267196468418,0.0357511596180042,0.0773465933745726,0.0298728723775614,0.00641749501385065,-717.393832561425
18,0.0189033563340611,0.0506175240394157,0.0494557514435714,0.00217314084816521,0.0679546874398741,0.0104237440926978,0.0562554210997406,0.0773857314988668,0.0165860776429776,0.00516408800035869,-717.637216342108
19,0.0349360957353869,0.0149389881224492,0.021025331273539,0.0253406627797403,0.0765264277785326,0.0114558962784025,0.0334708537847632,0.0747957758797421,0.0202406367175843,0.00112859027320556,-714.170680662809
20,0.0423997108714563,0.0147908481093176,0.0219694696824143,0.0101094249793287,0.0443820160774238,0.0135079945965715,0.0455951845376344,0.107379483634618,0.0154236611093986,0.00388780396101833,-717.123239102531
21,0.0346109791306964,0.01375883762864,0.0182495807166662,0.0319646231732279,0.0490662809268619,0.00852422608539611,0.0533865434610858,0.0904758578728894,0.0236595191725114,0.000852675621939597,-716.327323677827
22,0.0331639850885062,0.0241887526349714,0.012379173610177,0.0288468208984096,0.0489594574055097,0.0107674232784572,0.0586749533013633,0.106567949143248,0.023372852447231,0.0055131731097461,-717.71037264223
23,0.0324682685661098,0.00915941351218467,0.0358944531922834,0.0343786414790358,0.0667241793737152,0.00776738950127758,0.0489745314896186,0.0536461829711465,0.0230815959783926,0.00122087735056729,-718.387960199607
24,0.028206076672144,0.0295119638528338,0.0261516740625342,0.0174298616327735,0.0730486974796359,0.00979388552720156,0.024073039657051,0.0501947508411932,0.0183315929051777,0.00462224546688384,-714.811627061972
25,0.0243001650270373,0.00463901620789303,0.0447581558470839,0.0185617620414429,0.0725611501175727,0.00653358304013665,0.0242411533003972,0.0647002090717881,0.0214825350812558,0.00532068567411415,-715.073137949477
26,0.0270414752784126,0.0364281608818849,0.0260877905689059,0.0219728515515388,0.0638244117759997,0.00358308932275443,0.0381827983345351,0.0916913935424643,0.0218879978773915,0.00590741542620286,-714.742506319896
27,0.0288499860423278,0.0419386204038646,0.0165896237422255,0.0270802948853211,0.0641553193737881,0.00570411835594664,0.045192235804535,0.107290085281112,0.0235277076264625,0.00312654847791609,-715.229665678453
28,0.0136631389968064,0.0295693507080213,0.0556150447699189,0.0156719097670441,0.0605149771062624,0.00572167356139844,0.0468618714679791,0.064540102764501,0.0202749144554565,0.000143609568891573,-716.087300935464
29,0.0247601995449049,0.0264271158079716,0.0374703276024251,0.00454174785093952,0.0661416458270253,0.00621512289622259,0.0506948532571027,0.0748903090004407,0.0343621566068861,0.0023702158946692,-713.256571643447
30,0.0250845470952757,0.0302605359934832,0.0282706010408318,0.013524021061199,0.0795533897797863,0.00207947868185439,0.0461774567820034,0.0852265610769064,0.0213843744187237,0.0109201319723348,-713.859811782729
31,0.0255496012883646,0.0279982842266237,0.012695838493453,0.0351087559173333,0.051842514557361,0.00632971681580628,0.0465960005326007,0.0669891081641544,0.0111149652385116,0.00189867391967758,-717.995308084268
32,0.0288920800090683,0.0283207961591578,0.0166945932858601,0.0373181979679773,0.064910107830079,0.0032233312306069,0.0456825702444726,0.102566779970535,0.0381232054044869,0.00586743697229969,-718.056451927747
33,0.0154081811045761,0.0276788657741355,0.00381046738639995,0.0235820708576229,0.0686526788407051,0.0052594862659315,0.0661006720156652,0.0928514778451285,0.0224142783535881,0.000344851747216834,-716.058693791654
34,0.0394913332016001,0.0381766937970955,0.0200746304962984,0.0261447255260056,0.0699753970003245,0.00391426805630589,0.0416340307353792,0.0887584800400688,0.0243109173756492,0.00465917331994115,-715.693815076335
35,0.0405911458720835,0.0157910529238653,0.0170734150491878,0.0217647765434223,0.0490325217834854,0.0189021907945279,0.048673003073727,0.0631829348018181,0.0255262530810224,0.00758647481279346,-720.120525294305
36,0.0405069251926458,0.0192204621775138,0.0332334507625418,0.0119839000656267,0.0744772575445957,0.00872628337381579,0.0272431482250487,0.0693559939955938,0.0149276691313741,0.0111412752839653,-714.85380058752
37,0.0439485057387078,0.0254692013400488,0.0387920728940225,0.0126650934971084,0.0774014891518147,0.000649260867160543,0.035223715677153,0.0780705482315257,0.0144055320115234,0.00334476022866941,-714.39009843274
38,0.0333100369413985,0.0195963125317651,0.0311139723990058,0.0157887175343254,0.0784440741097442,0.00639461220024431,0.058356335000531,0.0936721096829731,0.0133880747656281,0.00501476809172215,-713.496808904534
39,0.0250058000421342,0.0148960799399187,0.0328508023087589,0.0246954789024979,0.0756053877037317,0.00963908329833314,0.0603180318666503,0.103518549462654,0.0120071278079817,0.0010325715067147,-716.658033460741
40,0.0304159604205918,0.0233069546101784,0.0394987667579441,0.0324903047788043,0.0662436659715337,0.00608635852513247,0.064581910488768,0.101377220082441,0.0279059414979562,0.0013675895786607,-715.591940185683
41,0.0274301548914173,0.0187303892380002,0.0317371394705713,0.00864667382546613,0.0766520109549482,0.00573088142034583,0.0550001532294438,0.0728025011166766,0.0226533871098724,0.00611634140963446,-712.436553877958
42,0.034992856445473,0.0160830953368208,0.022687378823338,0.0028584291220735,0.0671972707712764,0.00506703793085166,0.049019562915823,0.115669653207242,0.0222576832043625,0.00169969790987136,-714.795048207885
43,0.0333717064221602,0.0418622448029141,0.032281318282378,0.00835404011856366,0.0661953333982947,0.00519228118627794,0.0725803404001748,0.114719887834234,0.0180156680222725,0.00443277488073223,-714.88995563125
44,0.0349175371798032,0.0130130974770828,0.0222603412732196,0.0176582754490985,0.0649119027160509,0.00444094187330505,0.065362914607623,0.102691468636508,0.0226301693274117,0.00286075710029747,-712.06172316047
45,0.0467870016712882,0.0103450811041921,0.0192304190774326,0.0158629545148136,0.0676312462578367,0.00275871199288448,0.0597727938323498,0.0838373690261245,0.0172862970012612,0.0136438642683131,-715.580046319822
46,0.0275552513591856,0.0105151137490308,0.0237072997774829,0.0127846290879618,0.0742410848771805,0.000677824215089993,0.0645816256927512,0.0897161551307302,0.0237012641514088,0.0060932610873848,-713.306774769404
47,0.0493817916506005,0.0174105111055352,0.0225704822736446,0.00757353589788391,0.0628954411740763,0.00661056980081208,0.0505862490378593,0.0675396594541744,0.0363251695062921,0.00326462039663859,-715.185696158751
48,0.0211218165462174,0.0194811174149711,0.0407298780635704,0.016132394376909,0.0730733451368684,0.000209374019229467,0.0380267972153894,0.0648008864182281,0.040555328835956,0.00392705823520277,-716.764757800505
49,0.0365258366024022,0.0274399679907807,0.0166463953982531,0.0160530780969191,0.0731338887757123,0.000967714265620211,0.0315400306096188,0.0706630271496296,0.0173116329876645,0.00397297971757759,-714.028504517558
50,0.0341818393992274,0.0263877029284774,0.0252467590452997,0.0195309428441271,0.0808260483211415,0.0103593559728612,0.0317517202441937,0.0573402537251206,0.0265985579291302,0.00109254438965368,-714.480883050057
51,0.0264468902340653,0.0320785852544963,0.0423882413330654,0.0077887246538687,0.0524335153934695,0.0166046733293819,0.0260157421039184,0.0563090678169808,0.0180641981456972,0.000733473103845611,-715.926383413348
52,0.0244918102939609,0.0451027763121398,0.0523064326510635,0.0125532678482558,0.0634289991017976,0.0197798437406081,0.0252031109574718,0.077528698663669,0.0201281156399013,0.00307970733847261,-719.331787751153
53,0.0165068264604497,0.0332875970510724,0.0465131046907902,0.0120706643472856,0.0606219172864123,0.016004013405295,0.0607509993681087,0.0954571483776004,0.0205908228307539,0.0080440207478632,-718.09594973558
54,0.0224959383236526,0.0192000763208396,0.0192537976149458,0.0203638631161328,0.0593432633636232,0.0142853617214856,0.0394864730781686,0.0961925270399864,0.0190186961959865,0.00274054671263369,-715.440764464166
55,0.0218049738283136,0.0151575327682831,0.044063064508483,0.0204514353352909,0.0679426598378368,0.0058014478146074,0.0677104789373781,0.109659083471913,0.0121769495571894,0.00260034709619309,-716.210743549068
56,0.035951116918041,0.0149548221345288,0.0245040732904594,0.00920074987321295,0.0831464868758362,0.0100682357183611,0.0557303567256007,0.0775722145457644,0.0230283894343166,0.00292051321453756,-713.341379509447
57,0.0263715845046467,0.0306938147283078,0.0246419393567682,0.0192324211954838,0.0533388788723576,0.0036867724507658,0.0577412820938217,0.0871534317521016,0.0215069870353682,0.0019627187756702,-714.057184716932
58,0.0254695215257761,0.0309852234545067,0.0409916960835851,0.0195411225807734,0.0720373234901828,0.00989081762859794,0.0483165022847984,0.0747470902516977,0.0306369445074527,0.00274667947502054,-714.123191340495
59,0.0293379901680281,0.0305869349869899,0.0161240119884979,0.0153318644673879,0.0694775874681481,0.00173487896402674,0.0346972659824059,0.0784786593353958,0.0282344123375515,0.00342106790124294,-713.809769688669
60,0.0363698407262072,0.0464707273997738,0.0187579510991543,0.0293961163548497,0.0586023598448641,0.00542959646629466,0.0325820573634421,0.0667653296756761,0.0232113650002336,0.00566021765001991,-715.965868051559
61,0.00492380158073142,0.0372400399635026,0.0140480294048571,0.0416995336749951,0.0630527987980853,0.00760957079247139,0.0326821393110476,0.0732995323375452,0.0225413489273327,0.000603106146738009,-716.96646885759
62,0.01244887104102,0.0505161505709448,0.0308587964388136,0.0284183827625305,0.0590891323970044,0.00373939166152986,0.0323644839263517,0.0707051489597493,0.0191524848578489,0.0053939888141172,-716.06473256297
63,0.0140817409481491,0.0509160433652298,0.0235252299275019,0.0243681194365648,0.0561339504426582,0.00572994522697461,0.0300677181731858,0.0564241553265707,0.0230157742738167,0.00804265268138936,-716.687072901919
64,0.0151734583476188,0.0291582112610022,0.0039471334391845,0.0523109968364604,0.0550249003551124,0.0121243548373986,0.0344619338206133,0.0662732662134596,0.0302733659458444,0.00910595017436407,-719.644989515985
65,0.0198081800004473,0.0308015861435889,0.0188163349908104,0.0549258709099246,0.0437422159937804,0.0065338002525613,0.0355094225950113,0.0603130328971579,0.02571002925024,0.0068813270998146,-720.639205016589
66,0.0122625912891664,0.0338005760892884,0.0124113874643902,0.0174237071063751,0.0476943085610074,0.00741872119211223,0.0362446259223998,0.0954446104530874,0.0286873476067589,0.00938797608098006,-719.771256111275
67,0.0124843092847582,0.0653009590668222,0.0175914088380064,0.0174673654281101,0.0660528715931766,0.0030603241039804,0.0407181878622059,0.0755762866501571,0.0206411489267188,0.003219706856899,-714.990755475699
68,0.0240748866505932,0.0264676487935215,0.0390700692328877,0.0106815789959748,0.0620605531874643,0.00382108555615756,0.0356990050423543,0.0672448939748986,0.01808658903432,0.00396871600328962,-711.703991584585
69,0.039186690565507,0.0258037041218842,0.0354628244883714,0.0167217406297717,0.0705029448030594,0.00722744388418712,0.0348544956593515,0.0662018694848761,0.017730774786076,0.0053544487209238,-712.43765004301
70,0.029746766341696,0.028861306481156,0.0364363038703942,0.0109425293595107,0.0704835021993854,0.0081329860100723,0.0404559434585866,0.0777772799257463,0.0208288625212769,0.00506673803599685,-711.525004963501
71,0.0264062154681861,0.0233425933059746,0.0367354592647571,0.0166831606817313,0.0601788833433742,0.00528500367720976,0.0453325190408467,0.0880806024819214,0.0152252093289565,0.00554024615706077,-712.437076151264
72,0.0501589826311721,0.0113981124011779,0.00894987413872728,0.0142496892733898,0.0612300915097711,0.00896656049708722,0.0405398940809239,0.0911064998760577,0.0316100814299847,0.00591466124950981,-717.377799190051
73,0.0368579151559621,0.0291785570202018,0.0105948637677438,0.0393641752347831,0.0718236721932075,0.000781445199418754,0.0715172873560806,0.0852788197972141,0.0133405976135102,0.00612662874921876,-717.133617534231
74,0.038495839010857,0.0363086745095807,0.0153812841650964,0.0156926157969458,0.0811590532852023,0.00793741400151382,0.0392993927439444,0.0663978740987438,0.0140008204476146,0.00336941193718481,-716.137136819492
75,0.0332609924224321,0.0212914969669991,0.0207959926772046,0.0165647490287058,0.0855649119503084,0.00353612265565479,0.0391141067237377,0.0715145099271909,0.0361603241262037,0.00188001419361464,-713.848193084156
76,0.0347322551820538,0.0148325985715684,0.0488570630378621,0.0108681024206649,0.0840908452279007,0.00567434156927056,0.0374211053399228,0.0924551931948314,0.0132411263897337,0.00186119858529529,-716.365961326417
77,0.038099528709635,0.0143368107583881,0.0174872828278758,0.011161761924467,0.076699868232693,0.00711700726663535,0.0548806041025364,0.0901818143410681,0.0341287200779357,0.00498922599393971,-714.168608326847
78,0.0362885978067043,0.00933856238951928,0.0414173191972182,0.0194339127604049,0.0684419504369368,0.00163984959317195,0.0606172021211014,0.110654808122661,0.0315860999881739,0.00332799457427236,-714.974379229023
79,0.0259227263773883,0.0211336354059789,0.040040358361927,0.0092614199674434,0.0739869402719403,0.000338843448264653,0.063992464697577,0.101395021036321,0.0199648710195893,0.00261012025530087,-712.633315780243
80,0.0264073116020212,0.0431549960732927,0.0248693426452357,0.00153363140187717,0.0713396302751278,0.00389047768362162,0.0679258538464051,0.0999578216868733,0.0245312624416604,0.000491416592591694,-712.738480106292
81,0.0330910859520493,0.0403534680269591,0.0377920491934081,0.0201616183902753,0.0790992117576968,0.00211152721133049,0.0536814241146644,0.09440602896053,0.0163914571314082,0.00217173645529343,-715.041456694585
82,0.0182258720258324,0.0108578689250309,0.041375836848278,0.00684874230803045,0.0733280677494242,0.00619690317176265,0.0580177804360276,0.0962130636875518,0.0357075617192241,0.000324502513401447,-715.2004696286
83,0.0419950100296361,0.0250460841861777,0.0130678852881186,0.0323558510997077,0.0731244746791455,0.00400709695992676,0.0614761190540667,0.0615619704959618,0.0237400612158852,0.00526251036126849,-718.463212896234
84,0.010167034029158,0.0555047651850448,0.00977742072235054,0.0240280145275568,0.0713492051112212,0.00346290887076861,0.0330791349385456,0.0845710110722442,0.0204212759676685,0.00449009380254648,-715.365088187729
85,0.0254282660182347,0.0375706570584259,0.00745048135306428,0.0437751617504198,0.0691461445871487,0.0013964511854695,0.0265724861634006,0.0906433005700529,0.0218548623794855,0.00752233380360316,-718.098498580614
86,0.0236291949704389,0.0244722729924183,0.00893897064169218,0.0239651654634634,0.0766739919586008,0.00199535684204255,0.0467947376445445,0.08230040375183,0.016798049312337,0.00938420630620666,-715.016703953946
87,0.042772587799943,0.0556900577634373,0.00787383823690681,0.0350383195235626,0.096905859546608,0.00061229692382687,0.050465571630467,0.0917107409855731,0.0220431473687301,3.37661886133686e-05,-719.351871971189
88,0.0398421942536789,0.00722559297493472,0.0211935371278509,0.00688119212151235,0.064972050017966,0.00825192761506783,0.0598953436402177,0.0810264388044275,0.0316950584359259,0.00541764624872664,-715.657852111593
89,0.0379924740891845,0.0511541254798058,0.0334903555132606,0.0110540167668445,0.0617974163846093,0.00522534851237723,0.04241119008975,0.0817739395742529,0.0214425589343355,0.002342562356529,-714.572145962089
90,0.0239946425998962,0.0421199663272203,0.0383794485369422,0.00705605484890162,0.0611044430819779,0.00997907512898925,0.0375166307153051,0.0784050477843,0.0242537171098802,0.00235443691653404,-713.098467683531
91,0.0262811570827489,0.039161859561443,0.0234248784209653,0.0100766450929597,0.0714152133262464,0.0128316670580661,0.0438194807123649,0.0779126233245953,0.0260331341903046,0.00172295459721921,-713.329176312179
92,0.023644008591381,0.01640566156014,0.0429532165051651,0.0136128014325139,0.0534289613360732,0.00535377490622674,0.0426663662645673,0.0888841519309085,0.0281456117914485,0.00415723665353856,-713.156014902484
93,0.0313406461453755,0.0275334932457474,0.029971665465125,0.00855371179759795,0.0557879247309442,0.00602758259650121,0.0396232457675561,0.0871957597112987,0.0251143186065767,0.00285275909988159,-711.768685198518
94,0.0198655857053667,0.025606311865402,0.0298488646931113,0.00362628663151924,0.056256612340362,0.00661177298809025,0.0448538557729788,0.0811525281302504,0.0248039430923904,0.00258639720916501,-712.381825359152
95,0.0202368037201226,0.0277415557645516,0.0218929027292191,0.0471792214145661,0.0714302341526019,0.00132724344184837,0.0497412555408688,0.0813791012196145,0.0272358151660843,0.00566333309266577,-715.422828854696
96,0.0257799045767831,0.0381976851323311,0.0142834860673301,0.0430760062193718,0.0775280045403858,0.00532733783261452,0.0388065293740789,0.0819712269173095,0.0248663203644438,0.00841891032967425,-715.826640008198
97,0.0188216866218847,0.0322501232740583,0.0228407113551513,0.033452474084441,0.0716110452819162,0.00636432177814803,0.0393539528579827,0.0723197355388399,0.0156491472498885,0.00600427458827418,-714.537811929707
98,0.0295019199306036,0.0309232884948638,0.0194329331826937,0.0238010000235016,0.0547366131594092,0.00711902960367618,0.0234229991620636,0.0672196443501162,0.0280473031019236,0.00419743289873017,-716.422366373858
99,0.0098432561259445,0.0428601258999456,0.0124355374316796,0.0328291350691527,0.0573664344315819,0.00420007414040173,0.0346136751810178,0.0667395777214948,0.0381717301303132,0.001510591580416,-715.488270362306
100,0.0239254616714726,0.0513633938483555,0.0141259063090551,0.033263527918231,0.0782903389935213,0.00256679521819059,0.0379250809254071,0.0761356164247468,0.0287660312894577,0.00162167288488592,-714.446686964946
101,0.025269415549798,0.0304021246209878,0.0188337309404557,0.00557007014909184,0.066641731030613,0.00409637303852391,0.0623157176493082,0.109182371339533,0.0282765076408165,0.00104220961283566,-712.923920913338
102,0.035262140785198,0.0371533032810515,0.0314926999579546,0.0367600503776744,0.0661718712229876,0.00245188615539009,0.0668190356682901,0.10790385908075,0.0131294560383625,0.00194774213057376,-719.217396469639
103,0.0244216413265571,0.0221457586361949,0.005473337885224,0.0319193141309283,0.0684459875729733,0.00372390165222407,0.0544265528530442,0.0960570362263,0.0191602091235425,0.0107540495484122,-714.870917549028
104,0.0402771911027993,0.0340772289047097,0.00770071007673626,0.0287005849718924,0.0689180716704658,0.00131241068094721,0.052919628774786,0.0794217318714741,0.0154534116806912,0.0001278757684075,-715.478458581596
105,0.03350304598744,0.0325855332763271,0.0317503029448426,0.0280458856436174,0.0706209783505433,0.00683498073078802,0.0288195498504799,0.0558101775438711,0.026791453929997,0.00460860918698843,-716.091727529695
106,0.0301941136185601,0.00909660161259208,0.032701865119351,0.00662660236266484,0.0513641913878576,0.00717556082550293,0.0303713616365262,0.0478531935581007,0.0218012426491296,0.00663282491020549,-717.149172578824
107,0.0297719889859294,0.0239457587265541,0.0328590095505334,0.00762996595120231,0.0902972220676376,0.00939353878900478,0.020704527036327,0.0726094520277378,0.0200824618096447,7.39031025706466e-05,-717.793963052972
108,0.02449109053018,0.0317467286276448,0.0394513837134877,0.0132697571652476,0.0824571224795463,0.00700252473571772,0.0361223184456874,0.0645716482909738,0.026537822044245,0.00282637174445638,-713.026019726832
109,0.0220137863132963,0.0105097535945956,0.0421502279868886,0.0108389151500999,0.0668162371474697,0.015166758427145,0.0396212804440124,0.0721726888519247,0.032272171942699,0.00307768906719257,-714.546582371209
110,0.0230154218869653,0.0145225630788882,0.0212441941803495,0.0123600144696103,0.0583384032824058,0.0119902430979551,0.036570441967846,0.0755210708186013,0.0263894401399337,0.00332961000375068,-712.972486209609
111,0.0197691640228707,0.0152303321320529,0.0400535857517858,0.0186914922260462,0.0561597853761645,0.018588324518418,0.0431969030188374,0.0859937143981094,0.0244210938142099,0.00019988248133459,-714.349685012898
112,0.0313791690966604,0.0321205307765009,0.0386327639583579,0.0075247680102099,0.0475855126577995,0.00641541277697709,0.0530292290195747,0.107088394535799,0.0282957411852325,0.00192001831273236,-715.589925413172
113,0.0257589734585359,0.0402511511092133,0.0183069097447993,0.012308587025541,0.0707235469689693,0.000388727519763732,0.082762108456867,0.112779414040622,0.0293563821531139,0.000408958114196198,-715.189469392608
114,0.0425696613909129,0.0224150437146066,0.0346902377777413,0.00811686122743905,0.0676113772536359,0.00491575212581361,0.0789979229456837,0.0855024058421767,0.0224305968497257,0.00639529692972609,-715.869099760709
115,0.0295590838090929,0.0141852521995841,0.0308117286114039,0.0130818776550393,0.0685026316518961,0.00303444007954417,0.0533292846916857,0.0843302324507087,0.0180692612858628,0.000916784849411418,-711.101473568432
116,0.0323609536026916,0.0202734610521156,0.0238265643408265,0.00856243557085064,0.0700983132966701,0.00691850544563613,0.0584869343031641,0.0803988656045782,0.0194921476197711,0.00520972794123461,-712.019323504463
117,0.050181273129396,0.0125400096975174,0.0253198219473712,0.0147572032815685,0.0544975717102782,0.012579704964929,0.0360592937003576,0.0720180829796933,0.027162572258102,0.00727410003474581,-715.281053395793
118,0.0261357754167428,0.0415738504942953,0.0287344386717204,0.000722627196348931,0.0684054723149995,0.0119663370154077,0.0293455220957326,0.0594142090156872,0.0217476022463848,0.00369530404872228,-714.634127594133
119,0.05386391107239,0.0246588181866963,0.0242030045387775,0.0107078741343624,0.0644296169416199,0.00785529735314803,0.0315375091578569,0.0636360312071877,0.0373658502836005,0.000798964026441785,-715.976025775332
120,0.0363090597800525,0.0206442493214469,0.0400779449560968,0.00898656470101922,0.0745031380681231,0.00605032566103302,0.0241401499620553,0.0676377530442445,0.0197707627604582,0.00374856937422394,-712.932426588729
121,0.0249034296660216,0.00987798039998234,0.0357983831827369,0.0221243888932958,0.0529965644029507,0.00362933025771573,0.0366223109819567,0.0754763849076745,0.0187366379462043,0.000246770286217447,-713.978120216453
122,0.0181208569587582,0.0228645051145727,0.0350108528416331,0.027145334587242,0.0621928435527674,0.00529628761658895,0.0249459257418377,0.0694417697879954,0.0282440564595435,0.000484637509676532,-714.577037449259
123,0.0303524349311328,0.0101595134642453,0.00678680694969255,0.0371191752871366,0.0743064311619552,0.00390202345988382,0.0598528483176038,0.1192641914059,0.0254901937446977,0.00102136967542653,-716.021250268361
124,0.0413195275501743,0.0371300857546939,0.00408028107789648,0.0384720598268968,0.0639264531158433,0.00516536599148299,0.0885803973971096,0.101311311070429,0.0209404265210326,0.00269634069081173,-717.300975720157
125,0.0673401152168959,0.0273895468460663,0.00473116857295914,0.0252617149134557,0.0741312287546046,0.0103614212561633,0.0887096175860819,0.105331582927428,0.0219768704211231,0.000565136057295305,-720.656371827784
126,0.0147227230118173,0.0409694627461961,0.021127604184357,0.0292480309740544,0.0728247358998846,0.00566941862744679,0.0882683859419164,0.0971703199379494,0.0244877850316487,0.000191720894544569,-717.601389519074
127,0.0246359734622578,0.0172661328969016,0.0294472117804284,0.0140214167504442,0.0818100299754349,0.00434246786358829,0.0714585564960191,0.0981991312874898,0.0260843787137631,0.00275954988298682,-712.894889134827
128,0.0249867188723385,0.0217857508348632,0.0310876180167311,0.0131699379374181,0.0604573869517515,0.00219697039541708,0.0612121177110087,0.0940513739338733,0.0241321662777938,0.000910042883061535,-711.595363626657
129,0.0258148309911401,0.0208466623493182,0.0225609039040563,0.0111048827684394,0.0779172909927023,0.00397189201491517,0.0408027210923858,0.0634775700156827,0.0260567785384152,0.00348604794649502,-711.972282375149
130,0.0360412523869612,0.0241746247061896,0.0307935212688564,0.00214521009629702,0.0611130202191449,0.00791264387801274,0.0378977619933664,0.066412435986116,0.0298599546802632,0.00418099677835509,-713.70950183204
131,0.0323309453299868,0.0250224830620072,0.0388623345460143,0.00507847017894705,0.0584299699467372,0.0186109419996949,0.0235462305221765,0.0719052010664741,0.0161393666640194,0.0031336063062929,-715.931110324115
132,0.0309924915969096,0.031188873849046,0.0406115455753028,0.00323424130851076,0.0618425580620224,0.00313279999381394,0.0444574481633304,0.079491098358009,0.0249862550101736,0.0070190842578863,-713.707190610576
133,0.0193037474954035,0.0261709406065122,0.0277862796237019,0.0108518497805653,0.0624375832025204,0.0043831195832258,0.0555423343914047,0.0986973418364221,0.0166478853862142,0.00226528103929887,-712.582367190462
134,0.0476731242906234,0.0175931349596281,0.0171213581458459,0.0127284185528403,0.0864958481224936,3.4962227841507e-05,0.050876857285276,0.0908325547321328,0.0260533758278999,0.00573597534523513,-714.606528795766
135,0.0266318577196822,0.0202647287115975,0.0138625597412634,0.0123526421423284,0.0783628680556545,0.00774217051682556,0.0397645025318373,0.0829637761277711,0.0239094926439979,0.00177616770283639,-713.94363428644
136,0.0674048431737177,0.0271204454736247,0.0426406058039939,0.0182455308796286,0.0701301150201698,0.00639974671299911,0.0276149945947664,0.073036895399515,0.0245054485127447,0.00388481763146116,-719.016739937487
137,0.0429762584679221,0.0352429443068505,0.0208755710351917,0.0071638500924189,0.0774870356044293,0.00897522034316104,0.0366755044194071,0.0705103417504299,0.024818729657359,0.0062511119436383,-714.139503278471
138,0.02770452441302,0.027891429638233,0.0284233123591982,0.00850772725843929,0.0728869988540138,0.0110299632734181,0.0447961300638734,0.0681544109787182,0.0324845166598158,0.00108170883701473,-712.909823565883
139,0.06023187425064,0.0335392769716597,0.026045756897682,0.0114465139596563,0.0760027304954254,0.0110975871062755,0.0462279590910673,0.0548999053391022,0.0317921735638062,0.00765224779539421,-721.039418804908
140,0.0612330025676524,0.0344479173243154,0.0233394034508356,0.0245257225709044,0.0748075674502118,0.00384087018645738,0.0404700772186849,0.0930800355994032,0.020885386923663,0.01067028952003,-719.847146037827
141,0.045317537852194,0.00361695216510743,0.0190142536597861,0.036056974696207,0.0623323083007649,0.0031821410121577,0.0617051393215158,0.0988985211734526,0.0143290364547327,0.00317039248616986,-718.598446212511
142,0.0542240863150416,0.034934754246183,0.0170108361658301,0.0347921767189683,0.0764701279179623,0.00852021926539589,0.0431920234125889,0.0879292686363703,0.0174796177737465,0.00242639127834708,-718.228891167927
143,0.0326032804242038,0.0281533740190583,0.0198455765106538,0.0327446603244443,0.0579062133184753,0.00698601435104902,0.0532419546993241,0.0866013585902511,0.0165056409537493,0.00032128453007971,-715.287123042348
144,0.0208557975845962,0.0382702392733454,0.00701381117903517,0.0323106474849082,0.0610732399036665,0.00431191541542716,0.0502951488662977,0.0742844234820756,0.0400893333729384,0.00688852053111225,-716.383093281843
145,0.0229992261783873,0.0270065926559444,0.00743252419879307,0.0353412643110279,0.0906164015839653,0.00261684244696673,0.0441169515936322,0.0636532712725981,0.0380306756734284,0.00458495902584317,-716.517120668417
146,0.0225763246152057,0.0285210174958567,0.00944862340239779,0.0247090942699952,0.087821373106238,0.00547693055276276,0.0524852416305317,0.101020088667176,0.0118115989543368,0.00304412235404473,-717.919450116847
147,0.0481236350528884,0.0383297597836537,0.0398171789097859,0.00860406348105816,0.0615456220896607,0.0067514984005548,0.0482125100027014,0.0920722290095739,0.0359731816476456,0.000634964333639489,-716.630282879487
148,0.0449140475024045,0.0079629032025742,0.0234190843998859,0.0217043517437322,0.0613709666566088,0.00902803309473045,0.0663193723878092,0.112064611987833,0.0396661718897994,0.00204771281649608,-717.386663193248
149,0.0260511847930419,0.0191865964669701,0.0256978281861449,0.0130403290303219,0.0643811638137453,0.00823706095160245,0.0384530443122196,0.112202355599254,0.0140490262383143,0.00449680564825868,-715.903166356873
150,0.0347272502209119,0.01320778198841,0.0242354031335582,0.0119674588078364,0.0628247728595177,0.0107349413718293,0.0391208188702334,0.105968791565631,0.0208248063761664,0.00258200774173341,-714.087255211218
151,0.0354317835194548,0.0300117024459447,0.0309852301918132,0.0161426882092832,0.049709168312438,0.00768150283630817,0.0389270119013144,0.113674984561272,0.0237353354730075,0.00614387068888051,-718.007427138741
152,0.0215662359789483,0.0243922427843879,0.031428585987782,0.0105745252263535,0.0750380605829633,0.000434840137811506,0.0391534096612714,0.11444052343706,0.0187426210107475,0.00599629241324798,-716.553962615004
153,0.0151568879554763,0.0239852834226937,0.0362212233279553,0.0118944493801593,0.0689958868999281,0.00389034261976246,0.0626533197821168,0.120596501322833,0.0255939369922736,0.00626080005534387,-715.467341018787
154,0.0471058344488272,0.0164446170732218,0.0169028755715851,0.0080335174909458,0.0693428510278823,0.00886329091212962,0.0660438547614451,0.139592774321474,0.017144299845252,0.000625855894046923,-716.706612639201
155,0.0432605455932905,0.0170788139784108,0.021717617296501,0.0180075067531241,0.0502289774696255,0.00767128879913249,0.0683917027048959,0.153682700548368,0.0271315558062726,0.000282651267405887,-717.995826187869
156,0.042923413883731,0.0279491203522008,0.0326432025712996,0.0223045073919326,0.0551642882424829,0.0118908791653499,0.0661139421449352,0.066021392933222,0.0232788473997801,0.00690687840500049,-720.849489483293
157,0.0283531426004931,0.00758052914316752,0.0264229760909322,0.0069196171943654,0.0626513955092543,0.010151474025437,0.0688774599674425,0.0741530767731249,0.025922820001207,0.00186102269398627,-717.22952635881
158,0.05430002931699,0.029437084792155,0.0134158444847628,0.00585850805659767,0.0678230237522216,0.00388053137331597,0.0624248799555675,0.0789812921924908,0.0216586746072919,0.00146598714175356,-714.839204925224
159,0.0519109299601,0.0239362473743622,0.011262320043887,0.0223935079287949,0.0702199911832136,0.00480032685729975,0.0517026435411336,0.0979233221036083,0.0158964404116919,0.00561079558508007,-715.91284040862
160,0.0423502252172377,0.0268209677544742,0.0310351063103651,0.0233700741777794,0.0728518513182037,0.00486459178688211,0.0413827767976426,0.101294371763369,0.0226889063017707,0.00417697082921831,-714.995784228866
161,0.0203517918444403,0.0189472201312331,0.0396129795812625,0.0102105031114497,0.0586419552213783,0.00432451396145337,0.0481859929409868,0.0730077693381363,0.021496058124639,0.00100492787975483,-712.291864195279
162,0.0183767840897345,0.020040354695954,0.0374034747516216,0.0141914060119496,0.0666264506982263,0.00499717847220421,0.0448786206322416,0.070721040596688,0.0245954298617699,0.00132096821847385,-711.360009308976
163,0.0230585916518155,0.0284529390514521,0.039159973844143,0.013518756445319,0.0642508013201096,0.00453991337658426,0.0287268493026976,0.0921999697685299,0.0253088951313885,0.00159576398241174,-713.969146404783
164,0.0261457175035055,0.0399310681988386,0.0388778535172779,0.00748048346516065,0.0625694439904548,0.00893008471186784,0.0514481521751917,0.0750491331439935,0.0208782998750883,0.00141883976694222,-713.343434133279
165,0.0241769665065705,0.0102841618104935,0.0356510737577221,0.0184019139303353,0.0614417966186438,0.0190523676367909,0.0306009370262259,0.0652062110810467,0.0175144552647356,0.00597112221311832,-715.250022560398
166,0.0234524900264109,0.00549556892187728,0.0320578867820143,0.0112654172413573,0.0443570145765429,0.0127014779168488,0.0269551326912199,0.068350931137851,0.028855033442499,0.00765340416903738,-718.751032461688
167,0.0162028433466364,0.0299694281262992,0.0359008638413341,0.00790712910214754,0.0844425946055905,0.00700410577238424,0.0490894292322339,0.082002463244625,0.0194878552803457,0.0100783863590927,-715.503808288331
168,0.0152174872213226,0.0342673557862916,0.0292497853812864,0.00714100983905979,0.0729889885457998,0.00226736680636327,0.0485287299057022,0.0855882428193245,0.0234766942447297,0.000834990561830108,-712.418071731009
169,0.0330748446082692,0.0247072528865701,0.023978620351181,0.00801775596526911,0.0682866108345924,0.00377608670344529,0.0377836356103262,0.084371167832596,0.0172046636655927,0.00823318886410517,-712.05661333309
170,0.0342228496659192,0.0317100292250489,0.0449825525732168,0.00849307098648833,0.0653650273911113,0.00244167050738245,0.0560214321393038,0.0728674262406729,0.0297000882740323,0.00882450101307362,-716.9432986239
171,0.0255918690273263,0.0111042911939096,0.0496087679299632,0.0263521277015996,0.0732159055657888,0.0140527551840779,0.0387393961583011,0.0590630973080322,0.00936033063618521,0.0078848665511546,-720.738928399782
172,0.0300585363039759,0.0195511568820671,0.0106247995583384,0.0327891447975833,0.0634348239663935,0.00607507862824482,0.0243679264330495,0.0776263620067974,0.0234517836628432,0.00734118406296059,-715.917236807988
173,0.0224830918584147,0.0253673011397284,0.0141951741069871,0.039738661565757,0.0723356649736291,0.00421128055409286,0.0405547239979674,0.0761343925490858,0.0170179635257391,0.00350663652667443,-712.949448483299
174,0.0212435944425501,0.0217445753496254,0.0271205752338349,0.0532399651428899,0.0601375635446685,0.00351568194871676,0.0447973474992064,0.0859875776392124,0.0271228581774632,0.000282002694080103,-716.067037923318
175,0.0198137046129825,0.0155348280394413,0.00332883335119596,0.0320326327073807,0.0700111826633022,0.0029476866421528,0.0548614033195404,0.0973382022010026,0.0236567114083004,0.000775262880940694,-714.532623158966
176,0.0203831326117809,0.0261912459268956,0.0231738119880371,0.0402164410157025,0.059016356596869,0.00591396577851322,0.0510371021149425,0.0975486578586686,0.0208537759908185,0.00523197180453279,-715.299444512018
177,0.0276239177340111,0.0320919568714658,0.0117574932130441,0.0264505717809445,0.0603388581510584,0.00122651210941223,0.0565829411602766,0.0844942979294161,0.02287486902302,0.00467926278145042,-713.833026732336
178,0.014223439383893,0.0299747208946182,0.0138986141934354,0.0170892558076385,0.0844750750140315,0.000871105148024511,0.042398627578338,0.0652810760553163,0.0239616183082183,0.00263922661787468,-717.161592278014
179,0.0682152721290697,0.0289139755911962,0.035297694120091,0.0111441979847071,0.0878073405151777,0.0042789147354836,0.0405634277644432,0.0977623429438125,0.0177916177955492,0.00328699655057716,-719.515309806094
180,0.0458071742632001,0.0327326490544911,0.0192181245426164,0.00827484846108334,0.0592649997805896,0.00487490427207303,0.0445125445219893,0.0760474607227507,0.0242028773355953,0.00297403067463657,-712.847780175061
181,0.0231037103447935,0.0209186493874544,0.0417653682948249,0.0101876397318276,0.0729581842565557,0.000977431690094071,0.0498021856884271,0.0907883157079595,0.0226218607170739,0.00227884166473186,-711.839314587761
182,0.018086462908263,0.0190719634995234,0.0197034028972762,0.0115246047529118,0.0570043000869965,0.00933296163503236,0.0443304639406136,0.0871708450748443,0.0293457676836688,0.00125892876551209,-713.626862854418
183,0.0304095200472102,0.015375069766565,0.0223316059079293,0.0119339361651888,0.068401583969191,0.000995089544997854,0.0532875239844308,0.0927459413206464,0.0274114312891511,0.0037447449900206,-711.634793393138
184,0.0380915968635052,0.0181553567603753,0.0392417607981741,0.00767040154685877,0.0664082119764401,0.00820373957740893,0.0586567286184661,0.0928490619715164,0.0245646542852527,0.000757175389298438,-712.530570611198
185,0.0299696807127692,0.0181012735392806,0.0415259498970387,0.00726872568063669,0.0823055184193093,0.00739441626217644,0.0546276393279003,0.084454225505026,0.0207624656296219,0.00230458969044845,-713.10297395191
186,0.0270622429950751,0.0292328307317332,0.0268441261338856,0.0147665825447934,0.0773832290833752,0.00510033095455472,0.0448750953352458,0.0795514049505888,0.0254050448465535,0.00245292582345107,-711.162317629139
187,0.0269191940190481,0.0344904069385628,0.0343140539548786,0.00765518063112185,0.0668151949951977,0.00698815043121867,0.0439078593995827,0.0740308953548167,0.0252573917604521,0.00503189533112971,-711.951909898875
188,0.0347018843845254,0.0243014933346366,0.0292041551587,0.00997242727952118,0.0962924725110781,0.00359932832221709,0.0431443584296816,0.0847020234714415,0.0239004504076247,0.0105620643449043,-715.823740153799
189,0.0272075303196546,0.0161281621330852,0.0350835350353663,0.0123497809345066,0.0704548907477392,0.00916424323771989,0.0517164846717297,0.0721950599693408,0.0101629706821681,0.00909785394212915,-716.109759835754
190,0.0242056149385457,0.0241245303356643,0.0379798000210678,0.0136551876425249,0.0626738099197562,1.00918246207811e-06,0.0364091778252582,0.0826936269599128,0.0201298236601572,0.00870902267736295,-714.492415029569
191,0.0174395785385888,0.0328297373367758,0.0256029983029596,0.0119773066134731,0.0803590529730415,0.00986307477635703,0.0491187419496265,0.0893140033763874,0.0334390183247661,0.00339364662587223,-714.764921682406
192,0.0216482558421631,0.038091623281508,0.0287187817332467,0.0157464639234584,0.0611091859844118,0.00864495901955925,0.0589629087453451,0.0893433950808771,0.0323265376401738,0.00416364365434001,-714.865189337538
193,0.0269780933417269,0.0149948018470877,0.0342654372215573,0.01139591961147,0.0636049181223298,0.00150364660439332,0.0520938960939166,0.0907026701652374,0.0154461410152504,0.00995742438362833,-713.389311219821
194,0.032813681279579,0.0261437026986335,0.0176398471778337,0.0024044659627129,0.0579766452273837,0.00751413956492302,0.060708876714885,0.106318895166361,0.0159144505179153,0.0021062200989126,-714.186817033563
195,0.0430266101904464,0.0265223166178329,0.0168381211420744,0.00484847169372407,0.0634432767900919,0.00793598041705815,0.0498794810484058,0.112865117871496,0.0170889223614316,0.00638718726036718,-714.853004759264
196,0.0403538585679661,0.0346922426370605,0.0339505995682581,0.0151209228568836,0.059202179019779,0.0100108209879268,0.052760461363332,0.106503076313713,0.016581566028501,0.00756647526490612,-716.346799266728
197,0.0373856575478388,0.0187672452644067,0.0159758941518985,0.0198515886927872,0.0634723133279993,0.009064461965476,0.0712592216058327,0.124191012556892,0.0159165908441059,0.00553643316479524,-716.098304722663
198,0.037107561839721,0.0280376403428958,0.0226645013752594,0.00403890783788288,0.0547971395218937,0.00044676082907148,0.0735877902429292,0.115188203471817,0.0217125556048752,0.00260046166110096,-714.3180156359
199,0.037728348942457,0.0191249433465353,0.0249199272735093,0.0211300162519758,0.0696461264840711,0.00044162686556779,0.0646780833157522,0.0860041259805692,0.0239533293143257,0.0014315674680303,-712.87761117961
200,0.0228177310905528,0.0305783163633044,0.0300394971527375,0.0147894623466501,0.0706885531554593,0.00688484201510325,0.0569661792763131,0.0964168272512971,0.0268406453993889,0.00107684058888375,-712.009329545903
201,0.0312974456724021,0.0126422433658089,0.0277056489609079,0.0168549825178803,0.0633386367832711,0.00693457024831475,0.0709975173427384,0.11260566843619,0.0203426058453409,0.00304577166755747,-713.14680597367
202,0.0316450268867502,0.0154135034134527,0.0353282922607914,0.00225050065158128,0.0662944218867101,0.00213317108695138,0.0732659810341109,0.10559373311845,0.0209663989668081,0.00137869677370786,-714.641992680721
203,0.0328203611097875,0.0270494029930006,0.0258211082576266,0.00730782908814638,0.0608995048421082,0.0075022018303378,0.0423280457891933,0.0505731466870994,0.0182114944978188,0.00886036473943819,-715.857131823597
204,0.0178635688333879,0.0215334711466556,0.0399905762365124,0.0131262501687732,0.0728012315813376,0.00362644132906313,0.0336925491046908,0.0797675542169962,0.0140153001845261,0.0110004885236119,-714.702072439199
205,0.0197238804337655,0.0170109789233932,0.0399391477508797,0.0113320175941712,0.0756948378811164,0.00812395427339951,0.0466496391598983,0.064457516362926,0.0182368224534985,0.00545641797847992,-713.654951021858
206,0.0309411515942411,0.0167393529998778,0.0285335917054228,0.0140076004507868,0.0653687174671955,0.00681262677492521,0.059318439152129,0.0604354237404892,0.0248196791744823,0.00490560000696424,-715.255838015115
207,0.0382135753882722,0.0208109648361922,0.0284634319943781,0.0143633479518119,0.0699379939149244,0.00914235003002077,0.0442238093955246,0.0562587448781467,0.0242963015299165,0.00769500214405678,-714.702532086756
208,0.0203519918498266,0.0176160523274957,0.0342506336204304,0.0123357078311785,0.0589996136146436,0.00469467742572528,0.03993819759923,0.0844251551682309,0.0247828386234775,0.00464425198750416,-711.573847635132
209,0.0278646885378752,0.0150966034131439,0.0222591272282077,0.00802960092623272,0.0551168104901254,0.00114113782846353,0.0363781939223282,0.0862503803417502,0.0231241814397228,0.00491409532423984,-713.799427779122
210,0.0267930484174505,0.0347617914501524,0.0228225804906593,0.00858590383295384,0.0675606567559567,0.00610290283515644,0.0395078456276308,0.0764495049399949,0.0213250980911413,0.0102163177350963,-713.242951582804
211,0.0304180951579635,0.0284994433924705,0.0300689473043063,0.00906268908950455,0.0552847924477374,0.00406044892122806,0.0415997274837925,0.0770284830418499,0.0213852432804742,0.00423446256026415,-711.737992128892
212,0.032903965783521,0.0154979873988743,0.0432179073421327,0.0136955640460068,0.0862022947023263,0.00466473915894599,0.0511619369540613,0.0878856434039267,0.0246755077733325,0.00103867132498418,-712.848365571159
213,0.0175247203328618,0.0133502628233262,0.0260351611090918,0.0325431286259009,0.0524060203515881,0.00959979066548629,0.0295201242751007,0.0583795420567259,0.0211238476779585,0.0038378008419921,-716.953434604731
214,0.0446557439505172,0.018668094194725,0.0289308644639349,0.0177751008177773,0.0648196596789779,0.0110791073032672,0.0192828250158496,0.0733968645167997,0.0147133526874438,0.00137638150181134,-716.441644756063
215,0.0546470576256374,0.0230703515781492,0.035511209285003,0.0224308706467886,0.0570271817190652,0.0119713151583895,0.0502428631777939,0.0768665334097972,0.0248760610310901,0.00396183946135952,-716.661583684111
216,0.0185210953545612,0.0198561328547758,0.0346087548760139,0.00731424893274738,0.0857230589728112,0.00886064916549363,0.0511272430782107,0.0799827568478146,0.0219751588674643,0.00379791419582847,-713.782882661647
217,0.0400264097104489,0.0229595867963884,0.0198493568382867,0.0140835494157629,0.0879865301334066,0.000688402184116817,0.0470689607512533,0.120235362203425,0.0333745515750227,0.00292116245453262,-718.937983713775
218,0.0242567936583205,0.0125659397322672,0.021816835968832,0.0185980969627994,0.082055828692139,0.00398997942019439,0.0479725837428972,0.122078668085886,0.0192537513000006,0.00224277781759557,-717.123000493051
219,0.0393896999590888,0.0407503513699816,0.0374154210080373,0.00519307135910453,0.0824910534261258,0.00228637188773845,0.083774295621582,0.103964465271525,0.0173695998074269,0.00568506577361439,-716.92868486713
220,0.0406892376441493,0.024297246909829,0.0443849433014146,0.0138020821153509,0.0561743615307002,0.0065708934644328,0.0618379121403238,0.0992373046876685,0.0294715981708938,0.00165682100675734,-714.964124853783
221,0.0200365356520318,0.0120495610222439,0.0311658267260503,0.020071748661016,0.0780927123047294,0.00541294507807348,0.0576950495708926,0.0964260532918835,0.0215378798671097,0.00380020748929405,-713.274423013254
222,0.0296822125320828,0.0133372868019609,0.0198938345650255,0.0100779998523669,0.0766047630020359,0.000589944705309214,0.0541773330649185,0.0894929575843126,0.0262370657677283,0.00376206020784564,-712.452630812229
223,0.0280885122661612,0.0145892487829545,0.0130426388648103,0.0507549013478195,0.0752379712600938,0.00222579689699611,0.0492500564224315,0.0887590560930231,0.0310621400801514,0.00795599726002377,-716.453218489761
224,0.0264451555305827,0.024569135480435,0.0215690382257038,0.0160535005711618,0.0887478158673655,0.00532414036531777,0.051545200579508,0.0629871806392206,0.0109324914769986,0.00271108694120438,-717.757203330393
225,0.0230960778552324,0.0115014742997731,0.0577154919187072,0.0211512066101609,0.0665137641174907,0.00752751107501667,0.037772386111948,0.0872817511378746,0.00950938352556812,0.00639989531092315,-717.999999521768
226,0.0326053460549605,0.0141573170079394,0.0256350902458029,0.00689412662147431,0.0621623961153732,0.0079446818747567,0.0481150064435788,0.0694498814689649,0.0351490244400905,0.0080541172500316,-715.02601705747
227,0.0373462434832203,0.0258223196650056,0.020173465417071,0.0140112185393561,0.0616944687327607,0.0063304397077923,0.0489991005284902,0.0730526793175373,0.0160830904317597,0.00758210072438472,-713.249605346787
228,0.0374648710464231,0.0119583154304731,0.0170778901256173,0.0208467746127102,0.0750223167684163,0.0116830703743087,0.0373525927460327,0.0772414765994203,0.0298236414239167,0.00851711887214138,-716.234429030967
229,0.0521169675669108,0.0101048209694548,0.0321650900154356,0.0208009506138264,0.0859298333030308,0.00200025640869718,0.0445696364556233,0.0724143139028842,0.0126769135565723,0.00452522202305288,-716.363715485111
230,0.0199236186098485,0.0262446381698374,0.0379326334491641,0.00599557389729822,0.0665892245552384,0.00113158271940998,0.041630816948203,0.0747548720174822,0.0132173523560405,0.00642941232711871,-714.181413344527
231,0.0425200757194125,0.0216952461401204,0.0300401249870578,0.0280128496572584,0.0767517214759127,0.000798390844567906,0.0410478142431999,0.0877173722912213,0.0256021506799853,0.00732045338692898,-715.857863234495
232,0.042436227173004,0.016945930735402,0.0219067348341456,0.0159365049645499,0.0859550451597001,0.006090267536328,0.0598714439728402,0.0837924586334431,0.0146328661312419,0.00869531094835242,-715.29594794304
233,0.0322519553406571,0.0247307791098935,0.0296942045014028,0.0121678588461745,0.0669621276106136,0.00589131412904461,0.0473596282655296,0.077201772216381,0.0180455048957938,0.00471186817871131,-710.933681068509
234,0.0274348162187412,0.0251369287063757,0.0337680160326148,0.00630259333505731,0.0825884453149126,0.00536182551359618,0.0466394269681165,0.0779323142981577,0.0163287334536831,0.00308946903362576,-712.324147090621
235,0.0336181757651659,0.0241312338289589,0.0368662529845196,0.016199014567598,0.060739365468684,0.00114409955609925,0.0335397316599352,0.0817670158629523,0.0148916882245586,0.00536832867462235,-713.597400627671
236,0.034688754879221,0.0107360993551733,0.0287500396478805,0.00771517218332947,0.088877720136357,0.00440441806877414,0.034121818595337,0.0687185738231848,0.0210787231856132,0.00191145052898724,-713.525559131587
237,0.0207980115851796,0.0345827707757133,0.0284246391572713,0.0178214842650901,0.0813368647278973,0.00571791668290454,0.0403849944205536,0.0731928491784342,0.0145776964060001,0.00391241241863259,-713.980153403867
238,0.0332393957604399,0.033374684426833,0.0339717730566763,0.00602274196599721,0.0739464913754705,0.00351936908165318,0.0423538958860211,0.0884725434807208,0.0272390315239759,0.00388655196514759,-712.533522463587
239,0.0249777314897096,0.0197729660218668,0.0237865960745269,0.0270689283371382,0.0686816411232431,0.00332579044140223,0.03975294202124,0.0610932548914371,0.0184954016937486,0.00655821917111562,-714.46296119639
240,0.0206266477793879,0.0150053999888885,0.0432181567329003,0.0149052243304672,0.0672606113650808,0.00418308185601005,0.0306517133215678,0.0585060270832442,0.0199602602899425,0.000792950563874562,-713.006707569614
241,0.0300708537569607,0.0274068924513846,0.0446663004832582,0.0126681618824534,0.0744856463642438,0.00763315268534082,0.0343090453877128,0.0660588518837943,0.0231887599364769,0.00313579217667242,-712.38370908996
242,0.0234609440047988,0.0290509973368743,0.0161361891097047,0.013079652103217,0.0795270712164061,0.00318086875115502,0.0408023552411732,0.0631495285184882,0.0167673518948862,0.00373871897244502,-714.567501166559
243,0.0276219215640067,0.0197092214092382,0.032686607005642,0.0191264330224972,0.0724025150085399,0.0043975478291194,0.0313833606911297,0.0690841452393921,0.0342245191413874,0.00342139266462695,-712.629777846201
244,0.0398602968585808,0.0273618417905531,0.0254266795398323,0.0140468559584274,0.0762565657434531,0.00159941051109562,0.0529197866531144,0.0989720539703521,0.0322804924866235,0.000985946333079024,-712.91112845988
245,0.0332328552689072,0.032074615554668,0.0267853579667601,0.0118196441718931,0.0709162797973378,0.00866445530172077,0.0769689850748168,0.129800578782007,0.0339679712241139,0.00683301382292242,-718.534972453272
246,0.0306672608936529,0.0352640269000662,0.0260615817652714,0.0105264408374681,0.077303746506615,7.27927947964112e-05,0.0707106279749989,0.085552120945216,0.0165403498179439,0.00209395937514965,-714.572479868549
247,0.0375172915502937,0.0206763082385497,0.0241701506344257,0.00878226882895348,0.0658114634172809,0.00604543417990916,0.0361495664181642,0.0608831750791679,0.0201785059458273,0.0101769382967099,-712.941749422194
248,0.0151026568648178,0.0245286970605654,0.0322717239922784,0.00831154898631805,0.0704002203057271,0.00764936670510155,0.0389929086582784,0.0864671693993028,0.0248422283493594,0.00871736780194015,-713.7509992661
249,0.0330435981138069,0.0194831573107932,0.0327993484865239,0.0214245943254406,0.0606609828460633,0.011041707793545,0.0483575192537709,0.0839425901275185,0.0290936093847842,0.00551227275957969,-713.773142805064
250,0.0419460923572853,0.00911152994033652,0.0330249248673905,0.019339366490269,0.0588220676424436,0.00124639240129901,0.0394873179861319,0.0935401760805669,0.02514291424519,0.00485136916590683,-714.281116060351
251,0.0265634632220067,0.0153863736719051,0.0391933995993846,0.0135974505456195,0.0757815255059815,0.000728128590011988,0.0558244393160283,0.091297721054288,0.0241527509737168,0.00360407021858797,-711.98474127689
252,0.0257497652388267,0.0200031112077538,0.0262102304353988,0.00280828223746826,0.092720801341937,0.00694480778040268,0.0565077714150215,0.0828129005002049,0.0168122469861219,0.00320977708994249,-716.147603785701
253,0.036742706338958,0.0402479332250599,0.0344632148664683,0.0135207932710864,0.0509249541718532,0.0013373551595687,0.0432416576775679,0.0836261340883252,0.0251485796181024,0.00136803606013405,-715.881439181242
254,0.0253578593525023,0.00848279736781487,0.0274404115485893,0.0262445017029656,0.0576903356656859,0.00288952134219955,0.0460366680715827,0.0817965944541564,0.0261649998596414,0.00268531459583961,-713.471735371925
255,0.0300473844119799,0.0241493382958105,0.0120238218160811,0.0384499782609842,0.06356291681336,0.00131103446930711,0.065589230853362,0.0875428460632622,0.033023535068973,0.00137350840705811,-714.617037680739
256,0.0224255623447402,0.0285115203715247,0.00998647970331519,0.0270418488334906,0.0751931193829636,0.00225992456542512,0.0498588946670882,0.0680164247531282,0.0212657518891624,0.00469780228318959,-713.639746334472
257,0.0308878498988808,0.031538344386535,0.013737086468345,0.0311612077255452,0.0682643573845664,0.00445848469408174,0.046820221117829,0.0944670314095283,0.0293733182682772,0.00406542136430683,-714.011940325659
258,0.0301820521980523,0.0404979666377938,0.0145766010605348,0.0251893106582314,0.0589432234068307,0.00421683367691418,0.0298107328151978,0.0729330373792497,0.0203191600320001,0.00458191189499978,-714.178501968899
259,0.0132886292872267,0.0416856465098414,0.0101279762117295,0.0309822355764146,0.0525065022606729,0.00989566855553683,0.0296072874020195,0.0568735765444912,0.0274425026604288,0.00595728979730989,-716.123300772567
260,0.0192450433032908,0.0444594987050482,0.0190768608194296,0.0223539227386314,0.0556723262740596,0.00812870735995477,0.0297983114441056,0.08041657096211,0.0262095712580619,0.00560467131848892,-715.472279940041
261,0.00811700062201904,0.0369590199052453,0.0424784502882632,0.0236501366718732,0.064901338726082,0.0110622225940841,0.0464533237427533,0.0917276481230965,0.025464760551128,0.0029550054556542,-717.294675748954
262,0.0221354767175336,0.00167515860893253,0.047941774418045,0.0232513810706244,0.0541711716302834,0.0105449741615252,0.0425369137118863,0.0834407949919156,0.0241352722348447,0.00588378212151075,-718.652318989238
263,0.0217727534915942,0.0289603529816976,0.0244869502342541,0.0223647366718195,0.0708499731438455,0.0105500365858594,0.0409995157792771,0.0759113504810315,0.0301122532260729,0.00440080383695576,-714.149230140623
264,0.0212079894491577,0.016834701867467,0.0347887359066917,0.0293068335884613,0.0854988571510545,0.00902470042455164,0.0293247721304695,0.0782495033311627,0.0206973426693611,0.00297507468895148,-715.46714143799
265,0.023008357625017,0.0299338626645209,0.0199926526952045,0.0149790331384103,0.0788379900591373,0.00923742495179653,0.0517015921247613,0.0861933674657335,0.0222449108138555,0.00539628434597262,-714.016925804424
266,0.0284188125207232,0.0288152279734583,0.0259793324379449,0.00801020503695378,0.0738582945250521,0.00840571200859987,0.036737948495113,0.0851951215581916,0.0217270327309046,0.00353794333364449,-711.892812309732
267,0.0243692869346935,0.0266196783961886,0.0340999725078825,0.00775459649522459,0.0759015794797469,0.00205546029016836,0.0348436169546377,0.0907185872065229,0.0327481010848893,0.00366943836351381,-714.040836400283
268,0.0366697386291052,0.0213063676187194,0.0236229140936591,0.014655006314245,0.10011644820989,0.00226244030420277,0.044564952357831,0.0732402509325494,0.029170304501103,0.00624291371379596,-715.327416617039
269,0.0257859861220565,0.0319740380395241,0.0412450619558036,0.00777282987293987,0.067475829579591,0.0033086305519341,0.0336758769281629,0.0700555065036336,0.0152357567013239,0.00474752513562758,-712.865693807479
270,0.0346293609224704,0.0348705919823576,0.023309378299103,0.00957857102940556,0.0705444631503971,0.00402607888068669,0.0408189924993084,0.0879748945668595,0.0186746015503299,0.0015791633997567,-711.967559462221
271,0.0239056213934701,0.0230327621488844,0.0232331227352589,0.0154131413183593,0.0583576546708537,0.00525699501085609,0.0600856146633773,0.0982563645240413,0.0346951057163889,0.00116033518853543,-713.256351752278
272,0.0433691578508507,0.0217001967132991,0.0321144164348683,0.0046138175042215,0.0570951473287998,0.00203704918376737,0.0636092010946029,0.0777903823256478,0.020986141082137,0.00572096937785964,-715.374716689629
273,0.0222990495758629,0.0334047340989266,0.0263334151314769,0.0121054124860029,0.0824151023839206,0.00191889546190561,0.0565326447280614,0.0790277983769538,0.0197916870093163,0.00556167053940808,-713.36560444125
274,0.0448475784636058,0.0266001490515244,0.0299401473601496,0.0144604435149087,0.066716414287349,0.00119453722296422,0.0594734034969421,0.11587108165634,0.0179241606778423,0.00755836225317244,-714.768184288148
275,0.050417114177485,0.0121745219223419,0.0114160416280202,0.0238130120923962,0.081820012934337,0.00198222791262244,0.0802163414922252,0.098322501632289,0.0261986491621482,0.00340982176334792,-716.920992799582
276,0.0505901557131099,0.0180059701534117,0.0237528059039635,0.00235806323447447,0.0655560282951442,0.00204017611180994,0.0607154468796483,0.104839165688071,0.0139695135028711,0.00583645092354979,-714.989104039867
277,0.0503082179065845,0.0389328078324503,0.0257789541233699,0.00903870398748383,0.0803159965459262,0.00173376973712408,0.0821540337643561,0.089598308980349,0.0250309690423854,0.00415129756000162,-716.448966075341
278,0.0274151097651846,0.0205479769650434,0.0254080572464292,0.0119237790795951,0.0754452267354792,0.00214977013429825,0.0447273857906656,0.0900997298559378,0.0159588632112537,0.0182612243079015,-715.830513735208
279,0.0189648191808016,0.0211729943104176,0.0109045527864502,0.0141688695575773,0.0853179240864094,0.00943833194681458,0.0614419119224707,0.0762241922989581,0.0248628889399441,0.0035248496206573,-719.256911045068
280,0.0591300944445538,0.0245160201977932,0.0228871830593082,0.0105752200391766,0.0822414996014677,0.00078310908765717,0.0510165243345673,0.0757166342782183,0.0207250442464915,0.00460098783726667,-714.467091631641
281,0.0343370143757335,0.0175703188932001,0.0212529365719676,0.00842465222124352,0.0567696197450605,0.0057110727722198,0.0335210048059915,0.0690360596057739,0.0230771861152455,0.004825283950338,-711.979295217411
282,0.0406093625786137,0.0214933317309311,0.0198457200887971,0.00657755797736947,0.0825774680738619,0.00329809874348075,0.0566310848332638,0.0850498566031652,0.0205738665333993,0.00512493772566732,-712.507587183148
283,0.0294603796191729,0.0251425444112166,0.0358232775579084,0.0195049995066133,0.0824798920937956,0.0015819469134086,0.0491263377492518,0.0937326547130749,0.0232790376087593,0.00224175046210729,-712.592685468334
284,0.0325993178230801,0.012805686223627,0.0279417584407408,0.0197941991851423,0.0726602799124504,0.00184084763992404,0.0689444977605497,0.0992638102699726,0.00994258371363596,0.00325430646408908,-716.022125859162
285,0.0316835536900626,0.02397428903172,0.037042683890612,0.00992269005396387,0.0744207565888475,0.00502859501353184,0.0620673570514646,0.0982419531301182,0.0381152168209259,0.00225511227873786,-714.091364627648
286,0.0314233067390565,0.0132907924201766,0.0291904802964025,0.016851246562291,0.0744963307220012,0.00362323443199267,0.0634268106127867,0.0833571566588962,0.0382424983859457,0.0013879537295079,-713.443714316195
287,0.0211740289590621,0.0286246711128611,0.0237003145348144,0.00400456897676606,0.0732674136986672,0.00683728416210407,0.0375680031065555,0.0793936612330777,0.0309763651475261,0.00117046135802984,-713.119476352367
288,0.0234324318106074,0.0188921826404287,0.0240758693368137,0.0275176536618668,0.0702197039553455,0.00695653133560952,0.0415980790985816,0.0751349524477877,0.0296587561678879,0.00143765044920156,-713.047456355795
289,0.03560968625428,0.0150363312295507,0.0374835751196645,0.0110641915166767,0.0729396617336351,0.00320742739316131,0.0516538511536741,0.0972775287408595,0.0207270842275835,0.00255651491699783,-711.487560377662
290,0.0297433879849055,0.0163020615989859,0.0389456007147563,0.0138339313021601,0.0755403041593423,0.00334345007664453,0.037854028903421,0.0829397875102694,0.0204767600772461,0.000282536654275911,-711.470089995193
291,0.021965056205747,0.0250480280082901,0.0457664050666645,0.0181701794592767,0.0691643167534768,0.00740007669904946,0.0460840798700634,0.072519892845462,0.0217495514347243,0.00227871975096069,-712.403460436398
292,0.0299688958849349,0.0143869750872183,0.0500307999595653,0.0148877319181127,0.0707714991034725,0.00445746597019589,0.0363145124062599,0.0755103076369801,0.019411191212942,0.00560171790427057,-712.663521902851
293,0.00891455639746666,0.0231355350985432,0.0299845325274297,0.0141180778435777,0.0689974661772089,0.00329813327388825,0.0306154891760024,0.0602697661619451,0.023436284149925,0.00280707446607813,-714.615420237197
294,0.0102779230602878,0.0248644094481836,0.0375382006808597,0.0103960139245608,0.0664320706077281,0.0113661983691867,0.0357420985241354,0.0980881558340414,0.0258422525291278,0.00313832775214921,-715.688341708017
295,0.0472208107889725,0.0256708602573228,0.0279949195155509,0.0117474071060854,0.0637840793501663,0.00938625740643707,0.0863187411568334,0.12131853956937,0.023720828444921,0.00191791937954996,-715.385234265992
296,0.0221367014780564,0.031069266754131,0.0387287563178441,0.0136752454016783,0.0650367365702073,0.0088911015670867,0.0659422652635933,0.0801934985873481,0.0306188602186057,0.000725296140729814,-714.388858847498
297,0.0364888479764201,0.00941766004610066,0.027686502269755,0.0126630527705087,0.0652682947596827,0.012227745355743,0.0367946935469459,0.0885599518355151,0.0308749800172842,0.00095285748279546,-713.608656005565
298,0.019361114536302,0.0372787383394359,0.0308169355314038,0.00106536391909911,0.0591999040475188,0.00694479797222352,0.0387526057693911,0.0810665124933783,0.0282961804991941,0.0017891491032017,-713.120627391187
299,0.0374172856098942,0.0307602610066467,0.0278339039962333,0.0223929595912834,0.0525662725209718,0.0149124200363904,0.0347075625392587,0.08340269699732,0.0234270198297708,0.00281772155494464,-715.667686748367
300,0.0368389603121671,0.0129199121135674,0.0124126791010742,0.0183786518791459,0.0586781367800764,0.011368161892395,0.0392176224264726,0.0651943180225719,0.0306918343120491,0.00561458748163373,-716.362194168507
301,0.0442882585793941,0.0153782703378008,0.0441727925942575,0.00653557794297867,0.0581693830242913,0.00494887178237396,0.0255072584433889,0.0717430051750886,0.0168453484831639,0.00647417839962761,-715.793644062675
302,0.0297981874003748,0.02066210891186,0.0364772756892466,0.0159414060210514,0.0749745298293101,0.00432750522431215,0.0316071828467623,0.0869015996252364,0.0240821417991677,0.00702321324404646,-713.283911581036
303,0.0284211259252411,0.0156776505846377,0.0388664150497796,0.0210879862227899,0.0728042795594843,0.00281381576434293,0.0434467056705769,0.0770156227552289,0.0237147006913549,0.000972462579556061,-711.260070537161
304,0.0261507888924029,0.0221895959125363,0.0513775827685984,0.0108095787574585,0.0706330699753045,0.0119224596111889,0.0440779174553795,0.0763653217548434,0.0212815605317448,0.000289650918714901,-713.408441835068
305,0.0164193262674591,0.0357193919610667,0.0232737246136929,0.0140978046501244,0.0795536335731848,0.00853252651589649,0.0358748505553817,0.0697511214508413,0.0189667080389266,0.00460604555500276,-714.203573442137
306,0.0310013230465411,0.0123894089805461,0.0309907098199522,0.012234168201121,0.0537068889029687,0.012302731156226,0.0339883317929433,0.0798114185474463,0.0239079113794649,0.00801844347516981,-713.711245260358
307,0.0342243885956536,0.0232258176427831,0.0273835346429613,0.00760410229499736,0.0541876683802401,0.00545386990368004,0.0427275676069281,0.0695280829184896,0.0210640352093361,0.0072468417965856,-712.610825320062
308,0.0320090914268018,0.0205686363607562,0.0330594265203783,0.010841136470954,0.0749538998479937,0.00899768022434209,0.0394923953006067,0.0742165919122428,0.0185944778243145,0.00680130523764971,-711.813156509883
309,0.0223659766564494,0.0170491834957957,0.029662255859462,0.0123973716162323,0.0652939208860061,0.0114765111195787,0.0514305724386476,0.0677538852914986,0.0223636442483622,0.0111179716131872,-715.43470415012
310,0.0218619014646944,0.0166331884713371,0.0382143739768516,0.00667438120921645,0.0715122964951147,0.00352179490151239,0.0524324199983932,0.104263436285901,0.0204660638817642,0.00222124721981675,-712.698863129457
311,0.0206366727144099,0.0340479215369641,0.0301498197565828,0.029780849292786,0.0754407627756815,0.00700132294383534,0.0851249440495432,0.123179581461196,0.0180706972601426,0.0038821187924972,-719.964744085531
312,0.0378466827934122,0.00298587342978805,0.0199169821250034,0.0263195300952513,0.0726793674598838,0.00447086790425642,0.0568579220730853,0.0719976205074029,0.0126872781884391,0.000748136117102139,-719.849310889976
313,0.0414991730892173,0.0203800890549235,0.0241151457338035,0.00933495858742152,0.0681086741908547,0.00358860278649473,0.0490368711412101,0.109698152998547,0.0300860486945589,0.0012631277598495,-713.091684570028
314,0.0363069612275588,0.0207636980862849,0.0264506187405121,0.00620962710710175,0.0584915191744039,0.00145444774980679,0.0430965582860768,0.0943048389358755,0.0204015363699563,0.00995319027177262,-713.61794884221
315,0.0298379773997781,0.0224578073840475,0.0286926617404725,0.0102957057935939,0.0652194026054635,0.00916622563849312,0.0485946312624594,0.0810778057997178,0.0198812076239895,0.0066321661532611,-711.624125236321
316,0.0235295241426052,0.0215734411701311,0.0401223574624866,0.0151297138350404,0.0690628006733663,0.0129741091507557,0.0522260643936552,0.0846752641727062,0.0178230745084197,0.00226436515332746,-713.117149608449
317,0.0305162464820661,0.0132452536424925,0.0330664297381289,0.00463699077528515,0.0632644674310076,0.00413223702807101,0.0570058305914218,0.080848258119523,0.0318903399931466,0.00365320777104647,-713.828468861237
318,0.0252482352085814,0.0198582283772221,0.0234634664516877,0.00248911194535832,0.0587290013969747,0.00639918187890411,0.0336171636780753,0.0596798891824192,0.0327874830214773,0.00579609831398418,-715.352075499805
319,0.0312156885271909,0.0282507666357491,0.0331797609841921,0.00126118568267304,0.0559187768835875,0.0191790157208354,0.0247955819654975,0.0635660219545586,0.0328424898294601,0.00573197130264671,-718.309505631941
320,0.011862383198145,0.0331011300532206,0.0254935236167621,0.00805642193484286,0.0576039679366903,0.0212263789331654,0.0352297035404548,0.0524876454650175,0.0223498005634723,0.0101577100923195,-720.116776957267
321,0.0394571425235535,0.019361055668708,0.0322094601272554,0.0146900470659528,0.0527968176659361,0.0170937508498023,0.0220946922586379,0.0967184175370646,0.0152027516707463,0.00915493606409427,-721.33418693866
322,0.0372325442157318,0.0121967335174015,0.0499523903397965,0.0153620638678322,0.0493673733261853,0.0162799273961404,0.0603486168332305,0.11879904607368,0.0171273231101352,0.00398372308875775,-719.191395671621
323,0.0364672667571637,0.00777982824407997,0.0312526440571509,0.0124146695691013,0.0611759778487929,0.0105048003275596,0.0520492547546926,0.0765766448860716,0.0213568628525716,0.00844736184704313,-714.47217204098
324,0.0222783477910244,0.0122232461889281,0.0423152990015142,0.022080122802204,0.0541311019043026,0.00393438553252537,0.0489868318041616,0.109821097561595,0.0205875917503097,0.00448837069343528,-715.063734832808
325,0.0416590207506039,0.00920088298588201,0.0285741039027693,0.0312280941516897,0.0507676201028237,0.0092481856544213,0.0654914916950629,0.108847105380907,0.0205481484291118,0.00417868331004743,-717.198719477437
326,0.0473112704751467,0.0125391421047058,0.0247998962253305,0.0154068888000484,0.0559767431085066,0.0105786219870843,0.0564964474526159,0.0935092938236697,0.023962181647409,0.00184250736276325,-713.255292238603
327,0.0330510907246712,0.0105646218993115,0.0338606976098632,0.016288224931463,0.0711555712837835,0.0125982681596065,0.0616482644657549,0.0984664370434527,0.0208779306296711,0.00513321187183606,-714.488987746893
328,0.0376450114333002,0.014953745522632,0.0114857893391108,0.00870326955909623,0.0737956387971705,0.00983292802642454,0.0622817245394506,0.109794738792338,0.0260343071152447,0.00837138156580801,-716.926201923829
329,0.0658687219093465,0.0144372410520718,0.0122498386326139,0.00757025238330917,0.0518364983285903,0.016845233044946,0.0504673654052128,0.104832859612282,0.0193194723944611,0.00556091151609622,-718.838032057959
330,0.0356077460941311,0.0336408530444404,0.0116528971753651,0.0331038788212299,0.0646261490577602,0.0180062850642562,0.0601845037723525,0.121870736527299,0.0182057826842625,0.00304512957513832,-719.579722282607
331,0.0185673186089195,0.0498807229853899,0.0107019662237657,0.025587683450211,0.0476181401183893,0.00768855815158345,0.062781927452371,0.108997602231143,0.0249522440177466,0.000963970929368222,-716.271578015139
332,0.0353386325653832,0.0162126583177868,0.0499713912500336,0.0190441818926354,0.0545703420969377,0.00934272780306867,0.0446901424197393,0.108345431743345,0.0176507609857665,0.00240900183825089,-715.814901317525
333,0.0167251889683286,0.0267709448146176,0.0355921216025767,0.0029309672842359,0.0665669267707937,0.00116714782369536,0.0472360669960478,0.117645768719844,0.0296699872677895,0.0016402932166223,-716.107689645984
334,0.0325278697808245,0.0254493988553835,0.0272483224555067,0.00592312911539868,0.0629468193283888,0.00207813845692005,0.059830836187245,0.118084130112416,0.0180399409400987,0.00486343296418002,-713.112758715159
335,0.0329302917085724,0.0197303706725369,0.0422576027215738,0.0230179089843418,0.0666342337002331,0.0101266283534186,0.0519192350432531,0.10589623301139,0.0115102768460022,0.00141549256601142,-716.383843741107
336,0.0416146013609215,0.0112770913239422,0.0320875663652264,0.0169311974807364,0.0696774984745285,0.00555806686382507,0.0618650152840003,0.108841872560048,0.0484165648003619,0.0011601249621886,-717.929948798906
337,0.0362362360980325,0.0102758348622567,0.0233421639075034,0.0109065527394193,0.0580686455054823,0.00213260343422144,0.0564856571057183,0.0717909794444158,0.0200008991393328,0.00755516782858741,-714.670886355066
338,0.0397145722306547,0.00997406516850667,0.017325288226109,0.0186377835377033,0.0663851631947968,0.00845879306465624,0.0509805749145936,0.0918449657074467,0.033655212470097,0.00866087773199567,-716.001647683754
339,0.0226034663264369,0.0113163518115955,0.027938152323575,0.0140194940524073,0.0543506112898096,0.00725542438689247,0.0454754025747889,0.0743096252193576,0.0181738954075976,0.00524523183579136,-713.427621143107
340,0.0368147546147054,0.0243185249044372,0.0306791618831211,0.00842644121060117,0.0785152940821719,0.00785120100766824,0.0459635140814003,0.0809324876270248,0.0251956174799124,0.00476667948133345,-711.973653731617
341,0.0431123268715605,0.0203722832312568,0.0250321136199354,0.0083609793249234,0.0708158225168488,0.00782425003962799,0.0434837829640328,0.083691750301878,0.0252551900942921,0.00278569807239322,-711.423059609216
342,0.0429441669618083,0.0296727555818157,0.0250179540775911,0.00396508095990193,0.0856388741471046,0.00340732868419382,0.0671935689142032,0.0934899368106466,0.0260988028607443,0.000540340516418045,-713.713149720916
343,0.0234679799894576,0.041485180552496,0.0249625979613364,0.00856091707056284,0.0753230009408126,0.00275233725458931,0.0626433300709168,0.0996561783302083,0.0163690925171034,0.00353351667305488,-713.781801531803
344,0.039320539113956,0.0133847924048552,0.0318859592115185,0.00907261585857129,0.0732200520539857,0.00291972093445739,0.0474007547780244,0.0806854841600894,0.0194961347969132,0.0109947851644019,-713.138598653932
345,0.0445468740529662,0.0251428009860069,0.0320432495935662,0.00482997796467351,0.0670576228751776,0.00541548708757333,0.049705661292297,0.0806501624623329,0.0225399818889313,0.0148078049988028,-715.954303542939
346,0.0357240794678891,0.0333973316218398,0.0333463998542199,0.00390917861529297,0.0772233905065735,0.00484837232038142,0.0489254826688853,0.0856112750860341,0.0169901725797386,0.00355123210545982,-712.618711652018
347,0.0432250617361755,0.0194119476506746,0.0128195933470961,0.0215262832024796,0.070485070453217,0.00294568500903972,0.0718230218436658,0.128728371917091,0.0188937181631489,0.0022678009233138,-715.294883433929
348,0.0300608981289489,0.0478433906922885,0.00647310516358079,0.0169133054754491,0.0809799566669945,0.00387588509374594,0.0883548445156005,0.137330081097256,0.0208369929116924,0.00539710090365011,-718.499223685622
349,0.0281953213978425,0.038738411516017,0.0183870238823263,0.00235813024465269,0.0661387562114702,0.00270803854807427,0.0638121464991129,0.12120142185476,0.027070827483297,0.000323759642188201,-713.818899679123
350,0.0451941685064679,0.0331927030300376,0.0184992809799432,0.0119813897631867,0.0716395880445882,0.00140104958819316,0.0905436383218416,0.100556855176437,0.0304473841671273,0.00124703935384216,-715.769624327828
351,0.047061024026254,0.00728667557522368,0.0282240612621252,0.0262370380775035,0.0716455553584712,0.00344931720821942,0.0378818778692776,0.0503758546290211,0.0230903539357672,0.00132645870111079,-717.538931877798
352,0.0304392940242489,0.0215763087730131,0.034715288926668,0.0117091906755327,0.0644035202688021,0.0101040869930311,0.036971200673838,0.0684833857601358,0.0231917740764396,0.00291588141286279,-710.901492225274
353,0.0285469188830495,0.0245111753152194,0.0439215657151282,0.0214316690652146,0.0698020548201509,0.00482838985174854,0.0340390446008182,0.064464463882556,0.0224621335203849,0.000288135400875816,-712.840510646869
354,0.0225536719558494,0.0186719562133283,0.0251981256603658,0.019357004522679,0.0555648681386822,0.012486278134118,0.03160526262463,0.0823891912944396,0.0318959277054422,0.000343345922200054,-714.235085036898
355,0.032723501194163,0.0146519748266832,0.0254513019659987,0.0141896646177552,0.0803601173091944,0.010099836626497,0.0522139442698497,0.0831848525754582,0.027227845743271,0.00331980035080186,-712.668690967421
356,0.0302873404910067,0.0184740452982343,0.02995963516737,0.0153464846756791,0.0772133559057989,0.00452350781355556,0.0663927162781598,0.0841211678262599,0.0315667246635063,0.0048178336812696,-713.416454237836
357,0.0182947723427485,0.0222942453294406,0.0267360584192278,0.0130621094961629,0.0714735945053741,0.0108986219793934,0.0893455295549198,0.116212203189906,0.0260908040682117,0.0131110525096999,-721.006320216326
358,0.029576845565478,0.0220017935573884,0.0310355087342905,0.0180497164802447,0.070766077050806,0.00938262095765666,0.0421878606379203,0.0869745579632755,0.0259116923914047,0.00504702676028881,-712.298647336515
359,0.035782009494267,0.0162611875685735,0.0332530911792723,0.013593033825554,0.0615670737521794,0.000810588416591817,0.0503750021360703,0.0880569131992671,0.0255093917366154,0.00542759408108707,-712.264865483065
360,0.0263514821869333,0.0185235737158874,0.0325891462145022,0.0163993066376125,0.0803303974782895,0.00381853352321417,0.0328405753996914,0.0618362922425771,0.0164766694288222,0.00856247349613739,-713.23611617881
361,0.0319056538946968,0.0231336073982269,0.0250953681205218,0.0233327809531578,0.0812499004435634,0.00239132327738876,0.032014311908621,0.0612875281005976,0.0253720762723543,0.00282012517930984,-713.701544185855
362,0.0503568588501079,0.00443604987132711,0.0245704784404117,0.0171904204803052,0.0620012153625353,0.00955152692559142,0.0350544376621294,0.0753945070345328,0.0331264101463113,0.000262346250820846,-715.683774531655
363,0.0420397732887934,0.0259859995839876,0.0304727560796096,0.0111821835379427,0.0694045742099038,0.00541032833506328,0.0350719696074825,0.0780326513804937,0.018405687725422,0.00393200499027394,-711.472525588812
364,0.0532191328488962,0.0211764394914752,0.019924200605213,0.0112926365091879,0.0609097858659567,0.00496252956725301,0.0555415140011208,0.099957898148643,0.0159983375090892,0.00722655862178255,-713.735480097998
365,0.0355965615747166,0.029209615608313,0.0327350165634688,0.0161127024352941,0.0696388729365314,0.00203463614850393,0.0547537346666157,0.109425284870598,0.0229047603340434,0.00792874656334962,-714.494687183604
366,0.0225446366317054,0.0321644177216854,0.0270330393196833,0.0100450613713424,0.0652536241578776,0.00422620015007216,0.0794678409757297,0.0977122558743448,0.0214763308250657,0.00276556595614831,-714.023222557877
367,0.0329926274863685,0.0335341082082615,0.0202937313866486,0.0271165469872058,0.0860689670050542,0.00620647788295509,0.0605798109091515,0.0740038871170999,0.0302531691300613,0.000595726945042679,-717.102083409623
368,0.0172311211471077,0.0435886217888605,0.0239461943414481,0.0404326384384642,0.0925735196567325,0.000854010420035813,0.0496881828943909,0.0754633577060902,0.0294180390729413,0.00934749403332176,-720.234925153101
369,0.0164157734319548,0.0269423366385961,0.00253334345812221,0.0445616532014976,0.057304554128889,0.00453835667023116,0.0341350805362771,0.067616004092502,0.0204030541656064,0.00867393135873349,-716.406050572005
370,0.0243483233408995,0.0196632036626085,0.0225445451745765,0.00528234566607553,0.0508398135347047,0.00866384108364067,0.0318521738535266,0.0736347016487152,0.0170523444676822,0.00668999100176921,-714.466435246414
371,0.0426247542675737,0.0196958146056046,0.0251933337989833,0.00214291739102468,0.0703844721564506,0.00816803522683595,0.063719392662783,0.0916837138778343,0.0233985807222025,0.00198189881862823,-713.726108254839
372,0.0229246337346486,0.0561717704215958,0.0160549713634328,0.012057175622752,0.0837676525668542,0.00886447883409125,0.0644216423575175,0.0898458051753005,0.0327572537523206,0.000766882565737147,-718.220420239069
373,0.0227932958085208,0.0786447220756275,0.0329335874078572,0.00205980097545442,0.0597713548761316,0.00474002927628215,0.0451144498405246,0.0746817465534051,0.0280367976428053,0.000134784774623048,-719.203437461012
374,0.0216003248916373,0.0714514587894288,0.0354857619436026,0.00189920960480505,0.0687056915205243,0.00822592915867421,0.042021743139001,0.0700713215657206,0.0285133816507881,0.000710121570986483,-717.41179832312
375,0.0149522827046306,0.0300045157896339,0.0395643320694834,0.0169144278340546,0.0754240190625213,0.00677690820085378,0.0277466918795049,0.0592328082061936,0.0289337015940365,0.000661497088466559,-714.105341188297
376,0.0234875090045848,0.0317112061977971,0.0447535562817096,0.00965410061431872,0.077506901533217,0.0122512069562158,0.0277747056322508,0.0659574169195956,0.0273759971160014,0.0118088694054792,-717.832078263446
377,0.0434186677094344,0.0109124159107794,0.0113105157089523,0.0126465638336038,0.0700658981484418,0.00669613776628261,0.0394471440070539,0.0794021551572986,0.0159661883276131,0.00887927982147881,-715.132072971744
378,0.0504630296952938,0.0128360815323782,0.014340415201777,0.00633979088164842,0.0551586492697272,0.0035415842529913,0.0507681544671842,0.0753164985687183,0.0163145188640719,0.00239130962874591,-715.520235902688
379,0.0471400559689785,0.0233029790309343,0.0178946299573882,0.00841813176647897,0.0881611968228742,0.00341626894032358,0.0551641467991705,0.108473129753003,0.0147717407769118,0.00935129691672084,-716.638003027901
380,0.0384098929320472,0.0242430849526251,0.0365941353989534,0.00676985961374749,0.0645573855324911,0.00645640955061947,0.0564777926453621,0.106465089253542,0.0131226276107167,0.0099703795804139,-715.433736442814
381,0.0354903736917773,0.0177849017534128,0.0222872543889598,0.0160771505572923,0.0597535554795272,0.00226980230725492,0.0517759545934495,0.0833783364595024,0.0260740665365773,0.00702334752902117,-712.649145843173
382,0.0181830325783865,0.016460930194236,0.0336167575219203,0.0102913752899692,0.0680499025824876,0.00352777838939414,0.0531052367053512,0.1039985537436,0.028959421866594,0.00541474512811479,-713.431096726561
383,0.03347636448023,0.0150604225624222,0.0201879332563132,0.0169944563999754,0.0703102024067633,0.00499184761565125,0.067695511802019,0.108793188234138,0.0232986371466052,0.000128455887457868,-712.2965644243
384,0.0326712700878183,0.0189729746746563,0.0328252010070859,0.00685931797270024,0.0676569958040379,0.00740365385456032,0.0700866195942667,0.09825109156238,0.0275107757519511,0.00064105711403519,-712.562773470263
385,0.0314960099588389,0.0306000994636547,0.0345775781275092,0.00239156777695068,0.0668201019656914,0.00689657802731455,0.0685958998980882,0.105564540553464,0.0280906468638242,0.0103033481592335,-716.195989628283
386,0.0382183324385326,0.0176763254240611,0.0212110210091028,0.0200080116484232,0.0614188359104785,0.0121569661711265,0.0396279811651975,0.102985989652487,0.0121751367107741,0.00212120831489324,-716.489310396792
387,0.0234803501143345,0.0604554310139676,0.0303796854154306,0.0373603193012692,0.0596966649977229,0.0131481451051032,0.0720879101646728,0.123985205432675,0.0189104678254659,0.00535825297011411,-723.514770736872
388,0.0181046384044829,0.0101821908795124,0.0316451487949833,0.0164381069453853,0.0776073345238854,0.00709975511708681,0.0714749550864767,0.116756532397624,0.0253014082691583,0.00420607446492814,-716.296453468923
389,0.0240002008404759,0.0258016391740354,0.0364377241420664,0.0161705055718918,0.0689210905486171,0.00691013864256373,0.0529885219608966,0.0601466212835796,0.0167997811681969,0.00611992906328053,-715.345259249651
390,0.0393128148999582,0.020063090209929,0.0189849205779046,0.0188476499409101,0.0838924242871214,0.00573101374572401,0.055459870749857,0.118814613585467,0.019975015016419,0.0036848530634111,-716.069566064152
391,0.0332476681986137,0.0221130591621161,0.0283100086669855,0.0134975942719632,0.0631469752553278,0.0122940802847355,0.0716417339117346,0.115910858889524,0.0261506299300988,0.0019033549584212,-714.213025255349
392,0.0286914461186249,0.0348588110007615,0.0221235966927794,0.00331348887069128,0.0525970130286422,0.00476563863578096,0.0738166520339499,0.137609656811624,0.0208732784417231,0.00535168505815786,-716.136795007194
393,0.0394417971593484,0.0421832235731125,0.0144805610979412,0.00374349510125921,0.0771802324003401,0.0100229119418079,0.0833764028369391,0.0936652915773185,0.025397801907268,0.0087136553320063,-718.850402953875
394,0.016926563820079,0.0296639270220752,0.0507094441572435,0.00836659954272257,0.0585687188709505,0.011941298293707,0.0403050424934344,0.094823590440592,0.0212117587966195,0.00685852089779585,-715.865454505892
395,0.0278569837262516,0.0205752586651564,0.0404188708778265,0.0192603277069646,0.0596350440650346,0.00285762632219689,0.0403318906493361,0.0968427981872342,0.0167286681423006,0.00150668672027038,-713.071004806082
396,0.0183771952018971,0.0318409733878102,0.035857167456968,0.00789046112982493,0.078921742746052,0.00640573490972751,0.0680478076829329,0.0875936843655108,0.0347606523863979,0.00115924987473248,-714.450106220223
397,0.0235021692989289,0.0254609923029069,0.0352326612634417,0.0164701962757563,0.0573826053351147,0.00345470774698186,0.0495978159518385,0.0815659541791489,0.0278742734778514,0.00197369156335769,-712.107278123192
398,0.0471890977356223,0.00689842592659141,0.0366917501569501,0.0157801884149745,0.0667179809510677,0.00241440557349433,0.0443622967255026,0.0948393029633378,0.0128087205153654,0.00439281473136715,-715.6326505626
399,0.0222506948780685,0.0305348308975685,0.0468257474312494,0.0174758649379574,0.075983348649819,0.0123838916794638,0.0464507590596443,0.0722250317212888,0.034011410234279,0.00951948311740158,-719.01141138938
400,0.026220181560221,0.016954209429181,0.0143628320781226,0.00775432035903711,0.0787682195251773,0.00226108109665198,0.0346070566129887,0.0701451838790372,0.0215316259090822,0.00389598591487747,-714.596958529794
401,0.0471323473581406,0.0275075833376352,0.0269968942059687,0.00649809790993588,0.0776991694362748,0.00819504406322425,0.0428797620744305,0.0698174816567431,0.02000588267,0.00323851241001234,-712.900908869104
402,0.0468231955277648,0.0194403862329058,0.033263729970056,0.0167896392411637,0.0774917116539412,0.00825191706306541,0.0313335439162682,0.0646758080297646,0.0211211429303335,0.000818811497520216,-713.37248800494
403,0.0190348018002504,0.0185413685149224,0.0327775074921544,0.0238396323724534,0.057046077282752,0.00497562224974494,0.0285578078588665,0.0608592171511737,0.0272308258682276,0.00324828966504724,-713.644513417555
404,0.0222529734972789,0.0237134958799557,0.0335210003360957,0.0174693223034851,0.0601507507029717,0.0063834982039077,0.0355018994784077,0.0893037338266438,0.0204439179324705,0.00401138117283902,-712.212298494407
405,0.0176531678848689,0.0117710772245399,0.0326099947482201,0.0102676347780719,0.0585992676987923,0.00469202035829198,0.0453549023281135,0.0881344533392817,0.0175475164601267,0.00571394116807646,-713.734094523956
406,0.0198055190453395,0.0582226966148301,0.0324715312666062,0.00969386918659848,0.0771524345584254,4.28180773698594e-05,0.0564396369503969,0.0970651402103272,0.0145953875984613,0.000392975344162308,-717.406018872918
407,0.0201823806287763,0.0462958505274945,0.0386093090062836,0.0177876405667561,0.0757266265001956,0.00492692641358728,0.0601000458167076,0.0967192487230326,0.0181593475991379,0.00150147527446446,-715.522545428949
408,0.0387757201010164,0.0353215004278978,0.0153889124202616,0.000532490927935868,0.0650199477110579,0.00281969604093586,0.0539606406530637,0.0932345683921985,0.0157566906875743,0.00828693969089117,-714.405946379145
409,0.0382955827273304,0.0258976950260395,0.03941120639812,0.000254808869932128,0.0642082998309853,0.00525606070867809,0.048392677484981,0.0875999080774473,0.0242007203164622,0.002817348073161,-713.799523896045
410,0.0203264172874283,0.0447042343531639,0.0206215680948304,0.0296427609234884,0.0727279863865539,0.00250028205792294,0.0503821648860664,0.0953347503887147,0.02639846997159,0.00106791514660753,-713.848588154251
411,0.023526791734028,0.0216446884566847,0.00255232044192151,0.0319738174240923,0.0623147153809856,0.00421661645429084,0.060409537845296,0.120012412348882,0.0212909074137046,0.00395286097319063,-715.350542933146
412,0.0379522187404879,0.043268630371066,0.00183727432152938,0.0241405376936949,0.0562656734638324,0.00512524728961786,0.081102538365271,0.110681537679521,0.0149439887872871,0.00394235615184054,-717.249968645969
413,0.0662131670380956,0.0046831947818501,0.0113844947274836,0.0270196278522992,0.0705344715064799,0.00695345323439986,0.0768920664253795,0.103595363965083,0.039874851615115,0.000424562610999013,-721.268213341067
414,0.0512515144314046,0.0159835396841077,0.0385214324575578,0.00536150896918989,0.0709574140825737,0.0106646936849454,0.0609932300004897,0.0926536103482139,0.022527555349303,0.000914601664304033,-715.870397016298
415,0.0388266903872041,0.0315921353765964,0.0324746819237288,0.00997159204970431,0.0694674854260688,0.00669774865345379,0.0587943578168309,0.066743648395451,0.0217789535909929,0.000586296188388964,-714.385558255531
416,0.0216524661862525,0.0240019858449258,0.0271988228260645,0.0120599395183509,0.0765572891595024,0.0112420164074075,0.0275174810480389,0.0750074354796289,0.0164845593267723,0.00946071964208644,-714.948479198088
417,0.0316618672414008,0.0235970915996925,0.0255543642504945,0.00811321508345178,0.0551124523150807,0.00331699403040006,0.0398070966025709,0.0778150544025863,0.023496921123059,0.0078540677036664,-712.514373566888
418,0.0330785340538175,0.0176376620385205,0.0338057933493244,0.0151741552643,0.0733753574909513,0.0121638904779268,0.0413499956805553,0.0781129450307425,0.0214706799400262,0.00489996075326141,-712.228961929811
419,0.0300670504729822,0.0495261641588724,0.0348753215030196,0.0151434130803167,0.0698522562015791,0.00641977536979947,0.0484171193501041,0.0758294493505645,0.0166491830678788,0.00490151279049842,-715.265536343442
420,0.0222524024778635,0.0260225501713272,0.0380703999532759,0.0130453088457127,0.0769184439257335,0.00421209680073044,0.0421437782991907,0.0791765416372778,0.0299794706208435,0.000346849512740214,-711.674530837265
421,0.0197785627504014,0.0165591171285326,0.0298731551953676,0.0125277775802262,0.0673378865291226,0.00829774902782288,0.0553985159657464,0.102595425821961,0.0312636747813508,0.000374185925753959,-712.703217867353
422,0.0285405666633213,0.01966938105562,0.0227849155474889,0.0170376366450517,0.0657662043840629,0.0016925595230303,0.0425240896642031,0.0924565357533181,0.0180349025502235,0.00884061670831277,-712.94649839926
423,0.0325967174857507,0.0201779381677101,0.0243002679746402,0.0148012632992871,0.0629240887627949,0.00222751778118812,0.0601829514242866,0.108977434417077,0.0117703511537283,0.00762805973939754,-714.543062938996
424,0.0338000334200732,0.0131547723858162,0.0327717599878703,0.0157336899513268,0.0616619585314198,0.0113959160499275,0.0311531284411947,0.0699971354451367,0.0283986341767607,0.0100586861398569,-714.377668910469
425,0.0248414582912002,0.0109151017877665,0.0298562019753904,0.00810309375499279,0.0643241030795424,0.0103817908486122,0.0304213673573372,0.064127845289442,0.0198062474600683,0.00990962270606625,-713.954207210482
426,0.0276493265986952,0.0291095865658847,0.0257349394258718,0.0121048108663557,0.063105366962518,0.00194289478892165,0.0286365446365282,0.069514609473342,0.0234239368862607,0.00249053324869778,-712.356207941264
427,0.0278574223290982,0.0124653542970134,0.0278027463791186,0.0142320319958219,0.0627745197111243,0.00104168669727276,0.0557197139334293,0.109817832341793,0.0216699604022689,0.00142978995742871,-712.25987249854
428,0.0479324470942781,0.023591663741731,0.0280273382308368,0.0051636841974438,0.0650909582499497,0.00308683663613101,0.0537142215648381,0.0877287649291541,0.027110132692214,0.000568382302215438,-712.62574252112
429,0.0282697345063919,0.0308358591647804,0.0275246404691863,0.0213796504826302,0.0612844583226456,0.0076729502696902,0.0506431951384015,0.0906138468805587,0.0215357069679029,0.00172154916264778,-712.693251440266
430,0.0271479628803672,0.00671280890191883,0.0153445199441542,0.021156343796089,0.058398962358561,0.0100511733005317,0.0710289572377254,0.116361021948848,0.0233157851987139,0.000609472543665717,-716.958418882089
431,0.041362856303363,0.0125373668352182,0.0370944063554399,0.00641468427397268,0.0750154505263086,0.00981438592029919,0.0591132674864299,0.115652616000718,0.0170624313119161,0.00239139691624166,-716.532189153755
432,0.0309119497304933,0.0337589918845291,0.0317141888163497,0.00472624736926219,0.0531525911308189,0.0098338592543457,0.0754357700621695,0.102596269004122,0.0211803796376697,0.00395193261197152,-715.339574833027
433,0.0321240446483985,0.0188887668137607,0.043513988442436,0.0112932249249109,0.0636924334473915,0.00687751651167837,0.0312502749181338,0.0698005759088594,0.0228660838754734,0.00162617260384586,-711.505960661681
434,0.0250101670240709,0.0226979493275932,0.0218329808681454,0.0167655667286566,0.0683301252562071,0.00579704345164415,0.0227108967141041,0.0728938676966,0.0227981492068468,0.00571648329891195,-713.647714432301
435,0.0261534101345179,0.011804158539893,0.0191575657910006,0.0259482926948032,0.0675955424815643,0.00728225259343018,0.0423078041656851,0.070870635029459,0.0278130796137446,0.00166498379652684,-713.449181198731
436,0.0265052233854125,0.0290571242170603,0.0577269580972343,0.00668099145166733,0.0621615898993547,0.00870063426552792,0.0341586288798192,0.0603859865603098,0.0247133350060676,0.00182942901687258,-715.211834713776
437,0.0276162452253871,0.0458930390182031,0.0323871666930966,0.00688074405226841,0.0761763268588371,0.00915590544071539,0.0282611862766058,0.0625199143778881,0.0215942171595652,0.00356077859305975,-714.303834685693
438,0.0330069523060513,0.0374381427502177,0.0299504193314721,0.0155356699738297,0.0643130109803313,0.00975845016741755,0.0332923823900941,0.0806394037208165,0.0340977654245528,0.00281794004699916,-714.661219598031
439,0.0432101999862986,0.0141282261536073,0.0338704861393197,0.0191847495828224,0.0660005274011396,0.00894545221945113,0.0442532834060409,0.0949651965289156,0.0139344803180581,0.000730481921963231,-714.092937245389
440,0.039090484326695,0.0236287572326754,0.0273926842384442,0.0149721267661693,0.0722939943748954,0.00664267354222843,0.0496190703825087,0.0727700108664436,0.0160441386808552,0.00339374393072934,-712.061089461596
441,0.0425409678640998,0.00675501466713708,0.0302646901907796,0.0176908994510817,0.0737069570592339,0.00227555891833593,0.0326203801590143,0.076897869653118,0.016257806497424,0.0046266398394509,-713.750536340482
442,0.0261992349551159,0.0269354329872974,0.0371715250485243,0.00990833166830674,0.0646447443995495,0.0019660794847838,0.0481471427839614,0.0923968888671273,0.0230759600874321,0.00149995262563422,-711.306352267485
443,0.010266401079382,0.0384788732491664,0.0373281502604221,0.00374847261219011,0.066064105188203,0.00709853358133037,0.0469839756500509,0.0751208302774072,0.0335293959291289,0.00232276829935481,-714.593380178979
444,0.0161089026504568,0.0241176811900213,0.0493406673793572,0.0160664976490297,0.0628215624584141,0.00952014430630643,0.0299027731683693,0.0712948932127717,0.0219421558902521,0.00200442776809226,-712.854987637978
445,0.0250300984993887,0.0313330892975064,0.0203018923628843,0.00740123875825282,0.0652598855777467,0.0144721505622168,0.0302948612662102,0.080376224444528,0.0263892345908016,0.00528596909132456,-714.867943467965
446,0.0278765178602788,0.0242055469785287,0.0308549840783192,0.0116974654275123,0.0626498764632266,0.00478090112389793,0.049420693617438,0.0772396678202898,0.0336288549070119,0.00177846659281339,-711.741298621507
447,0.0319838216474551,0.0176561234884924,0.028622828966964,0.019075846895493,0.0618823664569037,0.0117832296320673,0.029014451530117,0.0651082324480557,0.0160437387764077,0.0130240209306208,-715.202061100077
448,0.0315023886658127,0.0174563982170221,0.0310865880071609,0.0248370113150217,0.0568028774314242,0.011493144931269,0.0230738859391441,0.049563565515178,0.0224364342207636,0.00250761415235381,-715.276257112176
449,0.0345121909110704,0.00959610089920092,0.0349663256204556,0.0240602556556377,0.0641835335476855,0.0130760776181414,0.0247769285504373,0.090403215285203,0.0234390678223264,0.00135448243226871,-716.338267431558
450,0.0210098647919787,0.0137145037623946,0.0353973342967173,0.0241868955161603,0.0627439809636087,0.0030351046314934,0.0356696344126087,0.0950151550467972,0.0223596011314931,0.00276906914816993,-713.464077085735
451,0.0376673663931511,0.0165350750318917,0.0154357352380669,0.014789850004689,0.0500468583410618,0.0102518358535757,0.0274539789719758,0.0825124115509328,0.024043288328112,0.0027822340552073,-715.876321043509
452,0.043799881141645,0.0213520579809629,0.0282921992306483,0.00695860422762402,0.0720952429967592,0.00108362622966069,0.0268218118823199,0.072643241794878,0.0248393304499281,0.00496650806297877,-714.251715262403
453,0.0290375399239201,0.0160533418415439,0.0380242499714065,0.00849979936942088,0.0772047541070458,0.0137548772007251,0.0306715539471963,0.0624334895353302,0.0119016247519325,0.00393595829219846,-715.426067443891
454,0.0344642458256842,0.0139416302334443,0.0248470876939255,0.0133928481347451,0.06540119784976,0.00574173884358468,0.032924789978298,0.0795762344923762,0.0229111746699933,0.00392234940002548,-711.060443404791
455,0.0297903091519952,0.0141343127465722,0.0291540539501136,0.0151872054096516,0.0773994280445591,0.00325446753580158,0.0600993817764562,0.0883125288434589,0.0195124318461261,0.00343106386556585,-711.52323510882
456,0.0386904449629254,0.0140832740883262,0.029923205959814,0.0111009753980975,0.0661933184065051,0.00958549217418029,0.0513247433417013,0.0839306343729454,0.0249429746777331,0.00413855049817115,-711.763194959125
457,0.0407505167588208,0.0272596698086233,0.0290049446990391,0.00938205517539516,0.0588598795730003,0.00966432069327733,0.0463552089288524,0.0803247672875171,0.0177662346517069,0.00120772988614246,-712.207463127104
458,0.0447938641001773,0.0332618855607224,0.0329473964169931,0.0150965196234701,0.0754586803290631,0.0110005166628224,0.0324139803739564,0.0778458603682491,0.026704843482347,0.000584904269511013,-714.790263364295
459,0.0219372835570413,0.0289322483014133,0.0303596646500632,0.0118875128556571,0.0539889660016752,0.010188259321009,0.0524084436355936,0.105166376219903,0.0288336043104764,0.00535250745098258,-714.756316922026
460,0.0288536448060418,0.0180571077223272,0.0170270015019161,0.0201114857930699,0.0678850370361933,0.00546495295750414,0.0466818593698014,0.0721477531782864,0.0173028704297206,0.00235584058770727,-712.96801825686
461,0.0352406992941353,0.0179406524702567,0.0257826874734424,0.0244634032188064,0.0700747303542393,0.00501232389590251,0.0339003357526297,0.087994761817881,0.0210969054748445,0.00171173403376467,-712.70401031443
462,0.0380126353429326,0.0185637653663138,0.0360697328487198,0.0141214220524333,0.0613239031175188,0.00700921055725672,0.0533757025980801,0.110366782251137,0.021678085281285,0.00270674030611606,-712.854618351046
463,0.03132347705931,0.0313671912787571,0.0249320140668094,0.0132847805454524,0.051316341940162,0.00516222931005058,0.0600010234085104,0.113120406118424,0.0221452535572557,0.0075005235565996,-715.577283441602
464,0.0304114462532591,0.03234989030947,0.0346189127363166,0.00787432134192928,0.064354744264791,0.000545632146081415,0.0690035480192073,0.126202537642407,0.0199095655865542,0.00645935748333217,-715.041344988709
465,0.0368776736821754,0.0183439735096266,0.0329887095525729,0.0131661334137421,0.0745628113742342,0.00110091597594481,0.0989993421115927,0.107054496469432,0.0242108636869803,0.00210353237063962,-715.311276134016
466,0.0642329247661443,0.014174329234532,0.0148981932074535,0.00321217550761749,0.0892460454874674,0.00247041864666423,0.0696665639891201,0.113593969309281,0.033761154745918,0.00446487032708009,-720.118606074041
467,0.0192802635409687,0.069004076718925,0.0267890642869223,0.00213191498843011,0.0831843866919489,0.00306423020499768,0.0667896172292178,0.102359948580792,0.0349679531157087,0.0108890914614802,-721.280097613897
468,0.0449643791611171,0.07114402446634,0.0218587882320991,0.00616885833372625,0.0652472035129254,0.00792936768685075,0.0656920693671054,0.0864528298766052,0.0196634137235607,0.00262737896777702,-718.74909828611
469,0.0359143819295009,0.0823149979256885,0.000896038739876691,0.0121776266769014,0.0580158400659488,0.00500161507237028,0.0695182300132496,0.114968673567357,0.0201932369039285,0.00224287816348573,-719.149136628771
470,0.0342293407577124,0.0771912801981972,0.0233144759634229,0.00996361561360672,0.0841527022953963,0.00376613140824028,0.0892573607537664,0.119014095035014,0.0194497695449218,0.00251900046165173,-721.589664238564
471,0.0446282120580688,0.0730645354213556,0.0195338435357742,0.00779333291476686,0.0809716423273812,0.00332827219705152,0.0812942761447347,0.114111376006265,0.0174577211172267,0.00187197376411729,-720.019870055613
472,0.0359442847656389,0.0444015272260359,0.0193869705877798,0.00304618782768456,0.0581026382474702,0.00317839919759978,0.106688736999902,0.133252226031568,0.0257497924390326,0.00245533088052859,-717.089028378183
473,0.0362373055106012,0.0389017070892122,0.0282712017237058,0.00256653598164541,0.0882352193374097,0.0034522208002961,0.100185529164642,0.136763060177945,0.0268875134048309,0.00235536439542708,-717.242243298893
474,0.0389530553000727,0.02199566399444,0.0132741159978908,0.0344081626759072,0.055224054027781,0.000152480168294216,0.0768259296114081,0.0762271191349157,0.0145443181989592,0.00613792138573562,-722.325732752256
475,0.0385504122218473,0.014978232571587,0.0103973702287074,0.0396094410716128,0.0857064812130723,0.00272856835336089,0.0613526399838011,0.0971000410351362,0.0243901301414549,0.0029870873311276,-715.123410796395
476,0.0625115993682562,0.0186129371093395,0.00895239043030685,0.00734850597231541,0.0559277706130253,0.00313357940240541,0.0735816066991071,0.0973210873493483,0.0181819831988607,0.000496160548170712,-716.430389780669
477,0.0536769763633512,0.0186833158992229,0.024651969128084,0.0145354686001857,0.0637536749938607,0.00828636891066752,0.0728928000580394,0.108643160622159,0.0255165010821807,0.00111928765458737,-714.097439411532
478,0.0207009221258269,0.0300355307520543,0.0348120268738893,0.00712242157350502,0.0904950587029398,0.0028973649435981,0.0698142159674324,0.107020876177915,0.019928619400567,0.000110698920551816,-714.868839685619
479,0.022642135823987,0.0241605499161381,0.0293083000010295,0.0193763845464715,0.0606396416713603,0.00431762689250354,0.0509033271863901,0.101441823773768,0.0251110313764155,0.00505576582611164,-713.006958938353
480,0.0186057065235854,0.0326372510354706,0.0220430706632705,0.0398375127098246,0.0467705751601506,0.00249661767816884,0.0591620534013414,0.0830272483418627,0.0281030462575721,0.00130671828247737,-717.89255052664
481,0.0247622420784667,0.00776973682669529,0.00586356150368159,0.049825577855684,0.0682339696261632,0.00237438933840143,0.0556353205867932,0.0831001404826089,0.0232397223136742,0.00292300135952598,-714.808560594751
482,0.0331739138820985,0.0316278842596505,0.000655375763365843,0.0352472949872368,0.0726878689532168,0.00125525775117693,0.0691229125030172,0.149553374982046,0.0154056117662284,0.00485860978958273,-718.753914604527
483,0.0312421931387095,0.0252521212718995,0.00527615183317811,0.0453453543903572,0.0510709814074427,0.0072762429587172,0.0791250790929168,0.126161984326708,0.0232534406092278,0.00715521689261777,-718.871986484055
484,0.0354897131826099,0.0290103909892821,0.00807901259117976,0.0433526563229874,0.0804265552883431,0.00300425766958696,0.0681376824710153,0.0761526888816653,0.0154569812271988,0.00147849343629243,-717.027831262045
485,0.0300664976783999,0.0179071231365887,0.00689627996565645,0.0436114200073674,0.0676799980688914,0.0120588909008426,0.0552672125072315,0.0682640197794012,0.0242559161055563,0.00150982694394418,-716.183490351572
486,0.0372131237888055,0.0174061603982848,0.0210234234173555,0.0291789317748129,0.0720288452070086,0.00575470830924248,0.0541984701567186,0.115423218394986,0.0195390272472002,0.00328514283659367,-715.545377637336
487,0.024982044446967,0.0473344988696556,0.00995937435594124,0.0212038959832816,0.0633762955152656,0.00183779066805439,0.0699690077464092,0.12688617971843,0.0163492009301288,0.00234577507847979,-715.529001571255
488,0.0247210575877504,0.0404774285706841,0.0104892325400517,0.0260720685905297,0.0696569996832791,0.00586584411916861,0.0776002980096971,0.144135186656511,0.0259681252201417,0.00232849234957592,-717.285569097755
489,0.0307236230627061,0.0153924192596025,0.0187266061202447,0.0201401933743161,0.0732194156416664,0.00796465939527887,0.091722306423575,0.159300778826006,0.0191179839468799,0.00295047997828283,-718.963955020276
490,0.0469476174538525,0.0127683164582408,0.014675052369658,0.021422423117619,0.0546711040140948,0.00575656391099954,0.0753760664882708,0.146253137771876,0.0212185595391731,0.00827199532796463,-718.196157968275
491,0.0252921171934797,0.0311762826767828,0.0369379892160444,0.0290767305480369,0.0776512325489343,0.0051417564544336,0.0829942671005708,0.150101440384994,0.0177686300763176,0.00627375218998287,-722.28013438849
492,0.0239727913674012,0.0258897967910459,0.0155391105378573,0.00484908039079878,0.0710396265293729,0.00612303175039265,0.0797103740339119,0.139624640954449,0.013511640178108,0.00619882094046229,-718.737811461738
493,0.0525645374967479,0.0290863370998761,0.0119059043797682,8.48648151496956e-05,0.0574662875445516,0.0103404302638294,0.0852491976660214,0.111787111482834,0.0191126749453171,0.00118942004565212,-716.138596569037
494,0.0304118242424074,0.0486163619298685,0.0122963965441688,0.00274489134374658,0.0754070961945334,0.00238233548177387,0.0665939030860634,0.102422997840207,0.0173606005416504,0.000941119339473844,-715.84786591338
495,0.0343842763395006,0.0476661859333062,0.0192218784559523,0.00708809946537637,0.0693525064400125,0.00699057644308982,0.0638450237508033,0.0988576031937616,0.0320304723476621,0.00078605041354222,-714.521354033917
496,0.032385287012695,0.0498281703749598,0.0140757852074212,0.0310639185342154,0.0707092229850224,0.00600933141755439,0.0569031600010301,0.0826830092246629,0.0345517353997667,0.000161787296957983,-715.485236489332
497,0.029142761673053,0.0314501978278142,0.013825817868164,0.0302653848040452,0.0671197902194023,0.00454134215278856,0.033120393752233,0.0725953700418084,0.0314731356413907,0.00507550324086871,-714.129421283068
498,0.0314238978375921,0.0278219228870324,0.00449335655031852,0.0367461650405289,0.0624502060341635,0.00896127867163998,0.0554254906689667,0.0912920060061641,0.01389944364504,0.010903946292779,-716.663976156539
499,0.0381590301478739,0.0405593971630905,0.0126065220547135,0.0270220614204032,0.0873974560509629,0.00684977997436634,0.0469086326191461,0.0788332076198389,0.0258320439756328,0.000860291768682085,-715.455035404221
500,0.0205047689706536,0.0365843921201393,0.012013805878545,0.0326481354983019,0.10168842504879,0.0103593751469302,0.0300822239093308,0.062569419670545,0.0261631903755663,0.00441453115629152,-718.829742675069
501,0.0371029508848727,0.0171818458049017,0.0220161347962902,0.00663654556534985,0.0877723019982848,0.00274807679040182,0.0367635205969991,0.0807347084473718,0.0203736193454047,0.0013177802676646,-713.588005662483
502,0.033714609205174,0.0168523783301507,0.0352668670165797,0.0120642125684409,0.0511540535035827,0.0109561111853709,0.046414943041193,0.0712836603637969,0.0320605233113315,0.00118122503658225,-713.819221778762
503,0.0281362754627582,0.0325149300984586,0.0230772845023973,0.0126385672167845,0.0647750786408308,0.00261539604818318,0.0358161895899976,0.0669943777261697,0.0178598313074969,0.00528191179962157,-712.427102890864
504,0.0291650774999567,0.00583401908151259,0.0470015737996935,0.026674959494766,0.0695030725607852,0.001770562600103,0.0267858120729084,0.0854264611007412,0.0194817130743771,0.00341595705594669,-716.685287188629
505,0.0218062557412335,0.0112530051172471,0.0361778455265875,0.00466238959343127,0.0751280762339637,0.00951926412966287,0.058342021861052,0.0803590913567426,0.0350267517731321,0.00300429656310237,-716.247018968642
506,0.0182941685719801,0.051443898386532,0.0181896617762546,0.0058056833694869,0.0953524670231047,0.0103367254506121,0.0371950011561142,0.0723912601189198,0.0160652851761644,0.00211376197026234,-719.587075925492
507,0.0387704320392077,0.0509755435729454,0.0417003898432936,0.00524413914738624,0.0825655997372969,0.00405560497169368,0.0727525652145296,0.118687327822414,0.019623273656903,0.00223414936064114,-717.816797095316
508,0.00996934906794407,0.0602157834908306,0.0349363479245949,0.00544891845198212,0.0913013725751294,0.00962569104306332,0.0629176504688293,0.107697453025732,0.0248846713749869,0.00228008984211202,-720.417069492561
509,0.0224812577729378,0.0303086433996064,0.0291057632362928,0.00537452125127962,0.0851053359987501,0.000528848626961613,0.0700742378035137,0.0940600594575506,0.0173257555151006,0.00212042542694273,-714.30089211909
510,0.0386582026289936,0.0314970078746381,0.0333212829118844,0.0150896000980096,0.0772488944378041,0.00541083181221691,0.0461393145226955,0.0864765070070375,0.0256127875370979,0.000434592999540967,-712.360364859141
511,0.0179067422834753,0.0394275759504413,0.0249290154640019,0.0159469269213605,0.0637919281693155,0.010878640084029,0.0555770895053943,0.0920156888071832,0.0228617139775795,0.00263198428988282,-714.546213548142
512,0.0312034804180258,0.00895254503516722,0.0201336412392563,0.0263912462473102,0.0713932627231136,0.00180992074526177,0.0409148777821162,0.0910973766043362,0.0212456714187094,0.00118381168281221,-713.701459682487
513,0.0321286887396467,0.017896066051253,0.0425562463331041,0.00279630620579847,0.0642989990266127,0.00927109902554111,0.0658313815698016,0.0949458085203415,0.0243701433915579,0.00612669281509041,-715.998193500468
514,0.0313672814593595,0.0381159905053933,0.0437012782143946,0.0149897752096068,0.0527227046698725,0.00429848381221782,0.0584326827113845,0.0857966996993299,0.0248694894275969,0.00186715459401334,-715.7606096267
515,0.036369495939779,0.0207105040774297,0.0362233681037454,0.0162055862320556,0.0947951377359453,0.00129291814357544,0.0646460915038134,0.111075291030041,0.0228795265098132,8.78093296625576e-05,-715.129073994565
516,0.0454423107669663,0.0121012324574546,0.0219711461345955,0.0122597748352283,0.0549542487696893,0.0054594204097058,0.0604587691854158,0.101050523927705,0.0340641683659182,0.00290556348494389,-714.396328404737
517,0.0392120599252078,0.00901398466607847,0.0317323088787853,0.00958738077775573,0.0843333896980994,0.00561049678733466,0.0565517917057673,0.103944590880117,0.0329880294938707,0.0030221284788252,-715.411302994098
518,0.0359293526945671,0.00993101019271702,0.0173354669230368,0.0174332463254759,0.0611499802842176,0.00242132308721593,0.0587392611569586,0.100179231429267,0.023539876559355,0.00436798775486882,-713.051981951283
519,0.0464602422327394,0.00627629649840725,0.0295696782972895,0.0131693138560853,0.0814386302015362,0.00425576150538319,0.0581609816792816,0.0879493830630564,0.0280103658593107,0.00203338861955724,-713.755373078073
520,0.0289288257017409,0.0164715271933035,0.0317234570086028,0.00894450510734822,0.0819597068430034,0.00416158518861796,0.0424591927782603,0.0790681736588513,0.0189743915972304,0.00183179446863466,-711.33951486501
521,0.0358467851448584,0.03121125769773,0.0291727288693089,0.013370125304051,0.067971464411824,0.00668766097786344,0.0248382590662077,0.0596590481527173,0.0107413842703601,0.00465117515687883,-715.04033948719
522,0.0434755508525428,0.00732506112072942,0.0233496561908073,0.0118511714290923,0.049731313581757,0.0125970063789021,0.0287207649927158,0.075028101796749,0.0385812088699822,0.00283560999659198,-717.935183110841
523,0.0155982479592332,0.00982383852835991,0.0368800084826332,0.02008131166643,0.0756593594421616,0.0143823279817391,0.0440683162061463,0.0716032506309169,0.0282283701914523,0.00794688396613895,-717.209565682918
524,0.0243424761072927,0.0197075020448528,0.0317958296179627,0.0050195469901059,0.0745285985021758,0.00559415165752543,0.0363942771777216,0.0791206809214509,0.0246754132301891,0.00429475743290747,-711.753729381206
525,0.0374596337417493,0.0225806791363561,0.0264499541145285,0.0145689353089014,0.059326138451988,0.00536509869016924,0.0426101865364143,0.0922531336711838,0.0190434435112775,0.00395953461743869,-711.606735331573
526,0.0310221036889095,0.0300995955870934,0.0302992372675625,0.0012906791089061,0.0643151954571392,0.00982998755304822,0.0480132919877396,0.0800116093913001,0.022391807482666,0.00586535243276388,-712.788008764378
527,0.0436835028896688,0.0238985663521923,0.0267280776105985,0.0201348014225397,0.0784699476500724,0.00343211223571363,0.0341809152264947,0.0681402284787117,0.0136288826543078,0.00686395864574209,-714.18317627378
528,0.0321248361490348,0.0415352110306313,0.0308905463015532,0.0121608933417214,0.0785404511587789,0.00669748352619893,0.0241743692919347,0.0631802800403811,0.0165985403571875,0.00820548258308431,-715.805582741257
529,0.0333274601597207,0.0162004412625531,0.0344165585184299,0.0147998400959255,0.0741589714587422,0.00689621942722233,0.021708911958241,0.0597380841501372,0.0146478483608383,0.00606550228666648,-713.754309354518
530,0.0333635638761041,0.0192734506823666,0.0461954600468195,0.0166644461826514,0.0757928955962413,0.0014182134448551,0.0196730171327368,0.055239538760213,0.0226834897807064,0.0100797678383492,-718.247323227196
531,0.0168600103421668,0.0272520105778038,0.0402335388476384,0.0161067907640719,0.0755858283472526,0.0129658327022705,0.0289611811681399,0.0782771490178941,0.0170988899412835,0.0174583707740609,-719.900240235947
532,0.0244060173263587,0.0181493624551543,0.0377262200876293,0.00628381201958115,0.0558644236687401,0.0157279842516783,0.0482321229320692,0.102504844943219,0.0178563548789944,0.0126684325945629,-717.732480982569
533,0.0324693438587306,0.021051374203992,0.0430472449464564,0.0194079842635905,0.0602758449756223,0.00283227539955368,0.0781117444155071,0.134192982960686,0.0226262098401724,0.0131267370537204,-719.695664069571
534,0.0320037576331864,0.00562689796883761,0.0240936162850226,0.0333832720541279,0.0620268859166118,0.00709197887840866,0.08667069689545,0.111412753755443,0.0182821604958786,0.00550031848020157,-719.294928824127
535,0.055074185999087,0.0141578678103897,0.0089986606955382,0.00364212132975911,0.0647526405550092,0.00800446994520183,0.0573570023891534,0.104373544194984,0.0164749655816618,0.00543422960959514,-716.457869985992
536,0.0498644386247801,0.0250442223745035,0.0319032378903295,0.0186667994170924,0.0620250899373474,0.00510949948148204,0.0413875215298432,0.089409402995491,0.0135263325156874,0.00269625066161241,-714.208191679026
537,0.0438751534420592,0.0178255821375584,0.0249084744074959,0.00472661572176046,0.0655346747167186,0.00461666368185076,0.0539833892974136,0.102203816833074,0.0121592518909967,0.00507676056758756,-714.121190145173
538,0.027108862686771,0.0190780023756494,0.0206916808622029,0.00997125457515708,0.0566063027472982,0.00675782315333481,0.0505232889594529,0.0689093386548372,0.0235410235719557,0.00699032212899174,-713.741110432307
539,0.0276708373061763,0.020603022311827,0.0270009068970645,0.0161897376949944,0.0697089090654366,0.00192048610466921,0.0296935851508258,0.0598509811490761,0.0193599608001578,0.00881610303454694,-713.217237147932
540,0.029355544864461,0.0241549796602382,0.0274784252664721,0.00840600885002955,0.0678852927810611,0.00778420924315346,0.0412008831908097,0.0742988999353534,0.0280029495470726,0.00591428516980954,-711.517254466898
541,0.0367815227979308,0.0333116412371051,0.0169345719536394,0.00910791507805497,0.06343988969002,0.00809597596170072,0.0426654324728486,0.0828574344421341,0.0272745253082068,0.000254984757120242,-713.035283047245
542,0.0366737170079483,0.0343639409614293,0.029482781134506,0.00689904473636865,0.0743518805230197,0.00466539272743549,0.0407911582862719,0.0758536676014715,0.0192486031186335,0.00861535020229315,-712.850562324314
543,0.0283727466567093,0.00817965209094998,0.030029776878466,0.0177459124106506,0.0730655859998846,0.00329837962848079,0.0407529761444311,0.0941756316276095,0.0257041885155722,0.00226531827970954,-712.318217441249
544,0.0394941596496303,0.0217293080382271,0.0190889764078516,0.0157407682133272,0.0620950588666723,0.00309942108343756,0.0564619692725044,0.103533232609896,0.0218737806873719,0.00269029624268688,-712.027862979997
545,0.0377768017347513,0.0143639761769981,0.0231207608379029,0.0142651692778634,0.0708454715569137,0.00227515163339204,0.0610945255127175,0.106996425441649,0.0226038932580662,0.00159019232974689,-711.461709642624
546,0.0449444866374864,0.017561037613141,0.0208427725947036,0.0179135873929039,0.0781388083158855,0.00534506480661717,0.0623648461354039,0.0755053490730565,0.0220474597854919,0.00629829403636301,-714.31194225836
547,0.039132661984085,0.023108904747679,0.0174571938961993,0.0064982974330887,0.0673771088315703,0.00360662885973306,0.0465761068490611,0.0738967724540827,0.0216066982466353,0.0032805493393992,-711.909555054618
548,0.0277708840096637,0.0283266195027425,0.0210384485143565,0.017341851170494,0.0774755092372543,0.00492220860580401,0.0370328677117619,0.0776417355818348,0.0205204682401927,0.00115006357449885,-712.185440078039
549,0.0344271973920583,0.01980064010123,0.0206552444622285,0.0125241160627571,0.0593669058404811,0.00980509852787303,0.0494062187676632,0.0860061102146863,0.0185179906633769,0.00521381597155379,-712.209460848362
550,0.0378057950430864,0.00855043929453779,0.030492066494285,0.0206792461459683,0.0682974704435065,0.0105629307973103,0.0488940572894573,0.0713191731163784,0.0304786947317188,0.00647269064237228,-714.89686948355
551,0.0417516326148685,0.0238260803430696,0.0124667926502315,0.000788243873690603,0.0527181592883994,0.0102680320559205,0.0471423407812944,0.107816485417271,0.0285477565022227,0.00396550759029953,-717.178586630165
552,0.0344942625078001,0.0353959454750913,0.0216444409789532,0.0194804656988866,0.0729247631906726,0.00406651783861673,0.0539423739477392,0.0721602292716817,0.0217476606923352,0.00131212250559641,-713.792458132992
553,0.0260602752372437,0.016747844821367,0.0252892261509239,0.0208934867323193,0.0735633745110407,0.00193089148301763,0.0411885965566254,0.0908316275778491,0.0301030222011263,0.00459387323663602,-712.992985355914
554,0.0249675230468156,0.0164952509067405,0.0380420818540581,0.00668663593897995,0.0810457968503451,0.00202107610995202,0.0628173386286614,0.0950526885165728,0.0162513392999208,0.00495502489350175,-713.862537397977
555,0.0337383205911187,0.0316840114175504,0.0177658882950451,0.0100898113591908,0.0937744385500925,0.00692972654434163,0.097532668708937,0.10788025664844,0.030920321287367,0.00137276085998124,-718.346444219114
556,0.040867888732389,0.0371116978328651,0.0106819106061117,0.0235087554940359,0.05135241296573,0.00440933094920002,0.0358483632079796,0.116410779257304,0.0218268569990332,0.00164349601484433,-720.284015543722
557,0.00873323659612753,0.0649099763646102,0.0182813630677438,0.0174086431350338,0.0695849261311095,0.00845470733883965,0.0886158969182679,0.149196898687086,0.0300005741938931,0.000298249251191074,-720.932444251949
558,0.0179138929858622,0.0598093068555173,0.00329185692338246,0.0311763701120718,0.0511702255136871,0.00935149363872484,0.072455328837379,0.105826864732661,0.0356476148747649,0.00114156332688941,-719.467351163469
559,0.0243095169656992,0.0291815776641339,0.0123771831415866,0.0539519524147467,0.0801477333615154,0.00328439118224448,0.0641927892079408,0.0871197321863836,0.0291453059686336,0.0030357086024815,-716.402288331893
560,0.0190085990272719,0.0303318259288394,0.0103727972490042,0.0210889973325733,0.063689328378684,0.00161514678385157,0.0492012780888624,0.0984466562370874,0.0261254910150529,0.00118462434231051,-713.847596735417
561,0.013489556579344,0.0410357581387523,0.0112071712809193,0.0340745771083538,0.071752906985075,0.0116700615882768,0.05545495617954,0.0994104973218894,0.0289727712239146,0.00225999147388521,-715.939794905093
562,0.0273353464322019,0.019359375451569,0.00919548089639522,0.0245170460828582,0.0576261062878472,0.00853206773189687,0.0504592936368002,0.0737487485420064,0.0183596296870387,0.00522891971675495,-715.855183109466
563,0.0275454951454138,0.0199682536236898,0.0205515190875097,0.0028097230058455,0.0616696008470763,0.0085146933176353,0.0464713469126663,0.0759370639202021,0.0274921472623634,0.00413631323730813,-713.483602861064
564,0.0281018310463328,0.0445493198196119,0.035264197396914,0.0142285225084774,0.0619630279952716,0.00722842717244048,0.0538959640219438,0.107055030263859,0.0230347782100545,0.00324958263265856,-715.131319749837
565,0.0407629438049185,0.0166593305637552,0.0291599472942451,0.00976090307763779,0.0715268022419686,0.00587139783740137,0.0632694204981489,0.0945288039617632,0.0265526103311198,0.00325587049508641,-711.956149887543
566,0.0411079414899232,0.0361913980941873,0.0391490287012305,0.0119357536959087,0.0689353195710665,0.00591812016264318,0.057249016508964,0.0887938812418293,0.0291778067458662,0.000987102851591989,-713.888700886552
567,0.0328878275674081,0.0309751804907305,0.0292568365827782,0.0139226407623416,0.0676802213466493,0.0128696672782562,0.0446919252356048,0.0807392859091089,0.0206069436320141,0.00329229563734477,-712.534852094917
568,0.0246437058961045,0.0224833109711183,0.0391522021689412,0.0186971958428018,0.077121156981377,0.00296156300014497,0.0556436611448878,0.0866375274535239,0.0178295203171292,0.00433522322427883,-712.548074468323
569,0.0353230010922828,0.015567444672343,0.0193304462857775,0.0204795658858551,0.0746492891523554,0.00494861972910443,0.0271323746436447,0.043397267240666,0.0161224590161922,0.00343355984312915,-717.442082470853
570,0.0261140748867151,0.0175014541581455,0.0457956927395322,0.00678433055595265,0.0587630663250705,0.0102243332265055,0.0321610590226916,0.0324163596278941,0.0152499918540215,0.0037814192987129,-720.900787120738
571,0.0305991014166671,0.0164854222785268,0.0423401202764811,0.0251423914030713,0.0543838617136005,0.0144746624419367,0.0258798157296824,0.0403156392101363,0.0128821808780123,0.00501820389405785,-719.867224326871
572,0.0348193571904308,0.0282676137996162,0.0564358653601353,0.0260613136823715,0.045778070031922,0.00686556592616679,0.0340641101795976,0.0633209093311403,0.0248339960224071,0.00162274024662479,-719.07229875799
573,0.0268495953259683,0.0170445765448815,0.0447507001991616,0.0282094356876677,0.0545983529849296,0.0100094852526139,0.0372501983390687,0.089146238367194,0.0185437602713467,0.00505423089431129,-714.996505208581
574,0.024604924706181,0.025309114725864,0.0052192720320829,0.0340619110852797,0.0480038496216574,0.00167579534939515,0.0588215410800394,0.128526090904079,0.0184434660570505,0.0094459517978736,-719.118843101935
575,0.039856665221453,0.0192187954541353,0.0049384133482322,0.0384372934516199,0.0863556839590731,0.00206616658941019,0.0712457056500509,0.0922492331110153,0.0192233933134366,0.011579367442623,-717.904712794935
576,0.0155813226795434,0.0241092874500307,0.0129523486405249,0.0373535463800839,0.0877714894432448,0.00104627325159425,0.06734632731283,0.0823326447916,0.017217914016658,0.00135877181081408,-716.936195369067
577,0.0202513364285679,0.0483220821246956,0.0129132804328468,0.0204427699541602,0.0617392662972791,0.00502251907194697,0.0542762471724848,0.105022049913846,0.0353603669072985,0.000545280694513168,-714.998025417572
578,0.0265256638579556,0.0431971584717722,0.00925056321588266,0.035856450583838,0.0677327521272657,0.00379030181035398,0.0715714091150683,0.0971148030166491,0.0170125759647067,0.00411433001389451,-715.135261908613
579,0.0190936583210867,0.0247825841300699,0.00696738456329167,0.032614721122441,0.0616609647885068,0.00329102213434013,0.0570960141984914,0.0853988914241902,0.0286342775135613,0.00335333399326182,-713.289282031491
580,0.0267912805364317,0.0432579071412139,0.00618967599347487,0.0376834223344301,0.075110659965391,0.00885376195812502,0.0439401464732906,0.089458869800766,0.0281869399444612,0.00214722928830218,-714.933949630273
581,0.0373210330551167,0.0407672835165137,0.0187704999718117,0.0150613412641707,0.0869774811486073,0.00776616563274,0.0523634026011357,0.0826265331118399,0.0286461697677102,0.00228532530049209,-715.430041022056
582,0.0206654182958048,0.0195041984222653,0.0139026712626515,0.0143124802086475,0.0896139467748236,0.00580935516389015,0.0436433398455408,0.0829983503349348,0.0269970389274082,0.0035045144779478,-715.925060545783
583,0.0269408731247271,0.0147992241308847,0.0177841458580181,0.00988435133820162,0.0809645923203803,0.003442861876225,0.048382674160584,0.0723608606017768,0.0231976689692053,0.0063491163201869,-713.461523393153
584,0.0461145568697618,0.0136286146164264,0.0125363295843605,0.0167262373143652,0.0668304344060235,0.00551886084897603,0.0540297395364028,0.0782242678127793,0.0172810184719229,0.00592314083411275,-714.133765525049
585,0.0388905780958538,0.0261337314044297,0.0316183998496851,0.00916660500420623,0.0661499223245429,0.00106216915704095,0.0529483818809778,0.101110182067074,0.0124890410490303,0.00236674927034891,-713.520505497279
586,0.0387708491864604,0.029947182671788,0.0244069301442751,0.00546454965677205,0.0735525884726115,0.00144048428795662,0.0731509691295417,0.110542508589238,0.0262385092562162,0.00443564463800689,-713.16806183943
587,0.0375644705524506,0.0310133912108129,0.0271966862879446,0.00983041752990271,0.0725275562228269,0.00380754569098944,0.0738835128834393,0.111760714231379,0.0281692151907332,0.00224562762665988,-713.106873011637
588,0.0111122183556942,0.0272295038344663,0.039524519997786,0.0128145440781756,0.0635056350293198,0.00294408712394619,0.074720366021234,0.13489489579213,0.0293143639379836,0.00204689655675198,-717.109514167738
589,0.0300782683380281,0.0153061196454442,0.0148555190683045,0.0133942968845262,0.0657190806543511,0.00475449774812695,0.0773350174075501,0.140222316658057,0.021194780112828,0.00120815866590818,-715.371463785846
590,0.0485438902541372,0.0225517482992566,0.0261228300930403,0.0233263354832653,0.0640749954454275,0.00183468993114859,0.077966131464412,0.139590703324477,0.0212068586920095,0.000772488263944302,-716.036858539548
591,0.0286959917609791,0.0197237428443163,0.0313788766792257,0.023133547938134,0.0794374605481371,0.00256408892423794,0.0823447601724985,0.12587909712368,0.0229494500347172,0.00143057103255014,-714.963275821633
592,0.0520789420148082,0.0197787537227156,0.0159507192847621,0.0206475057450878,0.0746476956155758,0.00120211283870607,0.0758913542636291,0.0958639034971547,0.0386518779850891,0.000615338905014276,-716.789298371324
593,0.0268770762023108,0.0149177266730227,0.0156629791959345,0.0102608346469502,0.0655508157979517,0.00490805511888842,0.0643810930233762,0.11004229035397,0.0381928555971241,0.00054237647445971,-715.262415869432
594,0.0540782611837783,0.028796920997435,0.0123633655471764,0.00527236534953396,0.0651752960746825,0.00552954005915517,0.0621391206701453,0.0876884445020531,0.0306819626630019,0.003535045406985,-715.1523352107
595,0.0267967283955204,0.0269217674891097,0.0419645490147064,0.00535388529668832,0.068996133149503,0.0011474486769911,0.0572084049865846,0.0841286418364752,0.0280750692935101,0.00693996226850497,-714.373744407637
596,0.029715650790384,0.0295140203446061,0.0479937548866953,0.018002580731093,0.0732372204061465,0.00614201072498564,0.0355197713109062,0.0717771459199801,0.02978875009146,0.00839356100692184,-715.782049254778
597,0.0267673561603504,0.0337152368591699,0.0456567382842811,0.0192093522953464,0.0593158804113368,0.00799427611534594,0.0392139320802355,0.0655354822201515,0.01476714672805,0.00256814814261028,-714.742852255075
598,0.0277310547165656,0.0104973108613542,0.0450676117667919,0.0141035032248049,0.0547909928611767,0.00155843640291953,0.0373211873998343,0.0601824759258757,0.0359445805727852,0.00410574580671257,-717.247054687304
599,0.0331204348102799,0.0226640076429296,0.025140301001268,0.0102243371140626,0.0789970389021507,0.00288551650581689,0.0368898178853535,0.0870543309224586,0.0157814676001132,0.00828315208930501,-713.018328634193
600,0.0325792858559848,0.016367342942789,0.0235591786222221,0.0210674925020881,0.0854744406437635,0.00344088024729656,0.0401537737742728,0.079426426476315,0.0214551982880714,0.00771123358879244,-713.354297088453
601,0.0503510846293913,0.0191016101290824,0.0222476420395017,0.0104412934740876,0.0740716031680474,0.00351080375519974,0.0459027217040214,0.085097500937489,0.0186145425065807,0.00605186765366464,-712.150340562107
602,0.0223464621657921,0.0177667166265079,0.0261120504550717,0.0135872153940589,0.0759358810893836,0.00493439092215632,0.0538555762929959,0.0940998852355034,0.0216642767952793,0.00183915435291782,-711.478864490042
603,0.0241414468672117,0.00970204136168713,0.0349343093339309,0.0151051496281763,0.0836832577091363,0.00154951171662359,0.050335057264617,0.0863888800234284,0.0240167147834163,0.003720347726633,-712.594622695085
604,0.0422369536167144,0.0256830622459536,0.0157137082477562,0.0160183394444696,0.0843735622365194,0.00451932581840887,0.0513918333011598,0.087569181561296,0.0291968646585773,0.0109866452482133,-716.585122180265
605,0.0453366598547565,0.0150130246263164,0.019086242892424,0.00769032433701346,0.0847381410192629,0.0048875479961354,0.070816855597633,0.0831678852676716,0.0202965724249476,0.00852964117328513,-715.758673876184
606,0.0338762761276251,0.0238727385289063,0.0215968787497691,0.00825689510452002,0.0653212411988904,0.00555456805475097,0.0498502214843635,0.0911065689773494,0.0172467410321482,0.00048096666422818,-711.755792442163
607,0.0364328235952364,0.0272630708240778,0.0163981873925189,0.00463349139179834,0.0623278900278007,0.00207271104474015,0.0520997400055204,0.0896220472583751,0.0284233397048225,0.00670633978508007,-713.696670224048
608,0.0313637100868351,0.0187291719892457,0.0389783226034812,0.0253075458237134,0.0878024891264098,0.000281439618772072,0.0561058180259079,0.0939794049927776,0.0222372398993032,1.8587390993978e-05,-714.330850087099
609,0.0186655869548051,0.0212787517853141,0.0269531485673704,0.00657844547856078,0.0563994905852008,0.0199373310155898,0.0416046432573276,0.0970385010834836,0.0264918197520571,0.00303635091951084,-716.209107382408
610,0.0368727465739366,0.0202144435478855,0.035457314149096,0.010820983673194,0.050853912681567,0.0251299683653595,0.0508291376073532,0.101352979092291,0.030601788226768,0.00264818085744868,-718.78613788393
611,0.0466275638620632,0.0287277390544449,0.00982331977930746,0.0126126815890743,0.0504549083937886,0.0143532211865745,0.0663237762814987,0.0943459612920325,0.0243694690705785,0.00986172525046735,-719.25774440072
612,0.0378211206597503,0.0178538500936686,0.010223356338303,0.00917104237826549,0.057922474413686,0.0121335804625737,0.0702277052414975,0.100018508732292,0.029494560424991,0.00527143917215228,-716.844648708555
613,0.0266688781850227,0.0316582313891702,0.0256965294821399,0.0122281072248652,0.0721561871422173,0.00431213087484405,0.0455835801205426,0.0856293087647566,0.0283335728494224,0.00501476438093259,-711.931346217284
614,0.0277423153006943,0.0196449459925544,0.0324447622723996,0.0111142560086818,0.063983323623662,0.00632951353034566,0.0386208899625294,0.0754764920973569,0.019071868234952,0.00422575125265291,-710.409281834104
615,0.0421195565433937,0.0322353197870388,0.0229947628820171,0.0118509491789364,0.065353942124315,0.00410397824919768,0.0525667316718104,0.0786559610351858,0.0181946258779141,0.000763538213938013,-712.472347784972
616,0.0237979585996585,0.0364384281975028,0.0374360873732259,0.0103824640729229,0.0599736706669613,0.00871636275101188,0.0354888819274707,0.0722855319964816,0.0276892457419323,0.00319818859226766,-712.549548187139
617,0.0337122278059494,0.0362151497761096,0.0361263341000165,0.00866873514160586,0.0593576157139159,0.00473977085830101,0.0403501870226583,0.067425602880176,0.0168849961155124,0.00425833049506786,-713.162382931239
618,0.0278242165708733,0.0182672882894201,0.0533632626248781,0.0225067782733182,0.0756786352514307,0.00532291300390233,0.028518895276674,0.0693519050930242,0.0225636361544185,0.00042587590257574,-714.005615273862
619,0.0227910573450191,0.02369756417799,0.0510346922484996,0.0245890513506553,0.0715189035432016,0.0112202106166199,0.046271994831217,0.0718804986911544,0.026078642219439,0.00482776293316839,-715.720552921654
620,0.0224441954624621,0.0296101290744247,0.0233739011801288,0.0247139356341444,0.0748939897100111,0.00538653052056745,0.0333581356613255,0.0728345922934723,0.0225265615411226,0.00029114456953035,-713.958797511933
621,0.0148065440435007,0.0210097031261979,0.0271307929646164,0.0107790028971086,0.064527518883949,0.0103360471309097,0.0335718600286001,0.071366982328345,0.0410938162001969,0.0149007674617917,-719.372502872659
622,0.0159715591233802,0.0255929942077237,0.038805654692443,0.00109224367177115,0.0775358415692773,0.000352210354531776,0.0473377855190213,0.0793780078071425,0.0330502094388935,0.0101194763556093,-718.004167768095
623,0.0153844806424159,0.0299520696301955,0.0200752252561399,0.0463689419500556,0.068619862412332,0.00692913339187479,0.0563724354407702,0.0869618939629528,0.0260490054401253,0.00640670033119814,-716.207915540861
624,0.0150865459602437,0.0409888715227226,0.0211221164209773,0.00396333377389704,0.0612739264359556,0.00381300141766223,0.0333831233028321,0.0940458084965405,0.0209404594040594,0.00193341822047646,-716.249792338541
625,0.0190525485731498,0.0215434199892368,0.0328405731901138,0.00991338277430445,0.0565228012007344,0.0125263322435357,0.0726116295326932,0.0977873614036787,0.0320332935979954,0.0020588863014962,-715.495166771834
626,0.047290786727331,0.0277067606799935,0.0312295249452536,0.00983827641596518,0.0638068857234489,0.000760413373287947,0.0641103053501839,0.101808181181347,0.0284859753670891,0.00442190159464041,-714.287586877684
627,0.0456428390979619,0.0230890374779838,0.0344785283393753,0.000963161443802104,0.0742476649715373,0.00829028753460023,0.0543351045626594,0.108954693748561,0.0245581920173469,0.000662722493791799,-716.132845541439
628,0.0368505104152678,0.0473162509822523,0.0267110029050325,0.014151311107182,0.0663230339362987,0.00221756859587174,0.049510953456559,0.0598709229682364,0.0254412143210366,0.00193744492151931,-716.743773056277
629,0.0169087819028975,0.0680851827386297,0.00620407957839708,0.0298086493552502,0.0615605428845859,0.0075101261136669,0.0272942242317967,0.0523300031914217,0.019118203272979,0.00373220339751799,-718.646158088818
630,0.0163374210849702,0.0384501737975481,0.0134758442850655,0.0289222019488625,0.067345427163872,0.00248420883949558,0.0389972705088855,0.082963921571771,0.0134990165198679,0.0052605619800328,-714.139530809043
631,0.0190130622260675,0.0371825866132324,0.00769548892667572,0.0233316766131049,0.0593949161799691,0.00431770259551818,0.0523077914754223,0.0896283827648505,0.0183052761242325,0.00350262200381627,-713.587587437992
632,0.0341036042846215,0.0241914555195687,0.0371627913593908,0.0062459697251017,0.0728204148925767,0.00557967549198691,0.0467115937048721,0.0806592303905163,0.0312714308087722,0.00357990112891313,-712.459580472528
633,0.0384889559543769,0.0263737616365361,0.0159922850509053,0.0129376913975471,0.0533266955779564,0.00873343190010071,0.0467198631164667,0.076646469476336,0.0232186626915664,0.00232920060732489,-713.447451522654
634,0.0332382808045388,0.0110454839325245,0.0392854146881118,0.0135128751009183,0.0624718468908267,0.00929916591897381,0.0339502102655943,0.0780326149438031,0.0220006406595189,0.00573555869170002,-712.264273848787
635,0.0195366496579094,0.00974010239366505,0.0436349356347716,0.0078224049352271,0.0656919011074828,0.00534735143293609,0.0528451280462608,0.0862279324576009,0.0170414612907941,0.00105020619184207,-714.478191247204
636,0.0151597999295875,0.0206017859520424,0.0478096794343737,0.0122069519242843,0.0701421442005462,0.00444562814584346,0.0428677566418043,0.079375239675326,0.0214812755231259,0.00402882552030035,-712.629763103621
637,0.0319258116454183,0.0216156688398854,0.0279971588347957,0.0176675630752102,0.0793963412689029,0.00554984327349001,0.065464658103822,0.0967810438292669,0.0213662882979627,0.000101351572530992,-712.352929396376
638,0.0429062016065559,0.0149423902864264,0.0429492827278422,0.031744684991013,0.0727814226262368,0.0058834168409821,0.034854841235273,0.0923434869222428,0.0220495074126581,0.000960886517081509,-716.033283258828
639,0.0497316982945799,0.0139841768619338,0.0206172837107786,0.00668574006674889,0.0578053009666255,0.0059975116394575,0.0331858507122208,0.0830325977325129,0.0239934302179214,0.00190852623191795,-713.912931181858
640,0.0251665179177219,0.0210474908229106,0.0415124276448994,0.00670386551930165,0.0725669208034286,0.00472736677612383,0.0495058704337815,0.0799424437572159,0.022386258045716,0.000697303481856977,-711.711987787222
641,0.0292669523967164,0.026860869658365,0.0414261240727339,0.0136689772840894,0.075278802636169,0.0024305297018888,0.0500801369471282,0.0882729860811279,0.0221947282232729,0.00140328692092018,-711.640660621792
642,0.0254846229626121,0.0282033097779344,0.0230390224994703,0.0226696322213867,0.0682730415690859,0.0106247837056477,0.0433219664082129,0.0956804627684629,0.0207702751185642,0.00232231032621851,-714.149921389593
643,0.0277323932095263,0.0239570024255116,0.0250166091462796,0.0220465096956916,0.0588312759738147,0.00325345834219808,0.0457970512624381,0.0819688155874772,0.0209837626157755,0.00355583348574828,-712.239329833252
644,0.0248850122146553,0.0166364585675635,0.024610136329211,0.00857152875873251,0.0744987091232923,0.00797675593437574,0.0451079190021556,0.0752416780670508,0.0203962734629187,0.0106956016772916,-713.46946942681
645,0.0475802226362006,0.0138471100666099,0.031546443441091,0.0125849939944446,0.0701556448136819,0.00387867112464031,0.0442780642145107,0.0791310572286786,0.022534382797728,0.00462018335815333,-711.733380976656
646,0.0435818830340616,0.0243712581857409,0.0283387061687656,0.0129207241820079,0.0869151410552603,0.00518704234012203,0.0486365310853492,0.0767592918197919,0.0199811205393223,0.000474405601605351,-712.947859186959
647,0.0328079882040122,0.0194165533192478,0.0263726587287807,0.00946590068364219,0.0613525590962458,0.00802241379150497,0.0489659485195758,0.0859271920077621,0.0329808312079463,0.00176592604643736,-711.774342488687
648,0.0376791316455395,0.0126645497340468,0.0239021849656266,0.00676526749036932,0.0722240532752477,0.00372983408363695,0.0499495053212493,0.093644614868992,0.0226535110932114,0.00506461802467237,-711.935770752257
649,0.0383270989174776,0.0199579281053537,0.0264867495616215,0.0115385999211032,0.0795369884893528,0.00520855194259965,0.0469603342002981,0.091731400286189,0.0236347657320244,0.00265063034550322,-711.357755463801
650,0.0537043229130324,0.0201791400115609,0.0176415522220673,0.0149197237038246,0.0829837525814815,0.00592760953661491,0.0631777627977539,0.0847141934934334,0.0231947050905772,0.00132092292616069,-714.182854094203
651,0.0539413009464085,0.0464522337645224,0.0275589556406049,0.00642978593361799,0.0654128028521696,0.00615923589163068,0.026394109201554,0.0655402993480443,0.0253273698729812,0.00413993208831408,-716.790523277778
652,0.0162095342373717,0.0273577971536155,0.0264472671418098,0.00715372427761496,0.0796966684885193,0.00394722583973086,0.0255636157808171,0.0688671658612189,0.0286763879573613,0.00149133406586766,-714.361079790783
653,0.0347286426861154,0.0185266805008877,0.0347659074213765,0.0151374719533347,0.0682908443930572,0.00296938666707764,0.0371224171639157,0.0838520405143091,0.0194349326033933,0.00520818236083942,-711.261836163038
654,0.0364109433312888,0.0137091841131624,0.0291560308767267,0.00925875218471213,0.0726903154216127,0.00907983117167057,0.0543671379718441,0.0851378045376465,0.0336254954271663,0.00373889571260994,-713.16255562807
655,0.0275502717822025,0.0254797627198951,0.0335338293667297,0.0120039608723925,0.0777752522659074,0.00370241379529782,0.0579669354127295,0.0898690841160405,0.0185237299411797,0.000942760607221243,-711.575308205002
656,0.0248110996886277,0.0179762014541289,0.022500209043517,0.0238976175003414,0.0780208686060512,0.00409334249514376,0.0467257630502643,0.104428593673574,0.0340595477427793,0.00127917624063579,-715.138317352216
657,0.0222677220250818,0.0213486696983017,0.0217640050084026,0.0299719506277814,0.0704545056681904,0.00226294823097679,0.0870303333955581,0.12293320749344,0.0329241539172433,9.92599030828046e-05,-717.175079760219
658,0.0395165656217404,0.0223114932039737,0.0133932879785025,0.0182336096017623,0.0887132773183167,1.2026703906722e-05,0.0799316003612673,0.101311877274076,0.0331211320860035,0.00168459956327904,-716.6481459431
659,0.0355018198793499,0.0269593073699461,0.0198479794082618,0.0556870835437554,0.0731799791327907,0.00507821172035301,0.0504848177884366,0.0596225883450407,0.0319093170910828,0.00206059854793721,-719.960319515632
660,0.0343499832668141,0.0118109114076524,0.0150322992171613,0.00511673376242589,0.056272761981144,0.00541638190579017,0.0506970366366852,0.104482267787846,0.0125000342133656,0.0115292996356656,-717.68532884801
661,0.0462463844732658,0.0272908599910485,0.0187206677531793,0.00682312913556685,0.0630842909973727,0.000761456494530062,0.0658935838476682,0.100897910536423,0.0267511724724977,0.0103017642900701,-715.3138106259
662,0.0495836386219309,0.0204286799388586,0.0155692465341032,0.00982234404961795,0.0573598882237117,0.00841025079226078,0.0526010029836433,0.0821500016865208,0.0248709546269845,0.00384350760102936,-713.415901867819
663,0.0397429859884736,0.0441069243364844,0.0180875970583401,0.0027989732519736,0.0598136974904615,0.0087315752264248,0.045879862663558,0.0853090829169371,0.0378860037619633,0.00114532137535795,-715.965426946118
664,0.0180185316238238,0.0289377548830442,0.04095809800515,0.0029670742798945,0.0458767258584157,0.00338961574399735,0.0368498667318036,0.060663816234033,0.0229336166742138,0.00178405006939244,-717.513068413817
665,0.0391665576508484,0.0167408672296302,0.0245722943210329,0.0282128590615714,0.0697020350976667,0.00489075035203187,0.0264262802191964,0.0549653151941559,0.0208765827702348,0.0012119782358846,-715.135553371694
666,0.0296106861124311,0.0114612407716367,0.0386958176198495,0.0149834900862227,0.0912371944041269,0.00540460550726865,0.0334854800328783,0.0690611511639494,0.0194334763979456,0.00130890532312311,-713.57780348754
667,0.0327382501276434,0.0199570938956267,0.0310353778054754,0.0102676602982996,0.081659746820218,0.00623627063695495,0.0374628672966551,0.0783537762929834,0.0242140978448877,0.00284693132491419,-711.228733623122
668,0.0351457666924114,0.0215035084226258,0.0275321489619514,0.0145809152461653,0.0501581449675483,0.00564609297777447,0.0489279969131524,0.0891014088919058,0.0264764210211651,0.00146730381207137,-712.625917831341
669,0.0189141883189707,0.0200790940232457,0.0591383452474344,0.0165445930106074,0.0655656011473321,0.00779971003907665,0.0528460594596974,0.0888675141827643,0.0280425281570923,0.00156319169191401,-714.647554954501
670,0.0233406393172201,0.0247206361234693,0.0155323403140242,0.00464790059210666,0.0659838561916921,0.00735900957732628,0.0427850590560487,0.0821421665134091,0.0263309527496784,0.00460366924968122,-713.847628760909
671,0.0238054558205008,0.0339230321342052,0.0157767358096675,0.058079600177043,0.0626989948652702,0.00651465517880796,0.04386356261522,0.109999402942112,0.0163398159668876,0.00182902434381317,-718.991470053952
672,0.0253529356302326,0.018472241406742,0.0160188822952792,0.0299137425441151,0.0829452893418177,0.00227250132174538,0.0613854299718387,0.0843520830950618,0.0220946895925628,0.0023030241936016,-714.61509688279
673,0.0347770332293987,0.0407337745390333,0.00716587475298143,0.0241363720273996,0.0762851266448628,0.00347215723143392,0.0608936574885349,0.0896297695706629,0.0294075990567689,0.000329368084751263,-713.925699555098
674,0.0301129163247108,0.0167081088931657,0.0171950239667962,0.0311478765434829,0.0740042780514673,0.00386247596668502,0.0644851191397181,0.0743809880341582,0.0239626670368046,0.004001155940587,-716.111324253308
675,0.0333080163339866,0.0262376281830885,0.00714390514520837,0.0441940734889831,0.0728074530512828,0.0072778463128363,0.0379395861195326,0.0853480336927082,0.0176860190703589,0.00193140889982271,-714.420345954078
676,0.0265552868894963,0.0347429818919466,0.015387613655492,0.0434593915822876,0.0697189822762339,0.0175734874942982,0.0421947046031918,0.0693057643438386,0.0205927934291092,0.00335885675427814,-717.332201105583
677,0.0239240634572683,0.0301060915187653,0.0161346822923855,0.0374542611633551,0.0556630422134104,0.0143949425729186,0.0377090935302331,0.064851761514485,0.0168596582257854,0.00221337779826755,-715.836241238232
678,0.0375468996616246,0.0316356461389815,0.0152174110678211,0.0488337524679316,0.0525360797893146,0.0159706950454085,0.0340088168588829,0.0975485915839146,0.0230017115136434,0.00266206460311936,-720.580094208681
679,0.0236155923748953,0.0118895620375101,0.0103182552511088,0.0549489844667684,0.0601669792442309,0.0151840849627126,0.0739768412570224,0.107922812358752,0.0240003949853871,0.000643325919323832,-719.111033501812
680,0.0610877583280018,0.0176323535970132,0.00348488451725659,0.0331399488558476,0.0495009852783759,0.0151941367336407,0.0451523332845186,0.107622393396301,0.0232520207238597,0.00113629915727233,-721.808932428251
681,0.0173736464001155,0.0230063242816181,0.0182718794052123,0.0407956215492406,0.0708823339695804,0.00869908439460218,0.0404857145060632,0.0888482039077178,0.0179930660408455,0.00437326258238167,-715.008726066955
682,0.0275403263397161,0.0245132873131733,0.00653334914168036,0.0383705455765399,0.0439440648771418,0.00502403688386209,0.0520485019785804,0.0869131724591342,0.0205153206023025,0.00341289633240406,-716.779968874118
683,0.0297376270510295,0.0322198348388175,0.0107665041317143,0.0343397930242702,0.0408367667532678,0.00850187466045953,0.03401920114994,0.0755458521510708,0.0320157534936249,0.00215154767008676,-718.454931324735
684,0.0304552918883806,0.024917971197061,0.00519500391115171,0.0376299802925858,0.0418893418107704,0.0096896972171908,0.0235978949249442,0.062339968355621,0.0210836850330031,0.00290074359009847,-719.646562344359
685,0.0212473328410927,0.0354248222340804,0.0135865843825815,0.0287255569896574,0.0845242105515929,0.00406481661191252,0.0445133037125916,0.075475635541157,0.0215908410810568,0.00932250409532777,-715.001949811264
686,0.0222333571642824,0.0344575429686423,0.00972936610670174,0.0343793460330836,0.0662851553154446,0.00341209745267549,0.0390495070145977,0.074002756868902,0.0313127937890247,0.00701063271856256,-713.717795901424
687,0.0233053362329779,0.0437112309194364,0.00844314901027337,0.0221098959960201,0.0596648109795065,0.0107321337840888,0.0504358164185752,0.070200128312679,0.0282905379960897,0.00269500764029964,-715.152692391796
688,0.0209803417929657,0.0518042817173062,0.0414358966443987,0.00774952589042472,0.0638580169231495,0.00208096287696088,0.0323712669262182,0.0829391492650541,0.0364323758447723,0.000803122695421358,-717.842241264025
689,0.0120971163924803,0.0387582054905455,0.0374175568280722,0.00966394157972031,0.0832516390863654,0.00126420722867051,0.0435142513513127,0.0768793190849752,0.0343569072690413,0.00384665263598497,-715.77213887243
690,0.0222573343074415,0.020230833360621,0.0275498692156887,0.00779748722853414,0.0763447208784917,0.00044277023576626,0.0611840361340108,0.134593630776757,0.0346075167068568,0.000421315283680398,-716.700854325352
691,0.0528175391964653,0.0240703036235527,0.0149091251910146,0.0067455291732318,0.0759334507482088,0.00183353941262591,0.100138978228944,0.124309175207257,0.0247071832638112,0.00213849583009448,-715.225479404912
692,0.0543242175154527,0.0231292681159747,0.0219608487209216,0.00334563438394968,0.0749393775852624,0.00148589829054003,0.106685624092502,0.130010517003048,0.0323678497801096,0.00457527802348312,-717.907735915843
693,0.0541864530333956,0.0300372511934725,0.0113144282111209,0.0116078373167769,0.0800348985164092,0.00317355937353658,0.0652027967417238,0.10865238058173,0.0121061870956393,0.00951911637053674,-717.651888882111
694,0.0517706598247479,0.0188046270356713,0.0101680877729868,0.0180039156610254,0.0544287783220866,0.00625912581226066,0.0637139618990548,0.0894461707379332,0.0118736823309066,0.00884827087443912,-718.13427224434
695,0.0346517780710997,0.0411948235990874,0.00298998567212536,0.017500730215274,0.0702426254798538,0.0151687026133639,0.0474199301251971,0.100580940300232,0.0165380468278914,0.00574792215128515,-719.116576147907
696,0.0324922514399912,0.0449038491438082,0.0477718409085607,0.0293866723421143,0.0743691655311679,0.0170881029828914,0.0550063481404364,0.0967966239238517,0.0203112108884717,0.0055816044422073,-723.240816106575
697,0.0293868533964764,0.0312852561598947,0.000948432625778237,0.0303930559328164,0.0661104695030046,0.0266776285347929,0.0563835874051255,0.0978602296034933,0.0251079726592204,0.00493703835984247,-722.377498532426
698,0.0231713836428463,0.0353416145299272,0.0130476445371679,0.0257835329506997,0.0601820581413595,0.0181639130134123,0.0593829853596875,0.0948305081851851,0.0165953991331026,0.00441532873328895,-717.646414972045
699,0.024053687583808,0.0282963342377949,0.0376270016917794,0.029022326317439,0.0458614738497566,0.0139624230776881,0.0332342153215571,0.0828916318702494,0.0262789877626515,0.00629106074624111,-718.650312926208
700,0.0159327439844988,0.0289611520185396,0.0218976630442821,0.0146774833245769,0.0659390367864325,0.00860411391228608,0.0364677314970339,0.0777326938418489,0.0277477230587694,0.000773135124882964,-712.863538503102
701,0.0521006476315932,0.0217508299360411,0.0227673759759136,0.0116685182611633,0.0643057497815186,0.0108340483139765,0.0519802314391578,0.0798549868803699,0.0325595308117524,0.00246388800523488,-714.18613777027
702,0.0393803526009418,0.018878389110851,0.017787997420095,0.00560055641552189,0.0664778347171534,0.00397240007840785,0.045391540773612,0.0758057397461666,0.0332337128494891,0.00488694932201189,-713.542306254632
703,0.0295772279151087,0.0252168967328579,0.0315335543147494,0.0164054222831021,0.0792500267139133,0.00111993157805514,0.0467910611512047,0.082519612518418,0.0286956721464086,0.00345110783995846,-712.083188598295
704,0.0306424542377417,0.0181891242706255,0.0315141726981828,0.00304659939376497,0.0593764479470165,0.00767262910904792,0.0500232714952274,0.0903323637059859,0.0207781185892469,0.00340374799047778,-712.5275747986
705,0.0276001732722409,0.0161670979347007,0.0221855635972769,0.0169631416527147,0.0572400596688714,0.00469306022133152,0.0264911720548473,0.0530982818042024,0.0207259982296479,0.0050753547443736,-714.012915069284
706,0.030818839298451,0.0181642527741978,0.0242055667336133,0.0140644413754883,0.0632640799251786,0.0111785876291882,0.0313059023123692,0.0867862387942987,0.0218300017460663,0.00877540267920525,-714.01300378377
707,0.0365993233793571,0.0188521008795248,0.0260350380247062,0.0139743401059932,0.0771819268451264,0.0057384642359794,0.0421606264931905,0.0650275911028601,0.0282159501077928,0.00628057509406621,-712.53664122459
708,0.0347890980154674,0.0168794766852493,0.0387513407829947,0.0205896832011892,0.0689921011389859,0.00270699877353365,0.0303317798801981,0.0733288191398133,0.0143513351606572,0.00578372754549085,-713.203970761455
709,0.0241755311006523,0.0213614016825383,0.0540469106078917,0.0076560085560811,0.0641910216119191,0.0134196694624791,0.0292072049784412,0.0771137412854351,0.0278659378906596,0.0011744363500236,-714.849490645783
710,0.0252135319035165,0.0151151935353996,0.0520466404179235,0.0164869943983177,0.0612053355570083,0.0117906021466298,0.0301462762179905,0.0750931521945921,0.0193403049912301,0.00647069916996952,-714.110309125966
711,0.0245598717114161,0.0139472392023549,0.0547070379233678,0.0190170790686853,0.0526879678631625,0.00707563495381774,0.0303856216095094,0.0723313833704258,0.0206509946838311,0.00475236865484882,-714.507718649205
712,0.0199851906111912,0.0257946073207558,0.0491025465211772,0.00654712362778078,0.0638661469536567,0.000864539498216129,0.0464088622502935,0.0809002701286475,0.0222538521060566,0.0034833125310561,-713.856222400829
713,0.0192405079720775,0.0136188450785678,0.0401267223285001,0.00781071436937138,0.0662723769574445,0.00550795884075479,0.0555838458453923,0.0900441194285942,0.0258413638381673,0.000406228411693504,-712.565775246463
714,0.0394077573088682,0.0226346619892485,0.0387860771381061,0.0198730715702167,0.0582833741395585,0.00530160573482812,0.0540518345085267,0.0765211095148738,0.0258770548014265,0.00268588565748351,-713.668731412416
715,0.0235517718347803,0.0144973046648371,0.0351034623405015,0.00719076978240444,0.0719656052787462,0.00337285567700345,0.0358422025818854,0.0765346997174399,0.024813195440345,0.00185352175378487,-711.524419604948
716,0.0321902223793543,0.0461486612775318,0.0296729607859208,0.00910142256091667,0.0619765203046421,0.000952004520489657,0.037327016636897,0.0743343487754411,0.0238006734988885,0.00482442125560803,-714.756270023134
717,0.0180842589153908,0.032933425501467,0.0294999232723056,0.0120462835176052,0.0710380574259137,0.0105009947454408,0.0505118650479793,0.0688494724285037,0.0321506128035937,0.00340122627865197,-714.106375959359
718,0.0329929311098926,0.0215850745435861,0.01979152501881,0.00438136881908523,0.0621518313158517,0.00228616413135798,0.0336769101226825,0.0806450018230453,0.0188676641546619,0.00396291834513632,-713.074074075959
719,0.0599661394206818,0.028372857250485,0.0189948263160843,0.00999216065798317,0.06287139980957,0.0106593776008314,0.0511227817170073,0.0805902807835905,0.0208681683978829,0.00130424085397821,-714.477616908144
720,0.0345540202699758,0.0273488662721614,0.0122163389554125,0.0133776186533061,0.074972898386039,0.000450758242077849,0.0463592120136978,0.0769471123327512,0.026573931710304,0.00680265043468559,-715.143066610233
721,0.0415432736247002,0.0159116243012292,0.0521876749976123,0.0174736449534293,0.0790418707538729,0.00117032503407198,0.0613839752681259,0.080955919332193,0.0267222128275539,0.00194860687488383,-715.902860968229
722,0.0405628101938358,0.0163415103935649,0.0335436678233454,0.00868065257151645,0.0584918881931534,0.00141552381912482,0.0299087761888828,0.08560944729858,0.0266633502874655,0.00116799625167255,-714.526196178364
723,0.0503880350464386,0.0111064831610298,0.0310124351534696,0.0142388805014811,0.0803351884546936,0.0124719248466433,0.0843252262652359,0.102256728701583,0.0258100769919155,0.0021196523671395,-717.997139282032
724,0.0381443895964391,0.024745799448318,0.0110637740378833,0.00755829780746299,0.0787371913210687,0.000717078596147547,0.0438807770980313,0.099625625369337,0.0302163359364956,0.00279616217296398,-716.428799594082
725,0.0349785142274183,0.0207832141064804,0.0372344431313629,0.00869879870196138,0.0720946966802528,0.00477982770316217,0.055592611664819,0.103107703134462,0.0121153404921411,0.000801695247272543,-714.193035612664
726,0.0316329302055409,0.0166795783694924,0.0463834761236101,0.0108047199282061,0.0593678224681224,0.00154712379260708,0.0617040891727236,0.0957102656701049,0.0205380539677221,0.00166805686720922,-713.446280841569
727,0.0236923672688945,0.00641001878827224,0.0438657893615467,0.012443113161208,0.059468521165449,0.00369011815613239,0.0386999564333925,0.0915225083777483,0.019104235678075,0.00262233100848907,-714.314724991635
728,0.0155653336152306,0.0430075227156891,0.0209588073151799,0.0178655757477341,0.0604533133640129,0.0123914533357998,0.0560173387494176,0.098248429735405,0.0311549600063574,0.00285096421924173,-716.921279107729
729,0.0166441875847079,0.0311298056604369,0.0128628206793367,0.00374297572029143,0.0557433438620302,0.0140580090524687,0.057012382838664,0.0930784012721925,0.0272942343323085,0.00249404882964562,-717.665210649399
730,0.0478484799206975,0.0242627939494725,0.0289049394338639,0.0217697219514967,0.0812419055239533,0.000700415108553436,0.0581149086783677,0.0926311107334224,0.0254660346364931,2.14331687432043e-05,-714.012032657654
731,0.0455873181883917,0.0211394933436779,0.0232603421180864,0.0189858189093419,0.0704107926472198,0.00293324995772558,0.0559967916241542,0.0683191063127163,0.0283466558247661,0.00133833330043011,-713.958772506987
732,0.0193971610077131,0.029896146364334,0.0240541389255583,0.0153471300854415,0.0764441941158859,0.0054143498396934,0.0350223866330225,0.094239312719276,0.0324255299250101,0.00240387943391756,-714.781748167382
733,0.0361506103418369,0.0284724896937636,0.0212399145310039,0.0116353883645901,0.0796413154302937,0.00308645045750324,0.0513463985800481,0.0759534988537232,0.0351035116147733,0.00142137366922779,-713.125386704407
734,0.0319227369188185,0.0240602683868024,0.0360993181309775,0.00908172193144667,0.0624168580903466,0.00054567539646961,0.0350031221529908,0.0802223686046667,0.0146046207966249,0.0123498272919766,-715.053908081582
735,0.0179381490125472,0.0191982557082824,0.0258010238879268,0.0233232741600912,0.0717076983405346,0.00525564232034232,0.0377877747434463,0.0766608912227159,0.0256962698989786,0.00172998313843272,-712.250272557819
736,0.0351338768654006,0.0165294135901777,0.0354871417693078,0.00809437700687502,0.070116007299179,0.00440773680393632,0.0423450952361502,0.0683943063659414,0.0240263751395828,0.0030863924927326,-711.22476377613
737,0.0289749173140916,0.0314492601681385,0.0234686540277876,0.0136570132366779,0.0572292212277252,0.00461625411624329,0.0287895602209779,0.0609450072938366,0.026592205305148,0.00200581473542771,-713.262847730642
738,0.0344649695321474,0.00976496886867026,0.0298988426464565,0.0241357691454393,0.0540013836583484,0.00528640846839324,0.0388588322624251,0.0934565456446248,0.0261688643634229,0.00521683987631101,-714.313549416118
739,0.0334097542410278,0.00451881082219717,0.0457310957499378,0.011204986465641,0.0726634246336537,0.00516053830695566,0.0415174068371056,0.0759659200002358,0.018986756366684,0.00306934443772629,-714.553356366692
740,0.0278863852524828,0.0479434793247101,0.0259599335743958,0.00798347656202976,0.0727870430014804,0.00625879827324623,0.0289494526122476,0.0674214931142318,0.0199550913887106,0.00373270253831399,-714.02612585176
741,0.0296471159140615,0.0329866458266767,0.0364714114569572,0.0101412796912394,0.0632549708074396,0.00634885475129568,0.0341003010728369,0.0684825667508706,0.0208445982582044,0.0083268104602863,-712.797561938883
742,0.0247997503561012,0.00896557395676756,0.0318336240558626,0.00947079428358997,0.0724446441475054,0.00457214899066707,0.0360781159199719,0.0730619851416822,0.0212474364643626,0.012027553196159,-714.069041829969
743,0.0393704814464641,0.0263143282367516,0.0205989757258919,0.0214369504416502,0.0600097950017996,0.00664003509919926,0.0311927863262761,0.0780216209290908,0.0137281184728958,0.00895502389353911,-715.381372139878
744,0.0377869403158127,0.0192217881780179,0.0347107515016196,0.00831172469213535,0.0668852298393759,0.0104793712732114,0.0450875307853873,0.080979869096732,0.0257467056561709,0.00204976192563656,-711.696829149592
745,0.0352913295228094,0.00730771169222763,0.029589171168977,0.00808777903695468,0.0466063161921598,0.00823545128257522,0.0348291563042306,0.0828582349509564,0.0209420148194114,0.00145382450137339,-715.618001257172
746,0.0303115508873927,0.0101415872052256,0.0469986607401061,0.00866243341290346,0.0469536179961381,0.00433567088240805,0.0341645112674661,0.0851510983723811,0.0256799614092054,0.0025723030535758,-716.289829241969
747,0.0276343623375552,0.0228939867252549,0.0222349875448576,0.0113304197729443,0.0598080418446981,0.00606362452092184,0.0481541014183623,0.0871837191616283,0.0189819404589897,0.00466249959996377,-711.531246793791
748,0.0337831145693561,0.0229598870650148,0.0250480520194061,0.00792171299343495,0.0667459509565536,0.00305644707665711,0.0383704697155931,0.0653479239910438,0.0157300089528249,0.00467313196137936,-711.791767192146
749,0.0445078687963528,0.0153920584434563,0.0264038375865356,0.00502788079904991,0.0588655577182015,0.00364821013820401,0.0345168321581059,0.0829846836044313,0.0227378872580201,0.00451759478066149,-713.195264123606
750,0.0202570686213526,0.0314967825130787,0.0295628201921279,0.00991964608750867,0.0805547248711021,0.00747827573103091,0.0466481336233009,0.0849240395242473,0.0264998516303282,0.00494377422496689,-712.83646104227
751,0.012262852085778,0.0338787382420545,0.0361729210298018,0.00847260745472333,0.078731620534056,0.0027671725264417,0.0313572929169161,0.0819564891769218,0.0316007505271501,0.00685339355874694,-716.052598550284
752,0.0268720925769422,0.0315230523605085,0.0340476868897094,0.0122048144404031,0.0678839032692167,0.00104855013171442,0.0318576865243108,0.0613487531491356,0.0302946301243398,0.00113993611308213,-714.082712870079
753,0.0268028346851352,0.0335091153578517,0.0223181223744684,0.00873351835724193,0.0829354773571536,0.00577409524572601,0.0547995004645609,0.0821430111323337,0.0276590313725084,0.00421036533241047,-713.038262141777
754,0.0314917235299927,0.0124325010261263,0.0327965732216231,0.0166776286809355,0.0914080254356509,0.00282271806742903,0.0477392030116212,0.0710940743300665,0.0220479508560155,0.00351603389455243,-712.92980311816
755,0.0329401577477857,0.0115456671670229,0.0354954724246958,0.0138253656957237,0.0822514514991142,0.00492313644713495,0.0295711412729282,0.0750148379060386,0.0142017968087455,0.00866362713532079,-714.38231405055
756,0.025895151119795,0.0197691461651208,0.0273003565254631,0.00795818114584708,0.0570516952773215,0.00933840422548606,0.0453154504766579,0.0907911528221963,0.0300330132707996,0.0123045800941193,-715.475185992419
757,0.0331520247935561,0.0284819913224195,0.0383700502106264,0.00841186282429875,0.0642441846190312,0.0124385978944903,0.0552732306166922,0.0554064574155187,0.0119770500348607,0.00116040616720912,-719.801749269583
758,0.0166550729066918,0.027984997790901,0.0602511185370948,0.0120235366835417,0.0723620306930934,0.00609851281587055,0.0349586001305265,0.0579587235147286,0.0163088350838896,0.00220500747516383,-716.106416746197
759,0.0253584077839927,0.0298727382205863,0.0134458264735575,0.0288200897100221,0.0697617538613187,0.00493094396362887,0.0354667385924402,0.106824989799134,0.0289690628651874,0.00324859403399186,-716.949553866412
760,0.027525944223018,0.0233136415927738,0.043038239879174,0.0186938951430671,0.06714571994512,0.00188200157142993,0.0524677912134273,0.080040691620674,0.0356575965148875,0.00718048778286028,-715.69188899485
761,0.0216702020723372,0.0262568417793738,0.0253039841704927,0.0320637900992093,0.0677489720856385,0.00351176305916589,0.0290227202347013,0.0646291524082525,0.0348899807574899,0.00361355289381981,-716.302906601059
762,0.0209723305952393,0.0402721604155114,0.00348636275411063,0.0269587282820116,0.0751065663553544,0.00305629631809739,0.0498582398711492,0.105328893101192,0.0114469207944743,0.00560075024720703,-717.155204205474
763,0.0397735417056214,0.0212984396227435,0.0246622935755085,0.0207821943944391,0.0662239104839194,0.000782585969456437,0.0617884952968688,0.122931597088961,0.0163931541754688,0.00528011743112489,-714.765358993281
764,0.04238115282191,0.0199824039507568,0.0194443920968748,0.0051028445029625,0.0755471099720455,0.00210571593437041,0.0558890382364352,0.0893146100893685,0.0171495812644893,0.0138042981284811,-714.908068763017
765,0.0384507673183976,0.0267196679073598,0.023165929181319,0.00364497810449907,0.0592787864099862,0.0081177283866392,0.0482840175055989,0.111189852258726,0.0200025841673466,0.013531237682918,-716.637303041393
766,0.0263800728355507,0.0213744369491113,0.0422545488361546,0.0148379700845424,0.0547303347591178,0.00710370330198845,0.0705502408064368,0.113685331356905,0.0253882370107607,0.0121541342196366,-718.244330388495
767,0.0246095792810449,0.00942505535908548,0.0227297931820566,0.018441229426598,0.0966131283204817,0.00951420348291325,0.0658392918466539,0.0901624995848252,0.0229192344032736,0.00103058741973049,-717.55054227454
768,0.026362420568501,0.0110059744583159,0.0272473710182937,0.0110766185892292,0.0955807486678929,0.00461083289431395,0.0424202796820317,0.0616464305624329,0.0290158008416194,0.00161416114195767,-715.002936514506
769,0.0245118059371906,0.0259120906063519,0.024626216655048,0.0172309163844006,0.0825749516713455,0.00408234386898295,0.0445696270492102,0.0659737254727068,0.0245554891056213,0.00888691117336665,-714.173657554226
770,0.0231788675097501,0.0295809301120141,0.0277040193386788,0.0101190576077491,0.0569936333671805,0.00313371621768574,0.0430538676715073,0.0745430840179481,0.0223947935614191,0.00172394223488589,-711.819872865629
771,0.0325684328071658,0.0380411612062141,0.0259073052194425,0.0108487480069824,0.0796559300456317,0.00625317961318862,0.0582515486657592,0.0907046561139078,0.0334582801845012,0.00135540253163832,-713.593475315303
772,0.0287860784000542,0.0169519314436472,0.0329002428575657,0.022895876559348,0.0837932930044966,0.00625591521565999,0.0345885817243838,0.0920892317015387,0.0160312704264359,0.0109804850879203,-716.788172302766
773,0.0257265728505153,0.013320230939185,0.0232056823442591,0.00585450618825693,0.0984185113501049,0.00276146797084258,0.056201710213181,0.0612042928140346,0.0176318972956463,0.00149685092326764,-719.49858488869
774,0.0285654357209387,0.0244680369810324,0.0285029333100176,0.0077143140941708,0.0803445559533972,0.0111520582714928,0.0411214414444632,0.0536540560329571,0.0202990628977434,0.0036412299845878,-714.796732750046
775,0.0282270401549798,0.0299352853529814,0.0263115875425415,0.0118165919141045,0.0815870363187068,0.0130530751099245,0.0294456188993469,0.0701577784317176,0.0196516220232949,0.000194173102669793,-714.803253078426
776,0.0390014472726409,0.00913664211786318,0.0634487897427635,0.0175612599038714,0.0781827022914488,0.0105766339524641,0.0370243890294995,0.0862086012278578,0.0257942838128929,0.000249861111843754,-718.385081758712
777,0.0153459903999158,0.0273016515097641,0.0140017756369861,0.0269931678584776,0.0568089795840257,0.0203942334076791,0.0493881723087147,0.0865354126238787,0.0247810132295407,0.00178031573239914,-717.56418603938
778,0.0245953428370751,0.0359192586717252,0.0147204409998214,0.0374261562890604,0.0569802285551144,0.000774980419129477,0.0417159809247028,0.0749485761924165,0.0223964792820327,0.000480899149748712,-714.656863482597
779,0.0271350131802,0.0567264379795459,0.0117642573190055,0.0256393482005251,0.0811511133453201,0.00115166085611463,0.0457994687822602,0.0806383564622179,0.0263778079961126,0.00229786278897512,-714.754545019576
780,0.0290404033099279,0.0500955301219004,0.028542636134887,0.00950725577593326,0.0718002506559738,0.00185444449987865,0.0485220533481294,0.0865263120398476,0.0218213994378775,0.00159965049643973,-713.47911517199
781,0.0238723580953274,0.041442568409552,0.0288037634158548,0.00622341083224803,0.0752712982178935,0.00266930913433359,0.0402342673356945,0.0750107816185756,0.045974220005752,0.00227432024797298,-716.354918205334
782,0.0185426854962124,0.0391322010114923,0.0274392699445041,0.00390565458005645,0.0663024620798958,0.00375590348358435,0.0491260990279502,0.0836666393234726,0.0256597423315033,0.00653491974413344,-713.108742199141
783,0.0194149265984938,0.0436868892118829,0.0267448310778195,0.022545242025719,0.0607070402382721,0.0123096289998713,0.0315728459442153,0.0554407999139338,0.0164758120797142,0.0101490581930625,-718.683731033974
784,0.0193054561894745,0.0521640771633266,0.00544301275322244,0.0186926404473622,0.0700728097675732,0.0024912966983721,0.0379769364121279,0.0799546447723371,0.0126798846091884,0.0067668899343718,-716.286770970481
785,0.0110681463839337,0.0575287980465002,0.0202174161738688,0.0254852505999229,0.0773554281820022,0.00478369985503785,0.0354912814527185,0.0833214188616172,0.0312105259902062,0.000106366847424351,-716.301036818157
786,0.0283144534750125,0.061996338627695,0.0119836301925955,0.0152502239392643,0.0611306009640296,0.00496566382551343,0.0443011623910518,0.115918007888765,0.0135083437603939,0.00550963769782821,-718.848506804598
787,0.0151110485708205,0.0530062918975184,0.0223860147409445,0.00929994957559174,0.056245348207078,0.00801748431533597,0.0757853860164517,0.111360407272388,0.0280650826768313,0.000220851483202332,-717.405824296134
788,0.0455020797293463,0.021080228073638,0.0274633699940794,0.0138759919273592,0.0871055330217159,0.0055320862236461,0.0595113599342795,0.0669857934235737,0.0230044411329377,0.00340203438813647,-714.839876540093
789,0.0486666976380675,0.0256104818560205,0.026583569776914,0.0107859681207405,0.0910062144571225,0.00448120388067857,0.0427942131711426,0.0633191433233678,0.0357431776091125,0.00198320350883408,-716.025258424875
790,0.0529405840141673,0.0234500487395143,0.0285262003185492,0.0181656200334155,0.107235788658855,0.00118611676762064,0.0661866104509818,0.122134240607245,0.0298651235172491,6.79389359777927e-05,-721.232530871581
791,0.0534196554254603,0.0337064123368539,0.0163247027219465,0.0209138185084532,0.0882269120462406,0.00178500910346914,0.0618136098965481,0.113971126516772,0.0356528652919685,0.000574906164092704,-719.58166140175
792,0.00952586302418294,0.0545219082488743,0.0189331786845432,0.0410236151062757,0.048099005531175,0.00615935165521991,0.0531158906523858,0.105225855181789,0.0248051724804362,0.00496569702029277,-719.773517627164
793,0.0206340533720581,0.0193910284399506,0.0126170612180892,0.0333605128651642,0.0803759247718179,0.00273565838735807,0.0673288638118917,0.108952207626525,0.0268944633086858,0.00340309515102227,-715.104128112159
794,0.0181041559320123,0.0268344470090644,0.0118906215915183,0.0335884734585481,0.0782872728540262,0.00135380195713069,0.0643672143083465,0.0863577461010365,0.0271426500726931,0.00396338187330227,-713.946598023908
795,0.0190156262079463,0.0385766016580984,0.00757036601402121,0.0278092272328781,0.0579455179571861,0.00676793234198494,0.0585702864979169,0.0811048405987792,0.0274927437945101,0.00100132708432831,-713.972709959797
796,0.0262525342315615,0.0414068622744402,0.014622041842868,0.031387262154952,0.073594638133592,0.00399111383189611,0.0347062178982755,0.0685258063031541,0.0263360198058815,0.00458082135508622,-713.469978816157
797,0.0188804508277368,0.040092819256281,0.00880374400431101,0.0247071196175218,0.0673043131670317,0.00732770852591786,0.0404407546985578,0.0751654150486672,0.016788450986562,0.00919851258253564,-714.553287957454
798,0.0237333886167659,0.0446981662522311,0.0124944503207109,0.0330671496032057,0.0628014146894972,0.00615611130134791,0.030065078687487,0.0582704007880978,0.0280557536978635,0.00619178362605306,-714.998830685194
799,0.0284172287383693,0.0325780567238404,0.0253409810672492,0.011321371378994,0.100237801910912,0.00652515494213682,0.0349826304058893,0.067511687205833,0.0124921097029326,0.00112735569279517,-717.63056981189
800,0.0236239552296567,0.0273980355666672,0.0433279011740809,0.0178885714230867,0.06464437263474,0.00554522738833589,0.0389428859900636,0.0968651533828477,0.0297510057436157,0.000833619591031134,-713.689050296646
801,0.014513484034525,0.0466212901187049,0.00578403853908011,0.0375557262265687,0.0716349380583831,0.000304461164500024,0.0847907504938686,0.107400316201446,0.0200804816047839,0.00287767792747481,-717.43989877339
802,0.0352748310441544,0.0265813393215009,0.00685027221786767,0.0274551874183709,0.0696023735639459,0.00851621876845488,0.0718143799812482,0.106704939794883,0.0235781770021908,0.000640587851957873,-714.598679292465
803,0.0307091154888833,0.0268191216653904,0.0247708326702159,0.0193714595728573,0.0813104964254536,0.00380044489435159,0.0728395161522416,0.0887775472501234,0.0264476340796831,0.00350121940771027,-714.166805509246
804,0.039362471151248,0.0224052744197264,0.0300998933616612,0.0189412751447884,0.0801205676397643,0.00451894511115341,0.072891455496482,0.087661751092436,0.026427755149729,0.00321871977956746,-714.09871799078
805,0.0236842500260058,0.0158656654790428,0.0332861113964564,0.00768590448460644,0.081029135421239,0.00337797341381746,0.0616993252530025,0.0933520327942969,0.0270458313002472,0.00385656925756414,-712.729406790287
806,0.0179064851944782,0.0418563281070944,0.0295162082962155,0.0169389594891508,0.0689142573699831,0.00635674768911412,0.0603515609085922,0.0823280524510684,0.0164959843103748,0.000511208619177921,-715.387568778227
807,0.0397776583755658,0.014984072281155,0.0278193865917557,0.0168456587766218,0.0621003324212961,0.0138038283735023,0.0398134959541177,0.0718861675836571,0.0322534424241701,0.00108388511723999,-713.359729754948
808,0.0547654526329154,0.0157650107333238,0.0324084629901043,0.0164392372021813,0.0637414375911792,0.017267492318942,0.0376718462627562,0.0858616765055906,0.0208954620270631,0.00156530826995609,-716.06542552958
809,0.0615081569101123,0.00865706614333078,0.0264018984608989,0.00976513531064313,0.0667141158597735,0.0137730997423284,0.0365106310690724,0.0828411670002396,0.0196438491651393,0.00180982102056972,-716.874614124203
810,0.0453993766343829,0.0156533700807036,0.0212816500200334,0.0147828059044657,0.0814952807366468,0.00269101725389984,0.0588611840982482,0.097092732782953,0.0125867654431279,0.00212412695324431,-714.190901993258
811,0.0329845296846616,0.0182514964737625,0.0183966364723525,0.0145775330038281,0.0663235045782146,0.000946818246692274,0.0448798579236233,0.0824530589980029,0.0197955773938939,0.00802085294767218,-712.571695694564
812,0.0340212934845714,0.0201050908759933,0.0237298567541455,0.00846358634988867,0.0730734068670768,0.00416249340363352,0.0495739746446457,0.0729606934444451,0.0234965341293179,0.0069201469089723,-711.736244522169
813,0.031394781227872,0.0176615512430195,0.0230815923175199,0.0105560111518976,0.0752966882499643,0.0105678984337653,0.0557044016518035,0.0889343783638957,0.0185344148533179,0.000410092455739723,-712.941190256091
814,0.0481965268120047,0.0180394439498326,0.0316669150987871,0.0155142287788798,0.0695300449441938,0.00643355823337319,0.0449578810432332,0.0934537564988099,0.0223101392289936,0.00381443582863573,-712.563132228784
815,0.0173983657062772,0.0195063300744937,0.0293854018457856,0.0223319698405736,0.0619654381944438,0.00500274937687814,0.0437066316999556,0.0547018251175533,0.0216950902792965,0.00114542089905119,-715.415889543699
816,0.0333542581456323,0.0234687501133088,0.0251525788301257,0.0166681915833898,0.0574525051867485,0.00203848442917939,0.0436939523995346,0.112694870900513,0.0179233065675995,0.00504037085372201,-714.612385624792
817,0.0319559299910181,0.0166447214677684,0.0403463746317126,0.0157696583053838,0.0560298833417482,0.00680584766180938,0.0445857613252662,0.105020539029758,0.017326617928381,0.00308957901236283,-713.491217638215
818,0.0256883049226403,0.0214358912216984,0.0278212346839035,0.0222924441761715,0.0698864166992378,0.0129449796193228,0.0576206031963029,0.132016847760143,0.0150947035675228,0.00245481215052649,-718.706123637905
819,0.0321095536658416,0.0258085287833897,0.02889199469119,0.0158272338022653,0.0645331283811919,0.0117345042881654,0.0798664682780824,0.0893924559480215,0.0388317106737227,0.00304339326001544,-717.902314094181
820,0.0328335872709503,0.0301769956747852,0.0280394801396833,0.0129091495367941,0.0824032660811485,0.00562837579593538,0.0702865901950685,0.0904144539747531,0.0116975230647223,0.00565266813080133,-716.053738206586
821,0.0527535105355552,0.00683292424752344,0.0271626216172736,0.0191160416503218,0.0791361486906398,0.00269425627665461,0.069571015104656,0.108137144850245,0.0175889302523156,0.00400171619058797,-715.5982184191
822,0.0469340011880281,0.0171977573170171,0.0231647285400641,0.0118231680565149,0.0683757962665967,0.000814050665997926,0.0623130059034935,0.116629308447943,0.019979561339745,0.00731743498697763,-713.765957517662
823,0.0339191572121903,0.0180014742722953,0.0293438168920228,0.0166778830421163,0.0681384571865848,0.00471688157026242,0.0673055157035694,0.103010837306529,0.0202116382325848,0.00199205742486449,-711.771366847837
824,0.0326123485240806,0.0027152858633632,0.030007387053055,0.0231194210682148,0.0665856323818018,0.00134583029835636,0.0638206195821336,0.0922832428473931,0.0310640405461599,0.00194576460862179,-715.550278128861
825,0.0339999412810648,0.00269447540292467,0.0301054687202563,0.0121844287330216,0.079901098169663,0.00489140245933615,0.0466034624263212,0.0810976970729046,0.0188123043325276,0.000349675946218315,-715.705256791827
826,0.0375369731353423,0.0135269667090655,0.0265701281204755,0.0201675851359303,0.0601061489676869,0.0053009725912578,0.0311966342072252,0.0681661811026125,0.0283122383467804,0.000712289972230782,-712.486886757292
827,0.0185372178588997,0.0212177959525132,0.0395453164929549,0.0195659603983914,0.0581760692158432,0.00394735984116971,0.0388636331786341,0.110551127606497,0.0283970923582492,0.00019456977758518,-715.37026434011
828,0.0251994328940607,0.0166236590139845,0.0300221801911327,0.0255156023177276,0.0557508305113766,0.00244828269715496,0.0595154195851091,0.10495250661078,0.0213182049715479,0.00484724209261883,-714.325982427866
829,0.0403766708796544,0.032661230263382,0.00229668601499,0.0353588996288257,0.0748386154075108,0.0025340334601407,0.059680039221977,0.0959380695096628,0.0271261681373106,0.00564888028946496,-714.991843421196
830,0.0328987873622958,0.0319192744597156,0.00630565634272852,0.0384961445104349,0.071926022515486,0.00391630442785864,0.0659256644012146,0.0895745859903154,0.0312644796943597,0.00708265640042742,-715.724765646042
831,0.0239597547279453,0.0245609209785244,0.00500437004652524,0.0395012369833294,0.0739002592404243,0.00678835471912909,0.0667543457816055,0.0940692980676413,0.0227072751693603,0.0075410749046095,-715.401604139221
832,0.0299272617661816,0.0359878986283242,0.0102282085885263,0.0221975549283295,0.0748525049568174,0.00642593762877995,0.040095866275354,0.0813033906532397,0.0196560370672322,0.0046088702038575,-713.649541307067
833,0.0174616551340623,0.0354913148541175,0.00701308817476864,0.0423513735977407,0.0652649316894934,0.00794837627025868,0.0392311123667665,0.0863437494033792,0.0248700156091673,0.00424157159625605,-714.337861601066
834,0.0297577179421505,0.0186651732647723,0.0132212354201834,0.00591592102333092,0.0579616857686047,0.00356258059743235,0.04198003914476,0.0884231071438954,0.017747256582826,0.00591385325797557,-714.591886170503
835,0.0401421027389236,0.0224088586841597,0.0256588721194717,0.00862147534795156,0.0674388478873102,0.00758656278370094,0.0423889836318734,0.0847713517444508,0.0215184883844118,0.0110620409053251,-713.180344273428
836,0.031478736244741,0.0229487000099198,0.023586946885848,0.0120243295478442,0.0822437226609826,0.010331112043739,0.0473873045409493,0.0745472149545217,0.0175884043977763,0.00357497351929462,-713.007257328083
837,0.0321645286155649,0.0326361742413809,0.0504780639102893,0.0103008290846909,0.0659695711584722,0.00786684714180368,0.0427206534513888,0.0803424991851135,0.0180460368226924,0.00424960374762288,-713.845542941871
838,0.0494338683521716,0.0349439833361451,0.0185139659001023,0.0162880338222347,0.0660592796652514,0.00362418541901467,0.0412776848002817,0.0726864575449721,0.0268729632934105,0.00532990470184663,-714.630115597377
839,0.0282869477210352,0.0151733945282375,0.023250167294343,0.0167479362655113,0.0736751834199934,0.00889561986377031,0.0306309421922654,0.0685045236138683,0.0234547837121088,0.00723821153152967,-712.659555600059
840,0.0416055997377052,0.0191047729722948,0.0308540729185333,0.00519818435741535,0.0548399164157121,0.00156510713720128,0.034763909206369,0.0848946017334739,0.0224658495448202,0.006007027948216,-714.29364526971
841,0.032418255538305,0.019206222266287,0.056276735842964,0.024150354661866,0.0646366872326209,0.0122559482039718,0.0743837967504508,0.128524420926799,0.00947340392990245,0.00416075619707752,-722.78750329192
842,0.0191470920939551,0.0253398068890889,0.0411489845318923,0.015429914904313,0.0611315449318656,0.0112289341736414,0.0440945085935878,0.0709779908390259,0.0293522087853888,0.00193597280069366,-712.846365524617
843,0.0389844270778593,0.0377044531083991,0.0161277693367043,0.000287758945454385,0.068983364837616,0.0108943613484174,0.0506441526899154,0.0852211393451607,0.0233369381435016,0.00271513962207461,-714.088830052529
844,0.0273002244595582,0.034641756464623,0.018695151442217,0.0296976132715602,0.0789991229133352,0.00404295769303704,0.0581583281809598,0.070616460764115,0.0218205644793935,0.00370107154463127,-715.175174641644
845,0.0363016116487923,0.0509723742884088,0.0119541068711985,0.0226346528174596,0.0708281115873334,0.00591346134132984,0.0336340797353473,0.0725916890486816,0.0170770344663324,0.00247478810776978,-714.736567678831
846,0.0435627675358619,0.052561251013704,0.024198595705068,0.0394533130481117,0.0755434749693551,0.0054312201339468,0.0387930682699527,0.0756054642072096,0.0174603976505656,0.00459606005504798,-718.745154287001
847,0.0400754729635682,0.0166325883111821,0.00277800138956698,0.0375515876466768,0.0657119598749632,0.0136249654949345,0.0415654194431578,0.0824999283949796,0.0112848725492515,0.00266382731010357,-718.319739689701
848,0.0495576058969572,0.0226853060826607,0.00487403736401667,0.0339036532261348,0.058622492123837,0.0063577724820553,0.0424070569398644,0.0824975939045527,0.0128181324996587,0.00371111722821206,-716.63379788073
849,0.0335607111989369,0.0171314459062719,0.0116459399059422,0.0071983873374085,0.0662228055373384,0.0033720141015826,0.0416132172522585,0.0741456213243753,0.0329029474678505,0.00818027837406105,-715.983023747934
850,0.0461603521741977,0.0266174779691736,0.0364974604310795,0.0118500926268143,0.0661135301916534,0.00343941393841356,0.0300272026589174,0.0713443070435467,0.0123500214272088,0.00984959968092508,-715.377241850819
851,0.0455405340652635,0.0166432510951689,0.0390879317527737,0.0174626673963224,0.0626134803919493,0.00496199885560264,0.0340920432774096,0.0616714678301216,0.022937388334056,0.00520350562726561,-713.499077860702
852,0.0275146456234235,0.0308540031805831,0.0294364959703795,0.00511124625168115,0.0688641285818755,0.00607957501901758,0.0358660699888631,0.0752331841598742,0.0247097520410949,0.00216936022467202,-711.349422877519
853,0.0290204977525076,0.0135465744475481,0.0462758633878448,0.0194453945234381,0.0631129857914437,0.00609122428836671,0.0399522366953709,0.0737763399122777,0.0214739626976791,0.00139434651906486,-711.731083523163
854,0.0308857581720593,0.0284594335245133,0.0282985298030265,0.00703563201696482,0.0487974697171457,0.00964404405138886,0.0523075608538214,0.105121959601504,0.0200688338703726,0.0021485860185741,-714.00416195361
855,0.0256768012717052,0.0178290101868304,0.0249099607600687,0.0155539577587002,0.0742255069188685,0.0113001739090004,0.070700302005747,0.113905411093579,0.018707046745421,0.000864511409610996,-714.932886752056
856,0.0548540902116292,0.0166333849536912,0.015416221944468,0.0114716800438948,0.0688124171377102,0.00193049324346632,0.066831428134381,0.115394963457217,0.0218731037979507,0.00362690940297696,-713.506680555386
857,0.0428327161994644,0.0274959470783462,0.0287654707123447,0.00520678913762684,0.0630362138193745,0.00271945336530762,0.0795127402950548,0.110548953219569,0.0160444672525579,0.00511323324683396,-714.453182350154
858,0.0372529625629861,0.0297918666765651,0.0250819381532542,0.00032444713768531,0.0816313160227056,0.00558235545276132,0.0583353119453851,0.0908504820783752,0.0183125092820081,0.00483515945052368,-713.642445447276
859,0.0347981460071983,0.0513047510092106,0.0244774897812134,0.00769948082144214,0.081205053244715,0.00414950391526299,0.0806286962835255,0.0982976882568159,0.0199154726464917,0.00136189198540939,-715.791777659409
860,0.0261370716664837,0.0590436477290389,0.018237227972459,0.00722442606748103,0.0714897670220207,0.0150145596856902,0.0497665879670463,0.0991543747915961,0.0295534451586971,0.00542642021077285,-719.329071296803
861,0.0107667579691122,0.056334233287298,0.0482402413037356,0.00398795459188509,0.0741712044594964,0.0097352641515208,0.0554813711909533,0.091541855162591,0.0313517666816357,0.000452755493719776,-717.89657807841
862,0.0207335659133612,0.0113496465868307,0.0202588452918739,0.065829678498002,0.0649203085237062,0.00782036188282637,0.0594183002370386,0.0930039714306411,0.0241487649125735,0.00246696118730438,-718.436202356283
863,0.039888856180273,0.0159234805482763,0.0131063567685634,0.0464144623082941,0.0584185729729248,0.00815305607615335,0.0495958669697055,0.0844518501311839,0.0220042726010811,0.00175648385020886,-715.337843639017
864,0.0173823738814169,0.0408145795713337,0.0209714477629039,0.00510265610141775,0.0784877661613781,0.00869439629613247,0.0588914757063065,0.0804806926200593,0.0267287960735972,0.00161605341075847,-714.719620558423
865,0.0260012644479031,0.0196335884522544,0.0146932329587673,0.0369041991071602,0.0636245293297195,0.00249316396371006,0.0563714135302176,0.0976840840380809,0.0191092238638895,0.00614015155990678,-714.188223647111
866,0.0181593779233466,0.0344316465739322,0.010198466019729,0.0380016191486767,0.0759574064872165,0.00182950425717398,0.0602014024915695,0.0834798467680675,0.0209929299559338,0.00864329443798377,-714.967874090269
867,0.0314980928640962,0.056389497012606,0.00492911607614098,0.0534031517584202,0.0662802173520557,0.0176238998283398,0.0601450992191932,0.071533210633296,0.0175361398958717,0.0114574102515569,-727.42844649315
868,0.0292188076952238,0.0191544076907843,0.00980698070709548,0.0325546820575599,0.0629579155848036,0.0163047124853953,0.0503884592154549,0.0832072023538063,0.021271326435702,0.0121390563948195,-719.042815156993
869,0.0269432444603255,0.0232482819439401,0.01075839568728,0.0391498550109888,0.0572370200102182,0.00741125779087993,0.0344315163464495,0.0827340323066672,0.0199699657154355,0.00531706290104078,-714.038771198634
870,0.0180839071119462,0.0264578615842747,0.0112127882553695,0.0340179779467797,0.0621486555943037,0.00133328787808467,0.0480306603160011,0.0830583415876406,0.0393064374151248,0.00147683419162934,-714.348084347858
871,0.0200913694895971,0.0569632716752638,0.012746314464259,0.0314276289307033,0.0641408179365226,0.0131736859760801,0.0458724065709161,0.067107254427926,0.0358181888378587,0.0030543742198243,-717.623964552911
872,0.0177731843713277,0.0542538471333519,0.0191628935578746,0.0332402598783733,0.0685102247759617,0.00780231866765534,0.0464933798091916,0.0734435867038317,0.0310747178207184,0.000585932699752975,-715.249731917828
873,0.0147108837468268,0.0245216076554595,0.0183798240418958,0.041814515196138,0.0688689352923718,0.000926858063893908,0.0359882232125852,0.0781541868388748,0.0275083796710701,0.00449023242967123,-714.64540957417
874,0.0258738364519634,0.0221619661246194,0.0194743977970827,0.0149096787143392,0.0675945740391313,0.0023082034899934,0.0389582572951948,0.0951994711578728,0.0198282103003606,9.43972553412853e-06,-713.176764351183
875,0.0347046790909268,0.0208965666509057,0.0169779321337022,0.00822966365997781,0.064425870619985,0.00516036743649726,0.0643673446139937,0.113526500610712,0.027207058660028,0.00911342202944812,-714.724309703194
876,0.0492851566366184,0.0150449334479857,0.0190140910859475,0.0186826774140294,0.0656375883692341,0.00409806257892004,0.0603749439683406,0.0791148328662138,0.0159390259633852,0.0104431459876562,-715.476112015541
877,0.0452478271710115,0.00904369880553662,0.0161832179699182,0.00827487527187223,0.0644717036256722,0.00374264865913623,0.039143435067188,0.0679356311777274,0.0243513770160863,0.00381731199392328,-713.798218197704
878,0.0449645455113865,0.0131964513394854,0.0174188741623689,0.0189259648581567,0.0676902321523317,0.00639575088541848,0.0373627262761242,0.0671353928538289,0.026624239575146,0.000566755389377451,-713.329598672731
879,0.0287378454422572,0.01989819206525,0.0361364439189293,0.0187546731657667,0.0674007294837576,0.00477891958584048,0.0412810915074356,0.0763676811972809,0.0287171772383064,0.00115506381702643,-711.013683636646
880,0.0217833453941963,0.019203523609049,0.0373827631149408,0.0104628832706877,0.0626078794819026,0.00399946007224258,0.0507963081318077,0.0899986564110378,0.024468431407263,0.00356299455818163,-711.339565010687
881,0.0264383869952684,0.0244727305633666,0.0219729375689509,0.0169407369780786,0.0904233180127434,0.000972697763755615,0.0555883719323144,0.104799595790261,0.0300881750438423,0.0016581365020261,-714.701219475926
882,0.0431485432627187,0.0195030350511358,0.0254402024068215,0.0106963016220343,0.0607704163047767,0.000519937569614351,0.0635526387470747,0.122863339681284,0.0197098325112692,0.00179476071145012,-713.268986886144
883,0.0270959380486917,0.0274586307458641,0.0334044878766021,0.00840436705783206,0.0733726904155573,0.00740211328482495,0.0645900526792423,0.136326311242953,0.0246998333429273,0.000387030416766457,-715.620219564926
884,0.0215353611827491,0.0305812765020679,0.0312508230451492,0.0129388798465833,0.0665607056880887,0.00395858806198321,0.0701782392295592,0.0767687740032927,0.0291536533243981,0.00783353173125373,-716.31557269696
885,0.0387085104917949,0.00965269412042183,0.0232694112994553,0.0157014720362391,0.068999032825744,0.00524979770662365,0.062770516953482,0.0724724504156964,0.0135215067255121,0.00713661172534277,-715.909378266784
886,0.0459216914146954,0.0294739350462385,0.0231085451649551,0.00778845741539929,0.0761681975075841,0.00210289813838891,0.0451342568585412,0.0755802191547966,0.0373565793361613,0.00337882312158814,-714.58163044999
887,0.0500254419145145,0.0343304500346632,0.0297939547033794,0.0153728248001629,0.0734708466591295,0.0135654554825317,0.0458067584240455,0.0879517202595814,0.00832444813986463,0.00723277352914696,-719.972944896341
888,0.0441008137600471,0.0149275342620642,0.0350099977558911,0.0162383536998972,0.0734174202860247,0.005875557329295,0.0400933150542454,0.0953198711865872,0.0184810951074863,0.000724959026027484,-713.166919463341
889,0.0359256873755435,0.0179325627513195,0.0291276157786108,0.00822914552747623,0.0688043893847473,0.0034578249698893,0.0700093048847062,0.133097285780925,0.0306905802756489,0.00576184298716072,-715.793086982288
890,0.0173406310944445,0.0220821910638847,0.0288978274002361,0.00419863037123245,0.0690338671017877,0.00253019027722439,0.0728900755953535,0.133683128266539,0.0258051767058628,0.00513500941689541,-716.144699134183
891,0.0394406869622087,0.0229667000108381,0.0183323387301568,0.00242450525526785,0.0600333754716702,0.00452431818868939,0.0773202953854083,0.0885350853362082,0.0174697536069389,0.000203150302114916,-716.423156189846
892,0.0504939619173635,0.0370950951638615,0.0225127784751326,0.00464388057316908,0.0674442587347871,0.0024804907846876,0.047785387391218,0.0653196555094256,0.0318402656817301,0.00198749163561368,-716.0149935372
893,0.0350903814812179,0.0123340928249332,0.0319971084017251,0.00141193469023509,0.0756202766466905,0.0127628029871473,0.0348560137791787,0.0895735066611867,0.0135338985889905,0.00440854238858198,-719.521686414789
894,0.0370940188468653,0.030969280756098,0.0236701788095862,0.0165664723689811,0.0457950157441154,0.00188604335009704,0.0468584197529582,0.0689451699580021,0.0195694880456934,0.00237953408378795,-717.157781700401
895,0.0364176380629612,0.0388591952067594,0.0270944734730418,0.0117326704471209,0.0554607897066528,0.00750094348896194,0.0492384086651705,0.0883304352371583,0.0121583048567097,0.00715192660943337,-715.752029322518
896,0.0123509705376442,0.0418482026766509,0.0310522968310779,0.00813748272669142,0.059841018462018,0.0037635065473921,0.0484648664757309,0.0855084931108839,0.0277985139491976,0.00206854086748333,-713.704569489372
897,0.0160299718845543,0.0520574042597188,0.0345428774383979,0.00999682363980626,0.0619770696900027,0.00515300385178784,0.0491033193867633,0.0865311839057161,0.016785171022514,0.00256216898393242,-715.195361829628
898,0.0206391936864238,0.0135470158195216,0.0300145049328992,0.0158093229857854,0.0590646149322735,0.00633265088717103,0.0594548798571402,0.120442762921172,0.0260229553814328,0.00298656124229775,-714.393932744514
899,0.0151958938474097,0.0198658594637306,0.0358106077195754,0.00899448886154404,0.0598678904986631,0.0076473632389806,0.0585888458599669,0.118120504754704,0.0232054661415975,0.00662518135449533,-715.721052508745
900,0.0430741854233477,0.0298460138802015,0.0311839765720128,0.00644090984175928,0.0569053347397051,0.00211889849961738,0.0537696196663427,0.10194339852608,0.0281492970211392,0.0067780134524854,-714.920573376103
901,0.036480908967316,0.0420657850011555,0.0326626126633358,0.0197976811669848,0.0560845542738036,0.00299733213838862,0.0547806593099842,0.0867864095876228,0.0162066899894257,0.00125992534223753,-716.078961634885
902,0.0648160257387247,0.00928318556232405,0.0321533153416635,0.0213296445874305,0.0834861591463821,0.00965178472895934,0.0511242864716888,0.0706136367519714,0.028983139211642,0.00245339644453858,-718.618910585642
903,0.0444335584468303,0.00644178998321315,0.0216067836943196,0.0182262326760501,0.0857551318677892,0.00446186008103079,0.035271708006472,0.0644476978934346,0.0197556430846175,0.00298759500168042,-714.692198127034
904,0.0488682560105971,0.0361326178662894,0.0254166155977699,0.00221306835050887,0.070282817358397,0.00411811778832178,0.0406078885726301,0.0854376786304758,0.0156989717774588,0.000742260481134717,-714.805921162409
905,0.0404453638665419,0.0343482677078463,0.0464299683720662,0.00769082949604684,0.0602196408222675,0.00564441204435455,0.0430232108834455,0.0963164337462013,0.0278535112559581,0.000968161349878699,-715.307642432123
906,0.00725186162980455,0.0419375922614121,0.0251785387939261,0.0346003171581038,0.0571171508436725,0.0111088323514575,0.043648487678546,0.10432707147273,0.0187113026163996,0.00338082610383117,-718.375731480963
907,0.0279482360215074,0.0310460860740608,0.020893051663384,0.00352155752871051,0.0637110406887212,0.000900691154913408,0.06722975444215,0.101364708899731,0.0180632498225425,0.00565012011753744,-713.708398155238
908,0.0305226715173439,0.0232200624013377,0.030721577861168,0.00824690570708658,0.0660723399165144,0.00761698388676295,0.0399582051593841,0.0638859511617754,0.0176350883915251,0.00507833583137026,-711.557749587807
909,0.032213963363061,0.0173736000841011,0.0211727172539661,0.0374466995074212,0.0624511692203568,0.00329364015487322,0.0322137324930182,0.0763830334174515,0.0184907316795635,0.00447327267175941,-715.329333705898
910,0.022756458142063,0.0191991431922818,0.0243781660277728,0.0174741501551875,0.0799946724013606,0.0037549960834371,0.0618107014154653,0.0678707187437168,0.0300615073898224,0.00143906641066965,-714.563118126701
911,0.0353953525463213,0.0233124782550816,0.0227178065459584,0.0137648183832344,0.0742364276577039,0.00864999376170173,0.0333908925577841,0.0760702266425431,0.0176359065812782,0.00403510534610594,-711.98751615429
912,0.0283464992632785,0.0137151038059733,0.0224265272543323,0.0156391457955721,0.0752615842259498,0.00904408211122304,0.0401455181069398,0.0888152763286603,0.0171002091490789,0.00284618448395019,-712.869248698707
913,0.0381564213769146,0.0172226172402231,0.0257143245306703,0.0170562339102166,0.0792462411758832,0.00645005672563776,0.0328097610391109,0.0666345530175679,0.0136359303248573,0.00316513858868115,-712.978382896727
914,0.0296662013610538,0.0283723916318136,0.0464830804073254,0.0176940494056743,0.0753014725663982,0.00640168311737698,0.0336619234921064,0.0591114552365829,0.0235576763079299,0.00315338180131401,-713.71477158636
915,0.0266079290782493,0.00950347063012022,0.0438756771914244,0.012479827440073,0.0828869684031733,0.00363430665977668,0.0453711480807968,0.0803301530832541,0.0215549868001597,0.00463762845442675,-713.106054674643
916,0.0287529459037094,0.0235215290626282,0.0182832654333315,0.0150079021486276,0.0600662605110463,0.00764407313493712,0.0252691668319704,0.0666301658879196,0.0213720930053311,0.0026863450710493,-713.097459206701
917,0.0412320702225058,0.0403413667274261,0.0331401708853542,0.00565589988060745,0.0643786500753813,0.00458543252495132,0.0343092658997928,0.0864906873964666,0.0191846297168248,0.000661664278339148,-714.434570193213
918,0.0168017864432082,0.0315156775866192,0.0303430365188587,0.0105787793132398,0.0598580079610665,0.0047793602453357,0.0438631434620047,0.0821119108301006,0.0241050020747206,0.010438830757512,-713.907535522603
919,0.0340182464589519,0.0113736785336213,0.019544926916639,0.0134189955714366,0.0554918684408427,0.00671188194400874,0.034261698119104,0.0663468908795461,0.0256260643573352,0.0111972670862767,-714.745474740901
920,0.0310041768939948,0.0296625035463988,0.0235773211198274,0.0146041883706326,0.0820758471667129,0.00191836093886091,0.0301315830856828,0.0664714501079768,0.0228653512514319,0.00201513769615442,-713.038221879177
921,0.0282619621483082,0.0251714810562918,0.0287443376532004,0.00870971593856269,0.0557087603617587,0.0119140150575783,0.0344146835182853,0.0545396475212148,0.034364441717578,0.00797044484307533,-716.161256468197
922,0.0234372119943272,0.0213680338442004,0.0297768371333833,0.0210342219245942,0.0867191720405277,0.00930969503186059,0.0382329105962501,0.0671594438993105,0.0171878641902467,0.00843351766891177,-715.279848650526
923,0.0196775381404516,0.0425477576604062,0.045591142714222,0.0101198569403822,0.0844957332187728,0.0100354425047404,0.0275213521665678,0.0648040044921408,0.0135269316870266,0.0103128938018535,-719.264939284571
924,0.0156083428287541,0.00644082455276973,0.0442859729499135,0.015995349054238,0.0823615820903234,0.00966548074637334,0.0264233512627034,0.0671026565309374,0.0156504022103917,0.00580875813685239,-717.401725173529
925,0.0438739522852277,0.00663279752406391,0.0417722877460633,0.0180242823774606,0.0591861050704045,0.00879881450572839,0.0238665963460366,0.0599631022907731,0.0282832491261471,0.000395396356262415,-716.154088160216
926,0.0478177758980403,0.0126372441479611,0.0360263966562041,0.01887815006805,0.0665777507789887,0.00454374825230484,0.0437214045856724,0.102212168825181,0.0189334756718487,0.000863104194696129,-713.900839538979
927,0.049364899680772,0.0183114180492961,0.0394695606756142,0.0140036373298222,0.0693469760983483,0.00472565693800969,0.0410336336186439,0.0933453309092162,0.0288807570539697,0.00515575396619876,-714.981148254537
928,0.030033883304464,0.0226073355067497,0.0306586582442607,0.0195674309983808,0.0599544473412468,0.00510078651960203,0.0491593837877203,0.0849019954175981,0.0211579533846776,0.00146691123258122,-711.268098085331
929,0.0581442680639437,0.0167971556300198,0.0190988881676965,0.0185730786425422,0.0691300877763106,0.00566688745601744,0.0556687761155457,0.0896035904384502,0.0197946707187041,0.000790674197140056,-713.617183696849
930,0.0404057147954171,0.0170160884274846,0.0204290866690683,0.00610781925624521,0.0719101309454124,0.00285540761398824,0.0760664542436412,0.0873735381223119,0.0201919971529744,0.000667004540996837,-714.180828637996
931,0.0406165819720489,0.0435341748829378,0.0272752980548965,0.000281981793145139,0.0830812412996929,0.00192287251808325,0.0630256982838489,0.119428748271442,0.0180375589708483,0.00583460516065225,-716.025691565097
932,0.0469517309318869,0.0274223815035176,0.02109946496894,0.00214038454102471,0.0847435548232282,0.0038146818050817,0.0636403558089748,0.0977272519863808,0.0210372075043017,0.00524274880424424,-714.303649876877
933,0.0280013309091341,0.0281975908901071,0.0346913614828507,0.000681544550378404,0.0829873507557902,0.00474248189401192,0.0411840312573553,0.0968462413501976,0.0238655225070245,0.00479914019257462,-715.236243643394
934,0.0261982513694215,0.0388529541861536,0.0290157757196531,0.000525141405833018,0.0825204026547857,0.00779534715830399,0.0783826274814912,0.104181819429477,0.0225111169656807,0.0014835200465309,-714.718078836939
935,0.0265693435576795,0.0351079390595182,0.0201852348588599,0.014929300027699,0.0548557892020761,0.0107540092128329,0.0782676722096183,0.100100982859439,0.0271514746952877,0.00360659555948106,-717.047465147747
936,0.0383181654498695,0.0429576869111509,0.0341535642121262,0.00600176380341058,0.0810350965292685,0.0078078131747462,0.0427990296886447,0.0592797846088937,0.0290745035483714,0.00335521626704244,-716.133352892268
937,0.0246271772472007,0.0131443442394906,0.0345444336780044,0.0169201109400268,0.0785231251066874,0.00466460685489161,0.0351289940518315,0.0616677863555311,0.0361699950354839,0.00232505265748346,-713.373836440554
938,0.0286227678827037,0.02745645807111,0.0335074469673533,0.00740508835630514,0.0558899282301431,0.00981619648171304,0.0342519821674289,0.0650040051864684,0.0415717957637616,0.00574263676253737,-715.966125265837
939,0.0473404995841079,0.0201476783377502,0.0277759027717591,0.0212236242280135,0.067862611517138,0.00661084970468849,0.0494232040236164,0.0863430631507088,0.0200870738232222,0.00390338556811124,-712.595258467176
940,0.0323673454612743,0.0239365198186341,0.0375260740508485,0.019405293989617,0.0649824233595947,0.00650887624728724,0.054227756932575,0.0685593050923455,0.0140640986706823,0.00449679375465699,-714.634516092855
941,0.039317471853993,0.0132943089890413,0.0179229243172531,0.0210088801691051,0.0667783750778755,0.00994260769038185,0.0385112138491684,0.0817324068843302,0.0139135712224797,0.000622380431967272,-714.79096842644
942,0.0351250257709209,0.0148964082347609,0.017865394898706,0.0218980926627075,0.0534595462154602,0.00496034332790545,0.0490722667802187,0.0985592079782088,0.030693040891467,5.79348792321236e-05,-714.210507051823
943,0.0215721434798834,0.0524717850919283,0.00584077113425774,0.018415496295885,0.0715595962794424,0.00420651698821529,0.0821774127735372,0.10971042103638,0.035779508684441,0.00336203144374532,-717.062846907859
944,0.00994569063725863,0.0528992402471908,0.0108536553315996,0.0273658264399086,0.0726824536036367,0.00905714885450633,0.065318576992657,0.0954953055729096,0.0241186501225561,0.00167459287376458,-716.075704572948
945,0.0120394830985778,0.0543909010030006,0.00996885120440516,0.0248981198702129,0.0561544803965419,0.00712803531773068,0.074536833785221,0.116405578014944,0.0319127996437344,0.00111852381901324,-716.79390657167
946,0.0326934809920841,0.0396923838288637,0.00594168964096722,0.0292165783336885,0.0589736788159851,0.00517211645210643,0.0637440102950921,0.0777037567740203,0.0214399279327224,0.00334306196190573,-715.221551931821
947,0.0214470452658483,0.039923438239794,0.00234456212443367,0.0291376626294954,0.0793151543767898,0.00161304524319859,0.0501581826716627,0.0743212212030097,0.0290198891355287,0.0040201585580693,-714.977282257847
948,0.0282635956387513,0.0400927832210949,0.0037930287092524,0.0314292652115497,0.084428494964855,0.00595559959766761,0.0519170927152948,0.0867554506285519,0.027970723504326,0.00139158171523003,-714.520711049052
949,0.0254355650107421,0.0288843508599404,0.0176231113004144,0.0210263522073342,0.0873117481220494,0.00284476191229289,0.0304093767221112,0.0615259780913888,0.0207589857092257,0.00152214609870414,-715.837255263419
950,0.0282277449392545,0.0412384051048141,0.00954788949062058,0.0270058891189538,0.0707201519535001,0.00495203981973182,0.0389189328737729,0.0617842430985853,0.0242283159117146,0.00542976672714297,-713.871575205053
951,0.0286136502010926,0.0390234023397248,0.00923243650287326,0.0264649628282291,0.058182467372806,0.00706844188081179,0.0351738796403295,0.0664140538605039,0.0195350875548551,0.00232898623769227,-713.604132245788
952,0.0269724850392278,0.0476309290180199,0.0267412532660427,0.0151133491691773,0.0722356320641285,0.0127595619246318,0.0378778492963061,0.0695743275116041,0.0212807639235237,0.000935692234227929,-715.014578468083
953,0.0259840936051592,0.0100025374401177,0.0248793547934207,0.0160584418259109,0.0703310861187271,0.0107620522928672,0.0445741361910113,0.0805164422407802,0.0407291579455386,0.0012443854507679,-714.499431005637
954,0.0381438675752049,0.0196521961922702,0.0345271490219046,0.0160180751551879,0.0573985562948798,0.00683919921398077,0.0399856839837604,0.0815619198943716,0.0268495009681318,0.00404287318657381,-712.086216169367
955,0.0390119671231323,0.0277433687086536,0.0257198779678123,0.0132488389328557,0.0589437565437754,0.00119142500251446,0.048823493871075,0.0735394896814518,0.0149899842786145,0.0106331721462865,-714.94794723381
956,0.0374706418720363,0.0213616769592949,0.0312460693345965,0.0136522457245972,0.0536926547378503,0.00583483456300639,0.0416968675739342,0.086654817037754,0.019013949742482,0.00208117579590318,-711.873135102862
957,0.0215920621922823,0.0265908192428559,0.0355358029595912,0.000292219717854914,0.0805132554052158,0.00237119642228014,0.0464715894381319,0.0713811372172578,0.0296260761555075,0.00122073171674587,-715.133273620939
958,0.0257181043426842,0.0185713723572477,0.0450162085316215,0.005743294427093,0.0759260459908592,0.00495928340973495,0.0486125784142526,0.0648025903431644,0.0346705697409833,0.00053583137547535,-715.297852535719
959,0.0301180415237366,0.0402476536296802,0.0308680900105314,0.0119858298110956,0.0853709824542168,0.00218919161701222,0.0313395667281979,0.0624813518827632,0.0376318820691298,0.00358566258531385,-716.683132181491
960,0.0310235630749944,0.0129807643397568,0.027483981387042,0.0147318168216364,0.0713317882512823,0.0126834823367187,0.0260462063138497,0.0750636655651449,0.03509292308134,0.00131377884973741,-714.501519016806
961,0.0323286806246069,0.0303332949551934,0.0267653135608425,0.00643340126236774,0.0645475024916964,0.00331713852407864,0.0688303237811286,0.130235769004053,0.0117123138379171,0.00325271660222099,-715.733271169087
962,0.0281698654144578,0.0399595682721532,0.0228641295777032,0.0250243852191838,0.0651692244796836,0.000241010866591462,0.0966779658997222,0.143278697837511,0.014592358035399,0.00129740857180314,-719.426492433282
963,0.0147891344812566,0.0502030897826296,0.00292045852358293,0.0217590561989932,0.0587721799786614,0.00672842615506949,0.102903835697418,0.151390956604566,0.0228375080835892,8.82106337016717e-05,-719.2733339695
964,0.0529672506825351,0.0161538873356467,0.0274412166546084,0.00761742479111856,0.0759771518091539,0.00694475245752542,0.0715795333980312,0.0923605403312034,0.0216639220404062,0.00420706035931887,-714.56153179742
965,0.0566283674507343,0.0348232965375672,0.028428024011208,0.00625263197247036,0.0793954017624486,0.00204936296736196,0.0571113847650348,0.0919516203657802,0.0217970726850834,0.00463662514817505,-714.578955433022
966,0.0425865756929063,0.0253728609276234,0.0203439020151231,0.0149082756864612,0.0731163271700409,0.003911296862472,0.0520309364104188,0.0821411179040595,0.0196951629571421,0.00225970707309147,-711.610924071572
967,0.082630133349056,0.0249598469645933,0.0262709254991828,0.00974836210594911,0.0666483457917967,0.00505826610977035,0.0355270570237773,0.0638964539706,0.0241357571044047,0.00209645892462747,-718.884846678114
968,0.0802942284465352,0.0220664645640863,0.0116408064689631,0.0113915455524438,0.0790864644500833,0.00516999259990552,0.0557055460892517,0.0736550387331294,0.0234735725235132,0.00404652996714117,-718.658834073261
969,0.0781031959458872,0.0509951440843826,0.0199609662297463,0.00302637432820859,0.0734408479074213,0.00127710397578383,0.0336997520932246,0.0720472027090099,0.0237079381930329,0.00434691172328489,-721.450641379391
970,0.0593046082654244,0.0107301808749949,0.0329435239570653,0.013496086808095,0.076028526170314,0.00380162971515418,0.0459807464065123,0.075343474811295,0.0220797345439138,0.00508501092012653,-714.592217118468
971,0.0237737430957601,0.0340243137009241,0.0361121796362098,0.00327649911430103,0.0834792239631226,0.0111370636329826,0.040407049437493,0.0678798320773046,0.0267315230531472,0.00741257459883328,-715.757645127769
972,0.0170853028251824,0.0282553892977738,0.0317959027170019,0.0103562375246778,0.0555972330269435,0.0178688034960049,0.0303933796154166,0.0742960071417913,0.0162918261276338,0.00731402024599618,-715.522877258801
973,0.0398353707113712,0.0208034913166057,0.0348966800552132,0.0112974295090896,0.0630542179468843,0.0126384601937067,0.0368201524852759,0.0730029131564734,0.011129394863455,0.00207725417584591,-714.423675283552
974,0.0387369535941096,0.0353958682531,0.0355003034668868,0.00218389796163085,0.0780057898251691,0.0111437901186021,0.0359791458501022,0.0723767699184456,0.0290979926422058,0.00686730252839311,-716.414031374917
975,0.0267807887323846,0.0298184359358675,0.0299416669769844,0.0232220183038137,0.0724244606872943,0.00468623237647091,0.0419801747254896,0.0805910696348155,0.0269630077809918,0.0043318813450603,-712.800822881471
976,0.037954839703113,0.0225960139853513,0.0307153186218826,0.00527658322826469,0.0847029332537491,0.00255567773693621,0.0579911843312651,0.0872629254782483,0.0186227798357564,0.00301691119622217,-712.662574905537
977,0.0306465411667849,0.0212281748443904,0.027154868405022,0.00729667883546926,0.0757971941042187,0.00356741798895997,0.0485170546649122,0.112378166104574,0.0389726356720259,0.00309577016854481,-716.060149821065
978,0.0212770221032672,0.0258787485518857,0.025855378852862,0.0117381028747125,0.0574710346559999,0.00518369890377618,0.0470051099394622,0.0607129367662729,0.0194745011018692,0.00562414968117496,-714.128123400616
979,0.0269815018296268,0.016510224809275,0.0350751225311245,0.0134649892453507,0.0700199738297329,0.00893873567533783,0.0408156246637353,0.0602869545133487,0.0206709931378717,0.000927704198541244,-712.130538351524
980,0.0263902831395281,0.0162881213767172,0.0574223606253344,0.00872585790877691,0.0720653232095509,0.007315947590114,0.0338699029891778,0.0747921400275351,0.0198706691053183,0.00100916123767776,-713.879392629642
981,0.0420255182877866,0.0336254666437003,0.0145610219951372,0.00779509398166011,0.0743273279572925,0.00307474286437274,0.039548044940009,0.0824561292099105,0.0216244063663949,0.00646766065445961,-713.921560125212
982,0.0303319521294625,0.0256903187589273,0.0465988406632839,0.0173701737817025,0.069446662577537,0.0060641872768068,0.0501080032608541,0.0756027811891583,0.0204322786354928,0.00340839768666352,-712.858944567963
983,0.022811446973922,0.0179604284341695,0.0404265338834891,0.0171675121768474,0.074370342091882,0.00410896997633066,0.0235696128302331,0.0795039278145662,0.0216218175227589,0.00474280403847227,-713.787481918909
984,0.0191501786078626,0.017032731381176,0.0446825575778904,0.0185757596725221,0.060518130561486,0.00570248558598702,0.0594297604215696,0.0864854189694379,0.0171961459223442,0.00136120338443798,-713.85204664442
985,0.0172033959248636,0.0238184051355694,0.0256590445453285,0.00710125948729372,0.0636278524620985,0.0121838801964108,0.0467630812529612,0.0732568486360662,0.0263007220723761,0.010125523369878,-715.108792677517
986,0.0416384294341469,0.0203319759863306,0.0111233833667911,0.0123552672185356,0.0806739672548957,0.0119386091992238,0.0447184242843869,0.0793336278727836,0.0262984349034007,0.00319714183111262,-715.988197876649
987,0.0280946873571442,0.0244276846343084,0.0185154764239531,0.00817415573094936,0.0826400389866234,0.0025051814600964,0.0418154718985587,0.0599108728615946,0.0251449088375659,0.00243102420264417,-714.068024160541
988,0.0631127921999525,0.0168751996750353,0.0296090725879418,0.0151658098199123,0.0795724980681388,0.0222588872577748,0.0351747737824565,0.0795338034789862,0.0287977679245006,0.00186217853710648,-721.541676538571
989,0.0208078334628744,0.0328578986507575,0.0275079444638773,0.00449753259241847,0.0750479452450827,0.0158697116045123,0.0361800512581266,0.0779520397608838,0.0173276182809181,0.00991059238596584,-716.546058776313
990,0.0336828971475981,0.0212004215411545,0.0392041875742223,0.018873734885015,0.0795791596977985,0.00637892162747677,0.0346080914214673,0.0745829430506941,0.0222013191216006,0.00381527560760056,-712.216092853165
991,0.0219667688137249,0.0107659674215009,0.0205978891216137,0.0137973023503602,0.0807923083345668,0.0029741364044985,0.0307765671338032,0.0723906794099416,0.0246260502413593,0.000738617312671438,-714.305328061389
992,0.0230216538182125,0.0280174032185834,0.0347417549228066,0.0181386726600603,0.0592443493671295,0.00925959423317036,0.03162746494042,0.0735922728644436,0.0271015995178557,0.000670423887128874,-712.30896240063
993,0.0386009025779866,0.00869161017179704,0.0277290683728811,0.019539143735646,0.076779366926095,0.000947913252084803,0.030452231923636,0.0802610629873769,0.018340398489277,0.00439447794019345,-714.038705578562
994,0.0292308748772455,0.032420760730291,0.0264464264711439,0.00613610076840205,0.0821846794953812,0.00569853057890024,0.0282782853489166,0.0930182225805744,0.0278296648214219,0.00408221823570528,-716.344164510639
995,0.0445251374659611,0.0174628964677027,0.0405508601421039,0.0192531278903331,0.0664175718962446,0.00578678869673331,0.0408569272711772,0.0897710845144144,0.0245085025966216,0.00998131171881096,-715.50496825099
996,0.0360176877547903,0.00814508102912333,0.0272808355844515,0.0129556917988504,0.0608326109432245,0.0111207881627785,0.0453280403418373,0.0731056105869256,0.0205625849251495,0.0110243914326418,-714.795405931819
997,0.0347771016856728,0.024932121250581,0.0303635285240994,0.00195247496383958,0.070467558297769,0.00823139121899964,0.0340960638736674,0.0630967603956432,0.0143446791016625,0.00168250806469397,-714.61011183919
998,0.03390964746043,0.0217169447841039,0.0316424633717709,0.0296915251554414,0.0698517506771981,0.00436512590165352,0.0379876047201709,0.0623819792576695,0.0246278971221738,0.00058373569938792,-714.02279755514
999,0.0292077370589019,0.0233774283637441,0.0314961619848916,0.026786351499872,0.0674430083749281,0.00365742482054913,0.0356218161616693,0.062908478283571,0.0180384555026358,0.00625956060558598,-713.603691032386
1000,0.0325236926476363,0.00607136132240955,0.0259823593020403,0.0130516353613255,0.0746513483856519,0.00626730902553567,0.0316654966981685,0.0653047947886041,0.0181613771678635,0.00376058162227449,-713.16815276538
