"i","asc1","desc1","asc2","desc2","pol1","pol2","tran12","tran21","dem1","dem2","p"
1,0.0339838368282636,0.00425787539083553,0.0547531403420411,0.0185182669614473,0.0354721154721378,0.00594264175044349,0.0206653841796957,0.0618123421326949,0.0189781965108109,0.00872325337735763,-727.129221501668
2,0.0354262670984209,0.0324094769680582,0.0194016444342313,0.00360256224825371,0.0946158351730835,0.00479954696519926,0.0315517514093858,0.0650446435742415,0.0255145166325338,0.00202052844401769,-716.653338859191
3,0.048421966890287,0.0407655624279928,0.0199006797454576,0.00566299923215632,0.0828707901906304,0.00740297247849814,0.0613487197697185,0.0996095988413335,0.0241554689326686,0.00671602598002377,-716.082445268875
4,0.0478461935316307,0.0377581184941304,0.0186807526858717,0.0067929495334406,0.0527476230184455,0.00454429924203108,0.0539508193447769,0.0886007952780229,0.0267823682935309,0.000421363758648843,-714.862731471321
5,0.0439514836752203,0.0262217685394321,0.049675921723536,0.0172293445966719,0.081523145039917,0.00139897910597558,0.0337881629775744,0.073974411115669,0.0266942931047847,0.006872201890125,-717.396148473962
6,0.0497306530559094,0.0330757243469202,0.0544215261535625,0.010599716910914,0.0556425127620245,0.00426819817349918,0.0266179577436535,0.0713996230046542,0.0303224674226454,0.00313771788029742,-719.828893113344
7,0.0248030233674457,0.0177247330591762,0.0653125324344173,0.00775180381355217,0.0748218957616684,0.00308491898134254,0.0505518551109184,0.0656207972885858,0.0321983564325528,0.00132111762540519,-718.773764284446
8,0.0298844398009837,0.017536638924461,0.00809025820579798,0.0149995498763742,0.0800760597523321,0.00846350590764263,0.0425623147879695,0.0687672290043749,0.0260020439656232,0.00131684459632106,-717.641152672932
9,0.0325371942077895,0.0401137088126967,0.0402977095520895,0.00882944120964507,0.0699822762906887,0.012327476144274,0.0593072237385937,0.0978212768533298,0.028528077746699,0.0016267090396493,-715.388234341978
10,0.0272840242085749,0.016012322146979,0.022340218509423,0.025346159328212,0.0627995993576448,0.000240511236173512,0.0574470812595418,0.111380652222808,0.0292816120244708,0.00482970509377421,-715.286542365701
11,0.0349003381759416,0.0182294834119295,0.0131353814835651,0.0529741317474249,0.077648728911134,0.00601933699102743,0.0845446305772711,0.131527739314286,0.019400762711851,0.000371768731821555,-718.932350638663
12,0.0281112080375609,0.022807341933451,0.0120186709485539,0.0238560290486186,0.0694840595050096,9.58246691628179e-05,0.0731328578371208,0.0932250653843693,0.0348351099711922,0.00312022689671069,-716.863089305455
13,0.0309456643590349,0.0270222578982797,0.00495405591848959,0.0240580153722554,0.0674136550801587,0.00457377745767353,0.0679312715375531,0.0733272568232166,0.0244625144043434,0.00328936205676543,-716.10314079649
14,0.0456407139889223,0.0319705326377481,0.00540313150665273,0.0341860439961459,0.0728997946496978,0.00469479452224839,0.0295297347839255,0.074642969963473,0.0359543368075451,0.00316269944171439,-717.227427765016
15,0.0369698828263166,0.029614140536547,0.0142658039645081,0.0338777749147786,0.057516964324815,0.0170195303467812,0.0273811189565047,0.0631353567612252,0.0236636865673871,0.003878565963941,-717.385807972678
16,0.0186930845031368,0.0430179638639616,0.0220907850829957,0.00234489760490492,0.0663006124823119,0.0126149793869827,0.028320947880295,0.0596823797832045,0.0228443212735027,0.00380156939337351,-715.578988274864
17,0.0311267759191117,0.0289255386851514,0.0317633889696842,0.0182395754050493,0.0662116901110996,0.00365479650410902,0.0248291645197265,0.0632221390264308,0.0202018572887483,0.00212332995088899,-712.87644210876
18,0.027405673793061,0.038162686505866,0.0490623471450721,0.0188245329966769,0.0792717721971894,0.00546960785467595,0.0473374948775621,0.0966248874620773,0.0260337269757919,0.00281954698406641,-716.149274650852
19,0.026455353073815,0.0162937181268797,0.0285531026129547,0.00776799910110859,0.0789614448839256,0.00683036886767279,0.0514110099224217,0.101014377902017,0.0276431401072329,0.00406133203709048,-713.164836229613
20,0.0433795717618282,0.0311708579119778,0.026367110356144,0.00701237234303761,0.0851816050713863,0.000940605453598296,0.0704234683555001,0.0931550361849854,0.0303432327630132,0.00285241120834221,-714.234236270853
21,0.0445791777794081,0.0199263238935499,0.0358268701398935,0.0116572487214153,0.0685177873336225,0.0011747730947956,0.0719386713416418,0.129914114349787,0.0406293517276796,0.00343837997739735,-718.688427527322
22,0.0434221376165215,0.0256350619254107,0.00962059263890429,0.00232423364066138,0.0604621463488012,0.0100085846986699,0.0930554926677295,0.135135854990713,0.0354284733890027,0.000914374821791304,-717.633635884894
23,0.0554707793340993,0.0210042559450906,0.0100839521527944,0.00555559435968484,0.0575867470747671,0.0094384297645477,0.0870051089663583,0.133643588968682,0.0179786635794626,0.00711684442034286,-717.121969197417
24,0.0459197145702662,0.0257660640519435,0.0273997884284752,0.00753781662798435,0.0561841341716141,0.00814058932475981,0.082410962374466,0.141029759135936,0.0219441930130517,0.00395651527750735,-716.313516119703
25,0.0453092518501329,0.0310802248087567,0.00962630831181246,0.00318576527161652,0.0736862660992426,0.00965582764576592,0.107202090570462,0.117419003484043,0.0264113037056626,0.0117596605999169,-721.744451603461
26,0.0398307719048198,0.0299653188408363,0.0265989018174254,0.00692182937992112,0.0714390891255683,0.00768058009602669,0.0924362643814929,0.125878557915628,0.0146303432838504,0.00156208479862741,-716.260824887337
27,0.0340644655604752,0.0275609042228075,0.0377420038842139,0.00945339835647639,0.0674767812740504,0.00655682939289374,0.0663826925439677,0.0772121318274831,0.0326365114867427,0.000728610336927954,-714.439906718142
28,0.0370401292637248,0.0247164495792024,0.0287281801043926,0.0169924383995225,0.070463363738991,0.00878523605667296,0.0360235943461082,0.0653437505612399,0.0406016805132588,0.00107478440264223,-714.611420183224
29,0.0340168077208504,0.0213783222770441,0.0347120855082234,0.0151303065348582,0.0682398833271845,0.00612580413533267,0.027735396440679,0.0725043438463055,0.0220132027973109,0.00725593982259385,-712.291433047274
30,0.0194978321241799,0.0326907879425292,0.0300427964111134,0.013914940164842,0.0787062113019919,0.00533726054676631,0.0258589526719534,0.0597629272973654,0.0236774010064218,0.00202769125222102,-713.223898725208
31,0.0181224870442752,0.013523871273264,0.0374038543214266,0.0201247777060106,0.0728787376078068,0.00463023120174528,0.033930682715671,0.0557552987530459,0.0268628307863083,0.00399999952587544,-713.756287324932
32,0.0426996135356698,0.0225993854665762,0.0390070429782274,0.0212979343896486,0.0707984623121149,0.00637936382322546,0.0323659309831842,0.0955156226591404,0.0279641308886509,0.00276484631583682,-715.966033161146
33,0.0373464585013113,0.0114697062704422,0.0323901998650931,0.00771131975646801,0.0578040195537914,0.00230926002403224,0.0736912299854555,0.101897096864779,0.0314801576761765,0.00318180635435993,-714.97680543245
34,0.0266665689014471,0.020440383428217,0.0291641039226659,0.00718511112887994,0.0804800466627222,0.00180056261680747,0.0730776454412174,0.0997885627032498,0.0261469359493768,0.00535905129373469,-713.355734421363
35,0.0459534785129401,0.0290392769883019,0.0210813733888594,0.00250925525630996,0.0702757394000361,0.00867608078581498,0.0468045855979596,0.0731978214064841,0.0248897854877643,0.00131446378537865,-713.796920699832
36,0.0144752485664225,0.0334778486441476,0.0338579984533407,0.0162557184157054,0.0775913577848662,0.00691089350783914,0.0420033188176465,0.0772292871115255,0.0153327821109862,0.00262871961408887,-713.960709487397
37,0.0198200432686071,0.028301144811157,0.0374350480627932,0.019484955032374,0.0557959069209733,0.00963697050892829,0.0251315117241263,0.0688639002850201,0.0136522619929244,0.0113510429042955,-716.726278497714
38,0.0208895127622617,0.00519474043179815,0.0290054180666007,0.00953584211763794,0.0747972158176107,0.00651431879706324,0.0428603939600936,0.0891060974364595,0.020060662229358,0.00548969157502474,-715.430736628553
39,0.0556960918505747,0.0452690626428215,0.0272373457636471,0.0155285041542092,0.0710856479209093,0.00500907931576577,0.0378480768264959,0.0908862318092907,0.018268657557536,0.00181142322388271,-716.499298188712
40,0.0207891212968448,0.0173671384854868,0.0352112161795211,0.0176722105334273,0.0550148215922621,0.00789074007096559,0.03862740121952,0.08553074617463,0.0211611620740258,0.00298630255242446,-712.09740620221
41,0.0294588731834248,0.0130399414179127,0.0213656262614418,0.00649811891150103,0.079241010909288,0.00960829239497256,0.043245026068836,0.0813881016397535,0.0239173507325151,0.00250537903865136,-713.379391168523
42,0.0451606019176731,0.0366216227281815,0.0270083326639619,0.0051893898941228,0.0669211973313336,0.00639056168047008,0.0523712343245015,0.100467971154832,0.027969773732903,0.00119837890159047,-713.457693226836
43,0.0206998858140312,0.0539578084969929,0.0222178054549116,0.00659556855925245,0.0766411549837025,0.000247978300402414,0.0598483602753228,0.100312226245859,0.017090196763319,0.00209279043338196,-715.859221284183
44,0.0551545958336944,0.0267198387090181,0.0170352882282035,0.0124940241450569,0.0757455153780734,0.00433209286029669,0.043992636093726,0.08559848379191,0.0273286526017079,0.000507743514178497,-713.868079705911
45,0.025982886201989,0.0186538665207846,0.0327475311680547,0.0257435901429836,0.066561559469797,0.00596833508534959,0.0494674424206757,0.100332581914148,0.0180486046368946,0.00300415821209325,-712.969764085252
46,0.0398256888314573,0.0144684661467452,0.0190911134892525,0.00314582664103173,0.0540427959541779,0.00193558141703233,0.0594888197400047,0.102633589739533,0.0200644306820853,0.00330078704336004,-714.642228738944
47,0.0320739918117317,0.0528116002926875,0.0175036702933514,0.00198234902707239,0.0742271145826877,0.00741534741979462,0.051742194616559,0.0767662433598545,0.0285474842683565,0.00960422215124968,-716.963589705537
48,0.0414503072508705,0.0227415823184969,0.0248660468076952,0.00643282109278144,0.0574801378937229,0.00715757347168286,0.0430815329200017,0.0880896627911236,0.0159354055891052,0.0133528111067336,-714.631983641726
49,0.0359390626545188,0.0390645561482494,0.0242851097895059,0.0107975092602457,0.0515630066518919,0.0050667468067516,0.0290384204700113,0.0544586715403825,0.017406548150934,0.00467497170199483,-716.194207245617
50,0.0220585032725548,0.0216125200096804,0.0226380251347654,0.00973325698769343,0.0856094037976734,0.00649925775902805,0.0329850812150921,0.0567208152300718,0.0157602255504536,0.00385722810256326,-714.78600576358
51,0.0186574461757263,0.0467479549266265,0.0394594090725787,0.0212210903407746,0.0522974312323791,0.00500594051778117,0.0320557820725406,0.0967472364299451,0.033835440529547,0.00480079291355143,-720.909571423404
52,0.0213186139840948,0.00586387680238172,0.0552905137056325,0.0270015316656815,0.0716480275266783,0.0122480157172037,0.0519110583605201,0.0914616121928625,0.0249746163165361,0.00323518987813552,-717.421910999021
53,0.0193970099559806,0.0156328185224952,0.0250630205181434,0.0105994351377886,0.074429763801667,0.010281462322846,0.0420295577106879,0.0728976109246817,0.0277121985906523,0.00166246169285023,-712.597898287385
54,0.0368920947451805,0.0451793417892917,0.0306859472257648,0.010891413459991,0.0756269546818197,0.00339814620559572,0.0326984017767081,0.0821088183680516,0.0296215926648952,0.00544476548614336,-715.624901689929
55,0.0314344912572424,0.0425112124542923,0.0184902996441269,0.0080952255890405,0.0674172889645448,0.00974996720293597,0.0312565276324528,0.0673473175661073,0.0170780483593254,0.00722401058761725,-715.116279590133
56,0.0436763368614916,0.0282651782014287,0.0400540836794442,0.0239424665931806,0.0790388513439354,0.00146814966645722,0.0485045144996505,0.0661069208540341,0.0277904417307912,0.00500186797183554,-716.840611817003
57,0.0432711929299252,0.029530240495215,0.00313219095182382,0.0248395179750939,0.0758622578390618,0.0113163218389079,0.0498007725906469,0.0760843942792719,0.0404726781595688,0.0060291794937336,-720.11366602873
58,0.0366929015458891,0.0227866981222698,0.0035395727594562,0.0479547363144161,0.081597995688056,0.00734539630573623,0.0600184597523661,0.0777812677593796,0.0401945107717841,0.00775880936353936,-720.434554737097
59,0.0401919071779522,0.0128264626138859,0.0080406669836651,0.0480661118035041,0.0799108718566169,0.00807323878040991,0.0597412147329258,0.0935351762380647,0.0163111396278004,0.00101721439826331,-716.88687460358
60,0.0320017223112269,0.0140889821382811,0.0147343683355348,0.00941995981445671,0.0546088131127172,0.0123658172319965,0.0552212588869353,0.103160389470385,0.0289250178919235,0.00546299340557274,-715.961548353812
61,0.0435276316971174,0.0162992619360879,0.0219923630729094,0.0136478508267745,0.0578786602677916,0.000398173039777713,0.0656524506183877,0.0934835026475375,0.0132508235119378,0.00720860026015017,-715.328413762539
62,0.0469447716828493,0.0228545915661956,0.0267614224105086,0.00977582724257831,0.0766284135064836,0.00235928578331157,0.0407052959401583,0.0961718607139819,0.0170316972363819,0.00962742246963125,-714.498415866221
63,0.0296531214207292,0.0212055104879409,0.037562085732574,0.00247593217156837,0.0640088127607467,0.00791397008784611,0.054010756723365,0.0829734124291368,0.0218773856395412,0.0136604649090188,-716.19796018085
64,0.0452845087142518,0.0470193307990974,0.0331639793818744,0.00421706901084803,0.0671393673706078,0.006930848647348,0.0691220086818348,0.102687576712618,0.0105677236047556,0.0144662972350548,-720.931981609798
65,0.0336093654593771,0.0383827784535242,0.03598480557235,0.00248469589152183,0.0671418578600784,0.00510734331013985,0.0484121087521833,0.0964548750347957,0.019023892420119,0.00413520510484645,-713.156591510715
66,0.0201359746901745,0.0337943377487593,0.0267877737328663,0.00420543954532452,0.0706545378973392,0.00232529183256611,0.0565693759288388,0.072565097693281,0.0263456696329005,0.00661289111025881,-714.159027191498
67,0.0426300167616519,0.0291602010610718,0.026849425584434,0.0107509111067544,0.0601032830062685,0.00947852106195391,0.0426918945443546,0.0872493446825863,0.0135545191782308,0.000181179819435799,-714.174368872578
68,0.0514645008403172,0.0198741954848053,0.0182813278653221,0.00582402217072383,0.065096877169637,0.00310830822465552,0.0614932980522023,0.127515920013383,0.0261563214753851,3.13426266547481e-06,-714.599182078286
69,0.0318362269615735,0.0283792167357652,0.0261072502746658,0.0043044497556416,0.0601877190427269,0.00166562069566955,0.0779213488369712,0.104248824692061,0.0267053074973123,0.00467563297507125,-714.095333238869
70,0.0242710674584324,0.0363938495577844,0.0337797186292487,0.0105183827259471,0.0681712367856559,0.0117257831276442,0.0357234947055239,0.0677947030879907,0.0237645988096952,0.000174501975873002,-712.878384740277
71,0.0274185094312066,0.0219511959229599,0.0405363625070006,0.0110079108588445,0.0860418866878642,0.0115756111120431,0.0305653978306322,0.0783630260699433,0.0387844007153599,0.000232404574606406,-716.783158317094
72,0.0204795366964565,0.0220271611378252,0.0437123195655026,0.0153846236138635,0.069705545699777,0.00160882156076989,0.0614636531027622,0.0759816232008493,0.0317253848976745,0.000958023591257175,-714.25296106038
73,0.0270401020137116,0.00623848161644458,0.0360283220902023,0.0199259124635087,0.0763773688357032,0.00293176153074026,0.0593713033775898,0.0852072522454179,0.0331250100908652,0.00109908651384337,-713.736249927578
74,0.0304246734980913,0.0218653998010052,0.038813172150786,0.0198687066547067,0.0876642253463351,0.00748007220706222,0.0707816906146946,0.0862913926960056,0.0240449931682065,0.00064575597224528,-715.209900265388
75,0.021835221453604,0.00758866716393147,0.0272724608583886,0.0181599919371132,0.0722291268029983,0.00168700456914535,0.0744238098697626,0.1101930573977,0.0324739373388898,0.00021205360822482,-714.634426115346
76,0.0245886893280671,0.0211028438385971,0.0286990718019135,0.0151273935820081,0.0864232357773257,0.00417072629894662,0.078035322883165,0.0771768217078189,0.0217780960824493,0.00211499789131962,-715.799354401449
77,0.029737882136142,0.0208510496922596,0.0149812715460636,0.00836513134726823,0.0765743343357591,0.000867052950978903,0.0595903069270231,0.0803707465806256,0.025908347556503,0.000180585844136809,-714.030974106975
78,0.0320633377772278,0.0242963017188585,0.0231241520594066,0.00726261870758997,0.0815480805364653,0.00726402746803263,0.0384585442671561,0.077915536866351,0.0205216663689168,0.00428579992783005,-712.070418953401
79,0.0424315011401806,0.0287421519042861,0.0306646891838533,0.0086363143499413,0.0623967961461154,0.0132318594954092,0.0416632162943309,0.0752756495941685,0.017894468359304,0.00837432909373705,-714.123490727186
80,0.0304052047745318,0.0247054838293948,0.0292293746090871,0.0178761799838794,0.0780208764798272,0.00947053119193364,0.0256625603401607,0.0611449558927406,0.0168730224373464,0.00845301885104781,-714.429982992634
81,0.0232750162847913,0.023673927739226,0.0251164242368826,0.0130493077283297,0.0481709363803632,0.014156567110611,0.0264063220941374,0.0605589377432796,0.0133242162510614,0.00126271310852715,-716.670302242729
82,0.0357299573623162,0.0258893558644513,0.0456697585385683,0.0146073637841818,0.0683844968986436,0.00959375692687264,0.0298361238731126,0.0563331428168979,0.0233008773539193,0.00223218458474355,-713.808338928599
83,0.0446159682650744,0.0125580653540247,0.0352606522361609,0.0113762796199352,0.0790629218826739,0.00312312391891258,0.0453582763205121,0.0577029709771256,0.0203285460709696,0.00648149261779101,-715.109558464057
84,0.0431100365005587,0.0171648565203298,0.0363515207448481,0.0121637844084162,0.088138154841802,0.0099316027815383,0.0440260505382443,0.0631230781670646,0.0329150552856388,0.00387194923930598,-716.259111557758
85,0.0322076957149073,0.0271723434566336,0.0467476803400617,0.0196062209843135,0.0895510893677002,0.000543477223783287,0.0374820879099971,0.07093665666335,0.0248041264884943,0.00428716125747995,-716.092266456407
86,0.0254869513144236,0.0104625415462681,0.0273150735243069,0.00609129179336066,0.0599703781118542,0.0141235369855901,0.0331186296240894,0.0863318224868359,0.0181892549552034,0.00296003497800779,-715.133028961115
87,0.0242122012316751,0.0336317114767685,0.0381511074460406,0.00726537696536923,0.068342733841812,0.0140190162166611,0.0457642340411282,0.0845537523361059,0.0247030028112151,0.00602948628429953,-714.215425558628
88,0.0488417866506134,0.0439912786718491,0.0272676931651423,0.00657518085363114,0.0708981160545531,0.00710185784602379,0.0584922273855144,0.130279467251376,0.0248662438869598,0.00566192924705387,-718.93017174457
89,0.0486236119930417,0.0204934751032886,0.0146838684761705,0.0126381699942871,0.0714186689236292,0.00749139252430691,0.0736283392357399,0.118120882462479,0.0248616652065907,0.00262032687061952,-714.376652813667
90,0.0451651773369451,0.0154876351597083,0.0361696167241117,0.0207204087461867,0.0588404902336033,0.012124119946354,0.0663622509945757,0.0898864716838966,0.0246487213554173,0.000129748199415509,-715.147203253363
91,0.0138601143482345,0.0239241034374445,0.0382330150179336,0.0167756930263465,0.0782936413193585,0.00489543446504087,0.0677513339676568,0.0778789883590702,0.0300479378634973,7.54706810662062e-06,-715.175470978683
92,0.0358438987624052,0.00713517653432808,0.020648600077001,0.0175745444396981,0.0676876252263807,0.00111601424831096,0.0372979831970777,0.0855139295353766,0.0287778454902523,0.00208988610484605,-713.607324415555
93,0.0359054510046287,0.0246178988785912,0.0349443045986886,0.0127497490036943,0.0611513733044995,0.00199368241058787,0.057629833972929,0.0836233265671654,0.023758964985988,0.00875401569210117,-713.823504166922
94,0.0196559098814007,0.0239551156082109,0.0464709527778532,0.0265326303374515,0.0958918891652388,0.0023165138586997,0.041434943679252,0.0606122299219011,0.0236343353530054,0.00666073136352182,-718.707079427348
95,0.0252858690981375,0.0253418245219927,0.036051232144401,0.0153283277597959,0.0620619817787015,0.00729540582402911,0.0324872783786583,0.0632586393435913,0.0244039931020514,0.00288307591185946,-711.389870056659
96,0.0258337400313459,0.0126040595802852,0.028342104297039,0.0209919215541361,0.0713759442930939,0.00523149700293742,0.0311923482909862,0.0707328232788142,0.0213027372954053,0.0174765106936775,-715.976820799387
97,0.0315156821582512,0.0130335301598569,0.0332349152718555,0.0118566884957676,0.0655620291558247,0.00449051669869552,0.0465250503531977,0.0863991890978584,0.010348778393177,0.0151806601726337,-716.123474111646
98,0.0225371737546964,0.0295619605573794,0.0346926998302054,0.0160312044455015,0.0648681035532404,0.00427988445576515,0.0470692679817178,0.0751222681239635,0.0200627110565902,0.0140581925023743,-715.095064563307
99,0.0167477618811761,0.0192250077308227,0.0309530944938585,0.0135656051993809,0.0603984423703846,0.012862554748097,0.0296143519726442,0.0790735779195939,0.0159225396300894,0.000615958222389135,-714.315581391985
100,0.0405798782344889,0.0165807966289604,0.0300844632945423,0.0259187777322831,0.0706317413977378,0.00981848195598579,0.0543692074435086,0.0821366418806542,0.034599951592069,0.000685709448205948,-714.717766575103
101,0.0252425823293101,0.0172365028813109,0.0186126933244404,0.00735544291193744,0.059644418051641,0.000665871204929286,0.0422863199165735,0.0654601722980302,0.0222860521953368,0.00638438943451815,-714.956352801762
102,0.026352033073916,0.0241440470432598,0.0409583755067304,0.00372279200958232,0.056479787833469,0.0163698905918317,0.0455710837973925,0.0748653253254695,0.0203281271604477,0.00299555262892214,-714.322003367152
103,0.0175859917352265,0.022130004210161,0.0419389114857924,0.00188228285634526,0.0732980996165866,0.011136352961136,0.0383370440756131,0.0774180710231682,0.0201106905446305,0.00697002694581515,-715.308893282062
104,0.0200890422632629,0.0322369977512388,0.0366939182601864,0.0197719490224087,0.0665859133821013,0.0115281684868268,0.041829474032422,0.0566797573618832,0.0185072451688907,0.00137925865643941,-715.214665027795
105,0.0406214483299336,0.0296377615906813,0.0259412418031058,0.0165341502113943,0.0564748560371143,0.00170336819330235,0.0256282239859797,0.0810629757015883,0.0178838423188789,0.00208058744598835,-715.775509440384
106,0.0344124710961362,0.0120691112134304,0.0353736991303183,0.0234775681202352,0.0806705093105614,0.00284142633409103,0.0276434897361687,0.0796111002922686,0.0502228659622808,0.000500525302627172,-720.055324372991
107,0.0242640998221426,0.0136328538391858,0.0262088541461175,0.0247873113212123,0.061770524813975,0.00275087518178382,0.0413251549068494,0.0866010441813504,0.046153546021604,0.00492860725898799,-717.474040867705
108,0.0198550659989755,0.0143878481478673,0.0271099729002713,0.00612643855138474,0.0574173749602497,0.00759864154926226,0.0462626970008435,0.0668616094155804,0.0325756833370826,0.00466630118274536,-714.802296038812
109,0.0388541726053668,0.0207349061778832,0.0234181303335035,0.0111062215791072,0.0751090928436547,0.00313721129848293,0.0520533999298733,0.080199271273637,0.0239288443975294,0.0048472732651144,-711.163807565636
110,0.0387547124054688,0.0225508471059779,0.0265214705860314,0.00521324996820226,0.0805589121825746,0.00695055675364569,0.0569644808471015,0.0779139584854876,0.0150327703342844,0.00463924674325914,-713.733332622223
111,0.0460656061229937,0.0318728983758515,0.0260326968720191,0.011982009976142,0.0758870047793995,0.015620030584354,0.025996766203729,0.0748507809576067,0.0197047327525984,0.00510512931293885,-716.599441054633
112,0.0278949506403232,0.045611601104601,0.0274920597135853,0.0178822387474042,0.068283202207705,0.0154905115967407,0.0325542964836619,0.0756857547333249,0.0163654242297794,0.00232176480051332,-716.460852403353
113,0.0345464446042681,0.00481426292803879,0.0304498909750401,0.0216389336111038,0.0517477106846117,0.0144030969698839,0.0462334498310596,0.102782607667505,0.0295668241446955,0.00168170611249444,-716.65236732076
114,0.0407076661660196,0.027139118540596,0.0176080714465913,0.0101832181894459,0.0460533230365143,0.0225901691059729,0.0546703034175079,0.0703308355928801,0.0304077348534418,0.0073086740169008,-721.297639669976
115,0.0495844659886215,0.0273920771343476,0.0203022643328702,0.00246272335662938,0.0474106049389043,0.0145479834106209,0.0421720169649416,0.0727459566264173,0.017530816945697,0.00440741960864352,-716.441501652266
116,0.0391806816618599,0.0315766229424831,0.0213341545473894,0.0130970274330905,0.0696069166436257,0.0178117569450645,0.039426035587444,0.0846537688611557,0.0288481911923447,0.00349089984004268,-715.951071018979
117,0.0475633543498792,0.011138782114434,0.0189144260764285,0.0216486066868103,0.0597496634995414,0.00741810226975086,0.0509161028724306,0.092914420399062,0.0262830359219415,3.89167308312091e-05,-713.456009636302
118,0.029138724763109,0.044760409264127,0.0119650078711964,0.0161233357963756,0.0623689101382221,0.00613044241123051,0.054442437940076,0.0846119914235303,0.033234001486729,0.00241234824896864,-715.567622485519
119,0.0410566079718114,0.0132784010565395,0.0189791961894679,0.0174137397749602,0.0785704481279294,0.00986620007050688,0.0502756932772772,0.0750232264962653,0.0146139562936326,0.00706004384861635,-715.061140146169
120,0.0481460438855835,0.0445417568365458,0.0208075209356427,0.019398829225126,0.069701043689093,0.00545985502965961,0.0371861894721713,0.0754640697597286,0.0185817893049677,0.00640131113575866,-716.226713373136
121,0.0340414602546706,0.0437052716966578,0.0251241345875992,0.00175493907715425,0.0700086926193359,0.00532386398021205,0.0318040019668851,0.107119488348394,0.0157159329728566,0.00270062356420545,-718.345017224679
122,0.0320459108734247,0.0293213818166004,0.0277930474916578,0.0133282117308299,0.0606905333113908,0.0016179004438113,0.0342143153976672,0.0742484640368453,0.0186086071095402,0.00487747708317293,-712.29745333146
123,0.049695013416914,0.036526277163661,0.0223965047373976,0.009851439888037,0.0612493363824176,0.00136895365000948,0.0412361143368097,0.0870228438910614,0.0206242135646901,0.00263760686423241,-713.964851441603
124,0.0561255333763309,0.0342166825663602,0.0165847468878558,0.00764160113325551,0.0663277869529079,0.0127023061532086,0.053912535340118,0.0815610868645465,0.0239811019611736,0.00325296806737968,-715.360515785673
125,0.0556790191514975,0.0379262183098804,0.0144451467488875,0.00823021625191647,0.0651109281316924,0.00555325591629881,0.0477641168122527,0.0758005940703783,0.02215419863736,0.00217853062644051,-714.69819937471
126,0.0236263990278956,0.030382052550803,0.0560643458646036,0.00600836077131048,0.0696182934910974,0.00692323130154601,0.0418737491076955,0.0864141919366323,0.0242055844332201,0.00649126540455012,-715.572290836366
127,0.0269395655271109,0.0350568665219844,0.0496512052799976,0.013492044118578,0.0608725613985827,0.00383475139884918,0.0448631021631526,0.0671339169171547,0.0249088599300327,0.00697503064953774,-715.684387562855
128,0.0258804828366035,0.0269604890389541,0.0301020383567432,0.0131636557053935,0.068256664924448,0.00208132015296909,0.0466296702955135,0.0664029640977361,0.0198355294988541,0.00142280547295629,-712.017207449156
129,0.0293659031998726,0.0333934409472195,0.0253461542527252,0.0222677696138585,0.0778126695019606,0.00852283582276015,0.0474388457699846,0.0951576294656338,0.0196521593803023,0.00156663673161139,-714.439494978376
130,0.0271554763893726,0.015001588693277,0.0244320301955801,0.0133947147074295,0.0555942850817718,0.00313349464147712,0.064923208607093,0.137723257364348,0.0225795539185623,0.00528216913169001,-715.774486279427
131,0.0666123333851543,0.018440240741019,0.0166291262868942,0.00774584495247282,0.0501205369056611,0.00628979138483761,0.0918346171858469,0.140697647352828,0.0207506152180382,0.00460481196787007,-718.81188101335
132,0.0350221687471407,0.0189712246696523,0.0196641353691841,0.0104991425827851,0.0635834568166121,0.00714728077832006,0.0725209026877479,0.147340674204169,0.0164477180402861,0.00201891544032268,-715.988942366106
133,0.0332076765330631,0.018263182547711,0.0269624541419113,0.00576048108254981,0.0685824511098694,0.0057336403265693,0.0873300831882893,0.137343566586665,0.0377980873063643,0.00163677328591407,-716.762907151368
134,0.0229405168254325,0.0421666617791975,0.0379299083789635,0.0049649036569342,0.0694573972426861,0.0066365635447207,0.0716933265396487,0.150493828212673,0.012137631399808,0.00568479634968618,-720.689378128722
135,0.0244844920347035,0.0153257699234982,0.0352266214074941,0.00468221346055867,0.0592432919943795,0.000509410489670806,0.0717361933642731,0.0870737261158416,0.0126693706457492,0.00523713918067517,-718.320711663752
136,0.0410479335251781,0.0175052012125987,0.0273484249330531,0.0202233674477714,0.0614293469276412,0.00531747645047288,0.0671908172122677,0.125432572563237,0.0216084008507932,0.0010875736838744,-713.768512674113
137,0.0301390808963936,0.0249698032338787,0.0314378543414231,0.0077567630925103,0.0650518406465117,0.00275810501226056,0.0802771793530825,0.122564235998009,0.023290071275306,0.00102168452464541,-712.921026257331
138,0.0408851942284287,0.0264125433835027,0.0135538450704629,0.00198725918414955,0.0687325776387747,0.002405166273289,0.0903424607319968,0.129277061853056,0.0282267752462703,0.00375779276564492,-715.076878299785
139,0.0451937001539717,0.0334765140456518,0.0171821668248615,0.00319045909411482,0.0604332511618255,0.00131626886049189,0.0838220102299899,0.137198390091916,0.025510467981162,0.00611467865337751,-715.80456611025
140,0.03820052057015,0.0206162579544866,0.0359466864242943,0.0100322289729904,0.0520450121695371,0.00496163185328289,0.0965029881322702,0.136112460114192,0.0248810499832101,0.0085413778816385,-719.440730050962
141,0.0431635862644685,0.0402614660652987,0.0209071967693234,0.00556522263874167,0.0578361551180855,0.00121983967672745,0.0723127132974033,0.0966473420390414,0.0227655039297185,0.00333692849342076,-715.170430790419
142,0.0481204377379624,0.0387822477936584,0.0203536625136356,0.00628175408285181,0.0906743686487557,0.000528431851022246,0.0659739618168732,0.0887733710446921,0.0175185388051152,0.00535889371322401,-715.901860983228
143,0.0377598078691077,0.0303882854614215,0.023696018448793,0.0155533502742177,0.0936833257214897,0.00488515272410412,0.0513492764402222,0.0908784237848436,0.0114667200156845,0.00497234958476745,-716.612386066549
144,0.0355321275731651,0.0216702917100962,0.0223604218147612,0.0179250776916234,0.104049203540832,0.00373310573826073,0.0529342407765623,0.0757487734570425,0.015062103664914,0.00154319211036165,-716.739056353656
145,0.0267831931756007,0.0245724952465332,0.030733431827446,0.00775666962343567,0.0473689732500734,0.00423516014191662,0.0383300653031933,0.0874165069160135,0.0418694698741244,0.000855994866838331,-716.653226585657
146,0.0351249228504168,0.0364381342676369,0.0283020423210653,0.00836919854792393,0.0721594128160354,0.0025313668876117,0.0745066878140057,0.105765754064321,0.0197442329812615,0.0012908222080294,-712.992985979829
147,0.0416840524938129,0.0402690771010545,0.0189741664026855,0.00477774295091704,0.0844965925647417,0.000806099063805617,0.0582498780628315,0.0901621679294802,0.0237042334396384,0.00473620699019109,-714.431708188915
148,0.0439468752477645,0.0143531962366284,0.015372331038024,0.0172588575913713,0.0686392565243689,0.000910166203956761,0.050623720610625,0.0888985641827805,0.0264276452725835,0.00394604823283002,-712.990798597658
149,0.0226340605021367,0.0168816758882568,0.0142102771189068,0.0205757021409822,0.0840574426224152,0.00015047523939434,0.0627257636212274,0.0928049157094574,0.0396800229782006,0.00231877843923512,-717.535711900002
150,0.0498479020484927,0.0130452554837522,0.0335597074779805,0.0182573652649623,0.0824084146089856,0.0101310918530536,0.067129591380849,0.101894719614074,0.0310588475461967,0.000257406378561259,-716.47491237437
151,0.0262853355330487,0.0230920369494222,0.0325700788689206,0.00356673775586844,0.0886475416334675,0.0125033119724314,0.0518146971024447,0.0668951379715556,0.025835786104387,0.000816690753571425,-716.771707859161
152,0.0324674928048564,0.0243338078046763,0.0246995110680876,0.00253832816557307,0.0643009851402577,0.0047369305861863,0.0414745081837783,0.0756560149877128,0.029799110861321,0.0011030779255367,-712.812275217418
153,0.0368474717341547,0.0206422408507496,0.0361555313595119,0.00523085621364076,0.0560484408895879,0.00479154297535794,0.0515739294455808,0.100355453883088,0.0096113575667775,0.00785421778212703,-716.402818465991
154,0.0388629340289942,0.0300003382200592,0.0219735314368062,0.00645612979872482,0.064281451480112,0.00531849096337363,0.0544229438560013,0.102719992167706,0.0147196745252416,0.00258066532939652,-712.873228539527
155,0.0456094706205328,0.017515054109873,0.029948943423594,0.0170034211027747,0.0622585554931935,0.00290798545686916,0.0491367114952085,0.121121352395099,0.0316286960759402,0.00348084942181285,-716.497039967308
156,0.0553589056995228,0.032482726597807,0.0154216565735158,0.0113573161223092,0.070571777173114,0.00466817231523982,0.102944223739356,0.136384295016327,0.0390737487040256,0.00370017958782728,-720.02043251903
157,0.0188770166185523,0.0232509392457152,0.0166409312667186,0.0308862338198772,0.0852509092747271,0.00670124274259965,0.102029441695659,0.115746118661378,0.0272757199428791,0.00306255558215359,-720.348805462352
158,0.017257363451987,0.0525442510286833,0.014156249421652,0.016447754446211,0.101094277444739,0.00571492708984295,0.101064610792307,0.107203944373732,0.0217910366676676,0.00166423161639905,-722.284496720283
159,0.0501753658282895,0.0135411034499563,0.01034057086677,0.02679524128794,0.0809750722467759,0.00780761207180411,0.107834146379907,0.155344143144444,0.0228621038346901,0.00149345185989496,-721.316961201784
160,0.0477748177462759,0.00767567984305492,0.0127082099918873,0.0162111358638125,0.0501695244064261,0.00318242708491588,0.0665089264918302,0.163508448935957,0.0336362286013718,0.00607351289944759,-722.943914009705
161,0.0360865683908549,0.014939751904319,0.0121002517892523,0.00610977531795299,0.0638578957594328,0.00113594867729274,0.0859795874469186,0.16714166641514,0.0120463448493067,0.00536792821089031,-719.550721843769
162,0.0503523790331219,0.0135674141208312,0.0117669002695888,0.0141743610474938,0.0610109633034027,0.00233161108554243,0.0928108028002865,0.179910629064811,0.0245161065449919,0.00424774447407393,-718.558524687615
163,0.0439844069079392,0.00533875683047622,0.00751669514126914,0.0210381291472704,0.0552836654252157,0.00444564943197674,0.0978167216396935,0.171906802174809,0.019740023226291,0.00935490316489414,-721.301993888694
164,0.0393299550843264,0.0596238410264646,0.00501777058807795,0.00532973574284048,0.0673305479816714,0.0121920494526537,0.094486283898099,0.16913007939841,0.0243689628866545,0.00237299190259364,-722.696267689152
165,0.0384400388124277,0.0286316089249617,0.0189646455349929,0.00750425071308407,0.0509272425808517,0.0216382206617152,0.0861627383370628,0.171402906227546,0.0174429598255084,0.00810089422812693,-723.215029527172
166,0.0438608702844812,0.0220136191195385,0.00417551480195684,0.00371994705659506,0.0672502897044147,0.00745250286020257,0.0780152463213649,0.101721694097869,0.0137507130869837,0.00104272493078914,-719.268394085378
167,0.0669592825794711,0.0461841044608814,0.0120616620151183,0.00630780984333435,0.0674822467291479,0.00601630024874097,0.0735830587239367,0.107928076065923,0.023642019859617,0.00433402651095306,-717.482049154547
168,0.0185129314968087,0.0679349597204151,0.00939636213082175,0.00875161494630482,0.0758578719729335,0.000406211639935095,0.0784830934534843,0.1290424521117,0.0193592917251084,0.00015161298400997,-717.199607464988
169,0.0198180395726732,0.0533545381624771,0.00828961948133085,0.0178497610369669,0.0698777350867361,0.000250188859333832,0.071531139977748,0.113776931943548,0.0235901185296346,0.000741320725215954,-714.822827092881
170,0.0191489188965739,0.0689146157427828,0.0031045502597667,0.0136741318979706,0.074552291488429,0.0007512428195335,0.069903498550357,0.104218053667853,0.0348693328972092,7.05407451546513e-05,-718.01464724336
171,0.0184358961060712,0.0492666449680026,0.0135782310740991,0.0125635062313428,0.0720320059346616,0.00575286935875536,0.061833081113054,0.105296697329856,0.0204452410552963,0.000338631429427877,-715.387818124698
172,0.0210247574676461,0.0281891946904961,0.0218558967648042,0.0139798864935356,0.0705975163560905,0.00677590085937894,0.0490013969073195,0.0602416931350397,0.0207046563699929,0.00177761030547285,-714.087437711685
173,0.0263936881150604,0.0302823161503297,0.0453502634734516,0.024028099708912,0.0581346610263515,0.00284791678040578,0.0275301481107362,0.0780932460645097,0.0206463083396335,0.0145870275601316,-718.727876491464
174,0.0253124226069672,0.0161097086298894,0.034767136734001,0.0140894624368494,0.0536919106022773,0.00772263633523101,0.0453584759156633,0.0848862713854515,0.0176973743034396,0.00971277595370128,-713.654139318135
175,0.0369599432935802,0.0142301873454018,0.0235751230387959,0.00882643909570214,0.0525858646357539,0.00407432418968522,0.055574262285557,0.0819861425937744,0.0176298253375739,0.0066186446600161,-713.787564343079
176,0.049978353274238,0.0233809053414859,0.0247541201394803,0.0147977177932525,0.0624693228487958,0.00385134023193525,0.0320723737469547,0.0762155514863629,0.0302321648323742,0.00191191487412652,-713.642518987376
177,0.0491422300518824,0.0247921310377709,0.0249883797546206,0.0197926540179427,0.0589099449234119,0.00863713073724868,0.0410212226027535,0.0989670931887211,0.0169317169240087,0.00512625773335553,-715.130915655853
178,0.0371656738630978,0.0177705957128279,0.0263595357261992,0.0190814975025123,0.0593412344858487,0.00580279206021289,0.0583301514369108,0.110816706046387,0.0131555408911702,0.000584049733203024,-714.318929750071
179,0.0247263029255974,0.00982481658051083,0.0430866811083318,0.0197611302377702,0.07242517256145,0.00591971356764122,0.0546722497154997,0.0939981312187123,0.0157528004356528,0.00392555027155995,-713.721926921856
180,0.0480381534644832,0.0260885365493745,0.0150784308167687,0.00772119256096137,0.0712033548467615,0.0035825835361069,0.0496475272666264,0.0860588443916186,0.0257459097533922,0.00124957705014292,-712.70081204965
181,0.0388646023800335,0.022345246455614,0.0245771492045211,0.0129543325400701,0.0742352295282036,0.00887300735530423,0.0444612517918342,0.0568756607301874,0.0167719096780874,0.0058775181334069,-714.342996478796
182,0.0268338677315125,0.0274665059170323,0.0365319187235914,0.00702591529089268,0.064937628939582,0.00953988142924329,0.0393381539604859,0.0953392857755739,0.0246545661483552,0.0069104584048989,-713.749341363101
183,0.0277254411384411,0.0261265094383098,0.0234990801837641,0.00806149154034273,0.071002229114666,0.000950196879138842,0.0944089475124353,0.137812758630165,0.0279824717529155,0.00611803909731493,-716.013202940702
184,0.0411670887539282,0.0274468305247818,0.0252309447861433,0.00929925372584382,0.0720700949020473,0.000595728507409664,0.0621384973890738,0.0725408058131431,0.0265484373355254,0.0015239660822426,-713.957565961345
185,0.0410698448616841,0.0409132444230756,0.0234147396846266,0.00736557682922925,0.103868661089797,0.00441948065575855,0.0649870934538076,0.109763564546357,0.0179025802976281,0.00115571786584632,-718.504878986279
186,0.045264926670996,0.0432046669844599,0.0275943926579771,0.00809658826641279,0.0553117055384644,0.00407362317196997,0.0612696747661831,0.0930037930223531,0.0318717560850855,0.000440455069343058,-715.59344968631
187,0.0218011306918288,0.0478654640937324,0.0315469184263996,0.00827464706208229,0.0649520257537632,0.00133010390318967,0.0724789286710729,0.0901969231356662,0.0349338071537325,0.00561451722080912,-717.35936565508
188,0.0256154744137229,0.0150122949583179,0.0264426642293232,0.00813934014657667,0.0706730128938834,0.00134648159709311,0.0268317068247643,0.0789673217901874,0.0349843648366052,0.00516106195127668,-715.423035157985
189,0.0287374672113454,0.0210537848065806,0.0267657882214591,0.0223363782300031,0.0576102854593799,0.0159723276407065,0.0352805668706507,0.0794408294592654,0.0219447038041202,0.0044859489277023,-714.043936877871
190,0.0275857997699845,0.0243486391570085,0.0315426471180716,0.00600629094521726,0.0584783642737481,0.00840162779029123,0.0384181156220152,0.0751883606355687,0.025483711810431,0.00388338923036501,-711.408586495378
191,0.0303615380852585,0.00947458177054552,0.0281621886130309,0.00667580058348719,0.0585233480512196,0.00732713615516956,0.0518634209187904,0.0969885001803846,0.0244364200338179,0.00289706820441167,-713.100395522435
192,0.0560808270190118,0.0121544658617399,0.0265993948978253,0.0120025741013841,0.065052927213698,0.00166533184734109,0.0650515373332494,0.0915094930326489,0.0223457661187844,0.00264174124759846,-713.642998915087
193,0.0331700838044245,0.0170616070646657,0.0357590763377239,0.011048234411217,0.0718390058527488,0.000894788265798451,0.0569714081731339,0.0805422873621751,0.0185102926342809,0.00280321949893228,-711.955848864127
194,0.0354802146381192,0.0280956805658279,0.0194132553161928,0.0145531279089542,0.0608330851059796,0.0093372669616825,0.0552260407698723,0.0927630619282449,0.0320053687115123,0.00405721308164953,-713.975807814621
195,0.0270795144864343,0.0132937941485229,0.0235476234860327,0.0137362527642712,0.0650603817815931,0.0119466558746935,0.0656295191972935,0.101554218519307,0.0270320100057699,0.00627726516445423,-714.905475297881
196,0.0301629582752712,0.0216447389578635,0.0183082507016172,0.000467485706712436,0.0582962585111034,0.0135705560533146,0.0674699220639206,0.105698553243034,0.0390402894882995,0.00270129086711909,-718.072177973974
197,0.0327614213604977,0.0525235040866065,0.0213481808914519,0.0195423354871189,0.060481649652733,0.00553896715797782,0.0478597066433726,0.112094742493179,0.0347452870062811,0.00039988642757272,-719.040576906187
198,0.00267757312231625,0.0406186438927336,0.013853295427519,0.0156959520070528,0.0698707982514061,0.00607236354957059,0.0579306113833078,0.0840066053307076,0.0261712214574329,0.000681191645231989,-719.150094827075
199,0.0599398781974676,0.0266787339583766,0.0349219156947579,0.012471074849847,0.0706920009295312,0.00437240492899574,0.0495809563850514,0.0748696062685169,0.0169202519369011,0.00383181827634618,-714.788450011001
200,0.0224212861963871,0.0241592272669354,0.0391870741441591,0.0150696891826907,0.0729525674786392,0.00245679653886968,0.0434608776246755,0.0740040659776329,0.0239133170942119,0.00450387940485439,-711.620188351042
201,0.0135636519045859,0.0246496336455046,0.0440266159195714,0.0183393247792618,0.0654972278073784,0.0100774775589211,0.0361264850736354,0.0720363191697412,0.0280978279437437,0.00289460818828902,-713.204524812731
202,0.024384611032547,0.00795778128820411,0.0504911296400734,0.018449955448997,0.0540539684031945,0.00700177102074375,0.036299088924371,0.0707554067211483,0.0204780309613985,0.000426394105933738,-714.214500142347
203,0.0329412386205657,0.00925852356873845,0.0415706799134085,0.00983953972682985,0.0686157709227037,0.00574930809629129,0.0436725996603869,0.0705253158148358,0.0250159794526546,0.00713672556784665,-713.462482172521
204,0.0248689030115722,0.0231765768911085,0.0275665509372721,0.00948917904785104,0.0616440447472487,0.0039355540415699,0.0514882426761866,0.0936793441477738,0.0226989782937705,0.00221598275379868,-710.916081622791
205,0.037529545265607,0.0199204191073767,0.0228489401222815,0.0112755518082853,0.0649727018402686,0.0071657966473571,0.0391637543882363,0.0777201594612158,0.0296962521954955,0.00223152859938189,-711.287950262031
206,0.0224437578681176,0.0181072166143622,0.0318274113143971,0.0157085662107913,0.0803270439206938,0.00486080718174838,0.0469547467563113,0.0706993159563737,0.0239437063042193,0.00138846945214352,-711.512993903613
207,0.0281579944523147,0.0260861280943844,0.0343453458791669,0.0115229625865536,0.065990548364967,0.00800668780887615,0.0505727755606323,0.0984305097047862,0.0231779567541094,0.00464670053897755,-712.088300762226
208,0.0130884299122437,0.0170168771416603,0.0359687790557441,0.0090154787016434,0.0664040568289657,0.00923134787865911,0.0491038922913084,0.126716232906796,0.0301563865298512,0.00498990200176825,-719.119276161158
209,0.0177578666464144,0.0334906115698087,0.0213217305503139,0.0303810753095582,0.0498430366888253,0.00867485485761427,0.0473233488340275,0.127966063848802,0.0267175959450681,0.00351814065396395,-719.886005757221
210,0.00929491129178748,0.0299772554919535,0.0189673201842269,0.0289231265137756,0.0701241157707953,0.000364627915120975,0.0901827521001675,0.127791955840883,0.0261115521061153,0.00150782195571188,-718.148770212805
211,0.019813050538638,0.0576628164702491,0.0080091281214377,0.0236969511067592,0.0617185069948858,0.00377046838106677,0.0802858641383009,0.134719037389879,0.0365295744430036,0.000376550448055307,-717.496036135416
212,0.025279977173606,0.0492487021773217,0.00976164416062149,0.0247943201882362,0.0655600564432906,0.00693768449539397,0.0897892605496221,0.0962533719861476,0.0266861128708022,0.0023155141610612,-717.301257668834
213,0.0143062975190683,0.0555331385174655,0.0109612307564424,0.0130122765465422,0.0642654091294113,0.00201144131878991,0.0664783874385752,0.0868770222764017,0.0215446794420134,0.00227352389687628,-716.168595952042
214,0.0102169761040529,0.0426143852596304,0.0133092464201217,0.0101694924208598,0.0653192882418431,0.0172964951725505,0.0647748051216208,0.109418379324377,0.0139248031691445,0.00261932611316214,-722.180257305974
215,0.00802383169962934,0.0613324048517184,0.0318067760023001,0.0100271942088903,0.0434138776504525,0.00550245861300695,0.0760950937883501,0.118458619151559,0.0239954655130462,0.00217671397941455,-722.902944939683
216,0.0427128596600563,0.0338260894900351,0.0440813597200571,0.0037508064235857,0.0723516023485402,0.00695173308069552,0.0761266260712057,0.108058039683992,0.0162428581238043,0.000534825742038547,-716.65454223578
217,0.0338718153893551,0.0277387937954342,0.0325633321620907,0.00739453707941166,0.0527754519622555,0.00642885201217273,0.0593405545176802,0.114236098747908,0.0316309578419855,0.00221930563265692,-714.702671649948
218,0.032325822483749,0.0202147285545788,0.0357570097501947,0.00709185369480046,0.0651735413448396,0.00558041868432652,0.0623938310948587,0.0697120420402287,0.0323975296446472,0.00109052060286629,-714.619991486359
219,0.0289587450398322,0.0234427260469299,0.04467394802259,0.0160623956115963,0.0722648419062558,0.00575112712645201,0.0225923584580933,0.0592955786330315,0.0380211706738972,0.00690923786595266,-717.226358710796
220,0.0180266420284323,0.0221867031093248,0.0392131296711341,0.0133557660722582,0.0832449624957325,0.00723382992316688,0.0374174815647743,0.0859706936479109,0.0370949155128984,0.000246825718801147,-714.669090598787
221,0.0360278245115352,0.0142293951970297,0.0228644255816091,0.0151286373980532,0.0933340501917559,0.00699689067873927,0.0608654423680624,0.076619077820529,0.0233541244957345,0.00462698989699448,-714.888245476538
222,0.0376741462227823,0.0234405927890009,0.0302175202574389,0.0116148558460658,0.0911678804270364,0.00402435287564708,0.0402841217478141,0.0685991109168124,0.0247635825302054,0.00324367983682705,-712.717617612455
223,0.0266070758747332,0.0107007452818135,0.0231965314619668,0.0223752575252035,0.0618347101156243,0.00301450308557442,0.0378398137268132,0.0985100316424185,0.0182868470551229,0.00385627991911948,-714.026162778952
224,0.0448822999362762,0.0191881717994092,0.0192338237515268,0.0283707827887063,0.0627313206739714,0.00978911763686565,0.0376673794782107,0.0697704570924672,0.0313309791838649,0.00395131682499463,-715.950473312886
225,0.0311179538470297,0.0320806229248392,0.0495283971940747,0.0250080652303859,0.0527455875434906,0.00829162201110727,0.0430798415651673,0.0780817308814913,0.0293525420168218,0.00309434074737944,-716.778003344047
226,0.0131466152515008,0.0282506693698963,0.0114281373830039,0.0449758729543736,0.075787848218922,0.00972775501209754,0.0496829008961662,0.0814252594102207,0.0234755209627383,0.0043523395043779,-715.707895972187
227,0.0218343528815957,0.0204464657962881,0.0172510624708744,0.017885012084575,0.0651166769899706,0.00904291437885122,0.0379059214209749,0.0756003338614214,0.0222714953449568,0.000609144704437079,-713.162676813023
228,0.0216958897459607,0.0304713883637071,0.0336755073653704,0.00930595907423998,0.061264624430671,0.00164345231840797,0.0453298262720657,0.0851760906449593,0.0276200971590784,0.000934329465472511,-711.971023688576
229,0.0327814984380153,0.0309937789763021,0.0344877901126416,0.0130931596759143,0.0907713252058117,0.0043698184442223,0.0617307508898193,0.103579105945614,0.0251827802822874,0.00401075715264424,-714.951910374568
230,0.0309808753045763,0.0330427340819015,0.0337282739631455,0.00757095472940183,0.0595608496478408,0.0107576681426175,0.0546418783610749,0.0710774123291734,0.0249265036182974,0.0103979935002533,-716.084598884515
231,0.0397775223282727,0.0375311396006435,0.0430494469263005,0.00425620758083258,0.0767891035857658,0.00344352187439407,0.0422302584801776,0.0832070277405143,0.0186176753536714,0.000801561992911621,-714.620518191425
232,0.0140295124954865,0.0236903665257082,0.0435846384480063,0.0170305724628268,0.0728788841176621,0.00481423610286494,0.0466827156824385,0.0832104024869712,0.0133944268103959,0.00651800927847883,-715.00688252663
233,0.0211974633566678,0.00744115296378128,0.0347355226020882,0.0169269611390122,0.0711377510379085,0.00651668004120452,0.0460822826945681,0.0736579006076499,0.026884163442584,0.00643483145776453,-713.507962755216
234,0.0580292837512124,0.0159891426354703,0.0312333934246971,0.0266013926657883,0.0660864388863786,0.00293983466420158,0.0400121437571746,0.0675337644005634,0.0137417546598995,0.00784938230714678,-717.13897334366
235,0.0543947371547645,0.0195214447464535,0.0283198828192633,0.0260988813889048,0.0909559440305682,0.00723760313133981,0.0468629765128313,0.0837087173575588,0.0191592320864333,0.00447309535049929,-717.085339660927
236,0.0381217599729357,0.0130250495274028,0.0286776952839926,0.021216265402884,0.0528985350509152,0.00799600336641734,0.0431053224867546,0.0928024109255346,0.0116975628557458,0.00309180204249953,-715.180061180731
237,0.0242679476409078,0.00971413366716517,0.0507236922904633,0.0152973443204375,0.0603027396786628,0.00810488828556652,0.0535067169806024,0.100033548335368,0.0282532941778542,0.000360880892291211,-714.04898135961
238,0.0217954639246336,0.0219067085485475,0.0353676616749928,0.0140251717996563,0.070472737750533,0.00745750993248785,0.0587691609846412,0.109814623918952,0.0378324195064775,0.000644756578735583,-714.466486853579
239,0.0306385504093291,0.0195839305860893,0.0346055634753923,0.00521887298725581,0.0811586119838585,0.00306464248405673,0.0674457904821402,0.0675942882354283,0.0432597501563074,0.00637854412989668,-719.935911288201
240,0.0318242348443017,0.0268342503031863,0.0358806543382201,0.0106802431877484,0.0766634914321955,0.00252461490590079,0.0451378049783175,0.102710450881767,0.0305911855791181,0.00798130284014218,-715.405437708528
241,0.0203879294516979,0.00986305902216005,0.0448922264350892,0.0208597561604052,0.0619593093543743,0.00700918641057313,0.0487110959520297,0.0771562546104487,0.0114921275019347,0.00333857785633454,-715.950028225845
242,0.0203234648118122,0.0200607609600171,0.0493796301910526,0.0184143608055939,0.0570669364167029,0.00188389537305003,0.0429473578498858,0.0769456560267702,0.028949192370869,0.00267299679946212,-714.088900639609
243,0.0252364479962189,0.00770816231528736,0.0447317141286162,0.0140176865226673,0.0681309078355293,0.00301389408806761,0.0515940200801395,0.0796141381252981,0.030629046883158,0.000224132529365011,-713.274052719495
244,0.0347347265385847,0.0559241576879335,0.0417795501472212,0.00828877766377868,0.0860983858416667,0.00462829304828145,0.0440352283659516,0.0628704933877408,0.015667388500042,0.00452737244173086,-718.49846494973
245,0.0115015798401951,0.0656068644994782,0.0293580373473009,0.0367523499750099,0.0802934920683796,0.00497894291516949,0.0237053057964506,0.0545167408952142,0.0218317097166893,0.00366954691890317,-720.748552652483
246,0.0252459176514468,0.0421276834307928,0.0207084857650165,0.0294187226528895,0.0726751314504848,0.00760115123184303,0.0247400004738542,0.0797765782360359,0.0294921457331504,0.000972388506619144,-716.705917575518
247,0.0230591669192499,0.00901520310219104,0.0448744701214943,0.0147147314049703,0.0488149455142258,0.0119900841486865,0.0460062124046444,0.076200106188677,0.0225146967594793,0.00165129607713136,-714.901659706824
248,0.0297370349918184,0.0257823526842032,0.0374431939065973,0.0137681608733058,0.0505939345286947,0.0146445236715506,0.0323633821696712,0.0837370129505256,0.0193671589370249,0.00650345926311675,-714.930090893815
249,0.0184625789310375,0.0105462046614105,0.0230110178563709,0.0177115904274555,0.0637758039468631,0.00852370675728505,0.0536435504814237,0.0985701600255972,0.0317515016699192,0.000921299699016567,-714.353230532795
250,0.0536920877114281,0.0284483555046501,0.0200687315462858,0.00556470714023895,0.0762158017104952,0.0121962262032164,0.0662332115016283,0.100225914454499,0.0184698762556792,0.00657710116926382,-716.377960983898
251,0.042265986149639,0.0195887582942101,0.0242560883514732,0.00827596508825808,0.0588393818898604,0.0108091428123429,0.0630037124395539,0.111003741631217,0.0194205348865525,0.00746054541823225,-714.495678031914
252,0.0403825480629405,0.0265237854402266,0.0281417114655691,0.0210578808971432,0.0718603356272388,0.013586487412454,0.0423885362308083,0.108317997568696,0.0168402279260378,0.000272873068671205,-717.277370537903
253,0.0376148479119833,0.00681282017987278,0.0213782384870294,0.0168500058941467,0.0564421242855255,0.0111815006300215,0.0522199748291744,0.0766130537999118,0.0376698266228622,0.00146818158947567,-715.803811223654
254,0.0230782743369525,0.0158951219776864,0.037472757498773,0.0161242684702572,0.052453483777787,0.00390654897912474,0.0309595391905893,0.0795327923228562,0.0328060678228282,0.00403896219295095,-714.255471498098
255,0.0314713463002075,0.0300073176142868,0.0521984083136712,0.00728122596402058,0.092347378511234,0.00388776543310319,0.0395479964828257,0.0659144712678747,0.0151546881957469,0.00535482831189234,-717.3785517851
256,0.0186573093963134,0.0297041357933252,0.047289097421033,0.014369906429498,0.0848122921255484,0.0015595453440497,0.0426960516050982,0.0813722131107656,0.0300773444738445,0.00012663042889587,-714.532518286895
257,0.0161389481735946,0.0133382396499054,0.0417162729724566,0.0204153074947985,0.0656927078606392,0.009483145378631,0.0459922653957448,0.110108442476904,0.0295122577491927,0.000430037835499836,-715.358436959799
258,0.0483705867756592,0.0186273361726969,0.0322903382949403,0.0126895055251863,0.0548344948975176,0.00281050499251973,0.0681324310983141,0.0987067671017678,0.0299366468821139,0.000241874942404261,-714.479027516497
259,0.0521753036939439,0.0084526986411529,0.0332156509293258,0.0163196007368063,0.0827043299543945,0.00445222968114878,0.0636878164850499,0.0817458016938083,0.0292925807001156,0.00613339631589585,-716.441066744276
260,0.0479856198665211,0.0139765339700701,0.0214894578923394,0.0128786188388769,0.075972677704993,0.00359884774231603,0.0404211944369957,0.081812367945662,0.0243864492872991,0.00699783724864701,-712.723951208719
261,0.02767542921145,0.0313049010336487,0.0473905665373241,0.0109184288031953,0.0677130957236737,0.00947597701122023,0.0340423123067184,0.0717346215307108,0.0259439386936317,0.00182336995407402,-712.897595451535
262,0.0182553451139734,0.0391967283496893,0.0290790105562248,0.00879152344137485,0.0688314324567218,0.0137665094646275,0.0360589897593894,0.076306706685597,0.0272863590101471,0.00510139151978276,-714.170410638331
263,0.0185268864826281,0.023737184346353,0.0427954921158755,0.0127341541884898,0.0649781101964993,0.0120276317576501,0.0521273414834002,0.0967705499680054,0.0242064844936733,0.00577605705227473,-714.342492098774
264,0.0329274343015856,0.022535685745765,0.0302391633448064,0.00181242260482561,0.0796644475338963,0.00190087669783509,0.062307031936238,0.0909761752084657,0.0325368743609728,0.00127674478318375,-714.137768763017
265,0.0412269309469914,0.0310659511636903,0.0221445817619281,0.0146068615798486,0.055932716879062,0.00214948116502266,0.056713240162848,0.100999471686158,0.00961202982946253,0.000199248862633958,-717.720518959418
266,0.0348206396119772,0.0270504021758976,0.0196161852513255,0.00384389862998119,0.0755419748967141,0.00364838311560666,0.0493204139796146,0.0767549752159828,0.0261205095853091,0.00564482214698016,-712.776790252073
267,0.032510714238278,0.0327400569567218,0.0168863391325368,0.0213981668422281,0.075295817938254,0.0134029813858849,0.0362709276894576,0.0745382052677653,0.0170858201780756,0.00773131241755491,-717.059205728725
268,0.0202681550296108,0.034529751343786,0.0176864877361398,0.00356364912572794,0.0718754974874529,0.0215155562524785,0.037195215150072,0.0947587005604699,0.027234320936728,0.00635064191579136,-720.550604734394
269,0.0309620077161165,0.0331923148995964,0.023318207300835,0.0117742789947858,0.0533440891295182,0.0206825753666179,0.0432718800767277,0.102739174131052,0.0254542629531902,0.00220588622444901,-717.034455076496
270,0.0355005396302521,0.0176148022534597,0.0348823781742539,0.0133614939515546,0.0680967888291994,0.0138935098183132,0.0610279697094496,0.0785687986409756,0.0238984177400808,0.00703548546007525,-715.356214299515
271,0.0297728741556221,0.0180002322161333,0.0343972243104115,0.0127738060848005,0.0691322657622954,0.00299055897195819,0.0339275889043699,0.0694071324289841,0.0291222317489082,0.00765017772995065,-712.34805798775
272,0.0223031326922086,0.0180235077448996,0.053201396153165,0.0124959564032715,0.0682765502672159,0.00318680892812813,0.0318267634275992,0.0692340377498467,0.021922216724079,0.0110480188265547,-715.172255128641
273,0.0278173530329636,0.0232592611565734,0.0336567486608577,0.0106553299352314,0.0614847162867274,0.00626510696086149,0.0330008810339006,0.0567523726594839,0.021534987087786,0.00478299344823919,-711.907384506051
274,0.0293146303317914,0.0146664882851101,0.0255584430060291,0.00963922844327833,0.0766651521268674,0.00662367797951275,0.0360340094186076,0.0854132713142561,0.0273667718303194,0.00388570179121175,-712.120414284602
275,0.0258336765423567,0.0224057920772109,0.024414067961738,0.0210267368776175,0.0618664030786321,0.0074746178829266,0.0643994790646908,0.102697697832389,0.0258472693986458,0.00139320035608992,-713.052731843875
276,0.0402305785373094,0.0133323716322848,0.0253985345202765,0.0256480284577612,0.0539683013573988,0.000277414430084331,0.0593074218420902,0.08136241863492,0.0182220653655077,0.0076013215747124,-716.97361860599
277,0.042554076256897,0.0114374436108688,0.020826922526085,0.0178703715694482,0.080044708353565,0.0027933812768443,0.0379733344034886,0.0724306060808453,0.0160839886864308,0.00531404197173562,-713.12793062905
278,0.029712132435971,0.0235640866571331,0.0303567389976518,0.000962930596798159,0.0591262928150925,0.00894448948628355,0.0410073831913041,0.0711687628838616,0.0310220970633788,0.00497465545036999,-714.16707063381
279,0.0199252190462671,0.0243823934503704,0.0330676685764826,0.025606812399634,0.062734477835575,0.00106545658086535,0.0439731185511623,0.084561282763521,0.0148559972922564,0.00712728447674709,-715.020398285094
280,0.0347971267410427,0.0241081864011986,0.0311801260458779,0.00534841687803836,0.0627198241440358,0.00454833979087925,0.0513242201220432,0.0917818534732899,0.0242313164940345,0.00960912898362503,-713.108811550974
281,0.0270674788718427,0.0240090740278379,0.0155320715369704,0.0174669957818564,0.0784468666732482,0.00779460700126698,0.0391201532773956,0.0781163377447698,0.0183456883348092,0.00709175860124148,-714.355379395161
282,0.0255998599496135,0.0221296336992262,0.0240535798099792,0.0109180133028947,0.0530643130073018,0.00593287335921433,0.0368901823692923,0.0988922442709943,0.0248635318444645,0.00513348247906708,-714.039144082704
283,0.0278995310873468,0.0109466074439994,0.0404218490883316,0.00945883515694695,0.0820282224104673,0.00451340675154113,0.0477390379972888,0.0900869299499519,0.0126597036763651,0.00920656557782249,-715.73456007714
284,0.0220564374410514,0.0351337086170455,0.0218474256371655,0.00996884705542074,0.0595950737209482,0.00176326469838181,0.0347867771613963,0.0734307181845226,0.018673884079683,0.00480107163799104,-713.591796345723
285,0.0460146748961291,0.012963162523398,0.0239525086461238,0.02387660194211,0.0784130054576415,0.0117244462847389,0.043535662251511,0.0700029366584934,0.0190221148844574,0.00620093179105794,-715.45866480476
286,0.0470907353959947,0.00927272918041884,0.028210184085434,0.0144214992947172,0.0807857085647216,0.0119310295543615,0.0474598320160909,0.0769037776982555,0.0247724824012968,0.00339236976754524,-714.447759376833
287,0.054451021433925,0.0140776828310941,0.0362652750507856,0.00536977858678126,0.0710810587837873,0.0111569549829602,0.040033719284599,0.0789666636841671,0.0181301330638471,0.00657850741815491,-716.434763973706
288,0.0489659152397506,0.0374909559528999,0.0213593724156072,0.00558674772328597,0.0644997087842488,0.00340577205331352,0.0537640310292022,0.0872434355871767,0.0349777930137616,0.00196169792072758,-714.688730112104
289,0.0300597510378625,0.0336403164020176,0.0367914505322882,0.0312092018080998,0.0855614004396492,0.00500715571066479,0.0625482361832177,0.0812105604093432,0.0336981113689083,0.00590611749611632,-719.82470927895
290,0.0265673211341534,0.029591536599982,0.0310677697903766,0.0263292282672569,0.0673168520985095,0.00509000146733816,0.0654635137997245,0.105761312260344,0.0341214008253728,0.000783014289937026,-715.354120208377
291,0.031259110595303,0.00840317613285139,0.0228488791725984,0.0170306006611953,0.0570075913808832,0.00316054839692126,0.0660062812390962,0.0876710560540086,0.0382864840117664,0.00258349936764292,-715.795990485906
292,0.0485070741556184,0.0194827128175636,0.0183968398629515,0.00937877480763426,0.0572682037980786,0.0135623488388609,0.043194747742564,0.074998022380769,0.034407764324138,0.00427410898811147,-715.581037050078
293,0.0459387108909367,0.019470835241533,0.0175608268925801,0.0159864574040253,0.0677699457094008,0.0067451412103483,0.0344017973353551,0.0658713378223487,0.0294506471389784,0.00232014924367826,-713.280613626714
294,0.0292630084220272,0.0351841414305439,0.0337348380710346,0.00665992940223002,0.0616235994745569,0.00840285852558387,0.0354190799752437,0.0728131475392838,0.0167681136486246,0.00314902286939679,-712.256943814819
295,0.0174578502461251,0.0363407240511733,0.0287368286413895,0.0340681296751775,0.0670126542727449,0.00618888180888404,0.0402145968647497,0.073318741997344,0.0284079905542213,0.00311188551114975,-714.827488764106
296,0.0234596555381127,0.0374072731695694,0.0217554912733615,0.0459919115027012,0.0788499987407679,0.00218820609355001,0.026266813587506,0.0768308604830696,0.0325695787309226,0.00317173000138433,-718.39154514861
297,0.023187346574507,0.0284827362166893,0.039071159529077,0.000424865426930316,0.0637498153594414,0.0091411164102091,0.051239058400523,0.0973705635178472,0.0294083699658467,0.00105265649913626,-713.821255821286
298,0.0197881943954676,0.0541963857635792,0.0175596075002962,0.00192766440511492,0.0732937347758605,0.00712829171575513,0.0683809695097316,0.105072255192584,0.0256083613977048,0.000903426289115473,-715.16668827028
299,0.0210817053908028,0.0260361314812632,0.0231937724378659,0.0114522109795455,0.0608705631990902,0.00141751194133096,0.0652970180999377,0.122632022281627,0.0220995385141792,0.000764779829214286,-713.663129005808
300,0.0488842563024247,0.0314483835318235,0.0234598968207717,0.00436193538869145,0.072403274978965,0.00176180770462396,0.0996037931097868,0.123343793572689,0.0219025902036372,0.00173001123125981,-715.049933977169
301,0.0494728355788632,0.0253041443312857,0.025910814219812,0.00464053967866741,0.0629053460885321,0.00449526772329353,0.0887462245670405,0.109985575073139,0.0219099537280112,0.00381183386299138,-715.123076911077
302,0.023156301130065,0.0278961058732239,0.0262988656469394,0.0114141832594695,0.075337965397291,0.00267903300819727,0.0513567552271861,0.0763351671325522,0.0304361046108919,0.0040695563737422,-712.11881339983
303,0.0308811073590666,0.010418368693937,0.036619338645374,0.00907353959924808,0.0774550092122807,0.00102500301229685,0.0405429617930004,0.0790318660048198,0.0261297319459775,0.00653159354433252,-713.193260091718
304,0.029153283602322,0.0241137038860344,0.0336819639964652,0.011557103673034,0.0617803221390984,0.00750165498065643,0.0478817532078406,0.0849706741726174,0.0233783163813538,0.00389800971571312,-710.998761704277
305,0.0372038591504065,0.0192816958815478,0.0280508692844606,0.00885335226780605,0.062408901022511,0.00499068604191115,0.0508389761228075,0.0906408410226214,0.0294149999884105,0.000212655794782204,-711.258350011965
306,0.0464361928381706,0.0417535028441614,0.0394143250325816,0.0127708339580697,0.0579004511146219,0.00526921215218856,0.0423086592112681,0.0783299699627001,0.0200692701079459,0.00303456195691534,-715.126228722029
307,0.032248959718441,0.0105916500255624,0.0387246161165362,0.00997093101264929,0.0794588590526942,0.00574053714455101,0.0404189807711124,0.0867282697509171,0.0201795528308271,0.00162419103161066,-712.503854148504
308,0.0326813767450675,0.0177822117074969,0.0392025947081569,0.015370752217152,0.083512933703609,0.0126510549746214,0.0456977020529105,0.0622079094484576,0.0185690458432166,0.0054377832440326,-715.589722827042
309,0.0264173286899842,0.0197579263874414,0.0274950659632629,0.0119970989446696,0.0544344481090401,0.00277986909092698,0.0455252557130311,0.0657847322733931,0.0216921424247082,0.00142553840410406,-713.000805707485
310,0.0227618993019193,0.020403867638045,0.0258420669816522,0.0280608079265362,0.0551330516291853,0.0124826151889748,0.0268088928506959,0.0696860858179062,0.0216238253878362,0.00363296011544772,-714.856193389018
311,0.0333320456352773,0.0200631121397812,0.0342282869366467,0.0143084589701952,0.0603568967433157,0.0148126572189772,0.0275802179078807,0.0805550538599149,0.0240152976954652,0.000509035025577091,-713.606467860751
312,0.0321101754633532,0.0141555234524925,0.0275975303302419,0.0184951305737687,0.0655780211141289,0.0122500746204266,0.0597481247560037,0.106094812941628,0.0269252032364307,0.00115646280572682,-713.421284679016
313,0.0308119913805185,0.0245118353893238,0.0217092970919689,0.018859437152559,0.069808968840336,0.0135934243637867,0.0528830038817238,0.0986061279331824,0.0215776350599098,0.0047022829406661,-714.614923314187
314,0.0441369815778121,0.0386933630733718,0.0282609674957864,0.000913779208059407,0.053720306194224,0.0117027408123852,0.0561987692349177,0.0807529082759558,0.0169769680078676,0.00601341183563025,-715.76350629535
315,0.0222641249510283,0.0535845111504847,0.0209282830926992,0.0188865420565353,0.0578672521821237,0.00126283096845319,0.040024732855252,0.0598153305951789,0.0223864034834775,0.000894587442478385,-717.347151546093
316,0.0185176512841432,0.0233036612461178,0.0399266877910055,0.0180202256923323,0.0573388715948283,0.0144780963579709,0.0363751694446812,0.0818206405789696,0.0185539464642869,0.00068968418708883,-713.510077717889
317,0.0182781580840698,0.00751692604781665,0.0399034987577732,0.0370981952168624,0.0641477997280944,0.00939079310136963,0.0625245536800576,0.0863081280649925,0.0186271386046449,0.00736611111241431,-719.214163601816
318,0.020692744378352,0.0124749605398289,0.0102377565971325,0.0461287915897755,0.0705594704387446,0.000578417791244422,0.0507872738969513,0.0989419088204846,0.0115303966789165,0.00321312743424435,-717.496724145588
319,0.0118821372562409,0.0473352493178701,0.0148814018505156,0.0445567891410155,0.0710491844275373,0.0123916598902882,0.0487305579050112,0.0788686927872654,0.0248206351468371,0.00308486688840877,-717.198872975142
320,0.0115306764245628,0.0413385791104266,0.01441555725352,0.0341108654364431,0.0590643496040986,0.00855706345355676,0.0383125889083279,0.0704638245622404,0.0338888773870469,0.000316713811156619,-714.688954705295
321,0.0259401405878553,0.0384866085701301,0.0114909484236538,0.0303428281994865,0.0574509920299133,0.00558170468117883,0.0376462865874782,0.0933230539981999,0.0183418278099017,0.00358438555162444,-714.081006738082
322,0.0376752658432356,0.0392009833126701,0.00635822482771435,0.0332361343202206,0.0653707857860326,0.00234908095732358,0.0734053305505048,0.120016732422808,0.0249305835351592,0.00650128573957423,-716.262257386907
323,0.0356399835074869,0.0156858806307447,0.00108089901546077,0.0270345650028784,0.0679574719469737,0.00352475827962086,0.0633601207519638,0.0883079369763455,0.0187247110755836,0.00838093308143075,-716.30809616657
324,0.0386185942049258,0.0364145822356661,0.0354749663643264,0.00481412107218097,0.067363814287801,0.00341176768138869,0.0661977026985954,0.0919285200456601,0.0235091493955506,0.0107856771191082,-715.934589986347
325,0.0408610035268841,0.0138747734752611,0.0103870917598079,0.00494356460393758,0.0559887714896285,0.00439148419104773,0.0609601499613408,0.099198987156722,0.0264888397941924,0.00286993709317667,-715.258751606047
326,0.06937019170912,0.0386150875887414,0.0203003652115784,0.00533773037210008,0.0613044770207899,0.0070318270166812,0.0478044242055375,0.0824589401755358,0.0150254848068727,0.0044895792525597,-716.685684773783
327,0.0163003102204055,0.0220467775497362,0.0551641231648937,0.0271539087593123,0.0753157771018307,0.00323622154526792,0.0498224894111868,0.0916456486711661,0.0236636369783693,0.00284309145030032,-715.513223526338
328,0.0539411028558732,0.0124311802108396,0.0311334994408101,0.0139848233738877,0.0696167615425833,0.00160619950264452,0.0546995296418376,0.0932979525778719,0.0228686344766441,0.00396952286013232,-713.222925832597
329,0.0215510461913336,0.0145069657306684,0.025676515223283,0.0137963684978502,0.080336248125927,0.00759624296721011,0.0431618043072256,0.0657829788025482,0.0197900645662855,0.00173061647987748,-712.898081050131
330,0.0325003242379122,0.0273925941856196,0.0337137037342282,0.0154342913966177,0.065583355097189,0.00848829768550871,0.0423053380166242,0.106053610897945,0.0267542197293216,0.00230666839164924,-713.971663748819
331,0.0319824745058104,0.00941320449542105,0.0406829331368888,0.0162755810158621,0.0656511414130017,0.00086654082400313,0.0498328549360654,0.10868277016002,0.0214522376966114,0.00247501645753542,-713.503551324693
332,0.0375232205144055,0.0043753348523312,0.0143474279000614,0.00657067968024895,0.0648669815655789,0.00545401788869626,0.0759159017695797,0.123499177132091,0.0141410694195063,0.00294487645802986,-719.842903208148
333,0.0424385584128292,0.0499052490730353,0.0201831297930832,0.00818671134351182,0.0660461984906058,0.00194730472550026,0.076872431069502,0.0946524608730808,0.0297878177316195,0.000440577017745594,-716.06715188504
334,0.0260795209746101,0.0215282069756859,0.0342115057866491,0.0114636274466983,0.0656236253289462,0.00129277207309828,0.033070636148732,0.0752329387379152,0.0247076235641353,0.00370971268324267,-711.623549242898
335,0.0291596064920849,0.016386400959827,0.0386518589773687,0.0207193669457324,0.0704712719999205,0.00463279457527674,0.0392869687448569,0.0672265561643537,0.0234881761028814,0.00359419417989815,-711.479162920678
336,0.0252558225745369,0.00870474097714555,0.0315293094461907,0.0196504008740324,0.0609990301688753,0.00899186858271042,0.0437096881895742,0.0767196554500095,0.0302958306825719,0.00137142764680133,-712.366000862577
337,0.0401544290559931,0.0084550981219787,0.0150041034987413,0.0139157240707881,0.0724349099495159,0.00109080888915061,0.0484517232947929,0.0990265323543692,0.030608550169391,9.485795821177e-06,-714.406759311667
338,0.0285399578359343,0.0273245900337949,0.0490293114760215,0.0215101942091418,0.0583019923725904,0.0135998215836836,0.0490619414556364,0.105013339173746,0.011058578346891,0.00302229966598499,-718.443227693607
339,0.0226593079274206,0.0183590927496665,0.0406562902301038,0.00978071363463832,0.0679670410404209,0.0155910577540619,0.05149725162902,0.100930313541342,0.0196985135587957,0.00332913782932571,-714.655876150273
340,0.0277414461872342,0.0247875407078284,0.0372669591717782,0.00718506624649092,0.0708589895175924,0.00140836541054384,0.0600003988406227,0.105014445391215,0.0163106517322503,0.00564144129666364,-713.083676124472
341,0.0341415955057626,0.0163127626052406,0.0287165976202112,0.00888674276068705,0.0790795411849114,0.00123406260744597,0.059962449074832,0.0854838350564614,0.0235158968663631,0.00288718339043732,-711.573940938142
342,0.0370276651369544,0.021906075427644,0.0356728390258336,0.00887656012713553,0.0662338051683349,0.014274998033101,0.03836177623795,0.077652146539017,0.0145104109408926,0.00432367100478259,-713.440111001036
343,0.0227238057889289,0.0151343241368296,0.0404050389919103,0.00538109961493286,0.0663997726164833,0.00181413233837611,0.0305329376084119,0.0752160673977527,0.0089404610159261,0.0039948662232444,-717.508178716034
344,0.0297946953124478,0.019065367304427,0.0391205942224244,0.00756409582161282,0.0780970593815447,0.00262230422896338,0.0513084397019652,0.0923283482858066,0.0087760455027052,0.000916745748881823,-716.830377774343
345,0.0247587073177054,0.0365084923689407,0.0331011086845364,0.0292489734664297,0.0795725415068144,0.00906114291536237,0.0409280168299459,0.0793575235253377,0.0392172570722789,0.00259275262524451,-718.317823205604
346,0.0242837401292771,0.0362317263502782,0.0148804554699582,0.031666586232689,0.0727523760981008,0.00214985081515464,0.0482072844737496,0.0711893038626203,0.0252915640382309,0.00143069963267629,-713.077000549412
347,0.0308598379236682,0.0309132359691494,0.0114903534297802,0.0309593488987931,0.0692957687687183,0.00587352803446839,0.0368977211851685,0.0842805591307234,0.0265995503229224,0.00434789529784397,-713.426332051765
348,0.0180780976072535,0.0413247176915963,0.00453327537450924,0.0304953490957124,0.0638051898918051,0.00631367866803345,0.0488107655857824,0.0737386048466147,0.0250597866469956,0.00479398895760017,-714.054744103783
349,0.0323081161218757,0.0498961824554749,0.00220113594663768,0.0223116963419851,0.0632680294237166,0.0107743364965361,0.0467226087101297,0.0728638796485745,0.0150131425133666,0.00702540519230863,-717.711647850024
350,0.0243428160748279,0.0395781448455158,0.0249679415017919,0.0191964133011941,0.0715671885570283,0.00201767711418616,0.0414522079650068,0.0704016762268898,0.0201636138951628,0.00754395585622298,-714.657465239145
351,0.0247412818964288,0.0308966231013569,0.0277011058796938,0.0134422796959579,0.0722138086474271,0.0104268025423617,0.0358840374762505,0.0820483383865292,0.0206724217189754,0.00689590674581113,-713.166529838732
352,0.0394921242343051,0.0205363862760565,0.0286108614572028,0.00862085736397263,0.0501511631868897,0.00409341792258512,0.0445664880928932,0.0914809662288499,0.035597336249954,0.00629098112685392,-715.817166176577
353,0.0268470889164602,0.0131315154984652,0.0349754463904068,0.0113608090504586,0.0913898945932133,0.00127221915241696,0.0633443476107716,0.0933654593510163,0.0274989106256603,0.00747514983850475,-715.07812106882
354,0.0352890779853037,0.0113871744915015,0.0123817703264576,0.0242667816938771,0.0594462510934592,0.00459866919046275,0.0437144007996902,0.0702848346907426,0.0323514710880641,0.00999470770468241,-717.557999175362
355,0.0349267602763301,0.0363250680195291,0.0133868250162908,0.00418106735074329,0.0542519550832919,0.00343129407873827,0.0467334975274849,0.0767929847433917,0.0260138079152182,0.00887622002679531,-716.220103973912
356,0.0709001292087824,0.0324055406107496,0.0249673696460985,0.00887853011366985,0.0918758421269727,0.00493383675727132,0.0538252126385995,0.103906764501017,0.0148251242828078,0.000848421772998624,-719.801284293011
357,0.018678713385363,0.0458464805023552,0.0154204937626333,0.0424635197543898,0.0790453866534491,0.00121907639246469,0.0519329067053693,0.101239702285038,0.022705548106727,0.00832225378386936,-717.292707589419
358,0.0191766547502597,0.0520494286404333,0.0207480757727704,0.0427270457649143,0.0576057114316674,0.00652393085210861,0.0477225807681185,0.0950793136097065,0.0150291769933632,0.0112936367398796,-719.455131681231
359,0.0144455638063294,0.0313541808486539,0.0141067966418246,0.0387540425749675,0.0738982352863619,0.00305306293458053,0.044422299256317,0.0769827923140603,0.0305477537546797,0.0120995837562136,-716.493422096714
360,0.0140807478782501,0.0190639314441955,0.0137950180836926,0.0336497960110506,0.070292001642394,0.00660211911270378,0.0395731605383301,0.0800214950584709,0.0168451435046303,0.020871285541163,-720.190705583945
361,0.0227061201601305,0.0372825584929924,0.0115536484311381,0.0495832503674586,0.0637866550290891,0.00292249797153341,0.0662195654957522,0.0881952227656109,0.0117468164997226,0.0149116373522321,-721.054884880328
362,0.0278044460786656,0.0191996087953185,0.0127276364375495,0.0498879317126401,0.0629661114995129,0.00201824206377484,0.048195862465706,0.10161762234712,0.0191668962614619,0.00337773256346142,-714.785589820212
363,0.0373942230615367,0.0123814907000349,0.00142878773404603,0.0384230612501896,0.0733748623369422,0.00349205690093027,0.0589158897852209,0.100320916154095,0.0182401378073742,0.00919681669497904,-715.991286848178
364,0.0287767400388943,0.0381997320555259,0.0148999477826995,0.00957038332848994,0.0717588726369602,0.00269064472423568,0.0384206189185648,0.0670417569382679,0.0255980429364815,0.00755921628018608,-715.046218968063
365,0.0332989246187052,0.0396444493441188,0.0217892390644655,0.0127802700626507,0.060917579692391,0.000875602099599794,0.043442638828272,0.0932743805772346,0.017776319703884,0.00115983424947143,-714.282042574717
366,0.0325542240782241,0.00811817318812578,0.027657046889658,0.0201462360931951,0.0617313490239575,0.0118861119395038,0.0451246248528441,0.09334620344451,0.0251655301806018,0.00230042999703133,-713.147839472453
367,0.0225029000057233,0.0103241375837421,0.0425752224648462,0.019657940692335,0.061435248525815,0.0148349335972409,0.0378667776085831,0.0944868099279192,0.0231550557213222,0.000984253965043843,-714.351282220248
368,0.0205138826055892,0.0101745579429399,0.0556881331428529,0.0203878950810959,0.0697077586688855,0.00851850371224224,0.0524182026329542,0.100895618877227,0.031326638164125,0.00180335236707499,-716.045434934596
369,0.0275378380746486,0.0146705059686809,0.0549021847031462,0.0169879964418914,0.0629508972872585,0.000513052333870707,0.0430746464309534,0.0688854218580184,0.0211487609905225,0.00912335030036441,-716.516592277441
370,0.0339110805837401,0.00997538405476979,0.033271645977919,0.0155937455494985,0.065225953123448,0.00813313103093519,0.0315293844687963,0.0688816872811045,0.0283850343572323,0.00878650850741661,-713.451144940714
371,0.0186787951258752,0.00101231296903965,0.0353828434939665,0.0140153692562744,0.0806515460858677,0.0119091180508144,0.0340501961876939,0.0741215490445211,0.0304864729069558,0.00215426767522323,-720.158448770141
372,0.0352315036461676,0.0533038028849431,0.020616524225614,0.036874281215907,0.0650088884027067,0.00850242007368256,0.0541985610456809,0.0961367019877442,0.0289350826383787,0.00299184332946068,-717.921706207637
373,0.033487410038393,0.0594829479564179,0.00778135492115432,0.017703136046843,0.060923998607526,0.00777424440527077,0.0475367139953485,0.0905837186696718,0.0277380787421784,0.00437733757820757,-716.014594391278
374,0.0155853521077103,0.0372324915041576,0.0523459727954401,0.0180317839507028,0.047029180072471,0.0116863713400579,0.0394474886175017,0.0955442689605388,0.0164944244312649,0.0028216877902894,-718.733792355119
375,0.0167682894861908,0.00998128308364819,0.0304054069615835,0.0164030815504641,0.0609520942085609,0.0126864576529429,0.0484554845391682,0.0903763176907248,0.0273417021099171,0.000185168397088773,-714.040499632221
376,0.0220283668943031,0.0225644017875577,0.0343562970539217,0.0182536965485991,0.0747777797718018,0.00193861751975369,0.0572128753680928,0.105216071791422,0.0261172475664761,0.00612406072880208,-713.658867203937
377,0.0165439281537456,0.017338114496655,0.0314476590896921,0.0338409843209261,0.0719226952561706,0.00198021408590106,0.0575847307808631,0.0686624449511942,0.0318968416543469,0.00956859458164475,-719.935609675562
378,0.0482789423909612,0.0105090192859151,0.0051805388225047,0.0331955178167216,0.0821204868621387,0.00416535840214213,0.0555890362041258,0.0831307472024281,0.0284474211626128,0.00847685901336936,-718.238799687375
379,0.0413274227302443,0.0201426472811914,0.0118211339563295,0.0300438304656269,0.0712423872300304,0.00428880300477898,0.0417740184820055,0.0735149369309772,0.0264219107770795,0.00533773622227248,-714.857663065663
380,0.0280968430659802,0.0357134944777973,0.0061695388663768,0.0282532107907668,0.0722778158541714,0.00553561695064051,0.0395557141198832,0.088221789603779,0.0164539510742038,0.00763005582652354,-714.365793211081
381,0.027287062993774,0.0254826323423862,0.061581156452607,0.00484097847945976,0.0893007998589366,0.00295862467915897,0.0438536986160505,0.0737663935562612,0.025128373129056,0.00900336814372192,-720.357926698617
382,0.0271865552460215,0.0280610135233,0.0365698493456153,0.0240425559571648,0.0580473830281643,0.00502573728972024,0.0320894926675911,0.0756248227602404,0.0265383565520289,0.00591336567567048,-714.10498365352
383,0.00811295895420496,0.0287589036644171,0.0236437178799066,0.0177711888212595,0.0757267526658586,0.00103723068166772,0.043749832391316,0.0872014961190291,0.0301563402798674,0.00576479260078592,-716.851172636703
384,0.0106681512285017,0.021949953856776,0.0617097865688743,0.00457177570412482,0.0873146474198676,0.00598820067176579,0.0463779290635977,0.0856998642527434,0.0281126456104312,0.0032441371342749,-719.636754140961
385,0.0226555488540858,0.0310619111283681,0.00956324534521224,0.0043781245795633,0.0729011753929961,0.00556273848017372,0.0559977424984967,0.0890971124497824,0.0265903368599529,0.000267414333112878,-716.846080713883
386,0.0529251039967195,0.0248728296400277,0.0404195233663646,0.0116742143045828,0.0867496282321699,0.0023603799220211,0.0545553090451868,0.0849690580509981,0.0164678946708315,0.000195916911173055,-715.90924626336
387,0.0488194146865204,0.0259741791449051,0.0181061718125718,0.0102733850293066,0.0449854640388439,0.000979833382680719,0.0667455873489388,0.0906368138015033,0.022028930808165,0.00869997448913015,-719.259940935363
388,0.0252054985595798,0.0219377062402919,0.030772394279465,0.00105177601865432,0.0736568107868885,0.00940283077809155,0.0338112374410119,0.076043913579046,0.017115268888067,0.00348751215471985,-714.297703616171
389,0.0391424614476564,0.0178181169169627,0.0317788237635426,0.0280018298260625,0.0745364914979289,0.00721082365304207,0.0288542981657382,0.0675779076290792,0.0183968214011407,0.00343395365437595,-713.676095838009
390,0.0498364234402408,0.0317187971409925,0.0278554716943245,0.0196756144742722,0.0728035666143523,0.00369778390742711,0.0387036937719646,0.0758018923762086,0.0214295478871692,0.00813722314269104,-714.798060455691
391,0.0411158875972377,0.0152856989731809,0.0272511816082981,0.0169611842459073,0.0723348469071813,0.00284800672574562,0.0411518733781696,0.0882091404208017,0.0199144009023701,0.00224089002239374,-711.257777300668
392,0.0365363598725689,0.021522471459795,0.0265905933774142,0.0168745019359981,0.0844018976791489,0.00380557805286825,0.0306559612224806,0.0530265313759519,0.0255394957194155,0.00474309873902968,-714.41117828356
393,0.0446784434266444,0.0283585124549374,0.0296946166828234,0.0304898911520383,0.0650980830005454,0.0132848900022408,0.0267449585555586,0.0572356287894468,0.0253791171043257,0.00141085702802821,-717.616543817261
394,0.0233791613759874,0.0157535615795829,0.0324792675120105,0.00212699444768104,0.0544303579593956,0.00853903047085711,0.0316848021731195,0.0875707949513737,0.0234218112241515,0.00756107375815711,-716.112150566129
395,0.0253748256536083,0.0406308150322921,0.0614003810352963,0.0128171580899073,0.0834147920106308,0.00163821171444189,0.0656517025924146,0.0830957855744714,0.014543565140722,0.00458473240368478,-720.213289817608
396,0.024221913656336,0.0432207701424686,0.0623226912533709,0.0124858615085861,0.0838242348698668,0.00269174954227033,0.0619382747576096,0.0845228105338662,0.0111219147810405,0.00478131096870305,-721.350811463881
397,0.0097519137131632,0.0484668055263037,0.042835485494712,0.00770084909764268,0.0874174501573847,0.000800427613749145,0.0831096452273174,0.103600873079197,0.0349843330697653,0.00796414612687483,-722.219691464774
398,0.0168669326581721,0.0297027792858079,0.0123568003485917,0.0494685270262326,0.0635339545947215,0.00013682753109561,0.0475529826036557,0.0708636613116654,0.0315688211464661,0.0111553368075486,-718.662487032815
399,0.0226181311518131,0.0122711015883137,0.00379689402813359,0.0363053075000904,0.0805890622705972,0.00485311912682311,0.0435733413200031,0.0917018124494781,0.0256023970794867,0.00326050656912025,-715.10071165461
400,0.0321920522894852,0.0126601246323427,0.0171266331229225,0.0287914313603672,0.0623408560152981,0.00746149590198024,0.0513139991105657,0.0830274236022524,0.0273842656965459,0.00451942020047267,-714.644334887639
401,0.0335918596513942,0.0395136051790796,0.0193669825440111,0.0151412503965197,0.0559244492070539,0.00298189115622271,0.0471004469760982,0.0870293618188524,0.0125326751348255,0.017024163698926,-719.256509531501
402,0.0383575149153286,0.0148167870026141,0.00897611960031687,0.0209854475508378,0.070557865363128,0.00149838157359539,0.0432022794719718,0.0874742282702634,0.0221936779395164,0.0182130392353406,-718.11842264872
403,0.0444058766877503,0.0218836571156577,0.0304460499809551,0.0053550699418583,0.0759675035049708,0.00315039536761482,0.0566411655477348,0.0903626498550225,0.0166847334871724,0.0181763164929977,-717.441739732641
404,0.0386521555358373,0.0241344212682776,0.0334474721733479,0.00961208049583573,0.0599813301683607,0.0016524047224128,0.0557686388680291,0.0963066193632956,0.019848873656967,0.0141453186478245,-715.338684532396
405,0.0360604521790671,0.00957231052659319,0.0198408970757562,0.0166232720078907,0.0571868155632823,0.00215750511086101,0.068870190885021,0.0947430570874995,0.0251025006838591,0.0129521571262301,-716.82242065747
406,0.0439285346000347,0.0223950153425104,0.0214952695355659,0.0202287680734091,0.0578444034805495,0.00361439618379277,0.068114953711369,0.0865253837325662,0.0293502993275717,0.00634028658047513,-716.029665690533
407,0.0238137522072418,0.00992825001172672,0.022172485232022,0.0234591077924949,0.0591763086225006,0.0113190121863047,0.0658201627710395,0.114370881090491,0.0267463779569589,0.00790993497149039,-717.737942531813
408,0.0280802584988207,0.0220966535577323,0.0243897175108843,0.00895433981685962,0.0643909867146534,0.00915130904778864,0.0682505982421356,0.112253171682826,0.025768919451302,0.01573658377082,-717.903508211605
409,0.0298682666671711,0.0233830352840322,0.0197729644376338,0.00987636211865874,0.0663168772831714,0.00833540245142577,0.0508013480382725,0.0870842065394429,0.036842676087178,0.00608922545571347,-714.288499907031
410,0.0453152640790807,0.0478483131242866,0.0142155054713627,0.00147916751985931,0.0696628784950171,0.01419926584508,0.0247234659740781,0.049316907742915,0.0300432178342213,0.00399258869194463,-722.596681926523
411,0.0113016953576405,0.0472411435199208,0.0468025631671078,0.0229152870643511,0.0747085373338619,0.0102847015579422,0.0241833875216734,0.0709759320316038,0.0231897517088801,0.00784019079345672,-720.279518922605
412,0.0191582269819828,0.0192000375587104,0.0231302837937678,0.0164314483123646,0.0717826965770083,0.00194910862841672,0.0499769816738818,0.0713301957286068,0.0158426330567524,0.001480411169176,-713.886386759596
413,0.0378782290041273,0.0307345566997207,0.0226070613394743,0.0122911931814802,0.0719488033405916,0.00699529172210398,0.0476394525106261,0.0885945483735871,0.0154249012103052,0.0099291537516383,-713.969806803565
414,0.0180394413109243,0.0170163658790498,0.0269114729200665,0.0171603323082934,0.0538993599347991,0.00683380668584474,0.0442206620093296,0.0871052849304859,0.0208671607891052,0.0077553160908088,-714.007819560778
415,0.0384099607039119,0.0189147621218037,0.026855705744707,0.00826680940379373,0.0629482133631345,0.00373574132018933,0.0496692842547885,0.0801734296134578,0.0275812676124195,0.00082020049932279,-711.183268786696
416,0.0399303854950387,0.0208406311515563,0.0227606280257723,0.00944622023644526,0.0781507486582016,0.00446802587825649,0.0688096447660844,0.0886462561182568,0.0288037695846921,0.00468620925167416,-713.091556314216
417,0.0198270750732204,0.0218442028913791,0.032568647533828,0.00987389794958876,0.0847012231109542,0.00671326900269555,0.0342000998301814,0.0848139082025657,0.0170582052186377,0.00344444106418787,-713.568841059658
418,0.0357930513386118,0.00869357387186635,0.0218785671121052,0.00951744329762195,0.0778551816422616,0.00916202605012301,0.0536791996937826,0.0768191795981426,0.0255352105967604,0.00242071044826909,-713.554196250064
419,0.0279045281416075,0.026672552267331,0.0383711469077106,0.0189541964089189,0.0604974958956331,0.0104081479671433,0.0394350639402048,0.0764987743221068,0.0206587889971898,0.00431185109802635,-712.39684704528
420,0.0271479048291426,0.00909178390045087,0.028292329445156,0.0161280674752209,0.0660975688889167,0.000150641857569715,0.0689133875666437,0.130145168082912,0.0207816346942836,0.00465748222634305,-715.016064727259
421,0.0372352256156373,0.0171621605787227,0.0409686728997552,0.0182523127280425,0.0569496765368406,0.00542105671110057,0.0505034797910422,0.128001855894898,0.0190045407290093,0.00817312953096648,-717.649892612379
422,0.0144770528529782,0.0268163901579673,0.042306737176486,0.00649834419467466,0.0634281623166492,0.00700562457265473,0.0833446646335477,0.118737358384918,0.0256311235352514,0.005844404690913,-717.252491408909
423,0.0360295357843011,0.0283928824911108,0.0349569890807264,0.00645965016197471,0.0686181812847318,0.00961245989861375,0.0772775558732033,0.118571969178653,0.0243278584181397,0.00515275670916958,-715.55360319888
424,0.029331146106962,0.0259476541235663,0.0263616661969056,0.00207838141431284,0.0558087484441957,0.0103102936922466,0.109384082866837,0.132294560768964,0.0235489162158834,0.00288729819881436,-718.16191380488
425,0.0374460827515071,0.0448763828953801,0.0182158355908771,0.00476195556540861,0.0853772219995629,0.00632977817439924,0.107058924974765,0.113994412195662,0.028840238047741,0.00255554427001752,-718.410102450506
426,0.0456385905995656,0.038589740659814,0.0165647614169551,0.0114494051763219,0.0607651580162304,0.004027286259321,0.105452031570795,0.130226759031208,0.0220251575573636,0.00356397397942775,-717.910808410194
427,0.0331880690695275,0.0308586615914544,0.0106663537332799,0.000412215490606808,0.0620375222043179,0.00810175195245109,0.0478205115823549,0.0987588441803524,0.0173970844250938,0.00740804399119849,-716.283252856281
428,0.0477423260587173,0.0277017915681775,0.0104948658141018,0.0182281669089281,0.0698879033877814,0.00570474127150085,0.0480717608622714,0.0976848257215984,0.0195912949570809,0.00450837999338724,-715.249042496421
429,0.0410340326682787,0.0120597249793839,0.0454332021680197,0.0129063266469954,0.0597333077670188,0.00676434930232664,0.05151495722572,0.0995958846905854,0.0252732274679998,0.007050365462149,-715.424350041367
430,0.022233326187906,0.0243362439251367,0.0204070646484467,0.00900740112008753,0.061193714715137,0.00778732934494898,0.0623089864392944,0.10834317034301,0.0193786453216925,0.00408717327086518,-713.772737830559
431,0.0662033094936021,0.0242155084893615,0.0182693304569169,0.00961822403736242,0.0621932505481249,0.0028660434442764,0.0619500765627012,0.0836174330784823,0.0227859685642665,0.00465317490456244,-715.294458258543
432,0.030992128844121,0.0251819932926798,0.0401023230804871,0.0135772301062045,0.080963664720653,0.00572034593607135,0.0395976969259665,0.0751531228088288,0.0220443347655712,0.00592848435936729,-712.441133769258
433,0.0289160601117389,0.0186815050083682,0.0284006126000621,0.00680452348168662,0.0704785923233715,0.00433398869466591,0.0362106887919358,0.0728945621173881,0.0232670046050196,0.000926096983390955,-711.057568397542
434,0.0390183547114144,0.0293353207123863,0.0316382866318311,0.0118413313209779,0.0599179199348798,0.00648715837029513,0.0470739017512645,0.0855329954556733,0.0347520579432222,0.00123482277417554,-713.124005920459
435,0.0139691405295421,0.0132256332565967,0.0430836939640134,0.0129346860246048,0.0487721147231292,0.00563462022984895,0.0355541990049914,0.0823747066435697,0.0339772046109479,0.00102656913125013,-715.801542189368
436,0.0256312340144064,0.0286748829005781,0.0405442970233955,0.00568323192945278,0.0690750325996149,0.00722740978848097,0.0467275052441916,0.0790990663118076,0.0171368289579841,0.00510776123298999,-712.42634207156
437,0.0185699958920886,0.0201219275506061,0.0376096110179512,0.0181522835422139,0.0520171654888647,0.0153925628927155,0.0353979228694818,0.0649667981320381,0.0306765670313933,0.003608027595956,-714.775221752146
438,0.0322301482560873,0.0414733592613321,0.0278012587580962,0.00713239553835219,0.0698357278841247,0.0088916481175838,0.0306710845299934,0.0814286212231112,0.0289900804893076,0.00510196688991317,-714.601945238291
439,0.0258231854543057,0.00887844785594918,0.052456798579321,0.0328271941479415,0.0634403235894642,0.000456374997013698,0.064429385776339,0.129067083650569,0.0259987496785392,0.000392619970289389,-717.886339273682
440,0.0208613515307338,0.0201570323572717,0.0143556364737787,0.00761414837930354,0.0600087249689378,0.00273038306756678,0.0838801049867269,0.104252129710799,0.0268622704482147,0.000692804598737822,-716.898247644664
441,0.0602124539923774,0.0294311994950651,0.0194902668311596,0.00592187257095007,0.0670844925804421,0.00475868765588286,0.0619003100753922,0.0821967405455504,0.0187720610846679,0.00583346295063595,-714.782312949714
442,0.052227270027526,0.0300279780177483,0.0255980849789707,0.00687709601432474,0.0816164902418637,0.00306023400278435,0.0452257315601703,0.0609449658012043,0.0220448916103017,0.00315363607427852,-714.875389501124
443,0.012950109881884,0.0140503450876384,0.0380011155293794,0.0336346184285449,0.054508828453076,0.00702742725665557,0.0441414409408288,0.0836335421798901,0.0215872879175571,0.00228624933695757,-716.037821699249
444,0.034006160042964,0.0118484862020476,0.0434735443043244,0.0223595962454413,0.0587705391250755,0.00398461719480047,0.0405299912310463,0.084447769951203,0.0178443901180358,0.00678727951699394,-713.602101968439
445,0.0202769291465042,0.0184688887318107,0.0417630613756566,0.0188062268211857,0.0758852958089763,0.00437165578322297,0.0399480561284743,0.0682111230769279,0.0261474249998574,0.00094202512256112,-712.004674988239
446,0.0244219765416576,0.0151050522318597,0.0502082274964816,0.00826194361551666,0.085866576160495,0.0101109502773078,0.0478033945971179,0.0830728635566735,0.0187235658513995,0.00960605077535648,-717.686080953252
447,0.0213187354606134,0.0305869358396477,0.0398886832308742,0.0094053123848773,0.0599756735291484,0.0036748089269003,0.0448433347515266,0.0837729206071474,0.017655479548552,0.00421831420340171,-712.374630325835
448,0.0256287777034682,0.0269046023572757,0.0284547764260853,0.00876037508287391,0.0602292794639579,0.00285838271318373,0.0547930234869262,0.0921322098806701,0.0264803334432607,0.00181457461007958,-711.399679373068
449,0.0322317896656159,0.0216379663067207,0.0264123844791592,0.00422018651284439,0.0640861326102949,0.0052751024566925,0.0462265378591903,0.0820624254777002,0.0243667872416568,0.00160727194527572,-711.279861127723
450,0.0317124071528118,0.0397203713390401,0.0341284635958005,0.00858561446975512,0.0622443170460921,0.00370586365921273,0.0531067264362025,0.0849616355344956,0.0249966309293545,0.00554606221359431,-713.302681852164
451,0.0323377414763528,0.0320513658027354,0.0367725190760574,0.0117668434283423,0.0874587154289531,0.00177830328138102,0.0442025823092952,0.0634283308949962,0.0169173467765235,0.00253704742931429,-714.404888138571
452,0.0275692978573456,0.0117163333654784,0.0285769198607565,0.0174073020436847,0.0833299059552543,0.00309400680816383,0.0352789231804814,0.0657958220802616,0.0170390863478327,0.00590548505413815,-712.9086711503
453,0.0132485170184872,0.0337432470327147,0.0469373624095197,0.00895940693102733,0.064462515596791,0.00639444445799397,0.0301900626872079,0.0628997162073179,0.0215489545134225,0.00530153443210627,-714.087277487514
454,0.0119483880373646,0.0326580332560124,0.0333944928760938,0.00750576346283192,0.0730619498278014,0.00849015669999152,0.0365288676879633,0.0751345336179536,0.0174892232149409,0.00125653017579417,-713.771587751325
455,0.0364872366286123,0.0117139961109886,0.0395552552634243,0.00855937734918241,0.0544777728882185,0.00414250171992454,0.0383062156522375,0.0850604984653335,0.0212005037116915,0.00225224785359542,-713.039159002821
456,0.0403963185386336,0.017199704964577,0.0425669618101865,0.0222490646138605,0.0572030884927712,0.00668107370043485,0.0386502073927304,0.0508319975191793,0.0217871393859061,0.00629002026506428,-717.069580135707
457,0.03360176651133,0.0189026295590192,0.0292570043507149,0.00472776665756087,0.0771068602759902,0.0186953784533149,0.0354552572353782,0.100832553104405,0.0281499015865947,0.0128505046974511,-723.163937343383
458,0.0443237854020505,0.0360258560390251,0.0416361168911726,0.017414113133752,0.0404074558230607,0.00951333909917884,0.0312107260903789,0.0711536686465789,0.0213480707147167,0.0103124547147907,-721.709164946288
459,0.0267916412684198,0.0365025059967932,0.0627063739871963,0.00568075112861453,0.0974096073217625,0.00848087476268532,0.0310430023407469,0.0688929074304294,0.0254713240663749,0.00379857532701449,-721.71742883899
460,0.0127383690046383,0.0281355633579435,0.0630845723957095,0.0133600624236101,0.0948923680400405,0.0112207098315486,0.0377892727388735,0.0680203033167362,0.0138601833081623,0.00260534470500196,-721.155888429217
461,0.0206141923380561,0.0184256008522503,0.0697657998887868,0.0170356816099813,0.0686030718933411,0.0130165990960552,0.0335920323030591,0.0738138152475122,0.0243199894357622,0.00446696192028212,-717.209520895164
462,0.0212215632529488,0.0171182842358212,0.0500986734934581,0.00797496263306434,0.0657233979472937,0.0120250363859378,0.0292709947661417,0.0744399592676229,0.0196308652430405,0.00479645402027805,-713.77345596487
463,0.0271260507985273,0.0220672883152164,0.0368728528296099,0.0115978206935442,0.0494996951558406,0.014842253808381,0.0541586704967689,0.0946489193336279,0.023629190149694,0.00623872227250578,-715.280197212761
464,0.0347631670970727,0.0178957170366965,0.0305401368372592,0.00841013230463559,0.0615865078572971,0.0127701182211408,0.0557024370351395,0.0902491772250985,0.0243411956712032,0.00239431683363629,-712.406458662658
465,0.0375651720121501,0.0162903923427084,0.0203269193433019,0.0116493183963197,0.0675138966743122,0.0106348559352542,0.0500415212855413,0.0814438431083701,0.0203473468937944,0.00263118617732869,-711.919213120224
466,0.037586548187973,0.0184425698227906,0.0411638167991399,0.00974765547339534,0.0890680300777948,0.00206574286244772,0.0522767446976115,0.0697018056239338,0.0150232179729757,0.00536079834483699,-715.249234307532
467,0.0399884968673729,0.0165749217071117,0.0189319483225788,0.00787072807495572,0.0585145853999261,0.00138593595797844,0.0290455014471372,0.0704183713237439,0.0161982234552957,0.00569375195568479,-714.316305085335
468,0.0398791839093559,0.0163529003249981,0.0179963910851278,0.0128015915534695,0.0538081338669107,0.0101855408882507,0.0344842716223911,0.0675802717214488,0.0183913549126205,0.0064183675172557,-713.61778352827
469,0.0463537146347868,0.0181202676636283,0.0182021634796859,0.0145333919052351,0.0572675512605623,0.002970097382631,0.037568557947537,0.082752493646882,0.0162549844700705,0.00345558841487565,-713.102588861378
470,0.0436023241523322,0.0427255346795684,0.0257541978588582,0.0114805101303304,0.0837994055715191,0.00232030105178323,0.0512060091204331,0.0844300948063312,0.0286737968973963,0.00192733524241163,-714.251331117066
471,0.0393335622956813,0.0507809856098718,0.0355353248726334,0.0132744793201322,0.080951226291657,0.00481213747570466,0.0510523685860719,0.0732997224936746,0.0245966366797698,0.00378455242571242,-715.990153301341
472,0.0144517182420992,0.0350694547239351,0.0347319620216631,0.00572398738319579,0.0801997152574962,0.00603411891809186,0.0519588878069973,0.0928276708860769,0.0299793732265271,0.00461484312230854,-714.465359947043
473,0.0233958279641571,0.0139221169371019,0.0294487225203629,0.0244260263249661,0.0748728784977054,0.00254065642372798,0.0654670362222549,0.128364897939475,0.02788715063085,0.00583969360461007,-716.746629357167
474,0.0412450587289735,0.00990395639182978,0.0178779462131528,0.023150756678949,0.0650464520467263,0.000461694248094283,0.077220559597587,0.104478373374095,0.0243204490926325,0.00400256623285025,-714.938978229741
475,0.0447364265982324,0.0217181475095973,0.0212762113466067,0.0169010243134152,0.0888076655434502,0.0126040269160059,0.0808365862447903,0.0996971128403812,0.0225865401871411,0.00909488027394523,-720.268801515061
476,0.03627770441177,0.019564784873943,0.0167270632533944,0.00400298527671451,0.041660663210672,0.0101762426762083,0.032081401625259,0.114087133623254,0.022081937118947,0.00539513101469886,-722.081763892159
477,0.0552337315201509,0.0132641884935704,0.0163148974875036,0.0264641612175765,0.0788688093859914,0.00732562975627695,0.0873746479845377,0.105373637525938,0.0266264206571054,0.0106061935046112,-721.131339398212
478,0.0204497704544371,0.0203515633358819,0.0108301393331414,0.0177634380124701,0.0801680633733028,0.00618884854206047,0.0659191467259582,0.102200066035645,0.0164004022169626,0.000382817450221831,-718.577545594841
479,0.0144759056274084,0.1001214229739,0.00878221189050125,0.0154434890021622,0.0917805822714755,0.00146070854147188,0.0820546083268821,0.118321146333585,0.0369993939872524,0.000225117093800746,-723.01996853423
480,0.0323238139204936,0.0937499017916188,0.00935735738518312,0.0165522640557987,0.0746502829098427,0.00310383923105773,0.0611592662350557,0.103299427242074,0.0226945958290699,0.00334147484891199,-719.261555321384
481,0.0116284760345431,0.054961912872401,0.0135235606669319,0.0298431551142406,0.0752110099679369,0.00210793908878821,0.0721878945821328,0.100753756237997,0.0271653754048275,0.00294255354931566,-715.88868039851
482,0.00781800627358554,0.0652392760670889,0.0138439499185726,0.0104427868965994,0.0606807395279517,0.00496027904390817,0.036847322434608,0.0752546507071332,0.0264813853914029,0.000739909207232835,-717.133198323349
483,0.0174835841972556,0.0387427187742211,0.0186002134915965,0.0559649818885013,0.0722469568513874,0.00298852342525946,0.0342710300048911,0.0679955213932915,0.0248374692294777,0.00361686768747475,-716.706453301793
484,0.0236117168909697,0.0176989013677586,0.00680325250956628,0.0384208308161437,0.0742872585181065,0.00950191810518996,0.0313827590581584,0.0669780951867203,0.0289145452135689,0.000638583599988938,-714.739455173766
485,0.0310209769130864,0.017554364935181,0.0485781837924034,0.00887522470626925,0.0647645605239959,0.00302679130770632,0.0384276386449796,0.109089471193604,0.0322089364253184,0.000640801690882526,-716.63791179739
486,0.0355036911916425,0.0167768847184295,0.0516826992705941,0.00793579356317248,0.0586827612251868,0.0100538812051298,0.0817565695154596,0.113934918339809,0.0262426374530986,0.00445058106998388,-718.816433598088
487,0.0295125354709654,0.0262310246085033,0.011607585141974,0.00864021928873044,0.0507686655246482,0.0154996427105041,0.0431582330109903,0.0942711581304289,0.032008430055628,0.00832297308983952,-719.012498956486
488,0.0455841832570799,0.017608494679554,0.0301457213510138,0.0116642253279495,0.0559814158958903,0.00710904961975906,0.0471073291140612,0.0752014689295955,0.0248112126972191,0.00267147039851139,-712.307133093452
489,0.0199292531410131,0.0252530935508543,0.0455569060935884,0.0142698311129094,0.0614243320047152,0.00784192184130075,0.0434950179232415,0.0769663987796782,0.019758191782787,0.00321513673354254,-712.172358335205
490,0.037808880162562,0.0067889251033633,0.0287695652368379,0.0135712340793571,0.0629997290899412,0.00252399924249227,0.0379305118857024,0.0864396586476762,0.0183860973065726,0.00256829768116249,-712.741705052099
491,0.0380387258035178,0.0244733642547255,0.0389885019743737,0.0101433770484161,0.0864787372168858,0.00810233768575757,0.0519230280735829,0.0682998523481412,0.0240649805585956,0.00180284088641489,-714.319131940006
492,0.0298709595326372,0.00866106315520477,0.0381437303500773,0.0098930920821369,0.0984244747345576,0.00246431627929444,0.0455222768993689,0.0643412536902807,0.0236893910512947,0.00317985235852251,-716.005396323504
493,0.0251921801872893,0.0164853469589387,0.0178148566375025,0.039601877524905,0.0648903529667064,0.00383660845204535,0.0355664140440291,0.0881751131631219,0.0253779226334799,0.00429417240821395,-714.700287226931
494,0.0144888002979638,0.034074335729079,0.0142287481948662,0.0439027526498191,0.0647717767851411,0.00409082383574224,0.0569378301170628,0.0798562746112883,0.0262323122403416,0.00449752450984368,-714.776621063505
495,0.024401007025859,0.0402378701389665,0.00772953525391864,0.0339848194434593,0.0650932175835671,0.00600183648655163,0.0566638077030243,0.0824714188434707,0.0240055073090232,0.00269523672275619,-713.154568876427
496,0.0271482219670932,0.0285953977597239,0.0205367375554436,0.0213937574644472,0.0733860106242623,0.00411518966745385,0.0640128815816466,0.082566503672188,0.0300322581131983,0.00167655483683193,-714.058154383081
497,0.0314271449773027,0.0288508506568362,0.018821967083128,0.0136180798045105,0.0710310155720394,0.00269668456427134,0.0427511257997407,0.0899618431611282,0.022830587310181,0.00701026771716215,-712.774237702572
498,0.0386799837087886,0.0100182394645424,0.0291877400933143,0.02035933502851,0.0628908381293937,0.00261039526838698,0.0393393241396383,0.0909617475619387,0.0153384205735508,0.00291066984819965,-713.01254562542
499,0.0287253443572355,0.0261596450057632,0.0357104658935589,0.0187566469525545,0.0680221794173057,0.00440911832699925,0.0389820695000142,0.0902895499981564,0.0257615161477971,0.000234936421953186,-711.990592495095
500,0.0228571291281295,0.0248840527753768,0.0412578868486706,0.0278905419826726,0.0725899588837317,0.00132740413401828,0.0618866932652099,0.113550250629967,0.0199449271352326,0.000993736196866386,-715.047223866091
501,0.0406640472726697,0.0230518918996892,0.00501291031345122,0.0455080574226658,0.0604495664275512,0.00485461590974733,0.0616597694229517,0.0868135597979159,0.0259301863668161,0.000850477032799542,-714.92606769293
502,0.0344582196428793,0.0164181976056143,0.00349905817055972,0.0487472942349711,0.0625085889371868,0.00107351748715432,0.0670221611179226,0.101389780900115,0.0242404800472327,0.00198112160825275,-714.771483343511
503,0.023899126354688,0.0242631063750349,0.0130156678691746,0.0395780164598224,0.0715804339377234,0.000926913348317887,0.0605838878510415,0.0980544020280818,0.0324306205026186,0.00138070746091475,-713.740192421647
504,0.0353920076000945,0.0360204645453875,0.0126768676031376,0.0115070287845724,0.0733315179524574,0.0117122619859403,0.0569338114190123,0.0998369393622715,0.0213755775007486,0.00355772470876589,-715.853500121035
505,0.0246773799275958,0.0142079271756431,0.0278608513096259,0.0225799167882425,0.070158921297994,0.00093117235357158,0.0592733460647809,0.0920549896614202,0.0249991735703848,0.00607282604888122,-713.226720624884
506,0.0380408205833119,0.00836860087822027,0.0220405821378757,0.00826052076037088,0.0728822246038823,0.00530567265761972,0.0416062056661752,0.0645005025605907,0.0215784074314721,0.00771809394790568,-713.748748254786
507,0.0496084711716569,0.0326965276060226,0.025542165638496,0.00937152510010594,0.0770069560467248,0.0048560286423084,0.0353086820015756,0.0890650671700346,0.0214440089846575,0.00823466555471983,-715.252805178887
508,0.0168717289307857,0.0286494462732423,0.0355286177426217,0.0129413859867681,0.0653362246330306,0.00551140629829951,0.0586565731794605,0.100250577646571,0.0248664844541354,0.00434784841991109,-713.009991423856
509,0.0271978013548082,0.0454038212658533,0.0228643240276945,0.00446506455726515,0.0819678440532209,0.00346519611795609,0.0607436734810674,0.089413362105055,0.0158279422711894,0.00528220514980312,-714.656613661803
510,0.0485989888490299,0.0316381632720645,0.0263923256542087,0.0096444974336122,0.0734171579507727,0.00178332071926989,0.0642945605359152,0.102610442835591,0.0205871640340699,0.00291416780639422,-712.916170105908
511,0.0499328836233229,0.0172568883538864,0.0273137102906677,0.00996112179677181,0.0710052487379408,0.00178514015255714,0.0697554404701015,0.0843338159190932,0.0235196406627903,0.00632237709499523,-714.163841630585
512,0.0391626566282073,0.0139829531751582,0.0275852175190333,0.012963539730006,0.0754579223872026,0.004952879730358,0.0276294521860867,0.0756596147063409,0.0237504616161183,0.00547175827885966,-712.466462968271
513,0.0384782613106563,0.0339075735681751,0.0306906238941303,0.00686050180045869,0.0762958874084674,0.00117733261017137,0.04223355699278,0.0800183824561209,0.0187636104726243,0.0071316735446354,-713.135506129492
514,0.0228535523370233,0.0160136964341144,0.0196002594228321,0.0190291104736218,0.0849984133874481,0.00432134746550283,0.0280353687610617,0.0777732616684665,0.018146117200738,0.00803261355910887,-715.67759250599
515,0.0258882057169557,0.0160128260292604,0.022432210054913,0.0211325799917606,0.0736774730295404,0.00543343056756766,0.0359022534777377,0.0792108069733277,0.0181326786280206,0.00460640455554247,-712.208388853615
516,0.0377218526267172,0.0204570784995915,0.0288755603228173,0.0273707886629365,0.0893947350310095,0.00509298687514761,0.0371410205063613,0.0506800690822162,0.034835232398418,0.00128654349983951,-719.029625687767
517,0.0185362165067833,0.00732809010973621,0.032102952505275,0.00447142032424108,0.0736780351874285,0.0052044654525735,0.0306893723831783,0.0642893995631872,0.0232709882094895,0.00147259736917534,-716.451634935645
518,0.0399065720838306,0.0293708232347656,0.0289614513512072,0.0278429292953869,0.0798289367384009,0.000894776965712346,0.0336754954066349,0.0815660836865402,0.0257277922166472,0.00551677326827732,-716.621136902363
519,0.0259553767275914,0.0221898340192455,0.0141507320332898,0.0245305063380991,0.0839198286980207,0.00952454612649698,0.0465130189340879,0.0720142709555829,0.0296843696269665,0.00517935883271283,-716.643682027181
520,0.0425726661577251,0.0252517714247174,0.0305830968496492,0.0149674197690833,0.0709199403784378,0.00802249887181903,0.0381112441833905,0.0929963024867846,0.0287972231681977,0.00275278717510126,-713.620032760519
521,0.0596158558950206,0.0242004110701499,0.039601405088487,0.0139261901094007,0.0685587882857538,0.00488984019845426,0.0441283246298524,0.0608906031684222,0.0259052257758935,0.00445681870245814,-716.860658104882
522,0.0130469506734432,0.0315534108691358,0.0199584228554761,0.0128521481288986,0.0722285141231472,0.0126323151841869,0.0436576236937832,0.0638817147729203,0.0198428253304185,0.000218856444913552,-716.846166096083
523,0.010091666957466,0.0260793566591444,0.037232438800798,0.0145765248876091,0.0632792862261062,0.00367487333689975,0.036944954615795,0.0761900308698621,0.0242852575323464,0.00437846518368493,-713.324253145537
524,0.0344035872219915,0.0206818808891241,0.0221085365071115,0.00854420333051694,0.0674095388750486,8.21561747470383e-05,0.0452522639948563,0.0738132900156807,0.0224116542519712,0.00343535961663236,-712.422942571595
525,0.0377475732992813,0.017110254225856,0.0332281935350376,0.0178790066285225,0.074875351869789,0.000218238233453852,0.0593443818047082,0.085175071674451,0.0292797184253102,0.0047756149481878,-713.43400176128
526,0.028618982790557,0.0368685472907909,0.0258517926828526,0.0353237451866739,0.0530466589970531,0.00607251276712841,0.0335238838070378,0.0641423983538039,0.0176106143102591,0.0057394524713088,-716.596808632799
527,0.0217032269948704,0.0435661635400525,0.0153591875054541,0.0166044428243954,0.0707516564317565,0.00635990304766705,0.0368112967165326,0.0622899881916131,0.0292298858543846,0.00368138691326124,-715.297833285494
528,0.0196130247306551,0.0106974365194143,0.0221946420173445,0.00907354563500018,0.101224082573085,0.00930137918123707,0.0288122898066954,0.0657724811577861,0.0253069554246077,0.00410297545591331,-718.719259716068
529,0.0614253793117281,0.0186057626071699,0.0266301483869554,0.00769868841098848,0.0880093104906474,0.00884719593201936,0.0483231075217236,0.0778615798539267,0.0210109448037609,0.00293684853704184,-715.988587366605
530,0.0250446357846473,0.034462672670575,0.0231436546376642,0.00925680998261744,0.0861398042531686,0.0105331794380675,0.0449122880622097,0.0780546777295625,0.0293873573218992,0.00110829316904039,-714.139212715933
531,0.0599247040949715,0.0229339769107306,0.0259870509175511,0.0138157031761963,0.0711351623571423,0.0146095543780195,0.0452577193170333,0.0857088163958604,0.0156348222743939,0.00323800113295473,-716.204305290252
532,0.0575823358662823,0.0123041092555689,0.0187585999061068,0.00896509096873921,0.0451156095544552,0.00486166057398691,0.0425000440234962,0.0906789375049929,0.0152348707385241,0.00370005657349006,-717.52522861759
533,0.0412881230059137,0.0250267722330313,0.0300841162565086,0.00676107038399729,0.0772746108206646,0.00524297098359786,0.049088267165753,0.0954058320198162,0.0222260035377393,0.000569601428257832,-712.226453043612
534,0.0418408597208908,0.0233231139220832,0.0289856808554604,0.0178581676433581,0.0724656878753056,0.00159409020182479,0.0472160161232413,0.0838719324671702,0.0325066939237833,0.00101411677278697,-712.674330838872
535,0.0344213118135322,0.0064053343074956,0.0317956959742103,0.019284319430047,0.0806242993514417,0.00320783058689837,0.0613716548790837,0.116189707780196,0.0330209174274805,0.00442215420128707,-716.5423959154
536,0.0217819168086077,0.031624385067052,0.00512916205330229,0.0324324557391125,0.075206751911783,0.00808931341439069,0.0538380693314388,0.104984920318506,0.0361738184557908,0.0109016077598473,-719.641714590243
537,0.0239998387775576,0.0301111189116836,0.00943837377026636,0.0346401697556488,0.0762397525186781,0.00304091692872016,0.0655266788448276,0.104554026968731,0.0229138282809739,0.0122543064969438,-716.589542384625
538,0.0351252922292143,0.035587242016496,0.00567991100897506,0.0327118679823378,0.063854352795188,0.00812829307193247,0.0559073904810102,0.071512813007483,0.0255935656279852,0.0107947157398019,-717.531949099183
539,0.0134284370611819,0.0310697374226821,0.0148270996886317,0.0440464852499986,0.0648225271052897,0.00271183735667138,0.0545196191303349,0.0653165513292613,0.0238517132456421,0.00491183732249139,-716.34822101109
540,0.0249368264823246,0.0310593815393763,0.0181948681468892,0.0378999664806645,0.0645393722214844,0.00267890473491623,0.0456910057886657,0.0637543446716347,0.0282050246252604,0.00259246337716599,-714.64006679881
541,0.0327202379872717,0.0158367050171713,0.0127114499594337,0.0219227153072735,0.0622782022894977,0.000609933431755517,0.0446334305817749,0.0943271173456754,0.0211606084322424,0.00548056306319755,-714.866628624882
542,0.0276614051962418,0.0158275261763717,0.037796612417648,0.00715973457638419,0.0480834093263094,0.00947864115983306,0.043241799367914,0.0637240711160468,0.0246094901943588,0.00535121949497261,-714.989453052141
543,0.0154145585311279,0.0198376719669561,0.0444226016197231,0.00977995057931955,0.0596932543029967,0.00251401972651896,0.0254832993373335,0.060835517625549,0.0198011442330581,0.0128692936026714,-716.609460686399
544,0.02294892908821,0.0180961981413584,0.025852088702946,0.0173578660639354,0.0637274345124852,0.00973747733093548,0.0519610806500839,0.0981727023379215,0.0241822797555086,0.00749711118497774,-713.768050156065
545,0.022446184393473,0.0165556596318574,0.0259038105013197,0.0124188259413855,0.0663466066312589,0.00940524002893553,0.0513059126430126,0.0982765145944162,0.0222368249050462,0.00579731898533945,-712.887855851082
546,0.0398115945296635,0.0156746901656138,0.0224705837162311,0.00978512239617446,0.0610751219997635,0.00233404844038584,0.068453443922422,0.116642187329951,0.028491639765295,0.00202665617460658,-712.810957281038
547,0.0401963696869147,0.0232282048900648,0.0256066055832767,0.00830292924407645,0.0658620871170537,0.00897498524999399,0.0824147277692495,0.100024960564784,0.0167977335489155,0.00343557830441575,-714.910867347359
548,0.0378611245716903,0.0157922680808218,0.0230638846361541,0.0121993475700831,0.0770690688258908,0.0104309551197876,0.0428893936864808,0.0693374979163029,0.0332418236258795,0.00225660028092982,-713.238903351877
549,0.0322381185102816,0.0176186839442685,0.0343965001081948,0.0121112418080941,0.0649976781375816,0.0107774535629744,0.0463317645915241,0.0882548001672687,0.0309480827303474,0.00172323446652565,-712.029291791996
550,0.0360459601037665,0.00963621912443946,0.0235519976182171,0.0145384467616028,0.0647025998959271,0.00788451724430311,0.0479291363167819,0.0843230723915283,0.0185484346775765,0.00384343168237424,-711.83346896245
551,0.0301799667880429,0.0253455113092306,0.0190971815313993,0.0166272065142531,0.0790848963909816,0.00662044816114384,0.0492285577626645,0.0979581756397598,0.0160391573442015,0.00500909293657658,-714.053714436005
552,0.0295461527631705,0.0202117483932219,0.0462760722215755,0.0162789507207177,0.0543339064554057,0.010634896825791,0.053679384066014,0.0849169533096056,0.0215650528734072,0.00163276861182786,-713.55132954286
553,0.0330138424736766,0.0193271852013942,0.0456361962822086,0.0100389917166477,0.0701057278800132,0.00442416729267812,0.0459861622170284,0.0838798034149213,0.0251898722617973,0.000569627841073684,-711.804931792307
554,0.0225433474070695,0.00744293486970584,0.0394246708978616,0.0144801222445288,0.0610259473835865,0.00602895702176641,0.0393570613360358,0.0696520167863973,0.0249238793833159,0.0034251187286021,-712.63954275256
555,0.0378898059852481,0.00758817895111118,0.0377891087238854,0.0175804498463363,0.0781157575149541,0.00550320488779681,0.0380175555463669,0.0661273037652478,0.0248642706917557,0.0059588604476534,-713.488077176849
556,0.0220035082555153,0.0352783863802687,0.0297486464340207,0.0123300080263106,0.0676236720406771,0.0067612164014324,0.0415674818779642,0.0822392089459844,0.0201962027003955,0.0119481180359933,-714.334727999718
557,0.0256757744288135,0.0230001615226501,0.0262534344772492,0.012556847111033,0.0666442916665263,0.00637191838358265,0.0436322018089245,0.0852160069992403,0.0206697511802283,0.0102901894705339,-712.487410564299
558,0.0249629842259004,0.0121994272465081,0.0315638841339934,0.0160763432242453,0.0624313983070297,0.0100172191924519,0.0380140653701425,0.0860100021505522,0.0206869403730988,0.00880021521713566,-713.181876690856
559,0.0202230659593229,0.0319215923275852,0.0252306621566708,0.014180202767705,0.0556760554489749,0.00687082185747094,0.0367544694172654,0.0748030618052196,0.0286962758214729,0.0115364764904015,-715.355456878694
560,0.029503281587345,0.0144915303371873,0.0173494867051963,0.0249906081764714,0.0526193536259708,0.00652942204998004,0.0361005058147154,0.0758125345641408,0.0237220076253426,0.00399059716837657,-714.335092136209
561,0.0216216331754838,0.0459527504392157,0.0129173673862137,0.0311601636023465,0.0711946782660311,0.0103748308152507,0.0440316907470532,0.0645949949146671,0.0257194360435752,0.00021224889981924,-715.075815935189
562,0.0165197830978543,0.0131673201600674,0.0345117862725098,0.00956943080111984,0.0612647315130384,0.0139696445664846,0.0229365878432282,0.0617205437129323,0.0280317277637439,4.51474391995411e-05,-715.189347608901
563,0.0201532424614407,0.03414655422209,0.0451850980455239,0.0109000840565257,0.0651831662471556,0.0133434865839533,0.0213249645581215,0.0718727772216854,0.019559958354852,0.00114069686059501,-715.281358054825
564,0.0245706458099963,0.0212700402170083,0.0300761004158676,0.0102987399405364,0.0578583528749024,0.00428709637022068,0.042213818141659,0.061948459259449,0.0314643081587323,0.00501527007631926,-713.357965223878
565,0.0228159567513578,0.0445796114800726,0.0191049200464419,0.00408342767098432,0.0819721397782196,0.00805013781329114,0.0293342472172744,0.0729279305665711,0.0139283655587839,0.0017306944265988,-717.605478692874
566,0.0531982340898359,0.0323654083602939,0.0200216149282419,0.0225039281516375,0.0820762107575741,0.00318497906746683,0.0315038607355938,0.0839918090750348,0.0224995610457883,0.00481272328672765,-717.346440183444
567,0.0213099827643903,0.0283308194528295,0.0314935222537437,0.0124111274298945,0.0661534075952672,0.00360816129556402,0.0596194347208502,0.0995967591206614,0.0199677914867126,0.00196478626144679,-711.81603972064
568,0.0244617552103193,0.0144344930307837,0.0245446217998051,0.00441519021149148,0.060748770036188,0.00966396306139887,0.0442651715421939,0.0623737919933091,0.0299989367982474,0.00269502280100589,-714.750360646089
569,0.0410974087877298,0.0152271502809102,0.0258465937759421,0.0107110656875454,0.0726329670061855,0.0125697736383951,0.0305402202099143,0.0618951100866922,0.0206142106083347,0.00289698480266511,-712.916053229892
570,0.0530390523063359,0.00307088072467511,0.0265175832020332,0.0240959937678472,0.0715016686311728,0.00955754412826329,0.0242979433927651,0.0730109463320116,0.0236681456772243,0.00316155827464925,-717.830717430322
571,0.0246701648176088,0.0114814289364803,0.0393805622879956,0.0245936855184155,0.0543886182419751,0.00634409675019527,0.0218080059659276,0.0558413458659043,0.0233324968735236,0.00643510774029976,-715.604929386081
572,0.028703324139874,0.00781446790786094,0.0269993189314173,0.0226986617677421,0.0828860383207777,0.00975676366838007,0.0237415474555904,0.0592987262809277,0.029076008546698,0.00997215322561286,-717.661658541918
573,0.0343319876568883,0.0189594574488906,0.0269591297923994,0.0170432660785353,0.053423835145317,0.0146644079189426,0.0253378548793215,0.0674366645770307,0.0267100417278425,0.0153721532667384,-718.34768429563
574,0.0396437065194206,0.0338651575676149,0.0185071200598358,0.00152971101143095,0.0589442000381115,0.0048617024989628,0.051521530373325,0.118915682282781,0.00866320417611378,0.019411790617973,-721.635689796053
575,0.0360703770489501,0.0234270428748379,0.0425840568774853,0.0215265429367303,0.0544931143469566,0.00518664783837444,0.0530171721914841,0.130322194647912,0.0288490152471722,0.00427257642719685,-718.931387899716
576,0.0283219357468279,0.0143279704445495,0.0167849633369242,0.0230390820819508,0.0598281662285972,0.00728488432937329,0.077686703549282,0.094328664781499,0.0261978658242326,0.00284941996697368,-716.23336332315
577,0.0303403045340422,0.0193577069208488,0.0361680990408782,0.0227886562760818,0.0641227329585684,0.0112489650278037,0.025524416009485,0.0856707328621144,0.0248010658917382,0.000795681247403948,-714.608890430241
578,0.0331320951656526,0.0161479262022857,0.0318676106659138,0.00865126371597957,0.0673972904205091,0.00737391992213158,0.0380299480495644,0.075405685637692,0.0206624617517184,0.00406790051511553,-710.61844394773
579,0.0303679806643387,0.0348789838028209,0.0256130000964569,0.0210383448747209,0.0731646165967188,0.00660243532073681,0.0437469385802664,0.084001843508161,0.0206119150714494,0.00319525808648592,-712.971294691776
580,0.0473729868201225,0.0369484867785036,0.0314422696287749,0.0154945054319892,0.0752781961561711,0.00468781223472317,0.0371965502941377,0.0615328286827133,0.0294965805051073,0.00501787389068192,-715.595175511762
581,0.0107507350655792,0.0433721385831889,0.033510587920817,0.0206392458924312,0.0567319584385228,0.00489005328705906,0.0384687607894637,0.0975333192965396,0.0390810423389514,0.00344339628068789,-719.475121911499
582,0.0187000865315777,0.0487877755898772,0.0156620470049777,0.0134350845552246,0.0486721417579922,0.0192805288136173,0.0388252309770086,0.0827628527446768,0.0294637429119213,0.00122081489232625,-718.524510400535
583,0.0206733661130605,0.0228923739148619,0.0311188457450679,0.0138566116127832,0.0484968543518653,0.00486628899568228,0.0526084151895381,0.114768564011901,0.0277642932059966,0.00331024072258582,-715.48233796093
584,0.0400336087470934,0.0190049925351433,0.0319502137709237,0.0180043718590647,0.0509828119587269,0.00408186552240533,0.0584734647000332,0.120507981626262,0.0318827209815596,0.000862994475900734,-715.811734165389
585,0.0340662224058891,0.0205288924758069,0.0278871667371213,0.0212944243694777,0.0540893457056433,0.00724287141351204,0.0691654660530998,0.077587872484123,0.0376212128167261,0.00110833566037637,-717.346703610574
586,0.0242228491945819,0.0197161061625939,0.032685062153013,0.0125850426320714,0.0797294444278507,0.00250034569297319,0.04794429197165,0.0698218751010963,0.016288474517878,0.00583661731490346,-712.567239984332
587,0.0336247950783555,0.0131422957224053,0.0283162684798786,0.0227362084890938,0.0819829628151001,0.00486542860756965,0.0527562223121559,0.0704606190865769,0.0151171442852544,0.000556357257381843,-714.63556620216
588,0.0381460272959495,0.0112166396671098,0.0276377438447853,0.0102958223511732,0.0721916936450851,0.00369994187264182,0.0466563118724376,0.0810890197992016,0.0265700448279801,0.0036281987114108,-711.132661973715
589,0.0347989061112696,0.0208478736740982,0.0303942422905142,0.0114017708462738,0.0659291506617686,0.00369260308928982,0.0440233832512589,0.0977369454267286,0.0149575163992825,0.00126844535326819,-712.056452397816
590,0.0216718910952258,0.0288462856313623,0.0334866283062232,0.00731907945850364,0.0589902750391024,0.00389147637442228,0.0484091739614028,0.104945423761452,0.0208307759504331,0.00126587017052778,-712.571043399793
591,0.0405076520431117,0.0282358636641955,0.0218982066861662,0.00171305316278094,0.0641465877279191,0.00475065954912694,0.0675017898823781,0.130874325766684,0.0190689186352029,0.000696278828996305,-714.030331354312
592,0.0531714616349823,0.0196624251909821,0.0249232215709491,0.0209677870836794,0.0608914034370406,0.0112761030633051,0.0699222880364802,0.0956387685304782,0.0236913006918568,0.00511930016125782,-716.415867162442
593,0.0194798555010621,0.0132496552135295,0.0367424240905861,0.00746304180970098,0.0681161784661143,0.0184736573387076,0.0370303148069898,0.0541920505885404,0.0191840091957537,0.00654335563215231,-717.330525432248
594,0.0281226491775028,0.0440564202489578,0.0159999983059521,0.00376334595060317,0.0608090472716043,0.00697652190724108,0.0382689048464569,0.107884132396661,0.0191501739767471,0.00047918533557922,-717.360137519871
595,0.0308047780910901,0.028250502265822,0.0146405487524305,0.033976768140631,0.0662145275783921,0.00771800299206982,0.0364737640534862,0.0606938329988406,0.0235766667143421,0.00251020470835643,-713.824353033861
596,0.00948940977618662,0.0343916495542079,0.0157021490715848,0.0278191208323926,0.0713425179080108,0.00663943176320238,0.0322196178272587,0.0648493140924007,0.0279389157274549,0.00255505525434355,-714.228947533495
597,0.0309756711479457,0.0284323698891122,0.0415726483737245,0.0223477722145,0.059669086659108,0.00660730355474529,0.0331290956640501,0.0763750086306428,0.0120004515047013,0.0034379198195359,-714.80730796351
598,0.0319358355999634,0.0271144614590155,0.0223406141522928,0.0149715281757313,0.0801368776139448,0.00652970480640391,0.0371083862190295,0.0934336623629314,0.0307755753362198,0.000416529175990746,-714.159584124832
599,0.0551244738782696,0.0403317292355746,0.0314011767116948,0.0120920234608397,0.0838551834381587,0.000248125300298831,0.0865418389411269,0.0903835229625819,0.026042511649501,0.00110919848125583,-718.456044916573
600,0.0222214301113839,0.0161584495411851,0.0410089494609999,0.0139757031965745,0.0597275362202179,0.00719266487207211,0.0677673180516524,0.111600213070608,0.0425486008889156,0.000345444122986157,-716.242954157619
601,0.0160081929756385,0.0225057438752354,0.0336091492022249,0.0132561752766127,0.0706960291377302,0.00583918597564819,0.0590581425561943,0.0739447233841125,0.0477517707380314,0.000610482828460832,-716.276961186357
602,0.0173819707557205,0.0184786025740756,0.0285303383096656,0.0119117972732345,0.0773798515331327,0.00123026709058139,0.0609650390745579,0.0786110066912456,0.0304931424127937,0.00552802000694945,-714.258842236596
603,0.0322370156863505,0.0237492729577181,0.0309780394850972,0.0134315819431043,0.0601780432642609,0.00327843055048398,0.0589552680574544,0.0890837691831807,0.0271363930309381,0.000868642320444474,-711.544365899848
604,0.0265756274974727,0.0136583987767388,0.036820349891316,0.0102224770319544,0.0930660446314973,0.00765540986313551,0.0641027525024473,0.0786321907703456,0.0323401282854844,0.00291816045371274,-716.002070463427
605,0.0272043381106676,0.0192252096732833,0.0337142218072607,0.0133974789443628,0.0870615318866242,0.00329818873062655,0.0506809548777154,0.0878496299087603,0.0267476902369386,0.00355193319778476,-712.113140399318
606,0.0236999277101084,0.0141094900062571,0.0393536256169522,0.0127641680991787,0.0906821811371096,0.00660517383200119,0.0514851550125529,0.0765767432268911,0.03224668740316,0.000293972721514849,-714.105107236869
607,0.0366527071906057,0.0237675592324057,0.0286616048029028,0.0187130913611316,0.0866285641461471,0.00351503997015329,0.0379347653990466,0.072178687887661,0.0222826121566122,0.00509831537346454,-712.743408726198
608,0.0365390185620474,0.0160787164141098,0.0230124470419739,0.00957420581742815,0.0659456982547405,0.00927167999016589,0.0317600712316682,0.0731038534721852,0.0217850285041237,0.00461998068387791,-711.597416493724
609,0.0210593095522426,0.0286836514016894,0.0284980320487819,0.0146830356954262,0.0555700525830369,0.00768729167860717,0.0343336914152251,0.0715268919407583,0.0273844247438719,0.00124173809527457,-712.124358148662
610,0.030593724980456,0.0323281880532892,0.0299633599867846,0.00724004758071052,0.0559092538168692,0.00949939270223872,0.037730731362979,0.0843971249211779,0.0208439317816328,0.00285364193069995,-712.278567169182
611,0.0377436686794167,0.013937390637863,0.0218133359571773,0.0168789920706894,0.0699668280028485,0.0089271138758959,0.0474887100644008,0.0933702004113301,0.0254035177873706,0.00839521821057846,-713.725258571633
612,0.0398891110439148,0.0211815291438526,0.026616086516431,0.00627860885346589,0.0784255383789347,0.00451210615623538,0.0880475752751321,0.128527220304503,0.009879939878459,0.00113135631068278,-718.589688495303
613,0.0375630594083799,0.039582628842474,0.0270525562305551,0.0108895062890675,0.0663899366084796,0.00492846129696296,0.0578495703792055,0.0822215333559565,0.0206496913281887,0.000274107643497373,-712.988403293597
614,0.0484355152658252,0.0317879816484667,0.0128459977112933,0.00873265368971665,0.0793026352726398,0.00441503701351498,0.0608667061536216,0.112564260213419,0.0275112424676064,0.00344477261269199,-715.502206027775
615,0.0452738019775484,0.0210932393684435,0.0279026109006525,0.00762797332515076,0.0556251818099854,0.00223664814012026,0.0604615419610388,0.101533302668957,0.0223163139137824,0.00391369889167079,-713.102661720503
616,0.0272370790391682,0.0333904984774957,0.0282562357879169,0.0134342821692279,0.0603632089393626,0.00426904856599441,0.0659737395182629,0.103103354572074,0.0229224890451443,0.00174040061838593,-712.709068731574
617,0.0254255572313262,0.035096197090039,0.0279891910033501,0.00383029527094307,0.0783910807217779,0.00448856742945704,0.065855804029424,0.0912910621226529,0.0238297616351773,0.00660795209017661,-713.634102559916
618,0.0367930314148028,0.0336355709684166,0.0324271041588597,5.66532830615613e-07,0.0479548716028268,0.00386727634877738,0.0288281513707477,0.0595011553071209,0.0231795991067905,0.0106270319581506,-718.36858535743
619,0.0328570614966669,0.0254517615303154,0.0268696428761766,0.0290988694773704,0.0409791092426735,0.0182041285334967,0.0365352874608958,0.0761990924716318,0.0194984905571578,0.000713521302637486,-719.410419471837
620,0.0143955621045289,0.0237599933784801,0.0489151029281571,0.00844595820516956,0.0822396322179565,0.0179507017196051,0.0508496140121858,0.0815090405067409,0.0331496759608763,0.00292332335275402,-719.143834812841
621,0.0242646030367461,0.038012516237606,0.0266579275186608,0.00732709854854137,0.058619721749252,0.00211360291396892,0.0540310961449551,0.0846293954211184,0.0339869763709768,0.00708374162511225,-715.129738689269
622,0.0381806519554962,0.0114423434035041,0.0297773489846427,0.0166168438320701,0.0843340068989161,0.00416047408344729,0.0602734394265406,0.0722474023706494,0.0261388571323057,0.00760251139694158,-714.913087916099
623,0.0230355661652088,0.029814084661217,0.0294871429406881,0.0113253083473718,0.0551070818700211,0.00711227920621841,0.0216012620349027,0.0469076257376128,0.0166679276707877,0.00431589547548288,-715.732717668388
624,0.0313942895718103,0.025397240897261,0.0270491225743935,0.00881376712030794,0.0747062625667155,0.0218732599941207,0.0232385409148596,0.0674287295401011,0.0155447597865197,0.001958403587251,-717.635392210313
625,0.033820307206386,0.0129214524943155,0.0258682128144873,0.0247440878661108,0.0665525936701399,0.0108014353820649,0.0213511790840774,0.0612545785123055,0.0176384867956641,0.00459948938321359,-714.536694963096
626,0.030926035311296,0.0203556466238712,0.0332104883773649,0.0186386795933079,0.0608770105647918,0.00980244457385909,0.0193480890323989,0.0519878098787163,0.0177194265442848,0.00353538829778913,-714.294216014947
627,0.0226994978561539,0.0173853982994252,0.033735626109119,0.0154965710519702,0.0636873626599432,0.0129829694150874,0.0200173440338575,0.0647821583194631,0.0190302680913361,0.00289328813035952,-713.362450609863
628,0.0323807541786918,0.00827127496204059,0.0321561010569115,0.0114480129231249,0.0652076644340276,0.00861505423874884,0.0474477834767514,0.101417331870725,0.0367413307456399,0.00267979736397376,-714.903988970163
629,0.0514001242886856,0.0134343272182238,0.0139234013838245,0.0197106873522792,0.0697743368939051,0.0125633290492144,0.0726171385100892,0.0823725117873284,0.0274950523453932,1.48607256032655e-05,-717.633494246106
630,0.056510266505803,0.0191913983012622,0.00961695885941689,0.0178388097722245,0.0641624850034014,0.00875620045690955,0.0543327853932474,0.0905492931551339,0.0202646330927184,0.0014247097768375,-715.223251557488
631,0.0507074875691549,0.0239141985385302,0.0367528986045804,0.0217962996184382,0.0835099316359594,0.00435178160401279,0.0417404730194218,0.0807839348278269,0.0225070594943279,0.00232868381341238,-714.534520218496
632,0.0314943943502236,0.0284060412839137,0.0299183418544874,0.0106948426049258,0.0638735325636607,0.0072896478627856,0.0406702909159444,0.0575968728443863,0.0219435863590189,0.00209698484779282,-712.440555135734
633,0.0209091340576377,0.0242202513452259,0.0458437910076681,0.0123651773514595,0.0720338221681508,0.00756753389582039,0.0408052520803599,0.0685162280023807,0.0360731321117221,0.00230735250410077,-713.714155402954
634,0.0363404051653548,0.00943465072216686,0.0145830193540648,0.0210954333769567,0.0802783089622642,0.00398161377339448,0.037847282408717,0.0641644278183371,0.0317356940059476,0.00279315766566862,-715.416582655873
635,0.0290623156495204,0.0142432375674497,0.0524903993918339,0.0205681891515362,0.0663404340532183,0.00457721091839563,0.0464069765021021,0.0608455316578734,0.0214664659117962,0.00637435815837109,-715.702803383346
636,0.0580234499263858,0.0172064893241945,0.0372835717912332,0.0203294648583292,0.0709203690989502,0.00810551695150332,0.0472319848000032,0.0904281825544332,0.0124167947267544,0.00329514582749897,-716.705122045562
637,0.0645056113205101,0.0126681895172235,0.0222562742245255,0.0198511100965242,0.0638897240048409,0.00267975736072281,0.0537071957515315,0.117432626192751,0.0268420718842291,0.00242084169442613,-716.997361784797
638,0.0342971603783966,0.0258337362719281,0.0197865851196122,0.0180173125107916,0.072251407008096,0.00764065845726611,0.0864146295025369,0.114389187926256,0.0278576037087061,0.00184692236666573,-715.332105510523
639,0.0256991207123017,0.016302168235669,0.0231859174227232,0.0209017028497435,0.0532673469688799,0.00487300547271624,0.0793244052042536,0.11968380089638,0.0361101806088062,0.000205554469162239,-716.420700650942
640,0.0479147954512705,0.0131887457991747,0.0120528283349001,0.0292641219918815,0.0585972539943,0.0120519421102351,0.0514033418389961,0.10372275944475,0.0327490914293832,0.000665245534756857,-718.475362375824
641,0.0499576227249047,0.0312818245486152,0.00819878340950278,0.0364311484856368,0.0597952605757132,0.00906568545544338,0.0633656439049864,0.10466924174531,0.0357558454352665,0.00115657716308769,-718.164538938714
642,0.0513379031785906,0.0262112466176935,0.00694666864310733,0.0318268806459705,0.0683307008085174,0.00821320638962587,0.0599858570282808,0.0942775280616845,0.03624560877685,0.000109744871789695,-716.998941336168
643,0.0358846077513446,0.0210152614425346,0.0106275578990055,0.0391283873409993,0.0683331792035901,0.00347917324038385,0.0759455213770984,0.0942587107535037,0.0327288701510684,0.00348215617584575,-715.943177535024
644,0.0383650485020018,0.0144528766401283,0.00773538607432383,0.0451283943868981,0.0728184395453073,0.00288330763276314,0.0466043006101604,0.0716417987026845,0.0149374294210782,0.00521770842537179,-715.197795483766
645,0.0313375585593621,0.0308809336507861,0.00844536297203279,0.0151307196377794,0.0661964455154866,0.00822191991353547,0.0439869619659681,0.0786427309476192,0.0183324649164993,0.00455321023293398,-715.763964303865
646,0.0300639964820563,0.0827191627831297,0.0104109601983969,0.018352313561889,0.0600503745739916,0.00282686461354135,0.0410045225057448,0.0780238953606494,0.0167826895056666,0.00698675056462942,-719.052527122622
647,0.0300722942767417,0.0637866413417917,0.0190519509846316,0.0221309589217069,0.0750595816074296,0.00586561737742324,0.0456765703302654,0.0999946054251541,0.0205704251668936,0.00811339177165293,-718.637096348069
648,0.0223650317109008,0.0495122618276241,0.0219611093925347,0.0192549358977577,0.0702589984756605,0.00343645802497498,0.0661437703996723,0.0884587003876024,0.0203683001520029,0.00828667803194559,-717.224199288943
649,0.0528675448235226,0.00599303162977461,0.0295581186946563,0.0205841547705326,0.0690667298048698,0.000847505017930879,0.06441872747571,0.115208009015002,0.0349234099324092,0.0024837838762154,-717.159627260018
650,0.0287789940995573,0.0337474826535487,0.00185385173127156,0.0284794838098752,0.0688664163687726,0.00553731380160915,0.0719032916635624,0.0902786082601846,0.0219926867916162,0.000621807828038934,-714.937593948348
651,0.0366815567992016,0.0281092093668553,0.00323142941518623,0.0302094230109405,0.0738649381472961,0.00426294430566771,0.0491171662942037,0.0956677886601391,0.0259563198737341,0.00602617675048552,-714.50678194546
652,0.021945526597026,0.0283678683879023,0.00625728895439472,0.0359166592550933,0.0710554091763908,0.003718841489305,0.0511859689598838,0.0564363960956416,0.0268588379552894,0.0065076832482905,-716.587531329082
653,0.0256187156812177,0.0236790950436853,0.00494738558845052,0.0325341039833151,0.0595736245366783,0.00120353599387888,0.0548579773574244,0.103231278064839,0.0282490487652534,0.00904034873685706,-715.768386431461
654,0.0160646619045904,0.0283141982637361,0.0114603505377362,0.0261724720423934,0.074296234294056,0.00329552563550087,0.0621824616600459,0.0933562254147999,0.0244297119656778,0.00425988737440325,-713.962818478453
655,0.0325909165491608,0.0316502006787505,0.00596504133021695,0.0313650423403716,0.0840337503597106,0.00166226282385686,0.0536527701212395,0.0807482144240951,0.0247568862505234,0.00254277708897095,-713.324589640864
656,0.0213442708120947,0.0293040115178643,0.00726966747008913,0.0425177066572859,0.0926529452781674,0.00198838291501038,0.0467207028366908,0.0717042031515149,0.0276101239020959,0.00344475476768704,-715.156213800061
657,0.0548805714180628,0.03341000209909,0.00298437866806038,0.0323418123114176,0.0593312333339328,0.0137207742295448,0.0357179551810946,0.0705272950929667,0.023904804552001,0.00111655011594033,-718.333225578643
658,0.0184346728429428,0.0315118963009324,0.0190893284568224,0.0413590122974274,0.0408719056887163,0.008921347028235,0.0414840139734461,0.0786736834555958,0.0282874769259742,0.00639324109525062,-719.176328382038
659,0.0189993287355006,0.0306555551005942,0.0164806494917617,0.0250759106089049,0.089729452989667,0.0035293277166626,0.043125836839337,0.0738724251373483,0.02836120794346,0.000908711050876368,-714.957252532174
660,0.0123046801416231,0.0140490560304536,0.0448626127525288,0.0311838841247662,0.0508982029409111,0.0125316348096471,0.0448439457116459,0.0788218047962349,0.0316453906490212,0.00148969471755324,-717.478882265843
661,0.0318187779494837,0.0157046416389049,0.0213776005860264,0.0306837282189447,0.0629387226370078,0.0133238764268156,0.0303853512461959,0.0766715623256346,0.0115017322262187,0.00482738524079721,-717.397368750957
662,0.0304090119437309,0.0179152048667253,0.0640467138771781,0.00428856894148334,0.0651181615031509,0.013658672837796,0.0300134103072652,0.0566922344309254,0.0125812129820686,0.00492849747941134,-719.97386871763
663,0.0210813371126511,0.0317595944761059,0.062791103133558,0.00731793537374485,0.060955628042086,0.0128152844117428,0.0270255697990674,0.0526472366321286,0.0334336010410951,0.00944481325148177,-721.775698016956
664,0.0123356365641376,0.016634012021102,0.0504650153187378,0.0212127486791664,0.0695221308055952,0.00885791276057231,0.0303962690283237,0.0710387993309874,0.0248535982196836,0.00530253644131173,-714.730139441665
665,0.0138039482935117,0.0250569453092668,0.0382084023676559,0.00214424616170016,0.0703496745921688,0.0201781359734422,0.0386422426024405,0.0653915492756164,0.0307512556282647,0.000277137508849136,-718.182249851062
666,0.0268498738462084,0.0399259648995905,0.02378886413624,0.0163037962276797,0.0688245559841552,0.0119595998504136,0.0520133009565274,0.0586094999491338,0.0279664418773155,0.00486543003491452,-717.660356972095
667,0.0334157510850634,0.0135970612572351,0.0269221565879218,0.029645655244598,0.0670289467907267,0.000497488832772294,0.0258277616764509,0.0493065439850778,0.0356071283188772,0.00759615012747449,-721.366599132997
668,0.033324577457206,0.0191237997387256,0.0324107650899968,0.0201901370150983,0.0721584738528237,0.0170686111019887,0.0351378003700127,0.0827155696364943,0.0171914008184476,0.00125322461201552,-714.719166646648
669,0.0277648128693815,0.0141633791947858,0.0330092453543356,0.00949361343438728,0.074035452146784,0.00738261702222535,0.0377108800302295,0.0609459973805677,0.0156069326919129,0.00384954206162541,-712.516657543885
670,0.0329410085973694,0.0292660759090111,0.0294121646362299,0.00792775656046232,0.0617099531774987,0.0122448973194684,0.0462274584955633,0.0720779552024158,0.0277219958586427,0.00225938033092694,-712.485423621554
671,0.0367949866759887,0.0258139713027339,0.0237522019736181,0.0133025737903593,0.0858557689691939,0.0110293290804186,0.0383468219951338,0.0688550114992259,0.0178463048933951,0.00486658787349431,-714.027655816165
672,0.0539027864908183,0.00924467692825644,0.0168318800318361,0.0170823288808892,0.0751936175537384,0.0128684297306344,0.030906602022511,0.0661007338919313,0.0270806151154762,0.00279459704446576,-716.558020644598
673,0.0288308613921932,0.00696298402113359,0.0505551013684994,0.0238294163422721,0.0763991933794826,0.0115547933165661,0.0287330365597751,0.0599333323297756,0.0223716373714611,0.00425258951312356,-715.866025518511
674,0.0167058459278612,0.0212405872828512,0.0176025227071828,0.0611945873319909,0.0675104165327765,0.00917786988529954,0.0267647685679454,0.0925265068469913,0.0288356809619437,0.00541017553762579,-721.080341320583
675,0.0226545452635001,0.0169900109624889,0.000115383483784106,0.0675134603558815,0.0699794425715631,0.0060581331632783,0.0876887509344884,0.12839877312191,0.0135036913181897,0.00200286055940665,-723.632341813816
676,0.033158495592872,0.0126030492605787,0.0191610129525693,0.0201821497427262,0.0634506591791623,0.00916575779681798,0.0472190793474606,0.10252681573475,0.0367695466621597,0.00385415073223171,-715.946345245065
677,0.0409517722920411,0.020977097253322,0.0224584442212808,0.0227853090850097,0.0615965845148608,0.011880004143969,0.0604341945240503,0.085935699161511,0.0160336692726785,6.29857451845994e-05,-715.268059307945
678,0.028389107951653,0.0165197851667675,0.0220073882934722,0.0184078436925518,0.0804000685727272,0.0123946820298881,0.0404468902883731,0.0848604360467033,0.0412665874272598,0.00663253784765851,-718.187551433725
679,0.0200738411857533,0.0105697829538336,0.0364778019590535,0.00764726408868894,0.0590817655196787,0.00780579920551413,0.0535032850397717,0.0885549483448057,0.0239158090171501,0.00500873983296028,-713.893328248681
680,0.0421338192692841,0.0310917743116408,0.0230539692248798,0.0118966562269157,0.0494338787387164,0.00573913546738681,0.0582378694688838,0.0899681227135878,0.0272387843805172,0.00439725709687535,-715.055366770163
681,0.0296177062769647,0.0232872800989585,0.0204452345569612,0.0106687521399886,0.0495784528089041,0.00730081661782726,0.0373093968698471,0.0758616954313552,0.0224695842224139,0.00563504897901638,-713.311634152303
682,0.0362889840830415,0.0193564872907541,0.0391261979752325,0.0250649267884115,0.0574234289261927,0.00448192981538241,0.0357279119342731,0.0669503211973773,0.0234053797923774,0.0038990560092098,-713.414326230066
683,0.0303251638278245,0.00923547355575518,0.0393780541885238,0.0149528727503363,0.0887766631294865,0.00837577913928194,0.0522819152446434,0.0872128012680279,0.0296708341774793,0.00133739723334996,-714.490262185544
684,0.0186809791447069,0.0294129117077628,0.0415460302533391,0.0078159004227466,0.0774212670727484,0.00292435260869444,0.0620519963341805,0.0934139576147515,0.0325459546108413,0.00283747690308315,-713.942704830568
685,0.0257922542865123,0.029731990629388,0.0414480605980445,0.00376423064057214,0.059792107283712,0.0100450293206151,0.0456897809594291,0.101046988306575,0.0156780057600746,0.00311703519828485,-714.351912498527
686,0.0282217114836881,0.0176926925027782,0.0266642957535051,0.0249830122614665,0.0547120467806749,0.0105692957140994,0.0443055134246979,0.0996515861787055,0.0235360300487812,0.00212533365834658,-713.952653745158
687,0.0332366241687694,0.0127371927544532,0.0353334175837986,0.0145916157115518,0.056440339047793,0.0126702838864416,0.0533076446169011,0.0835648708470059,0.0294056305237204,0.0016567055697586,-713.216168507558
688,0.0350848837396047,0.0190395136874379,0.0212634692924826,0.0262711870802182,0.0587105157676231,0.00587051173575005,0.0510672861143491,0.0889894229697881,0.0305060707472911,1.8388276906432e-05,-713.616312384171
689,0.038452984049385,0.00774856338806827,0.0215621523398527,0.0168013954635242,0.0623809222142478,0.0100714164887209,0.0562710079673371,0.113116183959346,0.0312067555298806,0.00637868651296693,-716.439851065273
690,0.0320090781354884,0.0197923654091681,0.0166326916939967,0.0172989746748854,0.0735932223831984,0.000490805262490975,0.049212602255267,0.0800565656878599,0.0227075758641289,0.00100964071206284,-712.68469627916
691,0.0187525837986705,0.0315567982388774,0.0192396273822397,0.0464683981562794,0.0635679127668452,0.00656558620496105,0.0511505553141963,0.0709927903337788,0.0250702442862817,0.00156258931231524,-715.070336460885
692,0.0183675723861223,0.0381830571297281,0.0104062028426181,0.0389297084950119,0.0626395069205583,0.00179081732009534,0.0372463166753124,0.0562158386009863,0.0265569298017345,0.00512803743539157,-715.363743330043
693,0.0235064071809447,0.0175763427365933,0.00306707092271121,0.0476190035545882,0.0561119734259398,0.00211302625468371,0.0417858225977527,0.0758446056509748,0.0346801120994975,0.00316553395901982,-716.043488361467
694,0.0330540375656407,0.0345560360468619,0.00821857437358654,0.0338498717202831,0.0846103581014124,0.00452728404783064,0.0542049606854328,0.0771936872833966,0.0329718730545579,0.00247744352258679,-714.660787512956
695,0.0307576487539675,0.0201322801044313,0.013261333815945,0.040303522072723,0.0877321250365317,0.0077686357247957,0.0399732464743603,0.0782722801964701,0.0306255949117223,6.47037581063382e-05,-715.808426660754
696,0.0139101709697811,0.0451068191712132,0.0135879668711926,0.0226000333126227,0.0798978809225517,0.00913704570362038,0.0541703175465597,0.0803334955867544,0.0336473980084443,0.000819440735848949,-715.637549703509
697,0.0242264007398418,0.0201350716800554,0.0403189232105788,0.0142009007096715,0.0831955530886669,0.00643017037410162,0.0373284907710694,0.08865082269612,0.0405049833848859,0.00110784858814659,-715.536093415882
698,0.0326098610684529,0.0100528862916253,0.0299855574214936,0.0157735737707121,0.0571654160803191,0.00754117282121303,0.0377720522442028,0.0722110199436054,0.0357935127875396,0.00630461393655083,-714.175536059762
699,0.0329083115824326,0.0220107100197836,0.0218019628247227,0.00485647396430345,0.103326793221458,0.0108443665166173,0.0457259759126867,0.0744793855228221,0.022642063289386,0.00425167568795133,-717.780487608534
700,0.036276282258775,0.0303450940192132,0.0128137135927359,0.031942029967558,0.0831264566909291,0.000778202898191025,0.0427622677843273,0.0699974440713407,0.0249016896110913,0.0019482318815176,-714.697107822821
701,0.0298928847982075,0.0324830563412139,0.0122562396838517,0.0361201657084519,0.0698882409877242,0.00541559322709987,0.0449960175838196,0.0907990372037854,0.0204218944107199,0.00520091610681199,-713.339620084192
702,0.0336444845538156,0.034750661827622,0.0113043631470779,0.033764410591426,0.0597249294261663,0.00639774422347997,0.0487110293875175,0.103787352372525,0.0249288753826411,0.00524243150118644,-715.150090038757
703,0.0298698588740156,0.0334017882800958,0.00575368086904547,0.0375140078048067,0.0593084864364248,0.00574426985868864,0.0576913912163936,0.0940922276279961,0.0172401838303237,0.0014011563236778,-714.052196777345
704,0.033858001964313,0.0294173047097408,0.00653480387870316,0.0406155293765529,0.0626426916763095,0.00879159129093845,0.0534052437730497,0.0821341158040982,0.0197672078550661,0.00305413130428507,-714.062828532459
705,0.018379831392778,0.0331835586297143,0.0140162159692468,0.0410940586203521,0.0810170226633165,0.00498250355155945,0.0378691523059183,0.0779107405165675,0.023804320427299,0.00522293042448298,-714.090722869666
706,0.0365456734690851,0.0335122908228993,0.0103744946709491,0.0365874067873263,0.0579229810343179,0.00812714139307956,0.0390208908086581,0.077724304113765,0.0261540482925717,0.00346883874425509,-714.260030114292
707,0.0272745587027972,0.0250017894313262,0.0090526494157155,0.0299020921389942,0.06792142128177,0.00622604019147827,0.0308670499139924,0.0742958114660733,0.0238517885816779,0.00654851418680579,-713.58290391598
708,0.0131691090968103,0.0490200998260292,0.0118583760087625,0.0307600107910174,0.0676262863092635,0.00748476670673186,0.0324369940255409,0.0679253455969836,0.0254922676866819,0.00360437580651107,-713.79701066736
709,0.0254176358218414,0.0446903361803757,0.0313904251079145,0.00840551688631187,0.066535736460292,0.0110728602936671,0.0375409834943363,0.0801730573227337,0.0268694830100971,0.00206347127176583,-713.374453606946
710,0.0205529931217466,0.00983399611486512,0.033563484772574,0.0188595131411625,0.0702397202005271,0.00575097441750136,0.0215848371976692,0.0695175836320848,0.020625546433786,0.00163028164409694,-713.744580802758
711,0.0187325509920711,0.0290472851432807,0.0305847830428187,0.0120458075326633,0.0741332130242134,0.00849094752155478,0.0475942302428331,0.0693439716003818,0.0210640058244826,0.00577949812442403,-712.941199773099
712,0.0220143620655648,0.0167056666664496,0.044338489523884,0.00845135447697903,0.073505389150922,0.00650315240646069,0.0341554692599398,0.075423686295371,0.0173929123852692,0.00178705777541232,-712.321416706583
713,0.0282512784708844,0.0223707414790359,0.0393790921168351,0.0186478580678616,0.0703315536012202,0.0129684815310235,0.0355190580264437,0.0562438285873793,0.0297194800914189,0.00080859473950909,-714.395781924512
714,0.0293734376208969,0.010896660644606,0.0394059615858707,0.0269769203509219,0.0654883199471921,0.0120934836844124,0.0366472307139485,0.0934212830152499,0.0280749564913622,0.00338185421081279,-715.163092780908
715,0.0183749264973542,0.0226581180376215,0.0270694451164709,0.0263072946880693,0.06073197869087,0.00191235221928507,0.0609832926261552,0.0970420249224756,0.0275936389862064,0.00167532610964926,-714.354610448689
716,0.0348430506397258,0.0134970944021288,0.034167949732279,0.0321550373382945,0.075786827640714,0.00806433752297618,0.0672595913654308,0.0914991090483171,0.0207690834318076,0.00184120394240542,-715.459400634279
717,0.0195457583654315,0.0218837779304904,0.0344077026684328,0.0284646358739013,0.0584750338148904,0.00349186557040642,0.0673614857675469,0.0830237319153554,0.025104018848467,0.00258179376953399,-716.124652412861
718,0.0390361065696844,0.0155415397248024,0.0204965936931413,0.0294175325525989,0.0951755424643851,0.00307387710983948,0.0567434204206792,0.0751019034726679,0.0335833599437465,0.0018720637745183,-717.547365663383
719,0.0294223081503919,0.021604356870235,0.0401569377045415,0.0259511902456001,0.0748045377613701,0.00344183788503007,0.035763398296636,0.0747397074909835,0.0192145489834213,0.00368517275520783,-712.707712331868
720,0.0240712777649516,0.0151312216393849,0.0303807595675613,0.0168080971665286,0.0585652362087635,0.0100860025469451,0.0403996248903595,0.075477688159932,0.023720685953617,0.00419111985815079,-711.624555071879
721,0.0270228302798861,0.0158148313539852,0.0329661428612606,0.0170804904073379,0.0761481000020425,0.0138118810289523,0.0349487046532251,0.0992339836403914,0.0275163127868398,0.00502817081967452,-716.582190425429
722,0.0274227403201501,0.0152533357224657,0.030744178018082,0.0171393418781093,0.0741142310457509,0.00182572642183233,0.0676510153545816,0.0895047928803206,0.02939391625352,0.00383119217569452,-712.782665371647
723,0.0438245347741366,0.0157754730462982,0.0252899721785965,0.0163188429018036,0.0706246877825173,0.00201756552237953,0.0611485394681935,0.0933605594509847,0.0240237402945379,0.000780926330798742,-711.487672879014
724,0.0294912558060882,0.0252445981245215,0.0330921906366378,0.0277441437209971,0.0720383803008086,0.00443128626323397,0.0457802045442703,0.0807382559071966,0.0234568281212637,0.00350243114138374,-712.831489117023
725,0.0369082832750067,0.0181005598783329,0.0221240597871987,0.0121065738741181,0.0683598799883589,0.0071320881677675,0.038880385178857,0.089754273743514,0.028787257735581,0.00544281531780255,-712.57370528598
726,0.0311704756716523,0.0247007590800815,0.0375628286630318,0.0151834519335524,0.0680044062274729,0.00703906550289571,0.0459051828823239,0.0762971872165484,0.0262861551512432,0.00266414539030956,-711.297843280714
727,0.0354233708458844,0.0310332514587598,0.0291445482531963,0.0172228759687368,0.0631025920030253,0.00811173237328692,0.043062538815202,0.107718575448759,0.0250323307217087,0.00168024920854111,-714.373954303385
728,0.0229812242318502,0.0123901063954884,0.0276705730364334,0.0157128772336986,0.0599489517240469,0.00266230029150936,0.0730728160200423,0.0992947223367044,0.0252169092531346,0.000877474022225533,-713.518449115359
729,0.0214053722778671,0.012610614279924,0.0374811732365483,0.0151205531857546,0.0911086551625493,0.00440776635676175,0.0401798524147589,0.0925561698590147,0.0281293257735142,0.00266886036465512,-714.639574016227
730,0.0217127786274172,0.0168638092621242,0.030008297418623,0.00834301937374807,0.0481348892031493,0.00461257631602614,0.0546663451355155,0.114455456780322,0.03218049813118,0.0023757713276321,-715.936583000966
731,0.0195889424520659,0.0247427489885625,0.0412806356827062,0.0105227528935452,0.0569218129515449,0.00234440481981617,0.0639490189567647,0.100848321235979,0.0262815496686898,0.000902934722036562,-713.38862644783
732,0.0177188213055435,0.013993132736762,0.0511765843042004,0.0101167516043931,0.087279918518191,0.00756762438703138,0.0577709316474789,0.102550222243379,0.0235356280164524,0.00128179940343822,-716.672026606878
733,0.0131563341581888,0.0411426366375163,0.0401944125017328,0.00709204751758046,0.0841846460302536,0.000630808438659811,0.0677941244209569,0.081905151275531,0.0221710519982522,0.00262157687098058,-716.680888708059
734,0.0141991003099314,0.035446009691156,0.0381799277890022,0.022254321592861,0.0702354811934895,0.00963029278111069,0.0374978787758544,0.0698651951570212,0.0224488076451363,0.0108254309640504,-716.887201945745
735,0.0104330134633661,0.0164720608554221,0.0291531037058167,0.0226445405556274,0.0681083051703161,0.00171547815234061,0.0237030224504689,0.0820641586322669,0.0265292087341246,0.006387682166136,-718.181288405276
736,0.0404943164688381,0.0173007263010353,0.0243976921596133,0.0204142671352291,0.0649328101017584,0.00757180052565657,0.0241179938762459,0.0878986435862931,0.018934514071616,0.00306717671616222,-715.204098460912
737,0.0209577835366759,0.013601786699528,0.041294100800661,0.0130061540078181,0.074601669392251,0.00683602464314555,0.0456448857546918,0.0653158065255917,0.0209403001814875,0.00610527161419735,-713.29600599924
738,0.0389936551259021,0.0121635692826279,0.019815236580563,0.00775716544326625,0.0637521119919505,0.00532990306400304,0.0415920348840896,0.0661674080514504,0.0192170391636432,0.00513772979235003,-712.620758915682
739,0.0421772255512472,0.00965464542481481,0.0320483985431357,0.00580539262541926,0.0710124296456957,0.00483668847460715,0.0324813343552102,0.0825549468606958,0.0216301281609255,0.00284874648693909,-713.721570109914
740,0.0418797359413896,0.00447909036845624,0.0324586981113521,0.0352841492704934,0.0735081085553022,0.0049532865183124,0.0584469899439697,0.093987722620512,0.029221980539639,0.000543562566211893,-716.285753855047
741,0.0266662061667269,0.0284126573546867,0.0375000848013298,0.0375780616879353,0.0757296148933774,0.00756004122191806,0.0526237195049439,0.0821916479728559,0.0225752146201771,0.00153859147282694,-716.566952042247
742,0.021668470623609,0.0176152081318578,0.00810451003389979,0.0386168354742101,0.0569177056486527,0.00274126833775873,0.035648653330616,0.086171171211679,0.0296399355194898,0.00431792979715135,-714.65064426888
743,0.0195506843168207,0.0175474065377198,0.00701154878715688,0.0475124465865282,0.0652210539840714,0.00395583672084214,0.0515502104639077,0.0768717131017854,0.0436024517999356,0.00487456397130751,-717.063651907382
744,0.0251223422384319,0.0354402003630558,0.0143454604869079,0.0477508602980276,0.0702687100640027,0.00417588230892304,0.0461444643794159,0.0967886249137079,0.0331837471459993,0.00254524776276081,-715.915113235273
745,0.00717879437496069,0.0391983767337312,0.0122351443861353,0.0207473413592312,0.0800769388460219,0.00315389476743205,0.0411935216667653,0.0638803795611058,0.0454967315889274,0.00209470870563826,-718.886224673873
746,0.0105702094368007,0.0260877246154817,0.0334755226783073,0.0176695266448414,0.0629580794811396,0.00914811662273952,0.0386232628990553,0.0874639162108685,0.0364428364793137,0.0036408440323048,-715.35220426766
747,0.0427273745278455,0.00824221490249465,0.0205490472115694,0.0109780789658809,0.0685583090217186,0.00195030530389085,0.0412640816464612,0.0953187524216484,0.0233959043514751,0.00648717534583096,-713.672741386865
748,0.0356331655521424,0.0322067132781649,0.0143017188657468,0.00710262591721067,0.0529610223989139,0.00207833485181634,0.0587050402919514,0.108341270169613,0.0167245145017176,0.00747173655266582,-715.781922982135
749,0.0273565721284053,0.0358314624295157,0.0355499878165502,0.00368244002615594,0.0835925391501723,0.0118601128507554,0.0633520113397239,0.0754938450837759,0.0169252225416453,0.00641016837888325,-717.457012674423
750,0.0382911118311533,0.0225141610416707,0.0134202806548289,0.0344650545193963,0.0792590609348864,0.0130805040672062,0.030093607853814,0.0736126613656552,0.0170751552588319,0.00385681322822719,-717.0201124739
751,0.010216051846992,0.0399933940034686,0.0233575866521265,0.0243476408107383,0.0677692972338759,0.0136354348973187,0.0233853698642945,0.0545846729160742,0.0227507898128938,0.00308601147629867,-717.000093687031
752,0.0164016654743023,0.0447174534521456,0.019067886008625,0.0294913793327,0.048367413815516,0.00565964864791078,0.0413019949725982,0.101835274055245,0.0225765964961775,0.00386728484777008,-716.63585178417
753,0.0280321236413721,0.0111589723041284,0.0413124410661138,0.0296751868559718,0.0740759083134153,0.00580093617059054,0.0623054524750676,0.0821984542562269,0.0234471345986554,0.00316409450732518,-714.757241493336
754,0.0379798552046324,0.0171025310138526,0.0200005722858621,0.000787827015272504,0.0692441761089092,0.00128700539851327,0.0524722508628675,0.0804314839443987,0.0378025512282744,0.00101586931285827,-717.263865641212
755,0.0375484422514723,0.0425826205930728,0.016068659268456,0.0274213210127078,0.0791385363266807,0.00796008826996374,0.048133508121745,0.0810660317161956,0.0202741073140911,0.00237511103517317,-715.005535540879
756,0.00396434470615288,0.0413960529974978,0.0138147344599036,0.0208395867277348,0.0479878877874728,0.013187393139539,0.0654710326396468,0.070513398990798,0.0229940250524741,0.00341507206454798,-723.449621192762
757,0.0117968839578631,0.0343910594252687,0.0180887570283951,0.0182416538792003,0.0721542992341588,0.0087414438794571,0.0666184968617307,0.0961221384333073,0.0202967278103873,0.0034687801644608,-717.207273742903
758,0.0672889891033239,0.0421935960487981,0.0241683009791104,0.00889540477298038,0.091448510768454,0.00169545658797958,0.0793462404317107,0.108590471780924,0.0150992322040652,0.00157928161580261,-719.215019377504
759,0.0275219924740321,0.0346677066762126,0.0347327993513963,0.00655361724186972,0.0611615444656583,0.0124134745189013,0.0494555550970571,0.0909147499109227,0.0146918677710648,0.000347921008595243,-714.241157632804
760,0.0607050790757164,0.0231053735203812,0.0290607465486701,0.0034266907331781,0.0675857201586033,0.0127897810888928,0.0394384792996388,0.0922841986291094,0.0241546700742278,0.000359800426385735,-717.663731082423
761,0.0348018292024235,0.0163247057033084,0.0206924022019515,0.0460831339479956,0.0713444105803051,0.0122919210196101,0.0491737099445374,0.0757743776403492,0.0275389411338998,0.0023017162052501,-717.179768809686
762,0.0256092371943551,0.0208378593191927,0.00472483495275997,0.0305005247468412,0.0740969123273737,0.00920537686979489,0.0350043138390944,0.067426437786614,0.0237143488084401,0.00146399825749358,-714.344837828043
763,0.0212046253335679,0.0202364888402892,0.0183000677775033,0.0353595158629409,0.0582600858237659,0.00665934112706611,0.03682585096802,0.0998563879673331,0.0217698244872115,0.00305729583094923,-715.761584604221
764,0.0206190594029646,0.0179513610084762,0.0147565748046979,0.0411876761448466,0.053710195194753,0.00919182371445311,0.0507946420260386,0.108657619394339,0.0190948453790484,0.00214465883508352,-716.356651013992
765,0.0125549699159593,0.0290679367141629,0.0035575338723209,0.0364818826409447,0.0704164155847512,0.00492096914197774,0.0612518366031604,0.0809561876820631,0.0295660277502951,0.00310748157380401,-715.725398071261
766,0.0364503233931461,0.00458502858845787,0.00985623850312819,0.0340832365472152,0.065984819447669,0.00109982117484934,0.0453327932880631,0.0827786789087622,0.0242873692279989,0.00338692060645693,-717.024312451376
767,0.0202606433972288,0.0718385919998209,0.0102525406279357,0.0176973384185156,0.065758725611164,0.0102556156515493,0.0563848447742033,0.081716769952795,0.0335104579063185,2.05433476328861e-05,-717.029370179745
768,0.0159059173823561,0.0671247133103307,0.0122969212870704,0.013104887986513,0.0568627681519836,0.00692771803144942,0.0471096145571605,0.106144009470585,0.0223945219185596,0.00451392509679214,-717.091915200438
769,0.0207677290834129,0.0625888806385516,0.0112024230144572,0.0168885804672287,0.0749370459762218,0.00854332981655006,0.0525393484533662,0.106837850090381,0.0309736965939077,0.0041275711650756,-717.780099595841
770,0.0162374787126029,0.0824659009330498,0.0163695457424644,0.0155606434498131,0.0529285562324968,0.00375067282301816,0.0561865222862221,0.083608090548846,0.0233462735106118,0.00278770814846043,-719.063393659423
771,0.0306464369720301,0.0146477721433122,0.0226672543724164,0.0149156863147694,0.0722602809899066,0.00801971995680858,0.036058090121882,0.0692284780175396,0.0211581710070338,0.00323128416835819,-711.198270851016
772,0.0428570596443933,0.0181763986598708,0.0326757530532782,0.00593101450696905,0.0684359514158727,0.00361034948134649,0.0415122502987486,0.102743807916071,0.0189026790990114,0.00125843539495153,-713.584403962278
773,0.0422802269400714,0.0386511980025473,0.0315362373843477,0.00659395780069352,0.0724095745688141,0.0129659040131423,0.0445949809923493,0.0837380648050841,0.0206402365500369,0.00100855544519656,-714.268915089427
774,0.0575476069244218,0.0402908984368763,0.0322081554013773,0.0178534344904234,0.0665376559532433,0.0148618060798438,0.0587575046824295,0.102192505365042,0.0196834243563294,0.000638732678574164,-718.723867756041
775,0.053279581201572,0.0175569057254674,0.0139708509955929,0.0206363782658956,0.0477996673577717,0.00727624714181889,0.0681804268865124,0.129184814611279,0.0201633141781754,0.000354868741125304,-717.04078138744
776,0.0564707598866222,0.0139417700210264,0.0220362894494608,0.0173053665359372,0.0510314242050542,0.00825732549240225,0.0704366123466775,0.151280554867858,0.0276757439572711,6.95106751566443e-05,-718.875312131877
777,0.0331550077704803,0.0163474591035495,0.02502434344321,0.022506655850659,0.0647937746165441,0.00133397864129676,0.0857999926636524,0.10796093191688,0.0190850527262371,0.0106832318413039,-717.074763725057
778,0.0500555657972284,0.0173594628305122,0.032948924408949,0.00791203860834033,0.0667863897465276,0.00238986921191844,0.0743037271114027,0.108077977086043,0.0191411652453992,0.00473353172767986,-714.301976803877
779,0.0316166875259588,0.0239520064699709,0.0338681677308604,0.0127485174532265,0.0761760092801676,0.00473785896916552,0.0697743688443843,0.0887623700518157,0.0194480007235351,0.00360686288825887,-712.798644424429
780,0.0303301758312423,0.00790205407150504,0.0329742135564075,0.0234520895983963,0.0744648535928555,0.0032059906130814,0.0474195547256649,0.0981060686306968,0.0152728322792046,0.0053741570637643,-714.054441076977
781,0.0500150347782701,0.0251531782890441,0.0199671392844362,0.0285366358677298,0.0704133602208751,0.00109421265823299,0.0640083926447233,0.0927819087757203,0.0144419437513038,0.00159536574650893,-716.664194621281
782,0.0337863097656483,0.0308502704745596,0.00160358442934918,0.0265462125004723,0.0859788492332825,0.00105559259108684,0.0623473428898378,0.086120594331193,0.0247893263354082,0.00139417206350334,-715.194835631811
783,0.0333273662712579,0.0287991139532125,0.0315160141158806,0.0166670185711297,0.0665992436095039,0.00625429841547978,0.0402304762660541,0.0766119555381765,0.0451391339376149,0.000462851905048963,-715.150556696793
784,0.0314027313864642,0.0245967185423438,0.0346360206919683,0.0125531824903156,0.0724984981686607,0.00688918181421916,0.0457687184685304,0.0824596416108559,0.017426409297385,0.00198325699252099,-711.069214128129
785,0.036317726171294,0.0165167867362653,0.0199165081583985,0.0320566260962161,0.0682997143584964,0.00168443876007059,0.0516101713121638,0.0993940954922941,0.0265993681442618,0.000420855951607437,-714.544881557821
786,0.02425371910211,0.0142950853627972,0.0201027286594936,0.0190770689195685,0.0705686313481865,0.00283625759282253,0.0572269104310052,0.114326800435629,0.0253406104305167,0.00160448350226053,-713.552165176858
787,0.0277883610713724,0.0185089663982573,0.0200515946029199,0.020647610646542,0.0628637504375686,0.00601944367969432,0.0607535314884082,0.103338637796913,0.0234781551950156,0.00102615426040074,-712.621619131937
788,0.0395841023226114,0.03435552651833,0.000309493415416579,0.0215579321067005,0.0673528132300412,0.00247328061989943,0.069459932729856,0.111448128459704,0.0184261253111743,0.00612403188534895,-715.771917430244
789,0.0456420517854976,0.0296955257657707,0.029400601221683,0.0112775604675326,0.0680513805449296,0.00515420325140089,0.0669871011818661,0.116845461235389,0.0263610882585349,0.00185159967805171,-713.812335782541
790,0.040984929883513,0.0282553716613167,0.0206663278214342,0.00819652223890615,0.0545819967867434,0.00606072291503911,0.0720704576008388,0.0956765230377125,0.0238288520784177,0.00534881519089341,-714.587324587245
791,0.0400930202776904,0.0192117904458743,0.0322880989555536,0.00500656871207477,0.0842209247073352,0.00505484496264217,0.0437274303756086,0.0631252516853283,0.0248964591956043,0.00380199489496872,-713.841748115062
792,0.0218567432421839,0.0239931634082577,0.0434452931521711,0.00533772575627791,0.0599926476705444,0.00468146346409525,0.0393511108577821,0.0793273287576872,0.0210056171072954,0.00283472525610803,-712.184075541979
793,0.0248208999363711,0.0266336374991634,0.0375600175306268,0.00742331035644641,0.0643154830682387,0.0022631517686759,0.0366614019269432,0.070946193336529,0.0241693446146174,0.00754734317037654,-712.532344290131
794,0.0440527807949914,0.0161700203810565,0.0148500380103873,0.0182558648798488,0.0747475337384441,0.00328830120029024,0.0334278494014184,0.0831412657095999,0.0167915492688125,0.00573581631511941,-714.263453467631
795,0.0296660702389344,0.0135050123852059,0.0473571967768554,0.01570657896579,0.0664907546209507,0.00987502388846638,0.0414454569901292,0.0720464418719836,0.0199254639976306,0.00541928587233384,-712.884413786647
796,0.0213105264649635,0.018185428398292,0.0615033434251901,0.0151195261672291,0.0756892273717643,0.00113027407643408,0.0327807152470842,0.082349051903982,0.0113037302085632,0.000825471618178384,-718.125682851007
797,0.0204870055481232,0.0184730294782769,0.0574030268739965,0.0300118623528946,0.0604660229065423,0.0125422137343647,0.0602286080065586,0.0905726622057045,0.0253169870757638,0.000313094142975115,-717.029367881499
798,0.0291715296464136,0.0304634138778087,0.0336628250840274,0.0286556277700816,0.0690876992870917,0.00905545965251107,0.043109982092386,0.061234521078582,0.02651947110534,0.00231973956078571,-715.45139188614
799,0.0410124023402173,0.00146145090569552,0.0292932476842127,0.0275643807666054,0.0701437164117722,0.00458151313840601,0.0261466353409599,0.0786939170757249,0.0228520594779789,0.00213879550283255,-717.657771286151
800,0.0234146517909353,0.0506392092608343,0.0225787752268541,0.0112113881889013,0.070298529353261,0.00592184359912327,0.0625788181701937,0.0934042875625557,0.0288524214649988,0.00118454266777778,-714.527088560354
801,0.0416348199990982,0.00893634885856612,0.0244173903706343,0.0140689486019217,0.0779782178314166,0.00469214686270017,0.0596288414510954,0.100884805587599,0.0278535453829003,0.000363732050342305,-712.681867603856
802,0.0331644926640239,0.0232751950976631,0.023849834740412,0.00329624209374753,0.0729285632884354,0.00343283308258002,0.0558589570320616,0.08286384682346,0.0188644387075943,0.0088629476475068,-713.080703020761
803,0.0250353475413607,0.0229805780941946,0.0249592760625228,0.0161809067816329,0.0681289120782475,0.00859066043925018,0.0340668785152402,0.0829804991559412,0.028500833902541,0.00927868847718189,-714.059308647349
804,0.0304186146901481,0.0309548249313931,0.0468099613338915,0.0181322764156649,0.0643384984999996,0.00466117900579694,0.03810596711382,0.0749659093314721,0.014543774794105,0.00444503211942638,-713.824774734412
805,0.0332724857571978,0.0139249874515911,0.0373888142089037,0.0101414032499538,0.0618442157529507,0.0154387610424078,0.0426532747552995,0.097796327642053,0.0259405174141209,0.0104572168229571,-717.079336883184
806,0.014464501323865,0.0291370591516718,0.0380866479084622,0.00249855990999076,0.0643524157596237,0.00358060668924139,0.044106948990494,0.114992446066292,0.039639589756713,0.0112751014275774,-721.634327343861
807,0.0225273403542593,0.019393875380606,0.0360963666822307,0.0207605608184431,0.0787173630362788,0.00729078231766823,0.117736936692184,0.128804932272548,0.0178983929573876,0.00343294922725216,-721.269208011585
808,0.0435129567161683,0.0306102019646843,0.0165362938004051,0.0153589166596615,0.0725103527032905,0.00588437377691719,0.0812933872651525,0.100334538371544,0.033335323421852,0.00291624567552718,-716.094341936696
809,0.038507549663229,0.0378784394747713,0.0185068589555964,0.0103697717838269,0.0662033429833269,0.00264104298146072,0.0686269670480525,0.101472113537663,0.0250098828888198,0.00446585485700511,-713.817838367055
810,0.0314580104764544,0.0161727630509108,0.0149579943159427,0.00932210579122819,0.0926873509568703,0.00189991501936536,0.0641696007927187,0.103194662472158,0.03317818419951,0.000993935954613236,-715.98550718626
811,0.037017502149005,0.0231481899085884,0.0413784315279337,0.0101285064712007,0.0960839491592045,0.000994703581910816,0.0568629490895791,0.101502868292457,0.0124921737179055,0.00378889296110672,-717.159379415814
812,0.0285954376597458,0.0246599284295024,0.0286467460460911,0.0136819354454825,0.0715875543129769,0.0024025366583754,0.0619742941749771,0.0755561435643183,0.0156852500872925,0.0046065850853939,-713.356941808865
813,0.0306443618751972,0.0127060744578382,0.0349142227620111,0.016900629173196,0.0912812120272123,0.00655373945022818,0.0318816095229499,0.0686638911790747,0.0219260082820529,0.00639358945877646,-713.933433284572
814,0.0333113283902811,0.0314133023917237,0.026626137724344,0.00343010346658963,0.0653709947973297,0.00231021341845536,0.0363996070125854,0.0507148513815191,0.0284931258267508,0.00850496747342957,-716.831911524994
815,0.0403069912552516,0.0348516950113803,0.0240159423255793,0.00184241320964097,0.0734752717095934,0.00170277662165995,0.0344758348813069,0.0911243369359811,0.0227041347087912,0.0011472963081225,-715.32420351698
816,0.0545855967456151,0.0418981182367418,0.0236573948959494,0.0105844666941846,0.0717143009833424,0.0110496047610611,0.0366248957113567,0.0698633581936092,0.0244357279187452,0.00279611426769264,-715.464896608154
817,0.0578526922172449,0.0316243093364055,0.0203977214314931,0.0172302230385268,0.0743696227145245,0.00607253776646153,0.0658641283121794,0.11683288277924,0.0155973483945473,0.000982127667640779,-716.618248174268
818,0.0519515273688642,0.02929155498449,0.0209813958616362,0.0114363794681607,0.0542479215077373,0.00566074817572157,0.0617154347475988,0.0949181250062923,0.0211402528309174,0.00792643608324215,-715.287521374807
819,0.0343308983980041,0.0162477053817505,0.0199940207783576,0.0100848126054465,0.0570212095515518,0.00901104268830481,0.050394935901899,0.0738869506608787,0.0163111712505362,0.00663054148605022,-713.55839553581
820,0.0350849308987519,0.0289774404281346,0.0195774354597015,0.00598964390141967,0.0526813206702043,0.00835370930542543,0.0287586617438142,0.076859610574092,0.0257503151173896,0.0101185297293231,-715.835243966301
821,0.0322079407267222,0.017782860375801,0.0385886668444245,0.0273239702959742,0.0496274395693002,0.00306934246885449,0.0461020181165151,0.0906310093406638,0.0162606554673847,0.00779320500893496,-716.312102645696
822,0.0210062790042029,0.0173972384379046,0.0218518354828486,0.0260606281467734,0.0684489299497315,0.0118827460000127,0.0416899980438037,0.0661883950916121,0.0245744827610208,0.00573142968193681,-715.078265970285
823,0.0247174075422985,0.0154740106143394,0.0417697764416261,0.0123268681313766,0.0712421948641258,0.00257017245205605,0.0373108601683891,0.0944123606138305,0.0236031257225497,0.00124039215776988,-712.377821361079
824,0.0299717864269015,0.0115530552160132,0.0253383887648793,0.0153504688700305,0.0762414458898532,0.00401129393966411,0.0402535598421399,0.057923945937581,0.0304492787320067,0.0065399805788567,-714.052477762155
825,0.018041172788289,0.0177949691188763,0.0401052080455538,0.0150049095707654,0.0730599581215253,0.00522298727663597,0.0275842315858385,0.0787441865274113,0.0153540651776043,0.00238850145902794,-713.431242906752
826,0.0215319192063985,0.0148461482531439,0.043449324000624,0.0178657804306215,0.0587985728224581,0.00359640937645283,0.0493482892605338,0.0811865152322599,0.0322910257605152,0.00293147507321724,-713.319729159719
827,0.0216192090901418,0.0131998852188089,0.0222374529391755,0.0164486935452883,0.0922042505824438,0.00775604693121093,0.0463532970564223,0.0720982588540107,0.0196278642146828,0.00745472597039251,-715.872764755395
828,0.0210323738243383,0.0364957615746198,0.0278557386226372,0.0191873445051852,0.0818362677427097,0.00731149585713651,0.0496901183145174,0.0940574228974434,0.0254226579512371,0.0036987936615996,-714.740508479884
829,0.0343283819096459,0.0294923881130197,0.0320158759549476,0.0257757549602392,0.0715960457792867,0.000675523798228894,0.0655188410467952,0.105865025480158,0.0286446790914347,0.000627186058404359,-714.677928187778
830,0.0118113679876518,0.0239449620924196,0.0288054870131152,0.00161470082537491,0.072495350639319,0.00209658638316354,0.076417256239142,0.117180233494314,0.0261962636166063,0.0072728337266189,-717.550450202046
831,0.0114574856411697,0.0610128015633254,0.0377870093003413,0.00148723580140171,0.0721860349970237,0.00374681388924349,0.070677862175347,0.100530132977617,0.0252905826216788,0.000680512996790782,-716.324909525081
832,0.0148560041364657,0.0680928035850052,0.0414775008598417,0.00659914427516565,0.0629048135390358,0.0059077394054176,0.0661411215834762,0.120264143942891,0.0195392219233142,0.00288058558259255,-720.044573728763
833,0.0421436923896053,0.0735622985688279,0.0309825783115977,0.00755327979232516,0.0639671262335671,0.000346925059572401,0.100569630822966,0.122334343617916,0.0232767891752528,0.000381494546522784,-722.097179175853
834,0.0298677285616236,0.0445539169397109,0.0143570699483551,0.00327858060008793,0.0754027239365282,0.00187125711250892,0.0672714330134272,0.11136337147188,0.0253502389802313,0.00460261984427502,-715.064839701935
835,0.0284448761539257,0.0250725143968245,0.0300485883068447,0.0113948429270605,0.062201959172712,0.00267043517075681,0.0712812511693836,0.0879928207675022,0.0203328031866197,0.00347760574174124,-713.196637080557
836,0.0344797197538445,0.0193088544043415,0.0296269777111154,0.0152971374040491,0.0847123548105386,0.00113302287939578,0.0642198586694247,0.0890869944224392,0.0265854976238966,0.000970563215219952,-712.186804741436
837,0.0280204567544756,0.015347874247536,0.0306446875283837,0.0156188372586525,0.065542925939656,0.0018587227507158,0.0556795777537008,0.0855283875521929,0.0274225175856104,0.00488780318380905,-711.802650166625
838,0.0271189131280224,0.0163629189633089,0.0285473737521747,0.0343443876114062,0.0648905666580842,0.000493256678621191,0.0437573005577586,0.0818686286405706,0.0147358492487451,0.000828396303453807,-715.912649642402
839,0.0293697622530604,0.011853484567613,0.0524122202568168,0.0190135780186158,0.080651302514858,0.00800656888748178,0.0423506002931096,0.0579715065604074,0.0227140271898861,0.00208524529000402,-715.61631320319
840,0.0369794930815761,0.0328784428094979,0.0225092164003001,0.00307823615855451,0.0767156334294357,0.00542720336036275,0.0469766044888937,0.0879810515942816,0.0145177826499369,0.00222944461738381,-713.453949231204
841,0.0293023498242511,0.0239603997237297,0.0232606925601371,0.0109895484958729,0.070791638851701,0.00641367775787612,0.0568969283843038,0.0752133056154272,0.0191543448342832,0.000650763541574041,-712.28390214153
842,0.033263793074482,0.0249758307113062,0.0357222361739477,0.0198450473146271,0.0675582709696843,0.00150672902635403,0.0364369499227119,0.0733924270480334,0.0186982683020827,6.77200054996689e-05,-712.902791491464
843,0.0361768513249442,0.0110473285509083,0.0432897154862562,0.0205601573214225,0.0673971328497482,0.00860000797353428,0.0447130670161,0.0849358326206009,0.0169301725419987,0.00896022943844249,-714.568049067848
844,0.0238413042241125,0.027260083344847,0.029117694819222,0.00269074896805484,0.0707292570667375,0.00765967779081054,0.0738706032182442,0.135198729215418,0.0133855892700517,0.00321170966601024,-716.989627546187
845,0.0524378450921946,0.020527092580725,0.0257033488480383,0.00213144996652728,0.06401234059821,0.00787306194107803,0.0792752050387018,0.114557833752861,0.03157222682857,0.00243431491535068,-716.422888108833
846,0.0249388969378523,0.0178021985070602,0.0271367226331397,0.0220191571436142,0.0669198701177944,0.00930767213133688,0.0439876999229085,0.0838297285564135,0.0366730711165902,0.0014219538708686,-713.336717797948
847,0.0331901044144134,0.0113001222178075,0.0274335847092361,0.0101445255981062,0.0679049671951863,0.0113863433394987,0.0593743964064832,0.102421213338925,0.0267626788767906,0.00353099392839301,-713.506506074287
848,0.032946024985049,0.0160642632657143,0.031424304318496,0.0150411002241819,0.0605127961340729,0.000152188294045253,0.0619674102152714,0.0942583274721044,0.0265016607534698,0.00295831937178207,-712.727996480288
849,0.03233724888042,0.0153705533375821,0.0198564459167363,0.00664481823207204,0.0843829759529819,0.00471255054570983,0.0576464582260005,0.0912112214385625,0.0212083104672552,0.00342600082996667,-713.141064874099
850,0.030730698146266,0.0361163958356859,0.036412496934044,0.0114861045201401,0.0773309938611467,0.00436804022607662,0.0545214045500511,0.0888622602837193,0.0256860037778617,0.00876414916712636,-714.593189295234
851,0.0169273173976249,0.0116371898509618,0.0294107207921167,0.00953569980643224,0.0739469886513689,0.00161122452372299,0.0398734427066574,0.0659200845489432,0.0268474276365422,0.00288663436296168,-713.830044928784
852,0.0174773768425972,0.0352587018306796,0.0260159123618956,0.00262487893488404,0.0882737700399964,0.00708500549509281,0.0402049395121564,0.0723244854826457,0.0264308227536616,0.00544851067858641,-715.090896397975
853,0.0368065313080747,0.0324421533138056,0.0295818639109503,0.00751136652983882,0.0789489621463723,0.00674117743705549,0.0336761685110587,0.0751493916581005,0.0251357850796757,0.00486532612558728,-712.730336598989
854,0.0406374344086788,0.0102490408628934,0.0369605670842391,0.0189024149829113,0.0726841178941648,0.00378291970658139,0.0262428974585515,0.0624733186040649,0.0394027187336455,0.00459926933358245,-716.529244783039
855,0.0224806200611403,0.0325473544356453,0.0373998649964119,0.0191514767671105,0.0660927238941411,0.00577588857494224,0.0323779027334449,0.0781607191750461,0.0351750463624215,0.00386911635538901,-714.396773554185
856,0.027179166724766,0.0215658947774731,0.0342020648042308,0.00941505115366961,0.075476457300553,0.00589682896554851,0.0605397495837594,0.0927032059967774,0.0409118154168419,0.000583115564077362,-713.741130147349
857,0.033398287268457,0.0270544617588933,0.0219976294179058,0.00876549897682586,0.0673095693978352,0.00291725773792015,0.0672215365443432,0.104690513774134,0.0244512138542417,0.00563970815355639,-712.495881471054
858,0.0367450231869022,0.0376688019288741,0.0269046579306649,0.00166568722006504,0.0748279718388051,0.0048312772710944,0.0754291027427639,0.106107662035728,0.0210469964808145,0.00167107302678031,-713.252584277045
859,0.0434625411188709,0.0347769749676221,0.0272544102444109,0.00391703560836788,0.0879952561285943,0.00609356304689662,0.0592131374046022,0.0999199811252124,0.017341199121617,0.00281262407361814,-714.928398181432
860,0.0344981174953487,0.0191427586703289,0.0245177494052337,0.015263967432633,0.0722569540775092,0.0102796035880692,0.050770345909216,0.0823921569498992,0.0180261379364275,0.00519732236535043,-712.323928056799
861,0.0313566839076716,0.0095009428487669,0.0282768090776398,0.0207284377911819,0.0603679016716303,0.00492286235548911,0.0511059616766944,0.0910537123299895,0.0244178536662866,0.00286178087968513,-711.871346179707
862,0.0421619886848304,0.0150734618587912,0.0199338688026148,0.00804499637931272,0.0672365809128624,0.00339821833664141,0.0520557406251876,0.0584840254566822,0.0244234371900602,0.00880717032645157,-715.943126010013
863,0.0256706583133544,0.0223906299431106,0.0380475617531757,0.00961437833841567,0.0779224281729174,0.00359474973653226,0.0472856456438367,0.0796212968700534,0.0268162993791647,0.00452721946924022,-711.622320481597
864,0.0378504244136006,0.0406760536257443,0.021637840429408,0.00287078048673714,0.0791442877788877,0.00973191902770452,0.0474789000941218,0.0696949621685321,0.0236581323707766,0.00146512520066451,-714.697342250626
865,0.0514985227591104,0.0731544647703957,0.0329077015231083,0.00367279661202858,0.0721364727277785,0.0113493667469559,0.0460437441128378,0.0970572012894417,0.021682083699527,0.00388236498737397,-720.68263184547
866,0.00982277525758794,0.0388559073690031,0.0421562967665219,0.00799560347469375,0.0580713148262112,0.0135709970675917,0.048350898830237,0.0655335305956947,0.0261797890934237,0.00694149532455985,-717.601074360897
867,0.0348431806217961,0.040305804267185,0.0443079624026996,0.0170993490483837,0.0478426868629559,0.00689697507996094,0.0193019158646343,0.0738954990078527,0.0178783276324144,0.00824963740613089,-721.130448563905
868,0.0337228694397467,0.0310920674967842,0.0376793662956119,0.0173102170903203,0.0546506928578734,0.00740115649097758,0.04607927124491,0.0891438153590051,0.0182131990061334,0.00848274583442311,-714.895712657819
869,0.0243082305483625,0.0082899792755894,0.0387426118950184,0.0217683005365016,0.062094966098203,0.0105388466559014,0.0346467578225465,0.061306783865557,0.0211323815612823,0.00555915196679671,-713.775196950462
870,0.0361085721598036,0.0186012074254089,0.0132233239297185,0.0108688746659633,0.0709555602960075,0.00872042216038343,0.0313781346095225,0.0658104003558084,0.0227783524379696,0.00198531841160664,-714.005731651179
871,0.0323840664095816,0.0256272350406456,0.038010025892134,0.0186709357303078,0.070122566099454,0.00387957759303143,0.0344436901806804,0.0679554225790719,0.0239238524694098,0.00611654493652507,-712.443325039805
872,0.0344235750478707,0.0264983420104655,0.042458991932525,0.00656117719419044,0.0711705436851311,0.00657524275673625,0.0392444814336398,0.0834636642923532,0.0321397571213592,0.0047888947310145,-714.126599624447
873,0.026872042302425,0.0198926190633733,0.0174473176261882,0.00878216770624134,0.0679612441084073,0.00198508859953176,0.0430912066405901,0.0699439690027772,0.0168446666142178,0.00805369075863971,-713.495848705394
874,0.0373377434749792,0.0185128304278125,0.0193941509131019,0.0110230726033956,0.0900557233775136,0.00250859822538082,0.0371699909441892,0.0743063432596413,0.0208216503110916,0.000495626433677344,-713.884104708382
875,0.0247701278328046,0.0263913374461349,0.04075775143194,0.0265265762071628,0.0753214070605587,0.0100561228703923,0.0396215654622844,0.0861850644535122,0.0328518968905098,0.000158776399114505,-715.263669361613
876,0.0166136712213065,0.027896415149558,0.00866675147788582,0.0356204541909071,0.0756188171829014,0.00577184811947323,0.0621802152076417,0.0716856852829054,0.0212158713592116,0.000247004221034627,-715.951598956436
877,0.0270194468310858,0.0256665487840593,0.00998646737960146,0.0314117432482811,0.0563600773519511,0.0125261158624803,0.0231407804633603,0.0795298797509144,0.0426226558243454,0.000247582097705651,-720.042622942274
878,0.0268126442799055,0.0227379321608027,0.0120783919679147,0.0443656298094408,0.0736410597990001,0.0118845305132331,0.0632699696485431,0.0874684299676403,0.0146430523380556,7.71243674475766e-05,-717.577440972666
879,0.0335448347021748,0.012522991208386,0.0174232777537855,0.0249255388467948,0.0684832684619876,0.00509880751242182,0.0561901707476393,0.107847244017384,0.0330359787138325,0.000821008858446096,-714.700724467915
880,0.0437454045565978,0.0244220012470757,0.0247997879936761,0.0169110121706189,0.0622792465364479,0.006106085269417,0.0940326137048887,0.117225174228601,0.0495794359483459,0.00264245496084528,-721.146184339598
881,0.0348290855652184,0.0188578104344127,0.034156426790138,0.0107173692694859,0.0676967084490304,0.0110674322530066,0.0422819843402404,0.0899149286439536,0.0352665151062681,0.00108829304767393,-713.387286907389
882,0.0289737799023091,0.0133802152723006,0.0343143389457593,0.0147121694197371,0.0707454597397558,0.00196741492237259,0.052639681136076,0.0883345361136236,0.0130718741331554,0.010177753199737,-713.874004523403
883,0.0354919747320022,0.0237177013484681,0.0208059699421245,0.00175655070350057,0.0703117371382715,0.00372612022976093,0.0919757161865686,0.10875521214089,0.0203707884737444,0.0124182360152263,-717.664855728351
884,0.0312291724169828,0.0362294181299052,0.0405617381534535,0.0002797534520881,0.0671918547965878,0.00589084613844731,0.088136039224578,0.142747385460287,0.0199265881951176,0.0111836056912425,-719.576112000685
885,0.0162189688105726,0.0353638914219917,0.0366127487457042,0.0117067343983819,0.0623792644065074,0.00272504580588909,0.0646448091898132,0.128675810394114,0.032520219680948,0.0114957991151661,-720.064267080465
886,0.0356407328959178,0.0318430559029656,0.0409511170385036,0.00456313604033623,0.0756186468173979,0.002893796955545,0.0804195863445933,0.083763274741854,0.020722598336504,0.00380085351237835,-716.613587822448
887,0.0268481408606844,0.0189650733371987,0.0394220625383794,0.00876677701675954,0.0801736905172271,0.00919075122847236,0.0464833004343766,0.0865586782029058,0.0271478530156684,0.00681728684102046,-713.956657250238
888,0.021560786243505,0.0262751467217949,0.0418626969219366,0.0121488857364176,0.0509222400686456,0.00812650731518177,0.0458333375090099,0.0795169703435164,0.0244537689726191,0.00677064089304851,-714.11361868339
889,0.0213877577910977,0.0250740009198007,0.0223153489475245,0.0117437892517035,0.0688741679314393,0.0133355748018696,0.0391570352910601,0.0753347393072664,0.0199490687976129,0.0045689879796537,-713.017444105675
890,0.0210767632343114,0.0357549925805054,0.0290719137089806,0.00958304814796812,0.0606082333006658,0.00876300942800612,0.0454586039741838,0.0699391415218525,0.0241723736679826,0.00213899949200708,-712.32631196314
891,0.0648857818178144,0.0366814891917473,0.0259461297265752,0.00974983282931215,0.0850675159646327,0.00226333317979046,0.0480361188311016,0.085423093755224,0.020762587072053,0.00201692502798661,-715.899927979546
892,0.0322962968338934,0.0312768207162436,0.0259145425057423,0.0114380892057626,0.0585176548264216,0.0118102695104978,0.0482525250545631,0.087431611599382,0.0247247057703292,0.000754856749716112,-712.336942824277
893,0.0332054178008545,0.0230213860684283,0.0302978276688256,0.00913016532818369,0.0594967929962136,0.00522591262912407,0.0495468778169763,0.103591372319968,0.0235989675319766,0.000343966235989734,-711.649520013205
894,0.0250996112774143,0.0186548999099894,0.032714331936704,0.0217059456555555,0.0695290084333674,0.00941978355797114,0.0565609727324076,0.0827780154367956,0.02477494686484,0.000400192805622791,-712.350024249904
895,0.0258504387281164,0.0320296421877379,0.0473680984476935,0.00962368420632,0.0614156982032596,0.0170254872297594,0.0467161495627101,0.0819917189836111,0.0191250573150915,0.000882742920429198,-714.836182390316
896,0.031729203581577,0.021313970790168,0.017911694639383,0.0151108802554125,0.0598118693212702,0.0113826178898841,0.0461842129872988,0.0757642275194824,0.0272754203180303,0.00189229187092897,-712.823109658821
897,0.0307526821945702,0.0210178886953628,0.0474038404856995,0.0151875919269115,0.0744554165863262,0.0100287192836871,0.0264810309290871,0.057769479627931,0.0125280528879133,0.000627218962074254,-715.7676458992
898,0.0276129617283929,0.0108168681895672,0.0337029330812428,0.0180862387623293,0.0673098647202311,0.00371432290383072,0.0335359446484479,0.0559344316683593,0.0186737798313051,0.00348233231015048,-712.881123259781
899,0.0333716550148075,0.0237169916308879,0.0377572501721302,0.00772379265417401,0.0516550227495135,0.00578169336176538,0.0255212878137454,0.0605980989913681,0.0215757911448163,0.00116124883811247,-714.159999090651
900,0.0331520340511851,0.016240516889945,0.021691594331739,0.0216125621950267,0.0844894847520942,0.00499423721110487,0.0435529609797451,0.0766726186386617,0.0296679432927648,0.00118196536713239,-712.882376318902
901,0.0382722124969837,0.0140929658820405,0.028922186756693,0.0259791839290172,0.0575134385018496,0.016514059107223,0.0238831944365871,0.0522142266291827,0.0161401830204495,0.00120569343272821,-717.192186171507
902,0.0427349725921386,0.0261690853578386,0.0297329368664111,0.02553440179691,0.0596259750761217,0.00904732681900262,0.0257674354570299,0.0677620227404876,0.0205227045387427,0.00175753152330508,-714.681877454043
903,0.0404347081179956,0.00806301110520459,0.0343358674331554,0.0216983977425473,0.0635741272885178,0.0190867451448181,0.0429803705766993,0.085291583019257,0.0143307357889253,0.00296958286486296,-716.851558673546
904,0.0449184894345585,0.00624001918819558,0.0261205512388144,0.0158610470573225,0.0621887201294814,0.00879414597018585,0.0484879029957057,0.0925384105878758,0.0374246429158556,0.00295627356879456,-715.385612832856
905,0.0332205968286093,0.00736284589045376,0.0274478108307287,0.015879239486224,0.0825063807723573,0.00839719527772035,0.0655960231802403,0.0899614069905322,0.0135700507421081,0.00374398369835644,-716.262225900717
906,0.0467869512026737,0.0121739694488488,0.0111990394545262,0.0153664697129306,0.0578762464470329,0.00561336932234904,0.0698968213342927,0.0961132094313736,0.0205679737907061,0.00624122226786022,-715.257906521606
907,0.0487227981732238,0.013725842217365,0.0173274002986248,0.0111589141714685,0.0706484742937491,0.00622850840298226,0.0605756041215985,0.0826184212581296,0.0143031891971276,0.00674531033889788,-714.390828824246
908,0.0389784822598925,0.0198225523366416,0.0177850637308698,0.0114688504542613,0.0598710408274511,0.00473936615493996,0.032854905015205,0.0773723581717588,0.0256230655773955,0.000230549117300173,-712.927751658898
909,0.0317687067567932,0.0371172708483407,0.0279457294289971,0.01138168139802,0.0593174464963159,0.0140021463361049,0.037764601141241,0.0679126177005409,0.0219486890350889,0.00316250685876044,-713.362715480839
910,0.0325401870086316,0.0296326154271769,0.0307891301090805,0.0121409760050689,0.0662162998674286,0.0107413704747679,0.0311670224373699,0.0685412776598402,0.0231354455673851,0.00165150130631998,-711.730205525247
911,0.0354987522295894,0.0378188238745506,0.0241767973410062,0.00938197241009655,0.0638402937639833,0.00882709916835278,0.0380760834025898,0.0804449370424505,0.0190900023130294,0.00205548400961579,-712.435389133315
912,0.0448599107386084,0.0347989760264459,0.0329255467131994,0.0104305404392451,0.0678887665613303,0.00162221542698667,0.061772192033874,0.0918292244675915,0.0149436814788704,0.00336001969687131,-714.040447518579
913,0.0249113853435078,0.0206041080855156,0.0310021586141451,0.0215282326884082,0.0668497041655966,0.0027363697824359,0.0596201467091853,0.0922155411930274,0.0146824892214982,0.00244806394178953,-713.1119263918
914,0.031733717921143,0.0195045481957845,0.0233506054255274,0.00760944953486145,0.0882800683894674,0.00288719115653556,0.0373892262290076,0.100845181174363,0.0207931617243037,0.00707270594848017,-715.806289012595
915,0.0337411530371365,0.0261691184879076,0.0384001507402719,0.00782439345008944,0.0624988475562251,0.00451068879497068,0.0603085994886028,0.0878949012129109,0.0173062919130645,0.00256158662853112,-712.571659189468
916,0.0365789741600867,0.00953441191297561,0.017366133158166,0.0113119572281443,0.0699922681027298,0.00515372157522406,0.0501953490271624,0.0775214789591234,0.0363401695821879,0.00148417617117387,-713.847796584808
917,0.0286593751336163,0.0420757024931116,0.0247973726075104,0.00699721079005575,0.057726554845623,0.00383743067149049,0.0431130206863194,0.0889409784384668,0.0223862903895787,0.00119351678517003,-713.064890383474
918,0.00913716562497137,0.0396123936690455,0.0428365954220673,0.00662731867010239,0.0502448366477687,0.00655636619170982,0.045370799199661,0.0941342594421088,0.0261648351747416,0.00519705851467876,-716.923121515908
919,0.016636631902046,0.0355050935664942,0.0361689197503723,0.00725382445113274,0.069254743838262,0.00723428334978972,0.0612025496763976,0.0823560154433809,0.022936794012173,0.00358131301764639,-713.556141671855
920,0.0226856518063399,0.0209871934853949,0.0410427621702529,0.0185357179606264,0.083988092149321,0.0019741097281666,0.0615728010297571,0.08899091967972,0.0212462829189651,0.000487271254243499,-713.143347394852
921,0.0238338981353913,0.0290352534727545,0.026736633588583,0.0210089720834938,0.071448604680955,0.0029007378765493,0.0481474080165297,0.091194431355483,0.0264842692021518,0.00119072018528439,-712.157335616193
922,0.0396859272035871,0.00954058655211203,0.0253617196351798,0.00583281178603941,0.0714680374593038,0.00265065392473421,0.0551897365550939,0.0884130546288467,0.0255950697579409,0.00207022545423245,-712.644200202278
923,0.0348512297854207,0.0217077210965922,0.0309948752788955,0.0092064619220314,0.0486301501388509,0.00164625276627982,0.0595487066869202,0.103729522293569,0.0216476916879294,0.000866872904285893,-714.175776757253
924,0.033908941827185,0.018802299582843,0.0343449162587312,0.0205278420218475,0.0899229027235086,0.00206162656201702,0.0627856657881281,0.111414992045897,0.0236365189175574,6.28427683875762e-05,-714.474901523127
925,0.0220218085698666,0.0178410687334892,0.0300907457312776,0.00668295666377801,0.0571339609515691,0.00857489447326214,0.0539609473058197,0.0893102535566537,0.0286009684934066,0.00446737269934645,-713.02023782272
926,0.0408732683164014,0.0279323814060841,0.01479603339069,0.00530969173234642,0.0705350511873443,0.00259117056551542,0.0359735780811223,0.0915621864632077,0.0328017670716511,0.003021791908513,-715.825337157557
927,0.0372318427834909,0.0378053553225514,0.0324936365959152,0.00546712615004731,0.0446532347849998,0.0189931168048932,0.0500632553299756,0.0635299535958764,0.0201113809173788,0.00384558997698796,-719.274030068667
928,0.0128672090523684,0.035486071538891,0.0426613686692044,0.00751562226526927,0.0586644037123208,0.0060925591574814,0.0475232752371203,0.0776775637907913,0.018391366305714,0.00550105550964443,-714.476745780766
929,0.0285485479474292,0.0151767396602121,0.0460294436794378,0.00993959463943404,0.0493669767273354,0.00812538219657354,0.0318696742467944,0.0724262755501474,0.0175847646377007,0.00448202055140075,-713.9919881638
930,0.0349604611592925,0.0129087643291315,0.02092320658538,0.0145755729142107,0.0711913263792082,0.00305476694553374,0.0419153993680295,0.0825251073845172,0.0265807900272541,0.00419076261071385,-711.369705386979
931,0.0299303934830131,0.0146363526582858,0.042349637940453,0.0184758378852849,0.0687445733878557,0.00456853816527466,0.0460598070423768,0.0851882008039231,0.0277310688182889,0.00498846009218582,-712.28314235138
932,0.0364519731484889,0.00994444006582422,0.0425542304303412,0.0227200620833825,0.0643089792358009,0.0062124094766267,0.0506661368966407,0.0945967710857075,0.0196188917695936,0.00187573560280464,-712.942528012066
933,0.0332634633362119,0.024277293114566,0.0453376365028247,0.0171636262670649,0.0692569648391355,0.0155826523639192,0.0457320616284262,0.0718188324791146,0.0219645563184272,0.00049758419633548,-714.542326265871
934,0.0277499330225964,0.0148595640937079,0.0289368640710458,0.0165697788117233,0.0580233221147854,0.00525511425763041,0.0349641683350955,0.0577978292375173,0.0281370370404309,0.00836677128697343,-713.983142355972
935,0.0215213936741933,0.0272380034545481,0.0383338412115561,0.0152522925734213,0.0617199709321486,0.00274021261942507,0.0365286023694143,0.0641264572283755,0.033321063783567,0.0127962239583288,-716.756360226399
936,0.022490491247021,0.0107861440517424,0.0305700922499152,0.00849316082154448,0.0749877396515987,0.0033137841854389,0.0454063271421387,0.0912205347059761,0.0249750324032913,0.00153524035090462,-712.261462790807
937,0.0455370706294196,0.0052338779907092,0.0158948760178606,0.031905336464789,0.062319336990646,0.00389291989730846,0.0525515514832911,0.0918734818877684,0.014464295562892,0.00822042919007591,-717.641472941718
938,0.0431597016180366,0.0469439474724464,0.00290664443619621,0.0239341114365337,0.08622181601509,0.00327764725088971,0.0695685279750677,0.0942160475571205,0.0250105688789722,0.00548710526337173,-717.046206751638
939,0.0235583039380167,0.0313679997005251,0.00631459730960853,0.0278389522320545,0.0612215338770592,0.00345875344994312,0.0654395487763423,0.102499419592894,0.0184682371614895,0.0017984665396975,-713.715343231923
940,0.0250958294684336,0.031544396123292,0.00908261431716815,0.0459912157927821,0.0625254110610065,0.00307205675077892,0.0444470279110077,0.0839887019289824,0.0278652318659437,0.00130307754039865,-713.437446115316
941,0.0202694405369923,0.0349722747759033,0.0124220129147682,0.024790826562546,0.0594449901004186,0.0103871545104765,0.0365160182066957,0.0576632834144834,0.0221406474387427,0.00590780737968985,-715.085238824961
942,0.016611495785053,0.0362995915533761,0.011886878487781,0.0366818595399749,0.0534330742795509,0.0100628738805921,0.0393686712824888,0.0885028499165259,0.0147516407682272,0.00156650516825867,-716.025897411428
943,0.0178289927966767,0.0301030624510232,0.0176959873518045,0.0340399441707799,0.0765167711914116,0.00244000543275531,0.0547859650090087,0.112346992410658,0.0114730729225138,0.00320931587675661,-717.486346666764
944,0.0209744788569001,0.0522569862970638,0.00348841485758575,0.0146467806686177,0.0677246219050047,0.00958241692742473,0.0519105260721427,0.0923234184002875,0.0340021879483428,0.0039612483974688,-717.666624248428
945,0.0193480505315145,0.0459906341560681,0.0109717262350101,0.0247778300393158,0.0612131382148867,0.00181939219766026,0.0688803751418606,0.0923559557872918,0.0337312804830871,0.00199355288337943,-714.986763069726
946,0.0099638112521724,0.0457778237630298,0.0160543218110687,0.0189333825912475,0.0747221307152889,0.00122964820863385,0.0599209448813307,0.0883303802365733,0.027284992171885,0.00885222443450423,-717.107106441476
947,0.0332920116414367,0.0284356108947719,0.0324699854937145,0.0159813024414582,0.0765670052229306,0.00542481992690451,0.0441243828474206,0.079894027323675,0.0242099397245989,0.00439857569017856,-711.704775213241
948,0.0198728051952838,0.0245339092430028,0.031798257482409,0.0156989355027032,0.0801787358627609,0.00916389966695871,0.0389460502620033,0.0806580514703461,0.0175145643927901,0.00410923764606033,-712.904808485229
949,0.0307041974423619,0.0126686531754976,0.0279814339496332,0.0207178342089671,0.0817273977605601,0.000727674710804478,0.0529625214656777,0.0904114506601132,0.0254648307852457,0.000210306195142937,-712.243330661478
950,0.0362192570574665,0.0139506017547641,0.0150382618293464,0.00863007146136304,0.0821224740260784,0.00761974977003146,0.0460575352204114,0.0672236435070536,0.0272951024045894,0.00836576017120479,-715.749875798296
951,0.0318951708028482,0.0500312551407472,0.0209018042579359,0.0221788745095692,0.0786641980686846,0.00980568677208094,0.0446712602249934,0.0885102207903233,0.023591858384481,0.00922043106841097,-719.236490202529
952,0.0285806584931435,0.0197429939088479,0.0387931648567235,0.00372404973020692,0.0530819137213927,0.0176191412159893,0.0395510113399426,0.0601430013586263,0.0166478696988227,0.00557839897219617,-716.330197206506
953,0.0250122321951866,0.0232748702702682,0.0340303850037276,0.012033465239127,0.0519907511124356,0.0151949038544395,0.0339215082782597,0.0659613346059152,0.0210265335163563,0.00782419319965406,-714.08562605945
954,0.020816367094286,0.0219612143958187,0.0317641951441388,0.0117269380641328,0.0788589766961843,0.0148364030282896,0.0437022741325701,0.0780456248215274,0.0264212555785201,0.00221112309393181,-713.510640441572
955,0.0190615897453378,0.0171446800731186,0.0361505497596112,0.0183516721116815,0.0672607888840216,0.00991935974942256,0.0368999163618697,0.0674395723506831,0.0323532476430719,0.0011784494743366,-712.404222815591
956,0.0264954512338083,0.0167991364067768,0.0289898322852823,0.016550296586326,0.0487280265002206,0.00794435918746998,0.0313942920240275,0.0825243466066631,0.0305385233027486,0.00109196432327583,-713.99686720485
957,0.034335878720819,0.0332753250183806,0.0399183352361989,0.011137528299316,0.0541216698194035,0.00718629248981052,0.0291859983126748,0.0656751635179488,0.0208433306674719,0.00723543809078941,-714.403188089656
958,0.0389294173552453,0.0245681921515286,0.0320731946843814,0.0105785211501912,0.0839331935908811,0.00524829452543143,0.0341853895515277,0.0810975290038466,0.021178495806366,0.00819831724461057,-713.748557124587
959,0.0367591100626229,0.0210575034072218,0.0314210294137087,0.0105509101367386,0.0950440307737096,0.00498444189852205,0.0552623701634279,0.0670756933024769,0.0196652630164026,0.00814307746688841,-715.92023764105
960,0.0325712721199775,0.0203882479105584,0.0326474055189767,0.0109274555527613,0.0862028414961819,0.00575350417704875,0.0225979967690747,0.0689798596933413,0.0172774961421939,0.00814106544749493,-714.885647901034
961,0.0306910022305474,0.0238782713481872,0.0273654581827422,0.0103312042454732,0.0844806869874332,0.00332695444273239,0.0255438124890843,0.0624921851614694,0.0245985735960254,0.0054203974007553,-713.38856495993
962,0.05413745182016,0.0114253297868014,0.0278139601467292,0.0157398832236898,0.058323715922849,0.00882948128192851,0.0418893500851166,0.0688513086172503,0.0190112728645247,0.00172703848488166,-713.918448462619
963,0.0281124591943158,0.0219541713866418,0.0203095918565749,0.0142567877968295,0.0700877647208745,0.00639521120183531,0.0438543526255973,0.0948585366284707,0.0187507029274567,0.000193347596870806,-712.400697844764
964,0.0323008030228035,0.0164676266891389,0.0472207670732282,0.0276117380035865,0.0616764292512895,0.00929818486729715,0.0473466145372453,0.103309017620019,0.0280044562403709,0.000782065424559045,-715.258826921824
965,0.00758125818644975,0.0198775155641023,0.043449369307282,0.0277877446436286,0.0441834314725155,0.0221415099163268,0.04841769346069,0.0779825769773269,0.0264352350471572,0.00175293709045825,-721.631698248854
966,0.0105744512334276,0.0326551873343524,0.0104137314669294,0.0360519261157576,0.0669327563592477,0.0215672798122344,0.02899219182251,0.0538939939164797,0.0224542117264327,0.00431657717704963,-720.165395335022
967,0.0205654167348183,0.0359043668110521,0.0287508270016676,0.023771678358822,0.0551281741183266,0.0223243635920578,0.0236907438442041,0.0747065071060949,0.0210105867623145,0.000469271585705555,-719.296496894176
968,0.0297872921661328,0.0169396552167719,0.0259134068095411,0.0243770970857385,0.0465352255490308,0.00831315552411256,0.0253498027057773,0.0647869078914489,0.0174034017599566,0.00460119585229989,-715.881472412454
969,0.0322541231280432,0.00745384249005539,0.0476634130029193,0.0137622972679557,0.0808365233737262,0.00754119262971981,0.0339748292283077,0.0818853618979937,0.0245061657642948,0.00490687407536289,-715.101604752749
970,0.0124256705475426,0.0163714030888379,0.0322285748965415,0.0103086002526848,0.0827772855880121,0.0077340601065304,0.0260015633547889,0.0808796750351876,0.0203905982082208,0.00475284252206054,-716.109340482477
971,0.0448411420011604,0.0302008311313871,0.0293347969582367,0.0214989289985536,0.0661411655575108,0.00186573349840231,0.0544771664393586,0.108670117330146,0.0211137796213648,0.00511146885935279,-714.977932631964
972,0.0196808936132508,0.0133288215521466,0.0292177051864483,0.014169386167721,0.0690155786538221,0.00996139675047656,0.039266771960908,0.101025783167494,0.0306254119976161,0.00216520200947142,-714.496338980584
973,0.0350491216996209,0.01165454701847,0.0295046780417868,0.011962965972822,0.0653208379810244,0.0115461724783309,0.0828172027870057,0.119357741588853,0.0218065043682711,0.00249136301729798,-715.307708115291
974,0.0260313769920892,0.0173583827925557,0.011715796215189,0.0421287477669226,0.0582482986719232,0.00929473514297115,0.0476393241295882,0.0713410385410959,0.0275520616550979,0.00324115248952254,-714.703089561055
975,0.0211698263199111,0.016532502754623,0.00593083349751814,0.0505995230668899,0.0737738013114862,0.00904591958609885,0.0495688510765537,0.0968494426858184,0.023257230274696,0.00527344155225198,-716.218172894259
976,0.0196679410683008,0.0227985815305299,0.000985994707851789,0.0454958954386263,0.0703457445499125,0.00608774165091406,0.062340990742155,0.0789315587279259,0.0255251378507591,0.00668910569107619,-717.183626793092
977,0.047768107356343,0.0165917034937356,0.0090583776690826,0.0341580518236756,0.078283581746146,0.00308057800850128,0.0811203753105562,0.093107228237,0.0202074923439385,0.00807230286302183,-718.616840718067
978,0.0385677969793013,0.0275215799721552,0.0072114589001351,0.0343616031930664,0.0693900985513799,0.00364839522675551,0.0529112602623979,0.0945094826433565,0.0197869305043054,0.00149284047112994,-713.066207026896
979,0.0233090242352419,0.0271218649539156,0.0115683677982263,0.041963630476886,0.0735116191532679,0.00865451006326245,0.0523247943416657,0.0711721558756334,0.0363111323481542,0.00156436946939155,-715.417831897898
980,0.0163360449007005,0.0369335751100085,0.0101015941487253,0.0415751537087931,0.0657183807224425,0.00967942260471436,0.0474826912939683,0.0809589644278555,0.0366408254327815,0.000631343047835456,-715.102559715237
981,0.0267896945719899,0.0462910068459349,0.0156279046168894,0.0599945130017335,0.0654254566935664,0.00946178235928845,0.0509727824332995,0.0869018684969105,0.0230506804347825,0.0100653762955106,-721.562950589365
982,0.0108609779797919,0.0126358565028479,0.0153503006604789,0.0128486418456071,0.0616064614925008,0.000280604002886886,0.0521155644040052,0.102983000553393,0.0261595434441403,0.0120449036873245,-721.639790763981
983,0.0641837023632222,0.0146394358793564,0.0206878418584201,0.0104655356089178,0.0786640560648152,0.00201101752398948,0.0704168227467081,0.0906790646513244,0.0237609916927944,0.011615734843911,-717.620588731038
984,0.0623560770489527,0.0244921693227683,0.00534364531147278,0.00797113279972677,0.0395374638728003,0.00396851562439663,0.0454546769175354,0.0940124395110508,0.0166220259284157,0.00831351059454932,-721.955786541116
985,0.056074666205296,0.0197986391996221,0.013800063830706,0.00826510806913216,0.0888733729872408,0.00445189454130046,0.0732803663118049,0.0902828104532025,0.025791412200333,0.00913000965050825,-717.551871991487
986,0.027445063501544,0.0277008617637221,0.0354532693775752,0.00847421924653862,0.0542523678946544,0.00996409232094856,0.0311262381449027,0.0682041411049388,0.0245560136544511,0.00788578989074926,-713.316788133549
987,0.034586319373949,0.0184758958327955,0.0286640889432885,0.00771988080417996,0.0855833819257677,0.00416073399789108,0.0415493987071181,0.0702259967052578,0.0135185022142831,0.0041278372593294,-713.172543838864
988,0.0298975326716979,0.0298952282357603,0.0263171373115066,0.0125900523738523,0.0554458677014386,0.00733548430627305,0.0297850697565634,0.0652562608681979,0.0226788069852465,0.00667047266217808,-712.908960917513
989,0.0389931249206569,0.03226659020654,0.0433574651795516,0.0116377194966383,0.0765057491379264,0.00274480114230159,0.0434215073063494,0.0852054122617463,0.0184857337773032,0.0004154705867117,-713.513611816233
990,0.0338618453950476,0.0173817626099465,0.0279757504303779,0.00731185955836778,0.0782675957831407,0.00233419715092449,0.0480195709743431,0.0843282401944318,0.0245941478840393,0.00598146664681342,-711.598919978278
991,0.0305413149145615,0.0308717421428262,0.0343500104479346,0.00505132769812902,0.07909176329988,0.00271978590333007,0.0509708671483178,0.0959211578412007,0.0123040216552361,0.00617482155201831,-714.324169950244
992,0.0480716340508483,0.0236586236679322,0.00805478502743626,0.0422484477849904,0.0816182672163195,0.0119759356631979,0.0841231032931106,0.0963763471365974,0.0237492986298521,0.00840147236044514,-722.258909265668
993,0.0145819020845065,0.033553173392547,0.022984038835783,0.0450995107929372,0.0818528789948607,0.00448305294551197,0.0342432296397735,0.0760627454983578,0.0224994583611185,0.00608407037201881,-716.335675398765
994,0.0158994974845018,0.0372488919770623,0.0262325340244606,0.0383609686954311,0.0825023797129413,0.00570096970235784,0.0723083837846457,0.0795196439374816,0.0152053295327369,0.00406236381973389,-719.945261171152
995,0.0187828758115617,0.0216219936428005,0.00710908075279532,0.0397213866559747,0.0810672004342068,0.00213783293462748,0.0260691967460676,0.0558191504363121,0.0312845345456999,0.00304060808100499,-716.21346864386
996,0.0258426859523828,0.010402712466414,0.0123743155843414,0.0452749088722978,0.081253585655045,0.0024916183336841,0.0359118490783576,0.0753178157714076,0.0293939340924594,0.00241128182923928,-714.827595269962
997,0.0400800848375912,0.00738990099700004,0.00195668605563623,0.036301013125104,0.0697288150516686,0.00675518104786752,0.0541644359327185,0.0805477374358544,0.0303603330140929,0.000494023890217286,-716.182442405297
998,0.0340374019636844,0.0503145372574791,0.0043541191194103,0.0366611428974057,0.0755401672039315,0.00374720000832741,0.0449941866119261,0.102294948495513,0.0192763744907426,0.0103546546202485,-718.38566730894
999,0.0328379649573088,0.02807541618528,0.0168153593700715,0.0248953298346661,0.0654874208922015,0.00311489026184514,0.0507308289049921,0.0772707951643746,0.0197413534211093,0.0120607749382423,-716.350812626698
1000,0.0357036591452703,0.00780338439994671,0.0234049351303048,0.022344102232671,0.0810355233821896,0.00217995401156411,0.0417201764195308,0.0860140042752162,0.019121782426346,0.00114254753318908,-713.434145726615
