"i","asc1","desc1","asc2","desc2","pol1","pol2","tran12","tran21","dem1","dem2","p"
1,0.0386294734560279,0.00215680862994875,0.0013961268007974,0.020965950298407,0.00857093428641094,0.0119027847813784,0.0256437239130975,0.0155780622356121,0.00104780236977579,0.00354460075439266,-924.46721776266
2,0.0133850894997327,0.00313191293357875,0.00284519107680419,0.0263381658024246,0.00748183288813783,0.00864039955117818,0.0258317877095596,0.0570008376695966,0.00311533250074279,0.00655922339707508,-905.019885004501
3,0.0106369958550529,0.0336408930897943,0.00209700938130849,0.00732968747871947,0.00951086598384483,0.0108604723545986,0.0256478188186273,0.05582728916589,0.00311997822504051,0.00351971295516558,-886.863291875936
4,0.00328790729654266,0.021967711093757,0.00545659144264229,0.00707495205105596,0.0094197108840987,0.00677869223392454,0.0284050727882677,0.0476650651993978,0.00223769034362277,0.00587910712308095,-878.324855495034
5,0.00282679018506136,0.0227518115630256,0.00459798084737461,0.00962304962383259,0.0080481028160265,0.0128453262920147,0.0165329021996525,0.0118945724491256,0.00216691089203813,0.00823848857782301,-873.525709584473
6,0.00345707392375006,0.0226707610417196,0.00326279956687301,0.0145012171279758,0.0100016316320281,0.00865786172790172,0.0168051608930267,0.00576964934746098,0.00223941480901121,0.00514146922421683,-874.36901734561
7,0.00259615071255229,0.0234965237358023,0.00212910753121813,0.0160650438620278,0.00965765744941719,0.0183782696910657,0.0164678255823877,0.0238568534375925,0.00232940405083297,0.0022509862939174,-872.731742686002
8,0.00497858277675305,0.0246173009333497,0.00155272673105721,0.0159570109392624,0.0105343253328701,0.00678735252919778,0.0186878612665855,0.0256989866850407,0.00240297030607682,0.00855582126173355,-873.497388454609
9,0.00497910900689755,0.0189363448289039,0.00200106385189159,0.0145780922715711,0.00748745719175218,0.0151955500954764,0.0146369280509268,0.0251255684791183,0.00480918799501276,0.00893304699417612,-876.94127092691
10,0.00447037151689472,0.0172020332431383,0.00410339120754397,0.0152626041330444,0.00639980882817086,0.0127790957238556,0.0216451950030139,0.0250632384056986,0.00265327112595429,0.00183460706766114,-876.388221980756
11,0.0101194246586631,0.0258833399746982,0.00180851662849215,0.00509366872543775,0.0101458150844596,0.0120439291138365,0.0165697253606676,0.0261388769534262,0.00343044779400042,0.00461047057743502,-877.332829478637
12,0.000938322448775269,0.0244807233687204,0.0096003950701693,0.00862152147552919,0.0103902959344518,0.00538418367900553,0.0162276210340568,0.016834498925708,0.00297352102225595,0.00723218209389023,-877.756604967928
13,0.00280031692117776,0.0208669704647726,0.00627943149197133,0.0173595481077453,0.0116035430506495,0.0185056929656641,0.0167420718807857,0.0164240632259301,0.0028278868710816,0.00796566883032856,-876.092218290644
14,0.00352339368119298,0.0231959616819957,0.00357046894050705,0.00900647867332003,0.00781659100838416,0.0132984617558797,0.0185386132180073,0.0266828707962732,0.0021078560327501,0.0046937970210079,-871.769645750113
15,0.00243668095574995,0.021917928589303,0.00439991383826196,0.00915526929239475,0.00952719247714457,0.0129405894043945,0.0186651886436146,0.0262828361392502,0.00311592310350191,0.00230650540119166,-872.305389831226
16,0.00576351611612627,0.0259921447509583,0.00292194430130463,0.0121675536106557,0.00901164350866616,0.0129343874413274,0.0174078518488083,0.0223940446001181,0.00160614441073525,0.000948347203389726,-874.375040258662
17,0.00302015702983695,0.0321770144734217,0.00327979837740749,0.0115652708470984,0.0106884409216747,0.0136007832013954,0.0155771775219247,0.025742250469029,0.0017413387589923,0.00499972659887424,-874.277067892926
18,0.00417460258641711,0.0224430054010137,0.00258401618166018,0.0124348927367475,0.0100906325997129,0.0177001146365771,0.0152333961906212,0.023796601062768,0.00203907108066397,0.000790538488129035,-874.478524439509
19,0.00346588973762544,0.0237341406531914,0.00223359710326283,0.0122736397431832,0.010080160705565,0.0131006567411266,0.0144814750759268,0.0180840140829301,0.0042998169301453,0.0031636739014056,-872.361774348441
20,0.00627568831355695,0.0177214253036408,0.00535098004483391,0.0132703397066458,0.00877538093586727,0.0117504331948819,0.0139373747983785,0.0148977892214049,0.00113566378392147,0.00541801420080239,-874.681760567779
21,0.00279578973106098,0.0239058865946962,0.00320124126822534,0.0167275215223233,0.0109695200665359,0.00832323933782162,0.0161267169611067,0.0356081920106852,0.000722870634724258,0.00490987867118097,-873.782979058111
22,0.00314612003634932,0.02306371768377,0.00482707202928894,0.0184616012657461,0.0107406599006449,0.0089063248407256,0.0193213231089827,0.0294005372878296,0.00379234802934916,0.00312136877720639,-873.324705907294
23,0.00390092583343339,0.0208384583581411,0.00604396768647767,0.0210726138789938,0.00972931547985969,0.0181382405564371,0.0164756641945973,0.0183416534819863,0.000990930496565446,0.00291753557606944,-875.477434475659
24,0.00471020688353027,0.0209007315430589,0.00219799607335178,0.0208740460258605,0.00879391689618473,0.0204078926445989,0.0143697484380314,0.0180052061381358,0.00130704317084375,0.00493685264766239,-874.975504349715
25,0.00309551265876219,0.0228799159722557,0.00281281312374777,0.011303775513845,0.0101863757816374,0.00775283659659959,0.0123914929511421,0.0226291526984817,0.0015934356888385,0.00422313119280234,-871.830934500008
26,0.0031121051376566,0.0277005445295491,0.00548927525621015,0.0157081987358986,0.00849858587472611,0.013449508088894,0.0141912505788207,0.0330258963147149,0.00143996632053992,0.00519697887420838,-875.438985159997
27,0.00301115318659117,0.0238898506992451,0.00164735157625773,0.00719246567908175,0.0118072248347401,0.0116256271639704,0.0238415988178023,0.0429799676615809,0.00249845544701949,0.00317286441749883,-875.659805940842
28,0.00532392350387486,0.0241668449648647,0.00449272348396164,0.00432724672868434,0.00735732725058001,0.0197575572042939,0.020172969432623,0.00916853403335837,0.0021275430746258,0.00448662623869752,-876.748776322051
29,0.00451339273998132,0.0219470605619574,0.00152178787313743,0.00575559538674008,0.00884880740974863,0.0201648559007882,0.0121427039554994,0.0176055226323868,0.00255661894779956,0.00538197059200169,-876.392430243073
30,0.0046166761883902,0.0188418564250832,0.00264885698623983,0.0276076044585974,0.0104395612823315,0.0145021297774063,0.0143151503445598,0.0167401760087422,0.00231784159964343,0.00531336633406839,-875.12339839325
31,0.00681664871896468,0.020660169245055,0.00169462144018047,0.00430930056245255,0.00988772171691615,0.0123069868873821,0.0219854683403348,0.0300856420128651,0.00319568347885156,0.00622056585842163,-876.246267487721
32,0.00509019810031636,0.0203936014141878,0.0114194405384896,8.28595281063052e-06,0.0110693476548618,0.00875782432455761,0.0239374097881777,0.034256658756449,0.00259870805390417,0.00803111653582074,-877.296526465338
33,0.0032852400799647,0.0252518314241477,0.0103199179309775,0.00179451579325192,0.00888431564823341,0.00989598639839012,0.017051370750194,0.0126500173300353,0.00112698601085962,0.00777307040080974,-875.192334788301
34,0.00399562034196119,0.0251813110121081,0.00318809406653202,0.00782597640021644,0.00908583736768634,0.015030047267153,0.0146772620318989,0.00946684885391358,0.00292969309011602,0.00324230107429271,-873.602896767331
35,0.00364817889906389,0.0223922005267163,0.0101074173974292,0.00930391000478771,0.00887201815478774,0.0143093646330941,0.015189375057533,0.0209868383051316,0.00477812187550439,0.00108405117977742,-877.439472688766
36,0.00575991496672135,0.0193230546871592,0.00357369318352103,0.0179236159866298,0.0104624261109061,0.0128438997694375,0.0147117832079229,0.0164399274577032,0.00393199721352611,0.00645044330838404,-873.794324355461
37,0.0051829288085391,0.016532241654414,0.00393325411110085,0.0177669637370162,0.00888750020669254,0.00783201453645017,0.0159816400104239,0.0192372604968079,0.00116468574566175,0.00411919915997911,-874.128409918242
38,0.00336899946700231,0.0250417489471073,0.00104454455730094,0.00473539419053961,0.0116827106832573,0.0111867393879819,0.0146599756519838,0.0151293993000691,0.00334245057211492,0.00899522127406131,-876.414846370988
39,0.00610301534399467,0.0171692214607748,0.00799203423817566,0.00389849060372541,0.0101779877088654,0.00578912839869863,0.014852742696523,0.0234468558200516,0.00422650724640353,0.00338866591704593,-878.415056427827
40,0.00446551836962275,0.0282056233672984,0.0108499311653448,0.00107932845748103,0.0112159996776059,0.0103780693365072,0.0215336440470801,0.0312718744931968,0.00316046436345699,0.00339048241949287,-874.398097258848
41,0.00401899594758336,0.0286879433320829,0.00485487875050668,0.0104857838165805,0.0126286383856502,0.00934787778830145,0.0224335845023273,0.0308190467223573,0.00103710627432285,0.00281327607606971,-875.228734336544
42,0.00391835349299528,0.022718765320918,0.00422066025957895,0.00841738989961932,0.00848111762857296,0.0101901811033484,0.0217306024263346,0.0267406722560476,0.00314997460850707,0.0067286535466509,-873.819587854655
43,0.00377256714758299,0.0299335441998329,0.00247422670906745,0.00726234092612955,0.00880690919822759,0.0218406707949318,0.0218961969626431,0.0150394345564046,0.00320195854173013,0.00747986634923655,-879.94449595918
44,0.00340048384860151,0.0210263218910931,0.00708608235632811,0.00222799604394307,0.0081230676956733,0.00561754263753696,0.0206892732438295,0.0383103538411911,0.00168495118562161,0.00370279562752161,-878.171862129234
45,0.00261060129211372,0.0206815253180635,0.0152377327059042,0.0189590099969393,0.0102983729970117,0.00755764111761326,0.0199851136696771,0.0322395662203781,0.00263901011995567,0.00436945166323762,-877.365240118077
46,0.00276765520283506,0.020930219605186,0.0133056140727765,0.0116126701621947,0.00963703732826017,0.0124526703429762,0.0229738441092167,0.0306253148590409,0.00225006408728109,0.00254282818623482,-876.827600500821
47,0.00317154358125465,0.0216341142130669,0.00856158507207474,0.0107324999933914,0.0101891358572064,0.0145412666047043,0.0224140963434175,0.0332935782953332,0.00223351856163573,0.00422782921935233,-874.785918080365
48,0.00306395124531756,0.0232618315045637,0.00190009759754997,0.0120853520110274,0.00980397715499695,0.013206339934959,0.0229604267765819,0.0287750894049728,0.00410750864031111,0.00234316090069834,-874.300115544315
49,0.00487808573961136,0.0196654116735216,0.0029382665066281,0.0157493000816683,0.00919497351138286,0.00637254489993387,0.0221669467827758,0.0353334379393425,0.00125022208396943,0.00337328622176751,-875.101249264371
50,0.00193744818201161,0.0215078346701796,0.00246174301287218,0.0189825845840165,0.00929133782061784,0.0089972235382015,0.0255527900344191,0.0279507423148123,0.00199791148779021,0.00490358157388848,-875.640593815629
51,0.00389207953526514,0.0179747034838986,0.00723086817019871,0.00469985548600186,0.0127939343901375,0.00649537991848796,0.0180209535148394,0.0175167717904713,0.0037963910831592,0.00632898350840291,-877.710884495314
52,0.00277023017639315,0.0306409615460768,0.00256136973606645,0.0201127738917046,0.00806774883717698,0.0162356520019289,0.0143327762089962,0.0130975214597084,0.00289855478232477,0.00628357698870625,-878.816870584572
53,0.00468721692541922,0.0272263393033355,0.00144519558529363,0.0094169238417363,0.00874696517907848,0.0146828157621549,0.0145420198012668,0.0206018358834067,0.00401479440662668,0.00662079655881047,-874.999596238834
54,0.00767974363564417,0.0152487194030347,0.00603960147185142,0.0141573011754221,0.0102831948268671,0.0172532955210902,0.0174553994074769,0.0181808757289185,0.00236969537647598,0.00333215610401935,-875.046038554522
55,0.0065286342475422,0.0214033696501854,0.000732692699552654,0.0193756898236769,0.0094901994321598,0.0140194577519586,0.0171172115031148,0.0293459869635596,0.0020996586507201,0.00437685055946127,-873.158329130332
56,0.00350245377138608,0.0193128548378496,0.00462010850663737,0.0112940982488486,0.010925297799382,0.0163389778278475,0.0192619956939309,0.0214935313828251,0.00198559932061391,0.00620923543550953,-873.407273813143
57,0.0020941969459095,0.0208114503047735,0.00577930507607156,0.00591394497219554,0.00922768953452334,0.00778361161269912,0.012219410316989,0.0236126023812034,0.0054210198766088,0.00821320986762943,-880.738084858061
58,0.00538422545439401,0.023274126052752,0.00245683713601385,0.0104765975865149,0.0106171202734115,0.00877619770675559,0.0171315250499859,0.0245698239718511,0.000779575507976668,0.00640226923413606,-872.710111706602
59,0.00359193201736465,0.024204057676812,0.00539673268298223,0.0133546936088012,0.0106245824596155,0.00845572589757731,0.0135647862708398,0.0313576375723142,0.00136092805047696,0.00658629421466567,-873.555573952835
60,0.00286979278081267,0.0225179942282805,0.00343404133871639,0.0159307916898307,0.0116085403159123,0.0126841807593489,0.0148423583064482,0.0242624123342839,0.00232363235777687,0.00642027621246377,-871.781678846922
61,0.00247771104120754,0.0205539746203688,0.000721120842778591,0.0186287364325064,0.0114305097751669,0.019934891951512,0.0232682814387956,0.0298165612356231,0.00132148317145024,0.00420891182350706,-877.827724999386
62,0.00187844040004601,0.0239560813025443,0.00690666628538331,0.000275794666210005,0.0113566085837621,0.00805954425875617,0.0203875886269304,0.0177193624404188,0.00111443284720616,0.00567349065684806,-875.789590105284
63,0.00614626717785165,0.0226408444200881,0.00403101737899579,9.73978924842717e-05,0.0110960122890244,0.00989544795231426,0.0140311959778747,0.0163685371976495,0.00369968706895737,0.00393797968633494,-876.643042122901
64,0.00488987616863802,0.0264433972538574,0.00339681086906689,0.00941633738175223,0.0110837405203558,0.0114952417355022,0.0165730566536008,0.026549796126582,0.00380592918235891,0.00293256566950193,-872.869156908607
65,0.00462716335006674,0.0190130054777494,0.00818605699982415,0.0155878166006462,0.00881403355743828,0.0174627045412056,0.0197153161123686,0.0253174051890515,0.00119126681976068,0.00549290009187856,-875.866291374316
66,0.00654187150084163,0.0177055520693135,0.00685204988981178,0.017278338616093,0.00939098125569104,0.0148037384167549,0.0144520016351474,0.0090981273585541,0.00411357684523324,0.0056982799708433,-877.481034323584
67,0.00455251321492719,0.018489005012566,0.0100543086102351,0.00208316823382272,0.00722866861851997,0.0109077060770286,0.0127426200593411,0.00852787912973603,0.00453706169193257,0.00262675763462684,-880.818499433573
68,0.00555980066228594,0.0195401378834995,0.00726981330174821,0.00406324302639217,0.00764433486922055,0.0187598328068944,0.0192366948748105,0.0241111461816759,0.00451192744213915,0.00814242190477865,-879.274672091276
69,0.00745756975168104,0.0222212678607738,0.00700942104793819,0.0133645734060414,0.00819340757192752,0.0103597346445341,0.0206069932543844,0.0119679126522491,0.000899745042802459,0.00816436065844211,-879.226095870318
70,0.00300704773365843,0.0226877257204876,0.00467141329041262,0.0139859007965654,0.01014044019977,0.0110479656693002,0.013532055956768,0.0383819032921321,0.00070998623762634,0.00605062342392798,-876.290806593604
71,0.00984463239478741,0.0306056101380081,0.00717334819339505,0.0131175878016101,0.0110600581592273,0.0116418415121865,0.0257865385867429,0.0386247975168886,0.00219392964180269,0.00501530996723842,-882.962450591642
72,0.00859722727890221,0.0171705405243724,0.00464239857309724,0.0147438200974991,0.00883883704766801,0.0131763225713081,0.0232171948335605,0.0354003215172496,0.00171572793435326,0.00565962237955818,-876.22852658437
73,0.005777568935812,0.0166082884005069,0.00466284428705828,0.0177417943837301,0.0106610841505615,0.01384635413148,0.0244981593544298,0.0332090776974363,0.00313293151384968,0.00564990966566521,-876.460733190568
74,0.00635730773724229,0.0177277120559912,0.0071063725726115,0.0024868165682901,0.00869904212185402,0.00730656330359395,0.020328727479479,0.015752231403654,0.00339326647571528,0.00599498399160161,-877.657746756644
75,0.00570450244277199,0.018008284889405,0.00458466162742903,0.0200108719040792,0.0093146387858808,0.0089436944956051,0.0190408302175213,0.0170326534650629,0.00318107472573123,0.00707544726408995,-874.744624338063
76,0.00391098493634078,0.0250688657660674,0.00250261682394532,0.0191410832969786,0.00959547857602722,0.0133554588033386,0.0189477980636682,0.0185380587844583,0.00282076877690276,0.00492999733822571,-872.9573927937
77,0.00157934050640817,0.0236361964234624,0.0105796506395481,0.0155062145741191,0.00809400620105338,0.016249756980809,0.0163259262293944,0.0309708758606048,0.00221252403293327,0.00433730500993327,-876.585176821119
78,0.00313506785694292,0.0237753142129894,0.0149634851599888,0.00679148419274307,0.0109268562345933,0.00451592202795268,0.0179633034075698,0.0200676723692376,0.00248514786988483,0.0100314293129126,-877.871596382871
79,0.00461716595341716,0.0229438358281189,0.00586466482258307,0.0168640725609026,0.00794258340747219,0.01766116187131,0.0148453384724706,0.0178630410511605,0.00206747310330484,0.00889491477812508,-875.576844925964
80,0.00394286552914448,0.0166676296793105,0.0036123022067686,0.0177782227531341,0.00981278895729985,0.0210048249098945,0.0151872018818348,0.0215546438144368,0.00438323687555683,0.00607493816732931,-876.548046623509
81,0.00837956245103265,0.0182388037140277,0.00286724887565858,0.00978787889872789,0.00968083896352928,0.0245744439008146,0.0150080978693317,0.0302418701603825,0.00469102886989896,0.00337770017860486,-880.43126154568
82,0.00683225493089002,0.019697586419483,0.0012530009862262,0.0104346856269654,0.0112821760587018,0.025248057033038,0.0186685371461135,0.0181228887400881,0.00362928163087367,0.00705425804040914,-879.183772220865
83,0.00664734071510732,0.0211522816135295,0.00249058948766913,0.016512992132354,0.0099107234513903,0.00505440010479915,0.0173605536054318,0.0187275765203037,0.00231708044185355,0.0114099326514551,-876.416720605562
84,0.00197933275581621,0.0179034259449622,0.00316820080451477,0.0173359117757926,0.011343993054503,0.0110166333548459,0.0170906060053621,0.0282962466446188,0.00139902559980554,0.00738072669356691,-873.39912723597
85,0.00849372732030291,0.0244110435589225,0.00256265424674345,0.0225224552304959,0.0114944345752999,0.00545740204691027,0.0181111320875492,0.0209312275744067,0.00207229006740724,0.0082826826862271,-877.851697522748
86,0.00728537132923675,0.0178724859187007,0.000859787230740971,0.0120473426939702,0.0100279422061041,0.0187051716678704,0.0186106955339739,0.0234512621144115,0.00131448596530764,0.0115662204724453,-877.774448220815
87,0.00597730215195928,0.0179446185881975,0.00537048608092555,0.014130626111362,0.00557332524125042,0.00933554508516052,0.0191060712392013,0.0261915264383693,0.00376740512113481,0.00123198736094383,-879.076539800268
88,0.0100932173544098,0.0159871722899233,0.0121145236395573,0.021665886537842,0.0102106986776147,0.0129504083874111,0.0171307849818072,0.0221813623709872,0.00299132558129601,0.00933072223195767,-881.028832567509
89,0.00205980160872925,0.018092185197194,0.00864593977812265,0.0119823303618722,0.00879812158876481,0.0289021913920625,0.0155606366868692,0.00956526462768732,0.00113972758554247,0.0124766042951965,-884.268115844786
90,0.00468403943018225,0.0212778715794032,0.0119208025664719,0.00856841941978312,0.00748553886625342,0.00558874357320644,0.0151769898674349,0.0132833349619562,0.00202270660672913,0.00862534623636083,-878.799051324612
91,0.0030246529856856,0.0241624123551062,0.00265908253501847,0.00804003534793837,0.0103290945046384,0.00689737441169658,0.0186359220823424,0.0127139516468933,0.00283333231228356,0.00932700878796962,-874.905616995907
92,0.0038452994826447,0.0190936524837881,0.00871197544611824,0.00532416521337796,0.0092447550444973,0.0140074791235945,0.0162905890752466,0.00971375988050151,0.00301207017548964,0.0063750491377128,-875.323436617659
93,0.00504716656416427,0.0187139208369995,0.0111036934907755,0.00073962804407559,0.00966768551421979,0.0170998220474566,0.0176714646175574,0.0152508418193073,0.00339165670595225,0.00402948372312349,-876.291863745881
94,0.00675022665126905,0.0333467963257258,0.00504231457145017,0.00866025550959268,0.00892867067965483,0.0109704614354242,0.0143328452844708,0.0222137989211663,0.002972545215661,0.00456075237375373,-877.343547860937
95,0.00446424998518269,0.0352424172233779,0.00162759304795398,0.00962966602084578,0.0134412266656381,0.0102813506504524,0.0184338256925739,0.0210440723837884,0.00296861954389163,0.00246991575080437,-878.249675730445
96,0.00564052364384885,0.0334274159182898,0.00521079976270877,0.0123710436478502,0.00901185544890926,0.0131441507459094,0.0151669444623385,0.0277529279140183,0.00311208430944045,0.00636245260244817,-878.420037586294
97,0.00417130389661026,0.0337214221613207,0.00275222860357249,0.0101829676176615,0.00911670342231909,0.00938928962661116,0.0208584445482065,0.0308275443205698,0.00277431839947367,0.00705696304026356,-877.097507267373
98,0.00369843911408932,0.0134977680610257,0.00075461620409049,0.0207321633818975,0.0121252311115362,0.00689985272126236,0.0178645323507946,0.0177571466063896,0.0014147010168583,0.00499113654831909,-877.990998352368
99,0.0112323512902017,0.0290476191127571,0.00689957063949811,0.00095129065359149,0.00903664401036015,0.0128756731262574,0.0166292606317785,0.0249083918383886,0.00131590634273281,0.00356423279583597,-877.755842823281
100,0.000707331738558475,0.0232350058657266,0.0211051516963736,0.00308736223418632,0.00940105807815149,0.00646053809618187,0.0188948343933826,0.0302281119149386,0.00211535257351269,0.0070300741613561,-878.530377024406
101,0.00752089708010176,0.0227375091662864,0.00162749553276493,0.0235334354417244,0.0134584724338338,0.0120794179510177,0.0212037444088672,0.0311548134516723,0.000562057543177213,0.0083158450486676,-879.467239602378
102,0.00263342408900076,0.0165172674843773,0.00605211924242894,0.0264596281974165,0.00856830933283196,0.00841157576841456,0.0187270675910345,0.0367072376106476,0.0011529727147476,0.0115799513510534,-879.817941651356
103,0.00355588428464067,0.0205327902386663,0.00316960798989327,0.00175412642541667,0.0111287475039394,0.00785996560274409,0.02160295806735,0.0315938627374516,0.00238336908231963,0.00737893738316094,-875.952311117212
104,0.00410339269325656,0.0309928325443883,0.00318453196834983,0.0078795327401562,0.00835830934503726,0.00959066387783576,0.0189691055236992,0.0220512967069841,0.00271046022307955,0.0056932249105838,-874.6045604352
105,0.00418321893827399,0.0191614875301892,0.00511166728705596,0.0122558918572894,0.0123321219544591,0.0129650665496304,0.0143379270723136,0.0232102650872156,0.000960784526133531,0.00745069338027854,-874.662529041561
106,0.0019760327002739,0.018555211656749,0.00567563426059218,0.0139937194455957,0.00770625299484604,0.00794600832207501,0.0146029980471169,0.0254244828545471,0.00634106061513087,0.00458983212940795,-879.236401873413
107,0.00394800852561505,0.0260818548287725,0.00321440779187297,0.00984992175822188,0.007774656808532,0.015978864082285,0.0176146870570389,0.0276536636351003,0.00200315821768984,0.0125806440216795,-877.155133383302
108,0.00340902502172894,0.0232337545885393,0.00291028552717754,0.0101438237518717,0.0112711715975601,0.0051915796792653,0.0177938473446422,0.0229678841040227,0.00202494224603139,0.0089719553447138,-873.574980208775
109,0.00850049588271309,0.0194495459891825,0.0021410192669429,0.0140453621260783,0.0140339632739703,0.0117177792259616,0.0174483828569767,0.025948819364167,0.00204379937146329,0.00773459124788329,-875.232139785028
110,0.00215314023658781,0.0190143231782132,0.000776290646920057,0.0134966273887792,0.0137603546974102,0.0137399288108863,0.0181998761492789,0.0296117626942407,0.00202634752898467,0.00379621832399525,-875.048110501337
111,0.00454043570723589,0.0264375361964299,0.00215098631683559,0.013078909120579,0.0122533894658964,0.006653438577403,0.018680769525536,0.0215477648011123,0.00140171971895638,0.00383500544717141,-872.787952886239
112,0.00383671338059829,0.0205217805983529,0.00160938116031872,0.0154411531078387,0.00957798256406433,0.0112355094884579,0.0114085812881487,0.0256932659884096,0.00223398652153274,0.00369098282557543,-872.811135264466
113,0.00332008561691254,0.0182102802387631,0.00411606524379432,0.0145951971489477,0.00781422003047049,0.0095820039617777,0.0198624829910885,0.028713364311005,0.00380639251189098,0.00530716910078936,-874.127173844023
114,0.00514881941005897,0.0178051437507749,0.00170303735276204,0.0176273216116493,0.0138363664132763,0.00790493852417809,0.0169749340680706,0.020822839447964,0.00261988315414256,0.00540035509708147,-873.349246523701
115,0.00342068259921366,0.0223143022543104,0.00290749077173093,0.0125138321140257,0.0109331526738923,0.00822185870148049,0.0165947244051389,0.0202403292105611,0.00251074891584547,0.0054072048191593,-870.737614890576
116,0.0049285419496477,0.0144470367987408,0.000422365206750714,0.011730971002407,0.0100149981953709,0.0126456637405093,0.0152401615498168,0.0210247767723459,0.0023528539948282,0.00473530634245041,-874.430838911801
117,0.00500681875251073,0.0146514134938462,0.00445033609937937,0.0133780363841383,0.013966259366697,0.00696119137583265,0.0164358066893781,0.0227247815687599,0.00265937929068464,0.00440257827315687,-875.241136878283
118,0.00437777332479664,0.0225755534371474,0.00334877475046002,0.00549871918566247,0.0123458062302078,0.00803892725096064,0.0184774749708866,0.0265715979978663,0.00364739161224708,0.00262858994059898,-874.482846266852
119,0.00264874121633376,0.0244949498825906,0.00531249008828741,0.0155639738555571,0.00993706166461615,0.0145279794031352,0.0186271737060844,0.0272854788008114,0.0014241261922289,0.00406651549536282,-872.347735814116
120,0.00414281121708054,0.0217036833142405,0.00626514149312067,0.0172023287690944,0.0101252296402428,0.00754310244307576,0.0168764064449937,0.0244523978279773,0.00133590404869954,0.00384627838737831,-872.346301307043
121,0.00217731488269238,0.0164149867981007,0.00585976491646405,0.0204426609911634,0.0120653501922718,0.00766236700702804,0.0168764060331276,0.0288306289490981,0.0019238570756229,0.00854716334630877,-875.795905833173
122,0.0016400756539943,0.0276309496094297,0.0040764891386121,0.00339560293444756,0.011786272675464,0.00821044192136818,0.0209518559931254,0.012452592157532,0.00203929397988419,0.00302397808028258,-876.780876620479
123,0.00586672719016967,0.0284410717036602,0.00510745247374107,0.00179601254646659,0.0109076040306042,0.0108194801489856,0.0173689334750774,0.0177020031790227,0.0021126019073251,0.0025399083657559,-874.363394944704
124,0.00244338535338221,0.019247037286367,0.0106211607407622,3.79494418137997e-06,0.0101454631594979,0.0106887753203508,0.012390761788847,0.0191806144147194,0.00149875663530763,0.00343280557720295,-876.028132508394
125,0.00483720706056879,0.019458380021991,0.0104908981445554,0.000160322308123765,0.00981143907519051,0.0113942927805168,0.0148912990626975,0.0120493794545262,0.00210450585297468,0.00533980108375008,-874.824090453734
126,0.00847667547477086,0.0275177563373596,0.0118806025688897,0.00107391468190754,0.00975038099176204,0.0118297547996269,0.0163872937515906,0.0212202222198935,0.00117998279215849,0.00211065932094795,-875.111405648125
127,0.00444573036685034,0.0251443986035869,0.00969426814666314,0.00288401997150928,0.0104322171840938,0.0132516246857329,0.0163665507827775,0.0240958525926663,0.00241498998376762,0.0027773097242179,-872.905636091414
128,0.00185148966395926,0.0209252023709003,0.00796248428006747,0.0131129311049167,0.00907175067586218,0.0137880557725772,0.0179584893220689,0.0247780472755445,0.00266244411412425,0.00447678257834305,-873.416241671165
129,0.00415334858461917,0.0180152963675818,0.00590003457410102,0.00982318748322011,0.0107506610176177,0.0151523651905106,0.0170725792835689,0.0237515247417757,0.00204769029959146,0.00489630839663549,-873.53252783647
130,0.00656282725435414,0.0244734855437593,0.00825267500436208,0.00190231632798719,0.0100452336825781,0.0103875185339459,0.0161407177453821,0.0243173327130423,0.00145366743016852,0.00536436355666049,-873.593460595136
131,0.00679995145023026,0.0301458141041497,0.0141340655725499,0.00254668566155769,0.0102116397169429,0.00752128483024561,0.020005709865517,0.0259914548409991,0.00325049783551422,0.00498518260746687,-876.993839987693
132,0.0027254932921993,0.0201556442212608,0.0110014666871499,0.00826179118004707,0.0112717487276658,0.0079254707350378,0.0159770953909729,0.0187319315329125,0.00356821764883968,0.00746738736708295,-876.370807673389
133,0.00538119343110513,0.0220735360979576,0.00435650090401491,0.00563988671521091,0.0102515234905174,0.0092036284730596,0.0151901236702193,0.0226685080791559,0.0016616913257122,0.00395119035383612,-873.327055686589
134,0.00201753364853002,0.0241820275406889,0.00484518113650788,0.0147611025707349,0.0108785068541753,0.00852667350136552,0.0195891549396031,0.0285705179569079,0.00180472232756056,0.0023114747892859,-872.624338330925
135,0.00204176475310019,0.0215570002629973,0.00316897668100592,0.0179666258736867,0.0119212605879355,0.0143354846761692,0.0136839830251485,0.0167802227853781,0.00176942301658894,0.00545971423885221,-873.387063876075
136,0.00543485829717431,0.0208317863953119,0.00159129793137493,0.0125404990222218,0.0100178477033579,0.00893829192837135,0.0123149357295223,0.0153799389866431,0.00169417737920702,0.00559652117713074,-872.786143129678
137,0.00550747132481286,0.0203394896091568,0.00217317347040547,0.0190256007691155,0.0088321704647096,0.0109191264019628,0.0183401696076566,0.0183054862880127,0.00322670941055662,0.00484084777802582,-872.504978118225
138,0.00593282126977683,0.0258406136915221,0.00253747053268725,0.0159884905488093,0.0102147361865009,0.0189030589765083,0.0156411723085026,0.0222025372201031,0.0015207357502748,0.00669643016097246,-874.995153536285
139,0.00404144370184625,0.0231527002569817,0.00398015855897857,0.0152196240200572,0.0105221093103036,0.00527517395099083,0.0143004844275823,0.025527336034458,0.00186417292637715,0.00721246032046871,-873.086474318776
140,0.0030688396254856,0.0216415379612618,0.00116162345025089,0.0168052677153958,0.0114908454082962,0.00349396008908485,0.0207462106380883,0.025280456809288,0.000845076778465256,0.00793726824632172,-876.612245909581
141,0.00295056923810235,0.0198563012502893,0.00929269130066486,0.0103198182326788,0.0120792375213208,0.0111352532481043,0.0161454825085053,0.0239932827049042,0.000891017016099772,0.00656138502499419,-875.331706450953
142,0.00443891164774144,0.0237144171871726,0.00585849567031818,0.00801139160457395,0.0102526019258512,0.0144072467703166,0.0187839248718846,0.0236351604026436,0.00315837837919393,0.00299430720795636,-872.855745585951
143,0.00251931477131426,0.0268728924679576,0.0020082784161157,0.00700476592987713,0.010561629575805,0.00952947599076917,0.0155138320328173,0.00806784065688132,0.00192962349014801,0.00647981265785869,-874.277058370765
144,0.00284407558231327,0.0301234575555297,0.0118953819858046,0.00869754456630917,0.014474548893327,0.0108584861397974,0.0138708063527611,0.00598735755820489,0.00330853084689917,0.00619695170884898,-883.453397358716
145,0.00346662930137345,0.020251559894494,0.00472838588200395,0.000873066130608095,0.00973896350432542,0.0107310859517919,0.0158073358874781,0.023723626887011,0.00186912027971605,0.00391543298196651,-875.218993164751
146,0.00613151675599857,0.0276473374857136,0.0147786664324105,0.000958818057881257,0.0107246036198406,0.0146085507279691,0.0197886150243119,0.0216723557480266,0.0041115740071222,0.0042331838119007,-877.480280961165
147,0.00654828806268488,0.0229467342867421,0.00401075727202435,0.00457175944985323,0.0117669779167226,0.0151914111993373,0.0153319819151816,0.0153406943478605,0.00179119096696841,0.00382948592677401,-874.831864861727
148,0.0104401027359621,0.0200636061662204,0.00857460313423184,0.00556580291936593,0.00928033670010802,0.00901883349031797,0.0197897673592239,0.0287160542009444,0.00279877495842059,0.00473557048426303,-876.849106788697
149,0.00522749349191198,0.0231905694766395,0.00398082210800797,0.00826568678955461,0.00972622771616205,0.0151102043412151,0.0203415258650805,0.0207838720872465,0.00314683163957491,0.00268058375730219,-873.452288411526
150,0.00244602120876337,0.0270042468637326,0.00243801253697164,0.0103842237934189,0.00775859055639441,0.0169157673792155,0.0154430050212966,0.0243722946755772,0.00318980735398542,0.00420613897153442,-873.65225792685
151,0.00505861241650038,0.0265342073379049,0.000483829277817609,0.00566084397124884,0.0096168878346465,0.00696077547968963,0.0210933715034471,0.0290931459010506,0.00116839394584524,0.00598430253673878,-875.880847055461
152,0.0066012107178628,0.0252773417732608,0.00508302687248108,0.00871118246454943,0.0125063959394578,0.00794966285864677,0.0173035128922728,0.0254999556223004,0.00118629561881964,0.00759652566105164,-874.730583347593
153,0.00241309058316092,0.0230321295040902,0.010274341084217,0.0114901701276849,0.0127924258790635,0.0103116501715067,0.0169136509980647,0.0245087180575403,0.00302125461688945,0.00837214574465355,-876.236706293417
154,0.00254690479821823,0.0204063460893559,0.00461506689702041,0.0132706823196698,0.0119645365216041,0.00926194176159937,0.0172396400992506,0.0324472540627806,0.00347536506545633,0.00422892089921978,-873.115962838148
155,0.00460189780510834,0.0227483457276029,0.00171959785959194,0.0196967838398282,0.00951487791988189,0.0105268113947509,0.0178928549176238,0.0191402098821574,0.00337296088785608,0.00395921809195015,-872.27274796727
156,0.00546559937302582,0.0178281474478641,0.00129216359094917,0.0120309984732936,0.00929875053337812,0.014643232354512,0.0175769212389567,0.0132811608769529,0.00236991253678561,0.00425796179242715,-873.347574821912
157,0.00331212658957925,0.0261162120478618,0.00361780642104484,0.0163097690527569,0.00979077145637708,0.0099940771665518,0.0161171644330971,0.0212148973227181,0.00182993839257235,0.00439043436401308,-871.066254328558
158,0.00460576047260617,0.0236638084764624,0.00267363609309938,0.0142657938640224,0.00908660395084653,0.0168421715864311,0.0133283216302206,0.0253317781078737,0.00169782685511374,0.00514335661323434,-872.965693970036
159,0.00286277808861987,0.0207518222637118,0.00315076679858495,0.0146997062776938,0.0107043024067054,0.0039297125122338,0.0133041226759051,0.0278209820287749,0.000465264502339278,0.00612049058492048,-876.786220180515
160,0.00206255445633048,0.0151371499236635,0.00814852557843473,0.017867789969522,0.0115457247511113,0.00955670789097781,0.0227415601019078,0.0416859610005101,0.00327528269463689,0.00879745620533322,-880.973364760076
161,0.00383023221093632,0.0206606481251835,0.00335142945437435,0.0171520787859149,0.00949542901741984,0.0114090439843699,0.0223754718572339,0.025446706007465,0.00309981381103966,0.00527228592078666,-873.071543489858
162,0.00689775649793007,0.0231907111741877,0.0048227225143861,0.0182132150877437,0.00829908042918922,0.0100215835997239,0.0180035199826275,0.0188457315844968,0.00376797515705912,0.00404999724311596,-874.668813279933
163,0.00320109171078098,0.0219331132298374,0.00219832450813876,0.0112731661438849,0.0123793665929575,0.0107412273710079,0.0163198655279641,0.032034423001083,0.00196182883380725,0.00876359147365148,-873.392603728388
164,0.00589961668031863,0.0134547097605733,0.000950239897380927,0.0201069470816435,0.00882731975730224,0.0119108091727654,0.0147176869359774,0.025470247169154,0.00329777885250296,0.010804186447496,-877.577705325119
165,0.00581366978283977,0.0199852721792563,0.00107887520125473,0.00819992574475908,0.0087317930826773,0.0146455802252106,0.0179139012653729,0.0281265873245018,0.00206082352183337,0.0115924092800678,-876.408576486108
166,0.00520505714026429,0.0278127455748609,0.0018735889163029,0.0124774496222332,0.00988454792548144,0.007493269982987,0.0167389161320608,0.0195191905343625,0.00283461467365325,0.00639319267217668,-873.423632292459
167,0.00547500470003602,0.0277428667203014,0.00404496692394605,0.00843793542244944,0.00772581807754205,0.0108053504992443,0.0133858719796642,0.0204464132520818,0.00430984564887242,0.00504646090990683,-876.223964521413
168,0.00371992240202148,0.0259076386725025,0.00498508654690711,0.0175746023050255,0.0107538701706292,0.00623981693348917,0.0145731158105162,0.0245396528983643,0.0045830392907492,0.0013546795644855,-876.928255668167
169,0.0066596497231956,0.0249652598246607,0.00339865629419888,0.0196874738199438,0.0107832020492826,0.0174215229075872,0.0169747309736245,0.0197072828591504,0.00158099107803732,0.00821680241035008,-876.532663684595
170,0.00804410547855957,0.0269427196787929,0.004976090746862,0.018074607688352,0.00912700878134882,0.0134324632443456,0.0166257516355451,0.0286122695787766,0.0026891844460843,0.00382410412800742,-875.922417387617
171,0.00390308969009737,0.0175649759882578,0.000938651962984277,0.00879854848327589,0.00973340686506524,0.0155408787899776,0.0163434533538055,0.00693111553473813,0.00367767134963575,0.00471696429051769,-876.480082085571
172,0.00533316401370463,0.0234110671055495,0.00337908072414508,0.0108474021995219,0.0092868813046028,0.00666214448051658,0.0141213050022609,0.0189874507429672,0.00354781457715756,0.00422575043183498,-873.374920283763
173,0.00592725709252671,0.0186404418236063,0.00355912508142617,0.0134263137733504,0.0105562418837214,0.00748251407844259,0.0141166845937671,0.0298097978030511,0.00325869143751538,0.00592470251877211,-873.770760197367
174,0.00723982063830288,0.0168264359886452,0.00277276180192937,0.0124012357479842,0.00919590781252078,0.0101961231623752,0.0211976950354778,0.0246017456465335,0.00364529945327338,0.0027242485945735,-874.217332109279
175,0.00685453403196484,0.0160346489549437,0.00438878196684438,0.0179135224248547,0.0100558540200306,0.00965199521880346,0.0170180897414255,0.0245446065371654,0.00281946560719086,0.00327177263150417,-872.762665700407
176,0.00723520929348902,0.0166529939098589,0.00852458655260734,0.0106936432922538,0.0102842518558935,0.0111774817148783,0.0130709888294889,0.0242855874849127,0.0028770238132363,0.00352106309845237,-875.720104690664
177,0.00356264730145409,0.0269845807343756,0.00525109307808328,0.00584610428457748,0.0103363819436039,0.0116184470475258,0.019393268616201,0.0270056904176327,0.00090345047877364,0.00318945541231223,-873.815748211209
178,0.00404459017971412,0.0238640721185981,0.012002374275545,0.00215938763549982,0.00871584697788405,0.0117825119672094,0.0150185903800561,0.0138260421974982,0.00175506243869719,0.00212685136311705,-874.147063845671
179,0.0050075867110567,0.0290600507586119,0.00852796688921723,0.0023711913806142,0.013212447081539,0.0117690565846179,0.017252783844932,0.0352718755833779,0.0023724389294641,0.00777779038696828,-877.96356239078
180,0.00193684675726295,0.0287770197514598,0.00574395712685009,0.0127465504693853,0.00918643233234663,0.0190479457027924,0.0195533069067335,0.0159343316007269,0.00332847671565238,0.00553628534719395,-878.043279861153
181,0.00194734327589047,0.0274063650225663,0.00431019479081831,0.016479490014275,0.0111046442055324,0.0124584177468148,0.0179710258493614,0.0173433683093042,0.00113014827789189,0.00494953649536105,-874.621385603165
182,0.00486599826192715,0.016805066756058,0.00484616997589914,0.00480859386688395,0.00972931439636558,0.00991221704402878,0.0145129861278072,0.0121109653423607,0.00250128697478089,0.0125886635552239,-877.966762691305
183,0.0073004501453779,0.0280293434374257,0.00660380824036341,0.00460377898025893,0.00893596314999662,0.00721444790419605,0.0173387971455729,0.0155901336256347,0.00120133969518852,0.00698028627475566,-876.761338190768
184,0.00195051695440376,0.02576838657254,0.00593277882303989,0.0132968539435113,0.0112242935310904,0.0142543030975153,0.0185096615564066,0.0168402089246378,0.00391045129173817,0.00176414606065683,-875.835484740947
185,0.0040287572499729,0.0204087664877714,0.00152568023977325,0.0139853564716715,0.00706626687819866,0.0198922244557899,0.0147028184855059,0.0165703837147484,0.00158070798990725,0.00437323414102036,-874.189187005365
186,0.00429807029809775,0.0192121335288367,0.00512019260406352,0.0145975865226648,0.0135684744989696,0.00412793562736147,0.0165601687551808,0.0230831076195206,0.00213736593465043,0.0106302221868414,-876.526252242544
187,0.00683897391593855,0.0143618890446384,0.00373077699500863,0.019728830784037,0.0114151642716881,0.00631772547686901,0.0175117516643327,0.0219202248473759,0.00168061968842969,0.00973162230947692,-876.335068487705
188,0.00656843942625622,0.023607879245611,0.00149632739655213,0.0121856345244642,0.01004238687219,0.0111696436864828,0.0194922371028673,0.0290535385103347,0.00194471606371505,0.0116419232769974,-875.661328706453
189,0.00127734297621135,0.0233708940985212,0.00546906587868764,0.00613210038602816,0.00991792118648664,0.0117001196659202,0.0176923538789286,0.0214637747785194,0.00206238893178794,0.00945519912324377,-875.358282110372
190,0.00756154690290931,0.020139541551091,0.00231281622828355,0.016792953623902,0.00880296824272996,0.00930683139494132,0.0147884350357098,0.0193503052397815,0.00511676890939743,0.00140689109330276,-875.809902400118
191,0.00627139012406153,0.0163076747660246,0.0050157921777756,0.0131921663150108,0.0131371129427596,0.0109571272293251,0.0179005915349971,0.0186636373386562,0.00232712119839524,0.00149338438573222,-875.71773115273
192,0.00522243292755804,0.0251516736108125,0.00531104528701921,0.00547347690832645,0.0100808073977807,0.00972953866831588,0.0187442792798583,0.0246138514644752,0.0017901077350423,0.00682822489176724,-873.120626920353
193,0.00255458543701088,0.0217468653265334,0.0056382928151306,0.0157935853058864,0.00954264260479123,0.017255056404886,0.0152808808860789,0.0256039294336499,0.00420154210072419,0.0018221393009799,-874.667441599905
194,0.00506363064553489,0.0245537733221219,0.00805741960017311,0.00336486897463105,0.0111086900392547,0.00713518585066392,0.0194404814757401,0.0185670051257233,0.0031980508458394,0.00319890907868291,-874.749967088265
195,0.00202597351052329,0.0253213196187386,0.00234927671346348,0.00669505938318996,0.00898944048360717,0.0209878582192785,0.0123544464866731,0.0235840952956496,0.00299540525453725,0.00658741754156695,-877.815878407815
196,0.00193143075721152,0.0217669814078472,0.00275859154538597,0.0191455297863108,0.00938233283451917,0.0228134675103762,0.0145213549738113,0.027849875561689,0.00356313078596894,0.0032413638240495,-877.334015644141
197,0.00639612298766264,0.0160859058412397,0.00200308120899008,0.0136694073153963,0.0122006225159021,0.0260780622408412,0.0153965114368925,0.0163187164238283,0.00204790416480008,0.00291521202174408,-878.830208423834
198,0.00881368398337165,0.0179298693322995,0.00137409485964387,0.0228308782989973,0.0108481473758172,0.0185226699748535,0.016858738218991,0.0242642021175085,0.00201583281527568,0.00730728409831256,-876.681056738522
199,0.00961130388028218,0.0168110457590946,0.00213902601497965,0.0155351975925355,0.0123567598590301,0.0109564885069806,0.016211429496356,0.0228391247159373,0.00225763127587898,0.00735907171807773,-874.381272235053
200,0.00933269357741846,0.0178601999694814,0.00488169845278,0.0133654339041251,0.0104737453818762,0.0117138180970652,0.015866061502424,0.0323354474490552,0.00208296462742267,0.00858524231931566,-876.290954733653
201,0.00878644445208537,0.0209113779888733,0.00436228262993592,0.0088956157528913,0.00877201653333629,0.0111365259957762,0.0166256226936518,0.01970490623706,0.00263314631134954,0.00721374461728397,-874.417336116173
202,0.00735129314999378,0.0221335295156268,0.00267150454997067,0.0171776222211745,0.0108073189381824,0.0106456485061532,0.017112518193464,0.0175184609818196,0.00161858218130365,0.010009315561699,-874.968521338055
203,0.00348408861611429,0.0179127266079377,0.0041567404792885,0.0228645687227142,0.00936518448681564,0.0141654021312462,0.0153563166779264,0.0246752414884204,0.00268013872209986,0.00330416956253562,-873.375906504716
204,0.00250052703458464,0.0191574889125624,0.00551704525207406,0.012516464272173,0.0115375682857837,0.0134190179104223,0.0177952559624527,0.0261933960873807,0.00170151810050689,0.00300409280913727,-872.909036107923
205,0.00336287724175561,0.0288037263249347,0.00437068797717717,0.00970667302812038,0.0110580150130312,0.0139043198040808,0.0198434939231128,0.0303340269619924,0.0025117324062065,0.00571255096026724,-873.83927151431
206,0.00591558974974851,0.0197385901377094,0.00308833997293232,0.0196416665859149,0.00921397423913602,0.0101021592875976,0.0204863067754816,0.0390723612899899,0.00268777915515285,0.00232438492427245,-875.340226146626
207,0.00454028076323724,0.0201341979008559,0.00109631852740719,0.0152790706352984,0.00794491484858575,0.00876701478901226,0.0193445724272926,0.0205004920269881,0.00237026597702272,0.00446967273161291,-872.381440572856
208,0.00440744084781239,0.0271678078700585,0.00305064824599041,0.00680296470441167,0.00819255748054545,0.0173733132417249,0.0157523427967921,0.00821418868277556,0.00266698367136712,0.00602335366966701,-874.86366427213
209,0.00543781994366146,0.0183499341507569,0.00507092178111263,0.00297145994552754,0.0113591819368038,0.0173595023129927,0.0158816546112578,0.0115272790433793,0.00159848247527534,0.00346234422356284,-876.663691532225
210,0.010308921807412,0.0195192370601422,0.0109591760389372,0.000355353887687154,0.00766502478282421,0.0221948088876346,0.0165433673635189,0.0196323716576574,0.00333854668969363,0.00390726421789665,-879.213651375741
211,0.00638947062489749,0.0186944637395222,0.0114645595045827,0.0183874558787259,0.00975325075667283,0.0197953544612856,0.0184241269269454,0.0184179354106355,0.00316676889296633,0.00295640774177856,-878.080992139022
212,0.00522147104464615,0.0195942984472595,0.00923247673402002,0.0109964611894963,0.00674611097807329,0.0184976095073435,0.0154536903191297,0.0266015830808249,0.00291280663908472,0.00476593869841474,-877.20766663177
213,0.00273809722879129,0.0263084898766538,0.00857943827244165,0.00411122039293692,0.00937145659641071,0.0107706950424931,0.0166494964927195,0.0196422460080516,0.0018005507705313,0.00309075723028767,-872.988518515714
214,0.00202880875595273,0.0247915135090967,0.00539254316089905,0.0138664150591323,0.0110942660850233,0.0146790483928059,0.0142935891385413,0.0210969848156018,0.00282267763778397,0.0070932565630722,-874.283955834987
215,0.00572542590917475,0.0255202528334383,0.0110869978508164,0.0101233745462765,0.009171998200375,0.0168154113117252,0.0217495979173794,0.043743689246567,0.00229478971312473,0.00880675993068875,-881.517393212312
216,0.00376314191532741,0.0196928842808411,0.00219719169635724,0.0211927203825105,0.0104260063218512,0.0120580231208083,0.0183003617744987,0.00528689292459203,0.00374960360611519,0.00391103020009047,-877.852939389321
217,0.00387492290089001,0.0232069522706037,0.00405855996141969,0.0214779067703811,0.0109540470164507,0.00870166888264165,0.0172468138461097,0.0292266816546034,0.00168181413730708,0.00564701604633721,-872.539869303206
218,0.00321902376820705,0.0232389257324226,0.00123523758206589,0.0128576451955221,0.0128937755292829,0.0140147252251665,0.0160659190686414,0.0294826410738197,0.000790158928792617,0.00524991332988558,-873.893912003485
219,0.00492130967271654,0.0228137062028987,0.00342335186939666,0.0151069516697873,0.0104878143059176,0.0103603853077197,0.0177329402494572,0.0221075062585674,0.00350340485464441,0.00575800139867545,-871.925528866132
220,0.0042717039381336,0.0229087353864284,0.000777185585095567,0.0124675903018954,0.0105489659882739,0.0109355343403255,0.0163216548363959,0.0183154280497198,0.00229321604299983,0.00398746612989461,-870.854354518407
221,0.00245023246676711,0.0229941915531151,0.00477695628373753,0.0115555251501609,0.011582218903709,0.0103989113639917,0.0118703142442015,0.0204546606176407,0.00174249188608279,0.00220721321636001,-873.33060711422
222,0.0043534255528297,0.0276040301833039,0.00778999244837315,0.0130200859544064,0.0106109919255034,0.012137330278298,0.0223259580687183,0.0258277082232648,0.00213307429390088,0.00320589627836872,-875.028906367517
223,0.00457919799738278,0.0280495742911124,0.00715751871335058,0.0103445294485517,0.00940277473513408,0.0116953280420403,0.0192175453866073,0.0269614897351927,0.00204525936291979,0.00188517352056141,-873.995299200858
224,0.00722627554543384,0.018937952132691,0.00106847022573441,0.00990688999576582,0.0099217665433443,0.0126576831291499,0.0156096210200933,0.0234512390889258,0.00192395689449483,0.00212012594005768,-873.766905598542
225,0.00505911821560579,0.0282736254755459,0.00624445082861979,0.0141688207735907,0.0104112878587769,0.0112264391708892,0.0190019692063886,0.0188054800103751,0.00275718072775871,0.00478492258842992,-874.687753627668
226,0.00402814781380976,0.0263236944087654,0.00294728890038048,0.0129676984535333,0.00892983032179017,0.0142918187301557,0.0176679574553607,0.0168843819916968,0.00154264922726458,0.00301370149555486,-872.424896914099
227,0.00330380553158954,0.0295690771115002,0.00344155738552925,0.00614127240413906,0.0110772217697282,0.00975011398804319,0.0149152353848487,0.0183470815687275,0.00219918869987501,0.00414846497659718,-873.438939911299
228,0.00252296047004353,0.0231416754772844,0.00610112559149685,0.016298191126333,0.00882525017753514,0.014435673769915,0.0157603712786444,0.0171281851433488,0.00252851721797651,0.00298476271477109,-872.418074195413
229,0.00402285484539643,0.0232190543454716,0.0073769014304769,0.0086214083269206,0.0109318339047048,0.0230214732841215,0.0185023878211262,0.0185235637385751,0.00304864833010941,0.00896370865451702,-878.276186728651
230,0.00411277557005385,0.0195524164097219,1.38826332025383e-05,0.0202890228502453,0.00893168244231233,0.0211901887171062,0.0171245843773339,0.0168442677362395,0.00150767363064776,0.00323177202880418,-876.586691921217
231,0.00509655644616396,0.022624863994927,0.00803019764331179,0.00435407832191478,0.00970975091705221,0.0161978560502392,0.018888437679605,0.0204794352066075,0.00182009995528211,0.00361042453119173,-873.898192311548
232,0.00681347573776576,0.0269280371722212,0.00533640272819499,0.0187211358275283,0.0116694517658045,0.00750045618443042,0.0170511814348134,0.0322014169761491,0.002339912664079,0.00491376365435484,-875.913953529021
233,0.00271837363678672,0.0162581285237342,0.0105230181549202,0.0109693113471852,0.0115287336999124,0.0077611072338155,0.0143175437914646,0.0246082789035973,0.00257268640220626,0.003641764835839,-876.202305252028
234,0.00360629896457733,0.0170891053409619,0.00970421245985316,0.0203380882105205,0.00933018247816543,0.0168686715598971,0.0158968023918464,0.00676693337816046,0.0029433524459271,0.00559164995053228,-878.415868717316
235,0.00773066986948088,0.023810951137561,0.00860685320780155,0.0230153279434798,0.00617758146757271,0.0126589410407036,0.0128961536366067,0.0172502327814942,0.00382316328037578,0.00488391623648158,-881.394615025999
236,0.00221752625661198,0.0211356518526937,0.00777162905346248,0.0011394340648085,0.0106962013102607,0.00677212581518031,0.0140653080783073,0.0328941144877146,0.00185879333907438,0.00546523023824705,-877.121891381286
237,0.00501440402008076,0.0232414467880564,0.0153985847117044,0.00819325422450873,0.00970098149025352,0.00935497445584582,0.0151271344057894,0.0268016735928119,0.00272251463043491,0.00207583022917925,-875.932065236946
238,0.00310469070566746,0.0224939522374022,0.00459203737603159,0.0116179451612567,0.00939856819528788,0.0111032534194495,0.0208804057914878,0.0252338775354431,0.00350460142579467,0.00415030678984003,-872.442951839906
239,0.0023181151484501,0.0269922122323197,0.00430916561438136,0.00883111218225346,0.0102422019441777,0.00731739437262929,0.019662988854059,0.0306924533929294,0.00280874094915878,0.00618308399264136,-873.420595253077
240,0.00256659199796298,0.0247339177233142,0.00438616086307528,0.0169537314532123,0.00888579776851228,0.00611028382426862,0.0193273748292576,0.029719392254474,0.00151354654854047,0.00498671755852784,-873.565220133732
241,0.00403304631494815,0.0189998799664583,0.00185373190775474,0.0121717898513557,0.0137947001780104,0.00408503406405599,0.0194565425019577,0.0272718605562102,0.00189198667237309,0.0106173439367084,-876.509385916528
242,0.00428723361740206,0.0263532879489434,0.00132648806825989,0.0116643613010244,0.0129420615184628,0.0103427079643976,0.0149668016678183,0.0203266393935859,0.00235279628551074,0.0033068949084581,-872.129089691451
243,0.00438913354106236,0.0258220370024413,0.00269855046600602,0.0128936259857834,0.0112574898386819,0.00964420689558061,0.0149720673601046,0.0188183999397717,0.00187393890796601,0.00489822100464399,-871.150809087745
244,0.00311387720363618,0.022405060572455,0.0048547166207687,0.0223573777949009,0.0119199302132698,0.0126119461915678,0.013104766152019,0.0191122817065976,0.00115703227637177,0.0050269174996439,-874.5021477021
245,0.00285783289837142,0.0216516210733588,0.00443916975722699,0.0155527148458537,0.0123123954333948,0.012199758099194,0.0190735007468685,0.0279296117081252,0.00232449879214358,0.00407676499264308,-871.910807964732
246,0.00336230345979913,0.0308574713185986,0.00287225158673096,0.0145538663158134,0.00776613010285155,0.0124113513435836,0.0165276010499477,0.0217741057814046,0.00128556218584211,0.00459139846357344,-874.406373428777
247,0.00381656311083894,0.0176286043631919,0.00309218318862521,0.0111536794431733,0.0132957331108779,0.00692680702672478,0.0150960993200001,0.0233160079571043,0.00209848956517145,0.00630924448277508,-873.31450702351
248,0.0055349728475921,0.0252567956418182,0.00484171113951772,0.0116498499368491,0.00624145304943337,0.0171799332722875,0.0190037439621546,0.0291341887201766,0.00366499245900852,0.00838679513953801,-878.666794299639
249,0.00161955398294028,0.020881739098628,0.003241063091802,0.0151970723966562,0.00780593001944778,0.0123068000720257,0.0197398374405772,0.0294524965991935,0.00277681244931221,0.00718711882375003,-874.320617620774
250,0.00316240488230108,0.0221243943885001,0.0030739630843665,0.0194083612035325,0.0108428661291119,0.00995137922492716,0.0172866943588059,0.0253784646912417,0.00130704863438371,0.00654898498354163,-871.640467136308
251,0.0035593921808484,0.0204367151072744,0.00237925239511031,0.0159811107407711,0.00920663436203912,0.0131136968503466,0.0168478400708986,0.0289308623000896,0.00130234733708939,0.00538657621611754,-871.507525756032
252,0.00340550354494228,0.0226774221923913,0.0015953715673103,0.0108255513006743,0.0109853769259136,0.0137747739580424,0.0190852576317531,0.0233519984285056,0.00243381291059318,0.00464200675291861,-871.287818672335
253,0.00470300509291201,0.0237224830887299,0.00267457788276528,0.0140911414350701,0.0102821121998905,0.0109334049986064,0.0174943058738787,0.0192009441931051,0.0014463718860552,0.00579083531371141,-871.232224125314
254,0.00275321452797259,0.0182823095710507,0.00401399726270392,0.0206736793662948,0.0100766574014676,0.0109176989816456,0.0194296472499564,0.0329768927261239,0.00212956165395736,0.00319984540501921,-873.413480297027
255,0.00387822598532215,0.0196286650849162,0.00383874278910915,0.0123871312950864,0.0106940109943577,0.0135003428489044,0.0190069646023124,0.022442594235079,0.00258786814952429,0.00276078775586011,-871.697772008692
256,0.0036676639228465,0.0222949908324914,0.00400749810551642,0.0176858000178608,0.0113201796698571,0.0139498415659969,0.0186495959383685,0.022450953311307,0.00144215689617178,0.00782841871520957,-873.252043093763
257,0.00210794050024858,0.0263762588177428,0.000842355334880023,0.018472327867678,0.0111046970125979,0.0131951021271879,0.0158250410284615,0.0302188106713811,0.00168315896918205,0.00844664038774936,-875.664009361445
258,0.00226312838740712,0.0229335050218795,0.00628253798066893,0.0128605023589701,0.0091320647044248,0.010930934106917,0.0205207830744914,0.0297811457190174,0.00219049060307126,0.00306357699528551,-872.559337621832
259,0.0035051883619686,0.0209790662344146,0.00858192455860714,0.000260625269545195,0.00878479594599515,0.00956807255593117,0.0166929843091103,0.00976935922941164,0.00343461104290024,0.00861266052422869,-876.317050611365
260,0.00653436323481161,0.023212359024002,0.00651057586413244,0.0128948553099291,0.00883747516489031,0.00831042228410525,0.016061267637121,0.0394629933468015,0.000902040732715156,0.00716676913800805,-877.832026653647
261,0.00636507290237394,0.018346997304293,0.00695348337211873,0.0149171209145333,0.0100040314012755,0.00974566462435517,0.0212067308543608,0.0184864103648065,0.00134806596890087,0.007506027704235,-876.189948912237
262,0.00710662779099614,0.0185078012284661,0.00417788446615096,0.0152668213224341,0.00980082080043126,0.014471015856867,0.0199934772271195,0.0310955641969989,0.00132768113704269,0.00766817357156466,-874.844490865634
263,0.0114149764218342,0.0195364718848256,0.000994254810631638,0.0116116419158087,0.0100977729995797,0.00795327622650272,0.0163147742949797,0.0261889192908064,0.00286133772892353,0.00873954117073211,-876.478435383347
264,0.00341131019659358,0.0221218548261087,0.0047090156650357,0.01102331974899,0.00990217902003544,0.0150957211447689,0.0219214131994297,0.0118797826916631,0.0022898783840824,0.0032086914704745,-875.329778035828
265,0.00250836401655022,0.0251856070026701,0.00144148497858563,0.00470607417688552,0.00849758615343428,0.0151487983882023,0.0117069973598233,0.0243925520981206,0.00160667594437643,0.0039986273420719,-876.722985034705
266,0.00436459129182858,0.0253319262208154,0.00728633155637179,0.010921875181854,0.01013561634904,0.013128627902732,0.0182072544103061,0.0259818929583042,0.0022856530322414,0.00505059032394441,-872.806190606268
267,0.003768281933296,0.026531690102008,0.0113701910486622,0.00945511577637859,0.0076003208286224,0.0131868172037764,0.0131837068657315,0.0277172732660306,0.0020770295189454,0.00170769009120752,-877.517984390091
268,0.00262222122095003,0.0222740337366657,0.00447417713089628,0.0111708615461841,0.00783118191661378,0.00964217253258125,0.01995316391284,0.0190017707741442,0.00177357086680695,0.00415404349864598,-873.068898154216
269,0.00477240488878929,0.0241871306766979,0.00505534981486171,0.000671364547248278,0.0122789716792155,0.0150438447549563,0.0155546952422476,0.0214887214808436,0.00200658804138312,0.00338858554047969,-874.882836324899
270,0.00442397336053695,0.0235441949301068,0.0041672709342592,0.0194624924066862,0.00835370932361082,0.0146119981035709,0.0148581464099025,0.0163902700330455,0.0024733223806119,0.00126215869387782,-874.019848271753
271,0.00492279378883224,0.0222609354473706,0.00125566147499754,0.0109480308489029,0.0109951016519439,0.00986238410250387,0.0154712548554691,0.0132649871904455,0.00464216506988284,0.00834401914724098,-876.028210955165
272,0.00381362791193152,0.0216774496572985,0.00422911223388013,0.0136655929039047,0.0101459949999135,0.00767413334789434,0.0173679425492631,0.0348662840085479,0.00339290162868113,0.00577596795322825,-873.461773322728
273,0.00336828589254843,0.0353003165999767,0.00596822128639385,0.00503772634554111,0.0114393975762065,0.0139497365853936,0.0199899610910728,0.0250473805197251,0.00146669164616297,0.00657343632710221,-878.314030812039
274,0.00296854592321443,0.0374276919560238,0.00666765177212378,0.00456188978314162,0.011455976059477,0.00934587764975369,0.0219039129728544,0.0285675176345225,0.00192078194827905,0.00609932032575206,-879.055741626354
275,0.0029150405741485,0.0293733486455253,0.00126307166039414,0.00083263065723412,0.0114444096472921,0.0141695528059127,0.0242132129605034,0.0249547687688521,0.0025641127165923,0.00104989279475029,-879.35448240132
276,0.00372017049530305,0.024975912682145,0.00934679365893373,0.0081651888295909,0.0103828801552519,0.00995247123044387,0.023612362798214,0.0297895206041707,0.00360339886099407,0.00379807867359735,-875.789625166946
277,0.0038010656073835,0.02104677995415,0.00235549418719437,0.0192884865374428,0.00958469694513894,0.0170481995404655,0.0173552907240413,0.0204364254921715,0.00281288232506979,0.00454355006072388,-872.267053899066
278,0.0110751806514435,0.0190478364205229,0.00416820594528391,0.016754095581734,0.0106819468600738,0.0147844903227723,0.0169783156482668,0.0189564151178663,0.00297994994772298,0.00816429188228365,-876.993413385859
279,0.0110661301021853,0.0207586034012078,0.0036521653199312,0.0190649453100223,0.00697054495421917,0.010043557788924,0.0141458298115116,0.0153983284663821,0.00251844267674977,0.00756361847292947,-877.980731678511
280,0.00123298139997109,0.0206764327360968,0.00525157700111154,0.0139091819456808,0.014147522716735,0.00683724447872375,0.0178769001382832,0.0188610615310573,0.00184837584251546,0.00242821155227409,-876.465938653427
281,0.00430823900886422,0.023616884348481,0.00846870753213211,0.0155332321456117,0.00782652302711776,0.0222020387359234,0.0183016466588012,0.0237841148136496,0.00270926187257447,0.00717043012727045,-877.786993337211
282,0.00436712833284309,0.0219506501295746,0.00229720918736805,0.0110430067495838,0.00746507198535005,0.00880812175842251,0.012207168582719,0.0271169616896305,0.00169370267219303,0.0072115489056353,-874.787350970671
283,0.00297882232357247,0.0214331365764134,0.0011846510338496,0.0150164756378563,0.0153614573386796,0.00755593260936206,0.0133477851002397,0.0298535719979521,0.00184246131189923,0.00763595284699253,-875.379856063436
284,0.00317885210130011,0.0220130819697081,0.00493655016945779,0.0154406471057934,0.0117762623768739,0.0100063695298626,0.0136839915289788,0.0188804726107847,0.00220158129139755,0.00695826222022479,-872.458999280883
285,0.00333702552675604,0.0264801481970305,0.00233008800102407,0.0102900843028976,0.0125488094307004,0.00883264274868812,0.0189905094721612,0.0317025449354327,0.00136252518664743,0.00802223447816716,-873.233517764788
286,0.00234299011930535,0.0221233372250271,0.00573388641381888,0.0112353529151688,0.00907189490135264,0.011695637303802,0.0204786457245208,0.0321780807830025,0.00191043485858095,0.00462670817019498,-872.60750242075
287,0.00360410137712258,0.0226510543970231,0.00136064185973079,0.011869589451207,0.0146814219504668,0.0122194054855968,0.0167137251078151,0.0264825237861238,0.00274909709360451,0.00480095015456116,-873.306988162581
288,0.00148612971744879,0.0197265473914293,0.00517881456806538,0.011986355169113,0.00580050441265765,0.0132988113036921,0.016943983090515,0.0274308976001406,0.00159096226812898,0.00353586890070348,-876.74391167753
289,0.00282343224598328,0.0246286632620716,0.00252708932002936,0.0106444828089472,0.0150187696344714,0.0183424207166036,0.0169795363160196,0.0186229069184838,0.00250356741083744,0.00328839362313631,-876.274776051298
290,0.00171181881375758,0.0228494155997189,0.00339353507448005,0.0153522856503128,0.0103642771685572,0.0192054932078828,0.0151843360254446,0.0172241725357066,0.00171662900814744,0.00219721114118278,-874.311242844385
291,0.00494809047430866,0.0152562397357385,0.00565680793350584,0.0115394992595865,0.00851098570917303,0.011729783993511,0.0166584474247886,0.01890955591495,0.00341228198815621,0.00632528321163413,-874.765933546299
292,0.0108660834499561,0.0155884996051832,0.00620844505830693,0.0139631276838686,0.00786129427128981,0.0068334529979777,0.0171848472496134,0.0185445649206933,0.00270347677353576,0.00529961050879964,-877.34129073243
293,0.00392321003363456,0.0271534693373768,0.00117476819838617,0.0271099661375121,0.0146090577374941,0.00563461621673209,0.0123789513311938,0.0181681692298847,0.00108641614707778,0.00787482247759319,-880.860956423251
294,0.00244818260827179,0.0156411860738092,0.00267393709721954,0.0156935087537332,0.014740949734806,0.00528704053706291,0.0123866514095434,0.0244807874459728,0.00124557722734116,0.00569459422971631,-877.568232105952
295,0.00691831137521864,0.0259341017475369,0.00185982310458602,0.0114815088153904,0.0133231961590216,0.0100659661851166,0.0116086556317202,0.0207754062304647,0.00234828013252402,0.00732423407311257,-876.056229917084
296,0.00294716521188297,0.0213410548156725,0.00492979229501487,0.0147065393004486,0.0122428059870657,0.00895569628733838,0.0171302038494292,0.0301574406168017,0.002108040281047,0.00330165057827006,-871.846435280959
297,0.00123029263309054,0.0167822456352864,0.00690053707513541,0.0167677682390689,0.0102226546655257,0.00683328301186736,0.0140800403688017,0.0206413539035969,0.0020937282516691,0.0015452667850577,-878.255798808265
298,0.0103043852188759,0.0254839083116682,0.00174416550396395,0.0108674861584971,0.0108756334638284,0.00975679897513214,0.0188767898866591,0.0102991485072857,0.00208880006660699,0.00796855916474366,-878.786410733396
299,0.0040657573294674,0.0228119862155038,0.000820660027516272,0.0151014109145714,0.00928368230296292,0.010727430974312,0.0137966937223718,0.0356107212075165,0.00166244716540414,0.00821345742774087,-875.287595820814
300,0.00409903688101428,0.0240457345850728,0.00418742299146278,0.0145672329358755,0.0101230987128048,0.0114225009637935,0.0175160962288416,0.0273069713931592,0.00266538735556704,0.00256395641327821,-871.19093595116
301,0.00241287864220381,0.022797567622156,0.00265897545190927,0.0120304674105129,0.0123350709183988,0.00990601152188147,0.0174600463498795,0.0290346743444866,0.00131010782235403,0.00455278590396078,-871.463638125173
302,0.00419459028846016,0.022245046743517,0.0040256657719696,0.0101067240744103,0.0119020748433197,0.00886943625979296,0.0178641574603182,0.0268115375254443,0.00179905201920449,0.00284313112887919,-871.785667231595
303,0.0018072154558409,0.0307489733537019,0.00517288263151347,0.00928182653407072,0.0110777206887608,0.0104729227041397,0.0146208461401771,0.0259054834796137,0.00177413099265602,0.00434132203149856,-874.014556827305
304,0.00526121524844118,0.0176699286737486,0.00483250035338014,0.0117012674329029,0.0106516339567963,0.00792862775356116,0.0192114213915188,0.0283842642267229,0.00230237405445906,0.00552328547714942,-872.885263093238
305,0.00552251401519707,0.0231823016906447,0.00441118758642798,0.0217424726289722,0.0135479106859318,0.00920180263539412,0.0198597914726446,0.0290225804985531,0.00263215209476876,0.00390699088050835,-875.003954239948
306,0.00250232434941081,0.0165384635314599,0.0135647316891837,0.00383418991724489,0.00996277081657948,0.0073891699461848,0.0227038745638447,0.0309164577053743,0.00224540481610556,0.00295460015574377,-878.932824514118
307,0.0068234871781593,0.0234359777338946,0.00706048654124704,0.00580017505830845,0.00897371247366143,0.0112651534867046,0.0190762625998541,0.0307058311850625,0.00246175865221135,0.00603541297977379,-874.822235589686
308,0.00780698149186664,0.0214950463100949,0.00939866803549489,0.00502211118436328,0.0101589458709333,0.0103706838415105,0.0240076504347537,0.0371875835978672,0.0013761380428623,0.00404213262133055,-877.594237458554
309,0.0165625302301686,0.0193271067497755,0.0112979806985468,0.00199819999435963,0.0100785700721768,0.00947204211517283,0.0258458652180386,0.0344084384021656,0.005466390266133,0.00528226347394523,-887.685737376271
310,0.0139330804693915,0.0252553614418087,0.0154791953043822,0.00348680253238708,0.00776579142905954,0.00743474878134578,0.0238124108965117,0.0347981944329467,0.00399018858467443,0.00175537082522692,-885.85331176744
311,0.00438653222556544,0.0261289018286777,0.0115744836256001,0.000338188690168904,0.0124313811139871,0.0104026446354282,0.020247332890672,0.0296211892120149,0.00206385371179288,0.00312779575245058,-873.279388893528
312,0.00640087093647798,0.0231828438544717,0.0115248615832976,0.000565032234397407,0.00891544060509444,0.012640912862492,0.0137980764531116,0.0143488972619783,0.00214493076138559,0.00293871691649381,-874.014078749779
313,0.00322189720781241,0.0260662040138913,0.00740694315384194,0.0134008464059067,0.0100053180791919,0.0126976273770347,0.0127811941450495,0.0198711327056459,0.00192654516291467,0.00407562988655088,-873.324464046561
314,0.00711726393095087,0.0235887702308353,0.00402289885022791,0.0124137861829846,0.00969297053032413,0.0098912855109804,0.0145537007209756,0.0396417960480744,0.00135524174488836,0.00613082990294791,-877.013080816164
315,0.00630793414268949,0.0261899989542205,0.00203045318457893,0.00591939885683204,0.0109637042687144,0.0101809734599493,0.0221072741023882,0.0380169650621311,0.00213453357784967,0.00888371502553967,-876.482380148139
316,0.00567075762042508,0.0225376081563288,0.00321123043087795,0.00788100077768372,0.0114912712457793,0.008439616371833,0.0168869363863792,0.0162813115391537,0.00112140075592268,0.00203885728429978,-875.17603872581
317,0.00381762794486051,0.0232405798598885,0.00913106406862163,0.00125178863091053,0.0124591417699811,0.00800256220804505,0.0139722227004655,0.0288286211451008,0.00156900118187433,0.00570871587991336,-874.72248192135
318,0.00346019187549496,0.0220430516660631,0.0113381324224728,0.00392062325329248,0.0107109132276695,0.00882857412228614,0.013760003266259,0.0249293970418887,0.00256859530069218,0.00417143918866732,-873.668366836188
319,0.0031263345110613,0.0236973503158002,0.00982183427021277,0.0169916118722476,0.0132228779765651,0.00832308506000208,0.0179094393333087,0.0235129315780111,0.00256940346830349,0.00316699427217658,-874.607030202857
320,0.0016297532546927,0.0254608252896391,0.00648552526508598,0.00463233108991331,0.00898323476897475,0.00406420670127297,0.0141630293935818,0.0162345729631484,0.00315681347628474,0.00974050782196165,-879.086485752191
321,0.0047505662581257,0.0240581371422183,0.00470649654372805,0.00619237662253322,0.0116995954209454,0.0205007899357721,0.0114390926247122,0.015643308454709,0.00269256781784266,0.00910074459278859,-880.064908541013
322,0.00435037104521241,0.0235245936939724,0.00414350878962189,0.0133493319906216,0.00788474251406776,0.0215406731315397,0.0112221158338255,0.0165224642375554,0.00254993540931763,0.0112429665397193,-880.41172013156
323,0.002043294434815,0.0245587766985609,0.00384456592981277,0.0170644262538959,0.0108388192561262,0.00762307754588105,0.0165550149055987,0.0109737313309019,0.00158139331518885,0.00219723412663914,-875.600161426346
324,0.00390178558322949,0.0215512976992934,0.00584776690678065,0.0162378628114118,0.0123117733502258,0.00920564020377881,0.0121985965906662,0.0276557929314285,0.00368542097793489,0.00774344770264804,-876.208674340969
325,0.00236424671347613,0.0217630735520561,0.0033412989051874,0.0132066997480581,0.00966390064491023,0.010318369831011,0.0173848107548079,0.0300706256032628,0.00255249717736005,0.00669332602733458,-871.802826652436
326,0.00486270236666482,0.0258315346350148,0.00204773137338874,0.0130441430906756,0.0100196995088399,0.0115663704861183,0.0188799468136604,0.0192130200700413,0.00137185968456018,0.00682698107795645,-872.64654511054
327,0.00440434560686158,0.0188922982344478,0.00170825209104975,0.0129352420312701,0.0115364572235876,0.0105682468728654,0.0134477351756368,0.0155806861606803,0.0033847475305288,0.00664742101944598,-873.280670220202
328,0.0102328890512751,0.0178727412292839,0.00414963125386278,0.0118992636767999,0.00850372915882491,0.00807247971363978,0.0117626242353418,0.0165931570014326,0.00391839160582166,0.00549099115180983,-877.358564014596
329,0.00196562744200957,0.0240435239063366,0.00489747504597971,0.0140810705464026,0.0118755983612506,0.0111921408425745,0.0106152798126937,0.0249010136212871,0.00371369100204179,0.0059863111520276,-876.452238230729
330,0.00483444975297898,0.0212649434349553,0.00403900361735344,0.0148939271714816,0.0119067597196773,0.00620611277634181,0.0158573301402996,0.0229394553243613,0.00297872757242292,0.00333008475747498,-872.400873692429
331,0.00516529538685623,0.0220453469637599,0.0042033298773319,0.0171204399437426,0.0112395586879051,0.0083601575720288,0.0162065202298979,0.0230665486059323,0.00210193180520515,0.00396632182343554,-871.308574124907
332,0.00321992302885611,0.0183254798590525,0.0094836630858452,0.0122003078481216,0.0110817365190204,0.00531130635085389,0.0164440630363776,0.0287974482618272,0.00212836569952872,0.00567402640974248,-874.86703640141
333,0.0055556757355661,0.0259191620928735,0.000601869666946517,0.013515034953758,0.0109354700933825,0.0102692707982602,0.0170067939585586,0.0272822921191955,0.00197247037750394,0.00586618611482093,-872.251847004452
334,0.0012695732175961,0.0256641824642967,0.00805221647035789,0.0101727864386279,0.00983092405730085,0.0103856921359686,0.0178000151194286,0.0173784280761016,0.00110354077361771,0.00380481427081445,-875.441412424564
335,0.00108556643907381,0.0236787700445374,0.004000977386504,0.0132169660960521,0.0120468235887217,0.0105362494892588,0.0110199403348174,0.0265366235341559,0.00376749520541204,0.00427378874416408,-876.785862863625
336,0.00627873149994818,0.0241902036018222,0.00549117490771596,0.0183987342229814,0.0106821871080341,0.00840751914731506,0.011622411145234,0.0186163269237474,0.00301311686034987,0.00374526249091049,-875.054501152979
337,0.00258232467079348,0.0203710966770673,0.00418018179559821,0.0158766370832277,0.00904295640150946,0.0186430964554965,0.0134707065822722,0.0247851901459191,0.00301356996408427,0.00426676539069237,-874.015981997237
338,0.00571965380247263,0.0169360583386903,0.00275568267062552,0.0190450437383077,0.00588494981577368,0.0161742991690047,0.0204093343990674,0.0177087055968425,0.00182543397032044,0.00273784151627538,-877.959693884091
339,0.00512756119097198,0.0161628579736436,0.00493156495339071,0.00838936164924418,0.00492677852655252,0.018274445429611,0.0147500379449296,0.022482018858894,0.00355534675597607,0.00751188478925182,-881.745453882727
340,0.00367367822226196,0.0173518231389747,0.0028114642027547,0.00792419314864216,0.00787989184884504,0.0141539561479251,0.0164716532483134,0.0144284814584809,0.0024660525276949,0.0052887744191842,-874.314799313414
341,0.0106080495575529,0.0157272315474007,0.00428952133872383,0.0154251618324439,0.00844902085623129,0.0158609110311456,0.0156830298668618,0.0287486252649045,0.00369070630492853,0.00175797886144657,-876.855120168726
342,0.00427487144079697,0.0270423991785311,0.00748974369669746,0.000495316578283435,0.00902019496543997,0.0149365150597743,0.0217738506180287,0.0459218765518076,0.00352873996935849,0.00531049565040559,-878.564840025084
343,0.0044840120059014,0.0198420395608458,0.00956106710860453,0.0189898591660106,0.0141336326874146,0.0138340247773361,0.0251177595028461,0.023462009648806,0.00468752986875938,0.00250523133331449,-882.803055669569
344,0.00547764817003355,0.0190443363245568,0.00510624116101901,0.00593854605772095,0.00811071032901839,0.00632975959319739,0.0231404038171921,0.0257713723190241,0.00208933533703523,0.00544334108461095,-877.053143906143
345,0.00299040182842251,0.0245577549750384,0.00820061247052943,0.0153596395331686,0.0157552858229754,0.00818439262702825,0.0149312261181793,0.0225870903147682,0.00161647093999817,0.00482089406691915,-875.38759152952
346,0.00297565768730703,0.0222259506661146,0.00230358480376368,0.0237043206806772,0.0158344088037891,0.0116470335911459,0.0147186826479423,0.0227793493558492,0.00174005231527131,0.00716066873169947,-877.077666605629
347,0.00352053914250518,0.0183815961235256,0.00224796593066923,0.0240770429174238,0.0140562901917773,0.00874181668918417,0.0167750366582255,0.0345061759875816,0.0018064670228633,0.00725422647700608,-876.135145029518
348,0.00486962952570269,0.0188942359616878,0.0025191564550245,0.0224255498043303,0.0125723405054591,0.00652604382967994,0.017769507365755,0.025971494700498,0.00163175453400023,0.00392057722204768,-873.645910752267
349,0.00358523892437313,0.0227469117947009,0.00291662238839068,0.0107491532260776,0.0100604327606108,0.012948639045113,0.0157469939400194,0.0212506372588046,0.0015486611887701,0.00506447721588318,-870.675481881689
350,0.00526319785378017,0.0218383795472737,0.0115775750524343,0.0114794808408057,0.0103254409088374,0.00945574520797879,0.0220502742969127,0.0341991459844683,0.00239356801627821,0.00536205984374569,-876.100732678307
351,0.00420861450981201,0.0210693819360988,0.00959058312251959,0.00346513318893589,0.010245313074814,0.0095795868953859,0.019447447196078,0.0262174583014523,0.00317847663808908,0.0123925507104388,-877.583766960602
352,0.0105278585618328,0.0146297607248037,0.016822011472429,0.00179054223691494,0.00720454525242007,0.0130699245682716,0.0195800589849977,0.0196021032860692,0.00127670943330396,0.00847555863992673,-883.149980828675
353,0.0101745719612833,0.0219155290559443,0.00373662051975041,0.00377354150620896,0.00705555716443292,0.0191482113196433,0.019288935810043,0.018137342081761,0.00145445097148299,0.00755885564072206,-879.030233666945
354,0.00694968015619041,0.0258540468780808,0.0113194251226192,0.00570870814179272,0.0100079303692498,0.0202265830339646,0.0154711940491216,0.0178804770206526,0.00182954952437735,0.00209305044503643,-877.640804458003
355,0.00470625646802134,0.0232187854687407,0.00571959907977661,0.00242573327374005,0.00932944745958037,0.0220539660127895,0.0180790819025912,0.0272683467773631,0.00210156836651282,0.00537520162896947,-875.965348449933
356,0.00223764879859898,0.0283995637852279,0.00625346769704104,0.0130196620105013,0.0120811022649077,0.00605900671438181,0.0159140513553769,0.0248276820199327,0.00253904295034878,0.00640086482679243,-874.502292992575
357,0.00252856942353991,0.0272851931946134,0.00534225846362582,0.00745988250977782,0.0111164869870841,0.0149993691314282,0.0166798996653396,0.0216661240296481,0.00295899479046581,0.00511053864134137,-873.679096987996
358,0.00552193153596374,0.0273458092954059,0.00416752845991832,0.0145468201228563,0.0104252546972672,0.00827194810759856,0.0149671983174375,0.0230925131304631,0.00138031959214949,0.00583891140620607,-872.942346595125
359,0.00463877283277011,0.0205266476989361,0.00341407054411734,0.0145398427267706,0.00866307618702404,0.0140010351290534,0.0179403175282659,0.0174846787072113,0.00308615585483707,0.00813087770641479,-873.278818123569
360,0.00416492254019386,0.0244732535750704,0.00259036816639191,0.0113624984763532,0.0116817573055886,0.0171604545179991,0.0152914589829022,0.015046561196321,0.00324020972659436,0.00333637447895295,-873.585778116754
361,0.00242869459692821,0.0220039045562528,0.00237363883023655,0.0142610198841897,0.00722340813196184,0.0188068551641691,0.0159298127271293,0.0235262838866667,0.00346511605995656,0.00397234832040129,-873.82717555219
362,0.00348065783224336,0.0202220020302084,0.00412446389032929,0.0144864405525976,0.00990079271353143,0.0147479407119716,0.0193557677122307,0.021567747519501,0.00279171158897664,0.00207389496594856,-872.20860966606
363,0.00591981234244873,0.0177937564592146,0.00343734723411604,0.0139077264393467,0.0105444950215655,0.00943091647108776,0.0223674359025149,0.0256697712173941,0.0027701691773658,0.00772472544820392,-874.356300727049
364,0.00582421067738316,0.0222323464832877,9.67154808422565e-05,0.0181175298794718,0.0104478901867376,0.0107479973155358,0.013320919528923,0.0190590531240167,0.00219554355012514,0.00297642789120017,-873.343871439423
365,0.0022802756104838,0.0212648223342628,0.00688216687889173,0.0182413047310849,0.00795470995354959,0.011438638998658,0.017799024100555,0.0141408739358185,0.00281484179776115,0.0105475577623736,-877.167377696204
366,0.00371139221048656,0.0217214946324043,0.00231712835944028,0.0155582015210183,0.00803541116453776,0.017619236136642,0.0148843003401454,0.0168289430641913,0.00238877056814152,0.00100387128294509,-874.141722915422
367,0.00416278889796728,0.0247385857385216,0.00292724324565657,0.0159998204714561,0.0121723311665312,0.00745465554857507,0.0174875795972669,0.0206074436411617,0.00317723487372208,0.0110726666879554,-875.982325250511
368,0.00760517461721361,0.0191800647031479,0.00463583218289338,0.0109945281183068,0.0104674226767209,0.0075607556007635,0.0163913646805921,0.0209510373204334,0.00294559821573342,0.00230891492722451,-873.82011740691
369,0.00573633220951628,0.0256908094527654,0.00637595812174124,0.0010683736402264,0.0125229580203534,0.0164558802784454,0.0140009047652511,0.00681285877324161,0.00187966499221821,0.00450569048329248,-877.10172871933
370,0.00406249716930651,0.0253317388218702,0.00576318671458931,0.00407567446964695,0.00713452075545694,0.0123217276515915,0.0152892982727242,0.00693517155791889,0.00293189345857834,0.00421342142959695,-875.449167922346
371,0.00322815528833517,0.021860987316708,0.0034938850482292,0.0129359524316163,0.0123820942394567,0.00868174453390721,0.0161267991510737,0.0274219391267642,0.00224317959143958,0.00284368852447431,-871.380592977528
372,0.00356543390455207,0.0241331955744014,0.00373532453654085,0.0159664260171092,0.00823751456508723,0.0125708546950089,0.0173245445919535,0.0260108071906808,0.00435294322062295,0.00382639386195697,-873.127045483284
373,0.00372467342942229,0.0175900535478049,0.00395692263114388,0.0203862170120834,0.00995379401700372,0.0100290789532087,0.0215015176892858,0.0234003341069502,0.00419857867383362,0.00554666859203028,-875.302196940714
374,0.00539072670487347,0.0195618080882969,0.0027354465134432,0.0135969952979873,0.0136042102143972,0.0106698715160463,0.0132360847646163,0.0233980422132274,0.00400230683895602,0.00612774866296048,-874.582383803251
375,0.00435435762926951,0.0181085594221372,0.00496704106515864,0.00565617323397016,0.00822454444108791,0.010292328730923,0.0153924967012119,0.0319412214618893,0.00358421070156003,0.00298123483998964,-877.259025426541
376,0.00441490187053563,0.0261616310469533,0.00472415195841997,0.0118783523389134,0.014135019467747,0.0155069478349865,0.0155294382611337,0.0168055910034567,0.00114633453208436,0.00247629285565331,-876.221384185476
377,0.00387775884617364,0.018772416328448,0.00135476129207776,0.0202714740004528,0.0126201989439011,0.0087991646023701,0.0164312454116658,0.0405455421816713,0.00308401881869021,0.00952275713731163,-878.419842686954
378,0.00399445816582268,0.0263614670592169,0.000770516082782086,0.0111988414463077,0.00856540212627279,0.0151906309568093,0.0194210913561197,0.0295533881956903,0.00242925398328279,0.00865167220958466,-874.828356768027
379,0.00472533797605831,0.0197393984567995,0.0028876086185166,0.00974802503219774,0.00839649758352965,0.0138541248862725,0.0185411044104662,0.020846037007573,0.00136417173014484,0.00476308426990996,-872.72371294691
380,0.00190039828267288,0.0272130450251974,0.00190522308935861,0.0134164846603662,0.0109766910374547,0.00644786015208147,0.0114985579872204,0.0224769686036624,0.00168030843520176,0.00643801671632043,-874.779809124236
381,0.00503707017292018,0.0240613516463459,0.00406406534826772,0.0144074920631398,0.0106523891131324,0.0113643674516587,0.0139384046866073,0.0201719466747782,0.00304388745792568,0.00357228816443219,-871.636944538328
382,0.00612339688902575,0.0176650766543916,0.00197972884318201,0.0146036618494623,0.00688032774651257,0.0119751637790595,0.0117523059258669,0.0146723841308521,0.00317540790435472,0.00171143143986806,-876.133031575286
383,0.00524259615424703,0.0197931693965067,0.00164701087371229,0.0098257079978387,0.0119429820825657,0.011369390008475,0.0100006063442929,0.0255052152749992,0.00395190791112737,0.00309408681133622,-877.39277560982
384,0.00621264580316838,0.0201495992758814,0.00176443131906911,0.0226456109283305,0.00804599120188865,0.0113818224099993,0.0133617171364265,0.0242691600995171,0.00242092658287764,0.0037453646943967,-874.116190041215
385,0.0033451798196178,0.0209480091497833,0.00362951322886662,0.00886699968609509,0.00959057199670111,0.00969289441025707,0.0209225008889024,0.0207695128439971,0.00243052882331888,0.00603617789466029,-872.763536338581
386,0.00365707691582939,0.0247400220973458,0.00240817613314188,0.00686613164722217,0.00900774950186096,0.00945559372823092,0.0177892572878172,0.0187371993346101,0.00270953459002566,0.00586922121292493,-872.245457513575
387,0.00412870843996296,0.0186756777337035,0.00261986722794555,0.0122442675440141,0.0109218293146063,0.0118555885184424,0.0190472946296818,0.0239873270906455,0.00162680851230783,0.00554904306923226,-871.785228528184
388,0.00331075872705979,0.0278328387227854,0.0040339787202574,0.0190955325939531,0.00878517004498528,0.0169697248940551,0.0191041167875613,0.023104760728643,0.00318234094079695,0.00187603698175869,-875.637780951365
389,0.0034453542182687,0.0167503928458424,0.00426543128609728,0.0136912211654923,0.00604121161200434,0.0155994624376156,0.0195112532748303,0.0282740540856781,0.00248645314627102,0.00496679223488339,-876.159021636514
390,0.00950158771339931,0.017374865975382,0.00583938634030081,0.0145788908886587,0.008845010902998,0.00816562058241156,0.0215258205974281,0.036802401870766,0.0035465113890732,0.00521971378616329,-877.495224335277
391,0.0050641246784471,0.0163442566617858,0.00108686921953949,0.014831233535435,0.0124142614266031,0.0114307543268659,0.0231643010758999,0.0260213149063967,0.00161734260199818,0.00695161475428217,-875.625499287357
392,0.00978303973631096,0.0239524518920247,0.00201251797639546,0.00927832170158953,0.0156666811909594,0.0133021726742885,0.0233404948051395,0.0271122679923494,0.00205079361259893,0.00798598902227822,-881.658787092968
393,0.00942957639872213,0.0176173375758344,0.00117838098738898,0.0142346833162054,0.00596336172872797,0.00942127603665285,0.0158634508964075,0.0237889176639806,0.00163105518104322,0.00679908222807317,-876.551764877456
394,0.00511722846332035,0.017079822349061,0.00348413523557787,0.0263019606312422,0.00881359311885492,0.0154667495309389,0.0191488683200141,0.0268355518352855,0.0022514819470202,0.00364376863710955,-875.122757040573
395,0.00708367161797525,0.023678105638194,0.00277561173797057,0.0127600549418858,0.00878550931850979,0.0116410819071848,0.0178459200200852,0.0239935620225574,0.00139046766073823,0.00276431914981764,-872.759789376464
396,0.00140998797134426,0.0244286949166025,0.00287910523438828,0.0108048631760548,0.0114946091485467,0.0106865739290302,0.0152600891667898,0.0237896826337109,0.00215552104612347,0.00390040001172959,-871.972423072114
397,0.00524836692547541,0.0300012958017658,0.00210972132061415,0.0142639334384179,0.0102165287743572,0.00839988410338109,0.0139406135506002,0.0257782112784079,0.00213594501665,0.00555526613544923,-873.791344878622
398,0.00693190453837452,0.0251068245138688,0.00176240671006638,0.0116621958713186,0.0103711862955438,0.00972201200384958,0.021114235077097,0.0343251270674681,0.00367129356525289,0.0028203123345802,-874.880202377937
399,0.00549374921876089,0.0210772414982543,0.00194081815313217,0.0143020071633286,0.0110824625979715,0.0123089421863821,0.0163033238863879,0.0129351723978768,0.00201806995219449,0.00666188967530744,-872.795516358291
400,0.00489491679736941,0.0197262873807261,0.00417777339837121,0.0192726808335603,0.0110781973759317,0.0116820153304569,0.0190443908252855,0.0204939583680342,0.00275516924310091,0.00414640820624557,-872.434747579583
401,0.00742875578449908,0.0213043428939483,0.00605543206734729,0.00571232550805827,0.0107970740878284,0.012163676662294,0.0138401537656337,0.0127330917660971,0.00294452678498819,0.000994413067127877,-877.887268554482
402,0.00700737433543939,0.0176505487813876,0.00719750371680499,0.0165134848423046,0.0099304827049692,0.00907964511554597,0.0174519464231677,0.0139376876846763,0.00549074637643615,0.00278361722841144,-878.029514298153
403,0.00598623039649031,0.0207449447765795,0.00660616286245473,0.0207705080770015,0.0111798675881441,0.012283369633984,0.012344774569952,0.0234390556736501,0.00229739398996273,0.00405801964217822,-874.907785295279
404,0.00331021907374438,0.0202740472026346,0.00383419058244456,0.0158017913476372,0.0093060671464493,0.007303014212095,0.0172054446225663,0.0222414394834457,0.00190788282076545,0.00448713439107127,-871.343184208182
405,0.00437687389834829,0.0179530922070617,0.00356138623609079,0.0154394509613951,0.0086947602646443,0.00776407326548351,0.0144736965266132,0.0249141653192959,0.00276784271294054,0.00427210101553215,-872.483822458902
406,0.00416955304039819,0.0250280886663275,0.000849793407679965,0.0133435401666737,0.0143922755092411,0.00795596327694333,0.0177347221944427,0.0198161055738137,0.00237826251805663,0.00402549260072196,-873.47648477406
407,0.00268322973236492,0.0216533085488873,0.0063747163166748,0.0129556426029574,0.0135070204078437,0.0109199608216177,0.0136823063517211,0.0215608983744667,0.00303159660352262,0.00154543724085042,-874.632132687904
408,0.00332826465299714,0.0195540515451178,0.00820374094262259,0.00357446834725579,0.00844059615870034,0.0111069447726087,0.0153164878467025,0.02300142189511,0.00315899354050032,0.00464399655969404,-874.957422214212
409,0.00672520634220181,0.0199162794258308,0.0139493912158083,0.00345791178657804,0.0109882368991354,0.00979966452064263,0.0193580776636855,0.0272318678253068,0.0040939315957471,0.0013704033840247,-877.225012404333
410,0.00513424855690537,0.0275671209718002,0.0103293327546814,0.000608568054974193,0.0106283321774476,0.0145522820253948,0.0162248381884285,0.028223391679646,0.00148436446836446,0.00558806146769023,-874.686651188358
411,0.00506724660080547,0.0234429064015842,0.0080530688089207,0.00953351346519785,0.00976060072298783,0.0110216585106406,0.0135214436862577,0.0167014962830453,0.00259033371393077,0.00420214598440908,-873.80076640115
412,0.00500303791091364,0.0229658081567498,0.00686597547046782,0.0142031063205078,0.010664002221412,0.0148953878519427,0.0171927533944491,0.029846249593471,0.000689286483317483,0.00566903300756361,-875.335602253503
413,0.003050413144262,0.0244200168627238,0.000362367635644843,0.0100747246024385,0.00925776550250849,0.0145871423968417,0.0208584296812339,0.0319625005578259,0.00436963900409867,0.00330700752016256,-875.784375278058
414,0.00450598211187671,0.0210018010917076,0.00415918745645804,0.020842803796323,0.00898535990673191,0.0126018716926423,0.0185267073434558,0.0190313560113781,0.00251799529326304,0.00298727804104122,-872.537306188153
415,0.00534515061334381,0.0207604759714903,0.00248463866692713,0.00685591477117594,0.00872636869093004,0.0167160746952807,0.0186711762567368,0.02207076365861,0.00233623962828759,0.00533550526183021,-873.29981933973
416,0.00304066999514215,0.024316787553368,0.00115901432188787,0.0133353825509503,0.00918902697701956,0.0166559640514364,0.0144845615405108,0.0142250146521028,0.00239104065933989,0.00587418542037299,-872.844223681295
417,0.00460430474770972,0.0154994652782382,0.00341418134414747,0.0165618246720893,0.00870550477426606,0.0109795722688506,0.0156928682946985,0.0196106523611486,0.00176425974024072,0.00544094643855298,-873.032343810167
418,0.00455802663656375,0.0189253392095864,0.00435721511078066,0.0157332771349175,0.0085029157082456,0.00979748462845379,0.0157319155675047,0.0212905869540057,0.00348835781639758,0.00550262942843195,-872.298660684754
419,0.00483630650803285,0.0225896693611135,0.00226875131935308,0.0114653561344532,0.0125346911031977,0.0139692217542651,0.0146230105763229,0.0216917244414856,0.00105447968638758,0.00265793033527714,-873.459328467659
420,0.00187226720737859,0.020467888272322,0.00409878560210834,0.0198482388990196,0.00961367715512088,0.0150291113672458,0.0130282478527169,0.0187990691707496,0.00366387163032591,0.00237711515671092,-874.619475137254
421,0.00526588242750951,0.0188242937095077,0.00273332634066276,0.0192429307617994,0.00977159270263664,0.00883867831870879,0.0176527001727915,0.0214757209635825,0.00298705859981998,0.00879723503796323,-873.489941882005
422,0.00614179889700819,0.0157330111846978,0.00557717266993113,0.0110425089147216,0.00877721797908256,0.0135358537875597,0.0156816451283617,0.033576002874646,0.00229515368281326,0.00379896846076384,-875.79315849721
423,0.0024638219814296,0.0225334063844572,0.00484167986213067,0.00619292190248769,0.00968190140801249,0.0169320786880294,0.0157986708746763,0.0234978471476359,0.00239210137066821,0.00325195996383638,-873.108283770947
424,0.00345492494083411,0.0258304608565787,0.0146529262290644,0.0101680868954392,0.00795734936412456,0.0112934892821314,0.0159548657832584,0.0228034811074427,0.00295846096181996,0.00311568132120308,-876.293260427769
425,0.00397894158341703,0.0214041059838688,0.0147099841474893,0.00302217733074634,0.00965343553051579,0.0144249926109039,0.016325257000081,0.0146231028970297,0.00180432436470485,0.00414021061969839,-874.822470339086
426,0.0030507044114706,0.020965661744483,0.00302099140499011,0.0176276013392721,0.0121542371637624,0.00946145643021234,0.0133135714830807,0.0223278397056295,0.0018733084197815,0.00399045008189072,-871.512066699412
427,0.00370757644185731,0.0242549845700481,0.00220322315950286,0.00987623022313088,0.0130410757623751,0.0118223245494473,0.0161780712527518,0.0227663662355873,0.00207337398358469,0.00344984818210256,-871.639471464827
428,0.00408551478033264,0.0266542255258561,0.00228910583343012,0.00813647572949969,0.0134925516340987,0.00945186027686973,0.0181321831200371,0.0301883981443768,0.00207099359699445,0.0039675848564466,-872.767350040156
429,0.00293306757321338,0.0224709389605546,0.0063289228716735,0.0123684046576006,0.0110537111881978,0.00774367777008689,0.0213649368400265,0.0406727616166963,0.00129490013858339,0.00459891212930782,-874.537090303326
430,0.00238181602828263,0.0233835993776263,0.00434034027835405,0.0140411986155594,0.0108677756341933,0.00800958721231376,0.0229549372760704,0.0368473611333278,0.00219842039533958,0.00346241698628507,-873.601382205958
431,0.00260644770157728,0.0183074245071598,0.00470964176058088,0.0187469612977176,0.00725212643484776,0.00860226027968748,0.0167686962506019,0.0276731317448672,0.00155667928152648,0.00261442606816648,-874.989717729928
432,0.00589458922635306,0.0238612694696349,0.000587203546450083,0.0220507272744011,0.00702773348913997,0.0122006814489419,0.0164029484269181,0.0218217537303484,0.00247536280227871,0.00407043631570982,-874.654454418249
433,0.00761997573311451,0.0193657802992633,0.0029404634758965,0.00935258491462938,0.0122622703348486,0.0110523049963849,0.0154261341322385,0.0295733945370659,0.0026035193265332,0.00627210196054511,-874.479448392123
434,0.00814122612351084,0.020614580189999,0.00122725647436935,0.0208402089438904,0.0077973747970629,0.0106844024398882,0.0200494281601013,0.0325231946047616,0.00148035438255972,0.00546600526533069,-875.354314698237
435,0.0103681200004007,0.0137559856562305,0.0050533832417802,0.0324738471622964,0.0110842000215625,0.0050620443945688,0.0210352042193348,0.0258584043054506,0.00357414644379172,0.0117393169081436,-886.423990580812
436,0.00384953356838565,0.0247100473066301,0.00144943966286,0.0218441367281801,0.013062621419307,0.00786041724620411,0.0205732927935094,0.0277403675158406,0.000523329286134283,0.00547106054553229,-875.950093513789
437,0.00348994666527279,0.026091808118811,0.000952158851535467,0.0187472454930426,0.00912504531251051,0.00548573853878621,0.0176880133991401,0.0226176286507116,0.0041759645716471,0.00633933327735467,-876.299510001024
438,0.00565483388554603,0.0240319470432479,0.00227011964848399,0.0231094823169426,0.00989729272553468,0.013779079604616,0.0169638093247276,0.0163751816202351,0.00365407871233065,0.00142951037532172,-876.069670493785
439,0.00629960822444521,0.0198544845184119,0.000592399394994177,0.0164974313895569,0.0092407521158363,0.0168428407331026,0.0163730450060809,0.0146384410448037,0.00158074039213206,0.0107428696488142,-876.050795491677
440,0.00310596840306527,0.0208717933697321,0.00330577465333098,0.00961908497951836,0.00861132952133446,0.00843817522603671,0.0138139787188958,0.0221239057644144,0.00182594811478339,0.0097196981860379,-874.291603457872
441,0.00383213391514093,0.0247494548463616,0.00159432855967658,0.0148816106748496,0.0081414623643756,0.0156822640703365,0.0128311091266898,0.0148886567929994,0.00260685978830491,0.00759906759932895,-874.359645990427
442,0.00218297437099468,0.0209071226202847,0.00258146615071622,0.0106933488753847,0.0103334079104907,0.0161207222651572,0.0154698756442994,0.017994384271836,0.00145797739815501,0.00345783751454113,-872.541130816091
443,0.00331321156238509,0.0215171587854786,0.0048989686530097,0.00918290744898642,0.00803418606567537,0.00968283894613847,0.0161898019437751,0.0103717335326574,0.00309983317767022,0.00237351349535859,-874.531393328161
444,0.00250829949322511,0.0217317883081984,0.00434648334451786,0.0176547851565765,0.00950749315865888,0.00905091649468482,0.0134625135554108,0.0387284660040263,0.00159313667037002,0.00610434393170746,-876.124373377061
445,0.00246230318120168,0.0218419271137806,0.00131128041715129,0.0147252114042715,0.00977382929791365,0.00805233830729635,0.0172050921268815,0.0137919574287541,0.00239594582263975,0.00365309995032905,-872.571990023083
446,0.00885243488874679,0.0215051615318908,0.00228298193661891,0.0146312699563225,0.00984695195542075,0.00700945743331059,0.0154727900027996,0.0232902762762027,0.00233089444765853,0.00540766160172159,-873.19842411636
447,0.0116104460784206,0.0243449056787509,0.00408518665322554,0.014505285515203,0.00930497929617593,0.00934575935556279,0.0157871081358758,0.0214053081537422,0.00136052288230769,0.0083844191662332,-877.545171519508
448,0.00851236730001842,0.0253710635326261,0.00238548928547623,0.0148316211451674,0.0128135966545317,0.00955552240658078,0.0153091446580632,0.0255617357086257,0.00211030019320779,0.00677858558682861,-874.883087586079
449,0.00764370370683655,0.0195377576691549,0.000996782933593502,0.0179763830820355,0.0122176136358445,0.00714519105376954,0.0162309946236975,0.0279106680933384,0.00266865708643701,0.0052987048237573,-873.54849371179
450,0.00858632631352316,0.0220819007969834,0.00112785053245031,0.00918233521657421,0.0108035950772931,0.00779350925187408,0.0192348662505119,0.0213594840934477,0.00116572453247918,0.00493795033401947,-875.031312871775
451,0.00703530592123221,0.0249075172234479,0.00311644665319416,0.00623006933749323,0.00996181244660956,0.0048299738123374,0.0182538415595482,0.0252551910878691,0.00263900290973694,0.00673315642288475,-875.556148536822
452,0.00527955170407077,0.024561628013925,0.00921476613723153,0.00430455655632799,0.0130508626333752,0.00656932584356091,0.0183012188499664,0.0195915752084061,0.00277304536495261,0.00740071028351618,-875.569806155893
453,0.00513751907678301,0.0247985359241774,0.0100397940162291,0.00413469106696401,0.0101004801735013,0.0088305329225479,0.0186896357327464,0.0264542759446697,0.00214237598641027,0.00626500554293121,-873.519453371095
454,0.00417451936070879,0.0242645468176023,0.00883045162111503,0.0133583759742874,0.0100796322541314,0.0133695839271204,0.0176075762649173,0.0256317741074293,0.00264251411570376,0.00214295552778957,-873.448606147114
455,0.00378634107079517,0.0209294820325796,0.00419871654606573,0.0137995339809738,0.0126870781935258,0.012629851919227,0.0182082201807941,0.0270386459090768,0.00151052955763082,0.00651845532561761,-872.535140601285
456,0.00426416622924941,0.0209052178736866,0.0033378307063898,0.0117465183487539,0.00783818584790671,0.0113997888732886,0.0167197176593932,0.0332117362370542,0.00176876038256851,0.00566708288633799,-872.869172496479
457,0.00285055135553769,0.0236303417694319,0.0076288478725517,0.0126524451934781,0.00939418365780359,0.0172530467190003,0.0221431339637753,0.0260171716735822,0.00180870162517011,0.00395149289537885,-874.771223930499
458,0.0028460392782757,0.0265429168208231,0.00323645473462747,0.0108597813232082,0.0124756539201734,0.0193021529888553,0.0146347212883087,0.011046227350205,0.00194056000310879,0.00530446249578807,-875.94106723255
459,0.00514183278202391,0.021037607641234,0.00102674815187744,0.0132588308887923,0.00806289281617831,0.0189611362726001,0.0187300084350706,0.0180662216254614,0.00256353538281598,0.00650384296034514,-874.053490698145
460,0.00680020312820552,0.0191594862057702,0.00176367428270045,0.00677176974198031,0.00872548751996923,0.015141458913699,0.0189021608003403,0.020424611861913,0.0032497005713982,0.00944237927260267,-876.15161635298
461,0.00683332306786702,0.0232946061292281,0.00167176912854417,0.0122305006725048,0.00928896025404977,0.00866856737385473,0.0206502182271757,0.024886470652693,0.00317277882916985,0.00110396892877288,-875.37523741098
462,0.00328103919270095,0.0248886839312851,0.00396672672550329,0.00353972450713994,0.0130594087025475,0.0105921414011245,0.0201341319636056,0.0317865258364671,0.00264467314500476,0.0096773170081991,-876.111928226979
463,0.0031612407075171,0.0237187865681782,0.00466454742171948,0.0115947054431032,0.0113981035992709,0.0116016844769692,0.0156772725092893,0.0120785648967385,0.00299255928161105,0.006168830250227,-873.376307097625
464,0.00425903432435784,0.0180168940866773,0.00101878211802079,0.0100525566954078,0.00758391011995061,0.0173930331037703,0.0185346002126425,0.03343887846315,0.00327269500451328,0.0027985566793008,-876.007027023569
465,0.0043441224350088,0.0184673296689586,0.00345679376962462,0.0142321596527189,0.00772765099980302,0.0253453623270842,0.0172146070699282,0.0113076014167596,0.00296833547548529,0.00833659987198696,-878.132577119968
466,0.00390091906029573,0.0160864255974017,0.00157107192982318,0.0165905002774828,0.0117007152678314,0.00640328023020258,0.0166432161779153,0.0204152081921881,0.00139483569078996,0.00760392651396889,-874.31082675957
467,0.00867103287243714,0.0134304560380785,0.00470546304828747,0.0149933383180136,0.00982707204562005,0.0130616878172243,0.0169645888446205,0.0225380246932631,0.00302590692119856,0.00167873616302887,-875.222886526627
468,0.00584013664956976,0.0291867230162429,0.00491013010370908,0.00922776696512833,0.0112554884853337,0.0145693338302774,0.0164273073895893,0.0309165572059633,0.00241365407528593,0.00165338748002098,-875.761850512065
469,0.00399734298885506,0.029572319365085,0.00403490012750005,0.0123874521547923,0.008764283974823,0.0178464270103298,0.0151514033133465,0.0241056540968293,0.00205161356630521,0.00467308529632055,-874.448136930828
470,0.00273999019271046,0.0177319519573444,0.00470742863961331,0.0134445640215233,0.00973575858757736,0.0119281019531342,0.0146330201886789,0.0191285628097009,0.00184417767621376,0.00480530652943278,-872.378183242333
471,0.00663262249271139,0.0165215549602632,0.00337828311952599,0.0109547235942352,0.00910699867631823,0.0118135644352278,0.0158913939508896,0.0194917554050866,0.0021227228643737,0.00278706114014772,-872.899284149678
472,0.00422385055061987,0.0226528511367055,0.00478953538161784,0.0133834150741523,0.0102450361955704,0.00974455981251056,0.0177001611213654,0.0274730905110826,0.00230266500064309,0.00241527801612151,-871.329424297549
473,0.00215123960871814,0.0245272078298165,0.00345843854524896,0.00789518382721185,0.00902715416252248,0.00891547053420858,0.0169783857911643,0.0167503047751815,0.00242394853246406,0.00657888570276689,-872.837491319325
474,0.00407492764100544,0.0247102058310613,0.00342672479692297,0.0108235618337702,0.010952403755323,0.0113417503276197,0.0132086561085235,0.0194575468561794,0.00192116726138071,0.00754178710367447,-872.6558281195
475,0.00204272023727772,0.0231353008479929,0.00261182975092836,0.0182242229833552,0.0114097101494202,0.00818190116621084,0.0151646762468556,0.033452757527039,0.00251989652169743,0.00117504896096541,-876.148931800551
476,0.00519516731398868,0.0242174540338156,0.00130380503102941,0.0100711503386696,0.00871398713470788,0.013474277994864,0.0193267978122752,0.0218395653318152,0.00255850638436344,0.00386684625981184,-872.048118334641
477,0.0037588824896181,0.0244415959642531,0.00438726109134813,0.0156739297169533,0.00924985121671898,0.00866795284350761,0.017751561460535,0.029431229169815,0.00159752913218527,0.00383373968425114,-871.623851165111
478,0.0031915648222089,0.0322674322178554,0.00312297714569938,0.0110955100621075,0.0129575111754636,0.00878433533741051,0.0175771461916372,0.0229100894684765,0.00204242706506941,0.00692639316712091,-875.420780923868
479,0.00231697382967555,0.0312213112210139,0.00633850025965265,0.0107793146059221,0.00818700099607262,0.0117396604041696,0.0171601274338132,0.0268819406255197,0.000872861420973362,0.00739714360319133,-876.7784977532
480,0.00392747778827907,0.0158886384283419,0.000244607278103896,0.0110026387812813,0.00777340050480211,0.0148822690007612,0.0169541569375502,0.0238271515386976,0.00340012567832816,0.00675111676383162,-876.067521859881
481,0.0107011850892675,0.0240011792057249,0.0172683348503591,0.010386585876987,0.007693115864094,0.00519122004858397,0.0181112013557362,0.0413152102026247,0.00309987536276119,0.00210005306663446,-887.387563723792
482,0.0024811695211517,0.0225111479650357,0.00580138091823225,0.0137068752782377,0.0152908855412021,0.0100757454565494,0.0205177147341279,0.0391954104633324,0.00218639796580594,0.00690127317714615,-876.661932920514
483,0.00141650014821196,0.0244501890668165,0.00363211212659423,0.0079575997395234,0.00849071294053858,0.011844709600797,0.0167126285542709,0.0240575562698023,0.00210164322173362,0.00371336909506899,-872.632822215893
484,0.0014354777073766,0.0227665391451886,0.00424368286807682,0.0104538467030534,0.0115052438001026,0.0221941021988752,0.0198581017288889,0.0324503696724501,0.00288692710219372,0.00461004462319844,-877.570739919518
485,0.00280404156921898,0.0239948538493827,0.0053425967774515,0.00459445064243972,0.0106009224417046,0.00296224822119393,0.020064061381664,0.0193999357356229,0.00156754812901415,0.00685253329548333,-876.210421636204
486,0.00284507124985892,0.0228191542512674,0.00780735252180445,0.00776995192999254,0.0137669895932303,0.00972099864519733,0.0179615357399975,0.0170245210696848,0.00312131449577957,0.00326694772652458,-875.364402323333
487,0.00171200234868021,0.0221273793522153,0.000720597773341542,0.0101992729319846,0.00672915542948295,0.0204905573273453,0.0193690445299372,0.0297436913110713,0.00139722226668734,0.00530282270551062,-877.420279176588
488,0.00418159761275754,0.0214483756092982,0.00184800673892943,0.0136673647030112,0.00831402800804007,0.00643878434670696,0.0161211425022632,0.020699420205762,0.00147086864413459,0.00201799955996521,-873.774358106476
489,0.00201454826469243,0.0209502546894202,0.00687813233920303,0.0199352041902092,0.0136509893292407,0.00444836920482,0.0191429970057928,0.0298399544949601,0.00182483667362868,0.0129098046185351,-879.474466569494
490,0.00280671392398316,0.0168765153112545,0.000505374614403665,0.0206835802720905,0.0133535575508094,0.00743807334807078,0.0212138295427436,0.028735878801771,0.00191875453615388,0.00340007983140492,-876.310392789195
491,0.0077819790949513,0.0169542742355223,0.00433600211425733,0.021338584721206,0.0124030703834185,0.00903405726069917,0.0155152901288135,0.0152798310552715,0.00374589543046044,0.0072084309312113,-876.82385834465
492,0.00248098630672273,0.0226615870058897,0.00327253774405123,0.0077858163188623,0.00948978999151154,0.00788285141818987,0.0173463616071028,0.0262624693311065,0.00388179090347858,0.00267559358767045,-873.520728987898
493,0.00800224487909685,0.0207337997430809,0.0029837702047381,0.00835062518023243,0.0114136697457214,0.00950447261184238,0.0184144289106287,0.0226117067166317,0.00422500497105364,0.00581889632896545,-875.215759783081
494,0.00887297094253135,0.0197371088686789,0.00312463993195538,0.0130608083296352,0.0129254953504408,0.012093739069486,0.0132818322737759,0.0191329943032251,0.00458251753783336,0.00554694068149159,-876.596569728382
495,0.00275455417078118,0.0186716806952082,0.00336949972654105,0.0113625870106641,0.0157774343676316,0.00741889269110538,0.0178250076344346,0.0196373705212969,0.00325053466463428,0.00405539963442363,-876.0433036931
496,0.00633369536912878,0.0219176145196359,0.0109818638800464,0.0154052005777114,0.0157784332826824,0.00741324806260579,0.0138948097885895,0.0265565889770833,0.00384207085090857,0.00423552156708344,-879.563079997971
497,0.00312452262687363,0.021826027852501,0.00063858871331309,0.013525869376926,0.00907920545003853,0.0110927089797141,0.020569799916744,0.0196683134581805,0.003834567599544,0.00569131567311248,-873.867478916005
498,0.00348194518384137,0.0233627276824251,0.00756274152333815,0.00578381578907824,0.0106851696026202,0.0123185887508879,0.0201939410045854,0.020177509752799,0.00106957750419017,0.00330822451462383,-874.33761725889
499,0.00856783964339262,0.0295707900355201,0.00686463171525196,0.0114239876390017,0.0106084378895009,0.0135955990904696,0.0123158544228461,0.0225014756330237,0.00323106115742112,0.00254353245188527,-878.958649334807
500,0.00306943170073568,0.0278169435225299,0.000927070572043386,0.0174372524891725,0.0114960951194758,0.0107701548394318,0.0163112041048567,0.0206329734213459,0.00154176014325366,0.00604138974263381,-873.123902257657
501,0.00272916052702976,0.0263047786983488,0.00614745049749546,0.0104174901679137,0.00806661047610059,0.0136694350035101,0.0201071083556958,0.0392324439991272,0.00177795582516768,0.00198902216163695,-875.530188476881
502,0.003164186321455,0.0228925773620389,0.00255544504530964,0.0141697359258871,0.00835758857274696,0.0107694097214079,0.0205296081086598,0.0239477881454799,0.00309521523730658,0.00312925807771993,-871.954348819793
503,0.00298374058986113,0.0167300176460374,0.00281872177649684,0.0152600386234672,0.0119576381058726,0.0112833947682361,0.020932590544251,0.0270461793665448,0.00345140991777558,0.00511620540718026,-874.149441132317
504,0.003767550538998,0.027167884965818,0.0033568295259237,0.00512349415586535,0.00785362020547743,0.0154742421612829,0.0167563550064295,0.00960609633852586,0.000946329710268098,0.00780158593282012,-875.835960863374
505,0.0023913750219613,0.0236536801032496,0.00406498418207714,0.00953211389527666,0.00548881145232728,0.0119432555423154,0.0185604909236277,0.0396824192334923,0.00119953847529321,0.00220813383538722,-879.370093402693
506,0.00581669952797307,0.0247317176525249,0.00422459331517055,0.0137907414461263,0.00785202865498469,0.0256924253660258,0.0235224655573261,0.0305407670926,0.00162269639139583,0.00697962120685149,-880.637828095586
507,0.00129232050216749,0.0215790907604321,0.00463045751559605,0.00581728903055778,0.00879986906739638,0.0111424060732343,0.0153179212213634,0.00539277858414004,0.00158979807496709,0.00591574369469511,-876.183050301235
508,0.00627216268887242,0.02412184425642,0.00810220186595041,0.00283972930014865,0.00967487513532337,0.00830183606465285,0.0184870468164821,0.0435293086738594,0.00143227782562647,0.00652457252838625,-877.847074969295
509,0.00439982714127776,0.0210669269544735,0.0161268018957942,0.00381017916882536,0.00960503418682341,0.00883179634591716,0.0221450274213358,0.0440356893356121,0.00166441693345869,0.00237209617039369,-878.43472893021
510,0.00675327041224496,0.0234625037982142,0.0127408250945521,0.0175621778656021,0.0109717568455241,0.009793310762671,0.0208710001636585,0.036308176366683,0.00303753552823998,0.00576230421874804,-879.395659227462
511,0.0043466265807693,0.0197285228258287,0.0028688405499304,0.016170270307188,0.0144099491058647,0.00942560782947277,0.0239670633030624,0.0286693726557245,0.0030238639413041,0.00560548515953445,-875.741589859525
512,0.00239912591618437,0.0198082007497671,0.00603978201965531,0.0190368810688141,0.0130589611632721,0.00780002111887546,0.0195451010022899,0.0237013472690616,0.00210996206083341,0.00236949910858285,-874.490953396021
513,0.0066148879886419,0.0194494843199595,0.00396248574172688,0.0163207018546315,0.00716225536569807,0.0121374486660209,0.0184411273238585,0.0257830951633027,0.0037433770612161,0.00246859156906319,-874.095748485636
514,0.00498019698681493,0.0201931134311469,0.00771119671300031,0.0122118809203074,0.0114870913391068,0.0180170315717774,0.0213716616148601,0.0167420526058617,0.00190147398469522,0.0071434813248119,-877.552262916511
515,0.00333875870936711,0.021592127314454,0.0016404753033091,0.0103857181604218,0.0085723513556887,0.0118545979829617,0.0175550293994409,0.0270818596494159,0.00192898256074964,0.00335647123544585,-871.179790568294
516,0.00359821445334048,0.0214933955903655,0.00317972143548702,0.00975940731599933,0.0111558927441538,0.0106545410261659,0.0193420593731979,0.024812598467945,0.00267097964475903,0.00576022026670168,-871.57515503688
517,0.00224037118024171,0.0250618032083281,0.00170622812591521,0.00426968384529302,0.00998594696207527,0.00880735205592617,0.018079028083579,0.0245222689094066,0.00327342297353451,0.00430094218519339,-873.928877363853
518,0.00511605228191594,0.0198458054271749,0.0104480507358596,0.0190894623848702,0.0113101414393524,0.00883456866560391,0.0178489290320715,0.0329660894805509,0.00322808249234571,0.00524435630598054,-876.193682284561
519,0.00546149934421193,0.0235634859326192,0.00354849925523578,0.00323250615276036,0.00981238596221889,0.00942132817295011,0.0185149521150765,0.0234282560401951,0.00307710622211392,0.00593497244531333,-873.800500892405
520,0.00507799905427558,0.0262165909668766,0.00210972440929584,0.00355325531030789,0.0104897305928436,0.00957847342628669,0.018796491708231,0.0224962932154183,0.00300663596640352,0.00591074346948661,-873.897175553749
521,0.00376483365725083,0.0279686030749008,0.0146810657050916,0.00195703631848389,0.00837323379435483,0.00836244444950674,0.0180130857960306,0.0262065749852959,0.00242822083915099,0.00238410933942001,-874.116285418415
522,0.00373190246233252,0.0199798684493311,0.0144615913777157,0.0030988320113459,0.0128147469456355,0.00874465405073263,0.0190829657618876,0.028562830704963,0.00234330156058832,0.00657950461682829,-875.548694071861
523,0.00198538133142075,0.0218511512817252,0.00351042842165594,0.00623385270632221,0.0086621116853108,0.0151198355855926,0.0190769376305166,0.0128172535702987,0.00201348741045056,0.00748385974316288,-874.294191069067
524,0.0032221238520852,0.0246543116206131,0.00322991543173975,0.00748389728452924,0.0131268944874765,0.00867790763629175,0.0153081462705036,0.0208143154635724,0.00146041152604847,0.0045648963823705,-872.720724608373
525,0.00302304618417412,0.0282443017686477,0.00197696606349267,0.00586424081686993,0.0137785038647181,0.00918764022578581,0.017114318133462,0.0140797700190879,0.00210004540894764,0.0034215909817027,-875.392320626441
526,0.0033997946401976,0.0273295439199571,0.00365765873052834,0.00579354187749551,0.0071355926690265,0.00789171949743496,0.0170439377027058,0.0241305857918199,0.00205485612451063,0.00690431693134755,-874.967782051713
527,0.00433493399568693,0.0257707693488952,0.00430025304924644,0.0155133892485312,0.0181648390984532,0.0113607595020005,0.020700960388256,0.0290861175214444,0.00123017319577899,0.0051138034494931,-878.707207135919
528,0.00137904732962157,0.0199704185529851,0.00422443782815292,0.010115253729361,0.0159075266112071,0.0101608278097797,0.0131269157819778,0.0187145555436006,0.00296669386225134,0.00828106649239611,-879.221406033181
529,0.00258070655989739,0.0216791218125333,0.00139342559570985,0.0164194827482094,0.00823153622516923,0.0120976596794858,0.0143665947865458,0.0236042403218752,0.0033071955940539,0.00318400364503759,-872.141492726954
530,0.00186569199465277,0.0247293111735014,0.00221384052339599,0.0170015154383435,0.0100912792628327,0.00720152958230381,0.0121450982470054,0.026152142929628,0.00277434593884294,0.00324152952064159,-874.163234510609
531,0.00185980436296113,0.0280609286596621,0.00371132819685086,0.0165360420244626,0.0111188887347628,0.00562020459106523,0.0208404655941877,0.0315265833668798,0.00148982499119886,0.00844762415859022,-876.210239935528
532,0.00145043917624695,0.0229385626688912,0.00474322829204246,0.0133617121703021,0.0132695989289638,0.0122249859976501,0.0194154155154222,0.0345529473010517,0.00264135905957754,0.00519369668903981,-874.835414657003
533,0.00296021273347869,0.0155832082388097,0.0056264532231077,0.015462483781505,0.0113516620182839,0.0117701365134397,0.0233211997968104,0.0397128895365663,0.0019587986856771,0.00325977772006656,-877.308470377958
534,0.00594889093096679,0.0279063900147665,0.00488088693593149,0.00351048079382597,0.011515551732478,0.0104811822491714,0.0236776297365465,0.0182437226381143,0.00126250881184496,0.00721667777680538,-877.50869545966
535,0.00145228595808762,0.0246683455237498,0.00410806131756251,0.0127863698403302,0.0127765650716436,0.00950420579751774,0.0129905515247572,0.0296487795366641,0.00102436075419183,0.00653736359332278,-874.800473800777
536,0.00108584987938605,0.0258969332902415,0.00200721014737553,0.0152973488494233,0.0103791287729199,0.00845523967425012,0.0142121498760474,0.0179807200191039,0.00255918223851827,0.00417221642153371,-873.903155170123
537,0.00332660259579776,0.0195687940194128,0.00160180087166721,0.01465980452586,0.0115387763356475,0.0082966196756179,0.0176894975665936,0.0350892134908096,0.0043890405649519,0.00704014182267619,-875.365756372346
538,0.00425369589578031,0.0171047784883333,0.00296890826590795,0.0244989771707457,0.0117183062530885,0.015715776729284,0.0194753542489275,0.0202021482227518,0.00420359661752836,0.00439293725047071,-876.686959942572
539,0.0130960077243503,0.0190862276170604,0.000237507175594244,0.0162679094868653,0.00932260476343032,0.0178694639688351,0.0137767991932552,0.0203137079310884,0.00277873292517155,0.00359506708822082,-877.977300353075
540,0.00683607287227487,0.01470582883527,0.00440839541553872,0.0213197270378238,0.00852070386002951,0.0142879536433568,0.0177335418215571,0.0219032841537326,0.00187731183285968,0.00537858078293144,-874.565482834755
541,0.00643178996805351,0.025602869333415,0.000451845336408806,0.00621290747309892,0.010102814678326,0.00786393525008943,0.0177911101983135,0.0257976355919833,0.00221098361525795,0.0106407190280053,-877.122604964511
542,0.0027571698975048,0.0223970190183007,0.00902173361568764,0.0150724090033906,0.00964577027137746,0.0144785970277222,0.016869106567691,0.0129733153346693,0.00188653501646059,0.0109932997862767,-876.836614081993
543,0.00396249179448283,0.0212310148515194,0.0059135830699346,0.0195983180244147,0.00786552547075803,0.0153420015209601,0.0181956363901309,0.0263386528920777,0.00161754681851706,0.00602789324544624,-873.834493890207
544,0.0018172172966392,0.0183256078866891,0.00501343647610466,0.0225272370394675,0.0116858950124574,0.0194748367581338,0.0165367610211399,0.0239494316024924,0.00292615031510551,0.0035571118480218,-876.733313293775
545,0.00619117838285808,0.0204631952820332,0.00402239706496165,0.00579609895060592,0.00724727225708159,0.0189989444945039,0.0162703276001427,0.0216863321510134,0.00348915702984568,0.0100829620987402,-878.160846448849
546,0.0061940588445803,0.0201010540421275,0.0176633947052775,0.00456869013850409,0.0079415526603662,0.00404513542051832,0.0158230334329907,0.0184230089067427,0.00333851298763527,0.00979428467365337,-881.563870049064
547,0.0105073165004751,0.0216208116324002,0.0172783032815427,0.00626762717067743,0.00962572151833311,0.00415967177807538,0.0163926676016463,0.00540701922215966,0.00146088725906172,0.00687916950390578,-884.331508532442
548,0.00264115535976613,0.0269331709241178,0.0111677422386537,0.00905090013156234,0.0105866843176391,0.0139419799546942,0.0165805033296902,0.0272016049026602,0.00160622786374673,0.00739895369071151,-876.092238273199
549,0.00503212739085682,0.0191817259743369,0.00642059549479173,0.0243679517613258,0.0102516627379488,0.0121492752099477,0.0131008160304958,0.0296425890892113,0.00162026908852859,0.00204873143261877,-877.147186732938
550,0.00825092362494145,0.0185722504036634,0.00307831038591813,0.0118044907563061,0.0102721792329108,0.0137682740160826,0.0113660770170016,0.0291207304309252,0.00489543477216368,0.00194665636844272,-878.872965650972
551,0.00298307636290004,0.0189956014575397,0.00276819478259385,0.0177784521944604,0.0128483255698762,0.00723285827428904,0.0149874011272158,0.0174542178684133,0.00236052118920791,0.00785527317930841,-873.935308055957
552,0.00552495450640932,0.0246260155064998,0.0010665913786106,0.00249435733503627,0.00848620593429061,0.0239030655565089,0.0154897237791176,0.00896753282201052,0.00159120668036413,0.0038675965107823,-877.897784268547
553,0.00496602667073544,0.0261766887060103,0.0106920873002194,0.00297033282467957,0.00973428681806569,0.0124389769381391,0.0163493619861364,0.0106994377468807,0.00264767855304698,0.006178157755854,-874.922435618629
554,0.00456875757080463,0.0195500246997396,0.00388087930408679,0.0073354104732529,0.0124241162477161,0.00944375125399711,0.0182057844474984,0.014945112779843,0.00278858981924765,0.00801002027088608,-874.837385057308
555,0.00481532807875162,0.0277265693784012,0.00677487732603921,0.00285553125966912,0.0127522653502223,0.0115262423498143,0.0173781569877668,0.0116225421363214,0.00323352494487474,0.00575873656004226,-876.265618225265
556,0.00562758880319872,0.0233554905188365,0.00328408553838262,0.0117273145013761,0.0121667355390274,0.00888116680801849,0.0202268813073493,0.0154642919736279,0.00237240575333339,0.00731637416366386,-874.742918496327
557,0.00547734831001754,0.0211322017841507,0.00540126921688161,0.00934710768398435,0.0131438193642549,0.00502384995446301,0.0143964397392799,0.0139315182313585,0.00142344206447314,0.00718601394388945,-876.53430607018
558,0.00552371288532894,0.021030003674833,0.00459126601285142,0.0196813200698947,0.0122440080285138,0.0196240116560342,0.0207173000995671,0.016993504745355,0.00219789995989434,0.00314330547293538,-877.341642397869
559,0.00605304756938079,0.0175912442050776,0.00223989167316397,0.0225802266690625,0.00865544962979918,0.0114117387679287,0.0103247913196761,0.0166025122241833,0.00446698860965598,0.00611223562063878,-878.419075780392
560,0.0032058419129233,0.0163029209284739,0.00275457239081338,0.00830772029568706,0.0120216485555841,0.0121984495411961,0.023598611412867,0.022066430920632,0.00419807096618728,0.00717877347570079,-879.434162082322
561,0.00421731525242282,0.0282877130636032,0.0024915709874768,0.0109963571959686,0.0120706433033358,0.00775849800660743,0.0212609015705185,0.0264637980860662,0.00253107171028416,0.00693886895981777,-874.114085138946
562,0.00259601718259521,0.0287911330862707,0.00276992237989747,0.00746596678575669,0.0106421336112852,0.00756753952439263,0.019173860987227,0.0255031526756793,0.00419587364113242,0.00533776950949254,-874.891254753356
563,0.00508586266905818,0.0176420623247665,0.00965466476236315,0.00539929170265457,0.00773678201647261,0.0123064996068954,0.0185798138743575,0.0275696462857737,0.00395281055014394,0.00288506009001263,-877.168234486628
564,0.0051541788290511,0.0227948722635894,0.00568618595477997,0.0227430123472286,0.0095703966077565,0.0120417457670297,0.0174199793922133,0.0249535331071156,0.00221391491068588,0.00644576383775339,-873.914656048034
565,0.00262648947695047,0.023193928809035,0.0037256054807376,0.0215009147629536,0.0110797314284435,0.0100757360678082,0.0157724356440089,0.0165286284640367,0.00213947904616847,0.00365909671258375,-872.620598617197
566,0.00379417980858538,0.0201522276048032,0.00307034763350398,0.0102374402367857,0.0100103661200111,0.0109730694723171,0.0153575859696284,0.0278759024536316,0.00278610916979079,0.00433154993169074,-871.538024074484
567,0.00273069452100991,0.0230405220444278,0.00288569717515638,0.0129903811029681,0.0120476842667538,0.0151636872490094,0.0149129092800486,0.0215071159877325,0.00180556189895131,0.00183665712693039,-872.63260056931
568,0.004756426898834,0.0210875396844046,0.00263135626624873,0.0155414251398451,0.0103503486596828,0.00861991121695539,0.018606915666368,0.0251924177067977,0.00317709884482784,0.00179817953541512,-872.270381158929
569,0.00319343975821324,0.0257947825348829,0.00173636502211974,0.00887704387461043,0.010036551942615,0.00888286680566005,0.0135657340899694,0.0260588462662617,0.00453511186891285,0.00360955794930529,-874.293876004285
570,0.0039897381037056,0.0234518680194492,0.00799096728216426,0.00883332267587367,0.0108422004448975,0.00977528730751551,0.0186483876181087,0.0199585090073191,0.00268349764944611,0.0043399207768126,-873.02962785983
571,0.00403829149175525,0.0216252992734394,0.00495301489780432,0.0130236550217489,0.00904779165610771,0.0135082873353033,0.0115616271988527,0.015332138037805,0.00268428095883299,0.00370909082709083,-873.260707029261
572,0.00485835172312557,0.0212545011793484,0.00395870065343969,0.0126139734679039,0.010302430639352,0.00926540731655517,0.0195563823973727,0.0351090357719849,0.00178477094305077,0.0037274422686887,-872.467223323628
573,0.00625477454798176,0.0255690287739647,0.00454453858511386,0.00821645836347882,0.0128877977582007,0.00991998647493239,0.0190650938730667,0.0245833941310694,0.00240964348734568,0.00460784399267045,-873.75894940004
574,0.00155955756259525,0.0225382545228628,0.00445853860402487,0.014580183897195,0.0103724508126867,0.00994994059184466,0.0152154351574763,0.0281233709078199,0.00210161360453281,0.00498121815796451,-872.029124507318
575,0.00193164054551344,0.0236212537663439,0.000627427288054974,0.0141289333440763,0.010074465634217,0.00760729675327675,0.0134297553425194,0.015018261924073,0.00196643518798315,0.00542631401486143,-873.607008074419
576,0.00578169567326651,0.0230029013594824,0.00127628595907403,0.0123194237909402,0.00849990059163197,0.00834971576362747,0.0209963673736797,0.0243686338807005,0.00134786426450252,0.00505971260471871,-873.288658764271
577,0.00497359753002133,0.0183413093384334,0.00151399188168204,0.0139700121419286,0.0109828736647638,0.0106297613391394,0.0225651194865426,0.0227379205253858,0.00284928765416854,0.00602475773555587,-873.816689784435
578,0.00455517345584023,0.0242318995482448,0.00316683233281648,0.0125417090600478,0.0111498597253706,0.0138396395474717,0.0138474237370278,0.0192571135315873,0.00149701210385744,0.00638383321862544,-872.359517529031
579,0.0061227022682729,0.0190579388118088,0.00162818490649333,0.0147857263768689,0.00879817781361793,0.00871005533442243,0.0157049947024324,0.0209288635241773,0.00373480770937895,0.00796453653267663,-873.497028720401
580,0.00918235209026175,0.0190926632911701,0.00222320568641283,0.0228699563578954,0.00946813129278005,0.00909323946421677,0.0156470904962102,0.0181443601991724,0.00514390456230303,0.00408055713424078,-877.087959535683
581,0.00685326462414635,0.0166635258479737,0.002842004098259,0.0169688193169645,0.00942234583527147,0.0116587374529723,0.0167094915868424,0.0190590221251888,0.00257574416967523,0.00540963986131563,-872.105765708377
582,0.00755274934655256,0.0149203100341657,0.00397187968482493,0.0220169305027266,0.011955708345461,0.00904264774732178,0.0147132142449947,0.0219226207464846,0.00216909987446814,0.00500794957884876,-874.672993844289
583,0.0050825124331003,0.0180241801193258,0.00348175656087967,0.0128962067051327,0.0105251499762,0.00705758884105045,0.0140508851630018,0.0253608076227332,0.0014410934328041,0.00666920637341723,-872.893064421332
584,0.00281750439734731,0.0297073675793654,0.00196652676464268,0.00954857772520242,0.0107463679871898,0.00578123101055601,0.0182334591606812,0.0244297110354708,0.000944946568498888,0.00787720863385949,-875.343627627056
585,0.00392028024144275,0.027405369769282,0.00765924973202978,0.0120505146117506,0.0107021100963389,0.00805875362555961,0.0111512459069782,0.0318607863272737,0.00333195675739148,0.0113616503395417,-882.46982291988
586,0.00390787529963498,0.0182501087758894,0.00263279264599436,0.0276382977972594,0.0149593573526262,0.00957974269280951,0.0148228040460743,0.0178101427385655,0.00161843702138821,0.00513680405424318,-877.695092812486
587,0.00465276232576674,0.0202417120559753,0.00555627283178991,0.0203935398455144,0.0150887006052306,0.00932347810923036,0.0149266017232581,0.0311743068947779,0.00183519518012098,0.00660106415298144,-876.125023290872
588,0.00388744625055468,0.0192658848416067,0.00552101507086841,0.023324140377727,0.00922384498203076,0.0101582347689483,0.0136519636774916,0.0117308233771947,0.00371156408886554,0.0052907619523213,-876.113886132553
589,0.00314860338121777,0.0228838373941061,0.00111067757847889,0.00845031718976379,0.0097114028277169,0.0202621392070908,0.016846786072202,0.0149918146539011,0.00199805565380812,0.00360569047505934,-873.715837508509
590,0.0039271565223064,0.022839121890078,0.00360469713372001,0.0158259979255721,0.0059895028671978,0.014212594062317,0.0136805452886317,0.0231374873756092,0.00303702013637039,0.002580184172681,-874.591230769509
591,0.00420091501384829,0.0243886139058638,0.00221121357959234,0.00826110135635774,0.00798272683357918,0.0126988120458351,0.0166953714994693,0.0203545717677435,0.00287974559205485,0.00261741013266427,-872.049441306812
592,0.00256597894918188,0.0241349156304745,0.00380260279901976,0.0132020628992087,0.0112241564103627,0.0104291610198633,0.0145080728599691,0.0278050563516019,0.00193674685667518,0.00451552174392985,-871.222145364654
593,0.00461910826106815,0.0267856844569788,0.00178477905084856,0.0136693371115814,0.00872114796647975,0.0163289542628659,0.019437441500982,0.0224633413530497,0.00223107429655519,0.00239307073532726,-873.30140209146
594,0.00469526920780423,0.0184311936206962,0.0047275562834751,0.018902996409572,0.00886522295597992,0.0116749100960563,0.0159443603252028,0.0293824030620571,0.00221543634913836,0.00334582469147949,-872.746537957272
595,0.00476619530083181,0.0164253425955786,0.00516167045714861,0.0114828859110499,0.00905577189505702,0.00889167552394166,0.0132983697290783,0.0181501725308494,0.00176090247629819,0.00374008978987546,-874.278913442092
596,0.00494450287863195,0.0272558684365383,0.000487653395021068,0.0113183658914497,0.00969664338789059,0.00687085479349937,0.0149572460889576,0.0192686961633391,0.00366339783168096,0.00392168877064706,-874.546088925766
597,0.00792218103995026,0.0129922233664257,0.00575106943588722,0.0160091644803638,0.00863173493738131,0.00941730337732602,0.0168188492658001,0.0192262134982679,0.00532875713104113,0.00446279398874324,-877.715040266076
598,0.0117818558456209,0.0228677956874875,0.00165645695071321,0.0135711058190426,0.0101329215398873,0.0113118215689375,0.0184633986480048,0.0280907735466585,0.00137746355909903,0.00523563454202627,-875.76574971779
599,0.00244342005788323,0.0207502419206161,0.00327135271628384,0.0114157844675611,0.00996498548908581,0.011230088585519,0.0187725711147214,0.0323771918124986,0.00231222747690166,0.0039490544075413,-871.751336442939
600,0.00651681822972505,0.0194612559996506,0.0021252580393381,0.0215834271999408,0.0106642046696765,0.0176752489890538,0.0161082567766112,0.0309664156738863,0.00128665587484656,0.00673183028302345,-876.169785142111
601,0.00618233776236964,0.0221658920657985,0.0045501611537509,0.00903519706236951,0.0108730159714739,0.0137850392742665,0.0211210968541362,0.0224679400439858,0.0021367055367349,0.00353624756764923,-873.688948082692
602,0.00623678171327109,0.02304616604134,0.00648994675132302,0.016335598375389,0.0114680899085377,0.0108178654150923,0.0159212136128353,0.0194209678835558,0.00274054886182181,0.00277688044394236,-873.236242320889
603,0.0042572649240914,0.016782827277733,0.0060854574467902,0.0146008484479421,0.0115923677623513,0.0104064713690694,0.0177246420305625,0.0249079481570935,0.00454377284978719,0.0024154997557725,-874.771832710992
604,0.00249065420017042,0.0245329908108294,0.00152186099256397,0.00913621941299327,0.0110039955791819,0.0157422094169854,0.019663240871338,0.0192494922065542,0.00247698241591491,0.0069293554319666,-873.746119346585
605,0.00375582315483699,0.020578277444075,0.00305205676963926,0.0169451980971647,0.00806549981501816,0.00948550870240883,0.0191191559088101,0.0237263491455326,0.00287049302030062,0.00960084872442236,-874.089153378119
606,0.00438333186786447,0.0182478063904409,0.00128992390778923,0.0134247393123342,0.00968094505333868,0.0104877483442202,0.0171607696320403,0.0201915475781978,0.00217900198260237,0.00191935455312332,-872.390295658633
607,0.00833308111680297,0.0170613985588508,0.00341302623390127,0.0136706636702346,0.0111088113509244,0.0192105748819625,0.0205294203588177,0.0226827241973046,0.00200554710059716,0.00561608899222636,-876.207648688006
608,0.0033392308547217,0.026161463122795,0.00704562356150509,0.00660105848441143,0.00834566291407916,0.0196920825878116,0.0166551236870649,0.0267219762012788,0.00355350064014145,0.0162116377829471,-883.323084494866
609,0.00543217612684522,0.0231988491187866,0.000612920510359074,0.00773446599460975,0.00944243859691038,0.017736793482073,0.0156940904271089,0.00695390970409788,0.00339967057355543,0.00604718189723243,-876.271616546481
610,0.00419336945028658,0.0249580466925835,0.0091056869300717,0.0127317385467571,0.00816293262746275,0.0181034523712305,0.0147410120150285,0.0266658213657866,0.00219660300854665,0.00149855692047523,-876.300231698529
611,0.003443198640673,0.016275786473249,0.00351401974400166,0.0135234284241674,0.0091505686288116,0.0156277910083491,0.0149491160131413,0.0267223438400315,0.00186646299984072,0.00890199330634613,-875.331686116331
612,0.00734645703330488,0.0227083410254945,0.00157311891626104,0.0143572258017219,0.00923738279383007,0.013599593711021,0.0182404420361794,0.0257661844725508,0.00225189585384439,0.00129714129315485,-874.014592069347
613,0.00446669418672098,0.017163064422369,0.00712066407454659,0.0210487637579019,0.00969136225715182,0.0161297651952489,0.0124770151253664,0.0222126038444241,0.00174481664828567,0.00393378970230166,-876.110330388326
614,0.00381250656754684,0.0209951680769094,0.000174556433040634,0.00898856034704043,0.00955856313143143,0.0148233840116038,0.0189545803786523,0.0388445712043393,0.00209113324666911,0.00333093894515922,-876.29188363677
615,0.00352333761765582,0.0198057824034691,0.00584186064288323,0.0140274125335031,0.00948825221244118,0.0104193052473463,0.0216329931144375,0.0169284080456278,0.00484134492905228,0.00561181901955718,-876.965907288761
616,0.00861085491674302,0.0181706065436384,0.00563572573801001,0.0173567016389731,0.0101504428158188,0.0139765044424917,0.0188445233624849,0.0189234964163279,0.00346752398835283,0.00304092605515863,-874.803484199281
617,0.00230589749810463,0.022451621964607,0.00990127370384539,0.010453226654025,0.0113592519087404,0.0143721096067025,0.018982309742437,0.0236150535695471,0.002118317203187,0.0029525969155748,-874.33705287286
618,0.00550342950509915,0.0183421989710729,0.0046530804773417,0.0110253481520164,0.0102175464128441,0.0137315331137005,0.0190521912376088,0.0364322506033599,0.00187703007559507,0.00499744088997285,-874.408306126513
619,0.0080657163185827,0.0174803670218646,0.0016260465682611,0.00901331745026905,0.0108674066074914,0.00830305169481983,0.020162662878081,0.00991761376085933,0.00314190493366021,0.00577420524264284,-877.738338386765
620,0.00786151869757397,0.0193127716732089,0.00444012081818743,0.0160008325454562,0.00717962349219526,0.0164947624197267,0.0169158018043958,0.0228809500351501,0.00184113977662828,0.00750784822486564,-875.240411308917
621,0.00331993255107872,0.0198245293523432,0.00910398856631103,0.0044765026340794,0.00881598953359043,0.00540561739129655,0.0133297118771841,0.0239990531440345,0.00194682508952928,0.00360847121969253,-876.658759905697
622,0.00445427971615493,0.0268556312153225,0.0122707849319863,0.00583804163482267,0.0143078522462655,0.00862067542341086,0.018492280778695,0.0299378627519438,0.00207703977457822,0.0062585268364508,-876.090707965505
623,0.0039396178652243,0.0216577446358443,0.0103176567167216,0.0143630895600752,0.0125458598655882,0.0110031843256411,0.0187031176465429,0.0157283576665255,0.0020327198517129,0.0107366991261843,-878.108931323546
624,0.00458451671841577,0.0193737927184029,0.00607595744985592,0.00921942545151458,0.00886040619788656,0.0113210982986351,0.0137093357511508,0.0136792344695054,0.00209392986382273,0.00485062889370541,-873.801999007648
625,0.00341102333895889,0.0262411201851278,0.00354823500335442,0.0141714573188641,0.011874238107968,0.00720966991169128,0.0150834957393375,0.0133926489036617,0.00294662805577495,0.00465460557148289,-874.057448445742
626,0.00449768587822649,0.0174311901334976,0.00123227453388719,0.0136226801893392,0.0130654536212066,0.0100524425281119,0.0153191256659158,0.0131457287979288,0.00104911108121605,0.00701537000092874,-876.026581910293
627,0.00467750188832035,0.0199883433139123,0.0043875168409258,0.0141160150811114,0.00721903868649026,0.0134406384029506,0.0157298169183127,0.00373199180479852,0.00334910612070047,0.00870008447290528,-877.833089615257
628,0.00552496216211031,0.0211628806455437,0.00217842402358784,0.0141652817304319,0.0125571574773502,0.00628517361635382,0.0165570031385698,0.0370855003732482,0.00340739112390558,0.00968687353574805,-877.308610667353
629,0.00356230784201693,0.0238011739189045,0.00477401613394369,0.0172740765731394,0.0109462142367935,0.0135754102532902,0.0175749435792306,0.0142690969764754,0.0029872855578329,0.00252568994972617,-873.468115028027
630,0.00376229531870587,0.0218817418020766,0.00286840459516313,0.0150619686837873,0.00981683548806214,0.0165259639455374,0.0173708036841238,0.0152591432106597,0.00396844215335821,0.0059738268623656,-873.820347450987
631,0.00395508849102614,0.0221705096186135,0.00527518290941111,0.00249439867830051,0.00608735624728874,0.0163232312449314,0.0154099301816702,0.0131940616331763,0.00449232098650944,0.00569412479239417,-878.526525951606
632,0.00381693530965196,0.0212350571859645,0.00500062620793617,0.023583835715425,0.00870724740557164,0.0069429741819011,0.0124764204354583,0.0232052602410151,0.00160178618743588,0.00465818713536007,-875.087927435976
633,0.00318364728436914,0.0209865034135853,0.00483730780310016,0.0242945731524353,0.0108604662676833,0.0120908890945313,0.020607851042903,0.022815148819293,0.00273394581897047,0.00217141815976701,-874.702402514488
634,0.00228915731860549,0.018520162698135,0.00125636478212943,0.0093224978793746,0.00991888892276767,0.0192090196274115,0.0133167594158561,0.020605895372956,0.00286710210857863,0.00417528035557558,-875.466938688401
635,0.00488391207728057,0.0259526651025581,0.00390817997704827,0.0142786972413393,0.00830113936770567,0.020231340267968,0.0140167937240418,0.0214264349431029,0.00200477445213074,0.00185716521620748,-874.96950411559
636,0.00473782289449214,0.0191417461997713,0.00343606065903055,0.0185402512837903,0.0102862252221474,0.0135457473582281,0.0150759867534133,0.0243444707094435,0.00421076703657759,0.0051831377036136,-873.365718034849
637,0.00471601627382686,0.0194273215535306,0.000360522107691383,0.0173080116200691,0.00890011169444846,0.00921655585905944,0.0158791403408042,0.0168654430587457,0.00215528328319237,0.00623451954643362,-872.464192515693
638,0.00579969759134025,0.0233637291213323,0.00650454813954603,0.0137832028738419,0.00807431223911645,0.0100344520261875,0.0143350831071837,0.0229110901547232,0.00405084859140396,0.00156886808919904,-875.172943846171
639,0.00992526282096906,0.0112402514302898,0.00313342154885672,0.0135858004536808,0.009243728317137,0.0121433758044676,0.0110647576897056,0.0116580196482698,0.00415325185924062,0.00505589420548597,-881.216305494386
640,0.00763291215485637,0.0102872584194836,0.00322145779293558,0.0194651147533175,0.0119006031740964,0.0166077549906521,0.0156915684480668,0.00969816761431794,0.00379712057776698,0.00532872991673479,-882.14034217963
641,0.00859884859934697,0.0243188677389018,0.00418740913527677,0.0152288714584234,0.00906623489817683,0.00513352292553993,0.0176909206371613,0.0196472584789266,0.00151135138392436,0.00714765309257258,-876.721704440665
642,0.00149982398442188,0.0255014074115984,0.00753316563619588,0.00544287474881393,0.0142685774979752,0.0116670601301828,0.0163897115364069,0.0341755212937551,0.000375236180497659,0.00405621815919935,-879.606797136239
643,0.00480207265370512,0.0256576181679403,0.00488171720000089,0.00895658228359575,0.0117775600351989,0.00984633353122621,0.0193009260263854,0.0307029222938614,0.000378334894006128,0.00379629213975533,-875.903691649466
644,0.00403731858184602,0.0236754934520511,0.00137855749747225,0.0175568473209418,0.0100198310123598,0.0112810104445241,0.0173412231523497,0.0196290764446951,0.00124388373023699,0.00733098485603829,-872.179636027844
645,0.00583642287886378,0.0230011420995235,0.00291196252033541,0.00608266952490405,0.0104892256815447,0.0123467258641349,0.0171779175043856,0.0304524792000959,0.00238069527218954,0.00586067641520664,-873.516940490201
646,0.00171130806853959,0.0257566683115849,0.00271115122833255,0.0113380304390757,0.00869443437059559,0.0108961111692179,0.0202152399932331,0.0203442759320719,0.0034856118124871,0.00366032579222965,-873.824628273079
647,0.00440908670084494,0.0220628485223163,0.00478395668043671,0.00140295764198856,0.0110741802298931,0.00888795879591474,0.0179799850040949,0.0143376582022041,0.00154377559129241,0.006143014254938,-874.062173267637
648,0.00733177975860189,0.0260569448182796,0.00408854308771032,0.0042846879666373,0.0115107416932272,0.00771269067683536,0.0168667373136059,0.00518720743888569,0.0015444383831597,0.00574178990802481,-877.460795396414
649,0.00768698142166713,0.0244664499246437,0.00337572950433481,0.00996685838230108,0.00924239598519872,0.0139706426407686,0.0165027248810683,0.0237428193120754,0.00188038126561681,0.00623086467300384,-873.569591308975
650,0.00889925298097775,0.0187538002356582,0.00194162977132829,0.0166566889298141,0.00961403284565672,0.0123016450910993,0.0137004708926384,0.0190102245327278,0.00269638517703689,0.00438448568620375,-872.884597661363
651,0.00691564485623503,0.0199051997301987,0.00271518123400041,0.0166675231046818,0.00963611856967844,0.00787798308451165,0.0145892098567535,0.0338822616160509,0.00278070781098346,0.00672698648762251,-874.921917821252
652,0.0046645209438727,0.0210657693006904,0.00376269621627735,0.010994520395416,0.0121647430555465,0.00968029709193035,0.0153178734059759,0.0175517289357238,0.00145398031750642,0.00670663757338251,-872.664768556008
653,0.00332287242724627,0.024080682422786,0.00377970973018245,0.0103924289209176,0.00983914142087489,0.0109309102081058,0.015905947191623,0.0224542556809682,0.00144341777117882,0.00787884860681017,-871.895180588113
654,0.00436035409122864,0.0224178104599693,0.00427116058925648,0.0127673536983075,0.00803014775977879,0.0107663394183517,0.0184924821791236,0.0220141014607528,0.00190593780092359,0.00352706376090931,-871.504639392151
655,0.00340189530577803,0.0257443394878259,0.00482994667935741,0.0130610514727169,0.010455285226676,0.0108313399009491,0.020746537036449,0.0330525447461657,0.00180016087776486,0.00466276337365125,-872.336207167562
656,0.00436621355462546,0.021614769838518,0.00382256232838621,0.012878632586435,0.0100279486548223,0.0110206052971826,0.0153764159919196,0.00997782719303658,0.00255435284991046,0.00424439828199623,-872.691612371346
657,0.00429726148696575,0.0243299523729923,0.00345013682318644,0.0188245432716376,0.00944355493459902,0.0114325882659992,0.0145070017038659,0.0350176444385538,0.00128682101639156,0.00413111378579874,-874.387075156869
658,0.00445687157291181,0.0239256039577643,0.0107747976179081,0.0184627427719882,0.00958724171733615,0.0101322166381101,0.0162669571539781,0.0302155400571048,0.00256370936304758,0.00249556309443898,-875.363964341277
659,0.00401141443556335,0.0201572362697798,0.000933963236615234,0.0223784502836294,0.00824586236853958,0.0149005979731619,0.021480566250837,0.0272186355266912,0.00401853681028155,0.007949810007459,-877.000166172175
660,0.00303395514234982,0.0208500693953387,0.00550969579549958,0.00851858578936127,0.0103189352139931,0.00598322188122933,0.0139959606945036,0.0144378174611018,0.00385637333123513,0.0113165390213339,-878.147919799971
661,0.00263014921200996,0.0218985658833916,0.00425483926621053,0.00492788677102254,0.00728224027163684,0.00711918191883815,0.013945550216945,0.00490265505805482,0.000775725128870448,0.0093903531602206,-880.119704813607
662,0.00562924689416439,0.0246798183540989,0.00256024509801259,0.0341348536409647,0.00931768981820531,0.0152456733201967,0.0172575656812183,0.0139362610519398,0.00204433763434606,0.00545840880027611,-880.007236099005
663,0.00553452998237537,0.0228518421340046,0.00125202223163356,0.0317124526644241,0.0117590687261144,0.0137189646268126,0.0178039072200373,0.0192809740588372,0.00230315974199857,0.00360502583735846,-877.934193644192
664,0.00269648009993017,0.0162873797101437,0.00607305673993772,0.00431672140958698,0.00888825617458542,0.0133990246944234,0.0182393568511016,0.037995670896952,0.00261044416449153,0.00610967895708689,-879.752787451992
665,0.0128321524683815,0.0231495504630471,0.0090835933709722,0.00531087050055164,0.0126305130216716,0.00846775832751959,0.018750260009899,0.0277951984972601,0.00239870237488378,0.00673217559495412,-879.656636223404
666,0.00249195170002206,0.0238109953710161,0.00256988167022526,0.0150479861454391,0.00706161658379828,0.00814909733155502,0.015055504162019,0.0195884821020513,0.0028805897745322,0.00620033817281725,-873.653572540883
667,0.00481791816346835,0.0208677058526653,0.00553898801555124,0.010693499940036,0.00997629213871527,0.0098178054985698,0.0154321842179217,0.021171965045353,0.00345831130926714,0.00189420088933408,-872.827762790509
668,0.00742125822610672,0.0153088345472357,0.00630748878961605,0.0200842985839036,0.00814313075079649,0.00901224987399112,0.0129129355787184,0.0208998149873512,0.00389853197181455,0.00494899781877111,-876.573436491347
669,0.00541326999294681,0.0161177184103271,0.00254341186098813,0.0137059267929328,0.0115089176100544,0.0118919983900601,0.0175820476578572,0.0164434912811262,0.00430642392701272,0.00473661474290943,-874.286860026109
670,0.00459863322783278,0.0197997604904028,0.0029957362256358,0.0147443937903864,0.0114951593869727,0.0123638117485558,0.0149358523432741,0.0240276647957533,0.00244421745883687,0.00335756226114351,-871.161578843473
671,0.00329244849106734,0.0199017546587228,0.00235392962212192,0.0140425539892703,0.0078388483442735,0.0118574001109076,0.0138421281666719,0.0272970084621209,0.000989189094908026,0.00694394151539487,-873.591529277448
672,0.00389058422658213,0.0173988303338857,0.00149639828133696,0.0212427825760604,0.00945128407094416,0.00716842761268031,0.0220396613572582,0.0160405598847301,0.00367521935617341,0.00190736972966775,-878.590322854721
673,0.00969351418415286,0.0184546842927243,0.00168268390298142,0.0203696410361028,0.00719673294445509,0.0147031668478618,0.0161099132167606,0.0166932177897811,0.00347809073492391,0.00382338989472067,-875.796107512214
674,0.0106357204789752,0.0161647021315625,0.00626772837698909,0.0208723735555707,0.00702113311483725,0.0133347081808428,0.015768815187577,0.0232927823858215,0.00352207191377723,0.0041175442546782,-877.414743589448
675,0.0067188640751777,0.0189905499091574,0.000368011372324379,0.0161566455476775,0.0130127685463066,0.00917850243308429,0.0151872548035872,0.0241225798893069,0.00141079146011063,0.00421711228069536,-873.491673448556
676,0.00539010724162258,0.0137041588285146,0.00697259575716805,0.017118318481131,0.0111667016706441,0.00940933676950841,0.0157994961038967,0.0232987634799986,0.0013235350064067,0.00676912057208606,-875.870402896386
677,0.00559344352630128,0.0193586819409824,0.00618303263863593,0.0294829348087578,0.0106378762534802,0.00961415302474782,0.0169030922717316,0.0251128003764321,0.00150837347058901,0.00319196624613701,-876.339573326006
678,0.00226769528829596,0.0218493869220605,0.00458631562129202,0.0180432828575569,0.0102381777966922,0.0100273066891097,0.0116366077820592,0.0198946725062227,0.00259691841612699,0.00616709338552533,-873.617087191605
679,0.00691534818331114,0.0172868163244279,0.00363196683532157,0.0110510120922037,0.00934350065415305,0.0166922633772694,0.0157164884860974,0.0169341124056078,0.00262585802943012,0.0070683898604191,-874.119366175243
680,0.00623773226275924,0.0236136129180394,0.00348261257337986,0.00938892464904837,0.0114951930191296,0.00788046648348238,0.0136073218023622,0.0289161907531681,0.00379596663786202,0.00320239557043212,-874.975507884799
681,0.00728839832668396,0.0178286263350191,0.00214851767564099,0.0116563519596791,0.0103560305696939,0.00944742808941003,0.0161253422502086,0.027274884004757,0.00272852707429049,0.00611205348120443,-872.583301995465
682,0.0039154334282278,0.0178720783520868,0.00191593454239939,0.0215095978993336,0.0106324562700921,0.00569097119364512,0.0189275801690011,0.0296868790628489,0.00327947121400519,0.00403434256066015,-874.682554596641
683,0.0048609742917,0.0272075336743041,0.00290933226166483,0.00777696206642828,0.0120278574457784,0.0149036807457135,0.0208667105350359,0.0287180866115173,0.00275974324790474,0.00332494318742918,-874.078403561673
684,0.00433982690003232,0.0267021381373635,0.00396767235121082,0.00711621959306383,0.00877108165099571,0.014508635407265,0.0168658117495782,0.0211405064838037,0.002662819508058,0.00274292572378722,-872.441580851485
685,0.00311447673716671,0.0262389918661602,0.00295123504844191,0.00691422465504581,0.0111126714937925,0.00850512410188938,0.0173391704723684,0.0280442574730796,0.00310200122477473,0.00162447634666713,-873.518327192146
686,0.00258581923376485,0.0284636565237713,0.00635368782251818,0.0143937254435938,0.00946198134534511,0.0145961904954671,0.0184238916478555,0.017407915688191,0.00407955882628474,0.00225161394789746,-876.342651708895
687,0.00237345261347605,0.017483000882447,0.00321010691179984,0.0115425020419323,0.0103616045984174,0.0152804399332752,0.0126764885442978,0.0163376487071883,0.00179139290101275,0.0095270387756492,-876.494434027116
688,0.00668050442106353,0.0244876536245183,0.00349591908589016,0.0155351190807224,0.0101743692171239,0.0133025602491183,0.016028281178989,0.00607832536594411,0.00265070864283162,0.00727384279521642,-876.710080007383
689,0.00371023219864693,0.0223779655635394,0.00346197740958273,0.0183213917512662,0.0116255105341838,0.00855704873055684,0.0147223325521598,0.0104226277815625,0.0030908275428679,0.0042906345746228,-874.368907836028
690,0.00302585127630836,0.0212940335910481,0.00470010073381503,0.0142880619977121,0.00787390097376189,0.00928291301968014,0.0155497254595741,0.0187523271816129,0.00258838019884348,0.00405628007211526,-871.824116339427
691,0.00439044164772724,0.0212907842137314,0.000378835063533791,0.0176020991875432,0.00963074422618337,0.0152587687451955,0.0158463941494765,0.0262732931204359,0.00308646667535133,0.00398307795888125,-872.803003869192
692,0.00319293147228647,0.0249321002422184,0.000279475204478532,0.0152608348881822,0.0100201226189014,0.00952068574825615,0.0165597982458192,0.0210270503545822,0.00176973878127405,0.00291737533377192,-872.17364494862
693,0.00473285923032819,0.0225991868751458,0.00125388479841187,0.0111989161928773,0.0108327493454391,0.0103401574958905,0.0153822635404792,0.0147371066556095,0.00382529461181829,0.00381124390356471,-872.814388229464
694,0.00484199936475479,0.0227681335288678,0.00427215511901738,0.0168562911179424,0.0117426140257575,0.0157954315979928,0.0175974659303658,0.0255298004621451,0.00180902076639638,0.00438211628969649,-872.779356399307
695,0.0053160727718135,0.0187312467763206,0.00371248274422663,0.0183367188523118,0.0130629066628541,0.0126134646741573,0.0196426619952508,0.025768924019923,0.00239152627416695,0.00550581337633698,-873.688814285366
696,0.00267796567674458,0.0219106052952448,0.00354908986964346,0.0211069715082977,0.0144286758978695,0.00644527245631645,0.0200268146264426,0.0210779081536081,0.00244462654439626,0.00640595211064973,-875.804153050946
697,0.00229540181492203,0.0224613973713389,0.00370193185954525,0.00383502045909857,0.0150885520838129,0.00866414967551128,0.0221101462101465,0.0194794284576876,0.00239212305145984,0.00565125805870177,-877.262785811204
698,0.00397311285653514,0.0200244212278645,0.0138394806803848,0.00974894590124727,0.0102623111284634,0.0130666502467215,0.0172472393582084,0.0219835888406438,0.00309926703684508,0.00506070073155399,-875.780599900018
699,0.00241377431120094,0.025325258765194,0.0154644531986539,0.00456615088796825,0.0101197574329684,0.0111532147893018,0.0165468774348614,0.0209988401022651,0.00214484245752638,0.00493939481515217,-874.365738003894
700,0.00233444436725633,0.0230353591986931,0.016930814602448,0.00494383956962589,0.0105117409394522,0.0126337601667008,0.0168753913964982,0.0357360887170271,0.00207811557160595,0.00467403935211674,-876.531803983989
701,0.00423761095918427,0.0211108673436601,0.0153525138388207,0.000394554788778007,0.00632364346511774,0.00701090630202551,0.0216406220707219,0.0372155227951296,0.0037891097836994,0.00306752332800869,-880.426867519764
702,0.00396344425681237,0.027660762065724,0.00947580693966211,0.00353379532351855,0.0164542233000646,0.0124601102595366,0.0203137750708805,0.0365168299928761,0.00358348967156254,0.004313006355078,-880.220015374798
703,0.00234899989810005,0.0272494983529605,0.00616822559206203,0.0149243557331422,0.0108944831062741,0.00835474579954428,0.0212557370748326,0.0230333566155928,0.00177145252136167,0.00610379721543549,-874.576572589695
704,0.00405849110769251,0.0260892290935323,0.00279324377963475,0.00888198329998671,0.00959685919553283,0.00832761404825357,0.014929895417656,0.0241365773228678,0.00236001490951668,0.00400437405719868,-871.52885284789
705,0.0025967912805166,0.0214205298839608,0.00162297059575541,0.0173732368806104,0.00788553366202694,0.00859499302359408,0.0142260478461689,0.0129321017345339,0.00260852353946517,0.0103778332036538,-875.852560243492
706,0.00693289506773645,0.0223067088782469,0.00253824686469495,0.0116677414229681,0.00920653084372455,0.00835129599691512,0.0128911730068164,0.0194019901996391,0.00265349565896609,0.00674045890443209,-873.454822934894
707,0.00649507251949479,0.0247113750376678,0.00197155107757884,0.0130221228706974,0.00992988885499234,0.0142878438965848,0.0128395546659148,0.0116935517468428,0.0012029003631215,0.00527963025456845,-875.210851810634
708,0.00248067660643852,0.0186288582872659,0.00467429569980284,0.0213217507882035,0.0115391300430858,0.00945020415645124,0.0180144888258952,0.0284668772860386,0.00342991556573055,0.00449445211692905,-873.897932158211
709,0.00321084251473142,0.0199918343483203,0.00411358481721693,0.00787491694600106,0.00927288151248325,0.0101569824493276,0.0138632891700071,0.0117712323459128,0.0034892051325024,0.00397991295561954,-874.33242525995
710,0.00435831870118296,0.0234105564617259,0.00413244893169015,0.0150224519154873,0.00998886574783311,0.0103768127710869,0.0178278781819261,0.0371387733809425,0.00103118558108511,0.0049276749622642,-873.363528673539
711,0.00347855821522081,0.0252164062748252,0.00166821137514179,0.0133013148051904,0.00892267995762251,0.0133652567768159,0.0195422107223391,0.0227134097351902,0.00107257999757249,0.00536329688417598,-872.347203236456
712,0.00409031710557058,0.0197030290110464,0.00281401321449354,0.014347307153445,0.00928130885912927,0.0148744081298717,0.0162667906437912,0.0290188819435532,0.00079629226987903,0.00671771929724184,-873.575048923557
713,0.00385610584800522,0.0198116750893674,0.000825147498146338,0.0147474879176045,0.0105331285280055,0.00656249989496004,0.0201891442617813,0.029447346213238,0.00143733989617486,0.00610739854776232,-872.738183843355
714,0.00448176880744033,0.0253630126735741,0.00251106972040783,0.00695867467159979,0.0113895958970991,0.00892669510394225,0.0171182930516992,0.01900899958243,0.00204225886595571,0.00595935313315986,-872.294351398251
715,0.00215688819704627,0.0260982587702034,0.00314775520668012,0.0172873757995951,0.00734297149093753,0.00848463545068528,0.0127933284918698,0.0187326501344659,0.00224474091193709,0.00222573890544501,-874.906745770415
716,0.00562711060260651,0.0172480621749123,0.00422791545403276,0.0125930486328879,0.0121926046763819,0.0106833309960226,0.0149592386277155,0.0230166284135835,0.00291868656402304,0.00207376848082455,-873.382621928146
717,0.00510255189086942,0.0229395571113764,0.0011793428944116,0.0111913238392671,0.00690225813636409,0.0103436991646179,0.0165121618542747,0.024333050474523,0.00301712981912751,0.00683230928664409,-873.674040567303
718,0.00645566769741512,0.0236627261858837,0.00161067265913076,0.0146791469608858,0.0134994538593704,0.0131406344792286,0.0131572519197817,0.0223477167683624,0.00322790435404043,0.00414808575254139,-874.440343312997
719,0.00281132476038661,0.0249761554009418,0.000200302557769949,0.0139691916715334,0.0120737985646361,0.00905762832587439,0.0152844051932872,0.0248280901230293,0.00337818689151119,0.00456358981129788,-873.596720762769
720,0.00382584399465251,0.0241539806189257,0.00319611422214104,0.0117839947929237,0.0126684066202449,0.00645505259147591,0.0156618640814766,0.0182689769880376,0.00125366108132505,0.00343709019686645,-872.978969375743
721,0.00300628351607887,0.025410663099383,0.00330299155922603,0.0126835976314289,0.0104189368580056,0.017799342498812,0.0152977222129738,0.0284940009212163,0.00219336917697181,0.00356497319158199,-873.003060276016
722,0.0039774616055744,0.0191161105568719,0.00386853294948213,0.0140300042981712,0.00837560792380935,0.0213430748190041,0.0193733681067993,0.0160952307966244,0.00287920349519299,0.00268054603509371,-875.158899172701
723,0.00359367393592939,0.0243671648106192,0.00781981995119899,0.00495399954349427,0.011200481290243,0.0100388382133423,0.0144487490638993,0.024000213718102,0.00413352637767977,0.00523505231033306,-875.123188329586
724,0.00274314387868108,0.0200457962172464,0.00875143777448059,0.0208024857833013,0.0110731680182364,0.0108914123347144,0.01769820597966,0.0286489232803861,0.000990091466215923,0.00909826254830554,-876.01397256436
725,0.00444621787356147,0.0230727537932602,0.00192809656369015,0.0229229569935126,0.0100484764968159,0.011327467025232,0.0173186786412872,0.0211117715354207,0.00153771760822433,0.00356138367762548,-872.564447723946
726,0.00334855008133751,0.0232071795785803,0.000754094329479602,0.0105403154423104,0.0113572093956529,0.0116112357604203,0.0182491354050044,0.0236858111396578,0.00318384764994276,0.00441907931525167,-871.91517271235
727,0.00343435263740548,0.0208664430961201,0.00280128149928405,0.0109414809360553,0.0105257727373918,0.0138008426034531,0.0165122755690656,0.0271318105407858,0.00150188996552061,0.00435547161760896,-871.371681998516
728,0.00412155591710899,0.0231699634609362,0.00113052796476634,0.0122318064383805,0.00953731243999949,0.00729995951437212,0.0141941165551005,0.0123973223948618,0.00179998258033969,0.00561469676262301,-873.125599320151
729,0.00428062183918325,0.0251966160772593,0.00173168072524471,0.0165922414193089,0.00845755485312966,0.0114496835632351,0.0140094167776666,0.0208345044633048,0.00206675364783354,0.00450037268471231,-871.390004898924
730,0.00547310297159603,0.0241887863194615,0.0202899085099074,0.00274558348376542,0.00992895338891168,0.0109914580047436,0.0155784673761272,0.0232895338118761,0.00163463563828657,0.00484559155574963,-875.65187420467
731,0.0034241314167481,0.0246090815777991,0.00350065016616855,0.0125888860644932,0.0102224675238393,0.00968381313556921,0.0191326459468434,0.0257609485364678,0.00288373695177328,0.00582542494820324,-871.451524394497
732,0.00238264714035999,0.0208899992559531,0.00274069327940661,0.0100534080347057,0.0111317482935758,0.0100698423897,0.015402144539343,0.0218442792676732,0.00327475294500104,0.00671871005478229,-872.528625075024
733,0.00531778689535992,0.0220866839374473,0.00282012131935037,0.0180664892715061,0.00986540839094418,0.00442857066403095,0.0147571390605186,0.0189876268357817,0.00220653206949141,0.00715296521867059,-874.479562999986
734,0.00615145639657534,0.0181400082592271,0.00243922789908832,0.0184595726171681,0.010998620409376,0.0203797551809941,0.0157481013427825,0.0192032622685904,0.00284814451162507,0.00438303978308539,-874.485379679005
735,0.00626579549479248,0.0207502390491637,0.0024370348787953,0.00783986382619378,0.00924587105648104,0.0208026148653025,0.0166698435421896,0.0302606265845158,0.00230455359531503,0.00633496197307644,-875.973300218125
736,0.00655648270997414,0.0204783872349337,0.0030500518581517,0.0137623322388818,0.00986453125559055,0.0182306707541279,0.017450877722729,0.0202953592068153,0.00162477860992889,0.00480264267823823,-873.252744499992
737,0.0077377611126378,0.0213337138788586,0.00170743653560813,0.0200429425988443,0.00926249574080133,0.00978996219848379,0.0205619403683995,0.0214305346273174,0.0031529808837415,0.00466884929412362,-874.416342151178
738,0.00175089720487474,0.021237828464297,0.00618654589109218,0.00663975858113911,0.0114432184630253,0.0103890977808904,0.0205737046661898,0.019469706070743,0.00159650178330827,0.00641177746701225,-874.925756661237
739,0.00264436634485941,0.0264491353371178,0.00552870859987053,0.00648746264122231,0.009968666908753,0.00984592140961871,0.0191691150199021,0.020309891741134,0.00188564399326374,0.00512095574237565,-872.581751425683
740,0.00360740916663464,0.0246790765659282,0.00814438977830107,0.000536461346213247,0.00989345018412422,0.0120452948206382,0.0170263128646098,0.0233225639845006,0.00209731671542871,0.00436530881580062,-872.257309674762
741,0.00220875504115096,0.0251042290583173,0.0103060414664441,0.0155371039336424,0.00917885617470602,0.00995813279657807,0.0172820067244435,0.0316995166424685,0.00134114372622828,0.00498633901874683,-874.896978719417
742,0.00739960790030339,0.0158900560203625,0.00301481623123524,0.0114838637293595,0.0075034759339579,0.00703399747952907,0.0167501695602123,0.0327752317828068,0.00401044977055678,0.00492626631765723,-877.229399378803
743,0.0104524152316672,0.0180410591284323,0.00219028903935464,0.0190397356619499,0.0108524501018148,0.0148996745425829,0.0166981013434908,0.0317671240465628,0.00331806746654809,0.00501885568638103,-876.43359687228
744,0.0014668607736565,0.0215410974723119,0.00240960707947123,0.0105555984593709,0.0118471348157387,0.0149958999518647,0.0173463476285464,0.0345902083944871,0.00245550738717056,0.00387536320226001,-874.811193810319
745,0.00364111439592627,0.0290098614875893,0.00243819258077881,0.0126467618845717,0.00762887838261591,0.0100033608693833,0.0193358348681028,0.0328368135076659,0.00295945933599189,0.00362998501356266,-874.266094380589
746,0.00462959221920253,0.0260973844724089,0.0036436883563857,0.0158617880674159,0.0108616238014283,0.00779361721393568,0.0212271607823497,0.0284110688375405,0.00103159812962012,0.00992350398231193,-875.497831597088
747,0.0039516930939403,0.0184235378096407,0.00787644382266454,0.0141136676853908,0.00828010820319399,0.0091850655360675,0.0165957627129883,0.0167355270749341,0.000923910652345137,0.00156879911544134,-877.571688135537
748,0.0046733001518864,0.0160427325820033,0.00428591935391072,0.0118122002022086,0.010128194010815,0.0175723246334,0.0159537614419956,0.0321850321497263,0.00691683354263934,0.0033159919436627,-880.510827001477
749,0.00442180348222176,0.0177486898254576,0.00138319985447706,0.0236240195270281,0.0089025413858243,0.0202346549597961,0.0217713982250424,0.0344903475159847,0.000857393765641312,0.00677715255054528,-878.833842372295
750,0.0074279307283776,0.0170831347643888,0.00158467826966847,0.0229541438599525,0.0063244174083423,0.0230220403628088,0.0176905623020832,0.0151362207306055,0.00425600732790969,0.00370295169075083,-880.453107843951
751,0.00647889077362389,0.0167147675965933,0.00231515383860804,0.0219357369856896,0.00643359648488317,0.0095431383138386,0.0164940575216179,0.0259300810264726,0.0028907011702823,0.00475603645324727,-875.548254781613
752,0.00893229646105119,0.0156332194180221,0.00118615510825926,0.0194943015776693,0.0128870394882413,0.0134558884199718,0.0121483700700036,0.0142544548151703,0.00181228732132218,0.00194298257773352,-878.420532328814
753,0.00845585191198099,0.0245943850731013,0.000882997235907414,0.0105254346136545,0.0147769955104491,0.0151311015576181,0.0121117503657192,0.0133445724494989,0.00313675088125882,0.00601651235856006,-880.986671813779
754,0.00660932488228414,0.0268113052807884,0.00200270273624263,0.014172569403826,0.00891507481785824,0.0133392189235899,0.0150683886229839,0.0178819749700035,0.000632923225304181,0.00336186863348411,-875.479246946158
755,0.00150835360840981,0.0293260218399306,0.00116609688352857,0.0151583714278654,0.0106197543109667,0.0137516984267187,0.0127442303645624,0.0202868176612283,0.00342873994716002,0.00229709573391557,-876.508623737459
756,0.00529989288163789,0.0123415403067748,0.000843070658970797,0.015892331231499,0.00864538875359512,0.0146636893840218,0.0142689977836996,0.0195315062017566,0.00276509420863464,0.00240095062586655,-876.281523515404
757,0.00662689257382381,0.0241583788814513,0.00379871689335801,0.00900417999431427,0.00829803142625886,0.00992401180327903,0.0160540308123187,0.0306609291256592,0.00246344650378562,0.0101719303159728,-876.328946430983
758,0.00595146438186808,0.0192328460663201,0.00249875695875111,0.00975384489272279,0.00881183417257713,0.0132701160394469,0.0175142458035887,0.0177587146804611,0.00173498481944748,0.00891337087808108,-873.73350972493
759,0.00297709062458406,0.0214761829686148,0.00251004682766329,0.0160689526243031,0.0113996753690771,0.0132049658143223,0.0152611939792557,0.0189380899564398,0.00229187020194547,0.00863620710269167,-872.755527743433
760,0.00603115386044538,0.0209939686174279,0.00372774242443596,0.013667780918401,0.00848115966371188,0.00593572058244601,0.0180634166917416,0.0334886856491074,0.00237760090382346,0.00691820177017528,-874.761300396974
761,0.00200069168645427,0.0251742802677624,0.00237115318469568,0.0111331473688929,0.0118541088116121,0.00923281716950428,0.0186108698519468,0.0100923888199824,0.00148973250918885,0.00680596736846605,-875.077217639163
762,0.0038733166579505,0.0220528673511174,0.00697055796457837,0.00888375533313042,0.0109559529410491,0.0163011813167351,0.0163439610741167,0.00781977894631922,0.0026654409967254,0.00303762461239077,-874.65665400458
763,0.00385031799321465,0.0237791074356916,0.00646437861648541,0.00234050244816673,0.00823742709538226,0.00850678665993184,0.0154368917327671,0.00640234617272922,0.00147896733151256,0.00759430027849968,-875.424199899729
764,0.00582815836229954,0.020670967397518,0.00319819847428999,0.0150330530687252,0.0127166969854144,0.0135749425950702,0.0144818281847666,0.0343968538792474,0.00344815661432829,0.00662093985290029,-876.597831564592
765,0.00615993414083511,0.0215362884606199,0.00358375179434901,0.0148836818823396,0.0120817537299551,0.00731347355688569,0.0253664359111101,0.041663141429021,0.00137346054948244,0.00209103264442192,-878.08649650379
766,0.00493133763296057,0.0231229644617811,0.000804882921245286,0.0177825394852479,0.0143209349799371,0.00831865980544272,0.0170370464797507,0.0253464511079967,0.00337943302098485,0.00827416750722994,-875.6279160258
767,0.00484162231215883,0.0239345845097521,0.000254069890417678,0.0155516218147153,0.0155131479719174,0.0123322607778186,0.0118607853589389,0.0260869325768691,0.00142989144337334,0.0101904152197504,-879.992438285488
768,0.00586622105208429,0.0171714075839989,0.000214909217398958,0.0122614013688867,0.00956193876822984,0.0123722135521333,0.0203967628242088,0.0236853050896294,0.00169725006629253,0.00864274881037974,-875.103192737239
769,0.0071071854957394,0.0264430063744808,0.00352511611219892,0.013944530680661,0.00633880769229437,0.0119651697922097,0.0129460500889998,0.0284243470932342,0.00233963864190558,0.00176843807733567,-877.868218703062
770,0.00950986876612233,0.0142304484728752,0.00249813418327089,0.0209347413587781,0.0135630210216275,0.00901911516057951,0.0221963042362224,0.0294272315148113,0.00275054019672343,0.011353175719925,-880.698465367296
771,0.0064728144511134,0.0152331575132083,0.00232295158994361,0.0246116530495199,0.00792861580062675,0.0130800292274888,0.0187180963992336,0.0158816598236139,0.00293775725712914,0.0107441820557724,-878.287421191768
772,0.00878490742522372,0.0160855944587574,0.000584650072949916,0.0156751863629221,0.0103563393723188,0.0158074795596619,0.0148109802351677,0.0264423681875157,0.00270260948264288,0.00708647129382073,-875.311169932447
773,0.0040656303909327,0.0191668330630423,0.00941004019281071,0.00669744737919255,0.00774103295072941,0.0140532167405397,0.0137215848212519,0.0200004308320118,0.00330708844154485,0.00959964388339112,-878.317359795307
774,0.00683466296208276,0.0199304173147447,0.00621347839511714,0.0129454649281044,0.0107802199565565,0.0159962342039768,0.0173141557416577,0.0124361273580043,0.00291377878438823,0.0103824424021482,-877.412684782449
775,0.00385228983627496,0.0183911456648451,0.0033962107070867,0.0119054214017617,0.0105093729333136,0.00754246949057216,0.0162642790760246,0.0234681403020231,0.00121721892237745,0.00206901091046929,-873.980316142582
776,0.00690935167482239,0.0289244528321331,0.00249178879107174,0.00687084839928141,0.00999640595581936,0.0129922077738104,0.0137691566291654,0.0246988816648105,0.00413350708055369,0.0044391450555131,-876.604464589426
777,0.00554855958458476,0.0173819323499865,0.00603183166256625,0.0150303081377977,0.0104069366317838,0.0136017409648275,0.0175359683279108,0.0256082688603191,0.00113290320772557,0.00390340477413566,-874.022016513454
778,0.00473137606790457,0.0268606964687701,0.00563053593230877,0.00353459998751107,0.00985020559071742,0.016973686851932,0.0173062136181489,0.00460668057770022,0.000900560118859893,0.0064880559205058,-877.272447570789
779,0.00358602459870743,0.0239064309862594,0.00604107762156724,0.00492611184683553,0.00894597065678537,0.0132248350262535,0.0172592268711367,0.0181509614000684,0.00236495089267237,0.00388904672850239,-872.368044639026
780,0.00462220503741767,0.0258403549618084,0.0193397608190982,0.00191668664338124,0.0108966723793529,0.00620353676901494,0.017556885021553,0.0346582680327371,0.00200476894570441,0.00610460780765636,-876.513513890228
781,0.00289607426167314,0.0237095045227364,0.00376149026504504,0.0234016367986716,0.00964459286901492,0.0088079076675801,0.0260826285851962,0.041592164153768,0.00348957064580703,0.00292979673874315,-878.875725042833
782,0.00459194020164881,0.016483608779499,0.00291657124092822,0.0245196656769291,0.0106093619037237,0.00840162809844046,0.0283011992830561,0.0289329345319416,0.00307296331048136,0.00491019580649558,-879.989184373139
783,0.00533836629063341,0.0162214387692316,0.00280264712297236,0.0153503885012345,0.0111553682290708,0.00952007698572819,0.0271860750649048,0.0354226797223406,0.00240152570328645,0.00548082178003816,-876.749865101141
784,0.00649042804992118,0.0180142730908747,0.00611899972461184,0.015255859422964,0.0095710968198222,0.00958603694783189,0.0145976467143211,0.0176683437967542,0.00347346327084973,0.00680209474548391,-874.10024208912
785,0.00735293300095129,0.0159769864037946,0.00381539321399898,0.0130459694829842,0.00940682354542973,0.0098450277052012,0.0176754701648612,0.0264213935853621,0.0018796270545589,0.0046187029013441,-872.866435433344
786,0.00295683425651331,0.0262709765187538,0.0033639954807292,0.00699363496536985,0.0112184327677144,0.00781482480894556,0.0127728484575051,0.0241861569525668,0.00252510878437287,0.00271041300057503,-873.883868368197
787,0.00739158101918406,0.0199461500378684,0.00823618112671095,0.00870857307297869,0.0118404844100392,0.00909394795116834,0.0118576992150548,0.0216119907994714,0.00173392212946415,0.00904612774744746,-878.030666925855
788,0.00518415141152892,0.0165258509640984,0.00684346174816085,0.0126615888616113,0.01142855749078,0.00934202507516036,0.0156513333876153,0.0261607743577831,0.00205593428770466,0.00145437964132916,-875.443314842877
789,0.00452830856794398,0.0291898153991799,0.0100445811473883,0.00904787598241644,0.0113942192808012,0.00945178190840523,0.0187567174730842,0.0306334800506416,0.00161195644509875,0.00276843591238218,-875.372598609343
790,0.00831190811611614,0.023038713475009,0.00233618972526323,0.016233250960161,0.0108887820176462,0.0105824799370037,0.0195201005768497,0.0250200125408621,0.00251365211341138,0.00410024806269569,-873.266917979559
791,0.00257138190362222,0.024721990320846,0.00784694535188342,0.0127547968270806,0.0100521202420523,0.00988606755099548,0.0138901993955348,0.0199608199087126,0.00139655679464416,0.00379651387380905,-872.951372503772
792,0.00269848511861351,0.0264392559169582,0.00292028331207918,0.00769391005326168,0.00969879640093878,0.0105974880212086,0.014036503663243,0.0244004259393478,0.00232944383678897,0.00834689101518638,-873.755085739483
793,0.00504789040096753,0.0251237366187721,0.00170203496366301,0.0146252685150537,0.00969426656569327,0.011437297792501,0.0145876415579644,0.0261039192866912,0.0022358783761933,0.00480675051769826,-871.31771072124
794,0.00334019741462008,0.0220361803699134,0.00112280800279515,0.0127455522430338,0.010129294382836,0.00826859751853145,0.0225520378740302,0.0474492433974877,0.0023450646084363,0.00489851351368066,-875.891335439011
795,0.00690063705908667,0.0233087756463012,0.00636638720536196,0.00151368681025122,0.0101822040828753,0.00830780194849546,0.0248024699536823,0.0172672328025882,0.00257623234975851,0.00560247860283653,-877.87090266436
796,0.00433214271428079,0.0271107347542751,0.00880765126375973,0.00331331029333511,0.0117020114142767,0.00678686295076085,0.0253318013621239,0.0169781750875573,0.00391543723774691,0.00542826914046914,-880.349160549362
797,0.0045227561413403,0.0264859555068862,0.00342805504565561,0.00128974127753049,0.0113123365107412,0.011304502404614,0.023805708647248,0.0308407346556608,0.00245572456940211,0.00227985644040478,-875.252912839649
798,0.00379874947818571,0.0240070715541619,0.00366693309321568,0.0241330400444167,0.0116963381237068,0.00847922086317296,0.0162256991580016,0.0192738037991877,0.00356033711805468,0.008728505172577,-876.512873216558
799,0.00339378777591051,0.0257425254761767,0.00204626028247278,0.0225287794843982,0.00941520544600778,0.00754871439530159,0.0115671118753508,0.0172111988471904,0.0032767536920156,0.00423982542276077,-875.98939483408
800,0.00396226494550323,0.0203102263310004,0.00447096029040852,0.00948332096698665,0.0120581360356838,0.00796068075889656,0.0179437146400898,0.0331442942759232,0.0015210577124569,0.00932792261014384,-874.24426355457
801,0.0023631538486888,0.0258609899096226,0.00122259119413262,0.0166040586659518,0.00898356192573852,0.00835305444347462,0.0198576771450053,0.0326287327650576,0.00280481812811706,0.00372852234661325,-873.729046147323
802,0.0042834684265415,0.0260157164610054,0.00462087967750848,0.00565969737145565,0.0131620937980371,0.00724120934785888,0.0209586039116403,0.0259916678529413,0.00362729834929993,0.00586186526410961,-875.126742281728
803,0.00248466300832996,0.0230001755889278,0.00664882935882575,0.00937690274888498,0.0150270315598669,0.00937469764119434,0.0183165721804116,0.0222150226183304,0.00366461344722936,0.00392940431928357,-875.692441181895
804,0.00359061490061301,0.0247758837206706,0.0141226667778512,0.00803018341816612,0.00815391298197183,0.00975390969825047,0.0141008025753436,0.0230119521696876,0.00353074466436018,0.00281533554901906,-876.38078605817
805,0.00333849213945543,0.0191278239218459,0.0166400418731232,0.00846679379566169,0.0087192443064056,0.0131513499934762,0.0196387925896378,0.0327098536869086,0.00175286125522716,0.0103974338513434,-880.003452362036
806,0.00241773070087233,0.0183965407441552,0.012573337111934,0.00169264627113582,0.00902797794665804,0.00758892159958041,0.0185620182138738,0.0197967282465991,0.00148538099512504,0.0107088635803944,-878.694960898125
807,0.00181247983222745,0.0263880313784429,0.00896202166701711,0.00539497882725434,0.0140961514877844,0.00848195154494251,0.0204792366458687,0.0296701142817105,0.00223288044528661,0.010647937745494,-877.690560387155
808,0.00420409049512484,0.0250934610327954,0.00427299091930712,0.00164044728070694,0.0143296389357356,0.0235146853637772,0.0199225234522878,0.0276915195790081,0.00122375797017681,0.00707813518676676,-881.114066065867
809,0.0045481916252799,0.0255401558853787,0.0137654730812194,0.00210642916666545,0.0056892421278982,0.0207088353936583,0.0202815621610908,0.035186187707566,0.00208427564052542,0.0119061259948287,-884.080293698839
810,0.00185248123736509,0.0273091781328424,0.0118005474550659,0.00212051981257719,0.00658221776436046,0.0101963857306782,0.0199738205354957,0.0514075075142079,0.00306907892500359,0.00193258447678187,-882.942901305996
811,0.00155736710112882,0.0294271751168245,0.00568364791676479,0.00831991263200673,0.0145713886890151,0.0097862945269578,0.0306407177384343,0.041953479257489,0.00365519249965885,0.00698648239829632,-883.116555777266
812,0.00503138695637235,0.0248467167975732,0.00454389755073181,0.0119001174381059,0.00708231663472613,0.0121258730123876,0.024292406241144,0.022025812771079,0.00263152637731423,0.00297961508465553,-876.550789756073
813,0.00527601271042099,0.0182345520224191,0.00395093716584078,0.0112711490017191,0.00609848644078009,0.0141103848801421,0.0222123789106043,0.0207582246399098,0.00311899203007649,0.00384326941971795,-877.050444855287
814,0.00324419024749798,0.027498243758273,0.00442572107702496,0.0159345289105028,0.0133516065306909,0.0131489244139901,0.0113889355854869,0.0248673247494285,0.00338977270312131,0.00606925512850377,-877.487914894362
815,0.00449919523010966,0.02224398832199,0.00547236453675622,0.0134917283809572,0.00943822041533196,0.00733216182175445,0.016585951158294,0.0185889154367361,0.00104641976687542,0.0038485767950545,-873.238633666574
816,0.00245501191954388,0.0270672480052837,0.00238568781387412,0.0140216786022858,0.0101341036616102,0.00810881063018422,0.0170548752072333,0.0275375994884662,0.00225316653788261,0.00443745398257468,-871.592751076101
817,0.00319153000359111,0.0239288128679238,0.00142648967343779,0.00895169783876596,0.00827642634558459,0.00841468038712016,0.0150216224475514,0.0188561155825742,0.00175034403963948,0.00269509604838599,-872.717829275027
818,0.00385903340776804,0.0262689321544472,0.00712134906649678,0.0174837036666042,0.0106820257131725,0.00696511043401314,0.0161393201424379,0.0247531328808003,0.00264694165696052,0.00613691706367323,-874.060121156845
819,0.00545640490257228,0.0248537926030964,0.00320135234890309,0.0170279381917446,0.0173140625692798,0.0107450282265773,0.0131499568845299,0.02446118146945,0.00388701325952822,0.00190986727825582,-879.348021746878
820,0.00559877367706361,0.0209097560313008,0.00334473804012708,0.0136434246217413,0.016906849830926,0.0084334487571894,0.0188598321651687,0.031774251927969,0.00165527914066126,0.00408812781747026,-875.800220493703
821,0.00395155528545702,0.0203600446272743,0.00476333993733568,0.0149044945620809,0.0118322168761076,0.00864223106310862,0.0132149689355431,0.0248876389976243,0.0026528517277304,0.00634136447913523,-872.527849149028
822,0.00351600552971372,0.018964812772397,0.00267970160731901,0.0254467936647804,0.0128063456678361,0.00530638950076894,0.0148962585398921,0.0271181230694662,0.00144962880366201,0.00723988808276886,-875.804681997825
823,0.00272734635380436,0.0226424032079602,0.00227749633616895,0.00914626037347838,0.0146172497392784,0.00562841646640912,0.0206860988532195,0.0203290447233299,0.00324629698812937,0.00705986620175825,-876.460485942084
824,0.00523844488112708,0.023636833561693,0.00270353237180157,0.0103763370641252,0.0115912391870788,0.00618337827707792,0.0180774481738524,0.0144443845766402,0.00136778560188712,0.00425814309674802,-874.226228197836
825,0.00354349761443072,0.0197817986774297,0.00248981512849795,0.0241980308475073,0.00957589394609468,0.00759481410374703,0.02165631299976,0.0470622348773375,0.000981119460140302,0.00964256445821508,-878.590216146352
826,0.00326588964561064,0.0193685326853287,0.00341414064816969,0.0167225634608855,0.0150915245156252,0.00624967379584822,0.0189617569963827,0.0356556616136616,0.0012177794970989,0.00470719404794374,-875.133250197797
827,0.0030857296128254,0.0232952099661629,0.00449427685994259,0.0162237376749525,0.0145616114540873,0.00489466677344239,0.0183788696591574,0.0280543216085272,0.00388650896588537,0.00528456768788382,-875.767392407257
828,0.00231782807044962,0.0213251517324898,0.00422486625707159,0.0137456110677055,0.00875398196280404,0.0209770172710847,0.0191158699798585,0.0185650967469747,0.000808814092690736,0.00362932139738041,-876.341118239362
829,0.00195199307446771,0.0198167166334063,0.002150132960724,0.0111005516498771,0.00816849253476174,0.00642695804947596,0.0135096477248428,0.0250198986478008,0.00511554311203183,0.00397348007328917,-877.536054247994
830,0.00363206190679618,0.0304828842034841,0.00374454397086404,0.00896170480198787,0.00972857006193029,0.00578570706986023,0.0135592776048088,0.0267307070596285,0.00333260318520085,0.00176529579018249,-877.125674007448
831,0.00316543889837594,0.0281538906549044,0.00554640407558593,0.0090979582378624,0.0106215835122942,0.00839537781030999,0.0130297639637912,0.031977928296676,0.0040199199694907,0.00454326195542181,-876.578286771652
832,0.00410184216036149,0.0227912723516228,0.00751340324049656,0.0134844074840624,0.00983504201075949,0.0113527614513159,0.015057299662167,0.0147917229963152,0.0042815785127061,0.0046785768816658,-874.655228017897
833,0.00428005309938228,0.0195898198350676,0.00148233575639599,0.0162313767014149,0.0110383406881058,0.0152815045790956,0.017921266268687,0.0271509684992393,0.000882573819466373,0.00520056520246444,-873.342094897414
834,0.00306700514854296,0.0258798328816543,0.00475888638809805,0.00983706922498081,0.00913399865985573,0.00552470556486683,0.0170355003096851,0.0338312005342952,0.00467895788133404,0.00597271006823287,-877.222830629942
835,0.00103030534016569,0.0217811196007241,0.00435717464699627,0.0147102541020912,0.0137702402208959,0.0113831772793845,0.0206386461735682,0.0321538065933698,0.000227813432175684,0.00693936636072904,-878.605162466526
836,0.00106915767711497,0.0265744038691536,0.00316872548150967,0.0176146736498162,0.00773819752070842,0.00893274042049487,0.0188314624220334,0.0274753718439856,0.00283082025110281,0.00227731968889875,-876.063709280699
837,0.00420294813717927,0.0161354764813343,0.00460707861804824,0.0146476664261342,0.013069865982258,0.0158192602438398,0.0131904941426436,0.0178933670610306,0.00334190605031091,0.00449869590331288,-875.886822184079
838,0.00492189734210175,0.0223041159448711,0.00632817054679866,0.0140453305532586,0.0115676423660743,0.016086815676131,0.0201126563775568,0.0269480392396799,0.00287215042393369,0.00449111776075223,-874.214848126077
839,0.00437272168544338,0.0243951941859031,0.00577740877022461,0.0141597002971414,0.00798943159538165,0.0070029332939102,0.0127557639076371,0.017772096178859,0.0016896946885915,0.0101909777689407,-876.779882108181
840,0.00268325779186241,0.028075654692368,0.00820777379602534,0.0138542279024934,0.00965908184202322,0.0099227206135687,0.0215241448633847,0.0209280034807989,0.00253671490213055,0.00423711205347246,-875.630368617928
841,0.00291074743784223,0.0219113561751816,0.00346020310895138,0.0105685687293851,0.00934889119412981,0.00791577181187347,0.0139636437373999,0.0177098683132888,0.00282925585993777,0.00406735122025271,-871.998905404295
842,0.00206113986724929,0.0220464556656068,0.00286542621765759,0.0096164829095855,0.0126330153375488,0.014250854592976,0.0167771111101436,0.0171738737937616,0.00144900355835577,0.00658427960462693,-873.832112203506
843,0.00363205025734463,0.0228698495528657,0.00754693027434181,0.0254075224884076,0.00918290832147099,0.012670540840267,0.0158454201534196,0.0298838885095081,0.0026164449889006,0.00560040594272705,-875.94467726413
844,0.00401991603302375,0.0183831078463652,0.0061278355076577,0.0228569222833553,0.00923321463640264,0.00853993384788074,0.0147261015908923,0.0271065960024386,0.00174394292813195,0.00247379749292755,-874.827670409999
845,0.00441490717727229,0.0269149905986771,0.00250135951229812,0.0222229850340619,0.01086807827429,0.0109439305751224,0.0153387771795141,0.0172508839831106,0.0028930279906755,0.00446701564905574,-874.236695057099
846,0.00481692505297936,0.0140153666679028,0.00367802955733397,0.0196097757134535,0.0127151594298722,0.0104731904066875,0.0181653902935593,0.0297839963694035,0.00208744302768496,0.00646424239227311,-875.191246980273
847,0.00690693933109298,0.0162133653563709,0.00569871946324396,0.0101022417499797,0.0117242061109017,0.00355454882768466,0.0168843412063675,0.022923601180033,0.00249269247692993,0.00497773555010897,-876.945946822074
848,0.00517373529431657,0.0239356903216696,0.00195474501911329,0.00949329952314824,0.00922556267868878,0.00752506120721986,0.0142624782546945,0.00605000771477516,0.00220888580652099,0.00596040356148343,-875.134453806518
849,0.00463696197258632,0.020004251830652,0.00430945886203653,0.00521391294681416,0.0128352177578805,0.018490392998194,0.0161333893308628,0.0119511337225697,0.0015133958650641,0.00632182699198577,-876.409652747226
850,0.0108018224900582,0.0189261675853443,0.00548417410762622,0.0100604005550392,0.00603776691789777,0.0194974424574797,0.0175759058604932,0.0121137269805856,0.00292539326421491,0.00294072872609315,-880.564674271151
851,0.00731499220507709,0.0197644600633361,0.0096137206799245,0.00514858982518137,0.0104689837780489,0.0170951528440513,0.0150017644683899,0.0167782776658977,0.00292163864474471,0.00442880053871473,-876.316443119238
852,0.00307152888562709,0.0289262687614078,0.00611799756517609,0.00572205388195632,0.0100276873864952,0.0103672000780191,0.0140105946102721,0.00882483187166096,0.0028666956388781,0.00424634110684564,-875.5760335438
853,0.00471492261170056,0.0173593054266593,0.00367604027696101,0.0156664374510261,0.0108994329591594,0.0193711926341356,0.0135401646987303,0.0131465625870344,0.00288349934304805,0.00535624364608085,-875.263617325028
854,0.00590393816674173,0.0171933005850678,0.00215481919023097,0.0158140629358408,0.00935629926345552,0.0237995903018253,0.0138898160433801,0.0236666163689085,0.00176182270970878,0.00310102836774344,-876.59554685995
855,0.00519689505659833,0.0204684992004573,0.0075749938830757,0.0177843308998509,0.00883738234875785,0.00602824236388934,0.0154052113867988,0.0220294907146125,0.00170715784450703,0.00565811259367344,-874.374960605833
856,0.00482413197820746,0.0221253499429152,0.00197894719526407,0.0184006274111811,0.0112828683430351,0.00902804749478987,0.0162166860924135,0.0219841640910014,0.00130252854607534,0.00195261935729731,-872.788582686705
857,0.00573003201422933,0.0211858920832566,0.0020303126511015,0.0140534221050256,0.0122119442259139,0.00894471689438698,0.0196927284457956,0.0276619713364683,0.00124870111894217,0.00773660072106902,-872.923554546853
858,0.00255859091536305,0.0211054259027536,0.00321267258043385,0.0122115767377306,0.0116383477491839,0.00557053917815692,0.0158385014301054,0.0246097359459984,0.00235451815922488,0.00739659136511618,-872.727385300011
859,0.00440398325604926,0.0215500305670447,0.00193326309134667,0.013630592079062,0.00823756183056584,0.0137356768526488,0.0128555764108075,0.0157471243811183,0.00229264479408022,0.00715822093545581,-872.847424308498
860,0.00239403947352895,0.0220939484063788,0.000912374028919835,0.0184446334917325,0.0137818860374579,0.0120822533225363,0.0158323231510845,0.0251994134918682,0.00242602327504099,0.00740711587722761,-874.457147897299
861,0.0054791264698719,0.0218750818033699,0.000581710820125839,0.0133914695429766,0.0139838132228849,0.00589907761773444,0.0172206147200485,0.0217756189426839,0.0021432269567835,0.00132384784262463,-876.827973825454
862,0.00833165699182739,0.0200932785706971,0.00658932789145195,0.0200911242451434,0.0157703401916093,0.0205140333594697,0.0143781365799012,0.014856452330347,0.00226667902828075,0.00255233833985353,-882.570301663844
863,0.00834568624778489,0.0144997970513459,0.0040093493973929,0.0216000996285929,0.0145253827743545,0.0177378145162515,0.0189129479224426,0.01353588261996,0.00239341948199102,0.0069617328998205,-881.778475568752
864,0.00885246105820883,0.0164959297819165,0.0046372172335451,0.0021343108003919,0.0136778433635599,0.00644437077436462,0.0157748759329082,0.0181919662344727,0.00151282233872547,0.0108103905666761,-881.156225934537
865,0.004648588341459,0.0308876124069961,0.00415717004042147,0.00308945304859766,0.0107022509460789,0.0137453982505879,0.0184500696230873,0.0148219633076475,0.00131238128398922,0.00839838075264012,-876.389835398604
866,0.000635971067369362,0.0293737312331449,0.0039403864271688,0.00622850859065152,0.00994788049123603,0.0141386458620483,0.0199275933295268,0.0309790588343293,0.00143678249276421,0.00742205023415748,-877.808931825951
867,0.00140280898167773,0.0304350067004775,0.00304899572652754,0.000156158152423795,0.012130549223108,0.00297209454182348,0.0172211635030712,0.0157670963623165,0.00211686643171595,0.00503758008322143,-879.212004084704
868,0.00494804101702909,0.0256829326011249,0.00929777369344641,0.00715290447883931,0.0118628639441246,0.00808700946596644,0.0143485064518749,0.0240741378406579,0.00251292136750818,0.00169539442182323,-875.384522768585
869,0.00274548294613174,0.0240900087184669,0.012594327144936,0.00256614951459729,0.0107024921596327,0.0093705617461145,0.0182762469918605,0.0249241538328477,0.00308459302172293,0.00508158482922005,-873.377685978568
870,0.00363713496530626,0.0227660359727735,0.00653301503510089,0.00688094601958579,0.00881850123061482,0.0131116035624489,0.0246358311823341,0.0388526584385663,0.00126882935109228,0.00462531618814464,-875.960414081123
871,0.00295390707889407,0.0297898179781712,0.00691647903487349,0.0052741458827289,0.011699451665191,0.00798454783822681,0.0168200494037937,0.0149528908467466,0.00192878620884902,0.00213483102749824,-875.545032356006
872,0.00248008959891458,0.0292752775700194,0.00591218632290622,0.00559669699472133,0.0141193739995237,0.0123158565333057,0.0154333146710699,0.0325746051748206,0.00286171899307006,0.00635126529394021,-877.701774243935
873,0.00293095644999408,0.0287181125367929,0.00846435912132924,0.000175883432141672,0.0110358202490622,0.00326050159638946,0.0167567607325192,0.0230046019435404,0.00242729437575914,0.005457742860827,-875.208545446344
874,0.00260947077332153,0.0215118547747538,0.0130254339845847,0.013229417362584,0.0112599817039978,0.0145818976643047,0.0142171160406179,0.0241563471946035,0.00169168198754175,0.00418437411982298,-876.069987894621
875,0.00255562580678551,0.0249238307330112,0.00744691984218636,0.0182417563866849,0.0119128305788839,0.0101584745016919,0.0169942504019241,0.0168533747196172,0.00232747713693972,0.00274674868342942,-874.13022658983
876,0.00312947912189943,0.024889394090054,0.00519098897546652,0.0122025409770904,0.00915524803427549,0.00960504529197175,0.0126964933815805,0.020116227892244,0.00238605442427732,0.00621096804125876,-872.725365307235
877,0.00442116666264623,0.0262078299159078,0.000854960642940367,0.0157771690531777,0.00854671974793925,0.0075035632148602,0.0120428936720321,0.0224326660469391,0.000686759707761693,0.00648670228398557,-875.56714781731
878,0.00249311723437935,0.0264180503119957,9.8495401548858e-05,0.012292343927055,0.0110280986586662,0.0101675697805267,0.0143211932221319,0.0288788062414826,0.00160293968646689,0.00909755233707609,-876.305295847068
879,0.00912829889117248,0.0216727996805702,0.00610571058469788,0.0172587342233342,0.0126284466429698,0.00500077812402069,0.0198601757526006,0.047758354498229,0.00305939429105237,0.00346682248748168,-882.705753639746
880,0.00867884339415331,0.0243780087822021,0.00431204013642698,0.0143379467764019,0.0121689845138496,0.0108605548035889,0.02143266102098,0.0185819249049932,0.002573838572998,0.00357835423243514,-876.749644629914
881,0.00156430440101027,0.0230990337066045,0.00487746635181058,0.00548252884056021,0.00905347977142142,0.0112601646532721,0.0234421117637178,0.0197735847034428,0.00412751553660862,0.0055036332519428,-877.729771410998
882,0.00320507442183661,0.023628037633641,0.00208468271382282,0.0105042933150309,0.0104272530093232,0.0151145639238836,0.0141657395477527,0.0286117192796335,0.00372055847730821,0.00562911900279513,-873.901420809207
883,0.00354019532697107,0.02874228259809,0.00259809177914705,0.00557208461968712,0.00912657866319102,0.0110917264529862,0.0165316140641056,0.0163619123987649,0.000886591989722233,0.00414399928110432,-874.545537005691
884,0.00262835195836665,0.0236771545685309,0.00317536724283583,0.0167435937861999,0.00888548211918904,0.0114187546544768,0.0170736843340883,0.0179342949529591,0.00215320195878729,0.0034128631322594,-871.221452607285
885,0.00482557471633346,0.0193476408020255,0.00229693860278197,0.014902553839097,0.0111061803763682,0.0113177606011512,0.0173058414271417,0.0204934072466335,0.00220957296676882,0.0090776906671619,-872.659521489306
886,0.00587014984845726,0.0252999481341403,0.000324357841836706,0.0146313755471629,0.00890251937248805,0.014152757272337,0.0181901640118712,0.0245719526564494,0.00121690141012974,0.00473176744719578,-873.43561946152
887,0.00754812031013103,0.0276990408266914,0.00495570406409703,0.0148840691869008,0.0128343352693273,0.0122893539324368,0.0111867575788723,0.0223037319990155,0.00221916482658302,0.00351624480766701,-877.271122483663
888,0.00301579847660793,0.0244104883799404,0.00524188523521422,0.00914213947764445,0.00989426186582385,0.00918072815085408,0.0217459925647374,0.0239524035401289,0.00155575700296923,0.00521155346985609,-872.858762354844
889,0.00491356653980933,0.0231125817685056,0.00271473544761238,0.0126783979704436,0.0114820217300438,0.0073096695218932,0.0181503979778447,0.0207471006226549,0.00103346889777194,0.00684694642518706,-872.754325659404
890,0.00317930417872678,0.0257267962101407,0.00551028864177203,0.00476799774970308,0.0116622592060386,0.00816329553232425,0.0162306207689908,0.0242526016531988,0.0026092236711972,0.00811730729355919,-873.996677526223
891,0.00262670614437343,0.0262835626353279,0.0153778658610427,0.00608094587572732,0.00922309025877459,0.00816848691098474,0.0171195591084469,0.0294047394099589,0.00262953039378321,0.00498802120702564,-875.071073564042
892,0.00346152319125633,0.024057189044451,0.0133775862067154,0.00498245572472515,0.0117740181240021,0.00910067907750342,0.0165275407407875,0.035205734752134,0.00246300406572705,0.00504519574312896,-875.202585129985
893,0.00292152442823867,0.0209106669533454,0.00879714953574774,0.0179546174163591,0.00827690930122955,0.0181965302624962,0.0245059638720887,0.0367355913530971,0.00172701891312908,0.00363343541688085,-878.134517982546
894,0.00264446132310611,0.0226243772423249,0.00855864924032549,0.00769443505682978,0.00879545081768514,0.018990981041527,0.0243319404641509,0.0209381444022829,0.00118245136294072,0.00692007966353507,-878.86347552855
895,0.00172533938119515,0.0225254861378316,0.00662509997516922,0.000950435233993278,0.012451628977352,0.0142926085658745,0.0155865271772227,0.0128215706172798,0.00294353979123475,0.00798443194913644,-877.291708793134
896,0.00525376341060781,0.0272319632682552,0.0036890553644072,0.00616528356943033,0.0120317507627705,0.0125004802161959,0.0156584404647784,0.0213083124969396,0.00178999411227742,0.00446303531665232,-873.393130002795
897,0.00601660224428583,0.0272518864793823,0.00768463059964012,0.011958506840855,0.00825907024173868,0.0191673946843386,0.0165299288890693,0.0128366609853984,0.00267058671827202,0.00275478433692944,-877.117551876823
898,0.00146301311651889,0.0252796849632774,0.00462443333854169,0.000398793733763913,0.00860049154515098,0.012334733219154,0.0202216531727928,0.0187826667569198,0.0019674553540023,0.00714471661791752,-875.470351184667
899,0.00537915007182599,0.0225564066579198,0.00680310400883262,0.0132972011534813,0.0102758223439201,0.0160383178466268,0.0130333180363717,0.0191895969406859,0.00306291162961816,0.00429829881771728,-874.245886752459
900,0.00494201545520896,0.017474876400094,0.00338133536132927,0.00768989692406293,0.0106252973479653,0.00960638496711674,0.0146025624099707,0.0237122360383052,0.00338401436570303,0.00705058440101994,-874.785077646039
901,0.00645419300065686,0.0219823105363048,0.00168943919324491,0.0144166647669567,0.0114264412466118,0.0110463189358471,0.0187193688989436,0.0288214517899417,0.00220891721279927,0.000684880410408646,-875.668961654962
902,0.00157801881534705,0.0249713299815969,0.00579907514633308,0.015400244719511,0.0111229466098991,0.0140227976394932,0.0150436427949014,0.0169275957292245,0.00273360300623812,0.00972521546179131,-876.813439428346
903,0.00280734724767856,0.0204860165528479,0.00726455835588043,0.011097981598364,0.0105875611850211,0.0078769779899777,0.0174618595326279,0.018198580920178,0.00165293849423574,0.00745173027744003,-873.758900656182
904,0.00442592246575219,0.0249437520602966,0.00870571507238488,0.012608531239197,0.0103493501215617,0.0157740495224816,0.0176586272291082,0.015940316473795,0.00151738276402238,0.00487764730355991,-874.664764008197
905,0.00228483703220701,0.0226865450023119,0.00923695259569709,0.0125678959447349,0.00769909927342394,0.0139156311551798,0.0192071816879047,0.0306524918289436,0.00345577317763952,0.00461636405797359,-875.547981827552
906,0.00344243704758663,0.0241298711773357,0.00963047009710922,0.0142610308435208,0.0111417432213137,0.0188764035021821,0.0181502596476789,0.0308562168591657,0.00241269023814412,0.00245532432419337,-876.31900836464
907,0.00485277710274733,0.019005505020826,0.000298730216330098,0.0166112932876117,0.0085782716294119,0.0171168118331534,0.0167565203477537,0.02329438866978,0.00160102624043458,0.00205761600311256,-874.794033041768
908,0.00388710207600036,0.0244081580754055,0.00717939272915933,0.000180022082868504,0.00964016427468339,0.0143245139848078,0.0164563647547317,0.0238569387056646,0.00381660330147228,0.00413107952289747,-874.137821343293
909,0.0068630081047374,0.0252416527851829,0.0133443538677451,0.00182725934415404,0.00948573438389658,0.0141051630312343,0.0173659000178376,0.0273733924703655,0.00112155947537207,0.00340258012606263,-875.000073925865
910,0.00607760446792388,0.0197805810439796,0.00582768145127347,0.00846685203105518,0.0130954191323477,0.00607475117605463,0.0174290501148331,0.0116619541034325,0.00331057726455062,0.00452355886685049,-877.13839651548
911,0.00543932039477919,0.0208858676704233,0.00458460273397454,0.0111051893640942,0.00819993544082614,0.022946476687641,0.0204889499063778,0.035791062557798,0.0022945722891324,0.00622355537863743,-877.508545453385
912,0.00339915216859643,0.0262445770665673,0.00171466378168518,0.0155013861279257,0.0105418486823872,0.0174068613263122,0.022803208530586,0.0179631819259156,0.00253627761040122,0.00282854866326624,-876.523570374423
913,0.00263003210950187,0.0209400121048319,0.00448120363226554,0.0166054664409369,0.0125869075601235,0.00963158663421065,0.0210684599067327,0.0373083933618053,0.00185487914915253,0.00208562226382608,-874.750605163885
914,0.00444149502179928,0.0266933981506129,0.0045282419165554,0.0188842800311911,0.0127129892654403,0.00896628088237175,0.0221032866086034,0.0272332029283383,0.00261154776693225,0.0023655263862837,-875.492512337317
915,0.00504677404379404,0.0261492354548806,0.00246673012326989,0.0051738251020628,0.0128579986379713,0.011148335168374,0.0200763615299206,0.0337477660741373,0.00322015882622985,0.00333463105162794,-874.989696234266
916,0.00306290554077857,0.0272446171419541,0.00257389298341481,0.0136614671766131,0.0156670316413584,0.00911806705400584,0.0206303313765565,0.0219812810366365,0.00499718982221708,0.00418222647521699,-878.759820784003
917,0.00785620385339554,0.0284331139649199,0.00241264174339552,0.00311009033096823,0.00887968327150859,0.00826874158661344,0.0195729858036477,0.0237317276971429,0.00405215855706808,0.00235716333229665,-878.355540216974
918,0.00621379425941795,0.0290499188874777,0.00794930917676123,0.000303744909372927,0.0106800385269227,0.0143464251594759,0.0195922007653864,0.0267374337195659,0.00103429193489337,0.00229670449134322,-875.629836754656
919,0.00364344229168428,0.0307205230560427,0.00618033356689438,0.0148090022583048,0.00721981181555046,0.00885764988471119,0.0179080854597475,0.0262330456474853,0.000802879170147602,0.00256460194628038,-877.757074623973
920,0.0027279485064638,0.0318962029669217,0.00475077676406195,0.0030220469667937,0.0155978860349932,0.0131093865576689,0.0183226700747795,0.0156451758416084,0.00277886980026709,0.00625202961888505,-880.00038827437
921,0.00545048248767045,0.0158482969479718,0.00469197941799045,0.00677105364162613,0.0166572118289987,0.00415947327886068,0.0206976725662319,0.0202213141646211,0.00175849246480593,0.00990952262220191,-882.666386502148
922,0.00595030368572779,0.0159103796451045,0.00497308228317035,0.0262733399572191,0.0162913113909128,0.0125160905746377,0.0140793345597181,0.0270183278477702,0.00141382553421583,0.00991063905548452,-882.622920725056
923,0.00603108899490763,0.0231460288472943,0.00487178495047033,0.0180307417609981,0.0129667340993908,0.00831495025273699,0.0223035702562499,0.0328827744221799,0.00275667851860681,0.00627211464766209,-875.761663691594
924,0.00369309700353007,0.0204809595582738,0.00391645627790405,0.0155613610104406,0.0125784292468398,0.00651559720180667,0.0165999755327489,0.0226795379505987,0.00196838233641486,0.00277264190053996,-872.328488630123
925,0.00454854362109689,0.0185898826832748,0.00109260304775599,0.018524883911618,0.0126606242612895,0.0144861701810735,0.0145797368395133,0.0238520466877188,0.00236171516538634,0.0086798185835813,-874.949495022174
926,0.00357721438391375,0.0227041341263947,0.00366615176079946,0.019651368754518,0.0112634424728708,0.00665136000035932,0.0134355022140031,0.0152680727808586,0.00278121776144562,0.00317898083635268,-873.836686541567
927,0.00377453125202899,0.0227684762767252,0.0017788422730399,0.0150491884644446,0.00956517959419753,0.00881107260920259,0.0178137049616625,0.0278742248873,0.00313194320115529,0.00357161313526013,-871.155852889521
928,0.00562305292144946,0.0178086673457511,0.00983078854895661,0.0036344334892403,0.0100480132477698,0.0135131346785303,0.0157970609468179,0.0299426550300979,0.00191357735042339,0.00255863898526046,-876.456293536709
929,0.00786551723012454,0.0268291301395837,0.0104236005050578,0.00245789195793103,0.00936832247017593,0.0101582250575283,0.0188305723371532,0.0172719440113302,0.0023452810144458,0.00190343642903061,-875.830253854976
930,0.00150397984201023,0.0266452699966723,0.00441266917067666,0.013426721914448,0.009840649895733,0.0163363032969101,0.0115792590464205,0.0184638079507113,0.00212054440605003,0.00379434858564685,-875.288360463997
931,0.00593797664084344,0.020653848414725,0.00723662696995418,0.0153060516904499,0.00942272719865789,0.0103347069751475,0.0172030845244217,0.0237236377593696,0.00332526343800049,0.00840046206459147,-874.755433280496
932,0.00662048118937387,0.0189414915986322,9.47543441876838e-05,0.0119367479843205,0.00761785430739055,0.0125184470875557,0.0206413998618584,0.0257355319769942,0.00204015923138461,0.00746215422801695,-875.231915102613
933,0.00566941767953936,0.0227449550991567,0.000912383069084543,0.0112706252400433,0.00776338490543479,0.0126088775197345,0.0186040419735789,0.0185551898139722,0.00282781465581374,0.00681040923583258,-873.473640504755
934,0.00671144047315114,0.018276596253105,0.013177971702384,0.00353074010704153,0.009308757338739,0.00692471811557644,0.0165804248822643,0.0284065480779498,0.00217450425332947,0.0049125851266817,-875.846417024851
935,0.00579059143321678,0.0230417199278355,0.0111870038724662,0.00110597796262448,0.00941384988391255,0.0160827132050092,0.0200973819044808,0.0331820202118807,0.0015261759451374,0.00320785323155812,-875.416888135316
936,0.00623898543897829,0.0270618448101716,0.0116497769918635,0.00014687620268236,0.0108732612158098,0.00537326563047681,0.0245966147542329,0.0345571538402069,0.00225628057420636,0.00263633254555698,-877.075833758088
937,0.00145241153849308,0.0243712594974906,0.00647982346506781,0.0100246825669997,0.0122139577712511,0.00372115017182108,0.0203131187525193,0.0269914978975405,0.00158102288874705,0.00452277457290361,-875.524301701599
938,0.00474786244419977,0.0253283251509794,0.00478773610080205,0.0180975385732893,0.0102111708357946,0.00577612024981127,0.015904903260086,0.0224909995602176,0.00271868808656077,0.00251277010089269,-874.050536945432
939,0.00271113507760224,0.0189961696424776,0.00229840060701573,0.00973083029371482,0.015352493026333,0.0126287210118096,0.0202144572133979,0.0157309047030762,0.00257341925619397,0.00464144022492162,-877.49111981379
940,0.00295209503811792,0.0176169541082824,0.00206831946103209,0.0120576903000716,0.0140146772897855,0.00830640404712773,0.0119237643565265,0.0164192195860626,0.00183460337744207,0.00496971745904651,-875.483405084122
941,0.00896463939559014,0.0202521907446875,0.00221615474800039,0.0236817676241206,0.0127187728600393,0.00688076060257183,0.0112774178518043,0.0143464070510099,0.0037639104986134,0.00500886439970105,-880.007055701207
942,0.00844175477573038,0.0122209875018527,0.00328779515850415,0.01041453359924,0.00939137054017584,0.0243640324851216,0.014404363334648,0.0186717394791341,0.0016501767810877,0.00182709927000938,-881.429052666848
943,0.0112703805284673,0.0265376537507766,0.00311022688278546,0.0171059969059353,0.00991908559103994,0.0121183853877015,0.0167038048189167,0.0208334136574771,0.00398264674287227,0.0025965626240503,-878.167970248146
944,0.000983268496842154,0.0268327648307283,0.00521598039756115,0.011141475844563,0.0102102020975208,0.0129175485991332,0.0152838225122699,0.0262042601672,0.00240585136451097,0.00382897011599943,-873.95374750133
945,0.00635180823172601,0.0162740612082152,0.00457719920511545,0.0197715070458934,0.0095247707799729,0.0107186719946245,0.0205326677376976,0.0275136375785561,0.00140402616304558,0.00511794039588309,-874.201017931282
946,0.00385358481742828,0.0216444381904678,0.00328115963677555,0.0167394943998747,0.00807442363060769,0.0109994331569532,0.0180250606073037,0.0304213154625785,0.00266757232858089,0.00700045596823116,-872.650827710412
947,0.00611849560928313,0.0222460257129174,0.000992596781013942,0.0127827200475708,0.00836811843901458,0.0106110586759376,0.0177586851082607,0.0342898737789864,0.00156148547813798,0.0104003205277278,-875.543623598545
948,0.00724850427199653,0.0174790897494726,0.00321920181885106,0.0269011316923877,0.00847793637280331,0.0143811653316062,0.0207411290691801,0.0242578040332901,0.00188073061945016,0.00226431889738589,-876.869735678621
949,0.00862223673887092,0.0204767216192627,0.00644688064225605,0.0204530009845193,0.0102943937486577,0.0144480973207444,0.0202522940586126,0.0320817718917275,0.00212392020492804,0.00512661021900306,-876.463309944509
950,0.00109023250803338,0.01950625034171,0.0073966074592502,0.0134191436712069,0.0127603927767129,0.00898339410738117,0.0195481206575077,0.0275429281632629,0.0051049411494325,0.00600399035597866,-878.857424680637
951,0.00731554693530019,0.0160253896208422,0.00139223332254148,0.015019888902576,0.0102525354919815,0.00899388155367077,0.0197649171772344,0.0260407401283058,0.00459423108863075,0.00494847680024966,-874.544990148107
952,0.00386768703788943,0.023486842633789,0.0026298964034379,0.0171252019696209,0.0123804556599932,0.0104501365676824,0.016084508587262,0.0176103837713628,0.00148570426654426,0.00212144011591197,-872.643602563087
953,0.00317429607033114,0.0249672568328065,0.0054955687481417,0.00457422352162421,0.0128441403838845,0.0114126042044934,0.0165718759752062,0.0323992404830571,0.0028949279604214,0.0074414800667871,-875.755736648659
954,0.00428049392611317,0.0244296485705584,0.00541209076551529,0.0156844781822996,0.00798343154350655,0.0125037424424006,0.0240727543310692,0.0360920491119711,0.00280870415533171,0.00726235155388532,-876.605754168263
955,0.00416686806219477,0.0229054769105707,0.0120230135430755,0.0133308513005151,0.0111668674012339,0.0137477174408585,0.0171253276571391,0.0130766744028566,0.00252197198680663,0.00565026122728362,-876.182584904205
956,0.00265946278407605,0.021710700806509,0.0054298202036069,3.53222009346746e-06,0.0114518347832412,0.0127350945259022,0.0173565949510461,0.024630199182044,0.00155006977474585,0.00425361032893239,-874.929089199633
957,0.00566982450755127,0.0209140569683643,0.0162165506134127,0.00168750719813424,0.010418126417376,0.0130714374642538,0.0136450472945759,0.025285419483145,0.0029837944086216,0.00256664225784009,-875.300974856622
958,0.00244482793976676,0.0213182897339676,0.0142933228599919,1.30379644067062e-05,0.00809578448225654,0.0106204875074178,0.0179546325925206,0.0243746845849537,0.00266612460386822,0.00169252683938917,-874.517862601127
959,0.0061391942967162,0.0221268421231643,0.0133814464120207,0.000286526983512129,0.0091040477240485,0.0130753451313094,0.0167189995816499,0.0303504877523286,0.00164024967804169,0.0071134455413106,-875.740588830987
960,0.00632712569630871,0.0251359817817997,0.00443546271868049,0.00151199270450902,0.0110066305733985,0.013147706947608,0.017604863010146,0.00448252395973246,0.00222420451937084,0.00373914420006708,-876.994886847929
961,0.00234552419415231,0.0242987083840616,0.0105698377144134,0.0155820608099101,0.0118497851338928,0.0216163826028201,0.0133926813994674,0.0256680270685253,0.00272917047996986,0.00360916534073167,-879.578580332872
962,0.00355264199468734,0.0195307748043232,0.00924745845231174,0.0132692998230041,0.0104776238986194,0.0146072486615315,0.0158966073727288,0.0197561643061551,0.00298707128112711,0.00288911802655152,-873.786304106501
963,0.008786288065322,0.0222353500585906,0.00570977014723226,0.0160925408660086,0.00998880854590351,0.00812559920464962,0.0131301121023457,0.0200261141983401,0.00160109907779573,0.00424562493915118,-874.790752329016
964,0.00623977574412139,0.0227566223248541,0.00245961579977881,0.0134130544238939,0.0108659315851569,0.0098715659396508,0.012879085228831,0.0236151304606242,0.000299296563738102,0.00704536612867284,-875.893258293796
965,0.00593128987709414,0.0245091085748569,0.00463069163493814,0.0133749516401878,0.0112348196594535,0.0111710842199437,0.0140758494423361,0.0263490419622881,0.00216018399372369,0.00485245021257729,-872.584740609545
966,0.00241576579436584,0.0238454043972879,0.000506564386636014,0.0124297557251147,0.0112347404776875,0.00941931354472136,0.0129951025001426,0.0206100866971642,0.00143969099146653,0.00430617434967807,-872.50896205102
967,0.00458474174373459,0.025391193279538,0.000453795222568923,0.0127203245911873,0.00975457432502839,0.00961706798406319,0.0155005066957189,0.0247264602626594,0.00168319629165958,0.00625050707292702,-871.921740282194
968,0.00733317759919625,0.0216921924328396,0.00148227768158129,0.0186399719066615,0.0113371979829135,0.0124768950829161,0.0173242941547098,0.0261531882776684,0.00129037969684055,0.00470537534752276,-873.202731403429
969,0.00263255535218744,0.0151065430489713,0.0069057038021356,0.0183793082800824,0.0111637173583788,0.0156799222805243,0.0154798087546913,0.0280401815880169,0.00269847997339866,0.00438688759474541,-876.582936104739
970,0.00254938666624626,0.0181601763681435,0.00680261344685428,0.00997760907935287,0.00808861651962868,0.00865370785813482,0.0164319075002246,0.0233847035886056,0.0025882824303616,0.00332887513133666,-874.450189193414
971,0.00136896291313046,0.0324290274943701,0.00778664627165295,0.010943701894129,0.0100497264348823,0.00522760336627642,0.0207663261326764,0.0374943558615285,0.00284347245170436,0.00508670234892798,-879.463634305403
972,0.00440485441360533,0.0148820063454712,0.0087045539248772,0.0137083643549356,0.0116418377916894,0.00814910731804557,0.0212928908063914,0.0240961381834863,0.00376771964964207,0.00316541497713443,-877.613348775993
973,0.00303466844562492,0.0181231123144613,0.0118875057636512,0.000178639058135773,0.0101914089417635,0.014988541191136,0.0113366997981664,0.0252963247247132,0.00179337507532421,0.00323925124525259,-878.848012691902
974,0.00395223860908502,0.0272717541373518,0.00903697366054992,0.0235450422746599,0.00714823750404758,0.00824975687183384,0.0143261767303984,0.0239860240640498,0.00256169828008584,0.00311577875339751,-878.561275982992
975,0.00236686667278783,0.0249589193996301,0.00445701458142613,0.00675381590341582,0.0111081457376197,0.0146045276388488,0.0183831593970524,0.0296201799189064,0.00176575217346257,0.00446508298544273,-872.828325910161
976,0.0021775364206313,0.0251507893476635,0.00161680901436496,0.007472454003567,0.0101842477288331,0.0136465045982197,0.0185310425785789,0.0268433105911138,0.00218958229853671,0.0046309043207365,-872.177228750725
977,0.00173063238998501,0.0301279728961946,0.00393773376732584,0.0128446135043876,0.0120884569942309,0.0105785026789088,0.0223387998734216,0.027971008346532,0.00205572818360559,0.00830737089350555,-877.076590021333
978,0.0031803742576363,0.0225180348281236,0.00383541442454957,0.00371322707681016,0.01041047141666,0.0139078428958528,0.0154556753553584,0.00728038688352975,0.00102197947991377,0.0074747670026125,-874.952621588829
979,0.00272755928549671,0.0270745684262647,0.00345647740761383,0.00285307457104928,0.0123015409762268,0.0088803172466513,0.017765805408629,0.0060829887098546,0.0030246071997235,0.00617760527327087,-876.899352765345
980,0.00650411674355727,0.0222331427872963,0.00579297526357816,0.0219696536938413,0.0129457721250163,0.0155935421914584,0.0177302811553618,0.04308903724602,0.0028524723198697,0.00697159663772883,-881.68734698024
981,0.00617402362085811,0.0171846812350589,0.0012315556029473,0.0136149460610512,0.0118475048043494,0.0137392284935806,0.0182257213343441,0.0416775542511787,0.00316267419831232,0.00816451295033256,-877.926815538106
982,0.0047776308524501,0.0165592144142628,0.00307875740996708,0.015421948780617,0.0106543776077894,0.0155193523162957,0.0173810032378867,0.0146933453122312,0.00316909955113842,0.00703495282361644,-874.355938470108
983,0.00277618653479644,0.0185897995647057,0.00601138154791886,0.00756803450305009,0.00937194451280255,0.0143696367641797,0.0168423608652711,0.0295048309141295,0.001328962921614,0.00696075040161445,-875.473185923754
984,0.00495693892847544,0.020154314859844,0.00438988080333,0.00381197684300739,0.00805788544835792,0.0102606209543313,0.0190338031922111,0.0127209656218247,0.00121723380719103,0.00482735432619096,-875.670614043297
985,0.00464287570673761,0.0262509042690748,0.00462145333180041,0.00972310229120119,0.00933993373836441,0.00531278560276026,0.0226216152889324,0.0125368002301865,0.00330060518913235,0.00665080633854953,-878.993121285185
986,0.00754198330920168,0.0261345456531653,0.004473988488257,0.0101107785603273,0.0080322725446576,0.00494976858129514,0.0116987370535559,0.0135573328367281,0.0025371619932994,0.0080609885535889,-880.390320104859
987,0.00810187919994305,0.0186097458160038,0.00380174555726813,0.0184065513483306,0.0124040549889476,0.00899580257308183,0.0169574979479632,0.0180849146583831,0.00239849736934262,0.00185520945697742,-874.769408597694
988,0.00173246929445114,0.0249234564419729,0.00717615257545746,0.007703575837852,0.0138840290597378,0.0104508107498321,0.017750084658403,0.0194054536689732,0.00159307710755221,0.00741107335189055,-875.777068854012
989,0.00467817484140288,0.0217239255463521,0.00162800273933405,0.0189271457949775,0.00869593884451009,0.0103122631199976,0.0128463736200262,0.0247421959288307,0.00177609245122155,0.00366911002717452,-872.393950350153
990,0.00597142877643299,0.0209980750803109,0.00169880090808122,0.0207896665165283,0.0105761388354568,0.0107675919108284,0.0176569811582898,0.0174661824072121,0.00165571608538003,0.00621453364392074,-873.012883435462
991,0.0059883675667543,0.0226276938717056,0.00126375619630076,0.0169959908753638,0.00807211373284133,0.0116296215589716,0.0152328249245667,0.0238535351978858,0.00107847949496867,0.00616476318851103,-872.925207363054
992,0.00378738199913213,0.0205782604832435,0.00120241970942001,0.0183623639976996,0.0078278887069958,0.00967925838366382,0.0162083033840511,0.0201149694945173,0.00389198784540804,0.00288111941235114,-873.083942443208
993,0.00232691809866413,0.0261988868696321,0.00158153365786365,0.00941961850413744,0.00980035346636047,0.00980073975098101,0.0142945207645709,0.0302001536644978,0.00289430288477473,0.00540023205510626,-873.316397998424
994,0.00576537404395846,0.0216638777127316,0.00151186130473102,0.0121640525601285,0.0113084272676245,0.0108759179710813,0.0169260835479613,0.0208266033601997,0.00359454877025339,0.00447942664158634,-871.91603199566
995,0.0020456487799241,0.0238888062095198,0.00111711533719348,0.0144782754042202,0.0110831902807513,0.00935855727987415,0.0121777203470204,0.0152093163714397,0.000660316164570648,0.00353380961859636,-875.507491943974
996,0.00248672566227862,0.0267288361512776,0.00456824614866825,0.0100359202621502,0.00845799760961589,0.00999722389779668,0.0178342183235781,0.0203796087318332,0.00191016841933649,0.00511006933640429,-872.330668728325
997,0.00388542141746075,0.0275842422567488,0.00273601773575627,0.0109212612118787,0.0117820098120802,0.0106414337237987,0.0153626226382002,0.0173862935803635,0.0024668976616307,0.00295754186080639,-872.272204520511
998,0.00560350591088844,0.0298904742680089,0.00245348176529152,0.0157765835302314,0.00979881953101314,0.0102096621329577,0.0145046493453229,0.0229319860291601,0.00125009058346963,0.00246401526653611,-874.26480756196
999,0.00585887352119506,0.0177090996729781,0.00221707318108963,0.0193347598059286,0.00895059145157452,0.0119661822312472,0.0192397932690501,0.0277225784595036,0.00308935252664738,0.00250974872601182,-873.093182815328
1000,0.0103252811797153,0.0181016499079195,0.00567924219501798,0.0122687937277033,0.00930272513623304,0.0094468112282681,0.015488971650922,0.0199855200377599,0.00345870073645942,0.00632238413584559,-875.454761779808
