"i","asc1","desc1","asc2","desc2","pol1","pol2","tran12","tran21","dem1","dem2","p"
1,0.00571464523552103,0.0056947852694441,0.00295893124824321,0.0288300192196662,0.00847196855879939,0.00970399914149795,0.0105932304720583,0.0161109965459782,0.00425338723068368,0.00357734022871715,-895.918725608041
2,0.0149846130315564,0.0246891763476713,0.000400831883840751,0.0174247517603053,0.0120792700685578,0.0139472398311157,0.0167365550946277,0.0226305084268174,0.00435048074820621,0.00449390048671173,-882.645946042043
3,0.00118885058208057,0.0262219267958694,0.00532526311637759,0.000740395343967391,0.0100181886935134,0.00934309481383581,0.0159500712893397,0.0162825534394312,0.00337633412962479,0.00161481412346623,-877.263487265667
4,0.00158699063578711,0.0234705669954873,0.0102684069061185,0.00332658688962697,0.0106242617163538,0.00887204860552486,0.0130826569312712,0.0264593715599694,0.000772498985076817,0.00992338352568515,-878.120281231245
5,0.0090516119015082,0.0226667983448619,0.00630041491556135,0.0289487250427124,0.0128364370756122,0.008904035294542,0.0195419812171679,0.0275793361897912,0.00227379929406959,0.00509060968476925,-880.045147826411
6,0.0105179108007268,0.0209462828097123,0.00256035295552089,0.0275936685974036,0.0133851589736941,0.00724870404189655,0.0196340044693195,0.026865272332211,0.00141040462030823,0.00632902745531797,-879.752057346806
7,0.00440251241587711,0.0257534990473366,0.00263853508811825,0.00586732185440115,0.0171027789361921,0.00539138257371477,0.022274256733728,0.0305644290500329,0.00257541609075614,0.00621126403075816,-877.546069465946
8,0.00214946700493673,0.0280687026223668,0.00383439103809141,0.00250226060503776,0.0111119077938096,0.00871722214199675,0.0186564059051858,0.0229762270277779,0.00257497630581849,0.00626849466089374,-873.98970463138
9,0.00487420911013564,0.0241073978946211,0.0110347871780659,0.010370895545741,0.00890074416589104,0.0110590687120401,0.0162237791047354,0.0228351193231626,0.00108195579699271,0.00574983848882757,-875.182184056822
10,0.00430525949875503,0.0212741849386388,0.000963690653685283,0.00985579191073824,0.00792356566649427,0.0119957995926643,0.0141541696865699,0.0217754977655277,0.00293966299818584,0.00546855504902609,-872.567112187321
11,0.00553885630846534,0.0163661872233853,0.00575003231855988,0.0124065171488635,0.0118951004766469,0.0162413827203749,0.0155079935358855,0.0193903102472491,0.00328345415432688,0.00402100548238606,-874.705831450525
12,0.006520093056999,0.0234908458593315,0.00566166630209909,0.0178721584093976,0.0108634349455268,0.018093206100761,0.017904691996922,0.0329872563184239,0.00233722904277765,0.00548449820190716,-876.587772865028
13,0.00586827126845898,0.0157278316982911,0.00494926971552507,0.0157984694240106,0.0112020131864941,0.0108733319738148,0.017729158554802,0.0330625477529257,0.00274919314017176,0.0119900943745769,-877.610579833865
14,0.0067665912146495,0.0212815922250037,0.00262193533590483,0.006944493871093,0.00859482059008663,0.0112403170831967,0.0223517931921962,0.0243953830986517,0.00117182559207492,0.0150624890201592,-879.45151112407
15,0.00645390181150282,0.0214949650310484,0.00769135531954561,0.00611743434051008,0.00727883548465346,0.0100514759276741,0.0218546343623528,0.0281541191530922,0.00314531571507703,0.00719235352490841,-877.187689112808
16,0.0060112206836814,0.0253460499569304,0.00374185964596758,0.000417699523778221,0.0111065458925889,0.0139596111163208,0.0149797943639189,0.00968725109793471,0.00258206940869201,0.00749726191845278,-875.98790572023
17,0.00174172174979051,0.0252286872715519,0.00884032506447793,0.00287229270344844,0.0111135029987345,0.0137664574808472,0.0183978231819311,0.035803201936211,0.000961410009304737,0.003576356861505,-876.37205241536
18,0.00422272016936322,0.0301678533764583,0.00398197672439658,0.00700166012298655,0.00976741330194712,0.00932438618361306,0.0165126971848835,0.0431912647552093,0.00149766509909924,0.00735860295577134,-877.993396358229
19,0.00327699938462455,0.0221555810486288,0.00528502437586143,0.0185230501892173,0.00847490822317508,0.0115922225697881,0.0200049758223274,0.0079604765847662,0.00212506617954954,0.00171250030723174,-877.590740218586
20,0.00426770422248385,0.0193202304581076,0.00116165301411079,0.00826793394779571,0.0101863123239808,0.015535876769408,0.0139561111546019,0.0165037621849113,0.00185636084082129,0.00875566750908616,-874.866127834957
21,0.00485980671666638,0.0188748212465549,0.00106749229008263,0.0235784274292016,0.0107765881986385,0.0105496987365002,0.0150272205230284,0.0326635319966755,0.00142475170567733,0.00509492781078868,-874.623417438081
22,0.00226305301914784,0.0221026772402548,0.00595091990531969,0.01879608520312,0.011471489200251,0.00863719314577573,0.0174088568793654,0.0246752715092964,0.00145090758536585,0.00479809932016775,-872.338485970646
23,0.00516132157479249,0.0203363044154195,0.000912845749651384,0.0152133449153159,0.0102435175240875,0.0106399788905782,0.0172436294297796,0.0279206513842509,0.00378283206128269,0.00198341038819132,-873.127784941008
24,0.00197879886970222,0.0214843943817641,0.00590799553765347,0.0120584514199701,0.00627793024831852,0.0140265534588212,0.0159225248398897,0.00854856541354644,0.00282951391876878,0.00839834937339153,-877.750499170389
25,0.00238540230077187,0.0246246732143421,0.00200805212242456,0.00288378483664429,0.00798725615298653,0.013259468306497,0.0174440046782473,0.0231335649786928,0.00315565718574613,0.000664187090231988,-877.792560838206
26,0.00199308469856161,0.0345682156345062,0.0033532929328077,0.000958215540767294,0.0138042867582013,0.0175139598469257,0.0199572835284869,0.0197291663523591,0.00170949138216986,0.00827240003021687,-881.939269546594
27,0.0049003829011833,0.0256369734668246,0.00589839503407765,0.012228170607717,0.00858971952731087,0.0214936298650653,0.0178505445236403,0.0249973567298335,0.00104081012331999,0.00676377240838929,-876.8336153216
28,0.00342541663986326,0.0246226242037777,0.00308052101439631,0.0146885788652427,0.00910463994083577,0.00520463792268332,0.0151510876575918,0.0247857241699003,0.00344059325563555,0.00302202794197868,-873.996460750967
29,0.00228038622353743,0.0198308432875672,0.000359908546027593,0.0177972432339732,0.00849972417564562,0.0159379098894248,0.0150042039850127,0.0125643220265277,0.00217373301108521,0.00650449205330044,-874.681531550641
30,0.00534339965096063,0.0178956997614871,0.00566946138607754,0.013144141356849,0.00822820945707319,0.0216893201465423,0.015241841847228,0.0132258701218463,0.00195234396792447,0.00308802157188358,-875.874391757678
31,0.00673041282245473,0.0227821117767075,0.00511330644008335,0.0164361738841933,0.00902356957264309,0.0178696496149558,0.0166400101797694,0.0230065639212026,0.00123197119467775,0.00308067905700704,-874.647267074661
32,0.00492426745873257,0.0205149521419451,0.00279975468501225,0.0215045414928282,0.011394640573282,0.0173381099262913,0.0160893393831732,0.0200924318050651,0.0013699391435422,0.00348463736364909,-874.170570431204
33,0.00248985493930999,0.0234667942792312,0.00480973416720858,0.0102794850493472,0.0124633669743857,0.0150519292925625,0.014440674536179,0.0165402720958828,0.00294464881189073,0.00249531906272189,-873.803332852155
34,0.00419991041005119,0.0236754989917996,0.00295522589747439,0.0151299487529891,0.0114996120371679,0.0139326400444761,0.0143223278482342,0.0154560634538102,0.00166109777513694,0.00322373893003586,-872.125858995768
35,0.00386101422466631,0.0247472948238411,0.0023953274188464,0.0109563022627556,0.00901037270727859,0.0098038386642188,0.0153231613589879,0.0203704750660826,0.00313650321712767,0.00268535256283875,-871.275244079957
36,0.0031314369669395,0.0248552174364218,0.0039368647394049,0.0152324807214514,0.00867407730469124,0.0120854776026181,0.0169932407237067,0.0177401191970825,0.00329880377032684,0.00727943714107647,-873.30674817404
37,0.00336535787000593,0.0271753860844852,0.00461420686124257,0.0127075918585309,0.00940908852631031,0.0116170858204828,0.0177978452171532,0.0250819497311651,0.00214529664205116,0.00883218865292191,-873.676930057008
38,0.00332514819084986,0.0268958016515308,0.00237036507719485,0.0114546543492355,0.0113485843618373,0.0144729926665113,0.0170469025426588,0.0223900678668053,0.00225025462279467,0.00698259019002859,-872.763307018712
39,0.00200433227629326,0.0280000777849098,0.00029524938841373,0.0209017939675967,0.0094071839214596,0.00910278138191969,0.0146281226136036,0.0254380196391288,0.00289641153412551,0.00603692174783768,-876.544294688896
40,0.00328320922434033,0.0203168794220839,0.00538063439852801,0.0143404208013539,0.00907720842100601,0.0140852573945625,0.0174318993997102,0.0214813689182583,0.000979871046436482,0.00399237964349191,-872.844624727565
41,0.00671909701143666,0.0212839236453075,0.00606600750759787,0.0159455366391316,0.012324053331484,0.00598888799729475,0.0143925982854358,0.029898802794891,0.00418514836648509,0.0097079566237117,-879.088377654087
42,0.00418087295278357,0.0195940612785976,0.00825440348309665,0.0121006752062288,0.0101018197715231,0.0100937002422229,0.0163420132568879,0.0141664948647375,0.00264083398565911,0.00780360746581572,-874.537422141224
43,0.00974141543421883,0.0217578591314905,0.00674799333575301,0.00594144476382286,0.0116267002099722,0.0134260793444474,0.0145189456427654,0.0116612679689419,0.00276558952957427,0.0079088670473327,-878.196164067877
44,0.00679676349636796,0.0219374964964648,0.00371637987295005,0.0137019930441254,0.00771355952145404,0.0107080533009872,0.0164677418366657,0.0201250033487607,0.00331784565084652,0.00277402029679865,-872.917858014301
45,0.00818284850757576,0.020116403945481,0.00334134445387555,0.0157221698988048,0.0111385153214399,0.0116597788088827,0.0144830089336867,0.0143606235564212,0.00289010361772346,0.00466687603152892,-873.661085115333
46,0.00455314056954489,0.0218013769122996,0.001352310285443,0.0107977521788734,0.0116832055635691,0.0111048149792326,0.0155937265900388,0.0189099127904283,0.00153874524523805,0.00253945554827683,-872.072963929948
47,0.00491403326803251,0.021795132609845,0.0018277115537335,0.0136557034579798,0.00843172909086401,0.0143590245057862,0.0164561564194974,0.0237110798248657,0.00269549253945032,0.00379111619838812,-871.029937807205
48,0.00419432346156542,0.0199371877391532,0.00534654567191007,0.0146146440733251,0.00944049408507622,0.00879605097579605,0.0187090855475088,0.0320842061246497,0.0027468290018071,0.00360853901791056,-872.499067223129
49,0.00591228600629391,0.0206435957697586,0.00507823922718307,0.0180540972858201,0.0146582601288339,0.00872836208573825,0.0171956327533228,0.0221419076543984,0.00327933633512196,0.0014432133786827,-876.153939467996
50,0.00489911443798147,0.0195261341299175,0.00804417558110351,0.0119785069795312,0.00867575641762532,0.0218260466354621,0.0174715475160228,0.0249879240668068,0.0024793618396295,0.00145209544868037,-876.669262337062
51,0.00588610064968977,0.0214466314205565,0.00613940924456497,0.011204370738734,0.00998025573651311,0.00845515301678135,0.0161505164683758,0.0280056497379669,0.0034020430305455,0.00646701982645904,-873.823614026492
52,0.00685363271531207,0.0256114860586558,0.0083733893560275,0.00944853715954888,0.0148673497466375,0.00671418794566088,0.0172492486871417,0.0300312165088239,0.00244588762710539,0.00485904586717022,-876.988570295895
53,0.00168682112036885,0.0238078230260301,0.00539967725170409,0.017040765504013,0.00877556172630044,0.0152674052538689,0.0204470665776111,0.0357555669548056,0.00149012931234074,0.00338299331256864,-874.955905511155
54,0.00200808615556212,0.0234072479694043,0.00282002017289418,0.0147224381911346,0.00991999810176663,0.0163181602039702,0.0180626831814451,0.0129212873419769,0.00179571751217212,0.00484745645049571,-873.536064907098
55,0.00444981349899911,0.0238157331207293,0.00162000358440954,0.014565745444833,0.00887948698004646,0.0165464514141489,0.018608795792297,0.0178448536378674,0.001521516665288,0.00787023328952894,-873.614395579871
56,0.00470975708964545,0.023843429895347,0.00170067148668142,0.0158231734644767,0.0104728014509886,0.0126895319177859,0.0196840328626717,0.0203204051023681,0.00248025881437526,0.00651798043242046,-872.447975484738
57,0.00556912005317465,0.0274488855436441,0.00133946749469673,0.0122226155745869,0.0104825001682179,0.00990463068878425,0.0207562194609016,0.0244196203269245,0.00307390107224418,0.00124306716379432,-875.160297246598
58,0.00343133399205532,0.0271957769349395,0.00443885682284506,0.0216915936783508,0.0100951425029204,0.00851354058635644,0.0213363641908308,0.0241635746652255,0.00207108338927875,0.00383257540013406,-874.993145327568
59,0.00448351292505006,0.0169346571005176,0.00668437081397028,0.0141294265627124,0.0108650094576502,0.011631578854136,0.0166214405348856,0.0179598432495714,0.00257311929472176,0.00594510378819448,-873.536397631921
60,0.00342824287077835,0.0150427616520153,0.00385457589883377,0.0229631933152701,0.00911334514197583,0.011416101913156,0.0148048044131623,0.027207932239524,0.00256546839777254,0.00668225406349746,-875.57366364552
61,0.00260019821634622,0.0242496466805943,0.000532159350092786,0.0194532192851539,0.0107677224539896,0.0148722973628126,0.0180148054085286,0.0271307300082863,0.00181475261892439,0.00510312267876751,-873.46456610167
62,0.00360654316491866,0.0216916497246298,0.00655285983648698,0.0183290131033113,0.00935184707591111,0.0135267406334296,0.0163440346221041,0.025828552539084,0.00224585772765415,0.00510425672239898,-872.340630041606
63,0.00316137251245113,0.0218528852184505,0.00357783809683463,0.0108857075683929,0.0109717733264259,0.0147143468493806,0.0174250952440251,0.0269675761906213,0.000840762121725472,0.00511119343157512,-872.92302657828
64,0.00334575457658491,0.0235325267446046,0.00282298601829186,0.00467179474722105,0.00899729779071894,0.0135709825572597,0.0192398061723102,0.0292180668726849,0.00286813660244288,0.00309877788369453,-873.078661953
65,0.00413170895940912,0.0260228908042099,0.00237484999166349,0.0140834539345967,0.0107518648220613,0.0131233560071094,0.0170649657319629,0.0255717212094539,0.00198365805641648,0.00694226669988577,-871.997545814083
66,0.00348774373911496,0.0246486708440975,0.00315873872463631,0.0110063556254417,0.00793896029416894,0.00933146795941658,0.0171948833595112,0.0130107411503076,0.00229748841692396,0.0055914429441928,-872.948610543066
67,0.00383945025677159,0.0231781336994993,0.00307950229555073,0.00740540793700831,0.0102791883292436,0.014686937831541,0.0192645849974035,0.0331255452594314,0.00196470933732058,0.00162455333068723,-873.847984774661
68,0.00489797233368924,0.0213646632077269,0.00642504652517789,0.00789056473905447,0.00667832398701891,0.0110055217245953,0.0224847301326632,0.0196677278753238,0.00242125864008022,0.0191678462156319,-883.973936816862
69,0.00582164619970239,0.0227709007810049,0.00133525902937327,0.0143976865796755,0.00899925081439131,0.0158496318422913,0.0223893125009146,0.041205702741065,0.00127469624265674,0.0101320712611353,-877.71493123926
70,0.00459636781799794,0.0177811143107002,0.00740064656644455,0.0129932678360139,0.0102978299733377,0.0171491244209532,0.0175940771804954,0.0454963563994329,0.00271002579342275,0.0099397207387066,-881.715626579751
71,0.00167776434795176,0.0198614402342536,0.00647224146525019,0.0118928193176844,0.00935402841214068,0.00558218926660628,0.0197018211872587,0.0424520160446109,0.00130989177350469,0.00758802225090961,-877.73088500417
72,0.0022641705260331,0.0262656767320306,0.00631851431050399,0.0130763903605756,0.0102190644726282,0.00902767861711664,0.02356770943122,0.0278444242783785,0.00220706736040391,0.0032201189011719,-874.385114997987
73,0.00321147737834233,0.0203719164384577,0.00601847137411647,0.0176129648416295,0.00978900889673006,0.00992676814898636,0.017963925822651,0.0198972374005759,0.00164213630639683,0.00569945200936783,-872.292699245195
74,0.00263460078491135,0.0202824689258802,0.000482969372162898,0.0128824096846881,0.00916464369901739,0.00767793860528308,0.0162626268890979,0.027482692173356,0.00138694312939071,0.0120119733844432,-876.17631600054
75,0.00283547811198066,0.0194151542358744,0.00472746592776611,0.0136776189138485,0.0134999898286377,0.00878353136563141,0.0157432903502711,0.0247494414602116,0.00238098851127312,0.00309654307647535,-872.604568885924
76,0.00332580379824106,0.0190891041199485,0.00396141927502632,0.0148579841620528,0.0102556494666643,0.00933646201103022,0.0211409765023371,0.0260443630198847,0.0022367288343213,0.00622783372414985,-872.362635510749
77,0.00324864494059646,0.0246579878440276,0.00488935520264651,0.00914057050741495,0.0109915050096616,0.00705754525525569,0.0194177015113747,0.0287517827535402,0.00168440398992822,0.00364173288569237,-872.245840829521
78,0.00622229898475426,0.0246820276658919,0.00142154861061504,0.00839594986857674,0.0106314910003555,0.0118189875499905,0.0173363772133879,0.0205101789242075,0.00271093286430063,0.00845259390502181,-874.026626187223
79,0.00704892115016963,0.0147405586378786,0.00347582955075971,0.0126652249882657,0.00658108370668479,0.0146252241253854,0.0154080532274828,0.0312709020761216,0.00123585672727393,0.00651503725431401,-877.925874426381
80,0.00941009864911957,0.0200200547901977,0.00231748182035171,0.0177975503521588,0.00889438282169573,0.0149142124733687,0.0137976695770129,0.0293786150320634,0.00270183172361814,0.00681884514213466,-876.307340073214
81,0.0033856702936069,0.0150293025591657,0.00330678552875931,0.012117171314354,0.0117711867853497,0.0151009534207755,0.0229156298496544,0.0271667828821824,0.00191752009801149,0.00397659366321144,-877.090555379215
82,0.00484073155104773,0.0286754458332287,0.000526334677137918,0.0118537196370798,0.0108013514407912,0.0105746182168992,0.0157360909747841,0.02864127276558,0.00240195326562164,0.00384671838940391,-873.24989877853
83,0.00365436669443951,0.0317604198987085,0.00353384399189475,0.0110305698277263,0.0117159586834674,0.00816616187115243,0.0176362743863465,0.0216056424692509,0.00196695139130396,0.00371108427643008,-873.877122061297
84,0.00387272022596919,0.0297606958839612,0.00241596302796503,0.0162218604547781,0.0117747551233039,0.00800630359249161,0.0175300397030851,0.0263119598452778,0.00211531625377668,0.00647826059015727,-873.853776286477
85,0.00378638581580142,0.0178817299574775,0.00889654408108575,0.0190432001220053,0.0115880949300093,0.0114227406960385,0.0159366827115218,0.034902072297694,0.00234769451430966,0.00181457683641994,-876.945366553318
86,0.00554070733429501,0.0242525137482332,0.00157575107940061,0.0186426569314422,0.0106754834504753,0.00908044375095984,0.0173651888152168,0.0211586957668223,0.00241552945047095,0.00715370845880474,-872.725073564949
87,0.00314731383462983,0.0178750118232154,0.0102967610130858,0.0182187867668906,0.00950676035782048,0.0112917859482376,0.0194673422534577,0.0278556533480465,0.00266951325344977,0.00768520064362474,-876.064783629426
88,0.00893002558865144,0.015563002837587,0.000947011505472842,0.013063007542286,0.00936151540169637,0.0110615083426096,0.0200909500489085,0.030760508231522,0.00215651036389705,0.00815038601974889,-875.154333902415
89,0.00666362598900615,0.0168447604687391,0.00238374210454799,0.0116655344190293,0.00977346274660717,0.0118168795761555,0.0218617003629719,0.0313569075699044,0.0061465813690582,0.00245829972279654,-877.782801363342
90,0.00701678109418541,0.0242194978703678,0.00274437237984623,0.0118894317483452,0.0101635056401325,0.012980764999361,0.0218191065844837,0.0298887806766606,0.00460392633895215,0.00168348529971084,-876.242704397735
91,0.00377976196773134,0.0194404390898767,0.00379756206890233,0.010639501518906,0.00754966149913547,0.0116077398671094,0.0167637514530648,0.0158005467900637,0.0015870059490761,0.00849090566377334,-874.050639647739
92,0.00350751217199719,0.0227655333554771,0.00353129630703971,0.0111068724420136,0.00721803827065366,0.00625834446275401,0.0170409453901357,0.0250289242546138,0.00129516333325125,0.00503201894430406,-874.124987528769
93,0.0047007040203211,0.0211897726044747,0.000827167973891707,0.0131976281688282,0.00918161728509936,0.0126503435620328,0.0166340064700867,0.0189429153340175,0.00347954585425581,0.00303465633987029,-871.759740580382
94,0.00409896353808192,0.0162463822746291,0.00566123097373011,0.0111825119635313,0.00966991915296214,0.0110827394463958,0.0118090086333399,0.0214252159582876,0.00173834379385334,0.00146250809850035,-877.018311883789
95,0.00672738261288525,0.0205219768689412,5.38707594773726e-05,0.0198798793179941,0.00814859327403068,0.0103074115714629,0.0169483360449951,0.0271102846793164,0.00444535626904628,0.00590876403271951,-875.916090203134
96,0.0051706159800817,0.020744065792884,0.00449784432365931,0.00968342757187739,0.0120459848935143,0.0103493197963092,0.0169759067704453,0.0258985927561781,0.00130307423616345,0.00736093860941346,-873.156036411972
97,0.00193501711956997,0.0232026277993691,0.00273601393305869,0.0143107222022138,0.0110772923357026,0.00952116977369808,0.0235934349314354,0.0345941672903642,0.00104518564176674,0.00425196421915531,-874.013655929647
98,0.000895132284925843,0.0232684818748442,0.00788062584190337,0.0151791627513937,0.0100552699292137,0.0129243801156834,0.0224320987800956,0.0291656033317476,0.00132771672378033,0.00653242354564832,-876.934835718277
99,0.00266263285313603,0.0224570792847313,0.000633036850599993,0.011755823743311,0.010887679805631,0.00984967949153753,0.018526193501902,0.0187887418328928,0.00152106147599077,0.00576324398388478,-872.23990828274
100,0.00376605549418253,0.0247875369699947,0.00922526383940876,0.00632568595448304,0.00701707798982185,0.00658938204243231,0.0167142644789678,0.0239191832847591,0.00239634915596176,0.00554940109287282,-875.896388186856
101,0.00414960966995133,0.0268255284691865,0.00462827605568203,0.0131049199576087,0.00944521412693821,0.0131337544158592,0.0164579833654699,0.0259117877784125,0.00237563579644116,0.00414734418601119,-871.766420091199
102,0.00415793723200004,0.0254473738222822,0.00558121637151737,0.016556175973398,0.0110707133434158,0.0106509016955876,0.0153830435609434,0.0192276818023366,0.00296348012776441,0.00401537846262116,-872.434988709511
103,0.00251717233739906,0.0193212866456922,0.000549018368594506,0.0159869762423495,0.0069030511274483,0.0150504588973562,0.0168034715027331,0.0256303301795395,0.00313634611834543,0.00640167813972427,-874.803725009801
104,0.00478185416116857,0.014460461291009,0.00465551586153835,0.0188591243157254,0.00789888328941596,0.0130084879730737,0.018293722823048,0.0229109198254264,0.00364913440223145,0.00103617328971778,-876.495421257809
105,0.00800568472894108,0.0232503046662138,0.00147584614691247,0.0126960315925761,0.00941436063461755,0.0156349302328458,0.0184711557674046,0.0251690913891245,0.00253091152609164,0.00410653128758963,-873.365939082825
106,0.00268640455693396,0.0217016962218074,0.00679103798521972,0.0119128883338027,0.00949211971609366,0.0186672250476833,0.0141926124853886,0.0147422058662337,0.00214548998339096,0.00283820772713042,-874.01088801014
107,0.00268872859058485,0.0241621505688337,0.00319486444049531,0.0133306180908256,0.0117102292070872,0.0225710059584859,0.020744219244352,0.0380521265829344,0.00253868229053261,0.00725292461134604,-878.852427197992
108,0.0038336216450952,0.0245336896334578,0.00224228573203078,0.0147525544904158,0.00941574834587679,0.0126349816803608,0.0196699842438975,0.00945135104430758,0.00180807849933562,0.00534522797458547,-874.446136803252
109,0.00321266694119825,0.0259255177605451,0.00583401340680392,0.0146705985869529,0.0101094824452532,0.0153543833186322,0.0176325765100849,0.0239089220607008,0.00229747961263662,0.00200605089288939,-872.819877310793
110,0.00307960804001277,0.0173894049249362,0.00890305830252992,0.00631315591895297,0.0107569402964044,0.0233613829645311,0.0197238078213878,0.0208664127160912,0.00355338676993533,0.00877049239158068,-881.167085339879
111,0.0101194541139864,0.0262902776704316,0.00168928288173511,0.00633136766963548,0.0132842670058323,0.0114244497197477,0.0172400839261746,0.0260527677393299,0.00310032919864655,0.00153648940797276,-879.0689058424
112,0.00110689195613008,0.0274038849177991,0.00415348708979815,0.0175984448652719,0.0118938220943683,0.0101978304075086,0.0132470341659376,0.0242063780047085,0.00245231421987391,0.00806109870901857,-876.700896568569
113,0.00362057807187504,0.029619036210654,0.00669301285122429,0.0110674644641083,0.0131299511637241,0.00771466034638252,0.0198297766492245,0.0242431294540233,0.000402545911532029,0.0059439667048665,-877.627899532052
114,0.00278035595371757,0.0169055883792617,0.00110745810713723,0.0178838321560921,0.00950903449519449,0.00583122205499351,0.017585723980639,0.0257003420058291,0.00274056622486279,0.00232244839090581,-875.411465855892
115,0.00540500475985206,0.0228045367878055,0.00220465953767098,0.0157075251250104,0.0118035916795466,0.00560692707350903,0.0180061201649294,0.0251030933062155,0.00502328605923814,0.00224724311205621,-876.060742441735
116,0.00580110930852305,0.0203437377264498,0.00444256451717037,0.0160780511622297,0.00831377816920991,0.0215862199066298,0.0168526883136669,0.00760671282948075,0.003907196534566,0.00394504960576496,-877.933970122306
117,0.0038717311381344,0.0214755644893542,0.00550653211695181,0.0131331978783945,0.00964973160304101,0.0108275014156743,0.0188097344234569,0.0310083841636932,0.000697554531027541,0.00441690204289054,-873.509469536693
118,0.00419056685407306,0.0233013933032003,0.00889450462658663,0.0255005355355636,0.00888404040108416,0.00995150642320179,0.0177652518801487,0.020111276277447,0.00218192314686381,0.00298079412327201,-875.701513015301
119,0.00386122676724043,0.0245614759868196,0.00845047575534032,0.00478350868086122,0.0119350952017599,0.0187266138684333,0.0179411568724971,0.0352996557335188,0.00189955258398121,0.00399032441606143,-876.964846313962
120,0.00590675738484013,0.0237401853333357,0.00838079793101008,0.0185161655372012,0.00795282997358393,0.0102042055415902,0.0241855801207401,0.0358858027950066,0.00167808127109225,0.00577146868435239,-878.049247890263
121,0.00368650497846201,0.0210873275475615,0.00622219069417846,0.00981471207534059,0.0100939770429651,0.0117347047818699,0.0251324429781625,0.0338353165246809,0.00222267121084658,0.00575913784038601,-875.020223534384
122,0.00392489900073732,0.0280200765005059,0.0084626772482354,0.00732277069362216,0.0101567136336191,0.0130491122210969,0.0202658149723338,0.0286311838123928,0.00161256512916922,0.00164557403159275,-875.027948090929
123,0.00265526999129993,0.0287944915248542,0.0131213469690111,0.00282895179828504,0.011009906906471,0.0127563822612399,0.0160075461583329,0.022227723572236,0.00222513005047786,0.00525277497123125,-874.543523672259
124,0.00395322745947741,0.025541196177284,0.0106430865296041,0.0168373384497186,0.0124787996213173,0.0102909366123248,0.0127472344877711,0.02715154687969,0.00255693973793357,0.00698026726269002,-877.585245012548
125,0.00215200834814604,0.0232169783252752,0.00449019437050139,0.0126171598886589,0.00952959148290893,0.0109409264753421,0.0163771320881865,0.0254707782681477,0.00323922601512487,0.0064794315819644,-872.354407633374
126,0.0040052434163746,0.0326929175148999,0.00536889382371706,0.00473511691774749,0.0104168113643631,0.0119488614005752,0.0206016046020562,0.0238908862359369,0.0017193515628151,0.00367576365048137,-875.225217045141
127,0.0043255779075877,0.0221803373395247,0.00295801968537425,0.00963885534656545,0.00767680623732195,0.0129523517849539,0.0136624971851915,0.0113375077813817,0.00226251024156296,0.00539522611231847,-873.387046884336
128,0.00342508728054248,0.0209589383871643,0.00282081425548688,0.0140868510761593,0.0069408792833706,0.00940263636792989,0.0188456568796386,0.03663117601475,0.00102480298441167,0.00434020830723783,-875.041126187654
129,0.00342491814374701,0.0215695019071564,0.00251066834914281,0.0149066495000205,0.015183202005395,0.00627081624118445,0.0189923623231754,0.0206836697769027,0.00179200891752497,0.00403304572407952,-874.105748864382
130,0.00479995481553889,0.0242034979726965,0.00198320101208196,0.0127473425336485,0.0106303310466032,0.0137534594478202,0.0190652883294958,0.0226539224944988,0.00253089822378608,0.0053109256650033,-871.640926915522
131,0.00282528187290614,0.0267970839008446,0.00255388391463989,0.0152654125768064,0.0090735539486438,0.00846915262258689,0.0131007052326246,0.0192061505925927,0.00203735064044732,0.00414098898364911,-872.131305131702
132,0.00259506446129033,0.0248934642855906,0.00102551197988812,0.0144150037381058,0.0114270252079286,0.00630043011466147,0.0170357116251315,0.0247720521070239,0.000827407675141545,0.0052520767107671,-872.975614825579
133,0.00366563400338422,0.0198456580088251,0.00388060585258517,0.0089826194726982,0.0112598903627131,0.0162817172659474,0.0188202335230909,0.0209107637005405,0.000716577718588602,0.00652736747978961,-875.71589538722
134,0.00398166993762255,0.024699804031557,0.00296398180831202,0.022609049833515,0.00711843606885155,0.0189108301488725,0.0131374208779146,0.0207299758128189,0.00400410710810098,0.00338814577523014,-877.682002922095
135,0.00345233118114645,0.0193287709514577,0.00184689484525018,0.0146219760411401,0.010569291305545,0.0187766765037281,0.0127099786881365,0.0166259292904434,0.00267028120985276,0.00515644549009593,-873.838837205376
136,0.0062648029302039,0.0250041713052504,0.00317130094079,0.007378908352114,0.0108825839888851,0.0204763501129791,0.014126635158502,0.0170084012840132,0.00317642651517362,0.00091406818369587,-877.945866861722
137,0.00378680601237818,0.0270228150842419,0.00384044616818504,0.00500943721615897,0.0101081340666661,0.0170390747918922,0.0174673812198317,0.0217493055818377,0.00157615483758685,0.0123495112392503,-876.828824927077
138,0.00350521267911404,0.0221640368480395,0.00325102198016427,0.018910417525745,0.0101717604798483,0.00986979016681746,0.0170956412295118,0.0239073422520437,0.00151831392140617,0.00772133443438927,-871.850010127761
139,0.00331176431392324,0.0203818773998042,0.00228351137411164,0.0173685919366616,0.00863135634974083,0.00916111850007147,0.0171509355774998,0.0254187657664182,0.00280763851150299,0.00123808785073755,-873.190167760362
140,0.00415304583816917,0.0224706257719954,0.0018501962516816,0.00562532182998993,0.0105203503610688,0.0161805612423695,0.0139333536911571,0.0013570970742073,0.00226180976193579,0.00419706676214016,-877.723456838365
141,0.00307258287261029,0.017648664022163,0.00580406497457069,0.0124330637454436,0.0120129653862569,0.00233599518636758,0.0138845187142367,0.00965041113806614,0.00180821620948029,0.00928706211507482,-881.659632694059
142,0.00779716829999775,0.0167524306334643,0.005884093428729,0.0119740042923066,0.00890216162776796,0.0307108137422138,0.0158555636945919,0.0238211463130338,0.00318065393589195,0.00576606947691105,-881.542593098256
143,0.00563445257160008,0.0191593091183296,0.00439483647477036,0.0154331964789259,0.00909280366509948,0.0144590319954725,0.0139646810039599,0.0227000252969975,0.00263127705452498,0.00206337913396329,-872.669271745277
144,0.0059066505358177,0.0205884504117173,0.00233214131123841,0.0148266697224717,0.0110961113911219,0.0129217272608662,0.0173862317826394,0.0179081283823296,0.00303625641284451,0.00651921023554243,-872.544416173783
145,0.00321288814229203,0.0220719077106856,0.000970470852393217,0.0194486437823167,0.0108755958657397,0.0108448436823788,0.0114417060640634,0.0162695390374725,0.00144241295334861,0.00575456435279659,-873.779057985832
146,0.00302942175522311,0.0230536671364543,0.00471612563817514,0.0172130831724614,0.0128194194176291,0.00979484251300664,0.0171975611794655,0.0355113843711659,0.00206303750414048,0.00707411189706565,-874.088349372424
147,0.00348846699256447,0.0198809292544656,0.00731143140251557,0.0124023683312658,0.00847881442004671,0.00771354503624,0.0244826744960539,0.0325308430107109,0.00216837538110578,0.00589060648554762,-875.905564442419
148,0.00364671093666602,0.0260871510357862,0.00821211982115545,0.0133647091096288,0.00904171480366059,0.00701132800964392,0.0244737248085318,0.0336302271167175,0.00329166262698806,0.00284181348005131,-877.235305926403
149,0.00315943823052761,0.0226975568703269,0.00627297992269218,0.0146121874161138,0.0121723399121159,0.011421212502246,0.0140457302856822,0.0288553714598334,0.00116547084319376,0.00562126858325999,-873.429794027612
150,0.00310965780657035,0.0189555795591418,0.00493794806059422,0.0143887275882001,0.0119733274070526,0.0110367229582947,0.0134787568677584,0.032773568847356,0.00160272295797134,0.00835217272897394,-875.305338778118
151,0.00463431475617157,0.0268838183242199,0.00196284186303557,0.018510482682098,0.00956629832649393,0.00768892704194009,0.0306356652659153,0.0537947143596436,0.00103764648817339,0.00796633161159802,-882.384993954702
152,0.00386679960436656,0.016549784656149,0.00371787677646176,0.0128195176782395,0.0116502156424314,0.00967515712861144,0.0281186693736099,0.0200852994348533,0.00268902626222032,0.00593168194825097,-880.849996383345
153,0.00354298676081526,0.0184006260789812,0.00354192374326686,0.017607068815071,0.00947793358160607,0.0077906233771737,0.0100164658514948,0.0267673085713891,0.00313123938682008,0.00356877776742051,-876.567393692147
154,0.00361063344008666,0.0236426260536504,0.00166943353280584,0.00973158251078442,0.00906012826025888,0.0139557274964038,0.0135782090095296,0.0179575869102436,0.00106712962150734,0.00394408996432917,-872.614291395453
155,0.00871648860651035,0.0176466780727755,0.00214183960726397,0.0164491778418809,0.00768699891451952,0.0201472649528,0.0159333655721046,0.0289868619614348,0.00174622747788025,0.00560135395834234,-876.251259089906
156,0.00949655198085815,0.014855661175462,0.0010070085941542,0.0175730372766116,0.00953280259983045,0.0165564111865904,0.0219553550802885,0.0285170483214887,0.00171448522584174,0.00577470957236199,-876.59530021478
157,0.00710267088536155,0.0254911626169352,0.00137199374553851,0.0117086765263623,0.00897882950196451,0.00840355562900408,0.017760166565745,0.031279372225499,0.00183484148572209,0.00520747135439248,-873.457366180884
158,0.00549947086842054,0.0239174255788365,0.000920559896791055,0.0163994919670087,0.0146810600128381,0.005321671486297,0.0129997975776776,0.0184348320004604,0.00129721858178855,0.00745375343788798,-876.571859392755
159,0.00582065774629487,0.0240609813392164,0.00367965237263364,0.00970518224257151,0.0108183067762638,0.00987829903381773,0.0141684695047414,0.0195619742507355,0.00195465429765878,0.0033395295557593,-872.078007874254
160,0.00805035919838712,0.0249814532243811,0.00259960781580472,0.0107859176594314,0.0132523048517585,0.00777749246774508,0.0119595367308137,0.023356497448693,0.00333151248174192,0.00239848158985843,-876.817652529896
161,0.0014180511235976,0.0216552901296663,0.00682461855780092,0.0140854159125708,0.00866713448936853,0.0161983696171986,0.0124619679887054,0.0161251813500779,0.00386307923393107,0.00188551679376354,-876.900267030009
162,0.0105980810500403,0.0149004617704064,0.00602903093266317,0.0128406154981412,0.00861197693121555,0.0114770784870558,0.0149092695997266,0.0186331274873097,0.00295455604498516,0.00285985439338749,-875.767429360636
163,0.0100158085124102,0.0247661022755289,0.00263514998899424,0.00904499721919276,0.00958356353421965,0.0104013626872589,0.0171908809355011,0.029464466781506,0.00233223724480047,0.00357142679553729,-875.087935403754
164,0.00678719879125483,0.0234087466290507,0.00516584649427793,0.00874601886331199,0.00992641802665447,0.013742702300188,0.0167934232320491,0.0221953188777976,0.00255083657588542,0.00398388791256303,-872.938191690593
165,0.00538470678956135,0.0147389269941935,0.000200262225794947,0.014168657492989,0.0090024808819662,0.0145986413096246,0.0187115076129112,0.028781491003824,0.00473116224310064,0.00752613832015069,-877.409742544939
166,0.00730265097200048,0.02313675545397,6.75060644654081e-06,0.0159831330542341,0.00895675920832164,0.0109200815334276,0.0163117959641886,0.0284333763930191,0.00111825562581376,0.00742565734768134,-874.854836974159
167,0.00456401711460199,0.0246688930785284,0.00219946878839394,0.0102672711594512,0.0112924386938364,0.00714355482124842,0.0184495784869481,0.0352539688114404,0.000761926484430649,0.00366976535687641,-874.232300885402
168,0.0045482291505738,0.0235210560750594,0.0038807123580967,0.0168379611197136,0.0118425551951765,0.00767668546629681,0.0248579614397254,0.0311759314453909,0.00190241712053054,0.00413071618115946,-874.556396382516
169,0.00326653569100444,0.0247133335990373,0.00753135730991685,0.01801894749307,0.00930832792046437,0.00868717424384548,0.0236765911320953,0.0253065325891273,0.0026019651878,0.00108309708444375,-877.528674993668
170,0.00268689914945098,0.0210010302151819,0.0102305073683856,0.0180695454209892,0.0104710035060605,0.00924011932239858,0.0155631042644955,0.0235402153212715,0.00249277795425421,0.00933160172905488,-875.895760638985
171,0.00203949773566474,0.0204356795620255,0.00256237001609235,0.0138429006649768,0.010521328653406,0.0113138228582509,0.0176106031819049,0.0241025927447032,0.00187682067699726,0.00881214993660813,-872.641547932163
172,0.00140990364330497,0.0212591914221247,0.00234562166457419,0.0161398230206232,0.010078726147896,0.00892512533803008,0.0185273712320263,0.0137460380000875,0.00260796957380928,0.00115803715073791,-876.472091432712
173,0.0065217887373098,0.0274630578044485,0.00391101683364701,0.0163303397377326,0.00658947411394265,0.0204032452086093,0.0138362120990763,0.015902877478776,0.00236046885306334,0.00415258253808975,-878.255198671302
174,0.00142716805494075,0.0256139452233369,0.00126590985465374,0.00631508658807337,0.00675202232425403,0.0139879002864287,0.0186737989450408,0.01926220812759,0.00207561989863486,0.00478285746854662,-875.926806783048
175,0.00875704222249325,0.0236783756652918,0.00217007930066557,0.0128325697450696,0.00998934664556072,0.00668619855163929,0.0177479567695911,0.0162402770142077,0.00226988203877156,0.00634605672101994,-874.968013404803
176,0.00153870853639388,0.0231063270683793,0.00732105984745816,0.00960231142764954,0.011262490380002,0.0071213448829536,0.0143413635032277,0.0356986111902188,0.00230186099925348,0.00726038350790675,-876.56906462984
177,0.00293685093456021,0.0243211435146737,0.0073860128861477,0.00857565024145195,0.0127747688381066,0.00525076913606104,0.02109228282639,0.0376768255086722,0.00259054682512688,0.00238211822654832,-876.350312096551
178,0.00288190235623538,0.0243513089328792,0.00160320820278751,0.0133449444097512,0.0116253710001412,0.0081432124249631,0.0236233315351079,0.0284425169710222,0.00277312358292543,0.0072379055035708,-874.364938603503
179,0.00754390758966414,0.0141231995393775,0.00155405283433596,0.00887500257946092,0.0120786964815315,0.011957257033991,0.0175573392805849,0.00438393357307605,0.00258172723189944,0.00756471367233394,-880.526875152744
180,0.00340390020736602,0.0214276570398292,0.00390824404955902,0.0109931815869381,0.0075375802663439,0.00529381270130396,0.0133661131410231,0.0277549583938562,0.00150904717845167,0.00167514120860637,-878.248869232094
181,0.00406697988389432,0.0230791367642398,0.00227778807451164,0.014943268032538,0.0108116321723512,0.0194911692581856,0.0148417974167664,0.0179346746284363,0.00134617543055649,0.00191846837744425,-874.287008181507
182,0.00990701757211135,0.0169735037352249,0.00199668202360602,0.0109510830830874,0.00705479753788309,0.0125263358312971,0.0167631104923302,0.0244624691927805,0.00494130365993947,0.00494726199341259,-876.946305163231
183,0.0111291377520492,0.0186556936982099,0.00450345258194753,0.0102970593702072,0.00929311051544818,0.00604504474449194,0.0184150488991817,0.0142431082342452,0.00159880578204525,0.0108165921997933,-879.17757971835
184,0.00576308374841223,0.0226039482849182,0.00331018867991479,0.0126791953566891,0.0103169008251896,0.00497872568648516,0.0167842761185283,0.0291295652401616,0.00341387094792133,0.00265576104994691,-874.752936502676
185,0.00269255911072594,0.0199996371255576,0.00098531712824109,0.0134593573510255,0.0106008924935241,0.00762206815120503,0.0222634820821948,0.0320199543897228,0.00125592417101246,0.00616761743184023,-873.596707902109
186,0.00383759083849789,0.0188474937473811,0.00252452358025637,0.0152025202373642,0.0123202638140218,0.0133357066614554,0.0205476467500638,0.0218267158122369,0.00110963204627084,0.00394804681598998,-874.046600211939
187,0.00646905675861721,0.0255650016612875,0.0075866044788248,0.00403233070928466,0.00907318686800812,0.0193979479433706,0.0210647492009305,0.0224930955221614,0.00326916457440864,0.00604029299234984,-877.509606942374
188,0.00545351576093769,0.0234241737103684,0.00268507159479414,0.0154839737661627,0.00732981066446959,0.00869140346216118,0.0136556083923685,0.026893572562538,0.000601150827275658,0.00430742599145353,-875.544584055115
189,0.00235981860841953,0.0269085233103711,0.00220405644652742,0.0143758676856776,0.014607213212621,0.00965806927273112,0.0255678187057948,0.028497970865573,0.00214395123116487,0.00480440264688088,-876.994078418533
190,0.00428433590947894,0.0176603772693562,0.00123465250432525,0.0180907174456664,0.0147009172950743,0.0112126659992661,0.0207573877539607,0.0262828288372231,0.0022422624303298,0.0049304546982945,-874.986699252094
191,0.00662357563440293,0.0226905201312804,0.00390805776102267,0.00625821756302653,0.00780098219940911,0.0113484366867916,0.0202757233105321,0.02450302782932,0.00192072875110516,0.00369786058504187,-874.243128628934
192,0.00149504529624574,0.0283892991464559,0.00483863530176059,0.0153988017339131,0.00703145671893729,0.011135764948266,0.0119624881793213,0.0218333712171072,0.00214657491413247,0.00410090338210848,-876.318230184884
193,0.00598443761368452,0.0282802891961461,0.0010892358460223,0.0136863578963278,0.0116217660841429,0.00885837914450119,0.0196403265234577,0.0251657282443334,0.00194878521650519,0.00290821409706608,-873.708950141837
194,0.00546726723809263,0.0188348919780019,0.00478388182228141,0.0121634694896854,0.012154285982303,0.00844788245186455,0.0187946903907004,0.0289806210314416,0.00218962408723033,0.0043802421654686,-872.639027187827
195,0.00255567203688556,0.0286179697861909,0.00565869191666117,0.00436287562151698,0.00830902462354298,0.00713136241238272,0.0234627055920579,0.0468038632977879,0.00292836865223457,0.00464844130105543,-878.47049257969
196,0.00433266527761252,0.0178367765238979,0.00825891063399332,0.0210334135271022,0.00827491948434437,0.0114222001774165,0.020538963902063,0.0315520473032456,0.00422021696166515,0.00280404174727022,-876.846150492872
197,0.00548120925919586,0.0226448985679245,0.00134024457283619,0.01645048771495,0.0101094063821194,0.0111922716881577,0.019767355293005,0.0225506777551137,0.00279063733629433,0.00691271535512114,-872.606503415296
198,0.00282244101533999,0.0243786841577236,0.000961096365094006,0.0100261983460227,0.0117635357042941,0.0095112308559568,0.0184739794018102,0.0250500784548526,0.00225995666763959,0.00692991163404741,-872.268989841132
199,0.00312616074513038,0.02706113456583,0.00432544998464106,0.0185507984777434,0.0139289103903272,0.0124305745049911,0.0148888102916973,0.0211674325704294,0.00218678155820682,0.00131448988177987,-875.786325805773
200,0.0038898298703631,0.0246319573443264,0.000957640696688534,0.0109440262297837,0.0140008635227263,0.0140845378106034,0.0164275621152225,0.0268411123154518,0.00238692378155525,0.00277317968300397,-873.996668044323
201,0.00342239193984457,0.0244256538763165,0.00178612322390466,0.0106481025817611,0.00672432555646777,0.0103272946602504,0.0181955158281066,0.0254361414538417,0.00300015572733893,0.00287705106232916,-873.127934059133
202,0.0033820575261491,0.0258263381441696,0.00957002422698458,0.00550546663023278,0.0109162593975397,0.00797821330807229,0.0168266875682246,0.0265968413669373,0.0011619744733812,0.00375241364119634,-873.576336915104
203,0.00316488484773764,0.0226439436101066,0.00896988202520002,0.00494743043994414,0.0125477947691046,0.00833398038771764,0.0166687541955419,0.0304655877308152,0.00232543928914841,0.00621417967272759,-874.121387745498
204,0.00471500547972111,0.0257828117474004,0.00129894267301349,0.00562198629343878,0.00999796236092842,0.0132813144485275,0.0165393488217548,0.0193737713874748,0.00123782378041839,0.0059789852397371,-873.480971660062
205,0.00288207247860289,0.0258553060915675,0.00449686985997418,0.0126314327210241,0.00905758539174229,0.00974322814745111,0.016495898216399,0.0218574506734935,0.00308539527569224,0.00420405414090573,-871.632470387697
206,0.00357111703836965,0.0278778686598026,0.000907584409613254,0.0109496766604724,0.00950874762078021,0.0131775836960505,0.0199919431507914,0.0317961337494693,0.0029827398283796,0.00426424779511715,-873.445043997879
207,0.00590526853095104,0.0216276291097348,0.00260783340579833,0.0112808731582062,0.0115295128857809,0.0183495185302829,0.0202015166457088,0.0251682283605829,0.00336995937051454,0.00423649162613664,-874.662556166762
208,0.00616859197214297,0.0223085931402445,0.0045324974068985,0.012236135864182,0.0133973404199289,0.0181165926562628,0.0210362409255205,0.0207277453233617,0.00224695072337419,0.00270801786322001,-876.817505700053
209,0.00282096657483512,0.0215313601929964,0.00340252385883966,0.0240909955541312,0.0111924437106703,0.0191180450112668,0.0164052327502469,0.014917855068515,0.00219271245712377,0.00211415941456602,-876.0092286605
210,0.00249053048735377,0.020007788350327,0.00320021855336463,0.0200515223022663,0.00773859569355577,0.015629333773401,0.0142050055689664,0.0199687815509541,0.00379580417942417,0.00195979820817645,-874.525465594469
211,0.00294987854631949,0.0270768342061632,0.00131280199160876,0.00532283700132004,0.0101372102551751,0.0144698732993164,0.0152386504977901,0.0244519421859892,0.00242832323058329,0.00251790451793366,-873.790534013303
212,0.00502640223206439,0.0229250643142796,0.0094259610590627,0.0200082708265614,0.00934416053257757,0.0140680007868442,0.0212959026959038,0.0271846899554949,0.00239291476330977,0.0086536463414197,-877.733177498937
213,0.00432355091668035,0.0193504078204433,0.0054923829147694,0.024485016034546,0.0104093616536784,0.00663740394967453,0.0168782660260569,0.0234182673333079,0.00221348062240636,0.00408129953148934,-874.086642936917
214,0.00345680524071483,0.0165475126585992,0.00506309182857678,0.0223310570875907,0.0128388863690505,0.0125908939659568,0.0159983249381612,0.0150546773823838,0.00263922975435212,0.00292971489972131,-875.725616924852
215,0.0027898538750372,0.025271167830301,0.00231818067416017,0.0110226702302007,0.0118966193724991,0.0156046789380752,0.0140008431536951,0.0223482148138025,0.00142979097863568,0.00228545748807905,-873.320879711224
216,0.00318045640225722,0.0210754424710482,0.00175185930897135,0.0109992884819453,0.0103910622265692,0.0115325795158987,0.0164729058961713,0.0160296735530096,0.00152694943041426,0.00675589217604414,-871.800528835155
217,0.00386106485951033,0.0214083518911082,0.00302924514117875,0.0113729697766461,0.0123668223836495,0.0119407424521153,0.0141499940214884,0.0298121266678144,0.00172276934406586,0.0038706969591668,-872.560938054682
218,0.00314511727361608,0.024283258699933,0.00157822566161474,0.0132684570316499,0.0105384362868963,0.0107827341459706,0.021776224630578,0.0320198561494752,0.00234624677574736,0.00465044052763802,-871.989427101858
219,0.00411893429161394,0.0170368626470741,0.00900461533780208,0.0119787361815918,0.0100842709247943,0.0075075125261682,0.0163430489549936,0.0343237705870539,0.00302246692097628,0.00514455658363956,-876.173016165276
220,0.00363693585000937,0.0266372029475398,0.00183264816692538,0.0103423782394707,0.0100417428124649,0.00934682750219693,0.0204646093118672,0.0164011529008651,0.00291705159932062,0.0036977435981948,-873.5905941463
221,0.00430497409952873,0.0202483163542696,0.00450501648588995,0.0148932847650926,0.00901622388622808,0.0125416194917966,0.0182508259358269,0.0280308339719884,0.00192059473559944,0.0060201774462151,-871.729019436833
222,0.00192217708585785,0.0236435298275795,0.00091875326635415,0.0195291162058154,0.0108728566174392,0.00707873301059982,0.0155591503359197,0.0239798155053913,0.00169350386595274,0.00916544594120116,-874.63703109658
223,0.00418253654373304,0.0208766561657331,0.00203249667955425,0.0133500215873038,0.0134307063886032,0.0107525635468985,0.0176641499559473,0.0190489512154111,0.0020258640983178,0.00628837407158304,-872.463078509287
224,0.00355687336535711,0.0222054401153773,0.00119208111080092,0.0108656518595976,0.00672198771127077,0.012421984358475,0.0152017388262447,0.0187740221928391,0.00218749064483168,0.00794587673851642,-873.769163947004
225,0.00354587571912737,0.0210144763612732,0.00230219897566553,0.0173157951345373,0.0081935607364997,0.0186048908127919,0.0136433213195142,0.0143383458840796,0.00140739799294869,0.00529358175936746,-874.000836073515
226,0.00400851769009537,0.0242592673924331,0.00176439722112073,0.015330327983039,0.00817717865110087,0.011350468948,0.0132571909734257,0.013588121647035,0.0012705318263544,0.00317172281273812,-873.273920993129
227,0.00285735762168612,0.0197487598946547,0.00138809737742876,0.00876754993978744,0.0114096006030014,0.0122176033356373,0.0147131941139808,0.0235058628851356,0.00369677930765927,0.00413926363052692,-873.38910420271
228,0.00444761103480666,0.0194508662533658,0.000879736777192942,0.00948505317472858,0.0124096261342314,0.0106004533664775,0.0184250757828464,0.0241277435663481,0.00393447197876114,0.00276403282188424,-874.190979525473
229,0.00546051280989511,0.0240358509621137,0.00173857680542755,0.00968191130507138,0.00841580857279087,0.00666669286202386,0.0155658457989,0.0171426382108337,0.00179533815300974,0.00772849620562773,-874.044431094879
230,0.00568171196256328,0.0165526682336366,0.00635498047520056,0.0135439138267569,0.00790230614507141,0.0109640914872433,0.0175242393908547,0.0142490356376204,0.00249781014504368,0.00762308567193318,-875.366546860613
231,0.0059355858640286,0.0170421121993395,0.00120186592940481,0.0169349075134782,0.0098382451712857,0.0071139452239365,0.0139876776467016,0.0167043006063705,0.00420818878520416,0.00360436608070854,-874.437692581036
232,0.00538944904118886,0.0230909539127946,0.00358082309110442,0.0175461996257223,0.0115309123163874,0.0125958244548964,0.0171539823586581,0.0155648390116517,0.00388718797967797,0.00253693354120282,-874.089225188046
233,0.00270459452332845,0.0174874427411923,0.00331298068076693,0.0149282093657876,0.00878353028247842,0.0136284720912869,0.017787106065476,0.0263083200675661,0.00283767624903957,0.00444399652516824,-872.385382847046
234,0.00557298283909708,0.0196337163398051,0.00286515948269594,0.0136210917292232,0.0112987548877299,0.0110932674769782,0.0174772884100212,0.0188681736351341,0.00265333444034069,0.00208801611405705,-872.079947446509
235,0.0045391638121085,0.0205649804405991,0.00292357882632362,0.0127144006533799,0.00792079119984714,0.0137219656713347,0.0131981094790453,0.0147160618684372,0.00277911556453625,0.00788280452874255,-873.795659631136
236,0.00313074353619923,0.0212713275979782,0.00187355812335516,0.0139406982790197,0.00822162491571934,0.0139027425775807,0.0187902946152869,0.023436213280717,0.00239720016980099,0.00877527645504762,-872.936169443347
237,0.0056512317957448,0.0220403472131361,0.00317454069978206,0.00682368560378474,0.0152091313708197,0.0048826757014664,0.0169140147664942,0.0246036478665044,0.00434042554359899,0.0024264755200882,-878.964228352808
238,0.00323738853850092,0.027171513799416,0.00942049555859259,0.000816681695178492,0.00861546006763832,0.0120813282290738,0.0135292294151811,0.0168170360419204,0.00446670942796288,0.00437512884370601,-876.162294686213
239,0.00284830597667791,0.0216659330389212,0.01280158090223,0.00649240674008292,0.0122002775150738,0.00840529191795033,0.0192062623553546,0.0268968256782452,0.00187400377348261,0.00353093493432256,-874.273573888572
240,0.00287755696137397,0.0279130039894005,0.00561630056134742,0.00606786099455943,0.0120795050681355,0.0116904408898487,0.0199646533765452,0.0213938234584209,0.00192122041743851,0.00380045396945463,-873.559959431955
241,0.00438495432943862,0.021240629300243,0.0048291665551525,0.0105089552882336,0.011590208728159,0.0120135358693319,0.0169309717386882,0.0207905393815697,0.00295456676710743,0.00284480056063288,-871.917201325541
242,0.0033534412369717,0.0211794700694967,0.0072423865144574,0.0147817147155523,0.0112512679724998,0.00939988258952862,0.0172903586687657,0.0317828738898502,0.00149025795687794,0.0144033276166719,-877.941151742492
243,0.00336305897203836,0.0178394047913078,0.00837353076748438,0.0115552639657766,0.00717903308317008,0.0179650669022007,0.0201417767632138,0.00285546794096757,0.00242138570098207,0.0125861729972153,-883.946290756542
244,0.00246214183239566,0.0178114452043561,0.000168711251443184,0.00959362216203842,0.00769915812100872,0.0138088608509699,0.0183970475378098,0.0317210662274676,0.00133112213001937,0.01148403340587,-879.747342206035
245,0.00396908502699984,0.0181779350777898,0.00802380856697288,0.0142343823854869,0.0104701357282883,0.0199080185460037,0.0189754217715958,0.0289186262521789,0.00228634506056446,0.000392241929983153,-880.106468748283
246,0.00368555475043863,0.0230667620327841,0.00244231140829585,0.012823976373358,0.0087295096569658,0.0189311262199206,0.0221985121705211,0.0361814048209666,0.00251108919688447,0.00962446844567848,-877.053751430258
247,0.00616155285194785,0.0180332051750441,0.00402804364958613,0.0142535135726368,0.00706202947194421,0.0067691638190668,0.0206720957970133,0.0329316360053968,0.00224267389372861,0.00210837729142089,-877.249280182582
248,0.00927894167376107,0.0124252657408112,0.00122947372675677,0.0143882968137764,0.0144027107504872,0.017079991202026,0.0165301001490108,0.0379339755956453,0.00464713480699437,0.00447317822535167,-884.216535778969
249,0.00563480662157426,0.0134685874304128,0.0015333279395871,0.0154429154543536,0.00703914835674536,0.00902070937949676,0.0211253698915758,0.029148057789904,0.00591657615724449,0.00283209498099966,-880.035245937239
250,0.00456130758681695,0.0165649509082783,0.00123213962169736,0.0134484352711773,0.0149188292996534,0.0103508773024394,0.0196726022882209,0.0192739822271526,0.00421808987911868,0.00572361705309358,-877.381768456873
251,0.010891634547748,0.0176694761375222,0.00119765449487924,0.0164340325760723,0.0112099183978707,0.0143025484195551,0.0141787246858097,0.0176239650109529,0.00371332251850595,0.00608964144080182,-876.153970809103
252,0.00820192313130319,0.0191235868888406,0.00109378369213089,0.0127950985580561,0.0108299444809883,0.0120523877233342,0.017459604946969,0.0265056162414819,0.00484825198828794,0.00410005638039243,-874.625611781134
253,0.002914216455006,0.0258264609865177,0.00160400857945023,0.0129730639363248,0.00887395285143651,0.0107789249390999,0.0155953258944671,0.0243515839871983,0.00466499186200055,0.00425707600229594,-873.375638751399
254,0.00390548667958036,0.0247703013513873,0.00157633887697471,0.0167723791085226,0.00818401149102549,0.00678980269076616,0.0176697609589937,0.0283031002523412,0.00258465595578228,0.00866102235398633,-874.532846812338
255,0.00358007535604805,0.0179542561823038,0.00177807922739445,0.0113695347165693,0.0109328930012974,0.00692835653023349,0.0176604999960262,0.0235622099524997,0.00260905888427946,0.00721540787164374,-872.927343845128
256,0.00438052412289331,0.0184515009084503,0.00106182083139732,0.0202236242498968,0.0105348282891231,0.0127966811448355,0.0189614822845617,0.0305711279727763,0.00277988739285092,0.00838038497163143,-874.213360934765
257,0.00401578444342457,0.0218801197153499,0.00542422567368173,0.0173161285385594,0.00947701571655418,0.0120406257979497,0.0218493377780954,0.0274228270829466,0.00180913479681755,0.00667103977102319,-873.451656964263
258,0.00370811982795291,0.0197188576282987,0.00598949859130686,0.0173980185273578,0.0118135456728883,0.00713054413139245,0.0147895647756496,0.0292461402411617,0.0012263774873221,0.00456253549660129,-873.305612328093
259,0.00359618777250271,0.019042190218146,0.00640150747317209,0.0137725994539437,0.00957132288952269,0.012085876128714,0.0148477559440031,0.0243043113683076,0.00296012286092995,0.00504643739663263,-872.430706881805
260,0.0030367572919593,0.0250799222267146,0.00322742195044806,0.00938013586251076,0.00945539972540815,0.0116983518757592,0.0140131210271979,0.0188069119028106,0.00164501426898944,0.00335646704787704,-871.448820427458
261,0.0024313414813279,0.0210855075979114,0.00624216915705879,0.0208442200396936,0.00938257155987653,0.013367030365696,0.0150712554915502,0.0216293088649391,0.00211316436958161,0.00200055353869712,-873.281700949676
262,0.00196430342746803,0.0268435572768402,0.00214582267139131,0.00780112002541099,0.00772109119254745,0.0113805713400237,0.0115709906899428,0.0154810584228933,0.00270332539147482,0.00639679938888881,-876.50226452105
263,0.00512087248160408,0.0185941167705117,0.0020286882080999,0.0245056081166895,0.0130884528860952,0.0149470773389995,0.0186698637855569,0.0320574468716074,0.00102250803011967,0.00650274194257247,-876.972741289708
264,0.00109445873260094,0.0203851278516767,0.00481040566266911,0.0224494749376037,0.0117887502504249,0.00961854395822264,0.0225130535269123,0.036367320243552,0.00137584545908742,0.00517299036787919,-876.672402700996
265,0.00370879120513977,0.0223496213603569,0.00558219738601859,0.0145866310286768,0.00961160608466899,0.014338887630976,0.0200904977106237,0.0279094780725159,0.00253074298053776,0.00214170444449298,-872.552506107423
266,0.00400568526936938,0.0225010587752685,0.00218975814163285,0.00809810785960675,0.00918930636347942,0.0131553456654366,0.0179785395087777,0.0297975203268224,0.00198012939703257,0.00633711786422799,-872.124510897067
267,0.00565220039818148,0.0216847727906681,0.00343642984202503,0.0151950765217102,0.00754653666722487,0.0103738067149342,0.02318304323638,0.0314410153369411,0.00181918095695799,0.00582802640954967,-874.549663342991
268,0.00503367534002293,0.0210294159192767,0.00519850873155382,0.0177180148711757,0.0146179867577827,0.00606126326492435,0.013245445509385,0.0331371228680808,0.00140260129072577,0.00492059292737221,-876.619352203186
269,0.00474684543826431,0.0178450055550591,0.00167638882370792,0.0171237541622339,0.0114787309796463,0.00789075450384571,0.015002836960209,0.0284226775869307,0.00322276023534087,0.00395869397698191,-872.906258309313
270,0.00289619308530139,0.0296740605984113,0.000747863455730122,0.0127630666196538,0.0116454167184603,0.0149844496381065,0.0154892581770255,0.0144825019236769,0.0034398403120803,0.00660745716835913,-877.129163659018
271,0.00213919701629682,0.0172563111324333,0.00117320515617073,0.0142220409195676,0.0109646338996934,0.00867345150734886,0.0152691986349196,0.0201167888993743,0.00391095410375702,0.00569123820327518,-874.2928323233
272,0.00719237842249378,0.0315962803027775,0.000627748630349387,0.0106035017137078,0.0125221885749608,0.0108065498658461,0.0184109547059635,0.0299562000856222,0.000475664040745961,0.00656315706892813,-878.701031254987
273,0.00762091255533233,0.0287749667690416,0.00119283872184201,0.0137938303927929,0.0109369292401445,0.0138880688959896,0.0213212093211354,0.0348083152730645,0.00126643644824272,0.00352208116267058,-877.026221899396
274,0.0029312639450647,0.0172719038566254,0.00293726851638736,0.0162373478800199,0.00815060597035768,0.0108834506886246,0.020016097791573,0.0319013213629245,0.000527534588085106,0.00814640953477276,-876.058900992049
275,0.0050408633657667,0.0222773493211021,0.00243811555138363,0.0220161866939192,0.0127560669022295,0.0133756791151104,0.0208465417821561,0.0362585981657944,0.000710017396896714,0.00354261541761654,-877.218692319842
276,0.0031949130726782,0.0207379878565769,0.00271028784736172,0.0179368740343674,0.0113004699703903,0.00964383007077898,0.0199381735535577,0.02407792238594,0.00287663498019968,0.00469277374239253,-871.797670118065
277,0.00540430909010142,0.0207039310199833,0.00430059247234936,0.0126038411542388,0.00790530220140078,0.0108412405664263,0.0194484550807676,0.0257439264979701,0.00189345513560829,0.00369519810292951,-872.354734544056
278,0.00421507515785265,0.0213835963753659,0.00638142379035492,0.0123439446064335,0.0117279327049732,0.00676464842323835,0.0145990440282036,0.0210749235666922,0.00236544738642646,0.00929471715126902,-874.290406397456
279,0.00965784369273022,0.0147960262819491,0.00593267251602674,0.0144667190509569,0.0136590769333148,0.00639661759867927,0.0178945302839203,0.0245403833869894,0.00289207002897227,0.00871901159613559,-878.446231124452
280,0.00978451977093977,0.0161490517204638,0.000267823337778212,0.0126866864381365,0.0136596950554336,0.00968927494464177,0.0215772141955236,0.0313754839991945,0.00294873699065125,0.00993073607239686,-879.476654251019
281,0.00570871739870254,0.0268115785653943,0.000485739120611671,0.0100390244215732,0.00778098374852253,0.014787550743627,0.0174761052583772,0.0373557611253352,0.000486996838191513,0.00796395616267197,-878.728573494065
282,0.00464230036003458,0.0224550842862339,0.00419917330889649,0.0115669211025143,0.00992439265792525,0.00649074751764665,0.0186918123195788,0.0347653597216789,0.00183469932103124,0.00563011368682056,-873.092145662156
283,0.00500977252078642,0.0274908007164097,0.00219525283412547,0.0212183560120705,0.0121654816859435,0.00675036593248762,0.0177515707134173,0.0170742679660813,0.00178939045918251,0.00424947230297646,-875.645834647282
284,0.00530682555141569,0.0278963239890432,0.00355567699435174,0.0103468800272715,0.00949725556419951,0.00965300958447229,0.0131823593786825,0.0236093798899855,0.00223266760242501,0.00495963604066631,-872.938326921631
285,0.0050663443391734,0.0196651196040556,0.00171776972258203,0.0164917888883892,0.0101795987472135,0.0142042720807631,0.0150231718042179,0.0232187590485396,0.00463486553459903,0.00151328235174526,-874.030182799172
286,0.00293886806959372,0.0247924975615652,0.00178190863320284,0.0092822247926273,0.0101712556227164,0.00842449114892896,0.0216559983334063,0.0266244604737528,0.00288593788469895,0.00415199832079284,-872.460444709171
287,0.00210681492720848,0.0223597622710707,0.00358646571844359,0.0138702411561925,0.0103022079114325,0.0080883742881214,0.0211264635822732,0.0339103950002962,0.00240741127428317,0.00712435997877498,-873.265234380565
288,0.00313524639822251,0.0228325946650438,0.00588790902749933,0.00512283357247721,0.00820125075737497,0.00248937837420127,0.0227455921031761,0.0382318242488977,0.00159513078359918,0.00654388371991099,-880.17212980055
289,0.00385603392478019,0.0232325680184485,0.00845043170944852,0.00327281940951733,0.0139914815106515,0.0113191567235676,0.0213826571436148,0.0102004794283548,0.00228573973182183,0.00306415039496808,-878.382627336466
290,0.00344209902982003,0.0169989845442183,0.00420904308836473,0.0354607242911326,0.0126698775561951,0.0127949401876723,0.0142076477575334,0.0300873311098114,0.000815675843451041,0.00410290811987582,-882.110270217969
291,0.00364763959257155,0.0227985794003412,0.00136125732366736,0.0301049559517381,0.00816753958153452,0.0166664864728049,0.0214814173920492,0.0276112770695156,0.00256423021568079,0.00351817442634851,-878.303990393548
292,0.00297322226509431,0.0202833316709593,0.00490242969267407,0.0153102065646253,0.00969166483119089,0.0184636094785036,0.0188525474769018,0.0197701404358146,0.00155291558216257,0.000627810965233594,-876.8754984104
293,0.00176480476255683,0.0203683965715847,0.00250688318757341,0.0127749553474059,0.0112960679257946,0.0141802636820395,0.0172469248892399,0.0246360982844185,0.00554703673011067,0.00811801703474312,-877.798077920385
294,0.00470285330736898,0.0171022876582835,0.00175859483606738,0.0162422347288198,0.00924873327287692,0.00828788219740366,0.0173685404268077,0.0143733108062373,0.00147638348589891,0.00884861170343226,-874.755768269164
295,0.00742530427475356,0.0150574739393677,0.00265214737723894,0.0108945366242749,0.00983600319625254,0.011768939219061,0.0151070943380125,0.0162364023591581,0.00200744467028849,0.00583958133326192,-873.875508449998
296,0.00603629128857021,0.0156001200043599,0.00420838621099599,0.0157145947508905,0.0099591516873795,0.010746954133552,0.0179752860757232,0.0153749282836475,0.00432793345907488,0.00186957427414466,-875.330739678415
297,0.00608509637626204,0.0219677335987299,0.00648363480858695,0.0159329870877451,0.00905722787753006,0.0111836920780756,0.0171145802498931,0.0430665326730115,0.00169427229297771,0.006436658451285,-877.336273527938
298,0.00390097242705524,0.0246672069260786,0.010558296664359,0.0164595507501632,0.0110020302117118,0.00959179999115647,0.022232691232497,0.0269161002297965,0.00315627825840392,0.00674725057348465,-877.126195776378
299,0.0030845739230465,0.017578352847289,0.000109198940520697,0.0182719143931381,0.00955242975567024,0.0144021165386124,0.0135565487474489,0.0121815794855215,0.00221301239208266,0.00766690658298046,-875.769167349711
300,0.00588931168851025,0.0224436456896249,0.00803923941089224,0.0213499705836789,0.0106778562970428,0.00786995097867501,0.0142805126906396,0.0163092515606019,0.00190714011595898,0.00579124868064248,-875.545458238199
301,0.00255940536965634,0.0215043514285556,0.00103682351389176,0.0127326298826971,0.00957709918851715,0.00751836118962567,0.0147884679733481,0.0249280750952632,0.00268610904798215,0.00553720452712647,-871.964399060016
302,0.00392127568680412,0.0243944923857772,0.00412450819664457,0.00939430862357602,0.00978510201489024,0.00778757722545819,0.0116180114979574,0.0232723781091002,0.00366018339284365,0.00774328822969624,-875.720715696797
303,0.00254096513178754,0.0302704128818907,0.00439718732082461,0.0079775732357747,0.012287536692157,0.00800973445153882,0.0197759306143178,0.0247973599386398,0.001761546666973,0.00466234463735747,-873.826739242897
304,0.00435744642993367,0.0177614586813229,0.0074956622388151,0.00607382443715101,0.0123742095208736,0.00781975286545393,0.0169609040850946,0.01852390899086,0.00260974395120633,0.00530413186133169,-875.667918366577
305,0.0066849047805836,0.0167708482090326,0.00261429960144189,0.0265122675393214,0.00822674327217551,0.0148718391873256,0.0177694243295942,0.0330282311047088,0.00287815025242511,0.0104733416233593,-878.789375561765
306,0.00843010437760649,0.0164457596267402,0.00564439378755926,0.0238613844269636,0.00713431300692061,0.0109347690491436,0.0191222588314844,0.0230697279107716,0.00143210128034715,0.00839184917294738,-877.996557879412
307,0.00870474482859642,0.016934073951297,0.000865252305328443,0.0145372209544866,0.0076293133427003,0.0121106173570996,0.0186288930994169,0.0188030110141353,0.00257109518388707,0.00572715551844269,-874.070535265484
308,0.00710284336474118,0.0238400213301599,0.003763942824548,0.0165850214678412,0.00743465016686963,0.0133710198171556,0.0180078368820267,0.0225175390576331,0.00100061614325931,0.00199422548384276,-875.824976032486
309,0.00469616494582959,0.0241683166418144,0.00703818702269674,0.0146339289616067,0.010754308807038,0.0121451799415114,0.0161170309339055,0.0257817745245256,0.00351323788474224,0.00144363492385556,-874.032077756526
310,0.00456224249379561,0.0209689280296431,0.00461931622080129,0.0148181085079081,0.0104425816353837,0.0135207631125681,0.0155362595473544,0.0169106647197931,0.00199508415373829,0.00116508134579775,-873.133250408876
311,0.00348474453836156,0.0215855375296918,0.00229253483847124,0.0150210371449315,0.0097856798736555,0.0107727637173908,0.015008531059271,0.0242038318501805,0.00369013666921482,0.00682671303548053,-872.108863790154
312,0.00391084681561667,0.0217282709211046,0.00280016564458941,0.0128461480223546,0.00870985158067318,0.00908992778471017,0.0148959278034113,0.0183069481592293,0.00332509577686228,0.00605873293850783,-871.844219069315
313,0.00521116527509035,0.0202625994098933,0.00444510955688644,0.0155049584819229,0.00977391124292096,0.00733269013772796,0.0130855762208665,0.0184873469341866,0.00154554099511998,0.00641326678485919,-873.034420238951
314,0.0067796163144121,0.0184939948607525,0.00167216913739868,0.0167038587653507,0.0112093061273013,0.00579490464370164,0.0198160533751725,0.0254587262707861,0.00285912067009176,0.00482752265725143,-873.62969373676
315,0.0058504281978845,0.0237356339870167,0.00359095936328267,0.0107513455529957,0.0137036235048675,0.00725885473490915,0.0178933512868053,0.0266292987696359,0.00182255983518488,0.00324798146602653,-873.293782090309
316,0.00287768782285651,0.023662380143606,0.00503412282603502,0.0122944273147586,0.00730316127655721,0.0116093890384725,0.0180307356133654,0.0349358734563979,0.00233100988511923,0.00336126568768021,-873.585271018267
317,0.0038707125337196,0.0245630614868383,0.00629050958494773,0.0119618238198891,0.0120859545357009,0.0129201900510288,0.0176122539207621,0.0166143113341591,0.00199669922382635,0.00331133104953275,-873.075577346994
318,0.00419709322969605,0.0241466486288572,0.00125109978000605,0.0131775669587655,0.00900635464291165,0.00935829880291967,0.0117015733899019,0.0202519046191765,0.00234689603060976,0.00514956871144699,-872.234178114088
319,0.00570762957821102,0.0190599657407807,0.00437915440926148,0.014807401658401,0.0125940448651426,0.00918931672500027,0.0129137138226524,0.0154372936403217,0.00223098687192254,0.00428553028396069,-873.65880613899
320,0.00289941071218466,0.0201143630114765,0.00396075453771145,0.00327443296833147,0.0108114900353299,0.0113387077470002,0.0168118127016809,0.0170232354200719,0.00163119434506626,0.00410273987298212,-874.169280333472
321,0.00448838859381954,0.027986359366334,0.00712718713750781,0.00449845386256707,0.0109230606163452,0.00940182648616049,0.0174101946216915,0.0170990439283462,0.00303101120320848,0.00630984567839325,-874.545763670174
322,0.00343548101356102,0.0255292169023516,0.00870878978700911,0.00595457207705059,0.0132592496819678,0.00828414665315107,0.0189691646571582,0.0267970336589988,0.00078527657144955,0.00662984036102926,-875.07151718991
323,0.00323658920999329,0.0195961025379035,0.00835206509748967,0.0128288707060142,0.0094341672253153,0.0102656916805452,0.016716297400818,0.0290633317794299,0.00220931933313969,0.00322145269885434,-873.066898541784
324,0.00189000835692213,0.0260703497793413,0.00651983532407126,0.00996299786712693,0.0119842574762753,0.0122403876619868,0.0185210606078055,0.0193640957817268,0.00264278025088631,0.00485487411861868,-874.027523588761
325,0.00179919005876545,0.0327832139029209,0.00076986910387755,0.00866083140937553,0.0109333745224146,0.00574875549301026,0.0166946067988604,0.0297185000528035,0.0029575289371142,0.00591930032966915,-878.230871328051
326,0.00634282918630718,0.0143703013500921,0.00558594691120683,0.0152659729867528,0.00947856976346001,0.0152374690773192,0.0162740368134725,0.0316679338028944,0.00307138149287834,0.00230030412474644,-875.790098040445
327,0.00636586116234069,0.017659330329242,0.0051833119740957,0.0147396009673249,0.00952425620468687,0.0119684219567411,0.0180083801732833,0.0149330103500651,0.00142937202486915,0.00774663481163354,-874.693169501652
328,0.0095364234105467,0.0172348872026518,0.00514291270869082,0.0151720093607558,0.00770821692148833,0.0141612604193112,0.0159901562323091,0.0205152587594878,0.00386525812285935,0.00233242035012291,-875.179714299619
329,0.00120242014232502,0.030744457387404,0.00252517732973758,0.00650989754057869,0.00873210860203499,0.0148241044318969,0.0151936418395862,0.022848266022998,0.00675801681979214,0.00322621715778389,-881.482853926271
330,0.0023092169444344,0.0179039635563354,0.00492369986743622,0.00566722253933881,0.0100059138116127,0.0162717340406561,0.0197505191767152,0.02648138639674,0.00575875136601939,0.00270919724599494,-879.525173669693
331,0.00829320290812768,0.0176152431816965,0.0108040127563331,0.0106040629909613,0.009759923389339,0.0240897456406496,0.0150951129490435,0.0268262984543054,0.0026938700279396,0.00513151960634184,-880.917493521546
332,0.00800502688585875,0.0187359953342131,0.0104450583451,0.00804242234800376,0.00860694690550298,0.00983210570291742,0.0202804162998007,0.0225372164735503,0.00143647447869675,0.00595236010774063,-876.931190110809
333,0.00284346390320896,0.0255268132142034,0.00146190302011052,0.0199702390881627,0.0117183167087063,0.0145904351159607,0.0247165601519297,0.0330007362755894,0.00249057538165929,0.00387948859046574,-876.814627601041
334,0.00637696159003662,0.0199975179575139,0.00262266908666711,0.00537901569141415,0.00975142274954367,0.015565896558463,0.0201854213923163,0.0325326016158707,0.00281166887355565,0.00204023631824277,-876.032624050259
335,0.00538797648897446,0.0227675613907518,0.00253201636402219,0.00720780596113088,0.00976125040580014,0.0106943635197943,0.0174564769229438,0.0328560163074612,0.00362452699941763,0.00426033900445981,-873.734369110889
336,0.00240703431657431,0.0193362932128402,0.00254667238828832,0.00856080325349578,0.00992740145612543,0.0144903111577662,0.0194063120500443,0.0198004241091729,0.003220059288109,0.00418954877502251,-873.476821674606
337,0.011464140340255,0.0201425215608745,0.00500211907579813,0.0143559708630589,0.00962993611352404,0.00620704156246467,0.0172765246028343,0.0207355391785208,0.00342983747544752,0.00276098237308587,-877.065063870515
338,0.00590264114765622,0.022999587786393,0.00433865422612216,0.0116137496695939,0.0119981249083954,0.0142162673675952,0.0139024708251783,0.0235409903264564,0.00250123395232457,0.00758005255912939,-874.568447767135
339,0.00341764160543814,0.0204362253745836,0.00110812722624613,0.0112675982722806,0.0110664568709557,0.0103627563720874,0.0186524218233121,0.0301909783548186,0.00173663136446511,0.0062063967034396,-871.803820883203
340,0.00278448170554882,0.0215618170672711,0.00415718711095977,0.00917455275982829,0.00799805999881777,0.0109690050986009,0.0201021952099366,0.0218847872957344,0.00196068714037443,0.00626708791964732,-872.923136448196
341,0.00273302253506616,0.0243564623409913,0.00160273783345763,0.0116246961201075,0.010787895155455,0.0125047769441751,0.0131750830135979,0.0183327205077023,0.00218426504016878,0.00488926467466673,-871.502241509532
342,0.0047297244285824,0.0205485630511771,0.00221399966289003,0.0125333915132515,0.0109176615144,0.0101571025433942,0.0122258490920052,0.0152420639082137,0.0018624596709104,0.00473419829691473,-872.348577707493
343,0.00589190838505931,0.0200616872727308,0.00101574974175349,0.0104394835335636,0.0108332316609496,0.0178752208082151,0.0198520442299624,0.0288244764893938,0.00114457965360105,0.00616712190423572,-875.396602633301
344,0.00389141305351413,0.0196215851990305,0.0040469667937632,0.0152445773460472,0.0116811151465902,0.0105904748718179,0.0147020152628765,0.0251019728710922,0.00231050167388155,0.00670484170760836,-871.862366359798
345,0.00265210971860531,0.0196436150437617,0.0037242281317269,0.012757839472449,0.0098917308330307,0.0100919442253874,0.0148489546430959,0.0278727955695045,0.000850651913046811,0.00393679051009999,-872.94691605876
346,0.0047332753701607,0.0221864110187254,0.00647974778961497,0.0110945797640868,0.0108449365486069,0.00745308503509977,0.0161308520579866,0.0205463983785782,0.00396258576675182,0.0064100725056295,-874.133990870094
347,0.00193461408741906,0.0231663279967608,0.00419847439033275,0.0139133863880246,0.0104646731907003,0.00619378725845903,0.0157783002503624,0.0261559750374542,0.00368251022155427,0.00432120633993921,-873.356732847012
348,0.00440625525454533,0.018412443150534,0.00346992663053459,0.0156841149244403,0.0103088370746405,0.0148359545900253,0.0156412198338936,0.0279794522736983,0.00388808929907693,0.00543902410099416,-873.480956207623
349,0.0054735995438656,0.017275356636511,0.00418057553086755,0.0134038129684578,0.0080626015981807,0.00910860770122805,0.0192010591151711,0.0254410814263164,0.00323237423824295,0.0029123029675972,-873.507146476133
350,0.00556233828396534,0.0261609132661752,0.00412066309569491,0.0063496993543841,0.010887796038575,0.0141428314188906,0.0200532645284272,0.0245173238867023,0.00244454238964682,0.0041488291183319,-873.416033387767
351,0.000738363408034714,0.0259607484345767,0.00346139983968019,0.00893368102473347,0.012123044381793,0.0118846076564671,0.0175308086048418,0.0297989177569873,0.00159703912160925,0.0036616841188416,-874.906910607204
352,0.00514736849816387,0.0259122930509626,0.00136338746430407,0.0194986512362896,0.00914164088082681,0.00943470756397217,0.0186168060243629,0.0209063195756372,0.00276651321968678,0.00255252665821981,-873.599453545062
353,0.00637028696579996,0.0235128105388384,0.00465556081044059,0.0149387599744942,0.010262838218599,0.0119071680068794,0.0169257515688615,0.0205199775446335,0.002064540958294,0.00301093161893276,-871.995706773087
354,0.00667175315611883,0.0199384056446612,0.00333755196938932,0.0114378473217252,0.0120030312527111,0.0120344586170203,0.0167191964050605,0.023591737435502,0.00205178985428296,0.00414698749069011,-872.189249353264
355,0.00129109216069836,0.0179098701012435,0.00298503009584258,0.00915532223153475,0.0111668371833479,0.0119749650026775,0.0163235409973723,0.0183318722963562,0.00224722519878781,0.0044158145040163,-875.003228566105
356,0.0119553323990948,0.01954289538337,0.0011624981116481,0.0142435893903268,0.0128557945512592,0.012234146112158,0.0129262006574372,0.014996378938432,0.00233764424308435,0.00294540883515535,-877.44598815755
357,0.00137787797869636,0.0213010102842989,0.00204850087998752,0.0149043710052425,0.00961265599868603,0.0126968646119064,0.0141340394040113,0.0249421112044312,0.00186950488072399,0.00556313988582502,-872.695073120484
358,0.0015804567263649,0.0257165241975735,0.000814751142624339,0.0120943370240032,0.0106895200830679,0.0084960160520381,0.0138419447659675,0.0321917890180071,0.00105940380520198,0.00575924968002284,-875.196666241178
359,0.00866089839263855,0.0206129109711037,0.00201164577630401,0.0114857219255227,0.0110684103040462,0.00716347265021152,0.0142126104549033,0.0228496274906692,0.00173548306340761,0.00381825775540692,-873.605203428314
360,0.00176470332802588,0.0276624185320009,0.0051087417402393,0.0117868126053253,0.0094527307956806,0.0149547032435873,0.0209098475471414,0.0163147518973194,0.00250466179434569,0.00238995794096541,-875.906800924556
361,0.00230921271112997,0.0263343102035033,0.00266648396524569,0.0177180687671802,0.00947384488606238,0.010526403428358,0.0142468327243372,0.0152448055725735,0.00190029453376073,0.00471853273649204,-872.803554002766
362,0.0051134655761474,0.0260043812679043,0.00186563779488372,0.0158178252021532,0.00933259461409822,0.0128635924853434,0.0167477362075893,0.0250287920362342,0.00146915649955156,0.00774103963240093,-872.888648942354
363,0.00494699770090416,0.0224842817693438,0.00504676835699946,0.0163390305970046,0.0107946255641744,0.0130748090528683,0.0155243598650169,0.0236062510475155,0.00141730734752717,0.00425387865068904,-871.921996920866
364,0.00410668764681746,0.0192843868270574,0.00515163534948697,0.0103548949533671,0.0104301165363651,0.0117680665213714,0.0189949868029586,0.0197968752874592,0.00270244404280703,0.00392859169185674,-872.397236481509
365,0.00103416701500416,0.0281599959728774,0.00527889663733924,0.0116740189941225,0.0103898108234572,0.0117566761131693,0.0132914139747216,0.0234240826747371,0.00122787510403529,0.00445568405870661,-874.968489550899
366,0.00773199906011204,0.0145160395707689,0.0014124038142442,0.0214537214052576,0.0111734346680565,0.00826076669321185,0.0190283547998886,0.0234731450275722,0.00226471915959085,0.00498730281290788,-874.452754385222
367,0.00709175298425698,0.0194950364639236,0.00365617130905773,0.018194425902782,0.0110034135316405,0.00968404242010012,0.0135786531542718,0.0155111702816328,0.00194559200734582,0.00406175486753993,-873.24793903773
368,0.00298500259170447,0.0212652344983529,0.00120396016413184,0.0247313496597178,0.00964427160810646,0.0116510017162422,0.0139419510978818,0.0221047309413741,0.00185188705296034,0.0034712435387977,-873.539276265473
369,0.00377471818020542,0.0220946827024325,0.0041656461096132,0.00585859532364734,0.011795411153173,0.0119340668651201,0.0223372397926284,0.0223657378404814,0.00322722643704823,0.00419999488895905,-874.488759832391
370,0.0055806105612596,0.0235293925309712,0.00736822959882994,0.00328483459010974,0.00768245497981493,0.0106572829444245,0.021528090457474,0.0291796634853224,0.00302524490619889,0.00581956666539393,-875.4741186619
371,0.00673695511139467,0.023646378099344,0.0155532888907996,0.00317017801248699,0.0077047980006262,0.00834896965629735,0.0210800732699542,0.0264986864510267,0.00272286229182806,0.00538798277546421,-876.968702497448
372,0.00373563465952707,0.0239804501969199,0.0155524558499967,3.97124660369566e-05,0.00838167961831598,0.00825814409599979,0.0203663751203284,0.0270933250846925,0.00368182832377759,0.00196795933348249,-875.136787641296
373,0.00457819273756404,0.025372978622391,0.00312952848454634,0.0207664906286942,0.00874882053286482,0.00828786002401017,0.0186926044280438,0.0271338648186576,0.00316803966812509,0.00173669820408615,-874.834593889055
374,0.00497708099677764,0.015205473060652,0.00679324759110774,0.0131768915637351,0.0118137672495685,0.0184488542309807,0.0150838053433111,0.0154270340688763,0.00273754400223376,0.00799221118816317,-877.891557219278
375,0.00589541557249033,0.0166363847341259,0.00019960862982308,0.0112924827365924,0.0123963531271921,0.00814872115470889,0.0163016157220597,0.0321748799963795,0.00384555402987051,0.00719948726128536,-877.086347016056
376,0.00823511751723116,0.0238571487189416,0.00217342489530993,0.0110388344260102,0.0113194743103948,0.0118339052535251,0.0215364868429687,0.031938213556711,0.00121696949219387,0.00853445585733879,-876.169392996031
377,0.00794864993979202,0.0183561333670855,0.00705400438232886,0.0106334851259933,0.0118202208804403,0.00786221985840073,0.0204245869185648,0.027077018978604,0.00539658241931533,0.00278079534037093,-878.419709271526
378,0.00974463820966947,0.0240587262411659,0.00790023917447607,0.0144602835856729,0.0093509388403281,0.0124320430469661,0.0142226919062693,0.0226639244977926,0.0014383595688027,0.00444453640813979,-876.678595753285
379,0.0085395663933213,0.0243561294482099,0.00216852804320422,0.0187039603795361,0.00719088653801281,0.0125906295788458,0.0194122836106121,0.0163576277699864,0.00293319187464802,0.00385249482825087,-876.917217161848
380,0.00132198508876063,0.0225080220826951,0.00193726369432643,0.0176726234391432,0.0101456041901451,0.0138672801190228,0.016697983512284,0.0263875916216683,0.00161607550597126,0.00614339820426062,-873.299897138509
381,0.00741065479344964,0.0234077863377113,0.00261244123864508,0.0254698169310658,0.0109301340324719,0.0119979002195105,0.0166301193420675,0.0264703414086972,0.00259200359367295,0.00636517975161881,-876.061998782037
382,0.0050523218160253,0.0174890548167993,0.0037017478617623,0.0186742758646732,0.0106849733353363,0.00767967353378137,0.0169611502888197,0.0289490558837151,0.002641922470781,0.00624211765462912,-872.856303772919
383,0.00383460711485403,0.0215501748854166,0.00150770884248049,0.0187693521828769,0.0120935264082408,0.0113337075981459,0.0173524845423854,0.0299331825028325,0.00300146157761136,0.00447823784518025,-872.424106842668
384,0.00497410303398351,0.0210840952786575,0.00988056822873322,0.00234061012017395,0.00967844431037408,0.00715823385230825,0.0180060257029741,0.0305793385193403,0.0024910584690633,0.00181030248150757,-875.187704904282
385,0.00326423031224914,0.0299287999653954,0.0121652016761001,0.000287227888040757,0.0128922351769676,0.00934802750392328,0.0159780728400942,0.0250120610427508,0.00403845242337531,0.00353360272284872,-875.093159402185
386,0.00493336665590949,0.0254564354186411,0.0113204839592773,0.00155068082662599,0.00909168073710575,0.0115781657959595,0.0190868140803751,0.0238690783585462,0.0011872576251083,0.00308316504959593,-873.410700459521
387,0.00281404738236226,0.0249153675287283,0.00439692878679579,0.0096843708092405,0.0119673768445598,0.00974312360497053,0.0171047444374223,0.0298642923171863,0.00331156599150738,0.0034291863408966,-872.464675946813
388,0.00291514298182523,0.0246247387823725,0.00381533599359628,0.0141524439588499,0.010572943055209,0.0112177019961738,0.0165243432258317,0.0317143199560063,0.00310110444374768,0.00537412932292678,-872.388349292902
389,0.00507954935853206,0.0246095295100045,0.00206867288357534,0.00778918217611184,0.011066948413568,0.00967562350429574,0.0216418012153493,0.0273606593295323,0.0030569998321157,0.0033306273944582,-873.111545138366
390,0.00493441722201603,0.0257654053321549,0.00236746740022644,0.00812484628559323,0.00847936548622838,0.0106305143777712,0.0141843238668743,0.019507266609516,0.00208134512984738,0.00279364135266052,-872.470799491856
391,0.00348813809447792,0.018500440558038,0.00250745511755777,0.0155053975665633,0.0107002874375256,0.0122636840159608,0.0171215401779519,0.0245516168068399,0.00195130408735608,0.0072715216949995,-871.727899529713
392,0.00660319239447159,0.0248688544159011,0.0033732320822545,0.0104332522267664,0.00965206328748996,0.00520711391101823,0.0160853637122167,0.0196424448433659,0.00266236423948946,0.00902515508942196,-875.685621770553
393,0.00186407024617288,0.025487666289911,0.0041676132377118,0.00593108524390708,0.0104324813268643,0.0106872475520861,0.0214007148172207,0.0283052908679023,0.00144040153249577,0.00790891647672988,-874.126865441416
394,0.00390132916623178,0.0250393676250943,0.00207203202835805,0.0184721428215802,0.0133392360861684,0.0043479208794271,0.0119445451635315,0.0208567350831316,0.00178470242795629,0.00645750456630573,-875.90497474039
395,0.00426600040936183,0.0202336842003426,0.0017071705375162,0.021948342196875,0.0115294662516295,0.00715331639282962,0.0183431789038698,0.00884427397036048,0.00258868841879798,0.00886213060830083,-877.379302692842
396,0.0035541831228886,0.0231560103798749,0.0125169767272875,0.00410095995891429,0.00995182912889699,0.0160407099498085,0.0146041091211817,0.0117145142213303,0.00229674290481714,0.0117210861465124,-878.027176159373
397,0.00411150920686515,0.0260531767192205,0.00689063531900084,0.0109134154061727,0.0109239094582851,0.0218113595827455,0.016322648753696,0.0221142337260222,0.00261124835150289,0.0079798369206903,-877.589995813495
398,0.0045342656017454,0.0188948513848716,0.000521877132020014,0.00652727591590542,0.0119414682144264,0.00317603870283451,0.0163835075114514,0.0214517663481914,0.00186340250001087,0.00694676123223261,-878.904297368939
399,0.00261874034013342,0.0305025269153402,0.0106906646963106,0.00132006987471619,0.0127281077013799,0.00343009727436106,0.0177865989725421,0.0272740702311662,0.000619238263082811,0.0052704076919946,-877.33615386631
400,0.0024697272400552,0.0226380067946484,0.0108423333211586,0.0170563277397412,0.0105745343058121,0.00457537013177109,0.0180058351401498,0.0216186080078184,0.00334746832718649,0.00496932903325566,-876.764608130788
401,0.00353195410718081,0.02743011235516,0.00262811446819191,0.0208697858706843,0.0110186277060587,0.00668794804818899,0.0214056744109161,0.0203859726858079,0.00144344913748984,0.00251512368643879,-876.709378303797
402,0.00638347099285201,0.0172591746296425,0.00784524334818085,0.0201042531377808,0.0115444789984161,0.00887830366810166,0.0210010029158258,0.0322086000399089,0.003305303749582,0.00598213788099587,-876.46370397582
403,0.00145476289517049,0.0214850002464051,0.0110207838229772,0.00669061501301031,0.00985162880071454,0.012584018757824,0.0224107859631183,0.0202432954546553,0.00188042577070803,0.00526802126536327,-877.144206714692
404,0.00112945380812976,0.0291413792066125,0.00785862784310559,0.00665954875937988,0.0108305254022795,0.00778459280222802,0.012099233289117,0.0199277606377855,0.00217409394760646,0.00464774537964434,-877.019493431978
405,0.00321522500847087,0.0198933580488168,0.00593391787002234,0.0151426507595631,0.0134414160462105,0.00776162367350301,0.0206609224692358,0.023056157654684,0.00247301010876291,0.00524587500644491,-873.990443388425
406,0.00329980176920714,0.0242774293895362,0.00254235183938718,0.0109965429102268,0.00749659233881307,0.00688873803286655,0.0217385580992702,0.0331989603469291,0.00282883833264415,0.00634522634596321,-875.096055611054
407,0.00311917041503543,0.0201761229104821,0.00261256584118786,0.0112115783066083,0.0073761329396972,0.0201401884805337,0.0162039639477656,0.0240554856070959,0.00258575315343243,0.00286627603014673,-873.677293047121
408,0.00682980398351138,0.0208931517242196,0.0045793704996616,0.0155726102821107,0.00744070053738425,0.0164365975301724,0.0179096734716419,0.0140778057177976,0.00198590624626767,0.00491725804151669,-874.923258369333
409,0.00264915883215994,0.0198352267715912,0.00285827738586827,0.00613634702453503,0.0122805917215982,0.0071908241589036,0.0175952103964383,0.0157217612013574,0.00416600059856722,0.00350672777976224,-876.408608104538
410,0.00562119785841858,0.0231072882001281,0.00150046550631558,0.00538163235423892,0.0105095002901394,0.0161845691525918,0.0206008606470639,0.0270496301753608,0.000852781610720398,0.00684517840701049,-876.20440741649
411,0.00349398454317488,0.0282203949990997,0.00213467872284526,0.0162097851155579,0.00919320808050695,0.00434964645325064,0.0163490608208512,0.0199600515376571,0.00181842155661378,0.00659301954645641,-875.651703248686
412,0.00244839946756412,0.0203020097742192,0.000799834739407275,0.0213741146554598,0.0106850012472615,0.0218085756089809,0.0147970784766621,0.0138111423691438,0.00300224009368462,0.00518913618409831,-876.866444106667
413,0.00802987108809309,0.0199327976304594,0.00535519087390266,0.019377013170242,0.0085086074094614,0.0102063405801579,0.0133989034663184,0.024217892160154,0.00229557192652971,0.00282867529570097,-874.602691807829
414,0.00466636906428107,0.0175124280788496,0.00689935145301111,0.0161166228553916,0.0118877562640509,0.0112237115877166,0.0123341914499981,0.0286272065088417,0.0023168688061028,0.00294586549896312,-875.556383247799
415,0.00390763415185483,0.0287622735587008,0.00791161604779113,0.0101880044548429,0.00856083766484835,0.0102767274376661,0.013813293860207,0.0233384740391678,0.00146543416364516,0.00562067054517534,-874.885361114284
416,0.00193085593139997,0.0177317151825442,0.00370435879198142,0.0209215032888804,0.00801750689535082,0.00939463448798159,0.0124111296161471,0.0259870316481122,0.00309346046563878,0.00539775338732537,-876.388411062875
417,0.00233529685951908,0.0169935012454424,0.00691685500368056,0.0165531246315434,0.0115389097171275,0.00670386613854401,0.0190571454733113,0.0368590199023481,0.00174268465091357,0.00655233021521474,-875.698093268918
418,0.00629361384973662,0.0240608242120005,0.00639921444897805,0.00520642712089328,0.0117555527396414,0.0103725342352426,0.0178256753963377,0.00340931311539873,0.00219701492351808,0.00963803836224818,-878.351102586796
419,0.00835311986038452,0.0220502279954256,0.00382348914602018,0.00759989625212173,0.0111036981626108,0.0157630117520287,0.0153016836092558,0.0277036419904393,0.00269814786774571,0.00291957362592966,-875.532313019567
420,0.00835956324123174,0.016484853535855,0.000958492490942736,0.0148936271071334,0.0122327524038765,0.00672613149240945,0.020226457813675,0.0265329031403628,0.00250872111829001,0.00320506360898375,-874.981873389447
421,0.00471495158244314,0.0229092522812405,0.000843569553766261,0.0198441572676731,0.00776776355447527,0.0186356645499436,0.0208684239334357,0.0261403329291315,0.00229375501763343,0.00402203348941115,-875.134870775161
422,0.00113520917741578,0.0217602276905782,0.007268699336504,0.0136539249150771,0.0128245448071807,0.0121301206028407,0.0169501286426289,0.0307812849850516,0.00135638284217428,0.00506327567881661,-875.126507607927
423,0.00326285446325361,0.022600383456282,0.00762567332832583,0.00371611772265483,0.0136917828072302,0.0137962522840566,0.0171468546605933,0.0259932304877684,0.00189936409501443,0.00497851603704925,-875.172689201781
424,0.00375397003623669,0.0256245106837041,0.00881860558049921,0.0105844767233502,0.00826476805814025,0.0135451006798017,0.0169425934836196,0.0288388261352439,0.00189129347942547,0.00215568211315362,-874.201645783869
425,0.00490200762774286,0.0272741068319226,0.00806911849579834,0.0103964798665826,0.00986006786240037,0.0133762196531752,0.0162862173461175,0.0233652017026036,0.0024121247670281,0.00387448727578875,-873.637440187709
426,0.00560668610015063,0.0215485249392607,0.00256037899377264,0.0215431814009327,0.00854540224774696,0.0161373522757483,0.0195222063891987,0.0270979735405382,0.00323464450244985,0.00792781671268845,-875.633843489619
427,0.00184529469563566,0.0173592155378064,0.00465049116669358,0.00791504409944044,0.00955161186915623,0.0178359964770977,0.0171812161472122,0.0103796320001741,0.00210286544431489,0.00587435595637961,-876.404528985523
428,0.00580826399335697,0.0210714083614557,0.00838559588159748,0.00825585767310681,0.0109972106211942,0.0052293357353429,0.018141548984563,0.0103401658994008,0.00192602846122384,0.00417755720496258,-876.98838164927
429,0.00476627810054011,0.0201699425450746,0.00779641893929397,0.00200196632057713,0.0109131689832197,0.0103831848469433,0.0201676569339576,0.0110677651920514,0.00314700953978843,0.00800059630865548,-876.762279472747
430,0.006286661006365,0.0197002207580729,0.00620953487005953,0.0100233985300804,0.00844011332784081,0.0117121286736706,0.0148330606272643,0.0278075766169235,0.00111133226948476,0.00698577093320759,-875.338930643282
431,0.00775841506558982,0.0199302584225482,0.00107567507092267,0.0169469317966622,0.00980315771502683,0.0103858091915826,0.0144272411667798,0.0274558082122459,0.00150909146016921,0.00747659734129131,-873.641149719029
432,0.00737763689659229,0.0175550229091895,0.00462693589121805,0.0154169369547628,0.011006606203894,0.0110367006115723,0.0144207128170419,0.0195403581886147,0.00232601491090638,0.0094137485426131,-874.686890655628
433,0.00244801166627016,0.0167768867407876,0.00115437680851923,0.0123970988273285,0.0102401770574785,0.00946838303369296,0.0193383847250193,0.0143747955337165,0.00323949372756602,0.00659825745615288,-875.750705860184
434,0.00544401468549503,0.0271910418839089,0.00710024871080237,0.0056043699094689,0.00975283981146237,0.0102913190087989,0.0156009224034637,0.0145215851797299,0.00282081904796994,0.00441613536755711,-874.339327216488
435,0.00426461338660817,0.0244126007953239,0.00233226410503598,0.00714480257771691,0.00911477868139424,0.0172904347351021,0.0190692642890863,0.0293128090779671,0.00203592898386308,0.00535953748173893,-873.048730300727
436,0.00205565828887128,0.0285553903859528,0.00236836241669475,0.010517081254668,0.00956201054220819,0.0149248583209951,0.0193493426422357,0.0216583396839664,0.00186606820687683,0.00309141022690297,-873.387427680024
437,0.00572175948114216,0.0291606428582423,0.00403935763546468,0.00857852429637234,0.00988750427772702,0.00973027993776998,0.0134587643620486,0.0212617840646979,0.00213559113838753,0.00236488024648796,-874.102751440239
438,0.0025479715312476,0.0219835673776739,0.00236633522658897,0.0219047685834912,0.0137409362437332,0.0098925770261727,0.0136015994570894,0.0265239289036346,0.00242011062776216,0.00724808135561691,-875.161131808912
439,0.00316741923181066,0.0230670705887895,0.00141564407212128,0.0220920261326141,0.01418593149314,0.00760320298256602,0.0147659830488466,0.0216483747846428,0.00239032423881228,0.0068149236541588,-874.75542036097
440,0.0039613413611964,0.0200845026028565,0.00488235451960208,0.0166693645900785,0.00920646507334406,0.0159268655132115,0.0160169995933619,0.0231772490560908,0.0040645213309759,0.00464718902826689,-873.193584391312
441,0.0032489323810786,0.0224398125235218,0.00677985855102915,0.013638567600615,0.00981429030819415,0.0071999611033058,0.0169634596635146,0.0233031678308521,0.0040197906447222,0.00216469262561174,-873.910803508827
442,0.00458323267823624,0.0235210023060593,0.00654348276579639,0.0201633799072013,0.0129233061068212,0.00751108494125562,0.0149916577019609,0.0224893550921942,0.000773404756327752,0.00243236806784383,-875.997057884764
443,0.0021299489998018,0.0200402301631629,0.00675982782923654,0.0128986729418393,0.011456905367755,0.0138269387521507,0.0131262508224949,0.02652064091926,0.00540569824104228,0.00173390507774219,-877.921876828506
444,0.00200114252516662,0.0199912382465392,0.0118034237308834,0.017824259375628,0.0114452867979939,0.00905581523246763,0.016947830794238,0.0211749808171607,0.00536719083811533,0.00514110379395855,-879.017397080693
445,0.00204384586043239,0.0260744386729114,0.00707272063144278,0.00567553704510828,0.00940815036396403,0.0096642839689222,0.0209942936504642,0.0248312086325922,0.00606929177159528,0.00684155299775167,-879.56247662212
446,0.00249261413558765,0.0238035679503528,0.00660883216212377,0.00633318652808224,0.00962835060648176,0.0202657950726632,0.0194359968254428,0.0176277790795226,0.00125392188742207,0.00485257873380007,-875.086346976654
447,0.00347039684825904,0.0219746690563696,0.0079157743785662,0.00430861373225901,0.0101362972409852,0.0135452014765163,0.0186548958044248,0.0277573248032315,0.00168685493333667,0.00584866413613023,-873.736655418807
448,0.00345446601681462,0.0289660070518262,0.00266471350143049,0.0141489402658118,0.0127444140786078,0.00531792936576678,0.0164579539432926,0.0224193041044008,0.00138998444234888,0.00241686262770651,-874.910959618834
449,0.00223190504517574,0.0276993320199762,0.00314681576013543,0.0131379418539154,0.00780393405208139,0.00850980751625091,0.0156955743826084,0.025433676596602,0.00323451841708751,0.00301602501037248,-873.631895013825
450,0.00230074176373869,0.0249163833652935,0.0041086500916053,0.0153556435293915,0.0120815969436122,0.0135335207123437,0.0192800021526799,0.0344469102000312,0.00102824655701847,0.00556749591858891,-874.147045618059
451,0.00237687421914768,0.0203870859814652,0.00494012350053046,0.0164396518846692,0.00837915269125515,0.0104688971663769,0.0210066807490174,0.0259363559035395,0.00221435057684522,0.003176302631555,-872.912590713822
452,0.00498820215664382,0.0193667662567656,0.0062388627278774,0.0189230955318658,0.00818270258719796,0.0137160848264172,0.018951491912905,0.0231088896249705,0.00236197492165139,0.00367714693818664,-873.191211308644
453,0.00746390451893537,0.0150811411532256,0.0037908161801241,0.0248517192113006,0.0086805649160108,0.0132352426109497,0.0188773148479557,0.0220921727220645,0.00246860445370906,0.00407554097049155,-875.073380784278
454,0.00436692956788762,0.0263033069343432,0.00152418283534775,0.0181302932280243,0.00805941467756417,0.0148276858448457,0.0130916514035322,0.0216605877689952,0.00250915975532156,0.007571898193594,-874.959504861278
455,0.00312992436797684,0.0243824987880347,0.00158084179422898,0.0155239702117119,0.0113145737803073,0.00534544500294726,0.0180024938648826,0.0186605851642425,0.0013537634896462,0.0106625637405505,-875.6107518732
456,0.004170509844266,0.0213067308478845,0.00382948840067856,0.00548899783379011,0.0108337237048864,0.0145990537921477,0.0179960384027463,0.0143009888962335,0.00287520229938751,0.0109431572989225,-875.430059493008
457,0.00303855870023279,0.0284949507056196,0.00489351559695106,0.000161320534295351,0.00941082439603635,0.00919948141429512,0.0214888816162584,0.0178144796233132,0.00236102044342798,0.00672398084930597,-874.754487555943
458,0.00269836799307822,0.0323519480507615,0.00803243660355274,0.00462259112520287,0.00853484341327664,0.0145314728176516,0.0191096383596577,0.0325986304423244,0.00290413510594751,0.00142967708438902,-877.532311907215
459,0.00233606620593465,0.0226662003647054,0.00345949646104709,0.0143288375763376,0.00905708932019417,0.0094277540076776,0.0163460589119328,0.0150682283600884,0.00162208317392192,0.00636885336078679,-872.24874787983
460,0.00435647527769848,0.0226173685555696,0.00219137695469234,0.0120939240420345,0.00972621912702634,0.013827609007308,0.015962192120113,0.0271550570829161,0.00169647716877772,0.0061634866777674,-871.319740317008
461,0.00176544723482332,0.0218983036849986,0.0011477428211049,0.0162970145075824,0.0116594199132765,0.00942962626537507,0.0150038580084582,0.0213354205454975,0.00213234104213231,0.00445372995525213,-871.853369818998
462,0.00141715927027753,0.0273662164401206,0.00959195242023307,0.0145182625818252,0.00964925863734447,0.012413161887131,0.0172123326977669,0.0189024216990564,0.001581215802015,0.00331851808038068,-875.622339863917
463,0.000773553275260359,0.0197280378353741,0.0133861508853572,0.0086514538452407,0.0110234819266166,0.0067833459950495,0.0148287793962737,0.0218325010773601,0.0034907505276539,0.00340070768381905,-878.650934640635
464,0.00875309314331767,0.0167184881983405,0.0195823878177919,0.00905975225827778,0.00954678708309684,0.00885211791863546,0.0125130009446359,0.0223584722792607,0.00407686785606008,0.00700754503496042,-882.47923267191
465,0.00587040421127431,0.017216026634286,0.0162622641098027,0.0135732945580904,0.0124786841161693,0.00848895710937721,0.017501944047454,0.028158414041201,0.00254228151542215,0.00950377557366326,-880.151026733269
466,0.0061098023148442,0.0171585083080307,0.00165439656765858,0.00949070499427469,0.0111206237561904,0.0089723559157994,0.0183056608186617,0.0157062478171863,0.00170554519465365,0.00294773562204648,-875.027249920419
467,0.00332921783281512,0.0170829476730364,0.00171638160944327,0.0142457963071544,0.00957119100415148,0.0091002172970847,0.0179001076058209,0.0312206091787137,0.00239098661216102,0.00271737823160288,-873.30469185461
468,0.00784536306444055,0.0190645578082263,0.00268689715045598,0.0131451501937922,0.0131032757235465,0.0116706201237585,0.0225103571622852,0.0338701809958906,0.00322045037291246,0.00514029015455722,-875.861093304148
469,0.0067521783147829,0.0200855856082306,0.00207662069886161,0.0125204648129513,0.00730194055798791,0.00814915703357674,0.0236569338936443,0.0325791469732413,0.00231594651805812,0.005179562590974,-875.773106567364
470,0.00621133489446526,0.0270870253211421,0.00329058487316962,0.0163980352242952,0.0138929421254945,0.010167214055704,0.0246490904390098,0.032139652958068,0.00136518894928186,0.00154842930612153,-879.127620545476
471,0.00346316538196742,0.0238320890444964,0.00663349191770213,0.0153253427016948,0.0135026950618112,0.00767113936397956,0.0239807547343376,0.0278347942968423,0.00264381467460252,0.00700351416124625,-876.377488942235
472,0.00272387447043481,0.0265934640274116,0.00112504008635265,0.00847384474614388,0.0112207883667858,0.0139024097693676,0.0145469375128864,0.0197713641605771,0.00123303816230248,0.00331900495977698,-873.407790205454
473,0.00278695791207877,0.0272519671702078,0.00981119908615468,0.00143049071207534,0.00848633967223391,0.0136229779313639,0.0149666847819278,0.0198106330650203,0.00195825573472161,0.00491707708634821,-873.653599180984
474,0.00468045645429237,0.0233925415150088,0.0119535294471547,0.00623769447431251,0.00982088621104348,0.00705030470764851,0.0182828073922609,0.0261578544216127,0.00186403505858915,0.00453514787462982,-873.893616508688
475,0.00304459085033542,0.0346334640265038,0.00564332326241208,0.00773885944316356,0.0100119885207665,0.00943730795802826,0.0159053827736999,0.0207364447345828,0.00261260800225044,0.00338084025236266,-876.187248380131
476,0.00589091502830282,0.0150290328172842,0.00123718448634216,0.0250167345446623,0.0101412986747467,0.00723322899374203,0.0158766468263515,0.0277387486797202,0.00138381519896343,0.00358581065086517,-876.093206083797
477,0.00579090040693401,0.0222875755692194,0.000917875764754123,0.0249986868637843,0.0107620230905518,0.00842586628965088,0.0185821982545403,0.0232921922169308,0.000789108866585508,0.00487257998158671,-875.493700883194
478,0.00710028995713642,0.0205996535949117,0.00235669787184913,0.00978741885137596,0.0109109397371903,0.0109328201134382,0.0155350002719195,0.0215915031071119,0.00340724669854304,0.00452929940576266,-872.623337202306
479,0.00374758096168033,0.0284647149289121,0.00284286364202468,0.0093939559348169,0.00877534146865115,0.0103839614453837,0.0157934744295715,0.0246465019002577,0.00299873402046363,0.00482419837294659,-872.372811599336
480,0.00227773357038284,0.0257321808861474,0.00170001396381901,0.015482169960901,0.0116000718715139,0.00817449772971435,0.0127932452343773,0.0171220994296342,0.00274540821507929,0.00419921920719205,-873.002492933159
481,0.00298291322912821,0.01795383666237,0.00415592107326605,0.0140382852880388,0.00889114872983334,0.0159279601203701,0.0192167168376325,0.018153529332887,0.0028647853143456,0.0043520639620149,-873.351400113416
482,0.00414753953257821,0.020353499835461,0.00103366336216309,0.0182666874354653,0.00970534774293539,0.0164139958697794,0.0154552702283993,0.0232926105000979,0.00291058847845403,0.0124027395166453,-876.528122760791
483,0.00774753289189428,0.0174332133895799,0.00396207486321013,0.0122566546096062,0.00837600205855895,0.00547746707951839,0.0195587397430843,0.0195396636936687,0.00182870989791776,0.00936744882398586,-876.793420851736
484,0.00626508911604404,0.0271143783106042,0.00270052130464661,0.00274326304003932,0.00923069525340432,0.0107751419274228,0.0163918431968367,0.0134169866096181,0.00155845714429759,0.00318786339025141,-875.057428305527
485,0.00586466104318321,0.0222723599891572,0.00692032889808878,0.000955760753432407,0.0101733412464296,0.0117884619873317,0.017602130839714,0.017108087188909,0.0026795545025523,0.00507116616111857,-873.555992179679
486,0.00391324370781905,0.0234851708009581,0.00651402743331978,0.00257995812003015,0.0102933264032585,0.0169089028391689,0.0158172178663216,0.0127336614838572,0.00348395859935317,0.00571398465262776,-874.792413204558
487,0.00470509864323436,0.0226943687927734,0.00321214536103877,0.00232032367873831,0.0101223200937946,0.0178858066495715,0.0173115038484079,0.0106081509043081,0.00274236049611283,0.00493844032754373,-874.575722629551
488,0.00326458638538805,0.02342862820079,0.00839843812517745,0.00387243041714821,0.00913144190208683,0.0186680147322689,0.0193911170222574,0.0244824058001193,0.00266601638535238,0.00911154327837844,-876.376733840339
489,0.00544460110360014,0.0223197639180354,0.0120985415092114,0.00811007109618836,0.00834272100727062,0.00740802438863308,0.0179837168014117,0.0216433552757447,0.00357637845550256,0.00595283380057999,-876.487123801051
490,0.00567796598274745,0.0203099189344762,0.0023621103048021,0.0169847655666779,0.0139682705585072,0.0120853340552481,0.0179389598588647,0.028660450214461,0.00306327546763388,0.00472425775003434,-873.82260483068
491,0.00336391815670571,0.0220959024657835,0.0037385910898454,0.0174192340605601,0.00808760125310528,0.0160741661508707,0.015040041695162,0.015671424205693,0.00321493712510368,0.0047492802037154,-872.928421752351
492,0.00355756823968264,0.0175065310623491,0.00415100286965289,0.0137975873070921,0.0105538937373875,0.00845459148888729,0.0149804072357574,0.0166469252247352,0.00265723673417206,0.00459453167261215,-872.498943050834
493,0.00459859257549343,0.0230919776912891,0.00139251740546761,0.0113694664254226,0.0106268893419332,0.0126087441237701,0.0203394357179562,0.027461183071807,0.0012418757727781,0.00472728854750024,-872.038656845533
494,0.00410374940992352,0.0234069022762873,0.000430764075173644,0.0143845046832913,0.00826910945779813,0.0103580436236305,0.0132536932463811,0.0220073259167353,0.00283513087535131,0.00438556169160513,-872.336936869689
495,0.00641072807976792,0.0241519260996358,0.00242020717952409,0.0177479579972185,0.00686979572608481,0.0144524744934916,0.0156703287346153,0.0166694005692381,0.00305771536897551,0.00438275656318622,-874.561210709969
496,0.00511911090438098,0.0178056640981753,0.00101414813197514,0.0190875703097269,0.00702824664373628,0.0143164456471909,0.0145803028341751,0.0222109720945309,0.00213080481989463,0.00846723027119054,-874.928805603941
497,0.00578648167018,0.0178112086430225,0.00360023302876833,0.0100990266914414,0.00833774792687766,0.00658006817251209,0.0185573128538922,0.0241245717818065,0.00250765597399371,0.00766264095590676,-874.575912324186
498,0.00601858357745924,0.0257409834301721,0.00212022495180659,0.0102692243421098,0.0139652374751487,0.0116320729502771,0.0179223024674901,0.0188534290635982,0.000959485618313469,0.00795462662911599,-876.323223799293
499,0.00361164280347389,0.0244736026295034,0.00291507584601638,0.0173258704531452,0.00972707876367118,0.0115295794938252,0.014687414338177,0.0179109238059072,0.00101009477693281,0.00460409741673894,-872.025153650702
500,0.00449536421707163,0.0229873044675095,0.00371048663389845,0.0184621952268112,0.00988273193676637,0.00735812770449655,0.0134787819787872,0.0250179397096296,0.00346761804400371,0.00683206600561393,-873.990114504304
501,0.00592676485648834,0.0203579349377084,0.00247562185002663,0.0154615529019789,0.0104638132516397,0.0124881432164195,0.0137651294898615,0.0273379651251027,0.00268477954135262,0.00519115749471296,-872.401848714179
502,0.00646468921396217,0.0176285123648014,0.00254870109049457,0.0108885481221684,0.0112339629205278,0.0130163561641458,0.0203128446862844,0.0272096829304178,0.0030020442328691,0.00943596350137468,-875.46660168103
503,0.00369168918466372,0.0220780362889287,0.00325192589723572,0.0120224501661975,0.0115158849268836,0.00625347195923744,0.0175118868902174,0.0171745501263439,0.00184619276088405,0.00593664650526975,-872.459150438621
504,0.00346256315517757,0.0206207555341612,0.00175054496225968,0.0142579734936984,0.011568051677224,0.0103750756412302,0.013197284175093,0.0151947299168074,0.00157910567067541,0.00566886424401419,-872.144930521337
505,0.00448841367644547,0.0219757059225155,0.00409584123919589,0.0103549006278089,0.0110358363336028,0.013324959239897,0.0179991238945249,0.0310949376557236,0.00401122561378252,0.00442301506724212,-873.428128673837
506,0.00280458580643728,0.0188776025151673,0.00327202145450987,0.0246141369673719,0.0104556311391287,0.0144280055625544,0.0172296585095808,0.0246579659139876,0.00119894613922778,0.00675094635817299,-874.566674114606
507,0.00383562129727203,0.0215309473715488,0.00459563265643661,0.0064260527222965,0.0116803125825687,0.0157968069156688,0.017477812433077,0.00824340191598607,0.00136102666641686,0.00942885163777666,-875.795823401579
508,0.0050174366156362,0.0251775121110991,0.0063580550586554,0.00918155970035152,0.0109177178753882,0.00739294951405464,0.0176690368443871,0.0246138913629888,0.00251926128526277,0.00267415056925528,-873.161224501771
509,0.00583777967358644,0.0246872552501779,0.00190128902227335,0.0144995686593013,0.0111986401891575,0.011892617131294,0.0161118599799217,0.0323468417823046,0.00275207329274758,0.00447148422244535,-873.015750435209
510,0.00479191122740078,0.0204778317045584,0.00407264018390616,0.0144653555847495,0.0121658760182573,0.00736103603742552,0.0168240078709508,0.0240679258062805,0.00173379251982091,0.00445535984958453,-871.531217233764
511,0.00672042480881208,0.0226260196477046,0.00308761977868923,0.0146010437807695,0.0127105858253614,0.00809123893121334,0.0174189691140536,0.0306846409654407,0.00236612591845793,0.0050969451976155,-872.971650441552
512,0.00559548427841305,0.0222076392385899,0.00208350540730905,0.014733365035516,0.0122779721024092,0.0142537197595636,0.0201111705537299,0.0293231982965606,0.00334820549678482,0.00273064404913504,-873.775573471311
513,0.00265498307259725,0.0222937197416781,0.00309983472548479,0.00983714069025528,0.00972056178587103,0.0132751909911515,0.0194382418730162,0.0335857994961414,0.00250671311191989,0.0067546455690385,-872.851741242681
514,0.00289737660978631,0.0236245981488552,0.00512316763406126,0.0185748044986346,0.00936652228659235,0.0080079150915691,0.0229331874446669,0.0258692712279513,0.00107572660998725,0.00657508824908706,-875.119510475747
515,0.00478923650373913,0.0180334159651908,0.000455380996603775,0.0177768417741504,0.00929026744544831,0.00836543061721519,0.0175357369373412,0.0219548965490936,0.00359687855236778,0.00652426140845824,-873.459498794375
516,0.00658084814449577,0.0249726440334651,0.000863519973954229,0.0207694712988066,0.0106561448096424,0.00969274827739791,0.0165091137413601,0.0282786448148811,0.000655745963702956,0.00654829236134583,-875.262496032433
517,0.00934130351039849,0.0181354111677717,0.00156410389477277,0.0111307270957235,0.00985119350603609,0.0136330769082252,0.016697765016281,0.0249065165317562,0.00124544694441337,0.00577586389149173,-874.249676071181
518,0.0111788344057623,0.0219590725656215,0.00279973564524587,0.0137410510338385,0.00850569422965018,0.0099380241451534,0.0143639749677436,0.01799937463455,0.00274130266536126,0.00289766053427102,-875.178054339127
519,0.00432087356644157,0.027160939014284,0.00179757846231219,0.0116710426128853,0.00977316822681555,0.0135262659344164,0.0174651368759807,0.022528178431109,0.00211451075777767,0.00282203993062703,-871.566933415292
520,0.00443340309784855,0.0246131657154116,0.00298130628815343,0.00469828106613464,0.0125908683762521,0.01301580162963,0.0170632475532436,0.0254575397088126,0.00293600726907008,0.00242243915088161,-874.116546792164
521,0.00418852787100867,0.0296271493891198,0.00525688291513373,0.013960206084445,0.0136939099444612,0.00602102818535266,0.0178118836884243,0.0221228024691302,0.00436165330354427,0.00301222269819519,-877.684774370823
522,0.00331785806396735,0.0261340785289865,0.00966068744443455,0.00556533777492603,0.00843367955139637,0.0076200220686999,0.017385679745199,0.0253957608465879,0.0012185941510273,0.00712454301298402,-874.833096670713
523,0.00233916691116541,0.0238122454544854,0.00216728133599043,0.0302215715084496,0.0124203818575313,0.00947609506545159,0.0203903698762018,0.0342845029220548,0.00169599588112027,0.00623945789722907,-878.056355564086
524,0.00277695900240835,0.0218536263852569,0.00353458974672232,0.0153557151141554,0.00998654254444591,0.0113511745783924,0.0194539134589438,0.0353954941476985,0.00178054182960303,0.00615852566990995,-872.288809998414
525,0.00376037357087902,0.0233067791941899,0.000905849175009059,0.0177366685942306,0.0104062859096117,0.0137734532454872,0.0204900709569355,0.0243522650553548,0.00237435907647986,0.00372415986174197,-872.408678181555
526,0.00359018867235922,0.020696010141276,0.000292252741906355,0.0170030756591582,0.0102975573111874,0.0102818104969814,0.0161195110646851,0.0258378126023312,0.001808490519753,0.0038691309919591,-871.638939351816
527,0.00558370948302321,0.0193764664948492,0.00669324240136409,0.0222934771016911,0.00806421471753325,0.0127039771163706,0.0207091073695808,0.0231862430807025,0.00251994010288803,0.0043893637246518,-875.127619190705
528,0.00353603218233639,0.0166372131350302,0.00603143492218148,0.0174641977020353,0.0100031547143619,0.0173369860954886,0.0150055460233938,0.016719680779446,0.00260992723755584,0.00429323929046298,-874.286250550401
529,0.00832929908431182,0.0201017915566663,0.00243354648046168,0.0165881944096996,0.00897544803616501,0.00563893029067591,0.0204479369113546,0.0182676257510453,0.00195428302197685,0.00432057881632533,-875.858088971975
530,0.00742769890405304,0.0201119548727686,0.0016756219739115,0.00436110335266051,0.0140546794872379,0.00645780034045241,0.0130452847290029,0.019221291731382,0.00386896450751247,0.00283557654383346,-881.242675963582
531,0.0054840743274173,0.0259160064816987,0.015559037616151,0.00295794857884203,0.00805634061248968,0.00721491948330539,0.0181511453408218,0.0224493122993525,0.0013223308001516,0.00287115610703565,-875.887467276764
532,0.0030647156460212,0.026022096467679,0.00629667950401011,0.0173455146500452,0.0147744729907561,0.00939912184157396,0.014545091013955,0.0237147175786991,0.00208200324246567,0.00214822458019764,-875.079349115969
533,0.00386783515140205,0.0248763087644786,0.00374239430411308,0.0105626540242309,0.0135046143458126,0.0094030793369329,0.020486333995207,0.0244887529541228,0.00262623310450729,0.00372320757584802,-872.92159133372
534,0.00293173094053538,0.022226375449793,0.00529838632266998,0.0148313539218893,0.0119683694112363,0.0106097230867478,0.0193570607973914,0.0253184612757115,0.00218279989476087,0.00524217020817082,-871.845752100036
535,0.00302433249098374,0.0263313049106319,0.00656078422484852,0.00801809015140901,0.0119415211189487,0.00692445718634778,0.0139735131196171,0.0236758991307921,0.00226452527881527,0.00547826973967624,-873.503137451588
536,0.00140742848215595,0.018302141659865,0.00316118434270267,0.0194107277221497,0.0105087113936759,0.00891486183518532,0.011465547022259,0.0244982739525982,0.00230846315709321,0.00531498184313546,-875.538863853679
537,0.00566600031826777,0.0212247999566355,0.00117711102596974,0.0142290595424483,0.0115224567166547,0.0183325809990338,0.0226913871132528,0.0278411391334152,0.00286138076433927,0.00578824492053881,-875.907728841854
538,0.00671660842956512,0.0204585850690534,0.00351648113647026,0.0135757422139144,0.00926632999776464,0.00454077940213719,0.0221875081158244,0.0270030617063129,0.00331940524014464,0.00287852125381413,-876.817632094068
539,0.00793425693060463,0.0247790856282002,0.00307670142881159,0.0139776404476443,0.0118207927083855,0.0060642409654359,0.0187292113704409,0.019641101017817,0.00298021350231105,0.00396412319717652,-875.265951110271
540,0.00728408386928848,0.0175407820034413,0.000881973125094932,0.0181688507484473,0.00848174431269185,0.0172593445114411,0.0203451008390893,0.025377114338979,0.00138106202741622,0.00709149408044763,-875.483171631885
541,0.00255888733544712,0.02409031891898,0.00379144804699898,0.00641796659451167,0.0101537037581171,0.0119789974243083,0.0150012689269421,0.0111455354201875,0.00305662458971018,0.00605389256031933,-873.376255977829
542,0.00291387575395041,0.0220340433079731,0.00260088764983244,0.00639392232907729,0.00783536098790104,0.0112501803309292,0.0137736692779065,0.0134091125346469,0.00156327494925946,0.00469838995423227,-873.930918832181
543,0.00448318026799404,0.0233430562072605,0.00382338371221292,0.0204395492076899,0.00651094024991074,0.0143913499313187,0.014759777335333,0.0309951067441921,0.000977595614693011,0.00328410092632559,-876.908174349726
544,0.00238463656176751,0.0244403700231625,0.00447242963338754,0.00594035988254733,0.0134398682388237,0.011175919693791,0.0195392945910107,0.0138593983661583,0.00363313099901049,0.00535000655328625,-876.218184283517
545,0.00608236333041079,0.0236370609895292,0.00487257436625703,0.00958398568317638,0.0106285182568998,0.0239363421672198,0.020932007985369,0.0376676968977593,0.00282494390715794,0.00256803594086261,-879.114225203267
546,0.00252587477659534,0.0195049896200557,0.00918100703052939,0.0162254306636954,0.00839685087439487,0.00364242973621602,0.0198277251714819,0.0346178967167671,0.00182103644182843,0.00462710865300741,-878.606939375669
547,0.00490200673737741,0.0220837547041574,0.00754595897194527,0.00150804141559498,0.0154218526992543,0.0131336891161355,0.0177768367283564,0.00469218902639171,0.00172669186740903,0.00371971401346957,-880.302767027679
548,0.0105702415321926,0.0190952428430499,0.00646218049460384,0.00934723689410505,0.00748361212742607,0.0158641982016134,0.0150451591457368,0.00462157777400518,0.00238631551241381,0.00359852121580543,-879.590587085441
549,0.00225352034680954,0.0193515717902975,0.004607606468237,0.0143268851428996,0.0112103710100242,0.00875607713082442,0.0171860431217277,0.0170728745279351,0.00144630856142612,0.00337556999070642,-873.06681514662
550,0.00742437038198691,0.022211054136163,0.00601035247910707,0.0159111824952066,0.00888851686907176,0.0101638307610998,0.0143491368675665,0.0238921503043413,0.00301933751539628,0.00420994491614743,-873.716546116157
551,0.00797088331317252,0.0162200608234407,0.00692773930147609,0.0162213283979281,0.0110799494334255,0.0109817519379186,0.0174666648416526,0.0216416333138955,0.00355085389718971,0.00362084605778209,-874.467782000979
552,0.00629957911596069,0.0219563848653254,0.00693669881397747,0.0164943096530686,0.0104766863933253,0.0116972355832649,0.0144409598247043,0.0207434593906193,0.00137789905053031,0.00344087788405269,-873.449977809305
553,0.00819536756354367,0.0140886874779425,0.00552821156715899,0.0199143895385573,0.00943454896133615,0.012852662162721,0.0117220510098996,0.0208790326690425,0.00160703402029249,0.00477522800346934,-877.021779719582
554,0.00621303841388172,0.018088289293789,0.00444650814832603,0.0132409896109288,0.0106004355140149,0.00808652923280597,0.0160910502478519,0.0159268273452448,0.00244323948926958,0.00299733983964872,-873.067946020612
555,0.00988703705294396,0.0195328533768218,0.0037014849749533,0.0131212931396078,0.00977068034153652,0.0115611623307794,0.0140018077150898,0.0166029109998227,0.00306654377606505,0.00438643339017191,-874.006256058716
556,0.00204314115443224,0.0320550377631966,0.00175076422386271,0.0110823509730062,0.0103958542965805,0.0129723437068537,0.0153343564177878,0.0353827441887632,0.0029575377688383,0.00379109091987303,-876.985334361228
557,0.00593490084977347,0.032067315735038,0.00153180782146625,0.0090233782498112,0.0103396223734497,0.00870973335455029,0.0248107064222671,0.0378259535223064,0.00272857417290037,0.00475225149805587,-877.625769353695
558,0.00177695402891774,0.0265467232308552,0.00218261180954872,0.0094181746474488,0.0115762037644263,0.0108207158350546,0.023310541727896,0.0278176924759627,0.000502314266052384,0.00679029434005433,-876.578418412158
559,0.00292816650319627,0.0208117129771896,0.00509016027170369,0.023610621157941,0.00952042987817663,0.0107426865934872,0.0153334201311804,0.026696745945912,0.00265341840987551,0.00567381019599112,-873.566799866865
560,0.003441314619514,0.0248537171513438,0.00709652930047533,0.00401729788124558,0.00971381552757439,0.0132845551208649,0.0156379615382981,0.0130625919517374,0.00341524236015688,0.00545365945813468,-874.029382617683
561,0.00331378211779245,0.0279875437768342,0.0099893303290358,0.00290617183604845,0.0109088404342383,0.00760784849476118,0.0156488300609462,0.026002151628202,0.00218080758109699,0.00276005337180645,-873.296145427576
562,0.00634708033736099,0.0228404882870757,0.01714941144264,0.000878484016545375,0.00847245301172501,0.0128718351240528,0.0137950946041549,0.0179462633173211,0.00237648788750432,0.00271010919339499,-874.86594839214
563,0.00417976245813731,0.0237404921595563,0.00532774605458908,0.0148583445129771,0.00947283216341346,0.00898536839911363,0.0160065479707053,0.0195157351792347,0.00278934607666812,0.00381600034745,-871.521361299341
564,0.00356424525467742,0.023289664602213,0.00100027291724532,0.0102079675313754,0.0100236204494029,0.016383513273854,0.0162031394759837,0.0227396164049116,0.00182366942490947,0.0084061706871247,-873.209424332681
565,0.00348912806155535,0.0171087087428001,0.00599566782232695,0.0099052354644242,0.0113403751212619,0.017716036151436,0.0177593333215742,0.0339855037168808,0.00117782329597454,0.00211631093923879,-878.723217068568
566,0.00286955647137293,0.0339683936877219,0.00198231081118188,0.00907750450625075,0.00823827139900151,0.0156683318426988,0.0174982737694325,0.0192428408491975,0.00272335345350099,0.00350289521692906,-876.768794364867
567,0.0041444167342627,0.0210426717011468,0.00303890701423749,0.0151001413165111,0.00800388134846852,0.00908182683072853,0.0187879864079325,0.0234540738557505,0.00222448195728038,0.00642785531923632,-871.907895303536
568,0.00407417515213291,0.0213640266215931,0.00311088083645598,0.0124571428090291,0.00962300362762856,0.0138953383195254,0.0191510084923352,0.024840330852032,0.00228565226119223,0.00289848508874303,-871.066824603492
569,0.0038887196021177,0.0234027904947204,0.00275715020568168,0.00817929729094946,0.00979991239839237,0.0174025656881416,0.0180659884452482,0.0288762406101649,0.00227218360395321,0.00513191101374507,-872.627137065221
570,0.002627444276291,0.0244046156234092,0.00293239332729064,0.0124713585009544,0.00918917811544227,0.0110157561455422,0.0168993783513662,0.0183781477144492,0.00188427502414499,0.00505829084672133,-870.869190007536
571,0.00424255972026014,0.0242125151424048,0.004893043279667,0.0165616642177961,0.0108140400764414,0.0179477365080004,0.0154587524374022,0.0221472947951061,0.00359130232151068,0.00241369311017398,-874.053235996332
572,0.00317256914012958,0.0195362950790085,0.00561978757154978,0.0145348638534579,0.00915636111606947,0.0129224964257575,0.01865313808722,0.0323457279218605,0.00186087069807549,0.00883748813022161,-874.127692067055
573,0.00551823434188401,0.025332228794016,0.00330355634513857,0.0079584986291607,0.00927267347186762,0.0137068153945973,0.0164883185285094,0.03500298396985,0.00277146866817145,0.00473792098196541,-874.20630164316
574,0.00284917879275182,0.0230057279589003,0.00454296998566098,0.0146720621886364,0.0115773484290704,0.0112551913784694,0.0189645728925594,0.0158283026409338,0.00220070363620843,0.0030965214148234,-872.639245435727
575,0.0031084027532859,0.020885147432923,0.0014700826574197,0.0189041514721035,0.00876676297987954,0.00777904021588097,0.0161358860093763,0.0225627265986099,0.00180063812860595,0.00456873530994884,-871.579155085413
576,0.008370705576911,0.0165310373518437,0.000988736038430213,0.0101300541546718,0.0102091958265285,0.0159400760386842,0.0156067784656888,0.0207267154641258,0.00153205923388177,0.00872449589916351,-875.957237414692
577,0.00460866555562069,0.0269768996662744,0.00476342350105027,0.0197957420595794,0.00825028006398225,0.00662972614638246,0.0110111309478561,0.02315576282564,0.00205110898518966,0.0102057708913989,-879.531043571789
578,0.00547524357594833,0.017396128695993,0.00499627232523874,0.00858154744237481,0.0120110003781088,0.00905138342656765,0.0127680911723622,0.0328729148504928,0.000924694528767953,0.00282355958020911,-879.305560121002
579,0.00409378906728113,0.0175330609727307,0.00573876735732851,0.0132953421506235,0.010641032357078,0.0111614456483812,0.0193110597741073,0.0246778183706463,0.0040079104309071,0.00438774977470157,-873.676262747306
580,0.00522688278287676,0.0198533146816729,0.00876770282655803,0.0151147747652128,0.0118017363803345,0.0102115212365259,0.0192787006415209,0.0310548256607441,0.00207179846795085,0.00699512375598058,-874.773367767824
581,0.00649209013513021,0.0244355295841364,0.000887829943952278,0.00957183078050019,0.00893618908445155,0.0125558593204459,0.019398139553684,0.0285424339232544,0.00317499281971002,0.00355895337440915,-873.435541693103
582,0.00405744522134189,0.0208125352109616,0.00388090050285856,0.0161879602898463,0.00870553618864158,0.0122816625347619,0.0148864667566494,0.0147073489144646,0.00234853106736348,0.00561080600465497,-871.826052324843
583,0.00848506420783921,0.0149565733636067,0.000772854794090067,0.0119665713916841,0.00632321252662244,0.0118536069806459,0.0121572901607609,0.0177851625456573,0.00262822041056117,0.00326710761897509,-877.506121068918
584,0.00611046924794866,0.0307435336156095,0.00735573845385638,0.0186289081799108,0.00708537758163153,0.0090241426018986,0.0220547789420777,0.0145616781436303,0.00377564995551739,0.00440325358838603,-884.406734843492
585,0.00334753092515919,0.020440299341164,0.00968709363853755,0.0210542980259059,0.011688344321764,0.0145824703919281,0.0197815731000976,0.0222879133684622,0.00297221987638192,0.00130211515788914,-876.957759735717
586,0.00384574966660574,0.0314340314669301,0.000711891894004668,0.000107252343726509,0.0074319706923654,0.00761794269371893,0.0164457800151539,0.0148997670202845,0.00302424355066496,0.00265908617902396,-880.367299477641
587,0.00231734778112896,0.027952883626126,0.0190185374765489,5.61983592210128e-06,0.00977547730069856,0.0115514503020813,0.0183582956664453,0.0151890845359806,0.0019599846042317,0.00422606198865443,-876.331428383111
588,0.00198858667134294,0.0231023300310902,0.00189357694890587,0.0131951399362899,0.0112740655313327,0.00834107362096442,0.0135816718104843,0.026587572969842,0.00176722898090214,0.00354575421293877,-871.937179445633
589,0.00650083939912486,0.0237148774231781,0.00217958041697498,0.0100255821720615,0.0113645923638714,0.0105207615840544,0.0235369053448987,0.0244983854382312,0.00329435428201871,0.00893815948579914,-876.895854380521
590,0.00420169237486694,0.0194591617754593,0.00510165273934887,0.00665789884418645,0.0109803158243301,0.00447602457157974,0.0124368283171532,0.0168350256436221,0.00105065934461234,0.00480075806679636,-878.115777261769
591,0.00419606617018805,0.0317986033226719,0.00481241661367253,0.0157001534092941,0.0126680169697829,0.0154990049421417,0.0130471120907322,0.0269720526233242,0.00201716274430739,0.00311418444725938,-877.905636445927
592,0.00557418637728768,0.0140928501434665,0.00308135504000942,0.013774022142306,0.00755469303958813,0.0113262047254765,0.0170834967070137,0.0172710965464054,0.00324659164915143,0.00519050553805073,-874.638446878447
593,0.00915590193897052,0.0165159153658087,0.00462170753616946,0.0104032796453648,0.00995073347850101,0.0147555511746346,0.014769956244376,0.0244888648222247,0.00235042553897135,0.00304836724584729,-874.786781775665
594,0.00229390852299555,0.0279771135052672,0.00197377121069092,0.0102507300622596,0.0106510714614281,0.00923865344814996,0.0157305680163704,0.0138234890693885,0.00239784270304999,0.00474813169408379,-873.45080560931
595,0.00530285448749612,0.024737819903683,0.00159147038917035,0.0137493147849651,0.0107986876646774,0.0130618460471638,0.0180869680514924,0.0386419511588443,0.00234840785754399,0.00713491019823243,-874.870593448915
596,0.00360734258144792,0.0223839151148531,0.00173620050212471,0.0115827045835896,0.0102821675680417,0.0120110370344981,0.020256298062491,0.0305964144471495,0.00273006452997132,0.00134660614228216,-873.144515082461
597,0.00479701063433471,0.0291871102108338,0.00840228186193905,0.0109835812860869,0.00990958235428556,0.012932907325716,0.0170859286486846,0.0181241054706378,0.0025949652096165,0.0017478162129526,-875.547977762895
598,0.00378333228528055,0.0210152485365315,0.00572451654115479,0.0124457971065027,0.0104566136539545,0.0177212033904193,0.0147083830188299,0.00595870073631805,0.00246643321584512,0.00886548671501162,-876.081437079109
599,0.00482176059662701,0.0254652710368215,0.00330369559681664,0.00397195381625045,0.00894429541741753,0.0111390299428075,0.0173616768551919,0.0384290763390627,0.00207753206804375,0.00551379356956081,-875.573259861816
600,0.00194959418149725,0.0226091428424296,0.010324620179684,0.0128001511735772,0.00934010400410421,0.00984711043676589,0.0240848636894579,0.0144620523177684,0.00170212163005442,0.00430512322001309,-879.254982289882
601,0.00732560303749097,0.0169442920077514,0.00062006115988234,0.016992766235597,0.00668407269873691,0.0113574365203206,0.0144424432207972,0.029716309154893,0.00131757547586359,0.00611947754275428,-876.38001116676
602,0.00464051331511628,0.0245917240559074,0.0010787461987497,0.0148225881480577,0.0137233919002181,0.00910102394070509,0.0149414769590059,0.0207281111424983,0.0013332454077962,0.00484973244756651,-872.490053877039
603,0.00344629830341838,0.0190327721912553,0.00146731083244498,0.0179364551585677,0.0118430500136232,0.0113855423368464,0.0237025094009106,0.042369395153568,0.00313334390907791,0.00575694785030297,-876.306325848001
604,0.00408710936884479,0.022667817559251,0.00383671251070022,0.00923689475914762,0.0116078549281019,0.0104320263851219,0.016901209204183,0.034776452736863,0.00199460288731171,0.00388388395677843,-872.716995990882
605,0.00273268831830264,0.023962207475762,0.000710061413606084,0.00812058799563429,0.00989746462471082,0.00782012423409385,0.017760075581563,0.0304874652026809,0.00296137112332884,0.00788984989977918,-874.622782152419
606,0.00755715953114505,0.0231759665554863,0.00109362760239132,0.0127966835762591,0.0115216622338215,0.0101716431534951,0.018252383320645,0.0214469680831185,0.00151164951628181,0.00910706592680925,-874.579272542339
607,0.00628886089913277,0.0222944616072332,0.00455373494126865,0.0139473225345886,0.0123624805824246,0.00741084071378503,0.0128273849755034,0.0238058622594409,0.00144181393749792,0.00434141743994476,-873.397240836187
608,0.0027697408176389,0.0237589586458538,0.00859396124183864,0.0169563044731143,0.00670713384993237,0.0122980756841157,0.020197633856977,0.0284926191264775,0.00153993215696621,0.00438495339827787,-875.724581524966
609,0.00365475816644924,0.0192502546854393,0.00811484926045181,0.0154941772626126,0.00824299727154026,0.0121500776673361,0.0170706681388261,0.0295995720065997,0.00168115585276895,0.00551081115643862,-873.84908883887
610,0.00168702493293247,0.0193290834735262,0.00504986137731007,0.0103834009643722,0.0142854239717591,0.00621516560747434,0.0192713720024613,0.0243637052388932,0.00134887882550177,0.00354034645586819,-875.871168123669
611,0.00485623722541551,0.0194504143071486,0.00154239329537769,0.0184889619059964,0.00794667324614337,0.0134821295525439,0.0166983125642413,0.0207997996302765,0.00170001102286057,0.00383797044375586,-872.012840926467
612,0.00358098886947008,0.0204847803325945,0.00218919293718185,0.0135983869418182,0.0117157545586602,0.0147101277146665,0.0161221036747253,0.0219058555817887,0.00163591488866391,0.00226988511571847,-872.090086095297
613,0.00347501461416693,0.0211154110244836,0.00404830513434206,0.0140601951708406,0.0106181617335803,0.0175778895321939,0.0164592843062887,0.0209932089896193,0.0010423617258699,0.00599430223266306,-873.387089241621
614,0.00219796033417212,0.0238045922317782,0.00430417906440834,0.0116440431242238,0.00764217744900179,0.0147431131245606,0.0175007537323368,0.0206043201868928,0.00301428318764382,0.00197040951003222,-872.999661629356
615,0.00483314734982898,0.0190757200581584,0.00170571699232152,0.0171137850762301,0.00943650873251707,0.012110571191354,0.0175552903763883,0.021654594950089,0.00255591241388356,0.00709046274618115,-871.722576937118
616,0.00709066637372245,0.0236284289215608,0.00276242921120283,0.00951592576213969,0.00969643290014962,0.00481154821438034,0.0153985905429754,0.0140652183125394,0.00165679224481879,0.00443977630811776,-875.763204103917
617,0.00156949783448041,0.025267696828347,0.00566343959193315,0.0202100147109476,0.0119664113390333,0.00305006888925505,0.0154846703770415,0.0305779787405313,0.00139084632512761,0.00591503434265358,-877.83107638619
618,0.00344156739987809,0.0263500350768707,0.000990557429427212,0.00429658496491393,0.0154636079797328,0.0143081283245545,0.0191096465119617,0.018419588585623,0.00258472630344864,0.00280626252939069,-878.455755863513
619,0.00343478835859868,0.0263404570260323,0.0109673373163995,0.00345833367951405,0.00554744620821938,0.0126794115634743,0.0134439270690866,0.0215382803608796,0.00120489657590625,0.00330324912483965,-878.487921193643
620,0.00275754784154936,0.0222818920157313,0.00413134900744429,0.00442720378582346,0.0156858156612488,0.00862701198247545,0.0224361701259716,0.0309399356572844,0.00225290263044845,0.00514263565793054,-876.377580060978
621,0.00314034226829657,0.0224730609004373,0.00327794800635877,0.013349741351315,0.0133752982077394,0.0116831650658608,0.017366315221408,0.0162404420887695,0.00254696452367931,0.00563572660481524,-873.000872217477
622,0.00389603160106065,0.0196991874722689,0.00394255544269637,0.00961813400128836,0.00779005729357773,0.0106001459298416,0.0186065153335871,0.0172441433821742,0.00229193466583161,0.0046567937497816,-872.952241066497
623,0.00388489077143275,0.0216848336695187,0.00459652239668383,0.0180371214007091,0.00714322627720927,0.0141584758706519,0.0218954484939299,0.0217048937639128,0.00130296147176758,0.00710605326071886,-875.941572826834
624,0.00274364431651956,0.0195573928065008,0.00133320504436371,0.0136371419194148,0.00970194178934015,0.0161926263828701,0.0166853620530653,0.0280458743974136,0.00157661626012777,0.00724476581056004,-873.122758335457
625,0.00467629210204413,0.0236297438516501,0.00269262199528431,0.0135492353886545,0.0111877524046104,0.0160122413239939,0.0170309052731632,0.0333038483602751,0.00212291890052707,0.00380722494220439,-873.164660849947
626,0.00194877289086018,0.0215051650542505,0.00275730940364051,0.0147190496317063,0.00975151156441511,0.0111672871894698,0.017974852583895,0.03321597037104,0.0038512050708235,0.00503642070221683,-873.557525191194
627,0.00652639853065285,0.0156211834902016,0.000765298665751928,0.0179566818682294,0.0113244566356524,0.0136819783785968,0.0206772169118437,0.040726074478785,0.00381154448266501,0.00787105800505636,-878.34490800476
628,0.00502434419030051,0.013282314201658,0.00715903823725508,0.021373908799726,0.00498463284544072,0.0175732825887931,0.0186499323790355,0.027097360105133,0.00147956375508687,0.00173298311101818,-883.894047024101
629,0.00426106697704399,0.0209378774673577,0.00699957147015283,0.00940143081746296,0.0110519357783811,0.0200946793846495,0.01688428584382,0.0283253973863639,0.00242546716638626,0.004148334724358,-875.366141425666
630,0.00412957858853478,0.0242531012344512,0.000812723877090441,0.0193079929512656,0.00745746909714427,0.00983940977614076,0.0132193385416701,0.0124248697997948,0.00244991511133558,0.0107544670930934,-877.368582303323
631,0.00356341305694756,0.0207338968710653,0.00178691601919201,0.0279460506711509,0.0119598646662987,0.00981825175066534,0.0182889940448869,0.0360854161131718,0.00255869730657519,0.000320221192933834,-882.645119762426
632,0.00469876045067543,0.0155134074975354,0.00708915201108211,0.0104346244600795,0.0111732698012,0.0134478062878455,0.0209882768014193,0.039609630414842,0.00248130343899677,0.0143760082746352,-882.553722926213
633,0.00361811200413354,0.0188354745669388,0.00566329488811871,0.0194848119591106,0.0110028012499206,0.00425742644424793,0.0194288289347319,0.0126540723300234,0.00202761092523072,0.00724571972145835,-877.938135565781
634,0.00432041825704748,0.0172898564557071,0.00246151901733253,0.0197292669955932,0.0106242321137823,0.0121444517585415,0.0168988815273456,0.0351390143833111,0.00148550892352043,0.00439811178806451,-874.012943074852
635,0.00233306091202957,0.0262028893807279,0.00298596799358718,0.0208903713820776,0.011383245476503,0.00872697446985952,0.0207733809866676,0.030367643134737,0.00214426509556716,0.00314303694138132,-874.201199574979
636,0.00493323918470432,0.0169344247340008,0.00372009778288847,0.0217001018958097,0.0139858691997836,0.010971778000899,0.0251970511584461,0.0271933881687249,0.00264025950116972,0.0049480040155182,-878.235050915215
637,0.00635200282719506,0.0174545149483564,0.00198887505069265,0.0183607145750943,0.0141483457130893,0.0149690162750609,0.0177010830146984,0.015800268865575,0.0040033090505883,0.00689973864097564,-877.763398182871
638,0.00645916095222376,0.0213053597001713,0.00385887278598411,0.0170810174772842,0.00962939818645776,0.0149736207121997,0.016568417885233,0.0208949859157901,0.00168898996703882,0.00330643570533083,-872.353212114119
639,0.00265005869171026,0.0188866819198677,0.0043455620481006,0.0218498270808436,0.00997135485986756,0.00943735633573976,0.0161445524446178,0.0211113155683572,0.00202062891776083,0.00251812887094658,-872.90161066341
640,0.00512291500326333,0.0230109577747656,0.00512292144343573,0.00573484092705992,0.0112259075774499,0.00902105184218104,0.0166954109390348,0.0230439508488578,0.000963668598329916,0.00177387391114457,-875.701066127546
641,0.00314272007407411,0.0241646023453462,0.00861331522778911,0.00473266373489748,0.0101161305669698,0.0199009412249292,0.0164566464177672,0.00592023591364735,0.00254572390693477,0.00276894870867623,-875.83824873923
642,0.00389108683807582,0.0256432551345849,0.00665717123712419,0.0134695765604402,0.00749708328489534,0.0140472995609313,0.0151459984399889,0.0379408192963605,0.00170065484338254,0.00842963234840051,-878.203340533379
643,0.00625522217375364,0.0149768452738344,0.00169254001711002,0.0146784948917192,0.0122567121847406,0.0178832137752111,0.0148448509181536,0.011591031836675,0.00319720261631523,0.00393748964968528,-876.650959841678
644,0.00610890182199665,0.0179456760608634,0.00764931284177327,0.00627863948988433,0.0120110493535982,0.00897380018913186,0.0151228368677362,0.0113797576872601,0.0037940400741779,0.00308104190754199,-877.709731188259
645,0.00342299281643925,0.028738725844748,0.0041849046154422,0.00756894893442934,0.0119259854333742,0.0163460384254268,0.0130635510635036,0.031064390456654,0.00101165641236098,0.00829725451081401,-878.727800246764
646,0.00371766221546965,0.0249101261532797,0.00365201670438612,0.00684825956577833,0.0111460548740352,0.0149854489463854,0.0168985471821213,0.0320216978821817,0.00155052270536791,0.00598985119573156,-873.63541327635
647,0.00266308378444402,0.0211030222423194,0.0074479346243226,0.0130006920110687,0.00997996873948254,0.0177663832299473,0.0186993134879136,0.011099069529727,0.00155362611171108,0.00580091146369346,-875.426116455324
648,0.00200094956830345,0.0231643861875416,0.00355400298316893,0.0133339052056821,0.00800543141088195,0.00980843830737311,0.0158964992495275,0.026855771613552,0.00112068716743509,0.0082956210061942,-873.585980885397
649,0.00439752867305656,0.0142843229430627,0.00507371321210569,0.0118592401826423,0.0147233433317694,0.01277338062107,0.0170718159862612,0.0256540399997168,0.000798393767440395,0.00313332641423233,-879.954484361526
650,0.0066288044774849,0.023198889432191,0.00167266664185332,0.0158486511407846,0.00877028127569661,0.0116265413934404,0.0160850224911454,0.0231162443007872,0.00489323856864554,0.00254847415445266,-874.255879966082
651,0.00450243257523068,0.0208625324831593,0.00273192302925708,0.0165711027540633,0.0109734413852279,0.013899408595481,0.0176300369659708,0.0310098300604575,0.00548585899497311,0.00249723193683303,-875.457612578626
652,0.00485273775350905,0.0204501371829048,0.00141989117664061,0.0154824462917496,0.00849646284843121,0.012369435493535,0.0175263241765382,0.0138523941871068,0.00554096647674998,0.00547330145211182,-876.095649640209
653,0.00452750175301077,0.0204739666767395,0.0015473431992108,0.0150472171927952,0.0103101427137002,0.0104284733094005,0.0118766291262765,0.0176654984270632,0.00119033972743563,0.00408545602281382,-872.549316668193
654,0.00668876638758954,0.020807845201444,0.00353571945670649,0.0145863202679854,0.0100162669031262,0.00970267532851638,0.0190772771911777,0.0372591006112312,0.00201487726359568,0.00693785095006799,-874.028280916825
655,0.00229538520081105,0.0226449859561467,0.00422049088463141,0.0131330741162827,0.00955898311908122,0.011396394216335,0.016718305408361,0.0202235492741245,0.00282370947590226,0.00502416613068661,-871.184141944262
656,0.00443360761849624,0.0204304545950619,0.0111744364123605,0.0155401732257319,0.0120466123717586,0.013888657264723,0.0177636021745237,0.0368479111176479,0.00298948523346157,0.00332345821795616,-877.49343411594
657,0.00278379602683974,0.0210684456870889,0.00923944518205397,0.0110650201939828,0.0111009702334592,0.00664779455251275,0.0208351659597717,0.032148262172182,0.00152916648664493,0.00747598095693359,-874.751186434613
658,0.00364536019373676,0.026239822528592,0.0034377958059176,0.0129088337203319,0.0114583684255562,0.0131423373802107,0.015339531489142,0.018516599336594,0.0026420896048639,0.00479931121958414,-871.930397358817
659,0.00247280132899063,0.0203727646428286,0.00177934644332782,0.0136362645089984,0.0102462130812248,0.0116337874751549,0.012219780218096,0.0162244667239451,0.00226224766945729,0.00342112076278734,-872.134569448818
660,0.00321437775240804,0.0245845811655077,0.00144822454752762,0.0132203174271299,0.0117748147296447,0.0096221447647145,0.0144990477463023,0.0267771165764577,0.00238467865413425,0.00568221959811189,-871.437654182896
661,0.00537233153798072,0.018340040263342,0.00617900118860604,0.0157045371457449,0.00963423953382474,0.00938677831482269,0.019085414307885,0.0120255615242235,0.00319083309096939,0.00589612298178251,-875.48891771272
662,0.00190215125950772,0.0261581939359326,0.00452920122476804,0.0164168100952465,0.0111559280916305,0.00642971791423811,0.0150599419092787,0.0208227411819288,0.00182196589692818,0.00518105411478309,-873.150227435798
663,0.000823299298392234,0.0256537149655709,0.00304471838036537,0.00638232931398625,0.0124287860467413,0.00630263300382815,0.0200428046338289,0.0217693579131645,0.00171051152598265,0.00653569978493147,-876.480829497528
664,0.00761733310765222,0.0203728617891457,0.00696654424300746,0.0029529793500527,0.0129498275463237,0.00825326026717568,0.0169982995732126,0.0194292693687323,0.00141740224784855,0.00524304794057046,-875.938472789324
665,0.0114888549523055,0.021797191468566,0.00824688339355692,0.0010665625148242,0.00977986641581747,0.0127804570819189,0.0164821257695611,0.0177234135086311,0.00120337150119634,0.00446307799010005,-876.392722955408
666,0.0083433989706987,0.0252427323961196,0.0078610691227302,0.00113162049076436,0.0105203687692489,0.00885004319190631,0.0174969095599447,0.0349863522977657,0.00360111467028253,0.00440601839769926,-876.935072021074
667,0.00601245951025351,0.0208112771450962,0.00604925926012001,0.0123281915542391,0.0093634876675647,0.0149398945671731,0.0181356193451636,0.0219935522663476,0.00145390703937948,0.00383230225134789,-873.189152153265
668,0.00179539397155005,0.0220306803890833,0.000691039898217122,0.0131495358344643,0.0127771132338102,0.0109534754440563,0.0173176098999527,0.0249156314238448,0.00236578818522577,0.00242337934047156,-873.62778284403
669,0.00343332976622436,0.0216260951775218,0.0041086035293283,0.015361889248773,0.0126967022692859,0.0208294869516026,0.0180755477555325,0.0214411082852398,0.00287801843631933,0.00343034470208812,-875.096884692748
670,0.00312523015008094,0.0192773519427001,0.00419893782492501,0.0111651811105811,0.0135396173911891,0.00814427394443128,0.0148985751285812,0.019251958756587,0.0038377903898873,0.00296550444099071,-874.33747776991
671,0.00325006707194426,0.0189484392953168,0.00324947025449717,0.0176654223793215,0.0146197231308399,0.0133038346667398,0.0132588532033529,0.0195350079412855,0.00418345756014251,0.00453038131665463,-876.196575160518
672,0.00449619050091552,0.0213211228060079,0.00273417242780783,0.0100118849225167,0.00922667555025321,0.0177483939868844,0.0113459639206408,0.0161242457987546,0.00234010714910898,0.00478550582976484,-874.523886080863
673,0.00356055401174812,0.0255575277280276,0.00500054864318046,0.0170789067456223,0.00802392455674537,0.0178349283702602,0.0220953506823267,0.0181180586770678,0.0018907935461553,0.00683515742607263,-877.149016560841
674,0.0037010694186112,0.0198384881546441,0.00589896212940084,0.0207808460411301,0.00874373103970057,0.0216219453772481,0.0206143143309854,0.0169437344773354,0.00356643786337293,0.00621799220793267,-878.363328287444
675,0.00466599699790373,0.012951831351725,0.00180157295855991,0.0218572168645024,0.0110686680452961,0.0221831699075421,0.0115081419596977,0.0212675957159872,0.00247856030961873,0.00152446142271242,-882.15382572475
676,0.00837280384392202,0.0145086362656406,0.00145957080936467,0.0100761148228979,0.00773465229318985,0.0137453912372604,0.0201599427505286,0.033322796347202,0.00262002277567647,0.00619580562152367,-876.801554739405
677,0.0106569008335687,0.0185735137778887,0.00284105611497519,0.0125853550519874,0.0108479463236609,0.00648200146248247,0.0164967210372203,0.026694621304933,0.004192908244645,0.0079924881569929,-877.265416041163
678,0.00651896448383024,0.0196005007815687,0.00148612527202141,0.0214916140142926,0.00981266761719959,0.0124718082748493,0.0218216620019752,0.0272632193808708,0.00288197026055487,0.0046160872001963,-874.187553666002
679,0.00737370003956068,0.0155398833935001,0.000853199832957835,0.020753652211681,0.0124327053104535,0.011994311102605,0.0231779081905168,0.0305145898300475,0.00317470734579418,0.00449311386179839,-876.665319772108
680,0.00435440513522515,0.0216134984688733,0.00283548265248114,0.0113811032261716,0.0142351367338226,0.00499198682747535,0.0132121792284948,0.02387499690367,0.00174711104140572,0.00472629053544136,-874.122239495555
681,0.00298788662581806,0.021574388235242,0.00174572052043112,0.00970598609805364,0.012405370127257,0.0136193794466908,0.0128057180700344,0.0310383000454452,0.00230564507388231,0.00376689157499509,-874.829730064462
682,0.0031564482687166,0.0295490727510082,0.00519677433303029,0.0148981347670869,0.0127149156645481,0.0152947672483223,0.0199477547059974,0.0259184560092641,0.00261406190550757,0.00367617495932783,-875.902837894927
683,0.00359830192953744,0.0241373194680998,0.00517766845898309,0.0156162633046554,0.00991510883181934,0.014468293028947,0.0163006233757993,0.0255727138726765,0.00259719171602404,0.00306669799467452,-871.693145519232
684,0.00471885261814276,0.0250992069135867,0.00111154929309677,0.0126834392003468,0.00938621050250258,0.0128489664476999,0.0183683424817389,0.0218907973873667,0.00289972415800815,0.00599279859772503,-872.040263468784
685,0.00142344584469331,0.0197948149449573,0.00473396939489336,0.0144289366777297,0.0119712053225431,0.016666471712798,0.0153119815795686,0.0206565449362802,0.00237111445097671,0.00629712637516477,-875.080700961956
686,0.0046771148116258,0.0220966683081252,0.00445260148382618,0.01165095740107,0.00762529093990068,0.0167948825477925,0.0182748652146889,0.0178749052423032,0.00340401708449851,0.00535547057051785,-873.870263462318
687,0.00526334791863991,0.0216922175087001,0.00299406008196026,0.0129359280715432,0.00775968968372848,0.0156164300735269,0.0191528186723968,0.0253583615739604,0.00172582004198834,0.00374708770151028,-872.444838453517
688,0.00223450404474578,0.0225702342169478,0.00145499611397011,0.0123448834706887,0.0114906201433923,0.01374105321099,0.0158626892126342,0.0253228134833186,0.00153446135129624,0.00456998669145335,-871.697266955564
689,0.00446457949057499,0.0183003892063182,0.00590253935223911,0.0012763144679001,0.0081850024424276,0.0135430340278887,0.0154905632594042,0.0056138793335602,0.0022148206500663,0.00411982100264329,-876.884508842477
690,0.00916498716960552,0.0235648050182258,0.0110186496795822,0.0170899395942417,0.00952739642864086,0.00897341061066058,0.0164214110895419,0.0176855893335339,0.00155011803343391,0.00498373871554918,-877.985659153135
691,0.00542556495746292,0.0307677216971024,0.000659601216520108,0.0109709665510249,0.0111709639561685,0.0090504781582044,0.0135949954278247,0.0186756019643711,0.00109910919111888,0.00194441139728136,-876.814523439768
692,0.00447784864881426,0.0178143819877922,0.00424824446576165,0.0072825010199144,0.00716372545067186,0.0255054501321172,0.0210025526377295,0.0300568251464777,0.00157725680751418,0.00993833073726088,-881.196093869508
693,0.00351236048363093,0.028867501032327,0.000449427626235161,0.0105915716814379,0.00734050605337364,0.0212310240854234,0.0180609105788035,0.0229659003231057,0.00202351902015877,0.00358061454315115,-876.7800983175
694,0.00639637580785002,0.0163306296605832,0.00108819781149945,0.0218632426950891,0.00785384736193512,0.0252292144139624,0.0160521507602758,0.0181134034298337,0.00400792558892644,0.00434646572409647,-878.581085355649
695,0.00714654854389161,0.0159144323088987,0.0040825294203422,0.0248560217542011,0.0112006236575383,0.0284046863189649,0.0192243270357595,0.034512233150735,0.00423317089073749,0.00504949240196539,-884.491335907426
696,0.00365351076080617,0.0208271547019469,0.00271354238563806,0.0147137508606805,0.00753283689525561,0.0202089910549037,0.0207713136704401,0.0276553464868181,0.00397364508038633,0.00796176020673326,-877.092920067697
697,0.00352875159608564,0.0203130691554101,0.00102057463572323,0.0225690892628719,0.0125667463633006,0.00628813963773298,0.0180103475419293,0.0240798055810318,0.00170410469281993,0.00506138696785899,-873.573759468334
698,0.00463139833688157,0.0219177286844006,0.00442562825603413,0.00358953267847519,0.0114047716659146,0.0252959163058576,0.0148177694280739,0.00471330254155419,0.002314730293027,0.00276101255392712,-878.446844106788
699,0.00286006644982362,0.0263719692779658,0.0175404074333927,0.00594999249201561,0.00935123425357979,0.0107164818358804,0.0154443156474144,0.040478822973013,0.00198339137844222,0.00548974993737819,-879.20289603244
700,0.00263089028431889,0.0269136922550315,0.0253084172940657,0.00714264227715973,0.0111003197921883,0.00944476358331412,0.0247726676697161,0.0402986749227676,0.00372025259346213,0.00588009348689591,-883.996595693222
701,0.00208444742772358,0.0262582797367863,0.00204247567097319,0.0127027201244165,0.0133234734734086,0.00887347220204903,0.0233932228835056,0.0338503755602414,0.0017969438464164,0.00456605728025322,-874.354072113537
702,0.00285855032698822,0.0250339049281257,0.00138423799689292,0.00959336919919831,0.0130686012020341,0.00695176500925692,0.0220210410816097,0.0255758098460028,0.000552924709296549,0.0115408504091982,-877.906101254643
703,0.00256365871850409,0.0260529692695021,0.00106650207034447,0.00834039359385831,0.0127851503849743,0.00810182975693037,0.0151421758169092,0.0268886464810888,0.00284820089798302,0.0122164506818494,-878.182190909501
704,0.0029706496369558,0.0191997638218376,0.00291037147624841,0.00976609107939973,0.00688112123814985,0.00905909274749048,0.015699363969624,0.0144115729547828,0.00348858285913957,0.00874167004371771,-876.397409236388
705,0.00744248197760535,0.0172414716248169,0.0042560188686626,0.0106704453540511,0.0103940438184811,0.0101798086377552,0.0156835878628709,0.00871350630469691,0.00431525370606708,0.00738680266741827,-877.454096166334
706,0.00518955993935353,0.0178408626168356,0.00200728347082925,0.0156043023033848,0.0110122283689811,0.015056154644102,0.0135076962712801,0.0231009618496891,0.00107798422444173,0.0077173742967033,-874.675540599129
707,0.00397165816981634,0.0263608012194092,0.000975204750581608,0.0145250661474252,0.0119464711770683,0.00821454753770784,0.0183383281629652,0.0182331309869406,0.00099588917319727,0.00458006091220773,-873.559673546745
708,0.00369827191285238,0.0180521265120379,0.00205482883355374,0.0152905556263601,0.00998310056932069,0.00694964164571053,0.0130820839885841,0.0290839707277601,0.00249971150358953,0.00210799179514694,-874.990773625725
709,0.00381627649963599,0.0176462563702367,0.00224651818155932,0.0157575064515444,0.00995942893360086,0.00520598582078586,0.0195257799266437,0.0252378191741855,0.00317473733195376,0.00400190138121718,-874.11019401891
710,0.00614240914617708,0.023509815551911,0.00138753223584902,0.0154975970171989,0.0109117090126852,0.00724145835962178,0.0209680783243571,0.0256430847415512,0.00218628804357525,0.00259771867559203,-873.502157236843
711,0.004542521443019,0.0242919454555815,0.00382745709672051,0.0158350588584897,0.0109294563104184,0.0134247322635736,0.0231984622842297,0.0378204902893313,0.00128823916478339,0.00352756094525107,-874.860748348981
712,0.00313310705034248,0.0210305042337048,0.00212042155524877,0.015046227042402,0.0102975931181272,0.00739411692484775,0.0215245518855956,0.0145016456507569,0.00179751227314443,0.00602005730851811,-874.645572957115
713,0.00267865945288043,0.0245753828331656,0.00529681675964716,0.00235332959091572,0.00789867685406305,0.0159132607147217,0.0165023185829401,0.0167227266043216,0.00202453004355343,0.00182789998047213,-874.471157904567
714,0.00384911880213434,0.0265541617208881,0.0100177430260028,0.00124451377981654,0.0101837170838862,0.00720644516071337,0.0116331643002533,0.0201880643947438,0.0036155084920307,0.00514321242468177,-875.772397755334
715,0.00756821167320821,0.0230489411639923,0.00808044390268195,7.11087465252157e-05,0.0119973253886492,0.00576171878664463,0.0196888767568752,0.0246154574597893,0.00413949210364392,0.00787952722587989,-877.744195236993
716,0.00740374920800096,0.0243604442500053,0.00484325855832974,0.00704941856238801,0.0138850938386484,0.013571759184021,0.0132921197463196,0.019844523176915,0.00394461611485431,0.00112928273128738,-879.462152412303
717,0.00350061383710121,0.0252586163882675,0.00590155205695024,0.0140071583868651,0.00882727538877867,0.012299928372015,0.0153272959175509,0.017472122560772,0.00303551825488829,0.00195027156483826,-872.7553931734
718,0.00286499213006255,0.0236681937872786,0.0060358927212279,0.0069122464421705,0.00917115155439081,0.0124499037927193,0.015194608613347,0.0158861720815251,0.0034832501566303,0.0051262292173527,-873.524107470156
719,0.00171303426986631,0.023483186605062,0.0129681402562865,0.0148757452148151,0.0089554634141393,0.0135673286819128,0.0121498151689644,0.0173320957121484,0.00326269267623427,0.00200958631152357,-878.37327776883
720,0.00598226275131282,0.0236962176116844,0.00807305917801004,0.0116642171351301,0.00983414344462836,0.00658624771248057,0.0181408454093483,0.0327516603925625,0.00230292029979146,0.00867904509142148,-876.192955508371
721,0.00489941268827481,0.0176230856777186,0.00453054146742517,0.0149057033776586,0.00990503520996033,0.00742588600428744,0.0182752045079401,0.0213407996387001,0.00250531853959556,0.00305774205125653,-872.765219137252
722,0.00663032530172192,0.0129303688103976,0.00287639589393545,0.0216840394986591,0.00996715527791725,0.0171127360459577,0.0174382248633414,0.0219048045660408,0.00368947984644985,0.00736211708625862,-876.922401401535
723,0.00913125041197569,0.0142156269818857,0.000689445843292056,0.0111671700290917,0.0100022093593566,0.00832730622217122,0.0159726274414895,0.0205029022861272,0.00159386770986439,0.00755604158911537,-875.780817946633
724,0.00618525382089388,0.0144213058880946,0.00404173045530422,0.0196922063699312,0.00799894788399874,0.0164075162939079,0.0186189692979482,0.0258651021787773,0.00323289571748249,0.00775521605416487,-876.130263755891
725,0.0051899222580103,0.0145636703540072,0.00238563890872324,0.0156045482212553,0.00962746011812884,0.0104404920511578,0.0196709768454272,0.0222737015259673,0.00196284175883446,0.0060388514938038,-873.663621050735
726,0.00629649929824231,0.0214706343104175,0.00311262207355904,0.0140010222919101,0.00957047849825913,0.00693206115132764,0.0175169784039188,0.0277475501698169,0.00146651324754247,0.00347315215766351,-872.65312415221
727,0.0052136663528491,0.0253932526870464,0.00142819660132221,0.0108188245112115,0.0134638718536226,0.0104242257968955,0.015755594249769,0.0239880655440614,0.00393105528178418,0.00379748345120142,-873.78132235042
728,0.00489159306280264,0.0231991576704637,0.00274293133302513,0.00797264589742601,0.0132918523559685,0.00947036031536216,0.0196492814195613,0.031056711205933,0.00185209502274172,0.00698939699946648,-873.471145054205
729,0.00541611378554636,0.0216974370957963,0.00205001441395364,0.00644610357438788,0.00853376019071027,0.0108110390608588,0.0156825925717137,0.00414162140830015,0.00358985096514237,0.00666145875888659,-876.471050220603
730,0.0061955611798891,0.018363552287217,0.00561153299039167,0.0165704173663627,0.010559493495345,0.0175890381918661,0.0161488979965219,0.0202890492822012,0.0026221889922232,0.00678925573654807,-874.492227053032
731,0.00197902411177606,0.0185265247218507,0.00398960587012049,0.0150287433051058,0.0103583875506136,0.0192619193623498,0.0128780805236538,0.0267666043841175,0.00083948344236567,0.00378365717419588,-877.771027817215
732,0.00550743318180278,0.0182102602563277,0.00279880471144361,0.0170850428413034,0.0100916861960507,0.00486944960994888,0.0167978800398221,0.0284998606470609,0.00296391459168549,0.00659279803191265,-874.261080253954
733,0.0070121025920371,0.0205050232340375,0.00512246626864458,0.00774756256488539,0.0101750398320195,0.00860756771761457,0.0234800463341341,0.0304973170767933,0.00146446793807216,0.00259262425667653,-876.454515513879
734,0.00923617070164775,0.0204935470900593,0.00438675234145538,0.0118610022953567,0.00886085627262928,0.00847740378113747,0.0190690249171579,0.0252192572609694,0.00268611774553617,0.00227578144051616,-874.676264669696
735,0.00107998687810635,0.0278462350126579,0.007353509815294,0.00572365364206281,0.0127441922620482,0.0133179813562403,0.0155664040222081,0.0175133508920155,0.00143525861716718,0.00512924055619378,-877.025936315492
736,0.00885559352479326,0.0238941929822326,0.00348927647296345,0.00592121416195563,0.011184343666795,0.0157570169694506,0.0166926183257787,0.0121838978969154,0.00343871190329013,0.00611701434155768,-877.309224157906
737,0.00231099109780522,0.0232450960418334,0.00276948569168296,0.00332274733546753,0.0108457936925167,0.0182206179865185,0.0159080907621095,0.00347530370775831,0.00374250049640909,0.00748103316331629,-878.263977335602
738,0.00104170441639654,0.024374116355213,0.00400057490920447,0.021202841595424,0.00608639754786738,0.0135088690015155,0.012604446468468,0.0206810663694156,0.0033706180211152,0.00565607743039745,-879.739199298568
739,0.00391693620042757,0.0170389879308236,0.00185434632481731,0.0115246072920325,0.00584519687572246,0.0115454237084623,0.012768997832984,0.0179425596305595,0.00175324097550704,0.00430220897920897,-876.706172923145
740,0.00830577783637601,0.0201248995508321,0.00341704928447778,0.0144472636780196,0.0159448672942553,0.00751801267544211,0.0161402615945892,0.0318973549106087,0.00251276580037386,0.00352468635917001,-876.85937803958
741,0.0070361967220969,0.0230761638954134,0.00366335482149564,0.0127402499874189,0.00911393777722116,0.0155669056829539,0.0185737861624855,0.0234909721726871,0.00146516107573969,0.00281117193871764,-873.410086916553
742,0.00792177622599528,0.0212325758385692,0.002829764606823,0.026203911466354,0.00921809748604629,0.00825476431383812,0.0194009283453097,0.0284015866654358,0.0014420638259738,0.00925178400831929,-877.333154910807
743,0.00429472850049903,0.015812648231803,0.00404229360427233,0.0296621827345686,0.0104972548638081,0.0172108728629373,0.0200934780248674,0.0303477105203,0.00136293208111697,0.00825036597978024,-879.264442827276
744,0.00384607114949183,0.0190666623381014,0.00632764739641246,0.0193168558174096,0.00742898256085184,0.00585314967594011,0.0192949758493461,0.0132372082325339,0.00138719622302378,0.00402166838463567,-878.691081558943
745,0.0033653683539669,0.0273564561442135,0.00230779382081727,0.0198365440947265,0.00909435382969352,0.0156516601823257,0.0162318918129298,0.0320661816650613,0.0026751886874217,0.00319041645678343,-875.142375477205
746,0.00366059624893164,0.0182440545288739,0.0058474176921411,0.00744684419805386,0.00932813527907263,0.00798271537761882,0.0124601306470648,0.0171227997628169,0.00449654263870443,0.0035485522674393,-877.415100105776
747,0.00340059578784637,0.0198328733155261,0.00187358609221391,0.0101426598117006,0.0100637811472248,0.0105082756817548,0.0158832541725176,0.0244296915765486,0.00208764889933721,0.00526373026251252,-871.061354937187
748,0.0046735188328762,0.0205962776701486,0.00279428610401538,0.00854056531407697,0.0100265745758779,0.0118349927054218,0.0145848505187098,0.0195318347507965,0.00417223958841148,0.00515552619112824,-873.235726803396
749,0.0034417361791879,0.0225127666935986,0.00267376467764577,0.0143259548187517,0.0104159638143406,0.0125863001880016,0.0184422157599818,0.0209533416309416,0.00226839667930374,0.0044731592975873,-870.537348487684
750,0.00600238158465559,0.0262279763590881,0.003157546486363,0.0097098379461415,0.0109303265037743,0.0106076637684905,0.0144146879717004,0.0262546665653195,0.00176697379721287,0.00248162081281324,-872.925692887388
751,0.004474737481157,0.0215104645333647,0.00290583077449213,0.0185078692778991,0.0124844174658154,0.00814800461010724,0.0204289276002024,0.0209976193553306,0.00302516251414992,0.00587966323257213,-873.72294893142
752,0.0032772896711978,0.0217234491162297,0.000601269299657972,0.0165918569765887,0.00889129229307487,0.0110662503869953,0.0190750305113379,0.0206451629029689,0.00295363226653596,0.00330440209396574,-872.136053708231
753,0.00225030147165378,0.02217397409381,0.0046011252151752,0.0154028176465739,0.0105292786979073,0.0205232435434101,0.0154655478649095,0.0223182819971672,0.00535765851546574,0.00240754896798424,-877.14679422657
754,0.00416977803648163,0.0175466594796865,0.00447042039198826,0.0175242660144496,0.00929167613708885,0.0197051079152149,0.0149373411141101,0.0159552984871135,0.00472876747600532,0.00262612929027626,-875.887857780939
755,0.00514758909644984,0.0191768187796985,0.00403776585029985,0.0166759280760665,0.00799712648247652,0.00837828463203184,0.0194076886831062,0.0283692662906313,0.00508291844370449,0.00544298237877297,-875.782054856735
756,0.00218438557669931,0.0224173732606339,0.00373396705486049,0.0112805334298098,0.0105436583311153,0.0119425940424437,0.0152884708647126,0.0189241287011671,0.00474322459130091,0.00468186824630309,-873.712936321923
757,0.00503914384418679,0.0168158504306566,0.00183139772647403,0.0162134350397279,0.0110177897067159,0.0113680625030564,0.0183504331092714,0.0242058221918004,0.00279383853331667,0.00448093324028079,-871.905920348353
758,0.00317072458924929,0.0161501023939026,0.00562757465744587,0.0245229890605132,0.00848042999645089,0.0119104882221797,0.0214064343016096,0.0368568621868796,0.00295224274504965,0.00602320115509868,-877.502633382942
759,0.00446621887906495,0.0258450451007787,0.00102943144409708,0.0286151277174042,0.0102892713690415,0.0169510924209754,0.0220304720897422,0.033755717222513,0.00103421354557461,0.00511557005889411,-880.092645238784
760,0.00693034008225649,0.0178042210808463,0.00290455752779468,0.0229394563546299,0.0112171497493293,0.0150412038710396,0.0190268621319742,0.0316508996707696,0.00258814835144316,0.00363448389528915,-875.127427345329
761,0.00442926287974642,0.0191296432174426,0.00177345865323878,0.0161609546853362,0.00889452995392614,0.0167587525663426,0.0198873362457586,0.0309250264305325,0.00352441893751311,0.00596903577977586,-874.05756902041
762,0.00478165747213582,0.0231572271600859,0.00202366006815296,0.00424652407411493,0.00854452074158168,0.00823515434609316,0.0181107611410007,0.0205862282587383,0.00365436448674879,0.00200270889434487,-875.721725055271
763,0.00539280798509535,0.0271923469752925,0.013327979810548,9.81163356508497e-05,0.00821666253815167,0.0132137046395903,0.0140404295520166,0.0134578969826662,0.00110971341664531,0.00472678064182065,-875.769089782187
764,0.00356772821977891,0.0229254157267042,0.0118223090394248,0.000923722823608724,0.00950107817387807,0.0197251349482698,0.0148172604036612,0.0111759468160157,0.00338802773830505,0.00441078626589222,-876.273307121753
765,0.00537146029835172,0.0220592674908583,0.00825376925350216,0.0169482201456136,0.0128953342533583,0.00614931383026936,0.0148581448163077,0.0335877770468269,0.00265751656102909,0.00419603331464981,-876.384655186686
766,0.00303859620381873,0.018856159561729,0.00127534154855805,0.0220481476390031,0.0125738069763045,0.0156861703692074,0.020550197756752,0.0350347311483438,0.00150677551012284,0.00540649953904327,-876.190372759813
767,0.00396553608988,0.0186095551843975,0.00527820471138927,0.00969303864416992,0.0127361691519104,0.0107661876581847,0.0185645733541786,0.0173061813331317,0.00143937823256298,0.00366141859870812,-874.735132624996
768,0.00417114581257207,0.0230295319904839,0.00391357960264053,0.0127197862759909,0.0110465077082645,0.0147814901978381,0.0147381837044753,0.0210381172963807,0.00299358866508904,0.00476029680218336,-871.824053196461
769,0.00724160617683658,0.0189178477280896,0.000776067903059825,0.0205451789592366,0.00952788527448571,0.00973671705003869,0.0151411517972024,0.0184648576420922,0.00181395918404235,0.00357275178833523,-873.140558678519
770,0.00626056486550323,0.0233469077455802,0.00339306628375489,0.0134824335738568,0.0106868796945848,0.0145565320408719,0.0190001493330095,0.0247518783555683,0.00277168634207044,0.00539950242729832,-872.819678575476
771,0.00357834001491589,0.0202535475342577,0.00344016594262691,0.00555837388921077,0.00861143800518636,0.0188144520599306,0.0168201527847734,0.0315357481092512,0.00288937027651451,0.00460515550477581,-875.441899597327
772,0.00342213969169189,0.0196910469031462,0.00582425999911468,0.0111526144465426,0.00847715849876059,0.00881597152197319,0.0167702475992588,0.0320619722074879,0.0024665158741348,0.00161308885378359,-874.7952322249
773,0.00366375441582119,0.0191013059000661,0.00351438317051928,0.0112347199668748,0.0128028964784717,0.0147717083895659,0.0228825353244508,0.0269407760392392,0.00421073101630608,0.00440876655226939,-876.347454408711
774,0.00654698184148394,0.0220189280101174,0.00285234584142908,0.0138591446386945,0.012566666673441,0.0123205447509249,0.022847913928257,0.0289313989486472,0.00452344629060739,0.00295984014333624,-876.275850966416
775,0.00208056697702465,0.0206481524920549,0.00461535323434224,0.0130504356945602,0.00657959977371844,0.00973715129555371,0.0137091638608053,0.0251105379670224,0.00344609348010778,0.00161399666463275,-876.141390119741
776,0.00761288378549722,0.0264004705145914,0.00533032287426621,0.00753117711934985,0.0149900504446093,0.0115873214985578,0.0196236183720672,0.033230101767302,0.00150675893790866,0.00521919989629166,-877.885133890314
777,0.00636906292910897,0.0201675039936936,0.00824808758766101,0.0120525528914532,0.0154523044743838,0.0101993112082429,0.0207139288272453,0.029408457671264,0.00434877727100815,0.00594506783966602,-879.575183967707
778,0.00191769158996142,0.0206656031597949,0.00147777258331601,0.018451029740404,0.0150012514150632,0.00821238209608536,0.0177584093630148,0.015383742230672,0.00150243856043273,0.00692035242985033,-876.749330305649
779,0.00656841224656586,0.0148430995046466,0.00269824264704193,0.0179497618212951,0.012207692025256,0.0112711434413037,0.0139175132757145,0.0144413988131355,0.00448445115841057,0.00322208791231546,-875.867148613388
780,0.0063085435388467,0.0276400202978696,0.00126934127046583,0.0146582364405096,0.0157666887963735,0.0138989923281132,0.0158595858054624,0.0203517862569868,0.00421474844123517,0.00649082091436769,-880.091731972869
781,0.00696750672864596,0.0242783486225836,0.0033940236013621,0.013340431956303,0.0126169342795365,0.00449865451792186,0.0159911113734745,0.0255877484362451,0.00312129575237778,0.00663717831380876,-875.582028555746
782,0.00490038060667529,0.0236145711841565,0.00310431760088385,0.0120667112575846,0.00962661906108994,0.0177626981360407,0.0172809488191709,0.0313538938924987,0.0025099024928385,0.00115619390200969,-874.616596168826
783,0.00660319690547439,0.0213562291424161,0.00421058690944368,0.00826533565835021,0.0097249439864858,0.0171491023676633,0.0193728534596225,0.0180824912865902,0.00421143466320144,0.000954660003762806,-877.377246020878
784,0.00609909742599285,0.0223050365470038,0.00245540300215181,0.0129968393903416,0.00811418531130563,0.0149173786499275,0.0140821310312723,0.0222284833496629,0.00223281524943157,0.00895495968741344,-874.238510541929
785,0.00392342673167459,0.0213325319200589,0.00192395874521501,0.0133772099082479,0.0129744134401052,0.00608503543271854,0.0157115295621574,0.0306151144227129,0.00217670905739279,0.0111684069643381,-875.410561272494
786,0.00595536172195517,0.0159184796531314,0.0058181725123525,0.0198906652540192,0.00970559727406136,0.00492055650441354,0.0171051329556813,0.0134796620313136,0.00243207871942785,0.00344115855182124,-877.492524620163
787,0.00469078374126117,0.0214064204034832,0.00545752570968007,0.0154289048780372,0.0128530026752161,0.0140548237714828,0.0141347587524058,0.0132528018522977,0.00169088360097812,0.00186369196637891,-875.191632408254
788,0.00291870371604833,0.0197586898598925,0.000917752349895295,0.0188316211708625,0.00839204192104558,0.00786363763970045,0.0164301562190354,0.0151085800199795,0.0052458820051173,0.00311680025757015,-876.610309305489
789,0.0047314578434836,0.0240423101651067,0.00619903119577284,0.00698248435759377,0.0088252180146575,0.0109337291462957,0.0173619988135132,0.0311722119865765,0.000798210374411103,0.0111865208280519,-876.874718394638
790,0.0040829106632844,0.0208270978924334,0.00524848892394088,0.0153993468236713,0.0096131573574348,0.0170244944864351,0.0176222971783283,0.0295515992652753,0.00196799283367664,0.00979259390075985,-875.227136121783
791,0.0065543176125203,0.0158437622508061,0.00285194513237899,0.0190618724587932,0.00899537009928142,0.00922348246620645,0.0161291691563755,0.0200909035511156,0.00221407102319237,0.0075557089929397,-873.362959846828
792,0.00555296955215745,0.0179534949919468,0.00362873357801829,0.0178723020933676,0.0108528812543485,0.00871731274193352,0.0177537069066373,0.0212314015729076,0.00257857306804544,0.00417717702552601,-871.980793086149
793,0.00818415711024618,0.0190687972795846,0.00571035249326998,0.017416216108386,0.00987722511862489,0.0162888057806637,0.0209130331776563,0.0285915718768669,0.00229307740066628,0.002108606121033,-875.673974919177
794,0.00404773981773035,0.0219349683583871,0.00030621435579833,0.0125248787098425,0.00689952696841274,0.0169929036912713,0.0143527752829445,0.0176202473184011,0.00304899019930181,0.00304807648016846,-874.566074856518
795,0.00460499135280057,0.0211410571629458,0.00733441544797045,0.0188980952871573,0.0132724181562062,0.00596778072390346,0.0130911056620559,0.0244616850984726,0.0022258849363266,0.00373048552334583,-874.959960138252
796,0.0020637180598746,0.0264921443376815,0.00476208024378271,0.00819397507952974,0.00994841121577087,0.0159348396323676,0.021797191455921,0.0243132972642848,0.00189110621119344,0.00509408509299656,-874.112558569791
797,0.00311610700909871,0.0241016573346101,0.00605693361166157,0.0059086467312259,0.0108065025968358,0.016145305680234,0.0188512853011241,0.0299550742763041,0.00296876786863283,0.00440645349727154,-873.962183093484
798,0.00642975044568934,0.0213246436968034,0.00688802206771255,0.00950627776785013,0.00884544363572541,0.0194506905216245,0.0183689576563257,0.0313138569205819,0.00253976117822621,0.00295347983302167,-875.866572519793
799,0.00260545520684067,0.0271985714204007,0.000846559462378355,0.00978805517887691,0.00861128903347252,0.0121734718782098,0.013476226709259,0.0191045296975668,0.00234435026335917,0.00483322045088938,-873.032505311519
800,0.00517347234937906,0.0247753691890109,0.00103848316350898,0.0103164824822057,0.00884738455150187,0.01348140065436,0.0189843616240516,0.0341082539262023,0.00153232217965324,0.00467460785772274,-873.136598119397
801,0.00712228599616143,0.018881334488192,0.00356818645047981,0.00632823505137327,0.00893859868545699,0.00952170238299375,0.0208400772313929,0.0151435464837512,0.00179893294484762,0.00509364452910913,-875.611068969519
802,0.00419879301261656,0.0193400609059152,0.00276507995016896,0.00476575131830866,0.00955956486183144,0.0118480185814177,0.0215462028800989,0.019328829453405,0.00282715063702135,0.00343403526277745,-875.104670464833
803,0.00255348081840489,0.0269878964096744,0.001828378473175,0.0028443321489444,0.0121138164301789,0.00880526075295826,0.0191427987481935,0.0365260828207449,0.00147334522259031,0.00990136141294236,-876.996864915965
804,0.00459316437557507,0.0211064290284555,0.00484225417481722,0.0142170288805576,0.0117312736169601,0.00918292308365876,0.0210727280797448,0.0432715701283436,0.00216805065005948,0.00808470657476731,-875.823340221074
805,0.00912489398890323,0.0207830472831564,0.00082607884190951,0.0158544900741799,0.0095106774578651,0.0121495202990491,0.0221648886209985,0.0204253230321103,0.00144542785986548,0.00497733670795465,-875.767267460542
806,0.00422119488742871,0.0193629450437227,0.00421845422306598,0.0150206145606427,0.00902701494359036,0.0113552842262856,0.0115190753986131,0.0155180851612451,0.00210010963631287,0.00734804417420819,-874.170388344073
807,0.00266852620340007,0.0200900492632722,0.0042620589974424,0.012602471954116,0.0144946678608539,0.00866517176856592,0.0192437985501706,0.0388394426550666,0.00193414375466846,0.00562966631191329,-874.966596961692
808,0.00728240550853831,0.0255460990581501,0.00609556471788859,0.00930437551944624,0.0132786565888372,0.00763293690193387,0.0237608058206426,0.0311909559998404,0.00176739404892915,0.00330458980903059,-877.016007298181
809,0.000295933148363356,0.0264048825305661,0.00389135803163148,0.0129444498142377,0.0121819303383735,0.0120041748253919,0.0236684250881983,0.0324345026098745,0.0026391620365295,0.00560745951357313,-879.408597495593
810,0.00467416510562316,0.0235259849679542,0.000790349414707562,0.0118998217743945,0.012025625705926,0.0132963965735918,0.0244491292533494,0.034868772778878,0.00194269115373199,0.00688820308860559,-875.439661068181
811,0.00293137446266274,0.0236955909477654,0.00301049918546213,0.00963133209656421,0.0101783122258485,0.0129444867832846,0.018695476364812,0.0135704837397856,0.00263210593814134,0.00505366684613133,-872.403821513281
812,0.00443952423177218,0.0239211207850727,0.00278022754737012,0.0188248296174417,0.00902278722615562,0.0100856765739297,0.0202743489340834,0.0348936302799237,0.00142752229687522,0.00693792696787686,-873.608043572427
813,0.00193958467603955,0.0231675655902765,0.00620632950548692,0.0150822502960899,0.0131676640583488,0.00642584837685985,0.0177981870644844,0.0230459595203566,0.00271205372098914,0.00678755842382211,-874.182102045444
814,0.00203679587223347,0.0186321356139379,0.00107965104446838,0.014351524736591,0.0141552358632579,0.00820371798372883,0.016739459243094,0.0223727026245209,0.00340081113754012,0.00240176881349265,-875.389508918899
815,0.00790173386570925,0.0224880881687033,0.00312564020188148,0.0153472870078856,0.0137323499798244,0.0132363817472723,0.01869783980933,0.0261040477268632,0.00295560611009796,0.00374973434776258,-875.042830742348
816,0.00130217955997153,0.0218890837621342,0.00721422821857174,0.0187639895252499,0.0119988162039055,0.0103587691931094,0.0118958344983211,0.0178438662642333,0.00169535874304908,0.0058150180007337,-876.19735468577
817,0.0057211540830037,0.0194190741481336,0.0044889016339896,0.0168752848142521,0.0102895938873361,0.00893555322225844,0.0198494182575864,0.0180149300292822,0.00183074994430412,0.00383954046140249,-873.283231220275
818,0.00562430434511667,0.0205561680950138,0.00442465240715563,0.0148522436849703,0.0103216349977692,0.0119372974137281,0.0182903617286468,0.0311066051523334,0.00329475769540344,0.00569538817776299,-872.951805056683
819,0.00173753524752014,0.0276095160954514,0.00272540725308896,0.0187695914523644,0.0101423630871078,0.0129506534112969,0.01965008387664,0.0336022872841088,0.00379694027293701,0.00337901962945538,-876.279485985528
820,0.00463393699104161,0.0255631456099361,0.00114719030931062,0.0043539178588252,0.00709263565947564,0.0132829090423711,0.0184927589855293,0.0412841745326147,0.00277749163849532,0.00531420335817022,-878.009611763336
821,0.00581449311894054,0.0268706892218871,0.00846563550763252,0.000708485759423912,0.00979219930697771,0.0100548463009355,0.0214514996171235,0.0223153538217047,0.00292238044938772,0.00987079669691334,-876.579061959529
822,0.00197158879190422,0.0198656621505805,0.00348255448610238,0.00426557164765162,0.0103636703935446,0.0121511412819337,0.0191260975969724,0.0135538190880306,0.0030126286247458,0.00200660816036907,-876.225140834547
823,0.00658294803679962,0.0171212758257278,0.00601752242056911,0.0201916145146031,0.00780296207377666,0.0126237938076338,0.0151567614697825,0.0301429773528743,0.00323014934544665,0.00226935978352718,-875.803150829284
824,0.00918554245795469,0.015299962603401,0.00124753042583914,0.0118071919505446,0.0107369681589457,0.0128210537071934,0.019463518342261,0.0267041493299555,0.00279044650783623,0.00723229962747013,-875.161901810453
825,0.00773659447036319,0.019085847125379,0.00136572003976349,0.0113555334726484,0.00965810255169888,0.00636374348596,0.0173335730273881,0.0227103650319244,0.00434370337591104,0.00573733428540543,-874.929697398421
826,0.00496947237455287,0.0210517987371062,0.00255504722814369,0.00845393783143593,0.00794488798388584,0.0116574656141314,0.0190269542722271,0.0301792054499396,0.00275454456471068,0.00613004647689108,-873.199846646325
827,0.00352373906072134,0.0212183005008602,0.00188353283932257,0.0120223010061446,0.00865231218090097,0.0150405230843501,0.0213291242342995,0.0247485160923314,0.00393523800974309,0.00304433774651182,-873.484787086835
828,0.00545694059234437,0.021820057794023,0.0011879083312228,0.0245933753954531,0.00877863047047536,0.0145153292743668,0.0119716431992354,0.0256471297746296,0.00315492928659018,0.00486417615168066,-876.904460057334
829,0.00584253675566229,0.0221994083373164,0.000624239255532086,0.018132891884746,0.00853853017868727,0.00778100385004972,0.0188662216529863,0.0205042033331222,0.00264177758913567,0.00578651564003039,-873.412498164011
830,0.00508515008182551,0.0191231944678554,0.00203588046936944,0.0162914003567891,0.0106373010663027,0.0150159471409214,0.0132259299781251,0.0194371866696891,0.00158777213137779,0.00513931655739388,-872.608761224356
831,0.00783573420856328,0.0272758864662853,0.00129808851538119,0.0168461660092102,0.011863991081192,0.00794201149811074,0.0138989852327182,0.0186769198998967,0.00250288224000646,0.00313349895868649,-875.16746295649
832,0.00362484317611172,0.0265825519565607,0.00434622939049528,0.0079448410648209,0.00788149795347881,0.0179642640463538,0.0141388822040913,0.0178098983080498,0.00304094111845496,0.00381164277585532,-874.260523669838
833,0.00626154946969368,0.0208830195388754,0.000738339733900046,0.0120723796390687,0.00727856709796425,0.0141122180071125,0.0134840120787613,0.0186330561106787,0.00135047405372853,0.00596888700155979,-874.286465548629
834,0.00181091109208711,0.0228265272708461,0.00628062405060953,0.019527582299971,0.00739961266638898,0.0115362861685873,0.0175226444315667,0.0212738828482057,0.00254910145486285,0.00731529242602145,-875.277737258551
835,0.00261481275004187,0.0212296703668842,0.00948204298730148,0.0153015260099356,0.010490564955546,0.0131719324434217,0.0197825712917217,0.0259497645943411,0.000846223319364108,0.0100411536293186,-877.154135207859
836,0.00328469071184131,0.0225575495786313,0.00732585965098599,0.0209730356563784,0.0101451766979353,0.00917073773367347,0.0143660788770216,0.0296485034219886,0.00090518932884554,0.0149962879491397,-880.166127808152
837,0.0045963461823666,0.0226768072436755,0.0067302180634551,0.00252760248512788,0.011414910155343,0.00418648130512744,0.0247918460375039,0.0419495222921788,0.00106924243917312,0.00974023502325814,-878.700477824995
838,0.00248154952492853,0.0246221350265842,0.00513316278952736,0.0143845818117066,0.010561112693345,0.00553314267577475,0.0199829507080028,0.0105759262493469,0.00281603149507544,0.00601798416582378,-877.098123286699
839,0.00450022557164758,0.0159185303831469,0.00666552297568042,0.0136992314473506,0.0109654835011248,0.016405476466899,0.0174057732001074,0.0207159919425375,0.00232646524087776,0.00430445014608972,-874.564980598384
840,0.00335923138498891,0.0211935546575646,0.00504103852647459,0.0158791205695349,0.0134329080559178,0.00782021391090436,0.0165075423319798,0.019862932418886,0.00310413207031134,0.00622450392999995,-873.443414682011
841,0.00321975676055531,0.0221944050229109,0.00348260450963579,0.0262363488004203,0.0118920929061296,0.00645262571703212,0.0141994876684452,0.0227262241167289,0.00309323232836334,0.00351863097638579,-875.572452552684
842,0.00343093714197173,0.0222813294499026,0.00368807703160333,0.0202417583177708,0.0137495381695731,0.0171559524118583,0.0166243635569234,0.0291330844213952,0.00207337545749204,0.00564060128446063,-875.873241937491
843,0.0035627708868668,0.020943390683273,0.00165889834205112,0.00716354679011281,0.0141976463063741,0.012314475268748,0.0169098767075515,0.0282818953022756,0.0037567673391954,0.00180446068197816,-876.418698226866
844,0.00389366939456012,0.0266039071715436,0.00675805922002571,0.00915315275212192,0.00769762020680115,0.0102270601932606,0.0216221835419633,0.0303101266861405,0.0044520259517162,0.00391807143751448,-876.454091310241
845,0.00410386101350802,0.019077561885792,0.00679362085913241,0.0182353559580654,0.0087607225916737,0.0124837804473803,0.0159601611167654,0.0300662995086487,0.00378154771658104,0.00218032491089483,-874.580682574463
846,0.00607709277012972,0.0217875405716805,0.00324596303566173,0.0173658755944791,0.0106576535807954,0.0129396734088509,0.0176466902791943,0.0158102252757437,0.00163283041989919,0.00364865897297979,-872.824415732063
847,0.00807892320805507,0.0242231815188533,0.00397350594629648,0.00812417377588621,0.0118533760301388,0.00759560510750872,0.0173486776626737,0.0361627828463594,0.00154228620197974,0.00278170547807948,-876.747906262496
848,0.00455754524251278,0.0236312049084214,0.00136220935602374,0.0123524085209653,0.00933696001502447,0.0121047487169006,0.0205413024600609,0.0382914785989388,0.00372314029250898,0.00178857727410273,-875.193031348712
849,0.0037792700887073,0.0193294165336312,0.000816307559762162,0.00984945217757519,0.0105304365251839,0.0077993410752526,0.0196177877652205,0.0137399311952225,0.00482052238961972,0.00233228197526771,-877.903294333893
850,0.00288753186299426,0.0218870696307727,0.00455198559219989,0.0163486246055684,0.00942811024821869,0.0227640677915655,0.0189200499753015,0.0302309125329391,0.00104629519786564,0.00835279626521424,-877.379445444171
851,0.00437738139806979,0.0197857922962801,0.00254021018657595,0.01245885992663,0.00799121597719237,0.0228416650213344,0.0204477212085952,0.0344776434606881,0.00120693470681658,0.00406789560041329,-877.085133471036
852,0.00925797131053033,0.0186660581177037,0.00135664263434593,0.015227177175869,0.00760649359526444,0.0199570823089621,0.0200127223222222,0.030574324642561,0.00166412681320079,0.00529321869810168,-876.718616298753
853,0.00544778639192461,0.026523916333062,0.00331826006893825,0.0106269867977781,0.0117507242859691,0.0105876072855676,0.0163130981168486,0.0169998090947491,0.00157760333179696,0.00401350133306122,-872.713103108858
854,0.00201049140752683,0.0239071184745812,0.00285089834729792,0.00613899750720439,0.0113702453821312,0.00722979901572411,0.0158864725789661,0.0228778146519536,0.00117354566964339,0.00499432914027145,-873.617174491737
855,0.00381116331508075,0.0245863702156059,0.00225346831327036,0.0126676061028277,0.0119276397924654,0.0074700887089416,0.0169291237085391,0.0205913413965254,0.00247421732376727,0.00464233826931449,-871.227852162045
856,0.00258822931271871,0.0233897932396234,0.00316813706131155,0.0145666981480686,0.0123373000585028,0.0102419022530456,0.0175001189139349,0.0268230151804688,0.00204662802453165,0.00300952517768373,-871.180224969675
857,0.00513670236073595,0.022708618608607,0.00591698542376153,0.0120892248540281,0.00783532351194534,0.0129298322051206,0.0161992194174034,0.0136600231338338,0.00158774315577724,0.00365786847671266,-873.54389197501
858,0.0049765075056528,0.0221399022578946,0.00413256995989497,0.0110906941051522,0.0111509860273122,0.0094643643130543,0.014989166299074,0.0199583389012567,0.00456949905722469,0.00351149922332497,-873.256392897357
859,0.00538036240830196,0.0236772504226981,0.00482421273645362,0.0196081251822896,0.00765548016875576,0.0134669015045481,0.0154508004746517,0.0192538761700141,0.00357378730391097,0.00414347806995439,-874.119473573085
860,0.00338411421940841,0.0210124126013252,0.00605827996897305,0.0172985570004163,0.0130800500666991,0.00785429079225368,0.0142984077548985,0.0246186625192708,0.00432680256625585,0.00373593737239844,-874.684271263111
861,0.00357386612272534,0.0229174463061159,0.00458708434423374,0.0145330398357739,0.00778592368869461,0.0119056576229656,0.0149866499016417,0.0160538315626312,0.00292949256940811,0.00391801979951097,-872.096151217109
862,0.00432241614441185,0.0208131473760775,0.00217587666540011,0.0132072629178032,0.00932795671967677,0.012199549755444,0.0191870434972069,0.0273500563111085,0.00176064673921273,0.00311949888990025,-871.155029562472
863,0.00496210898863095,0.0190925399878522,0.00289140679360311,0.0144284465067342,0.00935913449793579,0.0181910744454546,0.0193277591941764,0.01681858040686,0.00156697289930849,0.00966638030219786,-875.654708692973
864,0.00394884676439307,0.0243015168994728,3.09471114924368e-05,0.00501531905006753,0.0101665106656239,0.01082770109162,0.0180987134554185,0.00666818815884365,0.00180496944239365,0.00368346992200919,-878.205236891691
865,0.00679655656292113,0.0212709177312878,0.00298797939050309,0.00319821685595536,0.0106265944186874,0.00735850506664216,0.015813795817854,0.0233253453979155,0.00385092747842187,0.00589528337923622,-876.63875563804
866,0.00611878260969011,0.027024365114345,0.00780322407383386,0.00103653552697137,0.013306655124376,0.0117095721693634,0.0188580366150711,0.0223358853629077,0.00204706998182859,0.00163663331772788,-875.388272573463
867,0.00176484662322304,0.0249613667508344,0.0192827044024137,0.0142172469272717,0.00671935009922307,0.0112418246140428,0.0190411851402825,0.0268448626271039,0.00252863695976323,0.00250917590549212,-880.812282053787
868,0.004642351919384,0.0303236149353592,0.00234940618508767,0.0138012948656117,0.0129188374570462,0.0112171841616547,0.0154842672552805,0.0296636383830214,0.00418055462386446,0.00290177060707017,-876.423832829837
869,0.00482248061527755,0.0153602458551324,0.000405257004134593,0.0142154500367673,0.00964680535812017,0.0111422882099954,0.0159216294490432,0.0262163315243988,0.00140278080040557,0.00513076765276987,-874.01570213056
870,0.00437207363180072,0.024184046014305,0.0035290055075376,0.0120697098712487,0.0130544237357412,0.00647580240864163,0.0194887541341285,0.0306139285051761,0.00280032508031895,0.00541824689844417,-873.029467982645
871,0.00325771887731764,0.0246964780769948,0.00925844206259777,0.00023252156504249,0.00890903623578378,0.00812059396404314,0.0174186608691497,0.0317187498438769,0.00165816440931554,0.00311450022019726,-873.899569953943
872,0.00700551074841889,0.0232977950353961,0.0152817805800282,0.00140089235089867,0.0119535722327125,0.00613617420471714,0.0209376275562704,0.0212844944258849,0.00403654405975681,0.00267933283035575,-877.934092350678
873,0.00848245376562994,0.0232088676751331,0.0164737107953116,0.00193275544764499,0.0126217416492814,0.0124272329550687,0.0155028988259867,0.0299468379945182,0.00197703437899176,0.00272351298177443,-877.128871992891
874,0.00992677374054036,0.0225985424095568,0.0155197892985126,0.00261963509393028,0.0137768883727273,0.00442333947011573,0.0183687617476441,0.0239095226668335,0.00271554239858516,0.00898679245833774,-880.732877371016
875,0.00659080131598121,0.0220921216920833,0.0122286965283457,0.00128160272883794,0.0133140563948714,0.00564780460729876,0.0200961000689879,0.0250990016781026,0.0014904881165235,0.00823119255179483,-876.764760865476
876,0.0122871666357006,0.0302265655789311,0.00527197423474541,0.00118530887816961,0.0144240969936575,0.00651095463199028,0.0222050418765537,0.0301776187084735,0.00228964968464593,0.00509052210092553,-881.968279617334
877,0.014211426111355,0.0303727952928888,0.000704893547473102,0.00827682023995507,0.00876366911981578,0.0134058916650878,0.0223882387575093,0.0311438596342953,0.00196880195927014,0.00543645227581534,-883.123501748217
878,0.0157647930948676,0.0148922207522813,0.00710533363728306,0.0109242062534541,0.0105845282502617,0.0167208390178402,0.0243084981336,0.0267275830331542,0.00130019449654572,0.00178111205107774,-886.047157894846
879,0.00394293736412241,0.033726429160683,0.00772439105687183,0.00317796243102024,0.00770737745926494,0.00967004191412045,0.0146128909821768,0.0173704075957001,0.00263784888835814,0.00540941458389889,-878.084621344767
880,0.00332945073514825,0.0218448523246366,0.00435767028068494,0.0226431230668016,0.00919166385436396,0.0141911054446423,0.0132220599706441,0.0187497229200421,0.0032963568086308,0.00706736581919497,-875.023166055147
881,0.00369520803888565,0.0266142445988114,0.00679635981693528,0.0107721477459744,0.0096058671681189,0.00770942209789023,0.0123464930045267,0.0248834147677127,0.00125527922428433,0.00314260053601627,-874.602436953826
882,0.00291361938779536,0.021590498869072,0.0116199967021216,0.00335126999607843,0.0104007289201721,0.0103599846434687,0.0156806841900473,0.0252447343431391,0.00321978258906164,0.00735127198919984,-874.980694583834
883,0.00325094758063214,0.0303723041858202,0.00607723599080951,0.00398298303876586,0.0109179549920224,0.00710534480760994,0.0181818948026931,0.0210753784783172,0.00112451867729072,0.0067779183608372,-874.984472148071
884,0.00538182665564482,0.0200790475146669,0.00991774361240261,0.00164629484718792,0.00869179584524949,0.0090882443208854,0.01551129125439,0.0180440270979665,0.00412075221022919,0.00813844995341011,-876.682176904677
885,0.00516634375356828,0.0236072466275774,0.0185495317369832,0.00462890974552421,0.0106939133625686,0.0122113503390192,0.0166910050848934,0.0176443149712044,0.00349676117374508,0.00874444980657266,-879.212421728876
886,0.00322599446985547,0.0194102063563447,0.0184055110384285,0.00367081981576468,0.00968141913419071,0.00810699446289251,0.0173626594093345,0.0167569316221531,0.00176843189955124,0.00721836025555326,-877.551760036269
887,0.00387504477816798,0.0202844042111771,0.00838300655100725,0.0116092278796299,0.00955279165031961,0.0143558527026434,0.0192445942589785,0.0250338401018399,0.00343168022013909,0.00176092945994965,-874.426347620209
888,0.00463302871787155,0.0237865738092046,0.00801748220302935,0.0100357770449975,0.00936227721520114,0.00862651957700859,0.0185571890812443,0.019775013031086,0.00356467522974824,0.00802188065314913,-875.400664580893
889,0.00764188530930768,0.0229499815605465,0.00886513002107919,0.00984629423790008,0.0123269303962284,0.00986767193712443,0.013836277009806,0.0196087953017408,0.00107568628931793,0.00460882743340513,-876.578877425295
890,0.00493705584024586,0.0212620619040619,0.00203765909058624,0.0217202898055788,0.0126169174470782,0.0101861084008414,0.0176636644348651,0.0323017948444177,0.00240922580774271,0.00822133365008491,-874.823861298455
891,0.00715578378384086,0.0135344180693362,0.000563466368318988,0.0205366291415964,0.00801110574556431,0.0114218893347186,0.0205158847935585,0.0238992535481979,0.00263833060736506,0.00666652185492738,-875.885100580949
892,0.00677399138953487,0.0169577671368098,0.00242232154656096,0.0148511659710697,0.00782972367719217,0.0137599301469526,0.0187625940725668,0.0226348118282241,0.0023475869384314,0.00576546673518281,-872.943867917002
893,0.00511979864931676,0.0186258218936422,0.00435049172518747,0.0172693103780285,0.00750373478030121,0.00932367977453515,0.0186627983551287,0.0239062075143164,0.00249450828681512,0.00574997153902134,-873.185215360482
894,0.00581849857165323,0.0231970118926626,0.00102631262583794,0.0124402268749389,0.0122362646381709,0.00990185697032371,0.0186519322522342,0.0152817847186432,0.00225851078572344,0.00370929345959092,-873.535311623914
895,0.0057558326236679,0.0292140808605235,0.00406572652257566,0.00254275071952533,0.0124222599610323,0.00964353356022966,0.0180990755871737,0.0230612005695664,0.00427631663307353,0.00183740231981485,-877.495717831928
896,0.00285280860515015,0.0283789906982704,0.0125123723252132,0.000314539414396309,0.0131288427820136,0.00913911424480779,0.0138220574672747,0.0183719232028198,0.00196689067253616,0.00413857889249753,-874.122913681429
897,0.00317602141788782,0.0280865360511824,0.0124824278321971,0.000999614068196693,0.0112820935078899,0.0118622135686671,0.016529064316136,0.0283227647677803,0.00251385421433329,0.00524781369292382,-873.925010421245
898,0.00380147650327894,0.0270454603101975,0.00906340154417765,0.00119953536120148,0.00980995642654217,0.0127226674105235,0.015509582151517,0.017460416134761,0.00229383218037677,0.00771462384503366,-874.172368944817
899,0.00482956109900322,0.0226985249035948,0.0102959370742037,0.00158505860343878,0.010008435751547,0.0158951368292273,0.0188887169470033,0.011019049109944,0.00225034030915939,0.00575485909938871,-875.038707174839
900,0.00683050941912723,0.0225296935886123,0.00876477081378866,0.0207527063033837,0.0112668039357076,0.0184783955688403,0.0130196716746996,0.0218061421642233,0.00152706580535767,0.0025023902398129,-878.636583949892
901,0.00316819297994678,0.0194811010710078,0.00888642814060868,0.00627879661990871,0.0125596371313967,0.00714721326392018,0.0171841198716643,0.0222170449405419,0.00362892012409519,0.00489523116482221,-875.551630298972
902,0.00270878624458814,0.0204841869780354,0.00600581339923878,0.0114951457607271,0.0130580277871274,0.0242481419079633,0.0165666630088564,0.0130203417680081,0.00378144490570072,0.0048753983168239,-879.329519316599
903,0.00362880108392099,0.0232054957507146,0.00251166995949199,0.0191081072729022,0.00818675554044305,0.00979778219748001,0.0146814147645099,0.0298552574369449,0.00172421982428142,0.00229835354990725,-873.53112248806
904,0.00532935318516423,0.0208346547030032,0.00671285853141633,0.00990715955214849,0.010887643697572,0.0147796849992792,0.0145162254137443,0.0243947336259789,0.00414863191456548,0.00536201098225939,-875.367634283728
905,0.00734698407268835,0.0215393862437955,0.000932506258289521,0.0203915513032041,0.00816935662779344,0.0138182061321635,0.013561056548866,0.0177276107221448,0.00458949628802649,0.00541401049672487,-876.269597499273
906,0.00434743294494964,0.019738323787671,0.00152306357561199,0.0159118769802519,0.010526340725232,0.0121326409614177,0.011926422254851,0.0278655105781763,0.00219830268707541,0.00373017027363239,-873.295944833399
907,0.00510711328850414,0.0220243681016886,0.000618254314298134,0.0146994325115928,0.0103252230466536,0.00833539325910007,0.0175492414251652,0.0240967166608361,0.00313050625960142,0.00302957993868647,-871.958621069435
908,0.00501911888415764,0.0219811694629143,0.00525674352281295,0.0136105477947298,0.00864245409478174,0.0173281710237346,0.0144265064973346,0.0215984305232914,0.00232108929450932,0.00528398734554706,-873.036554856304
909,0.0062732442650861,0.0189534236482649,0.00366684028784104,0.0195520934877855,0.00915966013184254,0.0156482548102714,0.0146133669989236,0.0174892334993874,0.00276845650693251,0.00166950517860826,-873.703514375359
910,0.00920463767802134,0.0181317090582651,0.00400367158993611,0.0137006514873637,0.0121715456842421,0.0214225299439282,0.0157744302698563,0.0165249936766577,0.00249210977976439,0.00601769256304089,-877.757496690836
911,0.00849483275725756,0.0184460669059063,0.00338289750719739,0.0105865625931763,0.00735586796408557,0.0143886755013046,0.016156820179956,0.0156813303098228,0.00102452385213878,0.00886700462822306,-876.794478721732
912,0.00268053369991082,0.0230339714030741,0.00415209710199539,0.00830636378249705,0.0111512227350579,0.0167016485957906,0.019766138894314,0.0358560426026662,0.00211333556485721,0.0101533271169802,-876.686087779682
913,0.00255896413762827,0.0241738521928489,0.0070122550220594,0.0119348294598011,0.0115712594684016,0.00462930257415546,0.0210596241357652,0.0294137839397029,0.00159170190157035,0.0121443661193715,-877.311608360794
914,0.0026582224440025,0.0244949653075631,0.00409186620282112,0.00717199373836992,0.0117872451625162,0.00402166339370514,0.0143003438802889,0.0297900331273942,0.00305984484362047,0.00478057630776665,-876.031652416816
915,0.00241344714645845,0.0240357215198835,0.00215330091796204,0.0161317075403156,0.0104887662135391,0.00954719449014474,0.0184353932093197,0.0228159333339354,0.00304760024988298,0.00722385041148025,-872.544986608071
916,0.00219737690992422,0.0207603891948225,0.00317278090291447,0.0158404502743356,0.0109123333609552,0.0107041375866823,0.0165522015622552,0.032027226762031,0.00410390440769482,0.00799874123580134,-875.188113869514
917,0.00209532925874447,0.0211842321587816,0.00513701550069299,0.0104004235240151,0.00964692976343022,0.0102982015380981,0.0156681098789249,0.0315818324659124,0.00154693488624338,0.00611114438036318,-873.058485837587
918,0.00214674493653974,0.0257559041214406,0.00438040330963796,0.0140425994406481,0.0128104918015937,0.00638563329681272,0.0187714956223188,0.0311840649462167,0.00184421128472977,0.00761935594427705,-873.914472477555
919,0.00372859021262749,0.0193509883837161,0.00457683637076505,0.0122893049954649,0.0105374909192143,0.0108721617920468,0.0143763736218903,0.024265463367894,0.00260637040612189,0.00661862906415701,-872.099738561453
920,0.00383592461545352,0.0242570486576645,0.00431582187616877,0.00974138030853509,0.00988790883228329,0.0115777518849563,0.0225407118370122,0.0243794097981078,0.00140351293676004,0.00544221801054894,-873.125154887102
921,0.00523491907240477,0.0250569024817443,0.00904909088110111,0.00241045759396641,0.00910039622010299,0.0130236086496086,0.0128315177042446,0.0179159401733426,0.00350168345314686,0.00792670090903048,-876.813725178263
922,0.00569922141143229,0.0201933124966801,0.0108618299580586,0.000201036640748949,0.00885070529849886,0.011547095205123,0.0145745953599889,0.0270266427814653,0.00230116086403966,0.000546274994722562,-877.511784065284
923,0.00631308673809416,0.0273060000344108,0.0196165848223198,0.000342504364300325,0.0083219232883165,0.00917063827856929,0.0205216196956988,0.0217482547255645,0.0016880831391111,0.000845888832269115,-878.762274590709
924,0.00441504456290038,0.0247147352624839,0.0102897118764453,0.00314884776280351,0.0172883586947179,0.00695580950062145,0.0186562643646764,0.028815829518938,0.00183883917650762,0.00286978436622268,-877.250790201575
925,0.00349029714155507,0.021562749898139,0.0090833202348573,0.00139123890906166,0.00617312846838557,0.0158423901519802,0.0178908986059284,0.0183161711045848,0.0014576625624984,0.00428431780325832,-876.458106612009
926,0.00397572361315883,0.0214535869445912,0.00814371525775018,0.0282227957842324,0.0106989882983641,0.00928300076718548,0.0200590840287366,0.0381806870788226,0.00221766857479979,0.00377528792180362,-877.783313202619
927,0.00429727139123473,0.0242498723114811,0.0096763969912509,0.0133523466576799,0.0109514873589062,0.00784180993368896,0.0179611978811931,0.0243947531813945,0.0012853815317203,0.00380789186468643,-873.877178411912
928,0.00244966085137439,0.0234688463008215,0.00462800100537079,0.0117842979615505,0.0109750316456328,0.0113914958823054,0.0155016764166966,0.0154849017100796,0.00454819734999889,0.00598446499834104,-874.718120773633
929,0.0012787425276598,0.025013409132814,0.00380622102851028,0.0103894164528848,0.0102194760596653,0.0108180803222587,0.0188879937230268,0.021312709929331,0.00150758322254112,0.00366764593947001,-872.964893638083
930,0.00349887955600763,0.0241245149095667,0.00376263415913905,0.0140167405181363,0.0110925592921375,0.00956799142535819,0.0186731609324581,0.0357185436545048,0.00337180217572294,0.00554465318494337,-873.318426460658
931,0.00296852152048136,0.0207347450844949,0.00356660809018269,0.00689660745127164,0.0102165180916539,0.00867861960120894,0.0165700813375025,0.0328863368350966,0.00143658468254753,0.00468018846531225,-873.720698430292
932,0.00292220827941497,0.0280636917280644,0.00234478305696553,0.0148887623160149,0.0121607389812281,0.0103501955750382,0.0170996961919072,0.0293930211386998,0.00143998067865801,0.00499431069334743,-872.486718010702
933,0.00371672717533804,0.0297450463538063,0.00182950658504548,0.0111987700858461,0.0099399925715218,0.0128947831592283,0.0162783727072437,0.0200908751341291,0.00582085958854518,0.00622430147539111,-878.024230440607
934,0.00404701137555867,0.0263504695686217,0.00233074646019629,0.00522226660668903,0.0119009210473485,0.0157086737288962,0.0150442507021832,0.0274457066561142,0.00213325710469206,0.00192752843878065,-875.019903430298
935,0.00458371343080969,0.0233159000025498,0.00499964131638682,0.00787270392668372,0.0114801070713912,0.0148467583997435,0.0208508403618453,0.021986725367692,0.00128092681740197,0.0019490596973253,-875.014460812478
936,0.0037673413132041,0.0232855761039462,0.0101517143396886,0.00357708724828287,0.00777493313712271,0.0101587168018519,0.0184717305178465,0.0261289473624963,0.00365985301665478,0.00207777225048615,-875.023589524806
937,0.00215610782313091,0.0250263000062722,0.00906877478489877,0.0172250298745516,0.00698069006204651,0.0134864966021349,0.0170152418646666,0.0179914061473625,0.00182115156920168,0.00240242453261002,-875.986435227467
938,0.00486119177120993,0.0173656528985413,0.00189442908439042,0.0200687429702976,0.00690432938068621,0.00845540868485317,0.0123564287344933,0.0234982068615865,0.0027738147479828,0.00373614712270354,-875.850903521888
939,0.00662023745686079,0.0216320820803275,0.00243594127899354,0.0134444223448242,0.0123394312150157,0.0106760699123003,0.0182851942331028,0.0215592813765792,0.00178847923328448,0.00764462652130396,-873.187308810464
940,0.00210278498651332,0.0216511863963309,0.00194550175561862,0.0141503608614963,0.00947198670311694,0.0128006067975643,0.0140205803150788,0.0198071755697017,0.00155976825121598,0.00294050690616162,-871.574185933853
941,0.00205227395406682,0.0248152333876793,0.00409136858065509,0.0154793970449763,0.0113021310520903,0.0162680274931585,0.0163744282469575,0.0254254902484678,0.00188442741023337,0.00387378371181223,-872.807758150578
942,0.00172281500644277,0.0257079740461548,0.0038929184618679,0.00791556633267928,0.0113495269786057,0.00993296691224969,0.0144114255189697,0.0192660806323607,0.00281478007812087,0.00304247854495807,-873.221285764575
943,0.00315876818856895,0.0225117659689382,0.00335658648586454,0.013861033742042,0.0112307837093677,0.00980008584499324,0.0145894621175736,0.027143010076055,0.00106634290784801,0.00411483614038776,-871.411144593157
944,0.00376624225210375,0.0281694277450331,0.00131279575649491,0.00648503394159106,0.0105623390187463,0.0146065688705169,0.0117531979661088,0.0329587564137251,0.00156123910199878,0.00222079850372131,-878.686823114279
945,0.00501685284546459,0.0245790010100435,0.00291162430006498,0.0188140456247615,0.00784392575736419,0.0176113129811742,0.026359673062101,0.0326942889531697,0.0028540367914694,0.00536193727515465,-878.731217760931
946,0.00524712103627874,0.0209055617595063,0.00192758124814845,0.022645101113267,0.0105959265731907,0.00637089943495345,0.0235763863928305,0.0304815656910363,0.00302427867743765,0.00643513870641912,-876.236397804966
947,0.00630578974929075,0.0144288509795012,0.00173579207246643,0.0254820802163179,0.0083060069330791,0.0102752279154509,0.0203159383112827,0.02502728782448,0.00156361456498185,0.00195548202309748,-877.871526717076
948,0.00702552219591396,0.0205632609367362,0.00693697452815306,0.0140929173803833,0.0122510989432113,0.00663464070545116,0.0162509280772763,0.0202483673249828,0.00273315038355972,0.00417603595968042,-874.241519963181
949,0.00931981281219442,0.0230026744894325,0.00581016869951659,0.0170005102122631,0.0122665170538643,0.00704770817580142,0.0140031141048547,0.0227299910203994,0.00287231875011801,0.00428183218991351,-876.05103756912
950,0.00482148679210508,0.0158784096829759,0.0140495877912309,0.0128850879255134,0.0115558944559418,0.00766433868275879,0.0144030720439525,0.0250359615050505,0.00292167147597245,0.00561025342443718,-877.574503611568
951,0.00480001540280997,0.0149202019584119,0.00296073923745749,0.0233721150360764,0.0106498264994463,0.0135256532332471,0.0152599827441427,0.0347543310424551,0.00247892957657074,0.00622857117051935,-876.883147127632
952,0.00816631263240975,0.0220947575841475,0.000475708700218042,0.017710942888971,0.0102219211457997,0.00643179256068105,0.0226554787309507,0.0220450493881414,0.00214019294093341,0.00539066420977405,-876.423752336468
953,0.00165573271601994,0.021780010913097,0.00605248717774001,0.0226333880265478,0.0105165838284211,0.00741696163486932,0.0154032237868114,0.0241875483650315,0.00255719071229434,0.00286660237043995,-874.507727642888
954,0.00582368547524249,0.0192585691658448,0.00552947659150961,0.0194119446583158,0.00850640259081938,0.0147818476551733,0.0192387750205855,0.0235167436840757,0.00197734273974086,0.00272019115374674,-873.688445558904
955,0.00357795578985922,0.0245495475743286,0.00436116380419128,0.0090871775695939,0.00783019823097012,0.0116315573946755,0.0202545851069024,0.0239196720038796,0.00211473892591006,0.0038515546884608,-872.323930276864
956,0.00588767203686508,0.0218392384241905,0.00122815211837259,0.0104591603405889,0.00917757488096134,0.00927166327515226,0.0187874356346686,0.0236613801385145,0.00232927624438008,0.00756168638895661,-872.642892113489
957,0.00862045350039081,0.02078189481464,0.00388710097564026,0.0164884834178062,0.011738801129504,0.0098944559185812,0.0173968327646711,0.0327284076834585,0.00352389325383586,0.00728118942514128,-876.082787436092
958,0.00550847861975028,0.02236819432144,0.00285391321977595,0.0174887259265431,0.00758223157529945,0.0143905337802242,0.0146522963965103,0.0107892411211168,0.00294029308635315,0.00533591608561348,-874.659139423229
959,0.00695446052464014,0.016841726463346,0.00264061925980866,0.0124487313057601,0.0082050161174395,0.00845645091430194,0.0145888227444154,0.0251045003248718,0.00130886637919574,0.00629531526832071,-874.040915537734
960,0.00649353318191021,0.0257250482031112,0.00287371761269638,0.019417464559941,0.0128969800702994,0.00594221955183644,0.0207762554482321,0.0367559886868587,0.00140355250866068,0.00523342373058396,-876.612302468285
961,0.00576897320700879,0.0209448521452431,0.00169482439670689,0.0136304983805979,0.0131189963842582,0.00685587387237071,0.0183398636391417,0.0403270120033597,0.00186016479239204,0.00960104117202944,-876.500115793099
962,0.00261787575416459,0.017389690731757,0.00839641174652694,0.00762829668240905,0.0099634348117782,0.00537627118522972,0.0187732327054969,0.0450801796430813,0.00109842524426634,0.0034037019209983,-881.82088763009
963,0.00274613219524663,0.0244783948381008,0.00328340613838395,0.00948616952823202,0.00918853278606417,0.00544627082789918,0.0224801383398027,0.019884956971098,0.00492759271454518,0.00590940339565184,-878.382769327599
964,0.00330186623584245,0.0248566621860476,0.00225286636030465,0.0201177630193125,0.0117988704339391,0.015693234263779,0.0125064882833393,0.0281851441220897,0.000464337252254116,0.00582106464348166,-877.720235119029
965,0.00547805004893648,0.0234199469147433,0.00134748248209054,0.0147963173898025,0.00841035894413316,0.00963283805562227,0.0154305109731768,0.0173025731218312,0.0018092905610309,0.00518638263070349,-871.700967210907
966,0.00525935082524234,0.0254951467995461,0.00368804811807738,0.00383153594754534,0.0119115592205914,0.0193769985670073,0.0184685031469305,0.0120239922420739,0.00216067104792641,0.00444552753691943,-875.717642794699
967,0.00277231991407885,0.019403172306782,0.00311425572293147,0.0119094728455372,0.00780486278691686,0.0196030766500441,0.0160704172935104,0.0206170991907291,0.00225190631094739,0.00349900277697918,-873.217746838078
968,0.00299401734962651,0.0248852328317933,0.00564473218554204,0.00614503869437284,0.012539957231845,0.00935510138441411,0.0218492466403169,0.0239910348730091,0.00152239107845541,0.00375473633535085,-873.895733531699
969,0.00293034721872878,0.0229058404244294,0.00429529163086746,0.0204574532870356,0.0105765908558713,0.010064164990154,0.0146232900407408,0.021360047152332,0.00248522363630191,0.0056575607021457,-872.127358734755
970,0.00477764957085468,0.0207939573286339,0.0034587986238973,0.016304172946354,0.0101194487518591,0.0095928096206286,0.0168792848032037,0.025187190967494,0.00130236717276384,0.00583610282943015,-871.211483841632
971,0.00276970620519362,0.0253391370855882,0.00482234294726342,0.0158216416331324,0.00964055509194962,0.00670892974250863,0.0160941553502983,0.0226294509192922,0.00183646727939165,0.00254194647039266,-872.63125902402
972,0.00224458110797302,0.0214632313758162,0.012307298852823,0.00575075397640401,0.0133180664103842,0.00782514025761752,0.0181530128502968,0.0256395278520058,0.00255044384003224,0.00570885684475005,-874.967400099726
973,0.00474706911032591,0.0250280830000097,0.0115292217373438,0.00279539982169804,0.011453392637069,0.00783823199924443,0.0188022093993659,0.0300339251125659,0.00265689542628027,0.00402428319840235,-873.387000664712
974,0.00432426341395871,0.024547907947904,0.0120979044491443,0.000862130072223351,0.0123984979683483,0.0114086090982226,0.0198879100423368,0.0237644635109277,0.00186000135663042,0.00614183763255663,-874.207990304617
975,0.00363417979389438,0.0241744108571322,0.00757755996414268,0.00630969922901825,0.00996072286501977,0.0133020274722666,0.0136867809077603,0.0133922862129847,0.00216587629588869,0.00514386920175539,-873.775311265287
976,0.0025468411077627,0.0253731076672287,0.00735234655535752,0.0154594276322366,0.0105078301235116,0.016919644333516,0.0142373286214536,0.0204282474517775,0.0018922892274104,0.00405932659283407,-874.083348591026
977,0.00479233122965503,0.0150739582319442,0.00312998935391713,0.0219178066835886,0.00796683608204449,0.00995933577713599,0.0195708972232761,0.0296284548618029,0.00406977766127463,0.00319770511398462,-876.041278476166
978,0.00318773227587896,0.0199900151317739,0.00709019013749999,0.00810954604046796,0.0117190412775787,0.00975112545652854,0.016419584960645,0.0188371057391929,0.0022972168503333,0.00606685923469212,-873.570945092936
979,0.00228369960522773,0.0249789944151381,0.000616563654967511,0.0068346864147929,0.010726688643176,0.0190440865093098,0.0169278755239709,0.00877658835252041,0.00234154784949967,0.00588479487997307,-875.83457489697
980,0.00442851776782439,0.0204570028414782,0.00488015252606213,0.00943315714329065,0.00807707308863037,0.0180372418438705,0.0161992614479968,0.0146299890555596,0.00240107095811043,0.0035019725701575,-873.384921340258
981,0.00731010557421981,0.0228164333386053,0.00474466313568193,0.00468809128189272,0.0105495597244797,0.00824819675821106,0.0165192339887212,0.021320889420817,0.00141360173300956,0.00524925311888969,-874.421858622994
982,0.00178494408807162,0.0314323867804599,0.00518006229971167,0.0166700000094383,0.0102399837332566,0.0107322474802848,0.0130363289230586,0.0256812789720547,0.00232326562784258,0.00350062481416608,-875.858229136323
983,0.00153744791523915,0.0159164152556951,0.00200662720950448,0.0125020906516886,0.00880139040719877,0.00771749494329193,0.0171541835291777,0.0171969858963324,0.00180009968731656,0.00466677869297955,-876.522484325319
984,0.012427073222221,0.0164126029713421,0.00193595005594818,0.0156525472630796,0.0105171008286125,0.0111346254867443,0.0165876356418641,0.0175803574330245,0.00186770475502662,0.00462690743675231,-875.32376183505
985,0.0124303344211467,0.0161439649157498,0.00275023046706772,0.0186335466886085,0.0102107856940891,0.0155566419933182,0.015259207568347,0.0301748250822136,0.0031147203340664,0.00373483101293531,-877.636305073721
986,0.00705194872477545,0.01832265612377,0.0025524923545503,0.0140296512046679,0.00835547340913579,0.013248721762366,0.0196594783640104,0.0212405154224197,0.00309087528107396,0.00401270520319145,-872.853032519665
987,0.00503826289051702,0.0234719305079404,0.0016885827380808,0.0139225527975155,0.0113426596892713,0.0119830443208388,0.0147674725236837,0.00642290403507618,0.00390883347583065,0.0045167149984534,-876.469578002301
988,0.00579613273350375,0.0209134427883479,0.000968753461565006,0.0116274697286758,0.0121864471278393,0.00956393922349171,0.0174202067775367,0.0438718375019748,0.00348918818948292,0.00401976655667663,-877.522310466671
989,0.00619305684243559,0.0252050420452455,0.00598120588287307,0.00137627923536017,0.00980457096902818,0.0124366324061293,0.0233142293022197,0.0416257151465315,0.00265245964323904,0.00455765961126031,-876.646751802041
990,0.005706993493249,0.0247055254338406,0.00879891320284229,0.00683397866383874,0.00914441726075664,0.00532952842208065,0.0216382290331037,0.0436587813611317,0.00272127623870227,0.00722987938194987,-879.175653132988
991,0.00529511707269964,0.0249097370157881,0.00756356226937904,0.00992181647318405,0.0127273526836985,0.00657060698514818,0.0232461493817281,0.0164413299742955,0.00151291026065163,0.00669336417252096,-878.409072266149
992,0.00505986852513422,0.020052222622769,0.00592250250090792,0.0123399082360829,0.0131212748262796,0.0139549098227301,0.0148612208632328,0.0253892661687266,0.0010012349128879,0.00810028185417702,-876.072012847214
993,0.00478061620979017,0.0201702140923526,0.00405354122473622,0.0200645153271455,0.00877112955260563,0.00847274259598873,0.0199340969280814,0.0238689364707598,0.00150353644663588,0.00252077497397684,-873.773767483815
994,0.00172601819435608,0.0187621927197165,0.00159595361144425,0.018672252214618,0.0101339829695358,0.0036739040254604,0.0145409788941248,0.0317856206178501,0.00150563349616429,0.00479698893249443,-877.760244514667
995,0.00341993406772791,0.0154917349413093,0.00854888190923043,0.0200737565729843,0.0119737083245917,0.00913595948453665,0.0202319292102039,0.0207588689404038,0.00151565193953561,0.00772025167545372,-877.853862652595
996,0.00463032030320355,0.018803877601603,0.00479512181656803,0.0138061372331728,0.0100177691980843,0.00929477199462641,0.0168251817122965,0.0234500464864405,0.00162226659006286,0.00870384004087084,-872.825367045
997,0.0111902773524592,0.0190328799830568,0.00568118699438646,0.0136418958250422,0.00952136123462129,0.0125068668233941,0.0217542790219892,0.0222941503500245,0.00247604507311047,0.011949528063216,-880.469682656184
998,0.0119963940373523,0.0192808373446859,0.00610603848486901,0.0166506791737686,0.00910634598784438,0.00936174796064479,0.0135092676440841,0.0212790438501629,0.00173738357620429,0.0090209336848503,-878.247903323563
999,0.00528059351307425,0.0220489556810791,0.00175925789326102,0.0141590772430846,0.0117579788699419,0.00777518196069382,0.0131996154928894,0.0220428287677997,0.00231760943847144,0.00773597685465525,-872.696469169894
1000,0.00460662845963229,0.0209390828126145,0.00102863795511453,0.0111311543624625,0.0110552858233049,0.00794215695940177,0.0193987754747916,0.0308270385034162,0.00269309847089277,0.00363276591918545,-872.370658582206
