"i","asc1","desc1","asc2","desc2","pol1","pol2","tran12","tran21","dem1","dem2","p"
1,0.0143415688771833,0.0338740779958526,0.00588691750745316,0.00443505307817941,0.00931623605791145,0.00995945801010395,0.0184687780856697,0.0165603088254655,0.00338627581719163,0.00309837484952621,-885.772818652055
2,0.00253744259384573,0.0317603790567971,0.00430568968729059,0.0130604464558051,0.0107673656021028,0.0118923226458417,0.0165700874994275,0.0237290361444276,0.00142790501482232,0.00528652309535752,-874.288440449886
3,0.00213015106823562,0.0170867934115193,0.00446822360197441,0.0124777551893574,0.0112117670824193,0.0131034025012934,0.00889502684994477,0.0201728211828693,0.00148591350315962,0.00427686555833633,-878.805146447054
4,0.00625625260258458,0.0248190542533183,0.00148098555809101,0.0120547333226804,0.0105713308656757,0.0108611958589911,0.0304839827732851,0.0534164723528773,0.00156442972509473,0.00514144715236833,-880.218759502219
5,0.00349680501601373,0.0260913081383321,0.00206997941750423,0.0134153285425044,0.00947867378909778,0.0128464894017064,0.0219190851130717,0.0336844645349041,0.00122563710519119,0.00516183599088256,-873.150006872925
6,0.00361920332556933,0.0247229733317717,0.00314811796286527,0.0156031129660224,0.0127706634802431,0.0101051018988615,0.0155719964458216,0.0306142694666423,0.00184614632542319,0.00600106894129822,-872.391577391175
7,0.00319031276360529,0.0256323164690807,0.00293343238998502,0.0083350523101828,0.0104656649425522,0.00987110752609357,0.0243373493254577,0.0302906042128513,0.0011896985670621,0.00379926948376496,-873.862987452944
8,0.00322610960266607,0.024990889530322,0.00152063977325265,0.0153914866164489,0.0132737149902263,0.00840718400591661,0.0202421147449716,0.0271592148385558,0.0013856071584923,0.00540249579109835,-872.610813478649
9,0.00347038133261731,0.0208550020861782,0.00294476129810298,0.0138122168317268,0.0134269690903724,0.00799280436988236,0.0157387960164018,0.0196309638738303,0.00121117319105333,0.0079654151368089,-873.204124401822
10,0.00301187957147611,0.0253700305366251,0.00327850553043316,0.00968630975540673,0.0107863765867306,0.00771325931952865,0.0148667160729876,0.031146031677098,0.00419747123332847,0.00766270277329155,-875.568822730367
11,0.00476811193378452,0.023829499030945,0.00594066701283689,0.00971485873333126,0.0108499228805177,0.00989659536983785,0.0243290063009631,0.0316397161213948,0.00443180923629024,0.00586520762300384,-876.754936912239
12,0.00181507128009893,0.0267188751624198,0.0044367958938988,0.00230547176592055,0.0107844129602004,0.00359598022833484,0.0154657619345296,0.0257174299121685,0.00437092420579914,0.00758989772043503,-878.838832276931
13,0.00765851113693887,0.0257628084901466,0.0112689410353601,0.00852068162195551,0.0108066831773809,0.0107170055415575,0.0188878197671043,0.0276119465078691,0.00312391644588534,0.00351241778112205,-876.688504771864
14,0.00267631999642613,0.027280092645275,0.00212450691510031,0.0099898571474601,0.0143658220802989,0.0140473559424202,0.0121474471537304,0.0180088715387235,0.00298487813057461,0.00626059129550284,-877.059263695456
15,0.00357822109303993,0.0260253968480426,0.00063183274716492,0.0106682469918813,0.00604014301092199,0.0122317137098966,0.0127098523620153,0.0153872175573713,0.00141510663038546,0.00403326190077049,-876.450747484623
16,0.00540720526347404,0.0206186798079434,0.00107055542149491,0.0164228219174725,0.0107407891182231,0.0127391812422562,0.0194787413646573,0.0250131569790662,0.00329990775081008,0.00524271177778518,-872.402868273363
17,0.00476602454126299,0.0210989270644354,0.00201450743771635,0.0194591542536133,0.00749665623925157,0.0141092808862409,0.020609308497839,0.0187632816527077,0.00238080532293646,0.00497707041836418,-874.031403622173
18,0.00430245380022971,0.0174913437865859,0.0058208158453288,0.00826677774062392,0.00970476648900005,0.0121264305817231,0.016589801880127,0.0143569578927281,0.00184848594039308,0.00648142739482923,-874.329125060968
19,0.00326461623936819,0.0270720989799156,0.00340727143363979,0.0228492072301641,0.00920038960702928,0.00911529829992191,0.0151544187706262,0.0331536006515884,0.00132902298814237,0.00932689682670104,-877.345565780981
20,0.00252249766035126,0.0149072705784984,0.00285641973049802,0.0147794685225562,0.0101299387370055,0.00838818808379624,0.0206478448634731,0.028403082396086,0.00198188075238634,0.00653590509917272,-875.125768290337
21,0.00270940361692246,0.0161549046356294,0.00264113257539117,0.0103073984170508,0.0114561906151645,0.00292103448431866,0.0201472876376531,0.0401181572080232,0.00191938086523391,0.00887938822317948,-880.582473589626
22,0.0095697778202826,0.0152546584178672,0.00270241145243243,0.0127214038082255,0.00973841637680296,0.00294276419416812,0.0170734227177037,0.00901285987498147,0.00296699569913474,0.00483259817273129,-881.742915509057
23,0.00219987843847365,0.0197686136998307,0.00390034896709332,0.0118129601056758,0.00988950617705755,0.0153927270343217,0.0184751748399704,0.00726012261367109,0.00241004539520387,0.00471278642153794,-874.927188215762
24,0.00424822328625407,0.0225613686449804,0.00576034667410291,0.00420739008753994,0.0098271512505824,0.0086596505591146,0.015260401483524,0.00908211238511633,0.00232396849584233,0.00600036901718328,-873.745292014886
25,0.00222194412516559,0.0228759963875264,0.00273499529193784,0.0105010247615968,0.00835675939860551,0.0166441366953004,0.0190343879462778,0.0153470402336811,0.00130250887926988,0.00446288534556686,-873.663305437655
26,0.00394035904432941,0.0217397464824406,0.00194658964599905,0.013530265072286,0.00963283806787513,0.011085994434548,0.0172410674797512,0.0234870422460026,0.00395221029877907,0.00239059845157674,-871.580040493834
27,0.00247069732157277,0.0205701960969498,0.00392100780873138,0.0136989160703646,0.0092806327496738,0.013842118574057,0.0155138937967935,0.024471597629789,0.00135550852168476,0.00468403965175619,-871.607110995932
28,0.00273113714674266,0.0194022843213156,0.00530375940144631,0.0129565521522588,0.00964657125554717,0.014387276893693,0.0155320873557356,0.0228360840398955,0.00476925727238888,0.00478938577882551,-874.197941868484
29,0.00600434041465245,0.0176997597090852,0.00601994609245343,0.0214696154188816,0.01136964842009,0.00984526245445853,0.0135796480887693,0.0216230900152362,0.00288667195849801,0.0013583064453056,-875.601410926308
30,0.00807977796859067,0.0170176108368573,0.00971275531473952,0.0174680682268418,0.0150840223377387,0.0127353569115871,0.0176808914283475,0.0311725139663178,0.00188989660178026,0.00997854050373075,-881.836940277614
31,0.00666689409280515,0.0152718840328384,0.00757026149449706,0.0127482583420333,0.0133497514366183,0.0143273836496381,0.0216760087714259,0.0319146866964926,0.00328409173953264,0.00910716069014262,-880.549482770146
32,0.00551420539153112,0.0255166162048293,0.00312669991558463,0.00483117359597191,0.00829996112274397,0.00403615768795196,0.022238163869678,0.0273788950850881,0.00148651568124668,0.00651039627727392,-877.493354040513
33,0.0017042083384559,0.0257905316900836,0.0125217368878864,0.00397769088370595,0.0143501105052684,0.00325911396744946,0.0150198956329019,0.021920619375071,0.00312020455361126,0.0061103544029162,-877.026132569423
34,0.00544391919802587,0.0231746118843478,0.00693193154017525,0.0150393700328218,0.00929550248630722,0.023632185774673,0.0158007050742296,0.0180697444475542,0.00300519466532775,0.00159120433818819,-877.112748638806
35,0.00439310349870724,0.0220083067029786,0.00553652270669173,0.0100861520323374,0.0113744893221865,0.0201237782057308,0.0148632412299909,0.0184480675546981,0.00270931946398804,0.00231654171675179,-874.649431181809
36,0.0088003626193923,0.0144246417498773,0.00286569498348475,0.0205672864661325,0.0114964134872449,0.0185255147507203,0.0213452207508792,0.02007920478361,0.00283029941658813,0.00251145930197339,-878.268195074023
37,0.0084874081319643,0.0171285054850055,0.000959849796246732,0.0117665900600319,0.0118460229796713,0.0104200053583253,0.0211665727458593,0.0192268807224191,0.0021192703252091,0.00312979454791312,-875.717698195829
38,0.00182808518243035,0.0254914584257989,0.00509586357185771,0.00387975706198497,0.00920711187452516,0.0136522828922047,0.0172597815940782,0.0254187906767098,0.00185641045725705,0.00458363674577011,-873.39941435314
39,0.0056385297798556,0.0259938116313082,0.00406457410671293,0.00368738868781948,0.0143042874814557,0.015325543115404,0.0176409963880204,0.0292514973934494,0.00189727552835208,0.00254775098772607,-877.218089600752
40,0.00406598433242364,0.0221570595491589,0.0078590787751119,0.00704766632238242,0.00909906828440831,0.0146153903899382,0.0195292440684692,0.0269319346780428,0.00200217761899373,0.00632050606570272,-873.930609421982
41,0.00295954676959304,0.0269802676185146,0.000832918563819209,0.012848382615703,0.010579556860791,0.0115575977816792,0.0198914786330139,0.0191979750896365,0.00254754740662779,0.0108737249040568,-876.331643967677
42,0.00458303662564325,0.0269176439558162,0.0050880437225943,0.00712880632375422,0.00956541499519399,0.0092629455893249,0.0168430912799286,0.0154131478776048,0.00394847560136921,0.00314584361164633,-874.675291466941
43,0.00391388892314119,0.0242544917049566,0.00300601149499669,0.00758412340698492,0.0090875113554407,0.0110011868532625,0.0156528584613058,0.0258887847267965,0.00460953222327955,0.0027792719130122,-873.657199912799
44,0.00394870385237918,0.0229906413135241,0.00843694181415702,0.00300748278608088,0.0132536688183212,0.0135148342480445,0.017897118830885,0.035352355251664,0.00055906901877126,0.00339323099956747,-878.673593362209
45,0.00451530311744228,0.0220888189285742,0.00623260623795688,0.0233782154988235,0.0089886904718938,0.00766590623248875,0.0203487820585214,0.0322903403205391,0.00438793428921337,0.00519790434364147,-877.412445270284
46,0.00502376597630944,0.015064571738356,0.0105268621458456,0.0116507437829852,0.0121043254326061,0.0106314512896456,0.019820937475198,0.0346462574810694,0.00235657651064236,0.00486519081170708,-877.694034767631
47,0.00629779212761201,0.0276973086207803,0.00623181300525964,0.000372915224142006,0.00981787514731765,0.00892807335179699,0.0148568733292335,0.0234580395004703,0.0023714287020439,0.00644641446603822,-874.8140254456
48,0.00358572339839588,0.0286528667204111,0.013884989846863,0.00280760567424785,0.0109985868873054,0.0109645422762769,0.0188219670638582,0.0193395084332821,0.00169909564356239,0.00453819132069108,-874.608275108135
49,0.004508076789474,0.0262762454961347,0.00174098044612469,0.00653658614886016,0.0111455224569064,0.00789033738489652,0.0144655352424151,0.0225961941106962,0.00238069245860416,0.00539515640687839,-873.094804286809
50,0.00565272669370101,0.0269090032798026,0.006427295271618,0.00462271842628216,0.00865332734829645,0.0153326439882129,0.0188747187726871,0.0199657113271105,0.00174549270812839,0.0043303635985231,-874.147020890302
51,0.0057295156416315,0.0252603245538899,0.00663597373360567,0.012317021434988,0.00797861405580728,0.00798322236173734,0.0140324002949376,0.0205819847196073,0.000783369274003948,0.00596455783582353,-876.065010567856
52,0.00528022358705852,0.0215960312763464,0.00115284961619906,0.0260086322551795,0.0131347988633451,0.00986577611445587,0.0149757611767989,0.0261508968287155,0.000990697006806982,0.00669928320716932,-876.001127592075
53,0.00273797999337417,0.0210833171182097,0.00538690380978759,0.0180479895149827,0.00912323704349783,0.012302549450006,0.0138751523638483,0.0243120598867662,0.00177492787636762,0.00229522062844584,-872.630765981003
54,0.00285752145319519,0.023271427973636,0.00127505201703736,0.0212351384324043,0.00807280488193708,0.0116970411506214,0.0175065213325766,0.0189949316553389,0.00438654602090588,0.0044626526983016,-874.8078823244
55,0.00699960038430116,0.0225483149791247,0.00362218827660229,0.00767091885253404,0.00985247849822787,0.0148220365583525,0.014958430104448,0.0229950405607314,0.00377013141641719,0.00479468796263157,-874.467402686513
56,0.00642869801215078,0.0242830083642414,0.00331148075232657,0.0168319095353832,0.0107027169365681,0.0115315899226258,0.016073832868798,0.0197177631544307,0.000762736912788038,0.00511086798728986,-873.825199726839
57,0.00367291476934502,0.0190918330355147,0.00277020459507424,0.0156966371328976,0.010753008775801,0.00897773544871209,0.0161008303827648,0.0281447170364683,0.000818541451540728,0.00681659788912975,-872.388784764477
58,0.00329896354217593,0.0223562430436568,0.00412560002331692,0.0134100075910291,0.0148012109420008,0.012765812075854,0.0197607780749038,0.0263889265226709,0.00378989165519757,0.00845841681514093,-877.154394998314
59,0.00293591921500462,0.021941583515493,0.0032130259583369,0.017437851950146,0.0139777869766686,0.00622047236750744,0.0182234616902772,0.0249087030906944,0.000410265020089431,0.00543031415208794,-875.233724280228
60,0.00308748926344388,0.0227145758717368,0.00300266334659599,0.0167433764873067,0.00856430854781328,0.00804009547460453,0.0218816391291098,0.0438281777524867,0.00209773085365589,0.0109401546732274,-877.81099876998
61,0.00212238837444311,0.0244586632629691,0.00150625064519939,0.0176802553254181,0.00791402879676954,0.0126140421891763,0.0181324887926729,0.0311222129364966,0.00232697529196035,0.00246297742035577,-873.743002385333
62,0.00479340022815857,0.0272887190633167,0.00427647349351082,0.012029739420253,0.00643937018166198,0.0161171235138171,0.0211994322144337,0.0282427870638389,0.00264977110988842,0.00399552782676411,-875.79877499014
63,0.00547363173736146,0.0261389756717876,0.00555326074681288,0.00835360903695706,0.00684156969754143,0.0152949809941995,0.0196372001886946,0.0196112649533693,0.00367099448459998,0.00238275583194826,-876.343074493362
64,0.00627515148124245,0.0200119410226253,0.00490216346407177,0.0111697002575793,0.011885028263713,0.0161018399689648,0.0181334183513056,0.023270439114767,0.00148762953476218,0.00286237205867184,-874.342586064894
65,0.00764120678719432,0.0258331992900481,0.00201185925449559,0.0108566296899299,0.0104277978651092,0.00985562295698757,0.0114173425961073,0.019881376232021,0.00259673300099857,0.003340345559298,-874.624545896152
66,0.00214255365202477,0.0230978867578788,0.0109036859447023,0.0109968615297377,0.00929770307714105,0.0074909650823019,0.0168621710649094,0.0278567691658355,0.00158122522904351,0.0063853728619026,-874.546891059337
67,0.00385802970518255,0.0206532491189717,0.00579744809333714,0.0184514151361864,0.0117033339163456,0.0102564209232382,0.0155213159447039,0.0163171945129068,0.00164150842675971,0.00446564647298575,-872.744195786507
68,0.00471247804834787,0.0228807493140717,0.00556382023184633,0.00490104932480493,0.0105811759400256,0.014816675656442,0.0187445525261605,0.0248846105979157,0.00323622389867958,0.00282958567434132,-873.784649833746
69,0.00251994492505116,0.0236726793077556,0.0064218345875865,0.00167013844241451,0.00886378240580147,0.0186065705234485,0.0196652191712595,0.0269699250279912,0.00198484868471159,0.00872870497094913,-876.073868608117
70,0.00228347172774432,0.022777101390423,0.00750531208624644,0.00746365125027155,0.00805354193829314,0.0148932348373436,0.0201895038067563,0.0255868533388517,0.00120022080925963,0.00973715365137753,-876.42244422317
71,0.00567004002975549,0.0251490314977989,0.00698812750025797,0.00953505300960423,0.00861513935106381,0.0157597641116774,0.0162262959486239,0.0297462216808237,0.00246869862370555,0.000928106953801382,-876.383918505352
72,0.00123861061392901,0.0233074035321716,0.00799113890749203,0.0153086066913136,0.00874526262248051,0.0159354581018713,0.018463365785507,0.0264334808280537,0.00417367675218342,0.00169924246303967,-876.948199866
73,0.00785867866276675,0.0143836107781013,0.00605813868396714,0.0155294008466434,0.0122482542303197,0.0111479621152771,0.0153266148638733,0.0218672537235181,0.00270615788156912,0.00352696853395166,-874.817586556618
74,0.0082860738866737,0.0259267230011267,0.00519779689496858,0.00103593472041047,0.0119808171115771,0.0107650314290661,0.0202379349895828,0.02986330786599,0.00161879296302124,0.00289791933209023,-876.145443605216
75,0.00341027602526004,0.0319953672953451,0.0129627810700396,0.00234947398196442,0.0107426561237894,0.0109459547239199,0.0131010678733779,0.030460444854886,0.00156747002621242,0.00406822662645284,-876.791199692929
76,0.00399640947927798,0.032270134951251,0.00825737460622186,0.00366546767727876,0.00940125218684428,0.010786675248234,0.026493243477961,0.0296570766359162,0.0022978823066179,0.00500386896390694,-878.243975973275
77,0.00383121082970891,0.0248047357569819,0.00494673773043001,0.0105751779626551,0.00785530159198254,0.00831700748842285,0.0143838865692228,0.03029828149859,0.00258953454159864,0.00429741053733843,-873.805838618552
78,0.00317025873597454,0.0254987085062699,0.00471480528503788,0.0129607664736965,0.0141234804069106,0.00865939860796943,0.0183797596843414,0.035219891246194,0.00268979745278996,0.00494934391925462,-874.223560115186
79,0.00348746428080178,0.0232808759338344,0.00354550177584505,0.0110001108761924,0.0128637599931163,0.0100003380472269,0.0160863274358893,0.0277453436565425,0.00231456360867051,0.0043162312442203,-871.427121752102
80,0.00153169829913124,0.0233030521258029,0.00343729429026532,0.018812271056131,0.0146267247779871,0.0100215148474002,0.0176778660031999,0.0279090590558578,0.0026813762685169,0.00393990718148363,-874.679798340896
81,0.00489970572435712,0.0226097001060675,0.00348988920822362,0.00663341373194504,0.0115149263950365,0.00646426935793934,0.0199231994341488,0.0293458197868887,0.00145128661012101,0.00717496649213055,-873.654185260953
82,0.00407926282096922,0.0260004514612103,0.00272126495585613,0.00650964908753189,0.010865984930033,0.00553913108670209,0.0220237711362096,0.023811080161985,0.00480128837881839,0.00831612239282109,-878.141362014547
83,0.00232383475072334,0.0211174140276226,0.0119895874372236,0.00935205603939731,0.0100221706582795,0.0177123533747142,0.0220919969636808,0.0211424450647447,0.00114272649357434,0.0069109036842018,-878.806911272838
84,0.00239867645217841,0.0219549266413458,0.00797012201461676,0.0118696442166668,0.00896735177084553,0.00765279332964534,0.0197872334317476,0.0219392469527182,0.00300991061155557,0.00489762954408295,-874.19355288575
85,0.0043084218848452,0.0245572765368341,0.00115365638217871,0.0123542984433239,0.0111127393094449,0.00933489046075451,0.0129913115861761,0.0209773772626007,0.00284398692138019,0.00515737540479919,-871.810365976106
86,0.00927652130037803,0.0244499774567805,0.00129228876505966,0.0140082052679245,0.0113501308734875,0.00925474561090248,0.0167529914959453,0.0358608227168237,0.00306324520227215,0.00409407356344885,-876.404044969961
87,0.00895285220218042,0.0141346823323906,0.00384802106441145,0.0126912820865805,0.00954485989131426,0.0182521730348307,0.0131969326614171,0.0153444921883764,0.00259662040611358,0.00390998922721662,-876.328132439999
88,0.00913927608885724,0.0203083134792096,0.00178184641669292,0.0156022178831613,0.0126820878423766,0.0179325482015948,0.0177580102597291,0.0428457330111722,0.00170457387325871,0.00533763061279227,-880.406830565577
89,0.00858997642948691,0.0216018378575411,0.00126449865202846,0.0166622410567744,0.0081046683954446,0.0127420531503343,0.0189132002351136,0.0259248051958596,0.00221330543731431,0.00621903014114386,-873.848638592798
90,0.00310454394930348,0.0215954356507982,0.00253508393064737,0.0136241634306105,0.00718300956006254,0.0104932671090395,0.0188452163947829,0.0370682635463366,0.00323051550327477,0.00525061080796984,-874.518875990795
91,0.00253574777345216,0.0212455299156714,0.00328370573704489,0.0122985189591241,0.0126714809064902,0.0121679841469829,0.0197880461143682,0.0327331489838364,0.00144097320918211,0.00523369319572115,-872.826988514398
92,0.00334490689923939,0.0239611662786063,0.0011455918717623,0.0118120657992621,0.0127717026472198,0.00685224834507812,0.0218771468216539,0.0288873943848621,0.0021979011870638,0.00407880666403576,-873.035616080921
93,0.00545223963518585,0.0239061692996645,0.0041014038582783,0.0151882347379361,0.00902507028104262,0.0171895208915959,0.0130280574999586,0.0250296021063533,0.000952643290427078,0.00717449240610788,-875.895593122824
94,0.00427391492616788,0.0191487454811899,0.00496729794065106,0.0169940746307704,0.00974833579348576,0.0107330428023673,0.0178494536988641,0.018386898892303,0.00463927819427764,0.00722177440487149,-874.889496950031
95,0.00591170314576679,0.0178215668562057,8.56557214276238e-05,0.0186524956908239,0.0080514188722277,0.0134839066179523,0.0164872929565847,0.0234681476989455,0.00286821008664449,0.0034059287144248,-873.634318547391
96,0.00539134042175524,0.0159620165760366,0.00498098918811502,0.00884603448242521,0.0129584549306348,0.0088461022571096,0.0197607614435033,0.0290271465972497,0.00177091038889149,0.00721699598760725,-875.928292413672
97,0.00326032629443217,0.0262284742927984,0.00729188571127864,0.00203603332900867,0.00913682155124769,0.0235058380003972,0.0211134427382586,0.0205727637451147,0.00222370776533541,0.00361489420609807,-876.498569019916
98,0.00303854370461882,0.0206503600232243,0.00464711225388597,0.0176590790153062,0.0100391672304013,0.0152943732332177,0.020623950840172,0.0213830744375966,0.00164818937000665,0.00815718928143352,-874.42943551762
99,0.00426778874061305,0.0177265265158344,0.00351432498336019,0.0321120007469949,0.00744386371174547,0.0155944668598922,0.0134835066253598,0.0149841019505786,0.00115700593941863,0.0105503943541156,-881.769073256849
100,0.00634615872627732,0.0189641963543587,0.00334894601056541,0.0174893203474236,0.00741709569939454,0.0133568985195377,0.0182918078952246,0.0328404950657688,0.00066912101244538,0.00675230541051202,-876.146303202823
101,0.00480039964715064,0.0221517907182971,0.000919250916740261,0.00992315906514964,0.0138036810088522,0.0224903761789859,0.0182520688481959,0.0213049960315226,0.0050997167942135,0.00852320715312573,-882.348085616934
102,0.00309610520847679,0.0210024878019692,0.00381620266895296,0.00826317855130791,0.0139272840702064,0.0105651026509059,0.0143462542655167,0.0186276468371753,0.00325234677290169,0.00322895725249071,-874.388588539463
103,0.00405420902409121,0.027799852284919,0.000851462108538867,0.00667783816824011,0.0116718595271651,0.00824516659533915,0.0167444817267521,0.0163985373386308,0.00226201191492178,0.00583430274588809,-874.286642683855
104,0.00420649877356899,0.021719390426254,0.00876620879972882,0.0185516510145665,0.0122854054487944,0.00947815485651986,0.0154271513162427,0.0152593701455217,0.00309608883810707,0.00478448085039086,-875.153554863031
105,0.00439625069868037,0.0197906597129991,0.00767507381682771,0.0170876832357588,0.00894625655136153,0.0148619464921432,0.017459997685073,0.0281991912901908,0.00151601435599496,0.00246026173179198,-874.107554815394
106,0.00434534458158351,0.0244632882028696,0.00136879655678022,0.0149454009111182,0.0109988652676151,0.00735774616446336,0.014913612004851,0.0262359659643859,0.00245729653968813,0.00707787032068685,-872.222345650652
107,0.00363234506426261,0.0201291457559554,0.00468689235834687,0.0122053577152629,0.0100276763248536,0.0086013674725696,0.0197332038539684,0.023163664779828,0.00123233380200582,0.00713809718395322,-872.846445303921
108,0.00787336380842475,0.0197696439701642,0.00552181856765897,0.0121390098130962,0.0100407807886527,0.00774590782623057,0.0154300844525667,0.0198255765707633,0.0018651151227765,0.00394164457583328,-873.335072597671
109,0.00360026012280132,0.0267385812430915,0.0084591120581795,0.0134313563315945,0.00994421511243804,0.0079065965235382,0.0164191687602837,0.0223236738728519,0.00221680363208605,0.00768979381081857,-874.554290629333
110,0.00343235294490237,0.0301543923951252,0.00396371870414001,0.0114443088753458,0.0098447747445912,0.00801380205945304,0.0183366709589044,0.0281127621428337,0.00217113385196289,0.00686884436335879,-873.844708846627
111,0.00487505084748491,0.0302347835272911,0.000768807838723669,0.01125029271891,0.0138697509824339,0.00821803188197995,0.0226905504305705,0.0342335957757745,0.000476354818393558,0.00850539562540784,-878.959349260653
112,0.00483540246798193,0.0193596511177302,0.0110074489879906,0.00392434590201732,0.0140634413550004,0.00779131995754407,0.0136556846836997,0.0278422572822558,0.00239103613662958,0.00854493520149944,-878.069743724374
113,0.00281137620712643,0.0322501932548746,0.0141406285300515,0.00334430970212794,0.0134019970410727,0.00369282732645302,0.0199860193812597,0.0289071386702552,0.00308880813669737,0.00686725909473074,-878.493181807439
114,0.00194613726225914,0.0340116081922565,0.0146735461225491,0.00182741810212339,0.0105719682742399,0.00351059996540071,0.0102735186920225,0.0269420342012856,0.0022927733744934,0.00449329916222235,-881.559844500747
115,0.00224728686803277,0.0296914512605861,0.0161380212065407,0.00200095154556694,0.0154692201651677,0.00852176940612369,0.0193629605411286,0.0218583198243284,0.00117413517536247,0.00893014714004586,-880.135928762279
116,0.00444554790390994,0.0200946001938306,0.00359204638098923,0.015726873241207,0.00853340413783205,0.0172594444807023,0.0144426525860511,0.0053334774305513,0.00219283239767798,0.00412736381260262,-875.261857514502
117,0.00484312288906456,0.0187745018829805,0.00443406953674043,0.0153827431469301,0.00978963884625391,0.0166526425179679,0.0114304893965565,0.0261368849033895,0.00292343492377259,0.00138060452525652,-876.538050404094
118,0.00297845956595888,0.0187580662570899,0.00311517873364377,0.0110626906722202,0.012645908844182,0.0101659189705679,0.0150999049049735,0.0224726940953489,0.00216236171407525,0.00333177523654157,-872.288177583754
119,0.00769990969764727,0.0207105400866238,0.000963613024359031,0.0176240061049207,0.00975432483060215,0.0116914495692145,0.0172737962141378,0.024796908973777,0.00233963612731849,0.0035676049723232,-872.320913969651
120,0.0079510413537536,0.0205902619540179,0.000805845161107654,0.0128433533079256,0.0118856314389049,0.0132505540251012,0.0137596293112383,0.0199490046290654,0.00366203980714556,0.00250927080418303,-874.506671974115
121,0.0052940119731536,0.0204017854907109,0.00643734152430281,0.0131626526308133,0.00752611818275269,0.0120808652326206,0.0185050128249253,0.0251831444630831,0.00371299265516606,0.00334898016789593,-873.828808428165
122,0.00844058396151029,0.0195528632296711,0.0117659964855616,0.00186749180584393,0.0121682421311714,0.00613336202540022,0.0171740244102234,0.0201867610685865,0.00309224705193527,0.00474789197236617,-876.465441201209
123,0.00720538847100447,0.0289628863995968,0.00886722418083306,0.00810820181863127,0.0106224150899197,0.0126512293042519,0.018624990680489,0.020037711142306,0.00423365036462492,0.00301534356537142,-878.419482037985
124,0.0056770214474358,0.0270045568903821,0.000952493919808919,0.00253269364799864,0.0119641205946302,0.0143337245231094,0.0195146414725982,0.0173517900509919,0.00427218825436054,0.00270050654171782,-878.932678027814
125,0.00534675198907864,0.0272206003860952,0.0141356900147165,0.000573430146869599,0.0121410329401803,0.00697928289553371,0.0130765763204355,0.0249709926840615,0.00382762399092978,0.00337109832796881,-875.717173881987
126,0.00335876796433371,0.024186473680476,0.00747227111582922,0.0197935617398217,0.0114579000338347,0.00651427516637391,0.0165159780932606,0.0293541156182103,0.00212871874535192,0.00328890848331464,-874.112949463084
127,0.00241754208248571,0.0194007886239929,0.0140438759869541,0.00805557487735936,0.0107275494887892,0.0122386588889113,0.0186920371332864,0.0229075027649237,0.00529727285629655,0.00333372963353087,-879.096829003367
128,0.00676633968853266,0.019244591743062,0.00101873317434272,0.0212048998021682,0.00817704736446175,0.01391885833734,0.0188785899884044,0.0208707022967904,0.00176363038584259,0.00641640398111316,-874.03223353358
129,0.00456329217563474,0.0231391732322474,0.000553461963024164,0.0259579874858781,0.00812063717474547,0.0127871423797639,0.0133089458124358,0.0176378234837004,0.00305774946345064,0.0118531394002243,-879.174163920787
130,0.00309076911550861,0.018017916988187,0.00956162872547923,0.0147965881461336,0.0103961148698844,0.00857535124351915,0.0176356029857262,0.0210496517153962,0.00100864687357414,0.0027342944604594,-875.865089724642
131,0.00568269432199303,0.0223579831491257,0.00136892469545176,0.0167168890704402,0.0118488515005481,0.00762172876852578,0.0151761243295299,0.0171927675973426,0.00322652806347777,0.00597147006583901,-873.162518255015
132,0.0047333893944431,0.0233530565479735,0.00408601466876851,0.0148305569193356,0.0150800896450543,0.0100009821931678,0.0102232240355235,0.016910002722749,0.00207873046460495,0.00582062888766695,-876.867333101782
133,0.00800785729343205,0.017237290833832,0.00295870300373367,0.0142504613224974,0.00599959867317577,0.0144781020700599,0.0174832087700229,0.0215288308763893,0.00340337556141,0.0020192608693776,-875.886325804912
134,0.00370097854539187,0.0244230458764196,0.00678268852656776,0.0124275670369498,0.0133309485669872,0.00668823290221713,0.0160379826455085,0.0251950531523107,0.00367148916740586,0.00561946630041787,-874.355120618212
135,0.00334181717601155,0.0219009128997517,0.00328000508472832,0.0130651846245436,0.00838252333709223,0.0168670771905551,0.0152951479279433,0.0223658839482904,0.00218771847173167,0.00619485170967069,-872.018768464076
136,0.0043362478154176,0.0195341491005981,0.00509713429442835,0.00849528671955989,0.00928319846795733,0.011132181879295,0.0180279517082902,0.0271044771535808,0.00273928453385418,0.00167728046443784,-873.599769451641
137,0.00696134008239973,0.0201907310532485,0.00157196987152757,0.00758442471414787,0.0099580413690446,0.0175408249066664,0.0171734765054763,0.0105299820259427,0.0037773973733051,0.00685237600706979,-876.498737959289
138,0.00767607590373736,0.0205562078721691,0.00526489290067118,0.00462133917534366,0.00881567456036065,0.00882953706879755,0.0165336801769596,0.0263784349113035,0.000797906055492156,0.00121487927599091,-880.342818464089
139,0.00291759130022999,0.0240893661459079,0.0150874936197396,0.000122533076059229,0.00982540529412817,0.00799043215351396,0.0169495784411777,0.0266186104238771,0.0019434275453067,0.00223358645747203,-872.824105904963
140,0.00663628150496099,0.0236283945146702,0.0112926012428674,0.00312448088564852,0.0119518876162647,0.0196398656669621,0.0218837459732664,0.0253509772939477,0.00258583836304614,0.00273558603662708,-878.524997296451
141,0.00287359704215224,0.0263003816326378,0.00735030653021026,0.0109460555098677,0.00998124309447053,0.0152127496423258,0.0208147471038858,0.0233934282659177,0.00147364798768953,0.00651631948196272,-874.800414835812
142,0.00358777847073365,0.0215480377255102,0.0072170197826223,0.006596935926406,0.00712188993605322,0.0109106789867468,0.0213746063232314,0.0276107085795702,0.00256434065759637,0.00462223205105132,-875.139309612432
143,0.00288850834782903,0.0254717864373163,0.00578072530987636,0.00370230477783608,0.0159045275402219,0.0076650274399157,0.0215789558190642,0.0262853979837574,0.000998098651712788,0.00941632435514287,-877.533205057852
144,0.0030945225013751,0.0274443518597042,0.00328198056924931,0.00859363546267631,0.0148920017670358,0.00909105323025778,0.0203935944680124,0.0226304913037508,0.00335388248278728,0.00114899893370562,-877.221993806488
145,0.00165403314766609,0.0277187584692521,0.00443461510521642,0.0174474856391378,0.0100889704901269,0.0123186188468626,0.0174878961401873,0.015796866620579,0.00291620398984092,0.00337336556841068,-874.965629048214
146,0.00201245218099264,0.0232100841150146,0.00296770337914413,0.00987761268518452,0.00949900397664089,0.0141669977335461,0.017197852706942,0.0328710960952525,0.00157380926130348,0.00299220358306669,-872.91266542004
147,0.00198314686134242,0.0253264538633832,0.00356195295416971,0.00405441190559799,0.00993893826708632,0.0109388699695167,0.018164518470124,0.0315085270616157,0.00259799115598377,0.00362735881906088,-873.607171893416
148,0.00307280936695988,0.0239618789843259,0.00760435585704743,0.00460628915344319,0.00974218050679345,0.00882332783388132,0.0203960272702273,0.0189429097626262,0.00256164222657286,0.00428856828983623,-873.63429321391
149,0.00400025787971136,0.0267964053434521,0.00683912205444645,0.00416904205064032,0.00828421907727101,0.0108779681094739,0.0186987918013816,0.0137582860784924,0.00233792252281805,0.00327986817678159,-874.035863783084
150,0.00338123144792735,0.0251554495766014,0.00588571031782188,0.00663724431488645,0.0088170279899491,0.00812229966838475,0.017496504855282,0.0268693618886644,0.00276115126931597,0.0022002557396792,-873.565110702335
151,0.00264348366632128,0.0255047944130375,0.00960593484026751,0.0102077471117193,0.0106976583297031,0.0189113969970327,0.0143538511735341,0.0158570959744831,0.00232995924072531,0.00402105451828935,-875.868828927451
152,0.00247860107226465,0.0247429393250808,0.00145466249942849,0.0127636882692417,0.00878551321160229,0.0221432269986698,0.0178420260974653,0.0100047167108014,0.00273721989320193,0.00542634206318564,-876.00654894777
153,0.00284950317711457,0.0245883310285584,0.00482557192604553,0.0101560190365797,0.00906544620278328,0.0204553495843424,0.0149733784955312,0.0132178681746371,0.00297968978245723,0.00417655495731563,-874.326387831073
154,0.00363441969892198,0.0195076185162704,0.00787358799884601,0.0191804992209714,0.0084740456880577,0.00938830846989292,0.0114883642269176,0.0222291521786851,0.00341641355935024,0.00308950092716559,-875.856003598696
155,0.00482152816727359,0.0254930845844894,0.00609864794366802,0.0223270587171091,0.00896095548232026,0.0105188201982721,0.0217648667020378,0.0241789395014641,0.00331631693084836,0.00324237772589789,-876.359563998093
156,0.0017938720399293,0.022693794247645,0.00219305909484444,0.0167034281421904,0.0101310937586496,0.00833346812331453,0.0176580654421546,0.0139610981400955,0.00303484509853491,0.004797195697269,-873.74334786645
157,0.00644923933623923,0.0183051847407035,0.00348182124375232,0.0222463059647807,0.00917712071473348,0.0171622744783552,0.0176229604558664,0.0227304757912743,0.00178310146313036,0.0103533156652945,-876.453546633421
158,0.00241009533219925,0.0188542956213676,0.00152473715124789,0.0239186581692567,0.0105180758140371,0.0116618400209697,0.0175363018108162,0.0349367232367098,0.00182943585755544,0.0029842344751043,-875.312213222408
159,0.00220459627915903,0.0251159044823427,0.0110267732937813,0.0109139432681549,0.00865762026369787,0.00815254947688202,0.0187292191311396,0.0410221273679793,0.00160753753702452,0.00738080663490733,-877.827346030896
160,0.00329659312459222,0.0240023679256832,0.00189004651076094,0.0080109823297021,0.0127254265606074,0.0073429353618788,0.0211714677928253,0.0274756214035767,0.00177253602973331,0.00573690586069871,-872.903945756639
161,0.00323972139798441,0.0234645565832778,0.00260501959873233,0.0120079744335087,0.0121867285250562,0.0116999992018363,0.0201944298948867,0.0316177655319413,0.00238931329456691,0.00483718305921227,-871.920550694691
162,0.00389228435601006,0.0246348831302373,0.0066676682037123,0.00758611502184894,0.00840056829401033,0.0187416912589084,0.0235736092986044,0.028450789306051,0.00243475943737837,0.00541011318872101,-876.142671814489
163,0.00311770444582068,0.0261289417597706,0.00760027974033823,0.0107419524436642,0.00786820972386324,0.018111096531942,0.013838499433758,0.0163923839819073,0.00160151930740275,0.00833539658357608,-876.805978732686
164,0.00339635941721614,0.0188134975221927,0.00178887782664079,0.0130809902228231,0.0105923488010045,0.0118648288157492,0.0193020448433416,0.0160402387100591,0.00234028996914113,0.00864488658896024,-873.722882029311
165,0.00270273229758197,0.0165618747263437,0.000491496111667198,0.022294526731617,0.0105072512371109,0.0106843986936299,0.0173898394186124,0.0130783673370993,0.00151338750886362,0.00470400788416176,-876.168965753655
166,0.00233218883620785,0.0189773574835168,0.00180901028238359,0.0264593799973952,0.00799196804357197,0.0113053529092216,0.0129498153366125,0.0243003515510766,0.00257459312746747,0.00598808647723849,-876.453299992239
167,0.00681026824976999,0.0176448514035622,0.00126955394298623,0.0264161850777062,0.0104714877926468,0.00689612144412504,0.0183419773691076,0.0244245427327696,0.00219466021656049,0.00571044341961472,-875.125790075407
168,0.00268163295589732,0.023148374475396,0.00660491700986322,0.0190520192234266,0.0103787755836264,0.0130328360154515,0.0101636925985802,0.0270420133327924,0.00274975532251482,0.00320318824793718,-877.077824149197
169,0.00214508671872716,0.0224781760460007,0.00221493680319081,0.00977406741212931,0.00786791117132346,0.0123614992983689,0.0124372824091898,0.0298887634895871,0.00165862036201493,0.00459013803867893,-874.645557048528
170,0.00443856450671628,0.0217562559932811,0.0011000512372803,0.00898042126166956,0.0123526200480388,0.0141127359852562,0.0177294322338715,0.00792503937247924,0.00284122252707384,0.00356999071464552,-875.709094431016
171,0.00295417148703838,0.0212985769459158,0.0127306109367596,0.00882352512342894,0.009885526743244,0.0158949401741774,0.0154505468542807,0.009629230626706,0.0028361201450738,0.00713499508265929,-876.872031414834
172,0.00332275649232755,0.0213368847732914,0.00731006352383107,0.0132716286749961,0.00869254249478743,0.0141303078858423,0.0165762953440264,0.0228752706116006,0.00279345367803756,0.00343139223935658,-872.249091593212
173,0.00424686379407177,0.0200087502965131,0.00235564579063681,0.0124031074140605,0.00900953742913314,0.0125834881577969,0.01689747674859,0.0304008101112867,0.00282441678087778,0.00755804924634773,-872.685495082692
174,0.00457623681266845,0.0248914324403875,0.00156777196710727,0.0134181808786178,0.0103235507262823,0.00825344135536715,0.0199739769778245,0.0302825797541678,0.0021562008270835,0.00376597597112373,-871.647378839204
175,0.0037057078739806,0.0211143244427385,0.00125915934677135,0.0123651250897579,0.00989513967200769,0.0125416557685253,0.0197809724571851,0.0202811573281858,0.00183711364128702,0.00528956228028199,-871.529510948352
176,0.00323532739373001,0.0214864241130375,0.000487483546693172,0.0129041870985514,0.0095245702774789,0.012706878860224,0.0203734037059005,0.0249340226824849,0.00232026241664335,0.00276205255855909,-872.530574235677
177,0.010220672786311,0.0135408650273615,0.00568600592136965,0.0212614447670588,0.0120173989162711,0.0156396092551891,0.0187684901724376,0.025230745770019,0.00270335519843828,0.00298216532567612,-878.032326444248
178,0.00999426203732586,0.021198814366776,0.00366635170480555,0.0169031101768101,0.0116363924471237,0.012919800298332,0.0181853411842605,0.0375245262284853,0.00205673238463392,0.00256361915128306,-877.342452381076
179,0.00926427833272288,0.0186611284198043,0.00198639333407234,0.0259869694844976,0.00901693261907504,0.0125961247891533,0.0209043591046897,0.0400431994307046,0.00407319383090607,0.0040789346026473,-879.73031135943
180,0.00985337959845536,0.0170286843432012,0.0054313180878616,0.0207228319249828,0.00925820854135793,0.0159277639086024,0.0194755195162021,0.0422619317837625,0.00277128347880681,0.00358441693771456,-879.220159467743
181,0.00412355807286312,0.0240500389646303,0.00463073105825071,0.00788145925621667,0.00845294023724233,0.0144065307722751,0.0209640275068642,0.00977060444546778,0.00265161914773682,0.00873488607260959,-876.311498040806
182,0.00350963327705189,0.0160907312794256,0.0051541068781327,0.0185611983767652,0.0101947427097014,0.0101466395091524,0.0212953074708184,0.0345668973231558,0.00117585570063505,0.00308185422712038,-875.868337768649
183,0.00386587974042316,0.0167725305511741,0.00267197321620418,0.0211556939386324,0.0103879946286861,0.00834364370118812,0.0188598815837227,0.0216602360065666,0.00317090362589058,0.00361503231072392,-873.541358490333
184,0.00533512009603213,0.0283641226713783,0.00356103881198403,0.015409408392479,0.0107734986311648,0.0147322080079705,0.0155498132930303,0.0267636276030482,0.00255377759927317,0.00511462776389419,-874.175776338923
185,0.00553194555807564,0.0260533239968418,0.000848788903154045,0.0164299418434564,0.00950711739982083,0.0184088458458505,0.0166713992530515,0.0190289423576747,0.00122889274276336,0.00206672973081383,-875.706459501188
186,0.00660928292866453,0.0238202778543395,0.00435007435860443,0.0117603919025814,0.00983913828824534,0.0185922590862558,0.0218658506601249,0.0223116909472512,0.00311589559349297,0.0060355584703784,-876.542018521195
187,0.00148629736726804,0.0229940688462907,0.00160970872195415,0.00613815397224438,0.00951135247816748,0.0204390268210683,0.0209482474754011,0.0334130631273065,0.00217330073319556,0.00139970592710596,-878.272637834244
188,0.0014115965136814,0.0214391040538898,0.00665810639282273,0.00842799065110461,0.0108980092057415,0.0161763805536244,0.0158532675640194,0.0296153469726273,0.00214647872650099,0.00172647417659404,-876.130197678275
189,0.00217138960846622,0.0294564518021369,0.0112589620755766,0.0192161334440034,0.0116755854608743,0.0179364089748073,0.0187192023746931,0.0185871974503636,0.00142117154149796,0.00325999440734666,-880.406613144964
190,0.00242203009074788,0.0294514045165737,0.00254604659416196,0.00747802050094158,0.0104381476816943,0.0152224174581227,0.0153467728605705,0.0313857586711371,0.00334814571403396,0.00310299693123979,-875.133336731673
191,0.00413878693853256,0.0259787689332384,0.00252788366926604,0.0110434500342216,0.0101294034951544,0.0164018200042934,0.0154649981248697,0.03024341826474,0.00173672382472231,0.00466759980326339,-872.949712428597
192,0.00241025561053619,0.0246655426821709,0.00436538363480888,0.0099797920695989,0.0115057760740331,0.0153405455537472,0.017994740665656,0.0229388043549877,0.00143077524456403,0.00389053309870808,-872.549500038916
193,0.0012620745271674,0.0301886812262032,0.0036915497786843,0.0138111112368983,0.0100767249296134,0.00970344006069675,0.0182561015824405,0.0262034790969986,0.00259416392027075,0.00326494777508777,-874.334827824568
194,0.00428456692998852,0.0256606080646662,0.00328505658483557,0.00655219167293229,0.0111697242468281,0.0144676753054766,0.0193299818803407,0.0288833243859381,0.00243217500522529,0.00378008340401234,-872.677874506045
195,0.0024717419933653,0.0297151402862247,0.00230642481224675,0.0139386324074068,0.00890044297080199,0.0112160691083182,0.0205872865582129,0.0258540123836813,0.00327651650525518,0.00425075574520595,-874.379838285277
196,0.00282020985007354,0.0168924446763903,0.00347941831945452,0.0162670276710108,0.00989124971733928,0.0159257821617194,0.0148668280912571,0.0238638513696861,0.00146503291073329,0.00698161360737053,-874.212078613618
197,0.00499266798204358,0.0269752109016574,0.00714247072190047,4.21143330821217e-05,0.0117447213960469,0.0130046414194154,0.0150712472810893,0.0186482557820093,0.00318231518548063,0.00247020438293258,-874.363728404305
198,0.00433229624682752,0.0251008090660121,0.0140982972536566,0.00086481400029438,0.0077896022303295,0.00784943121705888,0.018587496012434,0.0297921120851811,0.00402912300624472,0.00475527135358447,-875.842464911781
199,0.00482584685576899,0.0301120688374781,0.00648988666223379,0.000319850381427242,0.0154911484089583,0.0114307694661502,0.0179384489420632,0.0259964161504013,0.00390422668187071,0.00437791820789133,-878.410935255928
200,0.00694525305995511,0.0225160122491714,0.00984950513375906,0.0134473080445031,0.0118286230542356,0.0121069080313436,0.0167907486626455,0.0299561961408898,0.00392098027817625,0.00265730131167314,-876.964612592659
201,0.00723070961724729,0.0198712003597207,0.0134367868722112,0.00199640627241433,0.0143945492836374,0.00912167022557518,0.0192125612548403,0.0299625796271357,0.00316273159111075,0.00549248114769867,-877.795909954489
202,0.00546443923345783,0.0184397854274396,0.00855367198964211,0.0157280352915806,0.0135559820086323,0.00605295018461292,0.0147015257388395,0.0289449250874077,0.0029230632552682,0.00507203017167183,-875.964570449847
203,0.00247699664322415,0.0200553326721147,0.00805913920786927,0.0129072923766551,0.0125653958149434,0.0103772596651284,0.0173411356747512,0.0274623702753824,0.000677119203179497,0.00709996982546605,-875.195830748364
204,0.0066466223286533,0.0172476163182425,0.00115917396837256,0.0109141436242163,0.0111015998982525,0.00784901479473658,0.0206357022033271,0.0217400620427155,0.000738746192550181,0.00588312646524456,-876.30549493193
205,0.00761654188518792,0.0261557205773216,0.00325732075934773,0.0124898746851743,0.0112924873203205,0.0129218185392104,0.0173818395290244,0.0294095669524459,0.00332481363848775,0.00519665591050573,-874.882765718203
206,0.00389380583785512,0.0183809838374753,0.00369390275635109,0.0127192596747099,0.0113525619142555,0.00995952559611633,0.0176146007904474,0.0116647262497135,0.00235560700974331,0.000930892366445001,-876.367141719208
207,0.00406419060273442,0.0257139357748391,0.00293481578958628,0.0168319502658443,0.0100722543336184,0.0133061738242686,0.0153282839487874,0.0134645168624217,0.00226458953717633,0.00864424843201549,-874.28305796243
208,0.00172419872659852,0.0184204888164087,0.00287133246281834,0.0151029842283962,0.0131482161675616,0.0107546831948381,0.0158103747003505,0.0237794021651981,0.00215744556996182,0.00256074435900741,-873.717146852498
209,0.00911165385225945,0.0160666215369268,0.00179053828120368,0.0157000943869669,0.00934611464263943,0.0165117866382072,0.016245543349872,0.0261988213810487,0.00205184736686865,0.0068602070166298,-874.58261053411
210,0.00507088807269067,0.0163585792822464,0.00346349924837851,0.0163992200266149,0.0100733129691538,0.0133192383593053,0.0183396785086365,0.00930525917400546,0.00292782263567102,0.00481172638550665,-875.468482242821
211,0.00609851842256218,0.0252988745719331,0.00826277053507692,0.0076330402226628,0.00997879976190227,0.0121226987577894,0.0155498208354516,0.0265804757853921,0.00199302840965576,0.00176514720634755,-874.862308542229
212,0.0085401857108193,0.030284487086187,0.00273053143433301,0.00772176298499033,0.0125315744533563,0.0112671598113705,0.0169189898336174,0.0168172773368068,0.00268170843325207,0.00706996699740273,-878.522014343401
213,0.00570028097928165,0.0286180296366758,0.0033638677526661,0.0176339413695131,0.0125231063162367,0.0109797233625652,0.015130566481058,0.0304509140799587,0.00297306339923469,0.00800014071899637,-877.498116434196
214,0.00381598601490637,0.0257082783869117,0.00650358626301449,0.00392844482313135,0.0077207679721223,0.0124668494524516,0.0166892574773517,0.0148168762285342,0.00328753087845785,0.00963308851224935,-875.909169454658
215,0.00455920865267382,0.0223387563301317,0.00683724974074794,0.0161062482769912,0.00921246441628503,0.0136603753516004,0.0148229755054677,0.016650594451884,0.00314659462349801,0.00449393841040586,-873.030182242399
216,0.00419494971662916,0.0163939903718688,0.00600183516649642,0.0231283579300306,0.00949161829018536,0.0132049606922265,0.0171952894916357,0.0191307575359006,0.00307248040172273,0.00695079656553532,-875.19319165105
217,0.00463892814502801,0.0218093198995685,0.00197319506252102,0.0207361736001628,0.0114392714412419,0.00848301010875343,0.0160971096539561,0.0293170898243675,0.00173773162495692,0.00610572604312259,-872.365761950323
218,0.00626609622227754,0.0209205469672349,0.00327573582953889,0.0111812705769044,0.0121909783096725,0.010594428174087,0.018775640587059,0.0198684533304359,0.00215825076521513,0.00134942539312187,-874.231257509935
219,0.0087123817495907,0.0219947228937326,0.00235622290540075,0.0185286470280977,0.00829790692722353,0.0128324427049592,0.0158781087056877,0.0211633963192567,0.00292628462142281,0.00807432902015624,-875.065491761434
220,0.00449215474237928,0.022609302951209,0.00199900228349233,0.00789559565247532,0.00953658111230248,0.010273441136115,0.0184442943898353,0.0228856563183093,0.00368699117486106,0.00351396190006896,-872.348307103564
221,0.00399280575367476,0.0244140267114112,0.00830718460370723,0.00201372889417521,0.00800939381648692,0.0103477379187566,0.0174873830363235,0.0145409120830517,0.00214229743737819,0.00247475848933807,-874.016238063871
222,0.0036980011960013,0.0228695403000018,0.00964930722036556,0.00531948431305994,0.00839908958038119,0.0135289084755028,0.0147248994076754,0.0227286937964586,0.0028363062501063,0.0047376466229112,-874.194105913925
223,0.00276593683528293,0.0200642044297605,0.0093714203097661,0.0156605980641385,0.00784318142281584,0.0209766090933899,0.0142839224025823,0.0266554103278474,0.00215561088790595,0.00112845354889634,-878.503693423514
224,0.00364150371180922,0.0223359052153253,0.00212019389102993,0.0236493073268742,0.00883309360401173,0.0270100578774642,0.0218523017130108,0.0268549173680893,0.00256132287102877,0.00915094903380313,-881.79388709966
225,0.00551130960543799,0.017806706186298,0.00302002885969517,0.0086213763408284,0.00944604444914853,0.00283310483059095,0.0155908323762728,0.0221262586932046,0.00140730182178173,0.00297546446822366,-879.751887166621
226,0.00645768053034673,0.0234211808022663,0.0013919617960292,0.00845981484821428,0.0123747559181532,0.00268917118224341,0.0156579778069024,0.0173977986069809,0.00360483562763684,0.00269342873522561,-880.021564986839
227,0.00647790332231112,0.0229172449907815,0.00249734970625741,0.0119281225806103,0.00899767497941485,0.0299647081041834,0.0166287779075278,0.0216899805085809,0.00454721833393095,0.00238125637411848,-880.715704953605
228,0.00223952557324876,0.019847725670711,0.00117853161387143,0.0153134541662258,0.00832925646212457,0.0230037414422305,0.0175919586085962,0.0194408395488552,0.00360117858363018,0.00415953239568624,-875.951685388549
229,0.00322370856836001,0.0223438301369997,0.00536925795143083,0.00858977079511063,0.00782564332898558,0.00897486541027277,0.0142222417646348,0.0237241538438427,0.0012501232022205,0.00553789605568324,-873.77628477858
230,0.00321483688528711,0.0270806393466972,0.00292109494459644,0.00620221254328889,0.00847586654316558,0.00970441498379154,0.0196994148631161,0.0336636851283776,0.00126264993457995,0.00610236794139737,-873.746463773957
231,0.00245979574451362,0.0213926371743342,0.0035158790381618,0.00964515673417275,0.0126848400420877,0.00800873257685559,0.0241375341471153,0.0246440406458299,0.00273757514076223,0.00298436019873289,-875.327893823629
232,0.0035581471248645,0.0218869791308885,0.0038580728752812,0.003181837760478,0.00886415535836704,0.0144657109735759,0.018848261543976,0.0181392341752342,0.00310533697141824,0.0104928944658436,-875.568256415879
233,0.00403613171439233,0.0218359547636534,0.00346994052661483,0.0200028757963505,0.0108652074248009,0.00867532465468002,0.0173001712276864,0.0284183349091154,0.00185249511889562,0.00199271257097269,-872.722634688446
234,0.00391249258243549,0.0188396897207683,0.00183680212635832,0.0206605043070474,0.00980005096314887,0.0141003170069916,0.016114210732153,0.0160376053343146,0.00317853792638064,0.00708394964211501,-873.404638349636
235,0.00616647118602384,0.0226864947608025,0.00157112424341424,0.00961504133035675,0.00993157896814985,0.0141267408841026,0.0136943755106682,0.0139547850288049,0.00312552859843665,0.0017452131822907,-874.48859995181
236,0.00255831457740608,0.0221079601866219,0.00404653010919604,0.0142018814009295,0.00968587168703889,0.0137098477823432,0.0170918946528624,0.0285900290355513,0.00277562228866896,0.00264151409079435,-871.564464940818
237,0.00343445685427306,0.0251177277448841,0.00445965951931739,0.0116872090402319,0.0109663348088669,0.0101548642600896,0.0168215907286961,0.0301548944557483,0.00369116611295595,0.00614092828000121,-873.171056847792
238,0.00338333199201373,0.0229250382406541,0.00314555661401977,0.0135499058575447,0.0108300200527618,0.00770487385544017,0.0197065661035803,0.0309993492084261,0.000914490079232257,0.00500726341601015,-872.132071824835
239,0.00236432943673536,0.0257579477520096,0.00273070983748133,0.0123524376528407,0.0109448981442777,0.0129140106964047,0.0196180469314611,0.0282866270145817,0.00207751956633553,0.00786481184049807,-873.110148210999
240,0.00273372029843667,0.0216376111458921,0.00344468143182084,0.00708389176377069,0.0095601129103836,0.0110714589104952,0.0177397110843505,0.0328985799817708,0.000433990375611775,0.00554333558188176,-875.593953660667
241,0.004758132592808,0.0238764519857653,0.0040000727269442,0.0100242835323028,0.0104394987544758,0.00608543572463039,0.0206042280237872,0.030390150196938,0.00408773056610836,0.00373507714061404,-874.573855116235
242,0.00434231862209783,0.0234300702608264,0.00183997719917871,0.0106161507879278,0.0124941537878887,0.00883909924787271,0.0181376085370601,0.0205144145408305,0.00117175742338421,0.00368887661159841,-872.356353026372
243,0.00470946330205922,0.0216498436671067,0.00983077087640442,0.00214576123757553,0.0125465135464677,0.0108099573550049,0.0185888091010235,0.0265061705889905,0.00123267941583258,0.00512750756175762,-874.423403960039
244,0.00378852214323524,0.0236474691436814,0.012775924355537,0.00827925761803408,0.0113053273800652,0.00542040495893095,0.0170622892867143,0.0333308014962603,0.000789634271793745,0.00414909402009688,-876.826270111648
245,0.00193136257383208,0.0223565947952798,0.00180473505384306,0.019669250373385,0.0132576474137316,0.0119196058794099,0.0226003182811637,0.0330465793545748,0.00348418618126653,0.00590597183977457,-876.837302041117
246,0.00375374837176533,0.0222232106947484,0.00459998358776937,0.0036454353799429,0.00936561098182629,0.0100079388930063,0.0191719841967423,0.0226747862119201,0.00334829277791095,0.00358503820000592,-873.625887964759
247,0.00244764139189769,0.0277992033169291,0.00350373007385909,0.00901803580999797,0.0110780568094192,0.0113036037263976,0.0204547039897747,0.0273448221293345,0.00256798557703148,0.00462866627336151,-872.544052353326
248,0.00387849552684192,0.0191940610781245,0.00120325827866068,0.0218776101436474,0.0104787197453549,0.0135841941817129,0.0128270661356615,0.0284286699001082,0.00189790570053214,0.00575828908505558,-874.666177111502
249,0.00479349436641264,0.02237786600478,0.00182359288507828,0.00877662907962723,0.0100112985010697,0.0084675225221355,0.0154081859651735,0.0160859725173282,0.00436484373561985,0.00820933141030787,-875.167086615964
250,0.00299296565954041,0.0219150332820575,0.00224132041223981,0.0197677484244373,0.0107245143002292,0.00342280086196365,0.016821774044435,0.0264982060970049,0.000250582795679086,0.00752320945267187,-878.245352882077
251,0.00390043505123254,0.0231597356276666,0.00236269379589339,0.0127692605577672,0.0131507341303672,0.00581568657316056,0.016364401775128,0.0344040387594789,0.0034316660045583,0.00793831417309168,-875.559814810049
252,0.00467040483683008,0.0204218113016258,0.00235946168511632,0.00956797143144362,0.0124822849042912,0.0104950629321999,0.0207610692155877,0.0207773165121263,0.00140146955964348,0.00723602995356385,-874.131096162266
253,0.00396947138870135,0.0199487424012401,0.00270128212163149,0.0153322447342235,0.00983928188103896,0.0122868905447879,0.0202601416738132,0.0249729558576477,0.00388762736099192,0.000602463427238881,-875.325312544711
254,0.00364026484663123,0.0187332221098374,0.00728970740619719,0.0198996152476491,0.00951268655079006,0.0116637654040214,0.0167801633260734,0.0286305533006637,0.00193771119691795,0.00640538692460693,-873.665488295091
255,0.00645262247174288,0.0201653111069273,0.00139026614607674,0.0136158334707677,0.014766389934931,0.00631934099465925,0.0192168836220892,0.0235838128196701,0.00150704150276866,0.00439217580628367,-874.603682948499
256,0.00376037394150026,0.0241469446771904,0.00389984968471364,0.0161140524189414,0.0123430736345401,0.0065595358511963,0.0156011324420199,0.0171144853401634,0.00223995936391426,0.00865267818681208,-874.232410771051
257,0.00446094751258757,0.0246007497988962,0.00358767849792222,0.00329910651721956,0.011275027773935,0.00855766826387749,0.0193356233298016,0.0288898956911024,0.00402403518680641,0.00155203096481554,-876.092940523886
258,0.00333640652969155,0.0318069055308213,0.00705628653890574,0.00804634619431169,0.0105195484542273,0.00623732999760016,0.0158914387856758,0.0320473537430166,0.00319585163091731,0.0072746341493012,-877.863467234112
259,0.0056924821391419,0.0309167924596317,0.00689481653658924,0.00441219637356891,0.0102129124554918,0.0165450896460187,0.0179954101749928,0.0247201167995584,0.00115672511652792,0.00556716559691883,-876.746599217808
260,0.00915883672084977,0.0331779034302245,0.0124770654962372,6.13857173741487e-05,0.010067768342404,0.0117453125845603,0.0165061906365491,0.0279053279036284,0.00213230643711202,0.00434131326883168,-877.856829349083
261,0.00533834319161996,0.031396271980857,0.0139043009049157,0.00270685635850105,0.00965880452222168,0.0114469740852896,0.0168913320863225,0.0268851327672152,0.00268598039271089,0.00258272028266939,-875.468517996505
262,0.0055315431758074,0.0183345487678692,0.0102571501446069,0.0120975997527596,0.00954038862273158,0.00696306879793144,0.020650665537733,0.0209561485614901,0.00259296459135337,0.00761729883688871,-876.854801301504
263,0.00793555388919586,0.0187886292251486,0.00399457539371406,0.0048678049343278,0.00879060819489297,0.0157420682574724,0.0209740192043008,0.0126647148955603,0.00284254439972379,0.00361799152277999,-877.315538512303
264,0.00660449644809131,0.026603341283129,0.00915890589131077,0.00475335713431479,0.00882474644556011,0.0070034442105027,0.0125262922666036,0.0183275872207181,0.0020439425553148,0.00790305461725186,-877.377065409355
265,0.00618763650372581,0.0209165277076794,0.00858248456116587,0.0103094976152975,0.0115610199004139,0.00742558404332433,0.0202893522873592,0.0290245259039879,0.00176743703758308,0.00181926519097491,-876.079556937593
266,0.00414759063771314,0.0255060614219431,0.00720010946575718,0.0111257471047563,0.0119972153962193,0.00924829821378417,0.0157264036019096,0.0218305269893774,0.00166643251957615,0.00795856094318658,-873.933661038434
267,0.00311951621767999,0.0278883876457395,0.005528056228106,0.0102604701167454,0.0131408950910173,0.00876249381347082,0.0207935243697249,0.0426130690701169,0.00147111442632475,0.00225485335220286,-876.796117989023
268,0.00289329629413557,0.0199254194680294,0.00600187316243753,0.0171362679400658,0.00833816271974208,0.0102038462846141,0.0221396884882699,0.0235233187255885,0.00386380006539936,0.00387209433612699,-875.140127168551
269,0.00242976818992063,0.0257180025481606,0.00251937584853825,0.00963454829277596,0.0108380354677066,0.0101345210332581,0.0248095583108006,0.0202729247287862,0.00278476069546128,0.00342778667692368,-875.645353179728
270,0.0033326491553539,0.0237835579190901,0.00638515845878713,0.00849753330559399,0.014882345534692,0.0124740807874078,0.0119435941661793,0.0236811813620659,0.00124964189189178,0.00324467194537279,-876.898832228778
271,0.00795830125045689,0.0283940432613059,0.00795534218357247,0.0104343244141863,0.0121167795016151,0.0140401586055176,0.018387170871867,0.0244741124648691,0.00153513826063464,0.00528846850288494,-877.73906131792
272,0.00123784262833426,0.0180817387839502,0.0090594147060712,0.00909795553395446,0.0113725193463429,0.00861956856603285,0.01969003781956,0.0261348838624658,0.00191262662551001,0.0067065483857139,-876.574846270146
273,0.00275151279541992,0.0195316578605082,0.00103604321702774,0.0207860252047759,0.00941224591871266,0.00832006351937186,0.0132532976306215,0.0208844387891743,0.00209162195718673,0.00416699046768279,-872.913029181345
274,0.0044191424755852,0.0171932269245345,0.00285708790556526,0.0103618449307495,0.0117470580861201,0.0111352996656917,0.017632499666822,0.028780886528799,0.00184435787739525,0.00535352266348695,-872.992899473918
275,0.00632376510756628,0.0260631156125689,0.0035042694695798,0.00896672358217686,0.0116030551808715,0.0105660814073715,0.0170720493968692,0.0141506516129997,0.00320033019013126,0.00840234247455653,-875.763497054124
276,0.00592470730824381,0.0176759617010538,0.00137706314638055,0.0279131899270294,0.010069084099027,0.011867834136875,0.0106794570658236,0.0121310300417201,0.00275001415355934,0.00256028631197317,-879.436461345091
277,0.00479405863527335,0.0203409359281626,0.000507598544261049,0.011378483677286,0.00962112660241317,0.010133786361033,0.0190305141110238,0.0279665310729288,0.0023307607375642,0.00505064671417723,-872.01504884533
278,0.00342515626033402,0.0286944617099464,0.00357823578197622,0.00794026553397791,0.0102413034648414,0.0176969095547934,0.0188369449847557,0.0151972812001559,0.00249394265388971,0.00497106729422041,-874.647408696752
279,0.00367135558932287,0.0183873703315611,0.0041698923548921,0.0202480618329444,0.00805973298896111,0.00782383474528328,0.0155931506914174,0.0291745764485634,0.00322486242238745,0.0041714732473898,-874.348305664584
280,0.00672056924387893,0.0226406643900496,0.00279940033337375,0.0131922637431036,0.0119871426889427,0.00801920750824228,0.0203165459752442,0.0314739977144754,0.00278675641804929,0.00223320899654367,-874.024783991423
281,0.00260605218354602,0.0200152112711379,0.00283334205419898,0.0128069643712481,0.0110912282618888,0.0130711678640653,0.0178679362182054,0.0194638923055604,0.00260936005116341,0.00536362893636343,-871.631964733446
282,0.00429195902547019,0.0191394873089256,0.00211793135100833,0.0137466988388831,0.0121463857607757,0.013063536532094,0.0176817991173763,0.0212164308275936,0.00242848004392048,0.00574161112828372,-871.878127277446
283,0.00148986129544483,0.0235432797455727,0.00243626686337866,0.0162987245725867,0.00984878500731126,0.00795156512861835,0.0112330014106565,0.0163956938243093,0.00359380731121677,0.00559917451813006,-875.8320839486
284,0.0090173778960114,0.0136171590615269,0.00132670533252325,0.0175109641293561,0.010920195935576,0.0110358653116181,0.0133554414777416,0.0270159157778494,0.00306809192017985,0.00417745004385686,-875.625281385476
285,0.00577557931595531,0.0197482688303773,0.00500068894418557,0.0169432920580634,0.0106540123769907,0.0113404506631323,0.0178061015201031,0.0342525183608102,0.00130597940103237,0.00742586562648941,-874.138493488937
286,0.00308158952649945,0.0196324791757181,0.00223401216874323,0.0175642609636407,0.0096987691767771,0.0111411444031471,0.0233187454341179,0.0288240503891113,0.00170868751141957,0.00863378533260813,-874.403974376976
287,0.00411479348723281,0.0163826509173473,0.00211783942448453,0.0120929730914873,0.00995571072346917,0.00946686780432041,0.0254937428348793,0.0185253527590874,0.00258443546711722,0.002046226608162,-879.203955307816
288,0.00690494475838526,0.0284421380944272,0.00350804373972899,0.0143052203239747,0.0126926861350956,0.00836816427392348,0.0249659608628414,0.0366616971419883,0.00100978279046123,0.00442758667948909,-878.030088942558
289,0.00223364110028877,0.020071595587837,0.00880083599121135,0.01013155444515,0.0104941515448208,0.0105498256630089,0.0175058041221616,0.0303853802783685,0.00281496466908373,0.00340514427364332,-873.973538410625
290,0.00572504058781489,0.0187771096175872,0.000562200157620231,0.0128271732116291,0.00976977759568109,0.00944644683164371,0.0223645148533179,0.0258196211150547,0.00317702112934729,0.00437324822360574,-873.93533286332
291,0.00380575072576397,0.0255957701442899,0.00408838624672574,0.012336234442095,0.00983914460939342,0.00784027561496487,0.0223133452311481,0.0359095438885153,0.00339239210042963,0.00187735640773486,-874.957599515043
292,0.00453654810342688,0.0205842727965056,0.00385469433778363,0.0110835887339425,0.011712974040401,0.00807375677283913,0.0253086928430366,0.0275396860211239,0.00281678479881524,0.00793181079708155,-875.987085811636
293,0.00363872789764117,0.0237853858166743,0.00164306593949236,0.0120662011331243,0.0111850599410328,0.00818332320812942,0.0213558276069838,0.023194156393002,0.000820819062115357,0.00456620389713066,-873.362534221789
294,0.00313843267859478,0.0246133901864817,0.00434755424384881,0.0202921239703742,0.0125068235220078,0.0102355984983734,0.018821362730605,0.0277045204675693,0.0032099242054913,0.00417872288014865,-873.70762951791
295,0.00499796600736624,0.016269918619574,0.00265781405242128,0.026347236359339,0.00923158311745928,0.0103892847116138,0.0194707035797431,0.0256668312734609,0.00334165996022133,0.00395254310493937,-875.14160247494
296,0.0037539405029832,0.0253424468601954,0.00595107399378364,0.0117487677861819,0.0112562742856065,0.0103849028799661,0.014607604255307,0.0290089514949911,0.00361297755708446,0.00549689966942376,-873.908844603582
297,0.00408442838611631,0.0271866376948176,0.00198946393343533,0.0104458050149247,0.00783483279259006,0.00825086870065475,0.017274518329771,0.0345664981351907,0.00174402391429111,0.00529987325551123,-873.918951647618
298,0.00309570911048209,0.0232231416032943,0.00190137156543062,0.00940313038639688,0.015416514287257,0.00529906445869182,0.0194163394452572,0.0224423057892926,0.00111844345193927,0.0022980419593348,-877.153673265517
299,0.00471160883218584,0.0288601469829758,0.00589458046282403,0.0200508134376154,0.0103305238585063,0.00418248868864051,0.0122191908325056,0.0189908870139843,0.00315243204646767,0.00712446683599595,-879.53407436434
300,0.00689071940321257,0.0141583713398552,0.000286572681609481,0.015471352378742,0.010999868577903,0.00558081620729671,0.0155516485194332,0.0167752617283567,0.00174803146291051,0.00499306183493865,-876.405112456623
301,0.00766187760294382,0.0197040917844629,0.00387500271849035,0.0123355274579462,0.00753180663532633,0.015226322251397,0.0156664583457886,0.0264162760725984,0.00172690701475253,0.00485845468017785,-873.991783999017
302,0.00335785078795226,0.0151857883491961,0.00689232085096574,0.0163310870855496,0.0138563010043054,0.00612887429645865,0.017758003612264,0.0214523373988147,0.00110216005084855,0.0039725715384125,-877.511391991715
303,0.00444585620359973,0.0194586408947579,0.00742689839312975,0.0117622118212144,0.0131849977693366,0.0111483460990377,0.0130983718949877,0.0171131750138099,0.00283851160451217,0.00474093296098964,-875.014220183456
304,0.00437740519966792,0.0243212209527698,0.00663772847736567,0.00719356255784511,0.0125829207261511,0.0134523755882867,0.0179294708633801,0.0334439634940393,0.00304003420636875,0.00303738609635728,-875.02037234789
305,0.00688460671790899,0.0162040506918821,0.00211378283434133,0.0131084981043423,0.00868957674161577,0.011402602286685,0.0199577304375613,0.0254830182106781,0.00165875136434947,0.00336797084861403,-873.572337594138
306,0.00419728130809983,0.028331527037661,0.00309614295936831,0.0109553046265753,0.0151161089793645,0.00718638536091442,0.016457957514436,0.0110582949522098,0.00168929791945776,0.00628016784654728,-877.884976269399
307,0.00212405042315632,0.0212815125041257,0.00431594248286791,0.00986711139296262,0.00765135421492017,0.0217746278277873,0.0159457850972164,0.0138063723499549,0.00301671056341669,0.00534623210288976,-875.379399967141
308,0.00211686732719805,0.0245599202316378,0.00401977759985203,0.00434089133349432,0.0109841827802736,0.016992103306222,0.0192589703253163,0.0348709560216894,0.00221290846744923,0.00506568520904129,-875.170975030977
309,0.00432530325531957,0.0235346985780761,0.0101759567174106,0.00655489268522883,0.00777166755391802,0.0185860777486802,0.0182349183277867,0.0403576050874869,0.00433150155140893,0.00535270157160501,-880.613998771861
310,0.00272308991646159,0.0230752427235328,0.00505752998559058,0.0076618022030652,0.0104570586887534,0.00627124991138249,0.016534544068985,0.0370992700312201,0.000342388257776115,0.00582740902600748,-877.282382221536
311,0.00364784771491756,0.0237458915878075,0.000595497913386384,0.0140081525462422,0.0106752183443096,0.0110645228983232,0.019824960771157,0.0216034143568599,0.000370139058686186,0.00474479827032098,-875.464378998059
312,0.00391287682307408,0.0239684778485235,0.00951796169460473,0.0112405725032644,0.00761491400315039,0.00973375437537665,0.0190671228328194,0.0382849601927309,0.000409921727138925,0.00375786208048613,-879.291323507164
313,0.00372589376541676,0.0245312740722173,0.0118024183376406,0.00329552900329459,0.00808971797631898,0.0122280924220834,0.0197641584274393,0.0401232752488718,0.00969929353819638,0.00161776066795211,-888.270029734784
314,0.00890594442031077,0.0182547674731854,0.00990102477547122,0.00487973010955825,0.00763032376350426,0.0121470030303025,0.0181451807243745,0.0196353433593762,0.00334818278987263,0.00399304452610895,-876.879581396582
315,0.012823881524846,0.0223242596341179,0.000822148193670087,0.0229524808955628,0.00668691375064911,0.0101724839830693,0.0176212070858741,0.0227492574262504,0.00249262279926916,0.00514955476355897,-879.582988599177
316,0.00624578244315366,0.0166751455002285,0.00451174545955808,0.0184258990068955,0.0145469905072195,0.00792121080255509,0.0161430272764527,0.0314219954340493,0.00210314472236728,0.00519621655176598,-875.32900312466
317,0.00543828504099876,0.0168581766501917,0.00542229650915925,0.0177299098876153,0.012995790701864,0.00971705798546706,0.0166266060079442,0.0177917793487358,0.00185572957884558,0.00507005465977307,-874.264724276255
318,0.00744483732599466,0.0176133732425856,0.000775452598873504,0.0118222490032591,0.013517336243114,0.00846662711945078,0.0123233207122976,0.0171774344097937,0.00158626430936857,0.0062591248169441,-875.933874091673
319,0.00639982208012191,0.0218784774316748,0.00169271341649972,0.0155163621878148,0.00836644235898512,0.0128927032982748,0.0116479723198589,0.0239574544632352,0.00211070687705955,0.00707351126841362,-874.52851197496
320,0.00168650371532539,0.0190581533402183,0.00308254072507807,0.015045836686649,0.00777640726087669,0.0120658646605565,0.0170167359920113,0.0219537839309445,0.00269654570845074,0.00210012822647296,-873.418832621611
321,0.00908349064901028,0.0219635669398526,0.00268542248734378,0.0109948723995067,0.0126626871464976,0.00662413832472694,0.0162817485636241,0.0221874385089969,0.00307272649485391,0.00871506776918317,-876.254600257032
322,0.00534462888756859,0.0200419657126734,0.00431654024327334,0.0235849421800827,0.00873184048086847,0.00906316506427375,0.0146664539257089,0.0234304903844668,0.00343886961196815,0.00822218098802876,-875.617129457116
323,0.00518763617044324,0.0261904749838114,0.00797272835973582,0.0197182277840246,0.00897159458491807,0.0106843119354234,0.0182866953797577,0.016053775203567,0.00176288933800213,0.00134487461893059,-876.998453191411
324,0.00425604718847451,0.0194458973472017,0.00144624946512894,0.0167335947859347,0.0107852359085645,0.0125697832679655,0.0163960828721372,0.0188415245737406,0.00722172035456114,0.0027085487247173,-877.357784867261
325,0.00473352703535153,0.0238455586309459,0.00690602349546714,0.0147518443100387,0.0109156395637786,0.00986278887420523,0.0171752099719476,0.0258118880838632,0.00188410729943024,0.00570157213322208,-872.340060485793
326,0.00618089439417945,0.0254663570770035,0.0104724746002815,0.0127003872057162,0.00873692803272558,0.0113921380564017,0.0171683371904086,0.0146389880662515,0.00173293695553106,0.00691844513986412,-876.632150062326
327,0.00633578517051802,0.0260210118850755,0.00935734250189401,0.00447416569835138,0.0104622995766741,0.0139884343891726,0.0166859150156016,0.0243124254902078,0.000932088497331825,0.00355101277916305,-875.39127747471
328,0.00315685489129109,0.0287976528111768,0.0153105950577237,0.00674061829797171,0.00935160100536227,0.0133074247349936,0.0205983286150449,0.0217243048449102,0.000861606109831721,0.00419417248219333,-878.026767752649
329,0.00297370161855646,0.01713467137372,0.0180607527741472,0.013811726415109,0.0171502680219916,0.00151863346820317,0.0177082930446703,0.0239436050516541,0.00167221569507271,0.00347948755817267,-886.996658837545
330,0.00179160789921928,0.0279798710342082,0.0162378373831782,0.0133743990979683,0.0151578090461768,0.0226292760107542,0.0134052796702896,0.0138062061285422,0.000952791169491972,0.00505284418511882,-888.397264753043
331,0.0045695548399026,0.0292049276524819,0.00340039141437644,0.0042725574178163,0.0131393422867923,0.0070277087022832,0.0123963760091983,0.0197443381651732,0.00235587091487126,0.00414383486251985,-877.184369573792
332,0.0019457148604672,0.0213055045795659,0.0176641058956168,0.0033107410855832,0.0108786726695173,0.0135062818387866,0.0148912053134867,0.0193516412549179,0.00146311478366989,0.00395001329908385,-876.387190258522
333,0.00607755064259429,0.0214315176080817,0.000708450227444117,0.0231664519859215,0.011679385824949,0.0118759337561081,0.0165120176727785,0.0258928676695701,0.00401565226174989,0.00412191844091939,-875.269239816596
334,0.00364099099988907,0.0188021768910615,0.00111851459745087,0.0228711953107132,0.0134517795550705,0.00781361144078007,0.0183705790174481,0.0241124046030545,0.00376670216646228,0.00446248194302226,-875.316231770343
335,0.00856202674534176,0.0200023116783401,0.00274992813623947,0.0145352740587332,0.00927714742734923,0.00910322720733139,0.0175455332960523,0.0174199635375424,0.00314571501845042,0.00523266404818996,-873.312104420238
336,0.00420641230879625,0.0224012473074261,0.00201298973388804,0.0075193947328634,0.0105399399162173,0.0164598497942039,0.0177496766886873,0.0176984039905203,0.00191858040333009,0.00554388960540174,-872.567832671435
337,0.00399449956489439,0.0248928567063614,0.00287609668714855,0.0128264136106531,0.00735862398760328,0.00817881275074536,0.0183122985878798,0.0152912470244288,0.00291749525430867,0.00382352833294484,-874.041872315697
338,0.00533229941568476,0.019009576784821,0.000778773490062479,0.0216579435440693,0.00675817073764696,0.0152762506180076,0.0143556886317,0.0114174646989731,0.00292605894141454,0.00413651625602388,-876.414059888167
339,0.00434223619846591,0.0178952043678383,0.00150427233023337,0.0174981920398222,0.00687337918313531,0.0174121187546918,0.0144351341719825,0.0210965363451579,0.00336776828468465,0.00534871264101006,-874.587954527693
340,0.00649912721988605,0.0206869566857023,0.00147445688762466,0.011202268927828,0.00778632468866317,0.0119154619591699,0.015812856639898,0.0137804056470842,0.00209946657462282,0.0046390902056138,-873.095716431656
341,0.00139309598579771,0.0251678950770869,0.00211764514131142,0.012450046571646,0.00648733931919752,0.0116288024751226,0.0192967581003715,0.0321132863357777,0.00384019756615434,0.00551984413658728,-876.963063431343
342,0.00272806742621955,0.0271066405566593,0.00495779648901717,0.0100947987020893,0.0116427120863988,0.0122795254270801,0.0145716521136105,0.0246114870471578,0.000721318603857923,0.00531979419650183,-874.021502095005
343,0.00236560471587593,0.0250920463176264,0.00470681887404786,0.0101194410774607,0.0131348806114861,0.0109649300985843,0.0147525861572394,0.0299140597251515,0.00511328522794909,0.00198350730585239,-876.863311432494
344,0.0129567189558471,0.0162985386012425,0.00577413863275433,0.0127154230504022,0.0116027675369058,0.0119331178529467,0.0201471742897607,0.0228503501840634,0.00433245876564134,0.00390763472632005,-879.400463228611
345,0.00713448412273898,0.013737463283804,0.00127503686480523,0.0200718261870836,0.00733193915624831,0.014521524529066,0.0134462451460548,0.0164445407749151,0.00331682921541799,0.00413093036196353,-875.923679872711
346,0.00622754847038513,0.0240540188808996,0.00145534799231419,0.0163408258964347,0.00995367623692684,0.00988980057129325,0.0144374447989469,0.0209388121485561,0.00174993377503929,0.00590492078585279,-871.858631842764
347,0.00467948965046794,0.0212552763829069,0.00423006936336483,0.0177149769654939,0.0120290784872195,0.00752025971266554,0.0152128418743422,0.0229531408684765,0.00237139871330645,0.00780477991485512,-872.855706488165
348,0.00782869589010881,0.0132406026409889,0.000338767476223765,0.0103053245899112,0.0137340050500564,0.0089643755764813,0.0161157158934864,0.0232099157866159,0.00145300045921783,0.00931900252791102,-879.302651040221
349,0.00349422963532134,0.0310983142913605,0.00240184093799266,0.00759010160935635,0.00808027273623199,0.015564323724023,0.0141934499677182,0.0244859677947583,0.0030115217652387,0.00645805648937085,-876.196751388703
350,0.00345115977277441,0.020220240849085,0.00399565990257791,0.0161472819286533,0.0147171420117412,0.0150911648941674,0.0199888229863304,0.0242522132876958,0.0019775425444167,0.00353922701236492,-875.11742818465
351,0.00197830606314886,0.0258294564351612,0.00351788481525429,0.0157923725663828,0.0115160506488369,0.0150684171674299,0.0202263145334139,0.0256428557420073,0.00123107282370136,0.00361625883088551,-874.05105923351
352,0.00583279673545302,0.0188239433662773,0.0034111189371735,0.0139415999523503,0.0103887494062722,0.00977241995336356,0.0214622131333743,0.018296225609851,0.00350222238016403,0.00397570894328495,-874.184171948385
353,0.00599698270546728,0.0231456947674742,0.00174081237572132,0.00992820481540772,0.0104910837141622,0.0112711389382383,0.0132015549553508,0.0228235623258607,0.00159946580342739,0.00302123165854268,-872.53568849953
354,0.00320079508807423,0.0195490918018989,0.00434197547031296,0.0140944289072375,0.0114972831508546,0.0101812204810058,0.0143624957326601,0.0209061528497523,0.00219450086732562,0.00317466898866701,-871.375384495827
355,0.00356800705744645,0.02041517107735,0.00437853842768652,0.0134750680259384,0.00970333867167955,0.0126091168189281,0.0165423649020079,0.00945851420307239,0.00209132028938163,0.00452569179388082,-872.880390667961
356,0.00369429816884728,0.0201785371728768,0.00401505313102657,0.00894539834569457,0.011706403172401,0.0162843733328201,0.0167626269939829,0.018599809385838,0.00158562083614796,0.00511567867236625,-873.303953073794
357,0.00972724198262788,0.0195101144735565,0.00238563850413965,0.0202476609702894,0.00886898252499559,0.0179449894604336,0.0163980214069228,0.0286979264428998,0.00322430057528563,0.00573958487752155,-876.615197484462
358,0.00467252206531854,0.0185166492270139,0.00631846292597989,0.0114088137431469,0.00809745199412899,0.0138559044265196,0.0196291896154106,0.0217737105219723,0.00149138617139147,0.00597804318145438,-874.41749434794
359,0.00921387021177715,0.017589301361598,0.00576163636202887,0.0181757051492059,0.00702329089057133,0.0117075754682895,0.0182377605175956,0.0219635737410055,0.00283908547088732,0.00268540939973427,-875.545944027069
360,0.006496086712558,0.0197734748155954,0.00409176542663901,0.011956610475641,0.013187650295698,0.0188245818337769,0.0166246009461894,0.0234069351769354,0.00366793711347807,0.00568340253295415,-876.649690961268
361,0.00258731194341049,0.0216326393059073,0.00500334634956423,0.00879086109624452,0.013584753049491,0.00807562314260655,0.0183267208101206,0.0209669118879231,0.00249812552558133,0.0040921140035126,-873.473971568631
362,0.0030586910620229,0.0220620371791255,0.00292646375995409,0.0102524133057025,0.0160141950428528,0.00581683106036944,0.0157598409356122,0.0223795285149843,0.00222738293202261,0.00320272901567815,-874.959593026919
363,0.00404945813961398,0.0263274562326701,0.0033699403044858,0.0139673211090445,0.0153266271478997,0.00563732251706409,0.016291486681345,0.0372624307116602,0.000990663255123712,0.0021520729443782,-878.627057789286
364,0.00257025656908217,0.0235092158116905,0.00498104673718205,0.0130255910885044,0.0128768339701863,0.0102029587526216,0.0190088714744521,0.0111289312644896,0.00514158440877704,0.0063007877204119,-879.170443989917
365,0.00646324633144678,0.0198611069696401,0.000386545739917064,0.021985095019405,0.0127098309832449,0.00572334571016516,0.0145308257971819,0.0306767556762049,0.0010762156436822,0.0053221905417153,-876.4257482791
366,0.00265945269903872,0.016058905408654,0.014371207654977,0.00552693440281511,0.00942005160250298,0.00883759113540281,0.0174379061002765,0.0254982362324562,0.0013202750031279,0.00532429019168903,-878.102087247857
367,0.00399952200883425,0.0209466695955899,0.00122462390952229,0.0258302977477221,0.0105930816022239,0.0103615979679465,0.0178683834517977,0.0221809295664215,0.00305277031038818,0.00343931928993529,-873.888067192202
368,0.00580786811847031,0.0178105169353229,0.00338252490022425,0.00571238220010513,0.0101192555550367,0.0102100016449836,0.0189716029434571,0.0300282253856587,0.00128950241763041,0.00732060265775111,-875.797036362014
369,0.00366193049190865,0.0253251151930225,0.00678634411073354,0.0152598113306484,0.00989389080116799,0.00535248991687725,0.0190046514304127,0.0316731930782907,0.00185873617421412,0.00461615351455522,-874.300234451424
370,0.00425780663320599,0.0217872678659678,0.00477029425330686,0.00234889755440561,0.0124670278094107,0.0113895998690825,0.0140309594779197,0.0234102445221688,0.000925608920744405,0.00307196335031651,-877.310808363254
371,0.00498116505994707,0.0300743578550937,0.0164202057200982,0.000398920965344071,0.0112517991997735,0.0206346071656549,0.015748276297107,0.021064066347347,0.00102409839332015,0.00216535731090934,-878.837996547134
372,0.00466101690323562,0.0320587940716092,0.00484704786373496,0.00744040067727696,0.0108245806990893,0.0121835714719404,0.0159577996084806,0.0254305495732986,0.00326484024520782,0.00370854047755736,-875.121533460831
373,0.00185952813241354,0.0307560153112127,0.00367625238721872,0.00666346579484448,0.00975479023520431,0.0139021467345592,0.0160564575922253,0.0205877457364049,0.00138829307729055,0.00328566830226326,-874.558631555839
374,0.00186909947319266,0.0218305721190153,0.00457153081997881,0.00876337056771651,0.00945561813939249,0.0091166924751189,0.016440728532024,0.0298407903558487,0.000580652306602573,0.00940989606867332,-875.656581521593
375,0.00353774232702141,0.0254423034772971,0.00476458755095295,0.0129073216203761,0.0118631015097847,0.00912612618059595,0.0161457025630945,0.0267094698886377,0.000748105129992836,0.00317145170896695,-873.054331649487
376,0.00354575464039661,0.0271506297669318,0.00491283051569044,0.0225098571690606,0.0115227388623439,0.0116252053185736,0.0170359117073382,0.0176070781663357,0.00370419475728988,0.0037070224301882,-876.043627680567
377,0.00215117817191199,0.0178390710732337,0.00563967339311639,0.0230019791456601,0.0113544578105443,0.0117122618016943,0.0160063407535791,0.0217268770795425,0.00220732061628432,0.00322449803618054,-874.235729732521
378,0.00792740600979797,0.021292359242496,0.00393565638358702,0.00927641239672055,0.00884402249237914,0.0176534877862456,0.0181652718751396,0.0147153454212943,0.00254729743246589,0.00443597271108417,-874.872147598551
379,0.00282056643886714,0.0258173045542365,0.0113858671218796,0.000577450999104501,0.00650242757123444,0.0134184665759028,0.0181176488428707,0.0329995797401834,0.00245788935281431,0.00231386449309781,-876.161935756165
380,0.00577331835777897,0.0283719252589623,0.00730093943244584,0.00154391931968434,0.0111925900297268,0.0127917174927228,0.0183239473849866,0.0269742431217874,0.00279107581640854,0.00317525983370156,-874.242392125351
381,0.00268543811645471,0.0261870792490314,0.0128324817352074,0.00182444348850609,0.0123504853368712,0.0111839795562871,0.0162422248384564,0.0319253736786319,0.00357765023781635,0.00512104439237361,-875.775361342266
382,0.00482552293976872,0.0259343431607046,0.00574511664068512,0.0134974531101035,0.0138637290493237,0.00619843624843241,0.0182002198753314,0.0327180597691122,0.000342408935795814,0.00972073494832082,-877.974228587661
383,0.0051189455891997,0.0226050687181488,0.000476491275974777,0.0189792030754836,0.0114193944496693,0.00516101813154033,0.0211778913347299,0.0326376483294761,0.000766982921625188,0.00882011097646673,-876.55249034503
384,0.0022001446263768,0.0255046755532473,0.00157544932368023,0.0156371655982961,0.0124508232159246,0.0172009383660516,0.0222468972949385,0.0292430996022315,0.00105026942233526,0.00678251199721442,-876.996623178802
385,0.00326548898973057,0.0226883589189991,0.00361413646136193,0.00821836345328073,0.00772163868766327,0.0064190069032597,0.0151166177600042,0.0109592035421131,0.00405014979465775,0.00534982711876516,-876.520179289728
386,0.00397997747049354,0.0223164220057374,0.0059236405380966,0.00313973940084632,0.0109614727219441,0.0112963545820974,0.0157740170227817,0.0294216981529688,0.00140935730076251,0.00511396214081087,-874.491256532578
387,0.00537454445966132,0.0263653800314137,0.0090724040406943,0.000206899284111585,0.00902503975590903,0.00965673061872459,0.0219279342658829,0.0298978790383292,0.00287826854637992,0.00651279484549806,-874.759225905811
388,0.0056014521107169,0.02295438046037,0.0102862164976762,0.00373358878124067,0.0117843121517049,0.0106999677682811,0.0193387364871442,0.0218586307828229,0.00184105460732645,0.00800959948327388,-875.173042495145
389,0.00256923876848727,0.0191209256507095,0.00285497269589296,0.0136282175576426,0.00946006336999713,0.0115308528236121,0.0135425421531147,0.0148039607382267,0.00148405069892576,0.00372452161869078,-872.529619402524
390,0.00235793512172459,0.0261980923576894,0.0016918931897118,0.0131156091361879,0.0113916297454686,0.0162990039329281,0.0134018333100102,0.0226057807784875,0.00271928388132198,0.00465521383155514,-873.633756371448
391,0.00288479948616508,0.0197331336989347,0.00275580497618618,0.0163954488082827,0.0102348322091386,0.00690941393948937,0.0128500526762275,0.0232732323956236,0.00369866512346496,0.00324954585787347,-873.486509517948
392,0.00254327688916748,0.0217119604552395,0.00381502169819017,0.0145835933038948,0.0102875141136444,0.0134928729395795,0.0217299112749675,0.0283508653735841,0.00191200237857996,0.00706797518682105,-873.068973471623
393,0.0038655716647664,0.0270562731854714,0.00271860441480144,0.007510138992778,0.0109462592480699,0.0128639292788547,0.0186785752562297,0.0306951326031348,0.00263708527748477,0.00400514322394836,-872.356949751738
394,0.00516486093712635,0.0183207479795424,0.00512993462025599,0.00524430620603513,0.00631552210298439,0.0102027858398325,0.0171674109266799,0.0313959997824591,0.00235336325222269,0.00286212269671314,-878.461605371722
395,0.00408398882674814,0.0199628615350895,0.0107067846079058,0.0217908217687434,0.0130725687417363,0.0102155910989391,0.0171826776596172,0.0292611190651696,0.00239857365910312,0.00359842526169959,-876.022475688182
396,0.00218400055597558,0.0212643940731332,0.00302723208721105,0.0138113182724203,0.0101061269092371,0.00708244697344608,0.0168417667085323,0.0240500397049224,0.00247658284359982,0.00224232474764013,-872.15723046969
397,0.00725532065660199,0.0174383730872642,0.0057879060520777,0.0139254422397547,0.00875347060038821,0.018190344523621,0.0146371424343291,0.026931599295893,0.00254728174295996,0.00256570177397646,-875.186760822123
398,0.00480802965766487,0.0214862440990502,0.00230293063292115,0.0112722395669148,0.0106223259645373,0.00550441810506664,0.0145055270375903,0.0265228960507042,0.00196885047466912,0.00691966918904718,-872.942860684247
399,0.00499639365648507,0.0239832504750923,0.00384409327156507,0.012847836378755,0.0113316197997146,0.00925216602919058,0.0193906087364229,0.0238242965424018,0.00206311850336242,0.00560958886269199,-871.699174361392
400,0.00247897482533396,0.0216147296268639,0.00257671982526202,0.0163333069231639,0.00932420764781777,0.00999274935079198,0.0168670344065721,0.0239946944422669,0.00358646438419014,0.00597542132207422,-871.996134708359
401,0.00427445986537335,0.0189586705929484,0.00418556665916708,0.0133190403110382,0.0115446128146471,0.00935209245150785,0.0149989671970832,0.0193083632994789,0.00444693728343289,0.00496463087976258,-873.339139699482
402,0.00623967072111029,0.0228959826489842,0.00558595373805572,0.0144440075252564,0.0107100559289072,0.00931014978835353,0.0147131798105277,0.0227679716649729,0.0026526824261386,0.00444043304587313,-872.314535671685
403,0.00685722814793453,0.0303428287785821,0.00251500192261681,0.0101239952161761,0.0111591503193998,0.0138610755002724,0.0150206975710495,0.0259789597395475,0.00249352265309283,0.0020361066323474,-875.421826255133
404,0.0095017720800625,0.014435550814608,0.00350719533384914,0.0107116146132874,0.0103496991446391,0.00644033789620717,0.0185195550996018,0.02056867902144,0.00313811655213205,0.0024146834626467,-877.052900132494
405,0.00894345135000774,0.0221534495729965,0.0101497521967525,0.00262199150996716,0.00851365079542766,0.0195618122827376,0.0127110467608755,0.0116778329837273,0.00278073603278256,0.00351823056657331,-878.596848820164
406,0.00747628630454104,0.0274753714062191,0.0036514640576943,0.0114124312634126,0.00942733309363118,0.016993955387176,0.0138246058720414,0.0155691883092115,0.00357635706678441,0.0042127618289483,-876.645095924137
407,0.00739407577502341,0.0280761676562134,0.00321670003147421,0.012170070394428,0.0109832376991632,0.0182165324609283,0.0155493738625356,0.00880221769838753,0.00241779807543171,0.00389523653818878,-878.071574317788
408,0.00375735967719151,0.0163914012393685,0.00422023990643459,0.0204308271372185,0.00838576495428372,0.0151974562152669,0.0183991101676962,0.0277055178039591,0.0021330253561178,0.00607540817759849,-874.268365090296
409,0.00185532639883667,0.0198051487581361,0.004450379189449,0.0161290392730625,0.0103818624029883,0.0135297626945048,0.0199408051264003,0.0226451105390111,0.00188278071491766,0.00604904908955913,-873.243341007778
410,0.00202744458932542,0.0204893105259511,0.00258243123581005,0.0154263087852751,0.00861961025137945,0.00855764115669409,0.0184204915056665,0.0257389726377606,0.00254043762379131,0.00292563138044915,-872.20532561059
411,0.003753825448143,0.0192917672382803,0.00352651236842391,0.0109597909558265,0.00857363052173673,0.0121371181034536,0.0127151760379912,0.0176512296573518,0.0039117977109325,0.00620423974275612,-874.02059174855
412,0.00562739050622984,0.0151733062845435,0.00334301002409148,0.0252363165841169,0.00852564977286461,0.0166326574251209,0.0169688546387854,0.0141486240941022,0.00335108579774362,0.0051538204864191,-876.552887708298
413,0.00517805934595655,0.0164437781645308,0.00120664383368788,0.0168720012497951,0.00862903702773499,0.0102210169708617,0.0142632172374625,0.0199390517053261,0.00461896386496961,0.00708353319189273,-874.864199068631
414,0.00646045327719046,0.0213814262483647,0.00406813251385064,0.0150983452831947,0.0122047282171155,0.00845057831506681,0.0197945732164291,0.0364976712350478,0.00422910901037645,0.00647805209681202,-876.371369021514
415,0.00302270048609538,0.0276172748653199,0.000421643458715715,0.0135269651403523,0.00742782905512227,0.0111296335089956,0.0199562660171545,0.0392374655081653,0.00412874044428749,0.00132916342359768,-880.099993486484
416,0.00506923254193667,0.0149356873415563,0.00501224927038834,0.0138068060692156,0.00811214818977807,0.0095468538058308,0.014837207609342,0.0164170277923569,0.00198399456192188,0.00197898296227738,-875.618672564077
417,0.00446053475307019,0.029854722317725,0.00173332476304694,0.0100814217897699,0.00955086869514446,0.0092892196875909,0.0171916476105733,0.0168587730557431,0.00166165014363673,0.00746480783060958,-874.43352963908
418,0.00591443198418096,0.0290855987245248,0.00452717627217666,0.00947476514379712,0.0118038079815386,0.00664229666788847,0.0169434622738386,0.0288598064853185,0.00144288276302256,0.00227167369316127,-875.297774937954
419,0.00417178150365917,0.0275812377532275,0.00467642781107313,0.0147363909686467,0.013274427593643,0.0152254050661785,0.017100364172872,0.0183047200900645,0.00296018030128501,0.00447294052551762,-875.445216385926
420,0.00309238886890037,0.0157599383342496,0.00378438604618189,0.0157606527616819,0.00674461182467561,0.00901926274227494,0.0151713459966038,0.0437745125899918,0.00147606228492537,0.00807736347283829,-881.527821629836
421,0.00318948279937853,0.0183127034535604,0.00272743286767118,0.0142557633018703,0.0112988465658341,0.0090663866754978,0.0230739112717742,0.0329171786695664,0.00385806711274963,0.00515425362068248,-874.681441042208
422,0.0045597088804416,0.0227193157929011,0.00208312491679204,0.00718026978002259,0.0104085742943556,0.0123684292306446,0.0190388055748404,0.017737013763504,0.00320099753643721,0.00393488585004484,-872.756483073912
423,0.00208099073987637,0.0250179847749333,0.00574266970413071,0.00819753155245653,0.0105150582836102,0.0171364414998219,0.0167158745636022,0.0194919936133179,0.00234541990775687,0.00405725414014953,-873.265357281475
424,0.00163334848087637,0.022926878248196,0.00183238624062728,0.0190296163886251,0.00757516569196405,0.00765647223216632,0.0187801564218216,0.0301536676813865,0.00255848868537943,0.0039387182174627,-874.866121691712
425,0.00675106304814037,0.0216195498722789,0.00181922625835391,0.00820958630729136,0.00762111386623475,0.0219040296387144,0.0217038732396258,0.0291845605143475,0.0024776944766372,0.00646862210321095,-877.381647280932
426,0.00505384360409808,0.0223941647531953,0.00140790529201337,0.00739587058246865,0.00948381399771285,0.0212972691709403,0.0161033497442588,0.0300717787807957,0.00313477204804843,0.00578548670503265,-876.178400388932
427,0.00342432380872031,0.0241283911636982,0.00094685482291402,0.00785617407091951,0.00669489374757763,0.0132548520695501,0.0205929310040819,0.0186441400411574,0.000942951759934797,0.00469983728405839,-876.35163209339
428,0.00469931537975532,0.0232981360727467,0.00545707285729834,0.0133999608265611,0.0154521101018964,0.00889149864354549,0.0186373335707014,0.0197276294398935,0.00193535545254645,0.00522384795426391,-875.120625177073
429,0.00263634727802612,0.0226334856204206,0.00432101581004116,0.0127753880282636,0.0125055395652634,0.00992581611374587,0.0191768580302872,0.0423013749899606,0.00164326898229246,0.00394242751429113,-874.618767823675
430,0.00279537443843119,0.0213536808113098,0.00882530464409905,0.00375158118825887,0.00935308441220758,0.0136378496615037,0.0234857859936171,0.0208585071493318,0.00200122325682982,0.00358353026439403,-876.026938966848
431,0.00735965312736215,0.0202457853828965,0.00726888472480907,0.000351567794665541,0.00820621177392026,0.0113248054633086,0.01897895222436,0.0281788303104762,0.00218180138531155,0.00154028226684441,-875.960033412092
432,0.00558072351964006,0.0271921562715992,0.00644459193291802,0.00560841713479657,0.00923291707057503,0.020138005090412,0.0199657375849696,0.0164949049013187,0.00182701537284789,0.00162130873068717,-876.952722601209
433,0.0025024602532749,0.0278743740784015,0.00477755341379574,0.00341680484717684,0.00815265808144816,0.00919854919752962,0.0194245342438285,0.0178744318073631,0.00225467390127992,0.00479314693220673,-874.231067310575
434,0.00368072370427239,0.0237000382831162,0.0136654142591286,0.00229919540839741,0.00652546981078936,0.00825208641242195,0.0152993514766104,0.0261220606458294,0.00225914214239991,0.00227465756069167,-875.99886848885
435,0.0041860389881662,0.0283992223929494,0.0100685001856847,0.000312220582846836,0.016271012009136,0.00875961998804205,0.0187880116610811,0.0286378322433545,0.00193839117056726,0.00195764025315942,-876.432276110914
436,0.00552907359003028,0.0263886898652079,0.0104944250117,0.000909118784571447,0.0156373620315743,0.00764661110291085,0.0193094226246669,0.023677829380021,0.00182627194142952,0.00950542008257988,-878.132502367356
437,0.00326359105503705,0.0262408328633295,0.0150950028689305,0.010324390711506,0.00805647832823711,0.00839712241892239,0.0179390728874591,0.0278324152720405,0.00138925169099259,0.00818299165210249,-877.999002874319
438,0.00195085377855455,0.0284068139478692,0.010231284765361,0.00675600040393466,0.0142431674455914,0.00925156298164696,0.0144021650331107,0.0251001612286777,0.00140766966671073,0.00782835576265445,-877.300185532548
439,0.00300397279707898,0.0198328468824727,0.00262935727188252,0.025567940336712,0.0109419217907565,0.00712197221309358,0.018606761154052,0.0277479899231762,0.00336984186017239,0.00234674019516933,-875.547393832165
440,0.00286288902060928,0.021801618327153,0.00302282420715491,0.0113464770960603,0.0099142627074624,0.0217719801846697,0.0222246199638103,0.0290247544774652,0.00296704962689295,0.00661215709570087,-876.332305869187
441,0.00355473651028313,0.0230535383422181,0.00310244637124786,0.00755115686602302,0.00767609456286365,0.0163582688924505,0.0151685622833009,0.030761469359315,0.00111418735085458,0.00703522525985589,-875.274912096924
442,0.00243245777215546,0.0255152306989794,0.00414698714853957,0.0166287890610519,0.0124392461268327,0.00525338339588458,0.0192431585918774,0.0209608553704212,0.0014134622975067,0.00484776116649068,-874.394212433555
443,0.00379643152922581,0.0157606934762192,0.000874587373526622,0.0149341349571581,0.0121165638640346,0.0140316437883409,0.0157259775341429,0.031163074094121,0.00153866388108767,0.00693853413880673,-875.588754771309
444,0.00777694081613738,0.0157836148876575,0.00206010051806377,0.0188381011333108,0.00730007933710711,0.0164260293019983,0.0158306227964893,0.0252212527567331,0.00168222271169538,0.00272066366343531,-875.308091468994
445,0.00991976308829911,0.0223007210990039,0.0031763605208038,0.018666935690405,0.00653909569521456,0.00831893267712949,0.0143763082945545,0.0192688488771568,0.00482142672329647,0.00232132869270336,-879.642328673258
446,0.00624101874205163,0.0250084736382978,0.0012654685634479,0.0226793181962287,0.0119580631399073,0.0136659028504781,0.0121708222320438,0.0270831674167955,0.000421122649177705,0.00623096818489144,-879.339248621277
447,0.00396170712130492,0.0175480559907043,0.00366164000521789,0.0196593894932343,0.00938201927694426,0.00643609868833533,0.019165714345077,0.0322386543291942,0.00289767951334605,0.00417305805132559,-874.29089414167
448,0.00458387645072519,0.0189225398792367,0.00421209218643648,0.0141952126335837,0.0084891714263069,0.0166803542445804,0.0143115329350262,0.0314503523521257,0.0039520723585822,0.00411729574968441,-875.344691179163
449,0.00142052541315673,0.0283358644900802,0.00306766301205651,0.00729585854721043,0.0097184144313913,0.0195192741616581,0.0174270805767526,0.0236866244741621,0.00301042772116961,0.00137658620185715,-876.547834663957
450,0.00180535204812935,0.0222515002274076,0.00688697384248103,0.00720845445066571,0.00752952866520732,0.0123953178712451,0.0147727975229313,0.0199540758898027,0.00203044292343971,0.00607449242421281,-874.810556293849
451,0.00353037338877349,0.0223999157243178,0.00262087498201346,0.00989544138516235,0.00841258664734372,0.00861370517534298,0.0123163896981412,0.0215556762422818,0.00202764422551022,0.0022832942489634,-873.232594819289
452,0.00631769863660834,0.0298178479510582,0.00614692994825748,0.00916121848968564,0.00825152631090278,0.0142894014543012,0.0217243943635051,0.0317309912829028,0.00298067147138369,0.00150557972518403,-877.581003373435
453,0.00322386028179933,0.0234680804741193,0.00620905220335695,0.0150912264192636,0.0134465876851874,0.0118594298974072,0.0206509143130423,0.0174663397298518,0.00205815255047738,0.00442785762229855,-875.102659384841
454,0.00607598385489476,0.0216595030154323,0.00701429643595048,0.00102088130534905,0.0118654004711394,0.011619757090745,0.0209958363898755,0.0368524154944801,0.00346834512560192,0.00703080170063156,-877.560091587842
455,0.00652057619956798,0.0258602082898922,0.00225049514130619,0.00647284266861911,0.0104657846813384,0.0189800372583209,0.023296123998189,0.0347474125251102,0.000900774607782869,0.00250110348028394,-878.949584876703
456,0.00265765640967341,0.0284768069791846,0.00199520262896307,0.00437048244176024,0.00935711471054044,0.00958437922997819,0.0171393940895312,0.0372037349220507,0.00126702434531415,0.00415199641986736,-875.642893995851
457,0.00468595965507361,0.0268580812212164,0.00825631006493575,0.019129450909848,0.0111711743198743,0.0101858787056847,0.0206066824950095,0.03208349173828,0.0014457905948045,0.00323135484956066,-875.850422248438
458,0.00496846405415336,0.0209595053216242,0.00844968216895252,0.0111692358015492,0.00891161266211952,0.0150931727115388,0.0203894577948485,0.0309847572862913,0.00446041444789783,0.00431591650469619,-876.410616846459
459,0.00439461491690361,0.0222035987731246,0.0109156937038141,0.0149222046338767,0.0103438732074362,0.0114407982372744,0.0187663336966159,0.0189606423230889,0.00428726863901201,0.00315332832200266,-876.15994305102
460,0.00601053114345792,0.0160679507799964,0.00518374118227727,0.0134394366766421,0.00918339093680387,0.0124042588627537,0.0180770345237853,0.0252732938594567,0.00314574441331881,0.0037447982344501,-873.024810010709
461,0.00218224802428198,0.0265994007243251,0.005813025166774,0.00715713053987583,0.00883199604792397,0.00622489705717539,0.0180492405610362,0.0259078184731958,0.00456053694182903,0.00383072549345786,-876.237300640733
462,0.00492500628097545,0.0255660006757349,0.00314154031864312,0.0148014631464898,0.0143176876023001,0.00740240257659959,0.0179193151483541,0.0258713551302198,0.00517392654113123,0.00731784497348534,-877.854768479551
463,0.00269303477689472,0.0179993401851128,0.00520667562636193,0.0132008712580877,0.00806492966212404,0.00738237360360808,0.0204042977495735,0.0250301331741022,0.00498262899475599,0.00922691047339436,-878.938211789133
464,0.00842585995619746,0.0184987975232258,0.00217769866521011,0.0162606801679113,0.0120817982258524,0.0108218164424977,0.0126573975649123,0.0246686566092825,0.0027551774833472,0.00720684206381568,-874.849631267306
465,0.00797854520421521,0.0171258054407227,0.00267548562141217,0.0144471606243678,0.0158562003787437,0.00810163726263223,0.0141491826188626,0.0308843431259904,0.00098950490328657,0.0108571295877033,-879.403997161345
466,0.00328051049534095,0.0194170489343634,0.00127782282193325,0.0168408878311115,0.0130562244086753,0.00477440167319756,0.0230640579385492,0.0403094783852155,0.000670138040187498,0.00806588507773173,-877.287654489288
467,0.00646236240299156,0.0202444718034542,0.00441644413726607,0.018162070231797,0.0100373755490629,0.00776927055171559,0.0216605651193045,0.0379406513235679,0.00120846829504343,0.0061212940373437,-875.230645485285
468,0.00105805203134085,0.0225534816713092,0.0108116993755016,0.0159240565394887,0.0141755968284136,0.00461911125496989,0.0187123679547338,0.0247408433917014,0.00210633691760192,0.00622745355759266,-877.674032491081
469,0.004646942984399,0.0218765417867557,0.0113615036288925,0.0108507954296383,0.0130363502907029,0.00989302932984915,0.0191606717253288,0.0282641942515604,0.00158461231331808,0.00899815414224744,-876.842202756494
470,0.00388338126861589,0.0212922178819399,0.0142083455228232,0.00776507404419168,0.00741078194370022,0.0166377533669147,0.0226128737928607,0.0275092669616137,0.00214848124462357,0.00961294585227408,-880.32206893992
471,0.0037722614499004,0.0245118709492421,0.00579435801143715,5.68015362572114e-06,0.00927017501785693,0.0063471995211915,0.0230216841139146,0.0354226509970437,0.00169965296197565,0.00931922170275557,-876.350135522013
472,0.00470231816372078,0.0235527794526199,0.00889096030234728,0.00682939500625011,0.0125354254428163,0.00820086370460682,0.0221705707610899,0.0335813441278169,0.00177167663462373,0.0100079704361421,-876.694579984081
473,0.00145913287458256,0.0228202221805444,0.00458068323377598,0.00846620861330654,0.00884672800433919,0.0155584019868813,0.0182608243714798,0.0151764074261152,0.00138412673885653,0.00962853104329248,-875.774275318046
474,0.00508816091362715,0.0228496702572087,0.00381951521572964,0.0112421061178192,0.00983066987156944,0.00809955672316129,0.013968858036244,0.0305438622981609,0.002788949286992,0.00783351829753594,-874.17726633192
475,0.00670109122129036,0.0176648133156144,0.00150706420508779,0.0135847548430362,0.0105509127104466,0.0115350567628097,0.0169093706929617,0.0183253699665001,0.00240510310441092,0.00655742533020558,-872.263995424028
476,0.00863514577059172,0.0250537159367331,0.00186752408693207,0.0171658992694639,0.00923025626329118,0.00880524514410381,0.016719098394805,0.0220742552909359,0.00367165769183703,0.00217824852207715,-875.35377826571
477,0.00528111542228883,0.0186499545030099,0.00172493258787221,0.0207265675652322,0.0092080762100577,0.010853140694827,0.0162197883150774,0.0220043299787695,0.00336411915070914,0.00913086794473736,-874.136912166788
478,0.0055679806367347,0.0208600561871345,0.00142144277313184,0.00560477364890354,0.0104814656869467,0.0106164757547549,0.0170033466091272,0.0168863864082931,0.0011731812845927,0.00768837583287926,-874.648786628947
479,0.00407285508127759,0.0256224036100273,0.00321261796573209,0.00612680456680118,0.00967011863903792,0.0112548353140406,0.0177313373852417,0.0184424741644669,0.0022595478828929,0.00198002959931744,-872.654179171538
480,0.00379963237116432,0.0226486996533927,0.00126913201038796,0.00553771046083105,0.0108762409984271,0.0118169435779785,0.0161405704712718,0.012942873173797,0.00226603185167651,0.0112222994158089,-875.189311184537
481,0.00379157940095496,0.023364046650519,0.00758878845571565,0.00616909270602965,0.0106496607788015,0.00827318307787836,0.0166462794387881,0.0252874598920535,0.0027461804070215,0.00819709270051372,-873.994232176363
482,0.00435581783809193,0.0241198055663708,0.00611187436151201,0.00899315975284396,0.0111171159514267,0.00815176014192915,0.0186737113314442,0.0308453437376857,0.00286108507047638,0.00343850975407217,-872.914871279114
483,0.00595277810544141,0.0224298323544719,0.0106231848813615,0.00640900052748559,0.0100266062621028,0.00647065775685457,0.0164080353890723,0.0353725490960272,0.0023577595191164,0.00946215712936666,-877.856502983213
484,0.00523492825062371,0.0236901084429066,0.00437062282317051,0.0163495379377465,0.00964586790847031,0.0107176739983572,0.0199225435730941,0.0302718025950637,0.00204114030892793,0.00484529340408549,-872.244494518216
485,0.00268626510016494,0.0246944795057122,0.00473516059526823,0.0114066989785621,0.00907914283101776,0.0093880631504177,0.013398355166346,0.0134658142183644,0.00231870135924845,0.00647628948957843,-873.527132489847
486,0.00218601887910353,0.0182859650186025,0.00576899895502498,0.0151498070350373,0.00836179824886757,0.00902042985863084,0.0157389825479111,0.0288974774018854,0.00162236374955242,0.00892661799494265,-874.9917523394
487,0.00577538393307897,0.0208816010131508,0.00175870337178163,0.0157646918089662,0.00837549216056867,0.0114085085933059,0.0177367441612873,0.0191673009954771,0.00203141271666596,0.00849212754679585,-872.821637749499
488,0.0104048314428012,0.0151802904250668,0.00439357449361816,0.0184422198144588,0.00983530200894004,0.0110613998157414,0.0174872362277954,0.0242186766389974,0.0023310197134373,0.00123711027488374,-876.144096691283
489,0.00210984644254679,0.0183829689637032,0.00210592975505104,0.0154677533610539,0.0138788444973184,0.0165189701140872,0.0143188293013191,0.0254064710636204,0.00160593816690626,0.00531878868951724,-875.944893718088
490,0.00528680619453103,0.0207098056073331,0.00209520874465597,0.0134362754323262,0.0108028746467027,0.0121330995839463,0.0182589643449932,0.023016392513599,0.00468373579284322,0.00596755218895039,-873.522246542273
491,0.00336217804876755,0.0194352827574682,0.00322031177698842,0.0163937902008663,0.0110639224849454,0.0174742845625923,0.0174705283202004,0.0194384143131894,0.000657053894736267,0.00689904190764414,-875.658905675348
492,0.00816326329170804,0.0149843529852184,0.00163851277526118,0.0160350232026459,0.00676755156368755,0.00946516874311233,0.0159567249046334,0.032005998403029,0.00260156549963978,0.00612824354115833,-876.331240220685
493,0.00796333690800469,0.020109465206932,0.00149909999267885,0.00926201753359282,0.00979275298181465,0.00660773739559083,0.0152988651594978,0.020448648201503,0.00238691054170392,0.00566095322269931,-873.803203995166
494,0.00326563597959132,0.0209432565984972,0.00516756711178156,0.0241101415273338,0.0110618912568818,0.012906672194217,0.0140736157742485,0.0211544735880767,0.00290845162168889,0.00189290209816238,-874.438822933146
495,0.00336389855435823,0.0200759626970475,0.00782867655968231,0.0173058168234794,0.01279568490151,0.0100188551665228,0.0167781692992101,0.0197855565849528,0.0032841404585351,0.00735286526685467,-875.189754681065
496,0.0034225642136197,0.0216443775715637,0.0086280849937046,0.00479628551766465,0.0131294657643978,0.0225842748719859,0.0156851020814718,0.0222501545073926,0.00224228539042387,0.00273329426851445,-878.387372219728
497,0.00385604814673286,0.0248808948967316,0.00283990339448525,0.00976130961192899,0.00932141029454202,0.012375430179877,0.0190398143440439,0.0227669321705592,0.0019017972050825,0.00640689432527254,-871.541104571079
498,0.00464844029661403,0.0261629971478142,0.00335600840273264,0.00835928425085192,0.00883861160220138,0.00914647241824397,0.0182608285042152,0.027555177032576,0.00169045656033143,0.00645686902674446,-872.44100854946
499,0.00281211245932208,0.0228886204719292,0.00278985516582045,0.0181994113546686,0.0138497251791315,0.0052159954043378,0.0175466803765968,0.0247777739319235,0.00153298022230978,0.00415564973654383,-873.409799799712
500,0.00138388004390823,0.026657418032119,0.00437867346602831,0.0160007136095362,0.00887397191086044,0.0238991558079914,0.0189404273765133,0.0290602009801228,0.00123862871259242,0.00275635895881384,-878.852861667875
501,0.00260559799653608,0.0227859027693537,0.00551972960389367,0.0175328443414002,0.00918773168222709,0.00453600963804287,0.0194190391299883,0.0304369565421559,0.00162761052824639,0.00512108792725717,-874.852101558286
502,0.00488506041125605,0.0227861265548447,0.00145530247795982,0.0163458236140143,0.0158211221282258,0.0138313884183459,0.0127946727887599,0.0371388792131241,0.00252889498190571,0.00616768943656308,-880.608618701257
503,0.00176073593922447,0.0258355906508627,0.00155017862924147,0.0119299867503656,0.0140267725551224,0.0042557898469271,0.0146073749365801,0.0113815595894362,0.00372007973631846,0.00684128747544173,-880.247473208423
504,0.00843874184109783,0.0204879613972296,0.00423413242425212,0.0143560666163364,0.00951076310775154,0.00358005048933623,0.0171058111840125,0.0169685323936958,0.00427019013020323,0.00336582039906617,-878.928049664281
505,0.00236394085807322,0.0240664028134984,0.00417507250837328,0.0190760496749891,0.0120151030738361,0.0128862214081833,0.0161090338346007,0.012183418832404,0.00469778808195434,0.00380608375096133,-877.067223916205
506,0.00311728550799422,0.0239261179492623,0.00458490467455821,0.00319403700707098,0.0106659448769123,0.00834073303017885,0.0185220241085354,0.0255922987544521,0.00307789463794764,0.0024799825378106,-873.877980533014
507,0.00442154322956455,0.0276700984559057,0.00706471251443315,0.000165069902439278,0.00952052359808906,0.0148419314284876,0.0153209419752336,0.0256979885022347,0.00235433879581986,0.00382557397606094,-873.908656105315
508,0.00379742434224598,0.0215244971729381,0.0168141315575009,0.00680816415351602,0.0107760417393722,0.00671024043214592,0.016355911128672,0.030442410260489,0.0017748828766981,0.00390931849619247,-875.420923357604
509,0.00401614570670385,0.0269139992359104,0.000719609258245461,0.022380733124586,0.00983582311166459,0.00843649964701663,0.0175681631922531,0.0254416457567564,0.00264422388116216,0.00330745793474156,-874.485938376872
510,0.00329376197045173,0.0153121223592543,0.00173478156900861,0.022705944958552,0.0110383936213503,0.0108461214820056,0.0159344638886332,0.0290580616832585,0.00244811735838698,0.00192867123918649,-876.169489271088
511,0.00352130574151449,0.0161564667802644,0.00251116976047518,0.0111379941986684,0.0089271595889465,0.0121254749597625,0.0219473560361639,0.0206005500505071,0.0019200694756731,0.00188171030042382,-876.496595891777
512,0.00835854409023203,0.0253520947889056,0.00810577935615848,0.0112890995053719,0.0103243955352795,0.0103616832030435,0.0152368256105494,0.0223520257804426,0.00227997740056575,0.00565890839320316,-875.628778344498
513,0.00209038435763833,0.0182668954153287,0.00741412532034585,0.0206177073175609,0.0103518017265315,0.0098148445959864,0.0173151991477235,0.0217164617646619,0.00232608617848945,0.00234299650704252,-874.32379768038
514,0.0135337472115387,0.0191882008031048,0.00624792560829351,0.00269258996069332,0.0101835398695517,0.0152068619593368,0.0130368866699583,0.0197719829356567,0.00263038602789546,0.00416991388045396,-879.744014656326
515,0.00693473000840203,0.0225451074722123,0.00547881657927026,0.0100339083786021,0.0102389963405826,0.00876973070342503,0.0147533487989744,0.0212998143039714,0.00185396039084075,0.0046980787135229,-872.966407669937
516,0.00450062288601421,0.0257587573597438,0.00670001671165651,0.0092685273816969,0.0122318679819744,0.00757098902835872,0.0159502932253223,0.0293943912256369,0.00162374041484066,0.00868845396214888,-874.700116603134
517,0.00206841277157967,0.0175536952589493,0.00846397659914317,0.0219719917089224,0.0113048342764273,0.0152195797837056,0.0165898527110582,0.0216210629093096,0.00155714570076162,0.00760493119508347,-877.241953945614
518,0.00557650085720038,0.0188415875341004,0.00720546875788511,0.00108527835207113,0.0118639723637439,0.012698903720394,0.015801453233332,0.0157365222488524,0.00238909187705929,0.00733557126345683,-876.012390076024
519,0.0039826717447981,0.0240894994290327,0.0148564063497218,0.00235650758927451,0.0119452485196989,0.00913533172328764,0.017389717215559,0.0363716095697634,0.00128197904829218,0.00341477032061928,-875.249590864818
520,0.0056482637447724,0.0257702710654835,0.00726602629579486,0.0149210431738152,0.011130925263522,0.0140568956203322,0.0179117159280789,0.0172714189827681,0.00419308245898064,0.00164594978328006,-876.795053773389
521,0.00503969314313642,0.020617825643904,0.00320089734656301,0.0123554369497575,0.0102832449180276,0.0159673280235586,0.0177070274698703,0.0253461702302287,0.00228411837591125,0.00158147505613423,-872.692807867636
522,0.00251547172134069,0.0192296096660393,0.00496348360806529,0.0133121269569773,0.0104248604303644,0.0143671657770688,0.0162746946431901,0.0145091397683508,0.00254264279819382,0.00364897530182635,-872.716171764835
523,0.00386455768424832,0.0174689137089133,0.00463818146244844,0.0157620584826876,0.00894378636385978,0.011393359323349,0.0201405451217501,0.0142126239268054,0.00284254991525343,0.00655012065809327,-874.944477168529
524,0.00651577045357946,0.0160405027822769,0.00320764998825771,0.00571803085735874,0.00830380690767014,0.0198363923710589,0.0165300404338532,0.00929369198567467,0.00208960352703032,0.00419285065395312,-877.232546175873
525,0.00271230788815601,0.0308103617841946,0.00501424208517763,0.00175897341751006,0.0110277536685649,0.010737106853122,0.0138981164431442,0.0228561766264841,0.00164044257125144,0.0085619251139389,-877.125335299583
526,0.00241777202476069,0.0204340068294156,0.0118689618818941,0.00220153884308741,0.0103934571488779,0.00818453202894504,0.0212865245515168,0.0320930989475064,0.00265661687023986,0.00277008636576617,-875.17994009149
527,0.00644487700022287,0.0279983081744831,0.0107446281252661,0.00217676073860418,0.0087065931067102,0.0145205317029029,0.021988378222034,0.040029883344815,0.00170403860643842,0.00448186818603749,-877.528545894941
528,0.00130990936098142,0.0230256195298904,0.0108413623788341,0.0111872341377261,0.0064781131034045,0.0125592121662296,0.0197261428895462,0.0283478327501108,0.00189950331355358,0.00304817588387288,-877.586170613609
529,0.00598586984121617,0.0251956493448617,0.00991985387351865,0.0018519682277111,0.0118795944956324,0.0118037952498963,0.0223476400479568,0.0190780288799251,0.00135810181772814,0.00444447973310527,-876.185006040619
530,0.00353069380740331,0.0280011773839197,0.00215392142128255,0.00724520866058945,0.0101841993984747,0.012879011005211,0.0130332986121969,0.0224082628470331,0.003019644391836,0.00279544376772814,-873.518584296176
531,0.00557305058412753,0.0250427183870246,0.00363320619794118,0.0106984223366124,0.0103300782844766,0.0104374360787643,0.0169733782352535,0.0257404672037166,0.00261360690423396,0.00439302451728429,-871.467002738811
532,0.00483158110724178,0.0215522671509416,0.00396767798560463,0.0170580664504955,0.00829789054030894,0.0142947327259145,0.0123824650344107,0.0328114858897868,0.00254742030557667,0.00322613096676045,-875.785070580053
533,0.00250117074954712,0.0198009816230432,0.00181789310392068,0.0183019094161346,0.00674627306594593,0.0131104035581303,0.0139283822826746,0.0342283711992745,0.00234135119768253,0.010788032023049,-879.147935606281
534,0.00458786941907903,0.017595816733717,0.00347838090703558,0.0187984007522641,0.00948699381266578,0.011085573172489,0.0242557611430691,0.0302313604183398,0.00140880405231487,0.00643549647959451,-875.146224668912
535,0.00549617667643596,0.0142509078931725,0.0026109593321324,0.0210360039601423,0.0116940338451548,0.0068547595804008,0.0215135182950466,0.0332277693566306,0.00207457332296611,0.00464561064581325,-875.767405337555
536,0.00560444242266759,0.0216333360759738,0.00504237019203677,0.00388467464860231,0.0102925603399093,0.00446033985700903,0.0201988459255395,0.0336638501470054,0.00243682197956209,0.00845632775215292,-876.794169258198
537,0.00471684443916651,0.0235593080067338,0.00359757706859457,0.0225018352398078,0.0118163207988158,0.015810557042672,0.0211633448086976,0.0220095584103326,0.00411304814026727,0.0014645070218798,-877.921909081678
538,0.00415618497510548,0.0170172220518616,0.00333650690147854,0.00892300053412776,0.00753554153568105,0.0142815673734735,0.0176683185181803,0.0207576798814671,0.00368314000457397,0.00704715573686385,-875.315554851436
539,0.00492702014835858,0.0178079061442558,0.00413759902204165,0.012028515778328,0.00684085935292196,0.00918400261074389,0.0144192915618793,0.0231014504314162,0.00413960132482089,0.00350328500058341,-875.164008532715
540,0.0070943286141511,0.0205079085301941,0.0048028253245873,0.011617813150361,0.0074888594333432,0.0172891867197084,0.018272527052608,0.0229542231484713,0.00437277966947065,0.00396680154015889,-875.605484865171
541,0.00381707911868865,0.0245059743419245,0.00427600066321285,0.00947568061651846,0.00761521234899289,0.00712373468091597,0.0149449757602596,0.0243407257527885,0.000919793330247968,0.00424728427058119,-874.545461464164
542,0.00311007030990236,0.0272236466495883,0.00217724313316581,0.0162167093494092,0.0141205755793054,0.00912624628514359,0.0170463326572632,0.0220992184191957,0.00257350534271636,0.00498029082421628,-873.468640666727
543,0.00491671644353997,0.0171384665951312,0.00308857930892338,0.0229204776758838,0.0133187346422803,0.00565265017983243,0.0176842609118672,0.0254981116657506,0.00196081751906414,0.00514638506687426,-874.856410010606
544,0.00461521880348943,0.0228784169350551,0.00253781502790489,0.010090303235408,0.00889147153203604,0.0184684387667812,0.0185169622284426,0.0206484762653409,0.00289461793408127,0.00582745309060521,-873.092396388545
545,0.00230247468144298,0.0166988443023823,0.00194105418502412,0.0149856407687301,0.00918930498025394,0.0130920575238172,0.0154693873283739,0.0123787470548305,0.00358710034440514,0.00854147617640162,-875.986495607141
546,0.00931546540678743,0.0207025189248948,0.00232274112907687,0.0167672046475972,0.00977110509809916,0.0150813684829609,0.013779678093991,0.0192552604903213,0.00393236721036892,0.0086034283207945,-877.024670721537
547,0.00895426421555732,0.015974387675872,0.0018970495242627,0.0158561848942675,0.00780746021608694,0.0100855581373736,0.0138376133126114,0.0301997391245433,0.00136922176099752,0.0072448517483705,-876.243668515877
548,0.00729711386655761,0.0210236725435513,0.00453266431498679,0.015618243979908,0.00865681598679304,0.00783954563869882,0.0201772680479889,0.0358252953469236,0.00203292616744982,0.00463805811837066,-874.771506029177
549,0.00193724723658464,0.0229253523682094,0.0045359782625688,0.0106516921781387,0.0145276926265381,0.00905991313172142,0.0218544260174631,0.0232290240551419,0.00204825663600413,0.00497905299011857,-874.975933987596
550,0.00331699626110409,0.0227007826408367,0.00536477764253556,0.00109027125229088,0.0119497981808082,0.0124019723311926,0.0227111044685136,0.0285270820654705,0.00194739691234015,0.00446452142095615,-874.870042238448
551,0.0083736837860324,0.0230507747313928,0.0130199415975602,0.00210704631785037,0.00851678698036438,0.0117185833972583,0.0171839250233847,0.0255907431075026,0.00301974154849249,0.00283165643116207,-874.778521474611
552,0.00300252834209493,0.0255773771976892,0.014010059727373,0.0027455295760535,0.00764954509260048,0.0103414015291899,0.0160407715611831,0.0239648366896855,0.00187704928276789,0.00327725041225018,-873.825741817576
553,0.00191626467683324,0.0275294031245124,0.0126614026634275,0.00641047538650212,0.00995675550271823,0.00826270651310499,0.0183662570795616,0.0272137174293681,0.00186511294604325,0.00259053138948332,-874.733747460124
554,0.00431329876973482,0.0196064658986986,0.00422281340312622,0.00525850118862967,0.0119407352404325,0.0150547780251122,0.022440239989931,0.0126078252077473,0.00101824263670394,0.00289784596378697,-879.265491224436
555,0.00862095249971435,0.021275500345526,0.00327198248867659,0.0146204250984067,0.00896840882816759,0.0116437624723018,0.00887849568888336,0.0183442905439393,0.00293428997153444,0.00357817783626333,-877.753140931543
556,0.00845073995655051,0.0161392144808472,0.00285110848281146,0.0220219897638433,0.0102381904764077,0.0115822722811134,0.0235828882666682,0.0182653951260917,0.00246202171050174,0.00392977728451841,-877.754331982841
557,0.0108904484627739,0.0213038494440193,0.00204965068212126,0.00833457773170625,0.0093503283658392,0.0107907078541802,0.0112830695549962,0.0180258491239495,0.00173700226635021,0.00266289844150961,-877.905151656183
558,0.00400143631961728,0.0251128989507565,0.00168925344849465,0.0108151300744668,0.0105380024037702,0.0176479888337634,0.0168271843991617,0.0157514299744895,0.00297315061709442,0.00443716543753366,-873.143790804965
559,0.00392678789564544,0.0213427712866221,0.0011720631612395,0.0133836830789128,0.0120613526586169,0.0187309146474945,0.0147452163316696,0.0219404556268513,0.00305764081976707,0.00433316519207762,-873.738574610258
560,0.00455292760907301,0.0238056564501431,0.00404652140171329,0.016203605189636,0.0106711948414255,0.00836435550110919,0.0162943537507673,0.0272888665381496,0.00407107984857429,0.00346435742825656,-872.902170702736
561,0.00457886483337754,0.0225492077326577,0.00188381530094719,0.0116822281455687,0.0110381862025316,0.00728802614399076,0.018450321960616,0.0195350326047144,0.00301755368620156,0.00236343839007565,-872.572430132881
562,0.00373032975131994,0.0215400716218442,0.00256701876798239,0.018579238215006,0.0118474461025534,0.0123534948162077,0.0172818921763279,0.0253914099206843,0.00244319519554291,0.00588221633609664,-871.720803668871
563,0.00595807161662638,0.0193874493888679,0.00189795694359708,0.0138310604432107,0.00917217235738746,0.0121507943799097,0.0177965455711428,0.0170097442043395,0.00251015318997021,0.0056897856642174,-871.871969338213
564,0.00586907036655507,0.0189565406892865,0.00321888829319234,0.00650847897358536,0.0115541083023844,0.013263629769282,0.0196968759554849,0.0292750369621385,0.00181794717309435,0.00463606642990207,-874.620570127356
565,0.00407270542961321,0.0303361864392584,0.00336550028882718,0.0070175995222533,0.0121840137729399,0.0108004725597648,0.0163324153083746,0.0301175079705819,0.00315632406891197,0.00179743775291021,-875.089637955733
566,0.00466550739782322,0.0206080327305653,0.0155234760133502,0.00532970247351176,0.00925213623832108,0.00551608042352167,0.0184000740732361,0.0291681868130132,0.00292066543418199,0.00140012891545022,-877.988988564863
567,0.00798180593325939,0.0271485179064292,0.00882726039012694,0.00819684915200875,0.0124828200795363,0.0151127995233284,0.0126639945119298,0.0228142168832417,0.00404095989754419,0.00223631811224815,-880.575604605663
568,0.00754571471090731,0.0236748703227959,0.00303804094292416,0.0212849075809611,0.0125447861931609,0.0132216084875831,0.0202771012301898,0.0277282011074014,0.00114939921466225,0.00143905475079445,-878.245838462016
569,0.00529479377534337,0.0268870616090649,0.00197790583742539,0.0116983124166369,0.00772918378067463,0.0115228510036642,0.0168134713830053,0.0245977669586034,0.00211773038370397,0.00136743961277254,-873.770110817966
570,0.00643810593275443,0.0171177086726385,0.00311573907569267,0.0163553662064703,0.007241723700208,0.0121129291845352,0.0166900941586519,0.0224231235488235,0.00344743450890867,0.00281303546124307,-873.287798921348
571,0.00426484661071945,0.0181343549973104,0.00366052648775996,0.01729978200991,0.0109147164375093,0.00831252576170928,0.0171437403593211,0.023235411217145,0.0038192379019444,0.0047793052178921,-872.563152942796
572,0.00326630069122789,0.0218165190728217,0.00724647066402838,0.0187214977835747,0.0133871001841512,0.0111834311029616,0.0148670638978168,0.0238847943033276,0.00132531342130245,0.00358181882557523,-873.937163533109
573,0.00299064625602659,0.0222143416721734,0.00712396236480065,0.0112289643882799,0.0113719737971342,0.0119833554038582,0.016886446172787,0.023415133115852,0.00144086812154253,0.00359121007097491,-872.322665694946
574,0.00208399563540846,0.0241635675164356,0.000740576286583914,0.0159155485271886,0.0104375900601968,0.00681431411249115,0.0117432472359161,0.0246698461047041,0.0017447070208356,0.00430781753842155,-874.063871204264
575,0.00361389320142157,0.0248146232722272,0.00342674418235304,0.0139664601027598,0.0134666861098072,0.0064431961128219,0.0171804179996462,0.0264512895868166,0.00214342926530317,0.00596330480395112,-872.353412602641
576,0.00634807947891112,0.0211123769702916,0.00275750331481088,0.0151403655907669,0.0115233754776701,0.00649213917507682,0.0162226178886171,0.0295701976182335,0.000801269974043294,0.00527448207603721,-873.61512112566
577,0.00286295917780564,0.0235246847469992,0.00360091135058414,0.00971170430491306,0.0111056448518813,0.00872903785251843,0.0130864096837418,0.0126598433781483,0.00272546931298595,0.00400754123190106,-873.456093291518
578,0.00573474901717927,0.0241534279347745,0.0028795468580355,0.00645129966856602,0.0114716724342682,0.0128365452147868,0.0152029966310582,0.0159151416913042,0.0017289604524605,0.00675129431122512,-873.72837227994
579,0.00503193404559615,0.0259635232785884,0.00405554532538514,0.0109009795129722,0.0107134301694341,0.00935478583946349,0.0157160023444738,0.0185091934671189,0.00187651577300241,0.00431422660541072,-871.766401678397
580,0.00419424625475142,0.0220261749465848,0.00171308619860482,0.0177952554241791,0.00905606976787356,0.00943392669345507,0.0176028825215649,0.0287554941295194,0.00227523475525264,0.00457837137562395,-871.159306979824
581,0.00399971289047184,0.0255095023599076,0.00383722493296384,0.0151315755861663,0.00967646853546231,0.0110862403585256,0.0210716899279599,0.0279665374454168,0.00233371067996172,0.00384946194173358,-872.033572611903
582,0.00529361195001316,0.021451613237226,0.000849055955714525,0.0205412955867782,0.00983341417308767,0.010031773665734,0.023054779039466,0.0371633517524243,0.00400892271534899,0.00342947278305184,-876.469566380842
583,0.00298364587297805,0.0217776433964939,0.00200290386405882,0.00584150459229534,0.0133180282927273,0.0090274041605798,0.0217349171071398,0.0373606496450947,0.00128218137682667,0.00717650923376828,-875.496444567009
584,0.0022543436231453,0.0248366534883042,0.00518625601452244,0.00616293207615594,0.0120849038612619,0.00949597164551475,0.0257436676526744,0.0355266181470862,0.00278895224442046,0.00495271864909664,-875.439446774731
585,0.00669930539171984,0.0282851861050305,0.00393072026830471,0.0116004005843243,0.00886393058570023,0.0101342166916356,0.0277353583411976,0.0474468838337821,0.00217550664116061,0.00910060574287625,-881.390922868401
586,0.00193322262556241,0.0186148373750749,0.0035385954018666,0.00751219109507514,0.0176375389820832,0.00308219155534347,0.0262301889942168,0.0442285670987273,0.00215955197722317,0.00870315216763773,-883.681739053491
587,0.00254410582077118,0.0235779884822892,0.00635008491119816,0.00918473812760796,0.00768164529544457,0.00445345552313057,0.0234715366536385,0.0375381956913315,0.00222097596011746,0.0112093304289011,-880.356109075768
588,0.00594562132744472,0.0267136262236231,0.00366841324050607,0.0114866581951016,0.011134147362347,0.0155451702395969,0.0266325416305416,0.0555917668702081,0.00126453365152557,0.00298960777956243,-881.740428872631
589,0.00135821860235002,0.0281705222254831,0.0042462780875749,0.00284564388999338,0.0112374191232368,0.01699288958438,0.027291599715322,0.0542695751707863,0.00118384489370184,0.00633993465083089,-881.476675063252
590,0.00132967434325365,0.023106295040064,0.00586046312038108,0.00611086260864114,0.00976031666719652,0.0161982471087148,0.0198991839528653,0.0532840216737129,0.00157673839841617,0.00332517102351161,-880.902220788176
591,0.00577852227377139,0.0241307899883955,0.001564419448447,0.0126607500333145,0.00889577312790761,0.00918545147470297,0.023798834927849,0.0122987864465218,0.00158715125570472,0.00788075311044866,-878.537404189447
592,0.00816574418497726,0.0234807549865255,0.00671217161904792,0.0135025838714083,0.0116284646805067,0.0123755516026943,0.0126956447413908,0.0285062053200354,0.00168799093062949,0.0062550542127785,-877.08850677221
593,0.00452807224088347,0.0311950810713425,0.00140995038802928,0.0112473404912654,0.0101467419603713,0.0139678349526914,0.0189470934358724,0.0230382856197489,0.0021067113882682,0.00182197390004823,-874.960051655115
594,0.00541730659586535,0.0218949522031309,0.00315584114881948,0.0148739201062197,0.00742830783529803,0.0133221541065936,0.0173774653088863,0.0220487327327214,0.00245386421093423,0.00369711919892853,-871.809063101735
595,0.00860285294013679,0.0178984057935128,0.00508727421423597,0.0178076655249573,0.00820391253244832,0.00830242971488327,0.0169972099284418,0.0219504421393641,0.00290228621157296,0.00342849347260432,-874.126086890271
596,0.00395679431865761,0.0235765862785795,0.00577072584066824,0.0142283649328296,0.00867887904080048,0.0178052654613301,0.017022441808972,0.02143411587176,0.00341175501774092,0.00134361663003465,-874.132060644906
597,0.00345702313509843,0.0256367549647272,0.00131039129745046,0.0114748731466948,0.00892582525171516,0.0133638398325793,0.0177585126254658,0.0188426573806203,0.00179733706148097,0.0101545032597606,-873.993966189419
598,0.00580590546722184,0.0217263617959754,0.00363526100265243,0.0119389816660932,0.00993508437900965,0.0156620553706477,0.0199386933069026,0.0185121046912801,0.00162643147935748,0.00332157755569508,-873.347949450069
599,0.00463881669412063,0.0206493736559401,0.00120951077382168,0.0218631992876571,0.009295379783935,0.0142579877651933,0.0194479094997262,0.0186901026141224,0.00245519258941439,0.00385860124944837,-873.307959596232
600,0.00552373474734833,0.0199944788348258,0.00368101216718258,0.00820298010733036,0.0130249796915767,0.00630620391714651,0.0175443811298968,0.0189404748735841,0.00265747079668757,0.00923303728008192,-875.560056294984
601,0.00760638784491861,0.0193398263516715,0.00741497795929535,0.00689030197093892,0.0108442322025453,0.014104563358203,0.0143883244058135,0.0253757112482632,0.0015499857962475,0.00661775253300812,-876.64837190844
602,0.00693120761231574,0.0235593882123319,0.00308914661759362,0.0105858693428119,0.0091478213329508,0.0109059095732425,0.0179513940397117,0.0210879965416246,0.00239773309471261,0.00246743463193606,-872.461550587964
603,0.00832224628439312,0.0270172303500171,0.00328267701722697,0.0152170018063089,0.0111948438890918,0.0109801590595793,0.0141376900465033,0.021328889400853,0.00462767717492599,0.0037334597233608,-876.698487745826
604,0.00378160916403716,0.0193247488346533,0.00435938863921118,0.0131417690501813,0.0131963970853424,0.00795180197234766,0.0141079362953663,0.02254243103792,0.00387587899683933,0.00351609573699772,-873.581167827892
605,0.00484433376342408,0.0222151515982901,0.00168549035006052,0.00905372765744589,0.0119175928482177,0.0140715971548974,0.0172935497027597,0.0267025273161747,0.00284407971940451,0.00458217968477633,-872.477933723634
606,0.00324844077123457,0.0231832481102486,0.00319069753716029,0.0121861044142126,0.00887039171297641,0.00837159118755869,0.0167242145516463,0.0265826612665779,0.00260146708519751,0.00206587995211987,-871.7269655427
607,0.00241188860197692,0.0229697278965198,0.00408534732640893,0.00995951576699119,0.0115283681057818,0.0174857049453956,0.023696207152286,0.0255892020310017,0.00261860759763003,0.00399130728385498,-875.409273862505
608,0.00388731004734134,0.0229324815144359,0.00357181018794491,0.0121156935466274,0.00841942620914,0.0108262520200818,0.0106207955694825,0.0220324917586934,0.00181617052918829,0.00296754829021705,-873.597880064769
609,0.00798247463600239,0.0167888308660506,0.00162731190338312,0.012806019901404,0.0143110316563629,0.0106565953717291,0.0195998565248827,0.0228152818160701,0.00421647455044742,0.00391160820031589,-876.344185608955
610,0.00857096427333847,0.0222159098432018,0.00283692249406037,0.016171823475436,0.0145170564612835,0.0135956968972689,0.0150738673100079,0.0218526604458719,0.00277787859732548,0.00427814245261332,-875.935101903227
611,0.00188482054452159,0.0254558528405838,0.00327537193939409,0.0183833912480552,0.00953757784101615,0.00707055021361256,0.0167843488927487,0.0248439302428293,0.00342388573619323,0.00360875573307279,-873.733328695283
612,0.00138382618288782,0.0228529629145958,0.00174041395266583,0.0164950619153352,0.0132241731534125,0.0148425975368072,0.0172923523569684,0.0238725926631581,0.00222060800561163,0.00554884606723137,-874.618327204928
613,0.00719201298796987,0.0289922768687274,0.00311211737874376,0.00208247947662134,0.0113915063358036,0.00909453585316094,0.0202168771752065,0.027868946425094,0.00229257841139379,0.00224571326261749,-876.301844885772
614,0.00463839744856418,0.0311012738917329,0.0159093497763522,0.00555639778929111,0.0122616999727732,0.0100996795443272,0.0165198518063248,0.0211300813855069,0.0014765288399567,0.00426750782453043,-877.184066318481
615,0.00369779362655916,0.0185665255744857,0.0118475138947986,0.0135936702766788,0.00769938840184226,0.0118769933157275,0.0191929462425,0.0342655172662714,0.00344616174201742,0.00458418277015313,-877.406095854119
616,0.00435719919613969,0.0254897336650263,0.00997173342604983,0.0212657772736872,0.00646225403493828,0.0118290799997015,0.0169055149374643,0.0197828708802728,0.00129337462217377,0.00384034586201801,-878.0635792192
617,0.00553465929959113,0.0186140291047981,0.00839831523977474,0.0197784874218998,0.0161922481826314,0.0139841135990142,0.0177830152871324,0.0303094065045713,0.00314489876892869,0.00530834188633101,-880.077893576263
618,0.00274145146016075,0.021392062815385,0.0036842773847101,0.0142217588408348,0.00585543241217419,0.0150668313823722,0.018506926685758,0.0299018592766294,0.0019664571770454,0.00469712456122269,-874.668960169466
619,0.00198643068655904,0.0241325940501554,0.00270808603700372,0.0129867717223391,0.0102089583235615,0.00695991643248961,0.0163203771531314,0.0201218290751521,0.00507014146325119,0.0064081940758356,-875.611863675262
620,0.00248618804043314,0.0216070791037782,0.00495034011132307,0.0121676840213339,0.00804003261123516,0.00552969568399016,0.0143342585680259,0.0218124076068346,0.00160984031127285,0.00390468919319666,-874.373359683886
621,0.00499018680624717,0.022055989829454,0.00516676735574516,0.0147378665111058,0.0122902096789055,0.00741190561013616,0.0132013072596173,0.0303927802674885,0.00137738700098114,0.0096687223678555,-875.666694732029
622,0.00349406378267729,0.0240054705465317,0.00324990425181354,0.0177592997171987,0.0121707160359169,0.00497259738214216,0.0129026585551245,0.0306755985944145,0.000722003288323398,0.00702449884472042,-875.945103590915
623,0.0032573199291193,0.0299152658930628,0.00154339618261006,0.0172575939304814,0.010978357881183,0.00469088219302859,0.0271342635198128,0.0479608583034494,0.00459500187717255,0.00236703982673461,-885.023858841593
624,0.00236429510389336,0.0229268138143561,0.00390598963172287,0.0106178848446727,0.0136712032276061,0.0175964028736383,0.0230854146022223,0.0385662001439875,0.0046775853574795,0.011066091336946,-883.932216514952
625,0.00323368586996657,0.0199724365757475,0.00104468325971864,0.0164871820319537,0.00611186344775632,0.0151045679495624,0.0158819194113222,0.0225325689465896,0.00068333929532768,0.00266225438293272,-877.399106371173
626,0.00381610869349808,0.019868949311277,0.00482270702470373,0.0188494575852278,0.013249309067148,0.0126456993794175,0.0172243916853173,0.0182581954701121,0.00496389911701333,0.00584140972136945,-876.640074752051
627,0.0029749667167562,0.0221632386851374,0.00353014712302196,0.0136433071350908,0.00824698040798292,0.00791427447409101,0.0127853715248096,0.0185779825246004,0.00159729234624276,0.00690653588323158,-873.074800366357
628,0.00240251240307004,0.0201890199652768,0.0051514078116753,0.0133204682828425,0.00905157205785842,0.00803582475291707,0.0183832295767752,0.0299264648418195,0.00112911719508687,0.00576451054321844,-872.971587929106
629,0.00228211662583481,0.0222239793021952,0.00284305344289477,0.00716042448404251,0.0122460986503258,0.0119783904420531,0.0188228325810796,0.0255189306757527,0.00184840810576695,0.00308503561178769,-872.842033785832
630,0.00467344259152589,0.0181895775476535,0.00267183345815033,0.0169381622508108,0.00888861532849796,0.0135236938164547,0.0162467948867652,0.0306342439772264,0.00300765116218297,0.00390301141972089,-872.625043390404
631,0.00341702946968396,0.0182510152706743,0.00288064774545878,0.0124666369179899,0.0117837783658015,0.0113130841624295,0.020203379251641,0.0151445059359126,0.00302834772382517,0.00367554038664228,-874.238983470671
632,0.00454678349691895,0.0240010331992271,0.00891571192681976,0.00376815214431108,0.00813201749796959,0.0154944868801965,0.0138521571345735,0.0209476785490261,0.00415554853655633,0.00296555632488378,-876.070062462413
633,0.00382535894271375,0.0262605706503073,0.009890668715288,0.00793237332091122,0.00881663598959661,0.0130045111409963,0.0126794901679031,0.0224439682987396,0.0036212189312818,0.00252932614971041,-876.207583381906
634,0.00477230642879289,0.0233473657440954,0.00361372973224841,0.0114138233627604,0.01047435636295,0.0115988742236994,0.0165223309087232,0.0238027255521328,0.000990190615403957,0.0091219101884199,-873.339181659433
635,0.0043400605240397,0.0231130083147863,0.00470166262940179,0.0165619611570495,0.0124952933732682,0.00511149486545044,0.0211047500505058,0.0229385857940846,0.0016648779959785,0.00422338448191985,-874.543550482143
636,0.0047809418993378,0.0160791672062547,0.00447360425784995,0.0190961787428861,0.0122270983396409,0.0112433889548053,0.0147585064630393,0.0226151871689307,0.00345035733516943,0.00504671775395971,-874.062404069029
637,0.0103797488221994,0.0171463828531928,0.00305754781814695,0.0113043610519092,0.00946927388968089,0.0128363036245477,0.0222290068486624,0.0316817245853291,0.00233707607415347,0.00511361473937467,-875.868060234053
638,0.00382314045609814,0.0270677173714684,0.00366720908893388,0.0069890329733436,0.0108410432600013,0.0136429093738557,0.0165997959899235,0.0157402123733657,0.00305791371425805,0.00652351483932847,-873.705426227464
639,0.00463186246364217,0.0257052499182078,0.0110510692921323,0.000546020658357644,0.0085956055361518,0.00841205684962465,0.0135626123683633,0.0176113199689401,0.00203990286408069,0.00322711086625928,-873.377058217307
640,0.00401535397241598,0.0229819298578866,0.0143309503737397,0.000834280524278037,0.00919955954927323,0.0158245125489808,0.0141047899756561,0.00546655591552515,0.00278458930787817,0.00316328971637367,-876.378383853791
641,0.00287316744148165,0.0241121731144336,0.00705890268607527,0.00585120355108216,0.0113063784281922,0.0100027718955594,0.0155473841085042,0.0271506758352037,0.00243515280401708,0.0071396733947314,-873.798244001417
642,0.00517742616556805,0.0258276289597446,0.00252441736881796,0.0171781483802681,0.0121537324299855,0.00789035011798681,0.0156353319116754,0.0281491333359283,0.00228943738179193,0.00314842245755498,-872.73534948855
643,0.0077903648580641,0.0243313141659085,0.00251407408280168,0.0107540183860563,0.0142964617503496,0.00695217658118938,0.0185571145484851,0.0253075918405223,0.00180564557462145,0.00500609513974332,-874.776212746865
644,0.00361779045738119,0.0209913793587468,0.00239809332983133,0.0176851094444716,0.0140087997901151,0.00699226363666857,0.0154233294537373,0.0221700233147017,0.00211302437307537,0.00477130245242798,-872.3294401508
645,0.00562017379289354,0.0275346682450459,0.00182189526894032,0.0177566727612557,0.0155801686230139,0.0102673020396158,0.0159673935698936,0.0218091654361797,0.00194087471092828,0.00317375076561223,-875.775999143976
646,0.00905637069180787,0.0257990916680363,0.00226921412797052,0.00814852121664426,0.0152331203979702,0.0110840326533374,0.0214422264991491,0.0350009601745871,0.00234533437973246,0.00265559465634042,-879.156345723728
647,0.00470503766021557,0.0260795326682655,0.0041564663838295,0.00840705249749487,0.0120723270718369,0.010597445214119,0.0233481208179456,0.0401892009872416,0.00253824572242335,0.0019068609701916,-875.791437296072
648,0.00152287851275499,0.0249799125453268,0.00238640610307095,0.0141070925874127,0.0143786168251382,0.0122352875092054,0.0186100109148117,0.0157536096369671,0.0031549000006868,0.00624527666415749,-877.147450406557
649,0.00901830967865177,0.0226005611113399,0.00348572738804054,0.00223686720904975,0.00688170884051674,0.0117704501047804,0.0150089272816057,0.0119664709704408,0.00200264721467716,0.0039177677767383,-877.696627071432
650,0.00444391058673589,0.02346963620312,0.00300572029422506,0.0037593499766748,0.00730919973736294,0.0141267031489039,0.0173817595881655,0.0122704894519537,0.00217552240518695,0.00337593295737983,-874.155756281556
651,0.00452587273404086,0.0225801737808587,0.0129956553039602,0.0092894905289669,0.0100616911801298,0.0114502593713178,0.0185890323667309,0.0334620039233494,0.00300490701739855,0.0014033483871112,-876.864913446
652,0.00204807356790211,0.0217758186462764,0.00114462799728635,0.0141568478074399,0.0128807095958872,0.00997412681222582,0.0215206498985902,0.0338631812753705,0.00199556119094647,0.00150228449163029,-875.951670772287
653,0.00652557088462585,0.0231451087774587,0.00715199610830352,0.00924576540653278,0.00887583617083788,0.0137803999397306,0.014989990592805,0.0344702713503249,0.00306268612119915,0.00250968919245661,-876.619333285053
654,0.00211722376404434,0.0240678693446282,0.00491766941436632,0.00759206699753964,0.00918369557737641,0.00868485467269627,0.0219595770366885,0.0159328828430414,0.00369417788122747,0.0129606591614819,-879.631271165127
655,0.00725823190780355,0.02214167527912,0.00310978814801733,0.00986946692340573,0.00852665455407725,0.011566064666373,0.0149272836299416,0.0273602757097688,0.00264073695306892,0.00798098563908697,-874.477547501505
656,0.00581767154525021,0.0266527808229292,0.00595676920162383,0.0145918629559743,0.011763058967315,0.00796124510407381,0.0157692009115727,0.00857453950025961,0.00256272565634074,0.00350818392182128,-877.146341802615
657,0.0034749793369619,0.0194127128844549,0.00339793193050686,0.00720292559458994,0.00862704206343139,0.0232157257607314,0.0160587930873798,0.0263726870560934,0.00417834695562056,0.00340351461363555,-877.063100379173
658,0.00230611858504031,0.0199015608099982,0.00284010476636487,0.0233839495425316,0.0116320050551544,0.014335642263475,0.0203810407301523,0.0362330323685589,0.003241527819218,0.00335558858917641,-876.350500530456
659,0.00472004373183874,0.020815490452782,0.0103327360545325,0.00590308184811866,0.0127509485661216,0.0134922725041671,0.0163269550523869,0.00976056696758895,0.00323750485703819,0.00554443247032862,-877.051038415636
660,0.00404697288656386,0.0220171333894925,0.0117107206757382,0.000297188935162168,0.00772613090511664,0.0160490306219648,0.0145310699908138,0.0148981891931549,0.00158682368426212,0.00425579317065127,-874.835466398417
661,0.00148253135209873,0.0316983922501478,0.00840619953695196,0.000780735995065027,0.0111742960128379,0.0126585976058914,0.0178809325702058,0.0273466239240482,0.00258103309211293,0.00293424445460663,-875.602673541141
662,0.00448106798830566,0.0243830429812794,0.00847486309564146,0.00252774313018244,0.0137443658810596,0.0143167003469319,0.0177010348836172,0.0130360549940285,0.00122749819664966,0.00661873171578845,-876.707356294522
663,0.00350823025977557,0.0217945223262075,0.00686016310700139,0.00200137170593905,0.00584817149528516,0.0205227151933112,0.0172878918705824,0.0163466611305765,0.00360400485618315,0.00757774673563413,-879.080353967724
664,0.00399663878654419,0.0255979157154064,0.00832404128739648,0.0104049613327784,0.0132341115654894,0.0124572125436632,0.0148421046705576,0.028922261517337,0.00398169146970947,0.00442048353327239,-876.61636777071
665,0.00422384066119912,0.0235350237179742,0.00139625797436269,0.0102294169118231,0.00866577935020047,0.0114376721049407,0.0186515467874227,0.0181261345202205,0.00283602079522448,0.00407734757108002,-871.808783846354
666,0.00177679570639644,0.0234904263696064,0.00136601877285005,0.0160567179805105,0.00858862736504968,0.0141433734360772,0.011881297748015,0.0249383102703077,0.00345846948141345,0.00719100157267881,-876.377094176181
667,0.00590368900651663,0.0187007431934579,0.00332410895675762,0.0232837232629294,0.0133377074310241,0.013534242043833,0.0159730361368891,0.0205441838876986,0.00275878495837649,0.00646367377617008,-875.558064735837
668,0.00568597212719746,0.0168948102424319,0.00330898758950082,0.0158067319753219,0.00690509127667575,0.00604774305535876,0.0155917489673811,0.0209651150837227,0.00205310760594392,0.00570670378017198,-875.350374078029
669,0.00425903700422358,0.0228266324954002,0.00468133338237009,0.0167330477004482,0.0112176918995147,0.0120199650725987,0.0185455502905408,0.0270829689449956,0.00148070270652587,0.00670053533118662,-872.339223540381
670,0.00270030704320064,0.0236869555330455,0.00419374937104231,0.00520452122228707,0.00891035978239646,0.0110642612227233,0.0173840993110128,0.0345194238910387,0.0023001307571557,0.00578559985130626,-873.94105111909
671,0.00385312712434522,0.0210610202359211,0.00646707168369294,0.0345179710195373,0.0108876498767943,0.00632513385937268,0.0175824959859668,0.0212201111820163,0.00171424763640012,0.00561087246626009,-878.77576202995
672,0.00513516130158424,0.0150211086621568,0.00527095511708977,0.0130575053591679,0.0101701629707993,0.00582970497511537,0.0167800720420828,0.0355244437544308,0.00202029226826612,0.00604767087458109,-876.337990465125
673,0.00469480797657231,0.0213714447071443,0.00396246182330972,0.0136575321115025,0.0103861969209689,0.00921248069845815,0.0224231323850841,0.0360155745652188,0.00139560291855589,0.00787235155946855,-873.890797149528
674,0.00589100243526173,0.0225564153174896,0.00306113635753908,0.0118437927232773,0.013371645098189,0.00809314236981718,0.0221371477572202,0.0475838686775651,0.000939397371528758,0.0122054317584311,-879.991231303137
675,0.00224714637341633,0.0249829981051905,0.00366320098477814,0.0066797808654533,0.0079770397458346,0.016503964986973,0.0215452649917631,0.0374196335030048,0.00248965180810351,0.00386057715247527,-874.866194216306
676,0.00545396259185709,0.0283835069964491,0.00223303837226089,0.0134119017953263,0.0112279452026323,0.00746068414471552,0.0240972717621548,0.0328157486010626,0.00236488926117445,0.00571019908780956,-875.49664087817
677,0.0064453503738715,0.0192468370986204,0.00112598969224015,0.016741097678291,0.00745233965806264,0.0141343224050558,0.0186807056122757,0.0294731844519931,0.00264877579520225,0.00283834613561802,-873.732157922841
678,0.00479453596717651,0.018815740855116,0.00701082646121327,0.0166280809147709,0.00915149857731158,0.0137580482396414,0.0177460764076944,0.0253097224008319,0.00311538533593159,0.00511320621431358,-873.234475557259
679,0.00654767647689113,0.022805890824764,0.00514066694352232,0.0170537233602939,0.0111154095316225,0.0162547340024824,0.0118242859220665,0.0194888806467084,0.00269770622812113,0.00332524006718527,-875.338734093863
680,0.00574720924082483,0.0231384398408715,0.00505525821654445,0.00638628791298356,0.00922124343561674,0.0177460313668555,0.0143791299898247,0.0139261195290517,0.00218235830823707,0.00687386968816454,-874.606118564575
681,0.00398610280171725,0.0208518043249913,0.00871305811089715,0.00406664370287063,0.00894266559330293,0.0133230036906617,0.0182279080471623,0.01893835895243,0.00192008309438014,0.00792993130042958,-874.446835707037
682,0.00592770720783133,0.0218996409690764,0.0115238545356498,0.00157996138211244,0.0117655010169913,0.00312094829697751,0.0175244796387449,0.0313440816021482,0.00270431116044749,0.00723566196724703,-877.191640368067
683,0.00214907906105034,0.031581062474579,0.00607879006870755,0.00129257465142663,0.0135830274416745,0.00595515785194278,0.0239388218666077,0.0369114197887433,0.00248184526975429,0.00701824700558831,-877.131260749795
684,0.00385350067472334,0.0311334756173038,0.00872848826043735,0.00182235249743896,0.0133948085008336,0.00651909910958972,0.0241975822920131,0.0326985385846947,0.00330380045466424,0.00383159526620559,-877.162696921059
685,0.00279188418207746,0.0196937151422838,0.0100611608264615,0.0138727569707608,0.00868866148996105,0.00602232429252932,0.0229646935891583,0.0272783362549454,0.00104627659767099,0.00616862738026266,-877.661158530574
686,0.00542636682757644,0.0226975291766398,0.0102797134644509,0.0132954423603777,0.012491258952743,0.00696601019765942,0.0146071419606232,0.0287557473135207,0.00255052276851703,0.00672038595072338,-875.946245417993
687,0.0046623659462639,0.0220653802423829,0.00153241242952765,0.0109972724122802,0.0115184579190982,0.00933715924951805,0.0191609151810997,0.0341358989167427,0.00208367347838498,0.00502321464308371,-872.088598699259
688,0.00379962020939964,0.0259737951580022,0.00251041982642321,0.00935341874700932,0.00798741029672558,0.0124841534456264,0.0191246408376683,0.0282020688740134,0.00176010806122773,0.00669031569114061,-872.542478784424
689,0.000869043280110988,0.0236990088646086,0.00734915701737441,0.0104810295731371,0.0108138580458597,0.0104725033425879,0.0183347820475061,0.0256188795996497,0.00142856230362913,0.00501892382420969,-874.530041203914
690,0.00715151104906045,0.0242668779332061,0.00964733074969255,0.0174527998379995,0.0095603581480223,0.0105798937920111,0.0103395613644885,0.0149538757849409,0.00191548994567003,0.00135481386896791,-879.968093753428
691,0.00291106565360849,0.0209247284059343,0.0114949500997641,0.00304070522860511,0.00820733240772552,0.0133303285789984,0.0169834473687159,0.0312086783141579,0.00169185937118578,0.00490603448502461,-875.188883092473
692,0.00606219050630426,0.0206972508570135,0.00737869120668297,0.0169666363133755,0.00904940469701561,0.00722077734420018,0.0180206930185937,0.0249113793486589,0.00191928539792415,0.00163467906580293,-875.207707986158
693,0.00645714286375118,0.0126184869990641,0.0038578094663574,0.0151174038812809,0.00862189792480223,0.0282892140280406,0.0169042221920788,0.0235407238298257,0.00173904244724195,0.000983647719730411,-882.870224583941
694,0.00801671381962619,0.0265325676987056,0.00179925190530993,0.014590077713365,0.00946865537871885,0.0202704968451392,0.0164497564742555,0.0218368559906744,0.00215129011959799,0.000981455834101506,-877.925056263515
695,0.00829277411003982,0.0190592314810476,0.0041349166497579,0.0221608990378646,0.00599596053962382,0.0224453339042558,0.016948551148802,0.0191988578364926,0.00313949727449444,0.00497313588613793,-879.480790521994
696,0.00106692991163472,0.0239602665862899,0.00316550081367326,0.000424034277656673,0.00950308812484419,0.00631806222100871,0.0200144839116046,0.0176356707911854,0.00196817691028585,0.00707472646784991,-877.594497157087
697,0.0060088556713428,0.0268089430035011,0.00418767552983255,0.00339846551872939,0.0132817245160693,0.0111604760575433,0.0222773630503484,0.0186276568286488,0.00217754457261495,0.00683236316013909,-876.889886403
698,0.00393413246607788,0.0227872243818895,0.00554035112819083,0.00230589391869767,0.00753245583686953,0.00679683710006973,0.0181511908166129,0.0288902713981666,0.00220207046984856,0.00322498414894354,-876.087386204404
699,0.0069414201667798,0.025874089609447,0.00692698158827175,0.00733436569273614,0.0107887723821117,0.011687386624268,0.0175554723068479,0.0181838265329418,0.00275559548449975,0.00230741935044426,-874.913651653066
700,0.00574872709046137,0.0258293479884826,0.0121743770310313,0.00730956800471784,0.00775844842463088,0.0175055363728031,0.0162210484264391,0.0216617953065731,0.00295989899906786,0.00302088191916672,-876.838445486277
701,0.00409844715734443,0.0260587358122803,0.000229688539927705,0.0133196675607646,0.00750251921010303,0.00464290007786135,0.0139005893641762,0.0169813042351783,0.00228027859381082,0.00545000826222005,-877.500076021796
702,0.00340247768766755,0.0222369750362982,0.0145477626824945,0.0115469528801406,0.00886738619238942,0.019678046659102,0.01777080599516,0.0235926144363469,0.00235259375067048,0.00451570866399585,-877.300484662629
703,0.0037697769477427,0.0232527270762538,0.0120720514420882,0.0145955161834763,0.00879261938919588,0.0191712629500903,0.0169014891607429,0.0269588311724621,0.00235213632083005,0.00455308440871283,-876.623635574792
704,0.00242857975398733,0.0228538501218637,0.00348455344769945,0.00742492013220504,0.0128215583179418,0.0144596730157052,0.0144765665121719,0.0165977734279403,0.00229984032333055,0.00379739793359274,-873.770047970689
705,0.00218923347720789,0.0218865801796534,0.00476317080853981,0.00743815178842713,0.00685370248251308,0.0224475390391996,0.0157259949791356,0.0157356194888215,0.00235178790793093,0.00560899639965471,-875.880350289306
706,0.00403138940922888,0.0247722191254631,0.00103527057248609,0.00895325596154485,0.00706901431252633,0.0163371018948888,0.0112613235077938,0.00902467295640448,0.00449524285745397,0.00685778082300404,-880.492622628036
707,0.00394846508458021,0.0240389938869595,0.00163157914448945,0.0087361475369571,0.00697294131017501,0.0177550417409221,0.0216853094166291,0.0206039592796336,0.00261670455982953,0.00652622406966649,-875.600364973163
708,0.00309862426334403,0.0220799310063473,0.00235001949995243,0.0105134568429225,0.0105132387218992,0.00611665697418287,0.0144043972335006,0.0227388001014051,0.00146617523195626,0.00431589043659964,-872.105860291056
709,0.00578163467509135,0.0229669416739987,0.00405679679571179,0.0112915374461824,0.0110543604038875,0.0127347371989873,0.0165945565570454,0.0234388969499647,0.00188099515927125,0.00372887701841826,-871.572472801071
710,0.00200910179097942,0.0276867110919156,0.00401250531302851,0.00937628811715455,0.00968785771713952,0.0147372943778206,0.0185631795237612,0.0222600603144551,0.000822308773733196,0.00454786381524823,-874.294762570175
711,0.00406750242482595,0.0260680632518892,0.00121256384722728,0.012229613222177,0.013585179294955,0.0122911083726448,0.0191439859528436,0.0302546494965731,0.00221333918823618,0.00245466333740107,-873.848796866151
712,0.00282314738183142,0.0228760680939429,0.00535623987263613,0.0122868248388955,0.0129250745503158,0.01269005928887,0.0141656859104674,0.0207265915203372,0.00310378363465326,0.0042682314122582,-873.027670014467
713,0.00444880750934046,0.0181181456502204,0.00140930578962874,0.0143551730297848,0.0120269288640888,0.0113288966439815,0.0157521799928333,0.0203483725004726,0.00299068187709103,0.00591175954547437,-872.079040430661
714,0.00719187993921041,0.0203486289924689,0.00488334109348571,0.0161989615940826,0.00908477941939409,0.0107452528986107,0.0139054012561762,0.0167678524442124,0.00200437913966562,0.00279896954861324,-873.061865538229
715,0.00455518464623926,0.021537604595626,0.00378680398990957,0.0141973994470626,0.0104465243129397,0.0145673704765158,0.0168989582152851,0.0199829667512854,0.00253069348666595,0.0029975949197581,-871.122983549615
716,0.0049412179461293,0.021780406678433,0.00334416332339976,0.00548876283169534,0.00865573160092602,0.0150843565626186,0.0129017150222853,0.0280374871661973,0.00225550674549095,0.00327537097301122,-875.626212830207
717,0.00718013605483726,0.0252811732776667,0.00301865429756554,0.01643326757976,0.0101290518845036,0.0236557344180897,0.0130530758687,0.0290032993376527,0.00109995864860143,0.002247691438882,-881.039631798501
718,0.00798992333601754,0.0218809105723151,0.00330906744916488,0.0120657106439432,0.00796467994884753,0.0086943329425427,0.01933346077354,0.0289216584534602,0.00117884529801094,0.00517838720717853,-874.56673359632
719,0.00533304383913498,0.0252053062603005,0.00484908723346399,0.0137066711408057,0.0117768908254137,0.0101496627429842,0.016650442992405,0.0289765086458694,0.00147967907560071,0.00403722632091771,-872.377510833151
720,0.00541364690986569,0.021604268918791,0.0112263526298224,0.00142465900935631,0.00977681346894521,0.0160206972428631,0.0171807738423692,0.0207023159928491,0.00289222078690697,0.00382015806892625,-874.068634286771
721,0.00316842440658601,0.0267824845720606,0.00251552968915267,0.0207626134956519,0.0096891753102449,0.0162756008814785,0.0177793204089083,0.0218638713912007,0.0028218265563747,0.00442874398672383,-874.197351549729
722,0.00529291939640577,0.0217601424902245,0.00371189488978988,0.0165095822582641,0.00747360600342505,0.0112741104448157,0.0176996586021637,0.0269739925974726,0.00115665547135252,0.00594837128199591,-873.141219766264
723,0.00609424667208581,0.0203813458740803,0.00469383218120842,0.0139681284096943,0.00912509902695525,0.0137399143571752,0.0168004861685563,0.0313810479912135,0.00286754655822026,0.00444461540282244,-873.047986226446
724,0.00541368194590735,0.0252813412865748,0.00143129377375537,0.00780257731749619,0.0083129811166101,0.0103646087476377,0.0199595310693804,0.037273462331523,0.00238397476240318,0.00434398719706997,-874.213482329415
725,0.00552044765521153,0.0227511574938944,0.00809245848555353,0.0234121097712796,0.0101353315810789,0.00734303223904295,0.0204227159235877,0.0251446126896365,0.00223854504538823,0.00712055827043854,-876.644519680969
726,0.00290633404995111,0.0205202395276218,0.00581984398248639,0.00275015310211009,0.0116451821897104,0.00648142786477209,0.0177275117004609,0.0139373285295292,0.0011602376207856,0.00487484367964564,-876.173267426137
727,0.00352315373334116,0.0251182118851793,0.00790845251314094,0.00190507804938134,0.0125721490571337,0.0176510518655191,0.0170686135997129,0.0138862838183072,0.00290041218086308,0.00513466396445503,-875.782367045341
728,0.00626948762785048,0.028714993834713,0.0116152347906335,0.0015695701892983,0.00648797509904929,0.00749349735365288,0.0183097645679189,0.0188160784368331,0.00155612489827933,0.00511399127079061,-878.061038681776
729,0.00590773407663643,0.0228360639272653,0.00853543365457509,0.0012860740274329,0.00699536691799334,0.00873339928607935,0.0194201256434314,0.0159404113991564,0.00161336357480286,0.00421422857214647,-876.193255616515
730,0.00395029954386047,0.0264419169928177,0.00415921134903408,0.0208351245178927,0.00927937113870262,0.0148500893563704,0.0175731450370233,0.0247906576379428,0.00241773652025422,0.00526443383359633,-873.849294170191
731,0.00191063622186549,0.0251919023979377,0.00388677439402844,0.0198228324023204,0.00909453064723509,0.0137481481218159,0.0137647071128843,0.027978251934972,0.00192838542302062,0.00606276319437832,-874.566589280641
732,0.00713278266900751,0.0147362441592941,0.0077204884939624,0.0254888016014844,0.0102678217878613,0.0065694400410629,0.0136381070473424,0.0350600958086438,0.00174493298016297,0.00348507772878943,-880.611886551663
733,0.00267816905057723,0.0216070216938399,0.00246326295655761,0.00587004198173455,0.0140811231342133,0.0114213835977349,0.0231891112883482,0.0324942992545036,0.00138868081717775,0.00470824866328972,-876.036471130308
734,0.00301812853506859,0.0228203185037813,0.00464928426973189,0.00389009112872753,0.00617750364378369,0.0176323269070341,0.0202143771936064,0.0152006319900474,0.00252195246316967,0.00529475589685739,-876.490465705795
735,0.0039740678828645,0.0246641756948365,0.00345024041038766,0.00818197508827172,0.0115643781337666,0.00700562533314482,0.0147037791061637,0.0235301669774958,0.00285011336164274,0.00413004929792949,-872.471915396595
736,0.00333838190541806,0.0256818727417055,0.0031917579205985,0.0119278080762753,0.0101553778369318,0.0148821752050664,0.0243934019483079,0.0379869915885479,0.0015981402313461,0.00373737899727173,-874.661143364559
737,0.00357396244201063,0.0184204721193815,0.0023865544738827,0.0189309967484874,0.00914582266663007,0.0130626977563988,0.015433233734616,0.032103954477655,0.00228654225078132,0.00573570730791551,-873.232389063671
738,0.00808139468028199,0.0159491593934041,0.000851277621658017,0.0244663476279464,0.0105463954313512,0.0119385642875496,0.0177468886256445,0.0381522687384822,0.00110846987425558,0.00592563982585801,-877.460035821322
739,0.00554418351517301,0.0219935705682872,0.00545497107455905,0.0236607869417337,0.00769083527262043,0.00946773987989701,0.0191218747080954,0.0183331959740998,0.00131463317826648,0.00424810611278773,-876.138111166146
740,0.00482883031655794,0.0179772624240709,0.00590578128117968,0.0200596895603582,0.0140034484650497,0.0110677326068494,0.013994930203176,0.0196338480427605,0.00128000809528412,0.00349992894172921,-875.717285835774
741,0.00192218252267467,0.0183617479015938,0.00476765941968932,0.022014037440215,0.0135951711351199,0.0136816493786159,0.0161993188773844,0.0205306698926623,0.00463941989055535,0.00341997346899409,-877.70599521939
742,0.00860917096028863,0.0149671228211136,0.000320990907029785,0.0127676483648572,0.0112142529195227,0.0109932384637202,0.0158807528267394,0.0114037112257411,0.00136964614196108,0.00505407769129914,-877.188071958948
743,0.00359482317415683,0.0240883523899708,0.00257723314139311,0.0088206074368699,0.0115755510176161,0.00681679834709489,0.0152949561056611,0.0296915927024565,0.00154913398006171,0.00481105078291514,-872.338806013317
744,0.00443410224255644,0.0238639943303682,0.00309748467669561,0.00403690242302094,0.0113685894156402,0.00675740122217385,0.017570131240273,0.0253881635317931,0.0016277076570826,0.00586130372381284,-873.529090603484
745,0.00402140197222128,0.0263752398592883,0.00432071989166886,0.0215058466281492,0.00981707773117227,0.00877208719081521,0.0171425493769289,0.0207393669461025,0.003472716039339,0.00472124183040996,-874.340752082562
746,0.00528887628180674,0.0216028347468239,0.00789192231479748,0.0116088142307431,0.0072975967791756,0.0224547977575808,0.0177278163873473,0.0190343361722362,0.00182578540895502,0.00291427286492784,-876.595956194959
747,0.00586698860088121,0.0206338716341981,0.00217220188202614,0.00405578193738,0.00726044506522411,0.0259449490281637,0.020987963495524,0.0315530676904062,0.00273906678707169,0.00384073136827407,-879.571382714791
748,0.00533651590071589,0.0234619735172469,0.00392292706111142,0.0190895608187114,0.0104353141035485,0.00409830112617783,0.0151023374786597,0.00549760351447162,0.00170122525404652,0.0109029102719648,-880.02057994336
749,0.00205542715701353,0.0253453769205399,0.00572177226032442,0.00519381813809784,0.00868269223137995,0.0105775207553387,0.0170369919869857,0.0335329635591831,0.00228253840216265,0.0101057417050506,-876.610944669166
750,0.00158535673374859,0.0244546674537704,0.00340312952588244,0.0138254550874293,0.0123663412508322,0.00648360856362048,0.0169098584633379,0.0317592925565706,0.00202435241805911,0.00787858577945341,-874.109375192733
751,0.0113975973678147,0.0291792932053705,0.000896841514005486,0.00326730637368994,0.0114497499021528,0.0069198283960821,0.0190709616835957,0.0148249718098998,0.00213760270521895,0.00647466235567971,-881.194687714449
752,0.00103715466840069,0.0283738104567984,0.00152833817786249,0.00499136765458886,0.0110876778261989,0.0160103595680547,0.0181586837906447,0.00929026112400563,0.00203555000568629,0.00769633131652817,-878.655519124861
753,0.0101697192319875,0.0161550053726329,0.00375666850340657,0.0231419455249863,0.0112835118917786,0.0110180424759924,0.0145068423321774,0.0134781321528236,0.00285525505231108,0.00300219615987597,-876.928701860239
754,0.0021612394618688,0.0165506745152826,0.00242829242103253,0.0182930311310513,0.0114270220431124,0.0113328068665116,0.0161798211131773,0.0281218338409023,0.0020425404235463,0.01055817945664,-875.9053101303
755,0.00856105529872002,0.0202917426699412,0.000840621948240619,0.0179500925775966,0.0097622178825758,0.0178054048345483,0.0192775875599616,0.012456953160031,0.00182522398290974,0.00721311325704665,-877.436848054936
756,0.0081821177645974,0.0209293834774376,0.00798016244337095,0.0140486453512479,0.00959039720495492,0.0164170380106255,0.013393124842402,0.00700830397245456,0.00338796253185364,0.00713127506473822,-879.45331228972
757,0.00425980233862119,0.0250168915769889,0.00348193823446417,0.00502829419125509,0.00811043302326589,0.0106550917748948,0.0161497788018889,0.0111830483637715,0.00133149164082507,0.0103212443834664,-875.009229569561
758,0.00293946825464509,0.0224715999512449,0.00317018163938775,0.00870924676894307,0.0113277319511395,0.0115185054972178,0.0141325917230743,0.0245136273099742,0.00156379790917874,0.00149184057985232,-873.612884955073
759,0.00570298205818559,0.0212549106786615,0.00422310365498499,0.0097152319830071,0.00882938764919733,0.0114535232638732,0.022123188341321,0.0258928595923983,0.00211470416821792,0.00485206524976348,-873.3307705913
760,0.0049873787806402,0.0230428526359327,0.00564267320359997,0.018628423422844,0.0100077700055588,0.00965410083385336,0.0192652617566794,0.0267514875344119,0.00188872420670722,0.00742166383635951,-873.378178495724
761,0.00591964200443174,0.0258573178910289,0.00149516921319118,0.0148999095101424,0.01227626583324,0.00964011719388101,0.0143835189983131,0.022428498595206,0.00406915961461359,0.00435733151225615,-873.928306742217
762,0.00196593671352037,0.0220264543622074,0.00519964516582516,0.0195641827586434,0.00852291859994777,0.0116325675120188,0.0189314025981759,0.0272995723792173,0.00530900421306913,0.00581006958049611,-876.995641735754
763,0.00625805447741358,0.0205475076783153,0.000682881426418926,0.0220577970130341,0.00915894711850724,0.0117137975438452,0.0188771379817226,0.0239806640785753,0.00482548323805715,0.00578439649380217,-875.867736636713
764,0.00465234673537208,0.019662076650282,0.00627054295099362,0.0117167729688545,0.01025148861035,0.00887804141802572,0.020611863337808,0.0236644985444694,0.00496316489689694,0.00254004687873586,-875.573777144448
765,0.00411736777133415,0.021098283219476,0.000989370796402113,0.0184509663550007,0.00783863773052839,0.0100200427692448,0.0120053214354371,0.0225985137759848,0.00535122700146366,0.00494957530040598,-876.798383342534
766,0.00648577832721119,0.0175120261925798,0.00202572216672432,0.017379737528417,0.0131661118771586,0.00822507071689942,0.0121650973427503,0.0263851978025604,0.00495606386426537,0.00185305103230873,-878.224015174822
767,0.00629831910310687,0.0256760563930371,0.00232214496087356,0.0184626303705829,0.0083796366417936,0.0167947183238382,0.0151566456358209,0.0257666879520321,0.00393873694366432,0.00214694037147682,-875.917572497213
768,0.00235422524216185,0.0175606620230188,0.00383705743148114,0.0112047284446184,0.00743992568530537,0.0167683881233986,0.0189293666620181,0.0241215839538475,0.00400214494171036,0.00758363455138821,-876.816285785753
769,0.00927548924709334,0.0153289662885345,0.00143919143511457,0.0283089862074039,0.0072843059376893,0.00648990812936095,0.0219551272107129,0.0241200174309978,0.0024169563353346,0.002989669944425,-881.125386307999
770,0.00324042646626779,0.0191953262518432,0.0027745908157423,0.0072217537574671,0.011223360949021,0.0160525770795462,0.02068474222019,0.0270259521163758,0.00346966105338585,0.00342184404994175,-874.853356378178
771,0.0025210175808256,0.021689765351826,0.00479157337601957,0.0110696917225095,0.0101547707026091,0.00894703916691534,0.0212416183809921,0.0278584539817279,0.00235299092439637,0.00287703227121135,-872.456530785886
772,0.00215033434373374,0.0256884362550533,0.00910414537224791,0.00222361370151837,0.0114243473982691,0.0134984032981656,0.0172392018405488,0.015716169795407,0.00307381934837594,0.00312312647253375,-874.607720315329
773,0.0033084912966402,0.0253884083232677,0.0109475862937923,0.00248219432087742,0.0142054297473942,0.00898634375211981,0.0158410894487842,0.0336675473564262,0.00251841448868382,0.00633980824143071,-876.115798893212
774,0.00246453691527789,0.0245698805871245,0.0119260055397477,0.0159891417732019,0.0117265435179349,0.00939711747682916,0.01489328980402,0.0179979460107517,0.00284843973136386,0.00594926969498379,-876.296244767611
775,0.00533511306399299,0.0215023201408404,0.0106584073167775,0.00293807722173354,0.0101535065391575,0.018324450394236,0.0158076218069468,0.016986526839999,0.00194367518060017,0.0021126955165245,-875.356769862046
776,0.00404954611155144,0.0216633177145667,0.00597587984957599,0.017645616184055,0.00925668581380027,0.0177201382921779,0.016127088770129,0.0121813368280191,0.00476880251118472,0.00524049339034994,-876.946964156753
777,0.00332611328274506,0.0215825971335394,0.00124825178676922,0.0168876894942594,0.011157491848853,0.0112213475993756,0.0175112405704912,0.0292521308188925,0.00434236550462706,0.00148865621817028,-874.492449863115
778,0.00425692824008776,0.0193168076946121,0.00363264664499091,0.0168697611193393,0.0117501963229218,0.0106451153609922,0.0224711918721692,0.0260961211655102,0.00171288670393804,0.0110182156397693,-875.95686799088
779,0.0128723966828108,0.0154862189439895,0.000884942156234107,0.0146156527275127,0.0118636885252453,0.00931591221235832,0.0218838047007491,0.0313999169082283,0.00107907539789923,0.00654166005957677,-878.739175351305
780,0.00345113614651721,0.0304941766993698,0.00340317351722617,0.00705767406667175,0.00968485331566886,0.0164252505908704,0.0170906310583493,0.0114079740929309,0.00106304490775005,0.00601035489817099,-876.093360721114
781,0.00306440003376917,0.0261973032342762,0.00763695034828369,0.00897683749478354,0.00911946811342405,0.0144117062391109,0.0179179575303149,0.0283671057427983,0.00247847029150223,0.00953270490774368,-875.909398979482
782,0.00421872038307586,0.0251860529609927,0.00157504570753218,0.00942453632208684,0.0125475342396966,0.0123807494468797,0.0170891354754687,0.0262299264939054,0.00141504829107548,0.00868565495355223,-873.754983593686
783,0.00512794924670264,0.0252554790850726,0.00317454057717657,0.0119482363101355,0.00792086307266674,0.018328442170464,0.0167324228945594,0.0349044488153834,0.0013750292039249,0.00371677437657077,-875.35597259362
784,0.00238289024574699,0.0249951838262661,0.00304238789879825,0.0124611723082893,0.0116392824630112,0.0135057038334608,0.0202779480733542,0.0382080954901565,0.00416547462009286,0.00390205597435942,-875.580209281089
785,0.00379490055765827,0.0301330843904756,0.00524093061426722,0.00522137825283602,0.0141858502816144,0.0111231148472001,0.0192743603355518,0.0359471461206916,0.00294075631813845,0.00351182060695578,-876.725823708663
786,0.00355620267660437,0.0274363583542947,0.0119727221838506,0.00806830321381491,0.0127681432680328,0.00586735195689062,0.0228804522404402,0.0259299885542843,0.00108848696416388,0.00375078783643048,-877.303368443998
787,0.00256905293388164,0.0210701219159628,0.0109159082572048,0.0142725780972779,0.00935247118149408,0.00868720514579186,0.0219992615021073,0.0342889283485552,0.00262941526454561,0.00655091436165367,-876.133617201498
788,0.00405289657958706,0.0208766555008496,0.00123803038729013,0.0111204254950612,0.00911204943079621,0.00767614607583592,0.0191438811286239,0.014079871022371,0.00352925120671226,0.00454236198826309,-874.214887893195
789,0.00495350798032414,0.0231502479691378,0.00656351947409097,0.000995819273659932,0.00946392344144303,0.017543385907735,0.0202286818501377,0.018628072778524,0.000884590148135971,0.00872894116387821,-877.035002757829
790,0.00488806245858887,0.0282914153052894,0.00486481745212586,0.0104574941809922,0.0118705880526748,0.00928240479838095,0.0162522960571894,0.0275697347502172,0.00178608526460584,0.00240759164323351,-873.24441884414
791,0.00204395758732576,0.0225112424816279,0.00330802306379865,0.0189528866742917,0.00917827980441098,0.00727792519761975,0.0171449690584605,0.0321543821451397,0.00281056577636796,0.00802190528766032,-874.715397106944
792,0.00609134728321891,0.0178905501492855,0.00231984201411318,0.0168306006482956,0.0103628717700876,0.0104999046207708,0.0189877059673221,0.0122380163147648,0.00363729371732852,0.00341155793379015,-874.999289402142
793,0.00540718373777018,0.0178636459117056,0.00326446003967132,0.00849787804155746,0.0106973461814261,0.0138672913528065,0.0184457340630449,0.0369863817110237,0.00355737104276118,0.00453558115079994,-875.820672818304
794,0.00738578400616977,0.0222288645051131,0.00077998540527504,0.0184172928499645,0.00817989158472061,0.00708361018635872,0.0204815299535123,0.0192998303291476,0.00123516151136203,0.00469871958059752,-876.175474279088
795,0.00375928363499114,0.022637932862155,0.00363306034357977,0.0161345679662975,0.0125360151724913,0.00978334470291967,0.0156564659497005,0.0182829408535303,0.00329309994131189,0.00778223182642223,-873.577906341406
796,0.00247734122936289,0.0219047336169115,0.00209970556670685,0.0107497807800082,0.00912111954226757,0.0101356108405798,0.0142803106433974,0.0245770547243942,0.00102877089606025,0.00934068255034098,-873.769736810509
797,0.00510986965088843,0.0218490908026918,0.00529565071783859,0.0203109931994804,0.00939003311883682,0.00878685607853697,0.0117269550173845,0.0310116715285709,0.00188847471718968,0.00586122933909773,-876.130883485635
798,0.00221665055702213,0.0202101934406476,0.00198523816122606,0.0196826802913188,0.010908644960597,0.00728876023946485,0.0151228373385981,0.0371104094956588,0.00220078355954458,0.0042573875277997,-875.160410487473
799,0.00508564404685856,0.0186548632759395,0.00228447337845146,0.00900252218426239,0.0109271640213241,0.0105742370768653,0.0216503913930698,0.0350805703261126,0.00302990765459012,0.00280357840251149,-874.639444429245
800,0.00758004755300489,0.0243651631205491,0.00291517018391812,0.0112813689082847,0.00892369452022547,0.00918461336238288,0.0171354219913862,0.0345860375675998,0.00206997461553369,0.00180010386113689,-875.502148691762
801,0.00550732925715495,0.0254058852259637,0.00315711227245514,0.0086774143544274,0.0117149567416579,0.00945981505614748,0.0188523630695254,0.033423361011927,0.00295683685033005,0.00379658531992459,-873.243723044958
802,0.00423571436320112,0.0258421293902736,0.00271455513748495,0.00900851757061958,0.011467891885121,0.00854724157036027,0.0230286878071338,0.0354566988133811,0.00160581776247408,0.00733569555724531,-873.890028877377
803,0.00295780948176861,0.0238525856600227,0.00623505272486598,0.00782535404023527,0.0111271741367779,0.0113559857098452,0.0201299933396614,0.0337449831540117,0.00191854493661399,0.00747122978414884,-873.780934554267
804,0.00298563714816466,0.0217324653773131,0.0041187750720778,0.0123262837946477,0.00861853349200653,0.0107814410511778,0.0189106007182478,0.0321749143729917,0.00160846295442301,0.00289740537953293,-872.197648919454
805,0.00253374850594892,0.0197444655238413,0.00111531310705007,0.018292892573831,0.0096869072707987,0.00977589409407885,0.017443585120253,0.0267015828846974,0.0016309031026355,0.00615286833976243,-871.789003870811
806,0.00555631808612412,0.0196295265461511,0.000839361872685152,0.0120930983923672,0.0106200056727166,0.00832100883119197,0.014530967262119,0.00668402399423799,0.00197922282409743,0.00615093677050205,-875.435314073995
807,0.00333207244668453,0.0212258416675745,0.00293243611572634,0.0142692235337453,0.0109499802763347,0.0133078259678563,0.0149594804435556,0.0055489879897016,0.00181442778187641,0.00475345890668963,-874.153566048716
808,0.00440153501939493,0.0235011866827031,0.00363556228852982,0.00580053901550898,0.00948663735540718,0.0105392415674464,0.013009839689119,0.0130643841558401,0.00196774666664645,0.00372468256433779,-873.802271593134
809,0.00356561356392914,0.0244768219288646,0.00183503126412587,0.0194930292191612,0.00815840012123631,0.0144433179200639,0.0129200637823612,0.0141443565945404,0.00153964808811081,0.00321416187804876,-874.009852919694
810,0.00317566216322816,0.0218672155383011,0.00609323182247591,0.0246050623149247,0.0085861778300983,0.0104892050546391,0.014884474686412,0.0114222128699598,0.00397117722291881,0.0026190577531746,-877.140579510062
811,0.00661520852450004,0.0217972632904496,0.00552855761497767,0.0182530025485448,0.00854221065352869,0.00922735485343788,0.0186503801725974,0.0203276377324608,0.00209873857933424,0.00266816920313728,-873.794056816886
812,0.00487396389817234,0.0187236539467603,0.00297160779098373,0.0107702752053886,0.00817238385788542,0.0222217003104282,0.0129450785750948,0.0127411531813586,0.00308877696667248,0.00378554794715455,-876.115174971399
813,0.00899117195637475,0.0186846232597162,0.00712700737936423,0.0140903413812356,0.0101592007156811,0.0109435803238067,0.0142595193690189,0.00835107481744178,0.0017079988090385,0.00964112787603996,-878.287838267101
814,0.00743045501164419,0.0185833405644256,0.00751330492731554,0.00714054150716,0.00870855131751995,0.0130710513985716,0.0165588704378194,0.0278325685031618,0.00272839046683393,0.00884073495141406,-876.902360204124
815,0.00507726988937053,0.0271265657193674,0.00614374642549904,0.00740659803809482,0.010121726309196,0.0137195390620907,0.0180929300991968,0.017260102087325,0.00194524669069724,0.00188232202150026,-874.137118334412
816,0.00756261497201979,0.0226334295789582,0.00642124992453059,0.0200203882069094,0.0105122206384239,0.0130319795911495,0.0198781050935866,0.0324370669909332,0.00263102401934144,0.00312621349772419,-875.823544509951
817,0.00450321914681718,0.0259724080853641,2.85385957628499e-05,0.0139758051697855,0.00941487785521091,0.010148206358452,0.0174421256482924,0.0218358525099027,0.00145068669001661,0.00777910949670239,-873.793421947874
818,0.0032517836557634,0.0294965899360212,0.00655783243218279,0.00665193398755681,0.00992465115468433,0.00941577511511011,0.0174266717916114,0.0372436910878622,0.00144145831308608,0.00472485249242303,-875.151356462588
819,0.00256381639144459,0.0242961741290336,0.00190786119483598,0.00316097357584517,0.00990000951475569,0.0102854902924793,0.0248078668118488,0.0234982543450791,0.00138617310700256,0.00657455501905361,-876.193070902557
820,0.00301451890458144,0.0252223454151855,0.00170264424956487,0.000302908052651846,0.0126065041217828,0.0103209501487305,0.0182473707031685,0.0151210706582926,0.00438780641646074,0.00333019284820359,-877.485115324241
821,0.00337751213343912,0.0256034131980128,0.00677847898138236,0.00100271065345965,0.0122928693288025,0.0100852942511985,0.0169257055346952,0.0266880093244935,0.00174768903983553,0.00380924327009568,-873.306619615263
822,0.00685679188072439,0.023681205581229,0.00675069760873302,0.0196993456014588,0.0135215672790973,0.0118603551638094,0.0167513703216429,0.0174605870467533,0.00212796771382362,0.00464629783808031,-876.347286116006
823,0.00437363163524756,0.0219413004153609,0.00244869042803879,0.0222485425067213,0.0135095396356082,0.012595992780358,0.0146171678444419,0.0172180685739564,0.00356631444039453,0.00207109484993758,-875.482191065104
824,0.00253816567576903,0.0203464754055588,0.00163690390479537,0.019897516414293,0.00993929844310534,0.0164009022039474,0.0146862456314597,0.0226712378370324,0.0023287443142824,0.00269466363467561,-872.982284171613
825,0.00452508105763337,0.0233727961843331,0.00118081836664459,0.0168462765240442,0.0116228040512223,0.00584986188332738,0.0151488808895486,0.0236151886200334,0.0013638719456251,0.00620283782874973,-872.47402648078
826,0.00352777389094849,0.0188575494317474,0.00764421282062654,0.0212225567954598,0.0136252781152829,0.00687441731141015,0.01535470994645,0.024945985713768,0.00128348992911836,0.00570633318305326,-875.110046994389
827,0.00493459019646538,0.0217529323021133,0.00846527395913505,0.00598515654471852,0.00848437216154696,0.00999497080220534,0.0192947463845352,0.0161784476236629,0.00286460461609289,0.00894823183269427,-875.632182024445
828,0.0025355958018451,0.0255053371254261,0.00623290052910916,0.0082649512987886,0.0121453292823106,0.00845732159357157,0.014633646044959,0.0287847218219936,0.00229215403307543,0.00658044139016142,-873.708361597034
829,0.00844756288921021,0.0165400398170438,0.00077641481460549,0.0210901248107619,0.0103800698510027,0.0108524130664825,0.0193904969052685,0.0255039827412803,0.00313683998368222,0.00633301183952567,-874.493397465614
830,0.00454864723209573,0.0223544191504215,0.000458830636960752,0.00947627079774159,0.0102214167236384,0.0132717444736438,0.0156818202593363,0.0245055905448189,0.00272431920526482,0.00390813222269547,-872.272419277459
831,0.00550992869252126,0.0278053254901668,0.00143235650758218,0.0122037994732573,0.0100920669502213,0.0118884624883198,0.0133234898241465,0.0207562064323806,0.00244788046352576,0.00412502137669947,-872.526768711712
832,0.00446225324236344,0.0222781045813978,0.000373318756609567,0.019329007512036,0.0128477476445027,0.0112639467631972,0.0111807042798169,0.0259904719237615,0.00231071312269031,0.00604193074895393,-875.935483039542
833,0.00580601432088656,0.0246979571765145,0.00284120886078954,0.014888124875426,0.012227215412313,0.0122684765683814,0.0175906444258218,0.0242883807320372,0.00383378170540442,0.00512236470895665,-873.657022264412
834,0.00176698465380697,0.0238781289070912,0.00666503890183408,0.00969181716911998,0.00869674209354504,0.0147396772841787,0.0198548687202776,0.0127276587641221,0.00275666809206761,0.00570682545217917,-875.421546762326
835,0.00268139335677868,0.0231967756454072,0.00205929652571285,0.0213865735671092,0.007302498826889,0.00819724918344851,0.0196043125546564,0.0257281585847305,0.00250918630667636,0.00341763438795057,-874.498464718991
836,0.00328778287320491,0.0209994048828422,0.00344369861158172,0.00499420232679319,0.0121381414813823,0.0125048322785921,0.017290706261184,0.0316786836045345,0.00276781185511373,0.0074048583017958,-875.337516698349
837,0.00407508067140751,0.0234051077974317,0.00604091680842006,0.00787493373781373,0.0104056335080182,0.0129351387130376,0.0196235701363231,0.0226083489698666,0.0018394457075574,0.00741837728767089,-873.251989721696
838,0.00481786816194575,0.0273715045074867,0.00613484074991404,0.0134376625872824,0.00740712153013174,0.00688545952156799,0.0222596902084335,0.0238426846924436,0.00295497546621143,0.00736643917286675,-878.248885116986
839,0.00242483172592082,0.0192721652486861,0.0040679132809905,0.0177057772539124,0.0102682777047743,0.0175612944617731,0.0147694390388408,0.0281741758916578,0.000624863175407209,0.00786136215626635,-876.664686226774
840,0.00649149365576226,0.0188482450738114,0.00109564725283201,0.0192997350820576,0.0112130515756748,0.00630962109940942,0.0209989586824038,0.0267945534099674,0.00185078941168077,0.00660986944160584,-874.146395793754
841,0.00433670830116002,0.0211093097600792,0.00296149970476603,0.00907718381978016,0.0106914382188186,0.0145217557553082,0.0143987791875863,0.0108648360367247,0.00246084578810422,0.00435990415384749,-873.01387160899
842,0.00272159837124932,0.0208174864730987,0.00762603015834957,0.00387852373852237,0.0102783441745685,0.0152572897891158,0.0178499974746068,0.023551642824864,0.0017157947009715,0.00423303247449419,-874.112604242914
843,0.00244383327178284,0.0230075636986045,0.0031196305397463,0.0172379251595048,0.00983692955536681,0.00952710297641008,0.0163157851919347,0.021261887466074,0.00156047222771826,0.00439405550516623,-870.836263241564
844,0.00514388618507329,0.0229544056054941,0.00376924235796462,0.0141755159908071,0.0102591524181832,0.0100701489042618,0.01697471590241,0.0244614193223751,0.00364095353184205,0.00342792964043987,-871.605347253891
845,0.003141697667032,0.0209764937664361,0.00053093058817611,0.0128832847851906,0.00901698265272094,0.0120533395092744,0.0124731032766569,0.0127853120665039,0.00248311124685127,0.0045913373224215,-873.28571517896
846,0.00642576052000772,0.0226571373367223,0.00783792288737891,0.000523858135218373,0.00948492562156589,0.0149043188075926,0.0231672779967816,0.0149898078836725,0.00272642321812681,0.00253616618910914,-877.571518467935
847,0.00308980689604602,0.0269135253552068,0.00759557572778182,0.00589940168856571,0.00908813069918976,0.0182132018247058,0.0173669198325262,0.0404374220106243,0.00333071790947113,0.00678667819399516,-879.303875838565
848,0.00184855413629944,0.0182791071199303,0.00625387926605966,0.00774877246827886,0.00712358751130524,0.0169729201907024,0.0197390956171539,0.0270556496541964,0.00144630508357661,0.00879494582412075,-878.568707206595
849,0.00673560239529987,0.0183255269465499,0.010476175101395,0.015718127638526,0.014420343970865,0.0210689498772017,0.0229771041878508,0.0352788877911915,0.00169023937158473,0.00892700497577437,-885.640195618352
850,0.00821115764901159,0.0165573986638151,0.00721517619808952,0.0166221800449658,0.0124824834201938,0.016667221755911,0.0132159017897627,0.0038751409560671,0.0035916581143996,0.00696597851180413,-882.652209351373
851,0.00578048296896815,0.0194032169921958,0.0017893187398051,0.0121370126032158,0.00916626534791719,0.0176322547545499,0.0170447985656008,0.00594565751820913,0.00176959121531865,0.00567819744201253,-875.504335238941
852,0.00558989753183592,0.0161472410056995,0.00861779379494613,0.010920156324665,0.0122252296863896,0.0146449551024593,0.017557597712389,0.0407274210464284,0.0021907648246855,0.00350055062880525,-879.491760834391
853,0.00450133044415536,0.0196179726146553,0.00217309636395482,0.00922261996638019,0.00902157346526085,0.0135889401081927,0.0188385150199798,0.0252955131858292,0.00360318054409379,0.00226591393633016,-872.99218767527
854,0.00307265400017625,0.0212858344276028,0.00252780736931602,0.013499440826508,0.00766610890748793,0.0162061204624135,0.0187241049595707,0.0197358146084359,0.00412598507757951,0.00319577573350406,-873.581355905732
855,0.00420957947707761,0.021817186857821,0.00256313229864066,0.015341370295555,0.00886067684414731,0.00798001511682658,0.0177068227418099,0.0231617703770365,0.00399393135559688,0.00295504869928732,-872.405228092401
856,0.00421987566668258,0.0222486813008947,0.00151443929626352,0.0129716357094695,0.0099044786818016,0.00884954360586206,0.0132761067989044,0.0147563232582563,0.00250221573085546,0.00324267310531799,-871.838556558204
857,0.00337965668350611,0.0224079025653067,0.0044918071915345,0.0141052396464665,0.0094592397466244,0.00902268921264092,0.0143340810333135,0.0150238037748625,0.00239083051865008,0.00903563000479115,-873.511533434145
858,0.00431259207605451,0.0208859493818417,0.00272093939512519,0.0110885489321652,0.00951978677282313,0.0153233931625433,0.0182674663663634,0.0306067381513158,0.00185114292377906,0.00848552438040064,-873.418561078608
859,0.00305301872395972,0.0239632246879642,0.00115246795098877,0.0113407657106291,0.010102774617749,0.0135805889658267,0.0207072927400355,0.021579870603365,0.0018748709112629,0.00662418340768692,-872.614048268428
860,0.00140012264430782,0.0227840183762117,0.00525886980807599,0.0102373776295287,0.0109102351240367,0.0135160942209518,0.0155168196879985,0.0215515773049769,0.00190272382391634,0.00288163061779782,-872.986324382311
861,0.00465945386053224,0.0231063198553338,0.00865891595300224,0.00794176138117191,0.00842152147510956,0.0110493937534383,0.0178721807545768,0.0242892985656576,0.00223627550939034,0.00491132583895058,-873.356004434878
862,0.00433468717296628,0.0176375829324711,0.00208277915439951,0.0241692872048354,0.00987540876543884,0.00997004025656501,0.0189509012833045,0.0243654074009794,0.0030722149557613,0.00272744637392789,-873.931521286738
863,0.00472619428205028,0.0180293851476871,0.00525455982326301,0.0105311902856224,0.00879789684988736,0.00965340418485839,0.0146224050936727,0.016733460486082,0.00297219731130696,0.00458261601981089,-873.214193863491
864,0.00476160297243399,0.0189573041201015,0.00449990816652093,0.00891530919865036,0.00868289738236691,0.0168336519517378,0.0184790516449791,0.0260764887469841,0.00326260629168315,0.00376388445058114,-873.685618225028
865,0.00576917196762163,0.0170385204346424,0.00628113336687674,0.0135657220250527,0.0105604554602909,0.0162960392742383,0.0165003835897952,0.0234111998694748,0.0025285794098931,0.00424968461659894,-873.666542807487
866,0.00685435830602295,0.0187451170206653,0.00386465379338223,0.0140075989581466,0.0103795249719552,0.0102182157827628,0.0115330853889664,0.0183892738922139,0.001228256422161,0.00360724179951877,-874.355386334266
867,0.00698822125603644,0.0228567109297974,0.000565941951251952,0.0185285270255867,0.0137692268151559,0.00930543656816581,0.0219117198238573,0.0363981354849774,0.00284878290514594,0.0041288041359939,-876.81324541235
868,0.00756894876618971,0.0159398505299242,0.00207596463135951,0.0168743719563461,0.00847613827703873,0.00828490757795602,0.0226846906102545,0.0246018856082246,0.00176297486291932,0.00448916133253754,-875.326824644039
869,0.0102438082911842,0.0292356215580704,0.0046972104772519,0.00259876191008994,0.012738995863303,0.00721821363912641,0.0217810853056915,0.0285401895736436,0.00105210032405884,0.00740496744375638,-879.722011705921
870,0.00217537175213482,0.0211798884529191,0.0127107693367965,0.00269485820161041,0.0114361289808685,0.00955645140839605,0.0175137457282022,0.0280440950371283,0.00290850145267484,0.00659374764236027,-874.906973780447
871,0.00579343611125097,0.0291658619216115,0.00215898518599763,0.0135958420545729,0.0091104931278394,0.0106850707995652,0.0207025704157188,0.0344559784824908,0.00133094669599039,0.00860326605117881,-876.196185061998
872,0.00345064821797194,0.0224631412894956,0.0015093276352138,0.0122297947541195,0.0125280925044135,0.0100533241637691,0.0205210702616682,0.0278232916195314,0.00125454573903628,0.0014527920393518,-874.666814978266
873,0.00231135827226999,0.0249271925465254,0.00211035864975175,0.0128271474227917,0.0117836389714949,0.00974316803864252,0.0195485834523079,0.0245049279045796,0.0039528048281122,0.00648241116215845,-873.856081814312
874,0.0015099841759239,0.0248082432856898,0.00261794125338608,0.0198112144129064,0.0103989941624819,0.00696611252306773,0.0142232529619122,0.0242727895722482,0.00298400013260864,0.00920348509342627,-876.105580960607
875,0.00863603176637271,0.0250103503807939,0.00215351078952681,0.0112188484650233,0.0102717897214869,0.00486028799473128,0.01794977650154,0.0150840937708237,0.00281877766156968,0.0088751427591899,-877.966206385971
876,0.00672695411588604,0.0179178386930487,0.0023497999325769,0.0146118769479152,0.00956557162222361,0.0185935465685422,0.0169226030792258,0.0146223096754174,0.00363018489934552,0.00437896481785915,-874.425570000725
877,0.00748913458134682,0.0180340785091813,0.00252309449451429,0.0168548842121485,0.0115275279775121,0.0132016617646411,0.0165012563836876,0.033705587529516,0.00421016138629856,0.00261943364086518,-875.767695758765
878,0.00293240187847215,0.0152395244366337,0.00275937724487566,0.0158686397778668,0.0101465443580507,0.0168036350679911,0.0197417882862609,0.0171431643167387,0.00307249551437661,0.00668594577164968,-876.212558573147
879,0.00398181607029999,0.0215236342829377,0.00148308813897606,0.00674686275398228,0.00727189770061733,0.0169428872437969,0.0136042099895414,0.0140922382391765,0.00344407614044916,0.00442914168045502,-875.366884586322
880,0.00308124686644513,0.0237930554999273,0.00237835746369351,0.0196663606254409,0.0109331373812651,0.0139941010131509,0.0148319322918126,0.0144781605484045,0.00253471515983773,0.0032770196530096,-872.809189359292
881,0.0031352238536445,0.0272340148356119,0.00449342228351941,0.0168803886976222,0.00888331352737617,0.0107959176096282,0.0145490233516022,0.023263438746324,0.0033426327303365,0.00355478276802308,-873.016189248807
882,0.00317296098102234,0.0171188397299133,0.00660254172213409,0.0177504181752258,0.00876814507204414,0.00899719960907398,0.0165381503566051,0.0192850396130503,0.00167797249309858,0.00645610306899767,-874.179689871485
883,0.00612519195670015,0.015759994606848,0.00208877732066333,0.00746212118504328,0.010445401778264,0.010016119642675,0.0174015941996628,0.0246123798202113,0.00136901417102582,0.00443002816851272,-875.441125553506
884,0.00972388626829722,0.0215962629758186,0.00237741978029202,0.0103695538943417,0.0101795037955638,0.0131638767657609,0.0200023755580507,0.0216289860412348,0.0020639352289302,0.0041590435378482,-874.460656201336
885,0.00474320538498307,0.0247687631353138,0.00238152527030886,0.0169744108225776,0.0143620597082757,0.0138602838790129,0.0153618776463964,0.0219004734414644,0.00216259015048498,0.00208242771055542,-874.480147091625
886,0.00449523014814506,0.0188031190105814,0.0023790854723661,0.0166301285622764,0.0110176702705849,0.0124710205971759,0.0155537289286958,0.0209178140820007,0.00235242526279843,0.00441204671546024,-871.01179450758
887,0.0118852116382897,0.0197456115090539,0.00523287496884091,0.0130218594050488,0.00845051608812697,0.0121727911511548,0.0157912716736817,0.0243919456640863,0.0017027400432703,0.00461837425189889,-875.754430974239
888,0.00151016577879948,0.0196102980643649,0.00618401893417434,0.0164761284567314,0.0116836675541237,0.00912516382532522,0.0153944546238029,0.0208694574340454,0.000868181313902268,0.00341145649852935,-874.807419707771
889,0.00367144907159551,0.0238524333786629,0.00637091200491005,0.0133085879461656,0.00858945227848351,0.0114046491495336,0.0191393571711951,0.0450310641569354,0.0032273492683402,0.0020974735357939,-877.236730831589
890,0.00602440215964839,0.0159386419816903,0.00579074326959009,0.0173132991942382,0.0102548001440593,0.0139456503978087,0.0197623844313293,0.0455829612193912,0.00337841870952624,0.00647874294379532,-879.018539868923
891,0.00555754973444647,0.0188420112463099,0.00686990210399146,0.0113250951371444,0.0100742827955779,0.0105419044720826,0.0201598836569106,0.028296174904357,0.000791416245960133,0.00870534542176771,-875.99338309146
892,0.00535351210894462,0.0249176247100711,0.00267785269650798,0.0170114956805505,0.0099251027327165,0.00941834478927113,0.0150428697882801,0.0294922550462461,0.00225759968840414,0.00865225435254058,-874.026754211953
893,0.00245307234805548,0.0258417213426811,0.0075769927710561,0.0180642376236097,0.0109598056148885,0.00676631846391757,0.0222389490325362,0.030439056404057,0.00147980677437044,0.00847961368119085,-876.496799085659
894,0.00391278738957448,0.0226605967535351,0.00112220085985521,0.0149728644105356,0.0116602742578326,0.00553918016377298,0.0134199855325387,0.0297634232511798,0.0028566687641283,0.00453473385717595,-873.990787703271
895,0.00525629841116539,0.0212216862802715,0.000694885807016583,0.0163189598267005,0.0131206625043892,0.01370972327388,0.0218298039173766,0.01466184879875,0.00198175128205813,0.00457506214855314,-876.882232677537
896,0.00468513682954568,0.0214797950128336,0.00306569608777368,0.0163365389342675,0.00663533586415009,0.0132233635373388,0.0214221253204567,0.0421717909880552,0.00240172337846113,0.00307399772799172,-876.499299159596
897,0.00307895499323678,0.0206339032577261,0.00435412734864666,0.00570270579883937,0.0122904832119514,0.00688390903683414,0.0227537297164719,0.030448940584683,0.00223692659149173,0.00910305576612621,-875.599205348545
898,0.00538599993343519,0.0225671696869895,0.00310647705897196,0.0143443894260433,0.0130966050129093,0.0159952252116083,0.0138750860459632,0.0307034045499403,0.00300627895567026,0.00550993131041028,-876.019693356853
899,0.00207846476116621,0.0231345836703648,0.00285732811786587,0.0142804612025593,0.0126728811534864,0.00271559870742861,0.019797008297382,0.0296594435126361,0.00129773931667743,0.00537154948173366,-876.284802247885
900,0.00284084805527884,0.0194636581464182,0.00342320789316188,0.00847194210798575,0.0118989307603428,0.0200486882262881,0.0179787853279213,0.0178297156241021,0.00232771160041279,0.00320388463799328,-875.000550874424
901,0.00369458384252958,0.0250727749984112,0.00883224882804261,0.0156339639239005,0.00902970643740347,0.01892881590229,0.0185961583909295,0.0357747009984009,0.00295722765245301,0.00640803929074654,-878.100196912459
902,0.00306750158630339,0.0192225658606946,0.00980868841861283,0.0134567601358623,0.00881421193614261,0.0167040970592229,0.017729082645477,0.0322718144920053,0.00125739392504851,0.00571403332475894,-876.427650172693
903,0.00290025066972486,0.0243555856018251,0.00691765441927815,0.0088615777571509,0.00902384701582666,0.0192470123300461,0.0205927459002837,0.0179737530914445,0.00177394842634898,0.00639253419067379,-875.250809728406
904,0.00554508567863429,0.0220458379736336,0.000359295109260479,0.00302709545617892,0.0110047657880542,0.00822090956043057,0.0190511111205148,0.0233825354499822,0.00154650699832634,0.0104030836698163,-877.870724051682
905,0.00960237101564837,0.0204184568346802,0.0111102168278087,0.0124451366099911,0.013924804247069,0.00658942593240134,0.0219772899984931,0.0394254377163042,0.00131123742844776,0.0105882043179295,-883.116069227494
906,0.00865804398467281,0.0160931294493162,0.0050727549235223,0.0239742192183891,0.00725661598561345,0.00784838679537338,0.0221936748820008,0.0245089350053166,0.00265673793256619,0.00112946803781503,-880.751419105293
907,0.00732536058875734,0.0143710194084698,0.00622246177216295,0.019066982906304,0.0114642726082079,0.0208715113912232,0.0199983422453803,0.0250635048377594,0.00271217069167985,0.00695233052230913,-879.096050115929
908,0.00670183928331867,0.0198493090072888,0.00370687147618837,0.00970452085792222,0.0109281997135676,0.00801529400433248,0.0158357025103538,0.0322150567295038,0.00164227296511983,0.0028315777753985,-874.645755559985
909,0.00479779682495776,0.0327581175465842,0.00893108209703168,0.00478245020546046,0.0145919515447701,0.0082130638553608,0.0220491257509549,0.0330727570313631,0.000982007985745307,0.00148927086893239,-880.385872946367
910,0.00760054396475166,0.0319701868277401,0.0116064943448282,0.000140671293870367,0.0116170552803788,0.00869603984706704,0.020968277598237,0.0268633774774249,0.00318081050449239,0.00256950270525371,-876.883440706572
911,0.00868361978590137,0.0186910250098566,0.0113623586580908,0.00014988464098409,0.0105529067463764,0.0125241498547616,0.0207009041480037,0.0269940763471198,0.00241409483107421,0.00196742341869685,-875.75758581058
912,0.00694962737480004,0.0193302781470144,0.0135628467938375,0.0129249050041286,0.0112854614165501,0.0130526750008536,0.0163064508498473,0.0018912523445598,0.00209789844506362,0.00427719065887,-881.498297392362
913,0.00262692362327391,0.0181399043567714,0.00116205386024121,0.0154527727602766,0.00811681226123136,0.0237928401462618,0.0141402452754336,0.0168949966627478,0.00260042917919239,0.00678145737739885,-876.634792030261
914,0.0055805084281816,0.0189839287628605,9.12214608794004e-05,0.0219493841159002,0.0104084674756605,0.00416268818734152,0.0197140398621199,0.0167029852221277,0.00208125633765702,0.00540349569496202,-877.732551251805
915,0.00967696070260812,0.0186983845156558,0.00297000492998277,0.0129334689646597,0.0089810557837051,0.019670528624999,0.017558539907339,0.0124834410981252,0.00178504942727964,0.00591010871508817,-876.79645165076
916,0.00783361175632695,0.016812491815123,0.000636117453894919,0.011938798215201,0.00853439197187404,0.0169546271671485,0.0140654637530319,0.0288022728235722,0.00220188540450615,0.0032854141644465,-875.938788170009
917,0.00571764623129599,0.0256048230151012,0.00355625389318324,0.0138616434307812,0.0104463612445822,0.0144326598058699,0.0116887576517241,0.0280115913304794,0.00283492831581819,0.00279426049738959,-875.360226934286
918,0.00244852991276618,0.0285875214706834,0.00283907382774455,0.00997908517455642,0.00921309802871072,0.00921691055835258,0.0111890852814131,0.0211332759320944,0.00226191981726579,0.00683557641282207,-875.130183485168
919,0.00443057950391514,0.019161157663829,0.00198291913768755,0.0123866472834213,0.00873587538180918,0.00801579065572623,0.0205482336823793,0.0178613834998882,0.00230611450957707,0.00872024899141338,-874.489950349852
920,0.00565540825491703,0.0175591203541981,0.002755454914654,0.0111677301098927,0.00845996665021729,0.0101868695596144,0.0197038373012581,0.0268863609405068,0.0023884356899315,0.00167820539444429,-874.177127987057
921,0.00636565843420554,0.0178143588120559,0.00231904383412275,0.0115240109553375,0.00867904251521215,0.0105475112190988,0.0124083688276673,0.025933284159565,0.00311174782749166,0.00788714314480484,-875.176656470275
922,0.00381217362756209,0.0187719920608267,0.00518492357573323,0.0144048475168398,0.0151181127823832,0.0046393493212081,0.0174728133402991,0.0267529040850866,0.0017149847018244,0.0070715105980326,-875.159232783548
923,0.00536124275721785,0.0236511365531874,0.00475384750761077,0.0235357749957747,0.0143720416157936,0.0113218167881217,0.0182808019172873,0.0250237545470588,0.00118061103290966,0.00865956886177832,-877.887147077436
924,0.00466577626696692,0.0196120928482854,0.00738032688943818,0.00479436979787275,0.0148011701541964,0.00996938069686523,0.0167193459496565,0.0305297987462882,0.00420249142935403,0.00273178640917627,-878.70754491805
925,0.00394614467366637,0.0310222569756714,0.00857658752625493,0.0102598325100528,0.00775163620973682,0.00442466102311762,0.0192854597157116,0.0244125036508022,0.00298182599379483,0.00734010967557279,-880.255509211664
926,0.00141839618653293,0.0186672687862802,0.00548244705005267,0.0140725405615743,0.0109027482086162,0.00927852492411117,0.0105672456031648,0.0264054533580234,0.00240381364044765,0.00558999138064308,-876.432889498909
927,0.00444094515966565,0.0207869678922216,0.00318109750861472,0.0143922729178396,0.0125452333118029,0.00780692020114923,0.0235834540336327,0.0473133035668541,0.00250443926744621,0.00563849672915431,-876.551661340728
928,0.000624382249833074,0.020103706126185,0.00920915778653316,0.0118838321957399,0.00756467984282005,0.0146567036203657,0.0239021266902827,0.0369103188939965,0.00292588071493121,0.00694979720319901,-881.429768049678
929,0.00178011094161295,0.0259443026561419,0.00571014328738661,0.0051082386547735,0.0105559343823276,0.010195986150742,0.0230215038813831,0.0382427059296562,0.000869318646371033,0.00532794626986858,-875.603719145839
930,0.00737503398805717,0.0252165782886509,0.00404573554680775,0.0198370127971024,0.0114747045128322,0.010805174641353,0.0209514408134633,0.0349658874249808,0.00145486742209503,0.00798589154522001,-877.159789733175
931,0.00176433751138019,0.0235311343008264,0.00385747773591722,0.00578346211111176,0.00678386488475313,0.00947898008970963,0.0246391877291934,0.0241065184818674,0.00245717117693883,0.00983201405594777,-879.677166155167
932,0.00306898443398485,0.0246483812906968,0.00417518265084015,0.0068879631473351,0.00939068886227055,0.00928878493279417,0.0161418790545301,0.0200412035367342,0.00187026051860612,0.00426336187351139,-871.752212540926
933,0.00497399345745879,0.0234668529556741,0.00387286746574409,0.0108874710839293,0.0119062747901373,0.0126766714020295,0.0213152686809144,0.028348659759759,0.00213182259902822,0.00338444049107665,-872.743066658418
934,0.00577086257995247,0.0231713093043057,0.0044176235150545,0.00957343425515225,0.0099124422060612,0.00521689815684245,0.0137832778268347,0.0246462052111306,0.00220392021792052,0.00722850046316978,-874.640302666369
935,0.00273896711343852,0.0194371502325849,0.00244130951966411,0.0208272883557708,0.0117796698324041,0.00709966821719381,0.0160106081131839,0.0235413314042644,0.00342304276562029,0.00347733118311599,-873.370328763163
936,0.00405711390326084,0.0160836145491323,0.00163657113581765,0.0190052172606479,0.0120863090708718,0.0150106757516011,0.0166001651703884,0.0161291139817326,0.00258780798107914,0.00381001320826693,-874.246029795174
937,0.00526618517728806,0.0202092826585824,0.00390868782772756,0.0176992610983898,0.00962167211517641,0.0182799071790674,0.0151085881326026,0.0231910254018568,0.00404120624588515,0.00426618682675908,-874.163790819681
938,0.00600790125409573,0.0188767004256548,0.00223204861383687,0.0107567058178882,0.00818368021147387,0.0151288925551349,0.0186740822723277,0.0234745533426623,0.00412062737966463,0.00673435496466799,-874.485390571461
939,0.0035839591423524,0.0277568670908824,0.00219508763018946,0.0075226051206258,0.0119511186324602,0.00857524368493042,0.0142928632713143,0.0230894399679292,0.00156294431618592,0.00270559388005573,-873.138950840109
940,0.00468949418355446,0.0206655166841082,0.00234918213585914,0.00848147936728987,0.010929261764421,0.00868049619010297,0.0210592468490035,0.0141830711751972,0.00382745630827022,0.0044781177246658,-875.579358416869
941,0.00383549186490581,0.0232167224211988,0.00525709791985603,0.0145782424600852,0.00912741478213739,0.0118089624287442,0.0209699758016706,0.0290031887776671,0.00264998989423214,0.00577931551800611,-872.670960308241
942,0.00643630344804251,0.0187260027009341,0.00370583367343554,0.00751333698747908,0.00815067326869725,0.0146867535496161,0.0137367598779765,0.0176208252417153,0.00332335548643351,0.00601679791247646,-875.108634820069
943,0.00828689331562264,0.0180512096458924,0.00424014594545686,0.00808938520539482,0.0101415672354356,0.0133814325273834,0.0123677927888205,0.0197012058879028,0.00141361888203082,0.00582174635088172,-876.306270277676
944,0.00737398251410125,0.0274874508447406,0.00170782107431647,0.0122004755936888,0.00872551242936076,0.0190871225568064,0.0210226303201695,0.0323459223458934,0.00168458020874667,0.00558775437561488,-877.153975230799
945,0.00566477073461519,0.0269520616062569,0.000704625546581686,0.0113990056503038,0.00874338662068324,0.0101661937112957,0.0214851747231613,0.0408577532730109,0.00224642224587317,0.00693451651038583,-876.16443198491
946,0.00621540670867387,0.027669163557152,0.00196824308505572,0.0124109729865642,0.0110965831414504,0.00920279278086432,0.0209895401585686,0.0143103300980972,0.00366105834443611,0.0074140494082849,-878.177343348555
947,0.003231948702123,0.0314494423085078,0.000716912080615206,0.0149893750323004,0.0100100345155134,0.0105730598172467,0.0175789401197905,0.0174392055942483,0.00265415219182954,0.00788399059540931,-876.751054129546
948,0.00379960104310811,0.027969945591169,0.00317941001434825,0.0171489510633359,0.00947683642862413,0.0125712819542383,0.0159241825088375,0.0126871018655965,0.00244595538284788,0.00388809016806264,-874.054680034885
949,0.00395415606185995,0.0229181273961377,0.00389579884134822,0.00932177334843742,0.0122634660218054,0.00858049485931921,0.0120397252775632,0.01345699016378,0.000723741667275233,0.00468613149290263,-876.530689739069
950,0.00971016879872798,0.0191718930784187,0.00621260674283895,0.0202579024615924,0.0111042344172444,0.0112151356958313,0.0151941229217419,0.0403779821136399,0.00336921904046942,0.00253844382813659,-880.633766476903
951,0.00111488860843774,0.0183547394273558,0.00104827703665033,0.0235482107854177,0.01210505613633,0.0129038531927615,0.0283783208185637,0.0297339363789018,0.000911467172369309,0.00870731466241328,-884.207137709814
952,0.00150022121991528,0.0223925845994679,0.00354884085148504,0.00174733063343085,0.0119810785016109,0.00589356638454233,0.0121512403756961,0.0176369063229944,0.00299389516351036,0.00869755912425225,-880.576122309653
953,0.00875745745933742,0.0181338124468044,0.00911258559528833,0.00545937819599565,0.0108426865011439,0.0124801690667974,0.0126879410004855,0.0150845487628883,0.00173570193682356,0.00721341677140405,-878.205242194408
954,0.00331983976994344,0.0317535622169493,0.00638027688531529,0.0141815086464018,0.0102647607568279,0.00777704979779359,0.015833959319551,0.021442315665926,0.0020607360858232,0.00468923341635788,-875.088280400963
955,0.00332537080375088,0.0159765567939566,0.00490459086789174,0.01604833618449,0.00855936135910457,0.0181347955172633,0.0174508963789884,0.0210037094178429,0.00421332116677701,0.00679183947057681,-876.312514220531
956,0.00539768751256029,0.0177653422481671,0.00391930165996817,0.02187888428206,0.0112107361202094,0.00550555150524027,0.0189877947664778,0.0213520340456502,0.00244148462115958,0.00309932193581819,-875.114974090242
957,0.00758099395135045,0.0226425114153666,0.00412636733565204,0.0196049980226316,0.0092909848490271,0.0103202236509341,0.0177146345928358,0.0178725890740611,0.0018570667064942,0.00278518471046684,-874.012810911871
958,0.00738834917359455,0.0197616551044793,0.00175578658145776,0.0209980531720402,0.0134919486231322,0.0109134987704373,0.0121964164934004,0.0187219967855952,0.0022042042353875,0.00875063449446143,-877.225082887708
959,0.00708416800659031,0.0243669042932746,0.00139229526683169,0.00575145377860527,0.00681544364220779,0.0137761931861901,0.0230989791343896,0.0347747475446704,0.0036405312472101,0.00781227386971022,-879.379242531758
960,0.00547908890309917,0.0238056571590062,0.00214086626741938,0.0166000871635142,0.00862171313993111,0.0101884769873387,0.0169803637557092,0.0306086759543504,0.00305312096836206,0.00658749711052018,-873.237749726464
961,0.0067370152207214,0.0268754777095993,0.00271363833665648,0.0159650254548422,0.0115137455536177,0.0125312393030096,0.0130073081699914,0.0105238259560907,0.00123649497636329,0.00694948464169166,-877.610840863946
962,0.00634258135588494,0.0148859791463163,0.00159141574415013,0.0122389279583867,0.0090874103579845,0.0208663555201167,0.0173112611404794,0.0352631787481674,0.0046655889866162,0.0051592713262335,-879.132393231954
963,0.00562320573708055,0.024046442882458,0.00216651349485825,0.012381230179878,0.0102197887325038,0.0139850036709613,0.0280925675265154,0.0403646685299041,0.00351515826204702,0.0069064310691696,-878.880774442733
964,0.00306178153954638,0.0204374228102697,0.00351092123299946,0.00585037973912675,0.00936713907836262,0.00672239000031548,0.0304800530012591,0.0423855188038861,0.00106240540540756,0.00576424394418978,-880.033120412454
965,0.00362654923056064,0.0319776242541963,0.0033433941900421,0.00274820834671625,0.0153070987857343,0.00897472709272441,0.0164982579688471,0.0294900831128301,0.0018225052638842,0.00335066262002293,-877.802325290851
966,0.00375807630164876,0.0346908895793613,0.00176087938392094,0.00459742514094096,0.0121329306019289,0.0101895710971076,0.0178163120735815,0.0170050528625615,0.0016310123813024,0.00412348035457323,-877.606017842023
967,0.00625961041770343,0.0185934713707648,0.0107084177468246,0.0128958408493404,0.0134985167127307,0.00977087397303679,0.0138500204012342,0.0214126676182715,0.00256237690592606,0.0072642709330176,-877.260394060696
968,0.00606380562462743,0.0231026952281903,0.012531379314641,0.00976900314604525,0.00717523379900835,0.0089144618818902,0.0158293128191256,0.0191150179583656,0.00284457419287215,0.00660335496117068,-877.534770918453
969,0.00668834440902585,0.0223785308363484,0.00884274360850092,0.00939971402605453,0.0101119500231666,0.0119189928808262,0.0170327326398036,0.0303651363656837,0.00288043719576064,0.00590452987463701,-875.33816223287
970,0.00725263245687427,0.0188777925988846,0.000874229256622481,0.0223725089755655,0.0107358148515247,0.00949393553833454,0.0196961298661759,0.026279475227315,0.00271355969526203,0.00737759399357221,-874.544828507052
971,0.00650541766203761,0.0233309868893632,0.0029593264498744,0.0144590271774046,0.0134976007033338,0.0060591972442129,0.0136043494974646,0.0219508328409336,0.00280560091098136,0.00583424528263561,-874.242393207441
972,0.0031014718302507,0.0199434111116689,0.00275240235447653,0.0141940015741043,0.0156425806082901,0.00646043889818943,0.0192958897315796,0.0379200865742566,0.00164866767205044,0.0043280614786928,-875.601792728201
973,0.00931902301521378,0.0208405532057103,0.00283777070998228,0.0107955250823903,0.0122384507876651,0.0136191280232705,0.0241588466926186,0.0396878623452293,0.00125425185427562,0.00251149732370789,-879.258459640854
974,0.00209371960075231,0.0280627304312027,0.00451071606409232,0.00708355602373788,0.0113455224413514,0.0109913642536526,0.0156397117803012,0.0240047708890497,0.00273427100329168,0.00234888042058065,-873.275220815491
975,0.00347983782421935,0.0282545375915765,0.00244569167230724,0.0193366542773399,0.00956605708628514,0.0102839528683019,0.0180042053315589,0.0222632089096546,0.00256627986324928,0.000863755663869865,-875.721250894069
976,0.00364259774258876,0.0289300456883941,0.0025183708895882,0.0170896591484161,0.00831952263546594,0.0107024583769823,0.0151855267818482,0.0233872088742662,0.00317482204078558,0.00384005118801277,-873.529163027949
977,0.00420308730067347,0.0172452596853086,0.00375273061088196,0.0211616990543874,0.0086203203209692,0.0142037207910857,0.0171737370359732,0.0227070348291761,0.00237726526209345,0.00349511756210168,-872.818420654846
978,0.00519225131457906,0.0237148650215445,0.00653174759009959,0.00661975754097695,0.0101085386150343,0.013554441331063,0.016629755982718,0.0252301998179484,0.00229004426780179,0.00389305344937319,-872.904810863299
979,0.00312080380801993,0.0248366726174587,0.00341322021814007,0.0107470658696616,0.0120926662757645,0.011023303630334,0.0182381449100771,0.0286053693124815,0.00181890047048643,0.00478006017808983,-871.278086557463
980,0.00558535952851185,0.0229630742613596,0.006611279965264,0.0138495571194939,0.012093003415156,0.00805635629528216,0.0200410041069513,0.0267846973535545,0.00133016166574118,0.0048285206357547,-873.631906743972
981,0.00295851447127259,0.0243374190896621,0.00101269888379028,0.0175623608683838,0.010068519283446,0.0115091468319361,0.0185790876026924,0.0194370145258945,0.00188446348946389,0.00441956985740372,-871.72337420284
982,0.00512135956738127,0.0207134330723017,0.00133082282368986,0.0161221033238807,0.0118183385156479,0.0100660631734683,0.0153470473879403,0.036459216006127,0.00194051822313044,0.00645275791851606,-874.038028393392
983,0.00531666055205989,0.0184055270524567,0.00111108106985258,0.0169189049207081,0.0140423311668619,0.00805777092900083,0.0200092920760816,0.0207840401520428,0.00265925643115941,0.00195859522860096,-875.777127438098
984,0.00896785694448371,0.0199889773226083,0.00536422561974681,0.0103871014608043,0.00766611582941655,0.00855694574980263,0.0141754270790784,0.019384735430784,0.00283517132791281,0.00262554154050051,-875.642940268326
985,0.00155757529172681,0.021001407810959,0.00881801801271186,0.0161998111828806,0.0138269553451076,0.00698742410307104,0.0147174161963422,0.0210960797529414,0.00277646300915106,0.00619356511916391,-875.813118255713
986,0.00250833700528234,0.0193157437537041,0.00672249796782529,0.00764044013835124,0.00839788698090997,0.0176269705763905,0.0149881554268436,0.0084320914009973,0.00228624218708518,0.00554638963379204,-875.196992776218
987,0.00454778521751299,0.0191441578509476,0.012833316485218,0.00832215569897149,0.00670343107883647,0.00862990901224549,0.0187795050152456,0.0106232114890069,0.00208924315944686,0.00785906127851918,-879.676601396632
988,0.00562640362257853,0.0215782061315344,0.00950910101037853,0.00949170728125258,0.00677492643575689,0.00941120982466971,0.0134870023453592,0.0144953737455048,0.00116455083878648,0.00862468509417213,-878.907900232969
989,0.00222117262341814,0.0224834034759901,0.000372020372605861,0.0171469857165817,0.0148278300708471,0.00942007386617365,0.0165276897870544,0.0380019478015015,0.00171136902886334,0.00920272229440278,-878.517777179002
990,0.00569854172862033,0.021469362405838,0.000660251537402229,0.0119022399913582,0.0144620509831263,0.00569270813251233,0.0161913341973582,0.022091040085794,0.00225558392650332,0.0029880652563439,-874.911628371182
991,0.0079997448771734,0.0232187799378237,0.00544046236336463,0.0128870689888614,0.00792212382970362,0.00575543763970102,0.0188192556986737,0.0160042524022695,0.00431504902677619,0.00728572739380029,-879.36773289764
992,0.00276172494979266,0.022553623615983,0.00594598697215757,0.00757397742173215,0.0121839298181525,0.00900561802867077,0.0187895594891979,0.031368394928959,0.00143879155591507,0.00160415454943112,-875.017244811669
993,0.00125880255179554,0.0334970088159451,0.00437063860179816,0.00782313070880786,0.01218209325002,0.0104547285789415,0.0164625178670672,0.0297411581298406,0.00132507900679062,0.00385965117167596,-876.37956984083
994,0.00436683624192187,0.0314156559757497,0.00497803707373064,0.0131304502699913,0.00989046934831546,0.0100862859127982,0.0192169651459814,0.0303636847196549,0.00320422724485438,0.00473440982195487,-875.368566992505
995,0.00223943448863521,0.0321838410252989,0.00375723935515231,0.00874051361717999,0.00930713888638666,0.0141392083399095,0.0207278423759018,0.0372166160574541,0.00353570861259241,0.00477739823142255,-877.239982464529
996,0.00405381196425998,0.0235012619315813,0.00446672401675591,0.0147720406879598,0.010422934210504,0.00672498390333227,0.0221870112623552,0.0207984858339079,0.00154119561292301,0.00283125898548817,-874.532809705505
997,0.00418519568978926,0.0258199868075615,0.00315800762096745,0.0105783966239111,0.0102328582752502,0.013126170718841,0.0118778191605071,0.0247946637583579,0.002474128375051,0.00503621252932734,-873.213516276989
998,0.00190362360784739,0.0258377478462579,0.00268636580763614,0.00959131928891577,0.0109332485106401,0.0160302192583356,0.0216565225533118,0.0247218201037348,0.0011028537614619,0.00861295311151935,-876.040779339346
999,0.00326762789894531,0.0308608099267653,0.00526336481673437,0.0139030100287305,0.0103229488335931,0.00832791362807909,0.0150296620321824,0.0240622918625893,0.00275056648604941,0.00238033111759837,-874.314279093168
1000,0.00313731304130874,0.0205648424285775,0.00159590546603985,0.0189056526219124,0.0107990025657383,0.00467653039423022,0.0168208093467757,0.0217056499263954,0.00381464293202221,0.00616569383170618,-874.828802029555
