"i","asc1","desc1","asc2","desc2","pol1","pol2","tran12","tran21","dem1","dem2","p"
1,0.00727338253082589,0.0157358927436293,0.00477137540227355,0.0227583396101934,0.0180956773795625,0.00319998515409982,0.0222920914251977,0.0192510710584566,0.00632817150162754,0.00122268969259868,-296.885731102131
2,0.004166958341662,0.0316240526849575,0.00243290997658093,0.0123190519520031,0.0189464744980376,0.00132339864874718,0.0231702771335086,0.0676001394749657,0.00371321420543701,0.00426002116851668,-295.631587517857
3,0.00635234135420065,0.0162230003388428,0.00119215534222623,0.0121816697433266,0.0224835734541651,0.00865854981720511,0.039476249026991,0.0163812099469499,0.00699773408556754,0.00825737042976209,-299.231653812406
4,0.00435434178213415,0.0214632212541706,0.0222449822866444,0.00514813405653793,0.0212660510050729,0.00155721971609056,0.029979787285337,0.0466857310687032,0.0117731675997698,0.00948692214143183,-300.404469502389
5,0.00750109209928417,0.0199810316333816,0.0181112047315195,0.00278455214425129,0.0192814744854497,0.00184516890224623,0.0250263034166418,0.0472247613190577,0.0112570390903328,0.00745974352023792,-299.421221385441
6,0.000276210211810765,0.0245482762897522,0.00715025184049064,0.0173503382545681,0.0286457123170934,0.00596517184268217,0.0246569187451488,0.0503627778173933,0.010346285241491,0.00041042086731728,-298.608527066992
7,0.00060243638907718,0.026290216840605,0.00342135898538036,0.0117319714258597,0.0183821322930063,0.00129461709511563,0.0306104269129324,0.0611181173424719,0.00461910299388551,0.00137709030623843,-294.728053542479
8,0.00516295632927704,0.024324512916004,0.00249429863528155,0.0177543846272883,0.0268585064044452,0.00913615986031398,0.0268810162896994,0.0127432104361349,0.0057254151878723,0.002362371455273,-299.075408261165
9,0.0104097087951155,0.0234935807766749,0.00109924274278164,0.0199787731003552,0.0261861655244473,0.0156315930460088,0.0270825206004495,0.0378581842108736,0.00116661212175867,0.00292735398993529,-302.173517417196
10,0.00353281920901595,0.0274237899308319,0.00138932909632704,0.0113848472736219,0.0317026611818316,0.00350556517931731,0.0307059049471663,0.041488343794806,0.00344334609537669,0.00599644943807932,-296.561657873242
11,0.00274320893019713,0.0266023551538134,0.00611409755824943,0.00956371357127643,0.0355435738375619,0.00259706271719868,0.0228888941076504,0.0434756592941637,0.00412545338412816,0.00241724544392219,-296.698077717913
12,0.00369418756001702,0.0261271146958243,0.000590249097442143,0.0217310628285801,0.0360079899777673,0.00333327470622006,0.025662622879003,0.0503034246758499,0.00568217814781226,0.004538246087798,-297.920386318479
13,0.00597191786800946,0.0217077991178043,0.00673562744714541,0.00762428660910923,0.0167535556323987,0.00299754690862862,0.023975233634804,0.0433508430601158,0.000829285816019041,0.0022605221073994,-297.82128663093
14,0.0126692771926078,0.0115736689736151,0.00441861126955896,0.012110355550217,0.018811057201078,0.00218780992820189,0.0470400540840816,0.0432371792150904,0.00306072314410158,0.0083866568026895,-298.240354035423
15,0.00446686892323301,0.03382357777361,0.00412590002786104,0.00691980196499717,0.014949706115407,0.00248360867657834,0.0210218587235736,0.0491858229389688,0.00325228137803948,0.00851543521053946,-296.99361590195
16,0.00226076789741589,0.0200970163151154,0.00585031860684503,0.0066316576393214,0.0285846806709331,0.000992086557726206,0.0232366480033587,0.0300718483633097,0.00179420125247369,0.00639303978878582,-299.127638592968
17,0.00510637157295035,0.0192292404898036,0.00914244659929988,0.0254121026767532,0.0327245741262239,0.000418683153585643,0.0224719570346745,0.0531969261876319,0.00847917732368723,0.0030202094232914,-299.294825471877
18,0.00074988148484908,0.0169066342263771,0.000954499262918665,0.0276651595948435,0.0245748073056011,0.00419155444006872,0.0212958597079469,0.0353223663774774,0.00502566078293378,0.00177661094836477,-297.250081885982
19,0.00883311041759223,0.0175789685047433,0.00124344507256445,0.0253646715668296,0.0153995135575338,0.0041015642286303,0.0196334058294194,0.0137774990660448,0.0106665695864569,0.00318582242124842,-299.98693096979
20,0.00268661062110353,0.00778087494332765,0.00230519972139865,0.0286141213413638,0.0165454376151902,0.00856901103953919,0.0368207280087256,0.0592839082745164,0.00712009586372335,0.00252745038320897,-300.021068506146
21,0.00682779946970513,0.0213185692336779,0.000857524346535719,0.0155522435304723,0.0191439215176569,0.0108618704241106,0.0336086423730433,0.0588783461141209,0.00623689078818149,0.00141469223291941,-297.246190763261
22,0.00972847796545642,0.0285386638256303,4.07807490133326e-05,0.0101823613971846,0.0143795390162669,0.00085736773339681,0.0389491247648516,0.0163479491561495,0.00712271360124086,0.00276768882625327,-297.452359944563
23,0.00618652610120402,0.031294402311114,0.000414556480623696,0.00617299720325352,0.0196053777925553,0.0110818960059618,0.0291393555883402,0.0131840763157218,0.00745863255688192,0.00290779095995472,-299.42266738814
24,0.00709964621325403,0.0232119379039848,0.00229696122265594,0.028194344491561,0.0144456936144951,0.00812385142524338,0.023817185781809,0.00803711803386058,0.00555601768421468,0.0039252135097297,-298.756911726116
25,0.00604424695573235,0.0234002213747164,0.00635783709006363,0.0277221309519699,0.0143109499341312,0.00571265853184695,0.0252542257443199,0.00783793937510129,0.00500337723926278,0.00224636186603637,-298.740240757557
26,0.00694118728555667,0.0346099440330417,0.00796167690340559,0.0225373129842722,0.0184278415852329,0.00684104168774633,0.0264532101615097,0.0241686246282873,0.00500738980804983,0.00677565920104075,-300.42085741621
27,0.00888206086561314,0.00615270978022179,0.00010405544572324,0.0379590985649489,0.018055888939108,0.00429960871545302,0.0442597082461718,0.0190084084484907,0.00433720470897583,0.00677602473477224,-299.91149574931
28,0.00285435749457944,0.0226976785398624,0.00261403469071257,0.0289741951076992,0.0150957326769866,0.00404942503992206,0.0216349426121055,0.033308201650449,0.00431194879842464,0.00441364090038166,-296.352739269736
29,0.00250108625354955,0.0232311998873444,0.0042822649272952,0.0288888275737749,0.0164581353144092,0.00569277245589124,0.0382565020014016,0.0446756905703333,0.00354238544416777,0.00171815130813995,-296.021471371955
30,0.00406318203345222,0.0198896694389879,0.00167281901099673,0.00619105305560084,0.0139635167409408,0.00719993642240501,0.0395353441755584,0.0491747651815305,0.00378963386493238,0.00783979035242293,-296.297420748967
31,0.0043053375872202,0.0247756711620424,0.000377361995478071,0.011003814302459,0.0161656282934546,0.00264047233153781,0.02305756899888,0.0518204466807123,0.00272632138752208,0.00765584586896188,-295.581656033497
32,0.00667240727958573,0.0314238417654131,0.000270513420107411,0.00125554227972104,0.0182378355994713,0.0030755851838777,0.035659650755208,0.0523384883223703,0.00332939477308353,0.00531924944598195,-293.253814345137
33,0.00624041994949202,0.0331133175809564,0.000592830622767877,0.0114830038873725,0.0233277522026493,0.0116660863483497,0.0315614832743479,0.0315740669922508,0.00498210543589957,0.00572528895685281,-298.449115516298
34,0.00609856374626661,0.0370746531861087,0.00084491508839236,0.0049213548873481,0.021397618100577,0.0113822161370381,0.033881391398074,0.0668544725703701,0.00236478057088883,0.00917393015012277,-298.89935490015
35,0.0057906884669882,0.031183649861182,0.000115533452290949,0.0105340803861919,0.0213185726333946,0.00702313106848772,0.0373416535163151,0.0758582070768519,0.00658875787396305,0.000725167861867935,-297.960891890618
36,0.00893848871815544,0.0254968274000919,0.00171734923814291,0.0074360584238875,0.0322484827645617,0.00407825849711973,0.0304303604537668,0.0749635880977614,0.00716574396071608,0.00381444401595389,-299.33207944089
37,0.00905621714507676,0.0269755427667919,0.00189205436812044,0.00792822663886706,0.0105758605166974,0.00526025522979985,0.0384760481484084,0.0669654041185278,0.00807381665718285,0.000353213796388475,-299.360171664384
38,0.00451502459550852,0.0275859270357607,0.00279290477436073,0.010670535416313,0.0290436924379744,0.00490441339062849,0.0508595087940309,0.0416659502624449,0.00893377976221733,0.00565078681159138,-300.524641603221
39,0.00454779233114508,0.0293307854126091,0.00477726433773777,0.011884843184172,0.0208842355999573,0.00337525844699361,0.0502515093297334,0.0631040481059338,0.00989635956646012,0.0048382780480486,-298.947102770817
40,0.00823323042166355,0.011820909777385,0.0129103256454219,0.0121259734193242,0.0157974376947867,0.00318623896676664,0.0425010086304745,0.0373456453271562,0.0030294080142667,0.00422912676499053,-297.217659769288
41,0.00605203399261028,0.00896498308138077,0.00893839101262612,0.0137233861721524,0.0230377463372982,0.0050146170679976,0.0215085894954541,0.051897684719662,0.0121716794374325,0.000631085899722529,-300.23185915149
42,0.018691252547633,0.021967759758016,0.00363362936679107,0.0147417081754321,0.0236786345040923,0.00453946863574339,0.0152222090881586,0.0549732204523003,0.00689240152782017,0.00483741747910129,-300.939331715482
43,0.0221741397938889,0.0312074995650111,0.00862391118762877,0.0193678769623164,0.0293435364307314,0.00157744068635118,0.0199947614917414,0.0462378949648818,0.0028712094836505,0.000461352669508553,-304.294587215677
44,0.0165902329035549,0.0103758987567215,0.00416587025535742,0.0126890796556671,0.0149336782516056,0.00500183525411971,0.0267449391519811,0.0150156215337482,0.00305609818344675,0.00389880432251092,-297.918336168612
45,0.0134911374122452,0.00718824899189744,0.00417658898249975,0.0112658528160007,0.0164710221747234,0.00848942827402516,0.0270030646124093,0.0267122237576774,0.00477996561319657,0.00378575778372491,-299.295767600436
46,0.00733966842072965,0.039936545031748,0.00227329749761196,0.00128138737302242,0.0131417886039626,0.00500534788064118,0.0239448109652361,0.0253134422136714,0.00660275141798539,0.00246932009997144,-298.633416163976
47,0.000711619274015783,0.0338890815222044,0.000690722060227696,0.00709242576051226,0.0174670951941813,0.000670749314177787,0.0250914302005358,0.014087266086509,0.005651139628719,0.00182173619904763,-298.899150698293
48,0.0103176690448466,0.00997517169063022,0.00870987818341209,0.00660181685547412,0.0160353686330976,0.00178688481753966,0.0296602291641221,0.0211619654624619,0.00494739060478221,0.00577904551835402,-298.118787441012
49,0.0136465469991417,0.015775165588572,0.00369093995285637,0.00899964128934093,0.0263686304722219,0.00695352593311351,0.0381616302970443,0.0269436849979009,0.00221339258445136,0.00790558449066433,-299.48299233342
50,0.0108591268848145,0.0122718678886884,0.000378960335118762,0.0308845970631832,0.0190815225688407,0.0071976124196826,0.039853684917642,0.0151054320476693,0.00112573690065007,0.00779433727192756,-299.888625775764
51,0.00526396942865163,0.0137894794879715,0.00697947648795449,0.00826058055573668,0.00995707314660326,0.00489671682189428,0.0380838780276512,0.0526667657762542,0.00765014040750008,0.00417129273521949,-299.657644564321
52,0.00287915966556279,0.0219300399513636,0.00739139588207786,0.014802954060888,0.0121489996932025,0.00481768991507919,0.044514551552639,0.0408166778309143,0.0133768330290101,0.00359472907093231,-300.545686688294
53,0.00648427531558946,0.0171277269691509,0.00730426979385575,0.0288221657290686,0.020294405468285,0.000203938485465846,0.047989168769145,0.0376948307327803,0.00356534419884135,0.00248190414209165,-297.725694162054
54,0.00296986357013306,0.0222410252643682,0.00559952630363056,0.0116289378324972,0.0261691246527522,0.000494699393700913,0.0150808105706211,0.0385894014491273,0.0101095085526641,0.00180796328627008,-297.476910961304
55,0.0100404247632417,0.020434798399531,0.00394111324101977,0.0138919211668352,0.0247066279025077,0.00114770951190047,0.0212023490444419,0.0481180905775711,0.00989281515390699,0.000825771266027475,-296.646856601477
56,0.00275118232566019,0.0324934054426948,0.00457045250895131,0.0106508683001535,0.0176166224959254,0.00455127863308467,0.0252177082410228,0.0706620177207748,0.00494471638345286,0.000454763293331073,-296.753938046646
57,0.00632437683693204,0.0360428759130677,0.00660175864062946,0.00570926999986251,0.0224144686000663,0.00193177380551334,0.0238347394612443,0.0293901669891679,0.00598179550258306,0.0134534602804316,-300.968209656767
58,0.0019385850387853,0.030196800356052,0.00966834777869424,0.0078258575977348,0.0281175525968443,0.00123420665046062,0.0188937293780473,0.0737630409459326,0.010013502913845,0.00808965964859532,-301.631206258623
59,0.00600960569073852,0.0309303287674525,0.00291674142753701,0.00365581690372542,0.0223940997032645,0.00388055566114866,0.0270231801806799,0.0453541884826789,0.0142386799642545,0.0075678488065167,-298.924429483778
60,0.00620416704846053,0.0336429560439725,0.00638494691460028,0.00715384475965598,0.0287496783732443,0.00149770119053938,0.0231441869787337,0.0345947626893696,0.00398948789442223,0.00402460016802166,-297.827673811406
61,0.000879896612437713,0.030247173881929,0.00267445725591506,0.0237616956463618,0.0149204746399764,0.00240397227010446,0.0389605769592169,0.0360185065795785,0.00760660010464043,0.00370869515086053,-297.384448914666
62,0.00717500374048954,0.0123970838082993,0.000947761957857623,0.02153177905866,0.0169868494402923,0.0061487460163889,0.056862900701212,0.0348687502605345,0.00500880078158516,0.00416102035979805,-298.590857207196
63,0.00229517083483533,0.0136053534836724,0.00260313632205898,0.018029012293917,0.0197379207604562,0.00712155260210101,0.0353823565964605,0.0301149819518461,0.00943147352808815,0.00749216744684059,-298.498312718875
64,0.00486868805310563,0.0239208840468431,0.00527135251574985,0.0190506498424759,0.0239165636011422,0.000590129194473283,0.0246525232970996,0.0459534585050201,0.00792632408179774,0.00305632378545217,-295.052603734592
65,0.00578617715608726,0.021200319195223,0.00474138411243331,0.0182969137384787,0.0184417039782154,0.00323645111262091,0.0320531390809166,0.0412284622721893,0.00615744450175587,0.00233659573436433,-293.839511313865
66,0.00764008603858689,0.0244484352460714,0.00305150556143592,0.00914168045293286,0.0183996508757647,0.00695682444842189,0.0289405998417754,0.0443785894876365,0.00168739922309561,0.00346400888519672,-296.040183184581
67,0.00281077508167005,0.0332462965865083,0.00300411655049079,0.0161700534495756,0.0212102225704972,0.00200885116907005,0.0260195514803009,0.0589478779416826,0.0127134893400123,0.00150420466027472,-296.989487757682
68,0.00480107145345019,0.0200169987195713,0.00735704301281119,0.00299182762059355,0.0243025160395872,0.00282014760070966,0.0469305359915629,0.0553528738764267,0.00801657108752595,0.00364554005430218,-298.336568232634
69,0.00856704066779763,0.0222222952663098,0.0139571378970625,0.0116771213633143,0.0202089294473743,0.00300009609684603,0.0300312671735458,0.0670741678981883,0.00800756905058339,0.00116299159006708,-298.600247203717
70,0.00918419819383549,0.0151740963207259,0.00187847759796954,0.00394765820303248,0.00922421335976295,0.00689576606172165,0.0317781565305,0.0261945029590098,0.0037658188917951,0.00359186572363477,-297.857125980601
71,0.0156391263809729,0.013462674060166,0.00278380494562206,0.0070471845352208,0.015192659038935,0.00548146406249622,0.0372356071994321,0.0784536072395273,0.00321822029719704,0.000989251798219825,-300.28678676844
72,0.00867199964219542,0.0249131688528437,0.00579496751466793,0.00567547098544097,0.0167647369556784,0.0022194920327878,0.0430597803076532,0.0837562875144627,0.00954083849484937,0.00447931513828483,-300.292943411363
73,0.000821653894721827,0.0347544262327217,0.0020237411448992,0.00828767869033324,0.0152898884028396,0.00363690052923697,0.0510130517729996,0.0657551851332018,0.0137411206096557,0.00374675820168208,-301.388687151972
74,0.00699134250062569,0.0224064781074721,0.00388153872362247,0.0226268745489712,0.0319204333211828,0.00511351025910773,0.0443904934199373,0.0349930951721989,0.00766853715717477,0.000928781293198776,-299.145056556274
75,0.0113231269945057,0.0250562255431645,0.0065810189060605,0.0261931954355923,0.0351065375868499,0.00745430916047458,0.0221828623675609,0.0542225191058361,0.00379605409334096,0.00130695235935721,-302.128715357009
76,0.0132556124307358,0.0194092595095978,0.00194135653581659,0.00376699261063908,0.0261664601443062,0.00226628697674087,0.033281515588743,0.055330263214924,0.00724648935225919,0.00330340558606405,-297.838773236833
77,0.0131315711376716,0.0277080658771258,0.0136645320751393,0.00417926498426919,0.0302311631978209,0.000770547732850194,0.0192388662201789,0.0460704780087304,0.00409274857754626,0.00268815159158983,-300.453081049686
78,0.00163052317279583,0.0258736479811952,0.0132503242987482,0.0362579313146984,0.0371976656278183,0.00496711584741959,0.0404830743183376,0.0643579114955304,0.00693594482527637,0.000541141974289157,-305.97553196361
79,0.000910623464451286,0.0240069376201768,0.00727303735221897,0.0239028077304629,0.0109999367193067,0.00462172206274059,0.0263716992316205,0.0245452465694978,0.00202239474460793,0.0102908841820247,-300.358765568437
80,0.000982190380846974,0.0253831614469862,0.00465177213401395,0.00302968285171418,0.0143835556243118,0.00831219306787087,0.0435451752047685,0.0520739218218994,0.00437191007588638,0.0064783514369989,-297.927009207378
81,0.00820311076481499,0.0282263659200372,0.00208416964077389,0.00882801853128446,0.0195440094110932,0.00324172886083793,0.0274121652633054,0.0317838146650034,0.00566865822058745,0.00481562628967922,-295.48901468505
82,0.00934949191328542,0.0249377485858468,0.00142434365826987,0.0209430387124942,0.0209432019776143,0.00928581839092189,0.0401211910858131,0.0341286740238695,0.00713677434644072,0.0122306503828607,-300.352477144035
83,0.00393112595863559,0.0155296361700751,0.00090420395978578,0.00034715751392579,0.0135963781941257,0.0129137214186442,0.0291004289149845,0.0400923030575282,0.00598386281128394,0.0105632664068543,-301.317460837088
84,0.00678780473617146,0.0264137785426116,0.0011073749247771,0.0159066132132384,0.0140823972622641,0.0121392702036947,0.0287277423627424,0.031314205323455,0.00543435182988844,0.000516410996749337,-297.673877123204
85,0.0027671059270347,0.0174006747258475,0.00056011049169006,0.0375942621786568,0.0194421266226104,0.00997369592490742,0.0250974448380652,0.030720984311897,0.00543611404566456,0.000499487692621955,-298.677896230705
86,0.0177319304990623,0.00803796251461056,0.00309530957208601,0.0372527415525685,0.0241882671283664,0.00662124050560061,0.0322007787631913,0.0468779431909834,0.00587501824156245,0.00441215839008959,-301.677079544225
87,0.014817513205044,0.0125503726008276,0.00431964774112681,0.0269484329894181,0.0167037439809508,0.000336563216314376,0.0366837291888813,0.031810806356585,0.00683576404176115,0.00651468625217211,-298.942316620231
88,0.0113297006480125,0.015054464669507,0.00348477921804784,0.011183673483231,0.0220473623436315,0.00339322408480404,0.0267204466176151,0.0471343150189473,0.0049577954051628,0.00658894503803203,-296.738490182773
89,0.0032480253638716,0.0237241273531842,0.00123901279493422,0.0110089600753174,0.0132831458254229,0.00106877152210722,0.0400410169723084,0.0215172848344402,0.0028875523604243,0.00584721083121319,-294.854809160169
90,0.00856100158178655,0.0225618043637217,0.000208780417510798,0.00853831156930348,0.0121343005784247,0.00289934050399109,0.034556954522844,0.0481814129742376,0.00287072525313469,0.000782246370705982,-295.494559091737
91,0.00356633305285802,0.0280659183127167,0.00303609401769881,0.00629330457673482,0.0303591789520858,0.00237694739288986,0.030240508131334,0.0581505609283875,0.00662241855726934,0.0028188645254061,-295.524117278382
92,0.000131039648058434,0.033811834875995,0.00737971622807746,0.0098459077756908,0.0187350162070194,0.000873941371828361,0.0443602952495158,0.0494723684797668,0.00508026914867536,0.00592641159996654,-297.603335886535
93,0.00146396641697981,0.0242765282424827,0.00246959932841425,0.0167118284984588,0.0308539881091859,0.00215084158571411,0.0447304563161574,0.040922031409034,0.00300052353826555,0.00395407714231489,-297.034970003781
94,0.00739523875018721,0.0166860654231889,0.00231511099025423,0.0154425877170779,0.00747269114895293,0.0011400273536767,0.0480265964550209,0.0206247027779247,0.00411788096508925,0.0037264077796242,-300.284610159588
95,0.00654746453822907,0.0239006949309461,0.00152875569505512,0.019973338966636,0.0151262658938447,0.00218904783333026,0.0332112824152542,0.0222895944303759,0.0044585448102167,0.00524884535672538,-293.808169211324
96,0.00755326945002852,0.0218405930481757,0.00377351650006346,0.0330784910874608,0.0200846277065613,0.00140176045365093,0.0302606197729478,0.0500050398236649,0.00372767805542714,0.00130011212934039,-296.316079989576
97,0.00512264165894521,0.0140317592038278,0.00255155999347746,0.0240067588406565,0.0206628478128899,0.00334917904977311,0.0479301629525671,0.0787402774984739,0.00533165165417692,0.00366661372029966,-298.765147743406
98,0.00702412160097018,0.0158287452582359,0.00555157655682036,0.0257727943281016,0.0171133319863055,0.00245041584225892,0.033383499552822,0.0597559080902188,0.00735262171854467,0.00722684751085845,-297.813456127288
99,0.00539057045158054,0.0134738654187715,0.00493480506264603,0.0179761979257332,0.0159872239429951,0.00157177458026755,0.0461878340063961,0.0318828566652674,0.0019781543974719,0.00513198480368878,-296.563560035279
100,0.00595412065519172,0.0131759007474785,0.00356340096252987,0.0245701681554184,0.0185243011822611,0.000823418757165313,0.0402859400719041,0.0304903817229217,0.00142941960676824,0.00368637734607496,-295.62935737925
101,0.00611109180687676,0.0147816731526282,0.00135352970109776,0.0219589768057158,0.0205805152404486,0.00287636215407073,0.0404452229861835,0.0243073512387293,0.00815932115002314,0.00792928086012407,-296.601410597162
102,0.00659165959009462,0.0265465704862449,0.00016036166514364,0.0185045396512927,0.02381229932761,0.00681437142426451,0.0279599719602067,0.0347744090167647,0.00869680433921462,0.00296048624400535,-297.06712040564
103,0.00666123111969723,0.0239082319269597,0.000725429905651373,0.0171223454608852,0.0243456058750645,0.00659394019274974,0.0127035442083585,0.0704803765990211,0.0107388596916596,0.00595650839853175,-302.593578551492
104,0.00821121480922184,0.031566902651648,0.00402578517500708,0.000509617412415566,0.0162210681983898,0.00441329441085681,0.0335901866555455,0.0483094071669821,0.00746946209976957,0.00361688582675007,-295.486242048876
105,0.00393117395266761,0.0243790146997116,0.00139014028949238,0.000871843808643932,0.0153023128313833,0.00196677444102288,0.0274922598253884,0.0573063257227295,0.00525154595989757,0.00477834848979317,-294.3205521296
106,0.00386158042617415,0.0399981464440835,0.00568371801199923,0.00054121321274303,0.0216724709358786,0.0044632431606592,0.0373276440351544,0.0665483895292598,0.0081299145598701,0.00430801602568735,-296.046576265263
107,0.00601156919530304,0.0491618587418151,0.00513936863621674,0.000104604713727333,0.0197524103343111,0.00635139493023138,0.0357762086714606,0.0549146633511604,0.00288680952981271,0.00287065341252033,-296.925864166059
108,0.00012883386906796,0.0243607612510705,0.00865513939377718,0.0262091342514015,0.0256931670473237,0.00458905789191326,0.0296638718810248,0.0360611498085471,0.0034129026351328,0.00379841867902698,-297.770124774453
109,0.00651748782611435,0.0234180801290905,0.00630280978028425,0.0161124186607078,0.0206519503005681,0.000610740496297712,0.0381504493022223,0.048732205681092,0.00906670740292312,0.00597025317936181,-297.304803569137
110,0.00563850417483662,0.0241085062090582,0.00535606737966308,0.0101909887771231,0.0161684753932237,0.00257749422586394,0.0313253138907292,0.0495738595401319,0.00637353623785226,0.00306741538779798,-294.687658718404
111,0.00234544643937083,0.0246855765969212,0.000459873303107992,0.00383519821965499,0.0132911905161925,0.00438021513572299,0.040467031220498,0.0442078596886252,0.00445164351442776,0.000665593067460653,-295.513585182993
112,0.00499455430726806,0.037859654157093,0.000347852705754102,0.0041891110831265,0.0166756874575879,0.00321683726668335,0.0402789559220778,0.0601549413120537,0.00573468949843443,0.00343909191814471,-294.787696081579
113,0.00350077472328875,0.025396927895103,0.00326414408021197,0.0110533166802234,0.0300419312941014,0.00254067781460626,0.0297218532037869,0.0365078726821634,0.00261358188997406,0.00518231849798771,-295.992463471432
114,0.00266699239752886,0.0228525612609705,0.00400567746988941,0.0136995774257451,0.0351149527823979,0.000611415768597327,0.0454445171486897,0.0389600126456229,0.00874091497430337,0.0117759365148722,-302.859750215745
115,0.00198165314568511,0.0155043568647146,0.0122655987155101,0.0159524304383426,0.036774827372558,0.00435700626491553,0.0242701479208427,0.0443129319509797,0.0128452302497573,0.0109590063264814,-304.838323475548
116,0.0186806075596911,0.0214655350043811,0.0143331733629485,0.0115229611688156,0.0276321200695129,0.00475461072402199,0.0458187408433046,0.0450069734776363,0.00822122154808633,0.00570883803686252,-304.571279968258
117,0.010716101110877,0.0174590168422612,0.0154556030926686,0.00701400308315561,0.0152977083116515,0.00274043224471941,0.0391570507584678,0.0513169530285803,0.00318508417321162,0.00505012154195294,-298.483903568769
118,0.011389734021417,0.0146209093428868,0.0188151803980241,0.00602149985760293,0.0178899807631281,0.00210479108878438,0.0297565563991255,0.017396913714793,0.00499158486589013,0.00594275062619294,-300.086393717647
119,0.00908329464820425,0.0266591506272575,0.00753360528217128,0.00979748680006002,0.017494837628695,0.00516623419144157,0.0196840911292992,0.0229252004454369,0.00176738313083127,0.0089856705108228,-300.281636731534
120,0.00839236717690085,0.0213524797601968,0.00925654221401471,0.0117908556644893,0.0185894517208085,0.0118242382820366,0.0459227547136831,0.0478032439292268,0.00613308792310629,0.00211876331936128,-300.166088000693
121,0.00532225835245924,0.0320283285110923,0.00580453206157422,0.00760780063858738,0.0195343381140198,0.00493268254291883,0.040962432225023,0.0530637954117228,0.006198639431283,0.00347574344016808,-296.186137588434
122,0.00500393306561189,0.0247221172968994,0.00307855766680254,0.0180322740377617,0.0265467744211447,0.00246163888462856,0.0213772047867151,0.0369920068750807,0.0157920522341031,0.0017433299941804,-298.034556959684
123,0.00552958390035699,0.023196611075249,0.00339540606259056,0.0175609532941053,0.0208765092276228,0.00227211141384769,0.0249905687044113,0.0449693360887406,0.0156736676806671,0.00295116798104713,-297.369636839828
124,0.00416599654148909,0.0183912919636569,0.00343228842973974,0.016476823927508,0.0184211267339644,0.00615616355347334,0.0272220022432707,0.0518696014289066,0.0105297959234395,0.000979826044020483,-296.304150583005
125,0.00379009414316123,0.0347977341812076,0.00611885572794297,0.0121168203750955,0.0195832380036893,0.00827688029237808,0.0265547952094635,0.0516057789340447,0.00384518423166203,0.00210774142759527,-296.638378523847
126,0.00309919485396148,0.0391090647202338,0.00744114951145002,0.0335786116624586,0.0110181334855825,0.00331913888080428,0.0344660705925317,0.0110283953926769,0.0037489536670601,0.00486037753309484,-303.353023230962
127,0.00299281434105388,0.0340672925301019,0.00573412832916558,0.0163843245025671,0.012179253677381,0.00259695374958788,0.0258143210125071,0.0492016759304232,0.00540137213282961,0.00186119886187842,-296.436345917205
128,0.00547755594695089,0.0239374608817198,0.00832227719093588,0.0167250371151896,0.0180219257433503,0.00312943233465608,0.0426264444546765,0.0411243710979753,0.00604852544706602,0.00287640239858669,-295.853148140458
129,0.00882950351112017,0.0182783184048017,0.0135824428266778,0.0225470425583723,0.0231899163084215,0.00379422058689542,0.038380036812568,0.037572783977925,0.00636419006307615,0.000845442321432848,-298.222766167166
130,0.00201137095365596,0.0246769252030811,0.00760998301485553,0.0135772922142743,0.0213574419054553,0.00119880576133501,0.0334232953765015,0.0200495819093062,0.00245836536270555,0.00997820436889238,-297.896629306205
131,0.00808777587874365,0.0194054629634361,0.003223466630256,0.0179977466193937,0.0177598656856629,0.00294243329325786,0.0346896142446108,0.0439147746533484,0.0018640956764023,0.00772051624701798,-295.58931691185
132,0.00458133019869448,0.0243783743349494,0.0069675154016011,0.000161059477670837,0.0201178616059486,0.00555553331916649,0.0389687145501111,0.0601707291418808,0.00925331451979736,0.00466956248307393,-297.920550511393
133,0.00911524665049476,0.0295371052307033,0.00992951097379441,0.00579851571100611,0.0209401687726835,0.00572581229072456,0.0252637757622919,0.0499019960728103,0.00540029622919367,0.00111793524583789,-297.467035384487
134,0.000889424834290526,0.0355593896982263,0.00100231489163031,0.00579768176439895,0.0222107593073558,0.00740992626683167,0.0330718380136285,0.0491073348721275,0.00162593905691042,0.00545454144312506,-297.330430743851
135,0.00878011605675061,0.0395968530513409,0.00290157524249568,0.00398003403316126,0.0224132677120823,0.00485447635016031,0.032279764220963,0.0465218416708765,0.00115017613897078,0.00313295576647826,-297.782299059648
136,0.0104845512722156,0.0294840416263809,0.000262532909591484,0.00405036410889272,0.0181846899134285,0.00283633212488425,0.0268694696355083,0.0447754269540377,0.0085824582574434,0.00163447427918501,-295.775154676972
137,0.00248197135829706,0.0347433111513445,0.00398434390924547,0.013237992532494,0.0265437176175604,0.00167200180472591,0.0242796537280666,0.056770218262327,0.00317529510165396,0.00086957804229828,-295.591164480147
138,0.000657844168310488,0.02464440834814,0.00403620531239976,0.0224305845262416,0.0334479547800126,0.00586682888883376,0.0295466931697996,0.0507925028874734,0.00495203251174606,0.00179507281205979,-297.776724722561
139,0.0025777387722554,0.0130315591903871,0.00537406441124474,0.022491185921208,0.0279652505708748,0.0055730077552883,0.0313936460961217,0.0420491895208837,0.00129262275857751,0.00560136679718315,-298.269580883899
140,0.0030509235706615,0.0111427585961133,0.000959696592630941,0.0194514874211264,0.0222358989946381,0.00175795356364158,0.026893474869113,0.0388308950501251,0.00126929602644939,0.00609017865620398,-296.888460311732
141,0.00542065129589711,0.0142334121840513,0.0040325577391761,0.0161271561463853,0.0175891054571678,0.00403625311285372,0.0597011571327124,0.0818497926894696,0.00170606753226552,0.00622980225672369,-302.362011672692
142,0.00361687427946069,0.0158429024768675,0.00502803186439244,0.0304713057472485,0.0197673547355967,0.00227276624665684,0.0667444633486604,0.0412981329472712,0.00306819257655722,0.00697219170388358,-301.635923977
143,0.000648048111550046,0.0265309569478733,0.00813215726875334,0.00455506680454762,0.014941268083734,0.008805936359344,0.0235143747387383,0.0614244294058167,0.00414316192016089,0.00843900122411434,-299.678505991691
144,0.00688665646126743,0.0197442900445796,0.00613422910186406,0.0228823571398714,0.0192920992902672,0.0117859367064939,0.0387224699034328,0.0211622126724683,0.00365886286333859,0.00329215682800756,-298.164974574535
145,0.00267619333626379,0.0152996343152326,0.00253584932072791,0.0216156773959033,0.0224337732239381,0.00790826964802941,0.0506641262747527,0.0494929451100613,0.00628065341073561,0.00473789216626085,-298.484735942468
146,0.00256232234253339,0.0169150338898683,0.00934516738747549,0.0205378333037574,0.0119578949618238,0.00118200575777641,0.0535224801781845,0.0303475225306282,0.00245033044993122,0.00487410209571551,-299.875519140536
147,0.00300529999294451,0.0204575455546462,0.00605458303043146,0.0207421561211702,0.0155004188407303,0.00298815149357053,0.0293399212427607,0.0278536126669428,0.00279713017569509,0.00835535208806932,-295.386229311717
148,0.00638514844235091,0.0200876785553655,0.00709664195699316,0.00101991898087793,0.0240667229128445,0.00101378910395202,0.036974312557877,0.0605220325935458,0.00438415155481159,0.00500694083742643,-297.216739242656
149,0.00899510770791092,0.0285812464526738,0.0025645098329012,0.0075938159543668,0.0291441394222051,0.00328328055175912,0.0262251012710252,0.0460436655899212,0.00210606490711067,0.00422060719336756,-297.089061735888
150,0.000959351962790639,0.0288437611254967,0.00319576699150829,0.0140171061935532,0.014817303069422,0.00235716812760173,0.0255612444039945,0.0504563372663891,0.00591966021105887,0.0058531609917703,-295.650466601788
151,0.00381605988301661,0.0185667014984919,0.00125077454068456,0.0206521661494687,0.0281036557521727,0.00381888170419162,0.0378808686447873,0.0304374782937405,0.00588452391355073,0.00365736271398699,-295.384405625121
152,0.00274711478721568,0.0202600225449067,0.00287259931396728,0.0206886197537602,0.0246247611854981,0.0102406045487918,0.0324943268894266,0.0307837367102046,0.00469203661688815,0.00164927910296346,-296.697431208458
153,0.00399871258686987,0.0167892865373733,0.00487838541667155,0.0181283625014056,0.0281136009242514,0.00381542921666349,0.0323324708387537,0.0491019361630997,0.00410703634000098,0.00168994614671243,-295.033171038621
154,0.000610044883831717,0.0147574490292454,0.00269449879771509,0.0534709833819283,0.0189672508264082,0.0046122341850808,0.0369082665956295,0.0349520579030664,0.0151395957520532,0.00352929940852861,-303.68269055785
155,0.00939191913132855,0.0101395754370218,0.00188277998190072,0.00714753205001369,0.0256287984799227,0.00329117348588363,0.0286772424530082,0.0329023114642633,0.00530751282174257,0.00318792779395065,-297.786153716163
156,0.00786166729944033,0.0243347922227852,0.0123004389644167,0.0130346971591712,0.0237934573786249,0.00165072271893194,0.0238384595803504,0.0519681682287975,0.00828442335634177,0.00314656143635065,-297.204570339645
157,0.00666036373876688,0.0172066774827641,0.001628040759003,0.0162475717369705,0.0235689773221997,0.00111949572290553,0.024594398429771,0.0384566714292642,0.0042325431166298,0.00156739460805562,-293.910129637309
158,0.00989862897707041,0.0264141693170135,0.00244022461287447,0.0157061047547341,0.026285419116256,0.00339213033143996,0.0251094021007178,0.0308254083735061,0.0109151441610595,0.00207685936264316,-297.961811364038
159,0.00753721798669249,0.0253808314704151,0.0136745860989757,0.0066579073000102,0.0154103658174069,0.00256960650331145,0.0436230734401088,0.0500610636542759,0.00994761074856953,0.00469991549077385,-299.721621534162
160,0.00761697416211127,0.0240834658068895,0.0156684083047624,0.0113004156434268,0.0258075497606862,0.0076199627518134,0.0183406832003555,0.0652367433984675,0.0116490770923654,0.000968938042703081,-303.131304841623
161,0.0106143595178607,0.0130340001458681,0.00211415960289969,0.0281216142042221,0.0321901593073235,0.00847773379740168,0.015381541766726,0.0596300484576468,0.00694016930171517,0.00127255146554589,-302.559148215309
162,0.00685377553200047,0.0253979019713275,0.0007830177425644,0.00777343654897967,0.0328687177628618,0.00235382036490666,0.0525443374254975,0.0657686507725632,0.00322636863524465,0.00189314899813369,-299.690129841692
163,0.00491673082382688,0.0347627743121808,0.00278198320314132,0.0023863093451381,0.0333265767646788,0.00346409000777638,0.0328469432344086,0.0485772407996091,0.00408382282022261,0.00331477567585866,-296.71820282206
164,0.00436466999635117,0.0421021590887916,0.00406233633077888,0.00463780795639112,0.00979458125409913,0.00282574380434409,0.0301370711330882,0.0612066426431988,0.00784435803431457,0.00302901687249521,-298.095411527356
165,0.00568680333393833,0.0277290190833059,0.000500618082944622,0.00356892443448324,0.0156053814632846,0.000481757134418682,0.0316348058350322,0.0432465434119636,0.00771450917933062,0.00269747889464396,-295.130295913789
166,0.00824493086870679,0.0293589239485889,0.00170394981827463,0.00424461676979153,0.012803758120855,0.00456402820203951,0.0450737324631667,0.0526657337480285,0.00650712638572998,0.00343136583482712,-296.397060900352
167,0.00818924001838182,0.0221271235819209,0.00142135778237818,0.0197473224781747,0.0120182040102576,0.00264785001651679,0.046384130154683,0.0331543881781347,0.00201989509512441,0.00801759814018664,-296.910348532913
168,0.00629802879241457,0.0178731191161411,0.0013754411404838,0.0200846259013581,0.0204073833039657,0.0026401114298204,0.0229775967847048,0.0206240479334084,0.00503318534097144,0.00211798200457917,-294.814604680413
169,0.00401881316000713,0.0180454353539896,0.00030490269198339,0.0272220692324016,0.0148795270415155,0.00192144134993121,0.0319238858823152,0.0271536289108033,0.00559394708840432,0.00118445738467123,-293.802975857317
170,0.0046524995979743,0.0270238513752204,0.0054473819232667,0.0111708745201452,0.0181867551405277,0.00487178046430673,0.0225739848302521,0.0123027290181159,0.00374544894282418,0.00924346081941063,-298.078376289859
171,0.00714232606446503,0.0246364091685034,0.0071006710135235,0.0264679413100151,0.0185379659311016,0.00780860378833921,0.0400283082876454,0.0294092079139517,0.00252716906828201,0.00640276995843003,-298.293670867719
172,0.000260448494186187,0.0259414557044409,0.00210609146582715,0.0209047165824888,0.0187328932487916,0.0060508027551404,0.0441164119571443,0.0250674422635078,0.00812101622257159,0.00238735910371084,-300.355045529533
173,0.00457378697510476,0.0238232230734653,0.00257209331745183,0.0166550810675498,0.0175734217371353,0.00202082466855202,0.0413838388984752,0.0546767174863646,0.00300170570938939,0.00252658340448039,-294.449587157096
174,0.00459311267207128,0.0268145163981924,0.00182001751486854,0.012520572146756,0.0151493335688227,0.00570883368594835,0.0306111469757891,0.0789601940749993,0.00358582225732244,0.00316560431137488,-297.057649470236
175,0.00417886920672072,0.0320156414972706,0.00104341194832136,0.0182173692945088,0.0160455944213039,0.00610796396997995,0.0263941512788063,0.00637768751340082,0.00763159965877479,0.00537558723102296,-300.174704348897
176,0.00417993212709118,0.0299194367605226,0.00207153937377179,0.0142073154614771,0.0131557096263031,0.00266469421403499,0.0340258871079921,0.041032338806181,0.00267729570430742,0.00418706695062989,-294.755889990532
177,0.00516605708292087,0.0233998737461301,0.00254882495992715,0.0181044545091818,0.0152234058797954,0.00415726016323071,0.021489764269502,0.0208955013873262,0.00262175870827414,0.00374688190805764,-295.359116588562
178,0.00297375366395482,0.0227904873611566,0.00629660494428754,0.0194241399780015,0.0172372970758463,0.00326658166220852,0.0482695016310282,0.061329485868755,0.00402617325395769,0.00356819712643368,-296.632304609136
179,0.00573104420995151,0.0206628935690101,0.0087014953709021,0.00928214832856336,0.0334479891689521,0.000691916144177838,0.0371017685234882,0.0577067359002466,0.00914388407816362,0.00244752079404161,-298.645356353829
180,0.00281877239013339,0.0249526683790952,0.00442173121427774,0.0235450395709009,0.028501902087844,0.000854487022389098,0.0379310882884461,0.025052273750355,0.00589393627437295,0.00176375431077968,-296.872617977174
181,0.00783334634817256,0.00486094761678547,0.00148869538276793,0.0361546066159112,0.0139580397229234,0.00192423477044861,0.0361233040815516,0.0309275941484168,0.00776891678624609,0.00430460837397721,-298.715454444728
182,0.004532233303735,0.00728285460748525,0.00464369149706373,0.0314209764545562,0.0182907569352341,0.0048299561497157,0.0331368345784316,0.0329611795804142,0.00387134083823689,0.00546306224556955,-296.872816805858
183,0.0079157155625823,0.0259714625296152,0.00247642399895491,0.000521228476923694,0.0127629354301611,0.0189254024783844,0.0321853283674702,0.0393072343254292,0.0034313113107759,0.00658952031260048,-298.830914405823
184,0.00703316623556597,0.028301614807393,0.00363851062379244,0.00491000247648087,0.0149611178811813,0.0115146923668005,0.0339345124235638,0.0413043991562538,0.00338813301483565,0.00306338273798542,-296.41788283636
185,0.00280782277860665,0.0233491731966029,0.00588337213011586,0.00661763059514587,0.0208020670260433,0.0122915191866775,0.0262445160070371,0.049343689354143,0.00629453624532544,0.00116879969212218,-298.343935893415
186,0.00392517434803487,0.0330617135383607,0.00797404291387904,0.00278085115503847,0.0139248788506695,0.0123033932598272,0.0367375788989161,0.0513666532967916,0.00482514618966576,0.00704933434821792,-298.676057996769
187,0.00314436671281373,0.0304264797834738,0.00185065129033694,0.000956441688608324,0.0123133460204579,0.004814138024558,0.0226042408790378,0.0509777639683888,0.00191293023217114,0.00684386430545603,-295.935607127978
188,0.00571247598741835,0.0318709212166788,0.00176426947414141,0.010482926369058,0.0203373018828623,0.0044205198531674,0.0409019298037598,0.0526616329327125,0.00581494626887734,0.00529885524459255,-295.83332283169
189,0.00205025244382799,0.0418593133802041,0.00256318337845448,0.0200657763707743,0.0168379007486072,0.00182973351054119,0.0237661373018629,0.064114541812499,0.00357652038013146,0.003577740447032,-298.41149394883
190,0.000329561215150503,0.0185144764412336,0.00748553292114209,0.010293777316299,0.020499594180977,0.00526240646133003,0.0216515603615425,0.0408907221467351,0.00537788452250628,0.00534462577637035,-297.631597596561
191,0.0064576795220376,0.00580281519884953,0.00752937794638536,0.0348343533759334,0.0172863283331562,0.00171696882188487,0.0512641333772705,0.0494722244123816,0.00847572328102285,0.00577032541016119,-301.631467489959
192,0.00905651965280826,0.0233818192668827,0.00677579507296986,0.0121184378630455,0.0207087837987726,0.00121473011316061,0.0443272524090528,0.0329816834279017,0.00623375827737593,0.00202227162222136,-297.11596714328
193,0.00196126337989654,0.020175886322792,0.00756286117863395,0.0302310656049539,0.021172548946848,0.000820626740472541,0.0240552881362511,0.0262856776533412,0.0036807892697111,0.00081309266342629,-296.953196745023
194,0.00953320951886809,0.00846612442648944,0.00362627932490723,0.0215522449835856,0.0147360779291021,0.000460005434337579,0.0384881771500736,0.0421742385240515,0.00511890502623846,0.0022806171668,-297.082015684037
195,0.00270176608936961,0.0317198658363557,0.00356264776252322,0.015507614066851,0.0185404124415579,0.00428108049399098,0.0287527322222533,0.0446043213538989,0.00893063995300484,0.000712338477734376,-295.519763318814
196,8.64511249207631e-06,0.0376529747395338,0.0105751807064199,0.0158133704695766,0.0183123767506065,0.00507705587300091,0.0305971338041337,0.0467436977359382,0.00834443507651848,0.0107434811049317,-301.585054676833
197,0.00395447924516626,0.0360100005007387,0.0144172766929704,0.00399416336061995,0.0175978458981539,0.00227281744916306,0.0192266089418851,0.0523189157001244,0.00205567914085641,0.0083832115981751,-300.633676503198
198,0.00562143254389236,0.0282892170476098,0.00800826245424373,0.0133423947683942,0.0295742754416132,0.00152910949429674,0.0272093793775503,0.0622598921175641,0.00731722300460144,0.00597436396921127,-298.212367363011
199,0.00382366256073513,0.0273983801452063,0.0181030549791295,0.0042059767879032,0.0285390958100932,0.000247130278024067,0.0286255928602258,0.0432002021300167,0.00405671652358807,0.00487962006518743,-299.556440129764
200,0.00290612278142736,0.0242081567125958,0.0189283577329108,0.00242565003601535,0.021861087511421,0.00510121411447742,0.0249114153058619,0.0559526965073116,0.00503853216775184,0.00490243036090179,-299.044446143057
201,0.00246994142794683,0.0254988231935657,0.00940449830662753,0.0107783522329806,0.0300129451124779,0.00389112974826775,0.0303133993419647,0.0474981047138422,0.00366564630074297,0.00320327868888785,-296.257721937156
202,0.000876492442212979,0.0380131326243872,0.00876916761072955,0.00987388810216654,0.0198757105795931,0.00605195288219301,0.0231102299352591,0.0439324507982242,0.00310434113842175,0.0113501170653934,-300.405394663279
203,0.00487461503672434,0.0251166217428525,0.0105515385722343,0.01529767140163,0.015338398366422,0.00246677011171773,0.0368134998798617,0.0340419374021996,0.00327795656016768,0.00419053102693055,-295.871073925587
204,0.0082533235716426,0.0230394402392588,0.00785061250345684,0.0157669032171446,0.0153274127439501,0.00863268805509954,0.0338975606261854,0.0370266303906889,0.00438533293898082,0.00442556794977364,-297.20803119588
205,0.0100875417000973,0.0246626748490765,0.00158354025926453,0.0218969651234199,0.0149512201685249,0.00602214760202058,0.0463802415861127,0.0335007677007812,0.00475187324677055,0.00863972141351664,-298.132916376247
206,0.0105369582381678,0.0168807196477424,0.00406293687914248,0.00101914508842404,0.0158727191136162,0.000234463871113947,0.0324774024999248,0.0604848953736092,0.00332362243444688,0.0076868792538186,-299.41677976791
207,0.0147586507203681,0.0186771948756401,0.000216960204890175,0.0117537046394329,0.0179885077481619,0.00891563347688545,0.0289391809661767,0.0171047483256361,0.00257122148563729,0.00516301724324578,-297.49033241751
208,0.0010163435842012,0.026808232831025,0.00119704973528801,0.014319815517572,0.0174985339250189,0.00230474312669451,0.0297171871220102,0.0630974951141158,0.00485476236044182,0.00397431662986533,-295.610140156582
209,0.00656385274350502,0.0241353601773584,0.000136721620541307,0.00589538628590871,0.0197774730626439,0.00364337108465994,0.0326835269791761,0.074728855413805,0.00386176071846621,0.00484471526764563,-295.491386685628
210,0.00640594639399459,0.0383239132824615,0.000764020562338447,0.00156781371439713,0.0138413124947233,0.00486938481864975,0.0378084850294716,0.0373220224779332,0.00724124596505338,0.00475683951024451,-296.170194384721
211,0.0153560434890477,0.0269381138820222,6.27800731374062e-05,0.0119980407488181,0.0205469548644449,0.00136353589913272,0.0254639036487067,0.079772427540885,0.00781065180886428,0.00404181981424401,-300.165513382928
212,0.0110353441802858,0.0254353302214806,0.000979678773197961,0.00272956052053763,0.0191278688503463,0.00399087708494381,0.0296843227788482,0.068815009752618,0.00157965538560305,0.00243592456714837,-296.49298082513
213,0.0034095535135046,0.0312084883412832,0.0151973411431891,0.00605787012709824,0.0211254041775029,0.00164042163777907,0.0436609673267788,0.0325031648490974,0.00880060181993669,0.0011389370901473,-299.72334596941
214,0.00276558590318075,0.0301524840230657,0.0113167842751348,0.00880951701080514,0.0344525088416489,0.002397812301539,0.0204935233305531,0.053695239346781,0.00866456168224721,0.00623581811991141,-300.106081374784
215,0.00283884207784903,0.0283845038781932,0.00791116485875612,0.0143203057806742,0.0350739196219608,0.00117563094397941,0.0247535212643095,0.0367467222010134,0.00703884454584312,0.00100428193245918,-297.42240892082
216,0.00403767164135177,0.00884160944184071,0.00720175037943222,0.0265059502425217,0.0184622813877494,0.00326992807604499,0.021240323212941,0.0359388794648713,0.00238236451435842,0.000669463884718049,-298.475350606552
217,0.00535777484585878,0.0314233894953459,0.00390747945001166,0.0246673262585819,0.0236052404016173,0.00128090066927938,0.0442197163791012,0.0302785535801031,0.000850876884831226,0.00272349634741529,-300.114708332797
218,0.00975969892521719,0.00571288537650202,0.00349524190582964,0.0354387067228077,0.0238006721976198,0.00340827993320751,0.043372779110263,0.0292190191767646,0.00688200057833146,0.00142751276134483,-299.226592230363
219,0.00495848624505177,0.023030117700111,0.000794618188074824,0.00732495987975157,0.0163214217691752,0.0077916118572394,0.0366154122357134,0.0597379729692758,0.00527635075964132,0.00480918134144097,-295.567462942118
220,0.00559088853694447,0.024882147153474,0.00143718947148881,0.0131475796562478,0.0130892715525655,0.00212917252032324,0.0319570215565253,0.0351583975813964,0.00474794800445264,0.00157873805827434,-293.910736828522
221,0.0045239725646224,0.0318824150274271,0.00222908551768648,0.0102288833972245,0.0263593122167153,0.000648648451636354,0.0230524531943138,0.0599686155241521,0.00664704348462362,0.0024097948582764,-295.356528380319
222,0.00496105405172129,0.032020673066452,0.00253853689665607,0.0119421795510057,0.0194969461815565,0.00453346868604533,0.0379697516865628,0.036269925987306,0.00558928163245671,0.00622090227746415,-295.980740826224
223,0.00343402188008226,0.0343024757790862,0.000153047297159006,0.0217767726881909,0.0169985315941327,0.00526030289238126,0.0328452557035786,0.0235277882659631,0.00380833987099617,0.00778561749288815,-296.659871495485
224,0.00275847306895816,0.0259468780073118,0.00190153117657006,0.00812600325860198,0.0136386043425975,0.0011201895054586,0.0298776247496153,0.0331907874553229,0.00241652909371334,0.0053008319807273,-294.585471193564
225,0.00731704712254506,0.0217278374200019,0.00145395001427487,0.0240733212723811,0.0126900205577529,0.00440262546969548,0.0328561795110965,0.0322125047935994,0.00293182874556238,0.00614508755024383,-294.79091893513
226,0.00617225594636059,0.0192005326913043,0.00236025057549539,0.0242240325054398,0.0231182847601142,0.00684863735052632,0.0283059960412839,0.0202027660383574,0.00370374017301892,0.00744713256308745,-296.284137232573
227,0.0127889556368987,0.0153088299238547,0.00169780871166107,0.0128559985373912,0.0127192423467193,0.000785595634759061,0.0348367895467846,0.0322427917666191,0.00927674947217944,0.0109901288891279,-299.585396759323
228,0.00165804572280381,0.0354658755188002,0.00173126132292417,0.013742190821323,0.0208168518954108,0.00506642089609489,0.027404061248316,0.0404505938927962,0.00210933870124542,0.00438373834916753,-296.537542030133
229,0.00636029890396272,0.0317732304827513,0.00231801175363524,0.00463487528642478,0.0213911733138807,0.004746485162283,0.0270019771228032,0.0731277254678385,0.00802492674206273,0.00173643257921524,-296.233048098064
230,0.0087140751186156,0.0287231856688655,0.000893001570707866,0.00130115145162387,0.0160065857913088,0.00298860969020854,0.034723546781334,0.0744924394783133,0.00522239470658268,0.00298913069330435,-294.751512533998
231,0.00569292033005908,0.0383633184373803,0.00344522254365233,0.0075874428744154,0.0273409100119974,0.00160555509493629,0.0338694437233882,0.0475250127496171,0.00915779043374119,0.00344725104299933,-297.159264180896
232,0.00377197899076899,0.0256930606144448,0.00862087155165238,0.0155205447836547,0.0135031594951781,0.00490687015521305,0.0441432813425478,0.0416498148856368,0.00368039170241257,0.00562742762668713,-297.170754585867
233,0.00966715070267478,0.0216847480740453,0.00395488339564652,0.0190915939489624,0.0238272712401358,0.00740606504772907,0.0389120989269255,0.0480079837001862,0.00431005219033141,0.00158170751350391,-297.030238486736
234,0.00694313265711513,0.015199619023531,0.00955643787449568,0.00873911826873492,0.0149757501993459,0.00523399566863971,0.037415970931446,0.0580380726456125,0.00933539201017333,0.00320522740743602,-298.54710951931
235,0.00486069830666853,0.0161642828135328,0.00129033647255365,0.0305982370865399,0.0212111891591672,0.00219378073287329,0.0370716504403005,0.019156893666328,0.016638859896476,0.00304724070582087,-300.863284648503
236,0.00466957998699786,0.0136567895217703,0.00789092993797177,0.0318050886927678,0.0168340882662652,0.00160106074311931,0.0288077438996006,0.0608820918785744,0.0154412982361642,0.00641839201401949,-302.919247763061
237,0.00706662438504909,0.0115596301615549,0.00815582235987207,0.0136561300549165,0.018079897129927,0.00104205000354042,0.0310305103121525,0.00872011829978905,0.000984219275449146,0.00358704178719069,-299.630879940586
238,0.0103242124082775,0.0243385480742984,0.00479463418652879,0.0102417018662851,0.014770007229554,0.00283705929568876,0.0291901553350629,0.0539036042598821,0.000862553201597352,0.00810465861163021,-299.035743863868
239,0.00262630034497634,0.0150530226774825,0.00782054068990636,0.0150315623282658,0.0188525239594544,0.0013182684788426,0.0411831156016027,0.0413555952816999,0.0102169516495749,0.0191132496751724,-301.048356995953
240,0.00566708181450487,0.0159895193970543,0.0197695117964169,0.00925863464593397,0.0148181735704186,0.00581387405076711,0.0281918569860139,0.0352679012853663,0.00943031151896808,0.0010368952275124,-299.809327087265
241,0.00152686069613617,0.0271618899404293,0.00542792341753064,0.0044285624640232,0.0155989209164028,0.0037416505082012,0.0225148472565259,0.0551555569120341,0.00540807002214803,0.00114765969838599,-295.514076862854
242,0.00231730040279433,0.0249119207644363,0.0129475321998992,0.00871387139763238,0.017511439895608,0.00106456339603362,0.028017168381112,0.0322045907303406,0.00396351336344443,0.00715595064694974,-297.163903696706
243,0.00670410347787299,0.0169181008703509,0.00723336448167553,0.0296264692834541,0.0218589170721227,0.00573405748213194,0.0231282655694335,0.028325059164508,0.00435073761990212,0.00232828146971748,-297.113547861221
244,0.00402201213792254,0.019016476645967,0.00774247036257304,0.0151540837493632,0.0213292411437303,0.00135520127256043,0.0197523139151565,0.0618982256519253,0.00614551527788539,0.000879147036399857,-296.618267678072
245,0.00602309879086943,0.0144976743602724,0.0179778907114475,0.00704350285521518,0.0182920906679627,0.00134384036774485,0.0369020030307869,0.0367388957034391,0.00782913060082687,0.00278368484594483,-297.946600589586
246,0.00837203835851342,0.0144534662115981,0.0300488234554926,0.00688215005890949,0.0178345411090009,0.00095883449013943,0.0275052338563087,0.0201384467560144,0.0040674476821052,0.0195047617182046,-304.113825678727
247,0.0078161355417156,0.0139816129581386,0.0270888685547044,0.0185907253058398,0.0194780326539471,0.00274172968762147,0.0409243832006123,0.0221697553279512,0.00591020908481778,0.00343174911563257,-301.237956800937
248,0.00462526190465514,0.0166645136669663,0.00776239178759648,0.0212319626302487,0.0145699992845389,0.00104428678573823,0.0325671784863885,0.0311744307206721,0.00216568561284232,0.00436873531891867,-295.329827194987
249,0.00274374193579251,0.0230502516293394,0.00892023160350606,0.02678901031095,0.0229462517922904,0.00378078942739139,0.0364238886573814,0.0305830748643326,0.00430551532860249,0.00207330779407458,-295.936552914207
250,0.00898403221041603,0.0214287715645127,0.00602252411349366,0.0303216954592444,0.0118989626218371,0.000763349500156507,0.0252944799634461,0.0443831507568241,0.00388765582472102,0.0111202121288613,-300.671075068583
251,0.00677717218429109,0.0247839899777696,0.00670211686441825,0.0263486738889541,0.026325649322015,0.00370038472569511,0.0354406479786887,0.0322887185861703,0.00204856528068316,0.00720443499376033,-298.178145453416
252,0.00166851627885539,0.0182401760563562,0.00531932143265289,0.0184699945677293,0.0238408263508615,0.00210879504268882,0.0518917446716868,0.0306033599250463,0.00716684056913349,0.00432425079885928,-298.138906006013
253,0.00735842175258304,0.0185723373534362,0.00543858747137312,0.0224511183754978,0.0180874687366048,0.00505592797525831,0.03699372954459,0.0518377207638112,0.00348254454124963,0.00231527990480991,-295.552166689597
254,0.00546233105287431,0.0166889750095953,0.00624451089212617,0.0128994905707269,0.0286376703381898,0.00232941780048489,0.0312272744404695,0.04132648306202,0.0100519345225875,0.00400835208379401,-296.923232659333
255,0.00371287024782424,0.04029148480591,0.00241348297532856,0.00959191188233709,0.013327001507124,0.00138979466379388,0.0294440145038087,0.066505679397523,0.0110134912722107,0.0033305985025981,-298.60614053843
256,0.00592977903928122,0.0346423663646352,0.00220556487605882,0.00384594848415031,0.0263391523086108,0.00208163071622263,0.0346226943356448,0.0886650255426491,0.00874318648879218,0.00201907284035904,-298.110317143055
257,0.00640792340911195,0.032957922387179,0.000605464427875253,0.00442058471564863,0.0256605390204235,0.00276281656336736,0.0233951373832631,0.0680494832439124,0.0046682090858128,0.00324952792188162,-295.564488996521
258,0.00469770142362002,0.0408627450433787,0.00386968590046096,0.00360227119228577,0.0218372122878371,0.00681086594538214,0.0464558661913497,0.0573762861355401,0.0047559650103137,0.00151477605374264,-297.421893972714
259,0.00756507656599234,0.0116229303161771,0.00775952833315429,0.0383119217105054,0.0145115442280126,0.000896644678939942,0.0406023024998986,0.0447841446588038,0.00699812482352822,0.00240254475844089,-298.258337247105
260,0.00937598705941469,0.00800328712378615,0.00305951725127633,0.0259365041444035,0.0180925540328979,0.00129403485046237,0.0303776157122385,0.040376298777592,0.00690868594687476,0.00458215196366967,-296.49706869426
261,0.0105940940745291,0.0239750884703185,0.00478510117660714,0.027963920308378,0.0215905544937332,0.00604416281758939,0.0246802287815537,0.0652538858737763,0.00552881636977845,0.00349584890670179,-299.674106128338
262,0.00648375082848934,0.0192282355123268,0.000675840453996905,0.014090792139102,0.0186736594449959,0.000959276025363459,0.0308584917614517,0.0628198398684273,0.00407564008951231,0.00229238424599357,-294.946046220605
263,0.00679975422690832,0.0242360767895286,0.00239811388061093,0.00428883643262371,0.0270077664909532,0.00349237383445746,0.0373812625249495,0.0580054355032241,0.00515505410759639,0.0011065915824929,-296.306381123804
264,0.00807148637440638,0.0398070833921494,0.00142589813807817,0.00252166901449227,0.016501553463062,0.00349753391625742,0.0311007786523539,0.0523132793504277,0.00477206795366913,0.00322984999897863,-294.55920737242
265,0.00822006606236088,0.0316141117918108,0.00262801967645994,2.62830232120854e-05,0.0250147712131584,0.00200311833153383,0.0373715153307715,0.0791042302518592,0.00447009754231197,0.00190335065331599,-295.724210114686
266,0.00315986110081917,0.040032934905945,0.00414600353302335,0.00447048754820549,0.0227914542946378,0.00101784088472984,0.032055157859555,0.0566220920666205,0.00389181456835397,0.00408682691820512,-294.835168412825
267,0.00672861308671257,0.0340752732553275,0.000111243087330789,0.00185411801258609,0.0177498869903673,0.00279954017666604,0.0340306963767076,0.0552223565162252,0.00379477465273245,0.00138833293416482,-293.336744046417
268,0.0041175715166512,0.0392969550377426,0.00959927525438543,0.00213662964743941,0.0145402040125165,0.00338401338815552,0.0296344587927918,0.0583934646839695,0.00568465256755155,0.00301303310227067,-296.222032666784
269,0.00439262543978172,0.0371607104076244,0.00383423684520505,0.000524154363675557,0.01218551135158,0.00576930895221559,0.0293090862448422,0.0267250818856078,0.00820916110787601,0.00518836285555728,-298.248410092323
270,0.00835210648369709,0.0244203527453737,0.00114645736752831,0.0073169657911136,0.0179159695215874,0.0143083288871725,0.024578919248428,0.0660431407077381,0.00760079937786457,0.00590279171391185,-300.374036249071
271,0.00318746092562156,0.0272492005523743,0.00316898094370564,0.00766063505609291,0.0137378061102838,0.0028029864652599,0.028827024766736,0.0555928349550835,0.00657865239018425,0.00788573416458205,-296.260262773339
272,0.00744328112520623,0.0320326348722798,0.00670672186266229,0.0161622363033088,0.0133927683698387,0.00275064293062335,0.0242450176110384,0.0393693559657499,0.00614917030719444,0.0106245366901672,-299.894885842074
273,0.00541823873007367,0.0258141749794721,0.00281913220271829,0.00786287829369915,0.0218160912437244,0.00332802515127076,0.0221953662157882,0.0531166949157411,0.00993065016954329,0.00854278768212756,-297.774092712447
274,0.00180391651918176,0.0264607384849859,0.00353263146536352,0.00248632265534129,0.0221230028237264,0.00557458196880402,0.024972525493678,0.046531907122985,0.0103543279132479,0.00508975022479674,-297.781803990106
275,0.0064264582978717,0.0287799624801823,0.0138778471411048,0.0175093089237715,0.0177066347128703,0.00526589302649702,0.0345275345128026,0.0306268115965891,0.00649441573874678,0.00217374198029873,-298.624230326266
276,0.00392713636519632,0.0215642760704341,0.013382059868808,0.0129334002129684,0.0274394647877685,0.000488754720419617,0.0245397741692809,0.0515330866224875,0.00380562512072267,0.00462732262411547,-297.210792396433
277,0.00168200287680062,0.0219974007633976,0.024471816541397,0.0117779498101017,0.0222923966499477,0.00260478499708475,0.0389394304272012,0.0229079908921321,0.00801747920458515,0.00498107744664083,-301.043082874597
278,0.00677186148379295,0.020012268372359,0.0287503284602523,0.0197400459481317,0.0135163812067201,0.00228751812336576,0.0340638207153948,0.0449975129787437,0.0116386534073169,0.00251817729913797,-303.381322099823
279,0.00682373131076228,0.0152033740447169,0.0312083519795445,0.00842723551398958,0.0201466747203188,0.00451974442402529,0.0301676711366461,0.039092733097519,0.00871874761587565,0.00672447134388156,-301.944795343829
280,0.00445476511685313,0.0237838493012588,0.0147997186598343,0.00719882200640732,0.019867087634415,0.000761547887485622,0.0215071498093196,0.0421227516858235,0.0085766731297238,0.00449854805449276,-297.71346672373
281,0.00264587289689757,0.0221428708431096,0.00314951925263711,0.00743344540067908,0.0220664471863534,0.00513326323870805,0.0356936211584271,0.0640035728527381,0.00138379482567571,0.00262598733165023,-296.93479526767
282,0.00140132509572222,0.0231642491790695,0.00291078683999166,0.0233573586951494,0.0220570760930282,0.00457901826133008,0.0342652982412439,0.0634526831228483,0.00773376864798858,0.00234410772730301,-296.687405047569
283,0.00199878695744462,0.0189204876242143,0.00647037900331489,0.0161391470059363,0.0276161388443162,0.00145110692399882,0.0220004244532191,0.0595577342882113,0.00423740615953034,0.00205772195356082,-295.903936710499
284,0.00136797357199414,0.0275515416697792,0.00366837992107462,0.0054594984665071,0.0224922904450334,0.00146874247251519,0.0243555592834645,0.0648094291206851,0.00384616675065655,0.00511367545590915,-295.284942833342
285,0.00722469549578367,0.0481101248773972,0.00138686965804616,0.0214311503186681,0.0253171696590223,0.00524546897544023,0.020866659022973,0.0299305690012689,0.00583509023277579,0.00168998576105342,-302.504032009949
286,0.00107916954339021,0.037554080089625,0.000203617241679448,0.0122918743946115,0.0239254360084802,0.0018292809055255,0.0263186340220856,0.0812345681825005,0.00573105821940314,0.00700491929202524,-299.802426284537
287,0.000753581075964974,0.0336071978391462,0.00209567215493151,0.00989715362176919,0.0188006474915897,0.00496141244014334,0.0250370810706137,0.0549348397924051,0.00736144051766879,0.00523081766655926,-296.41104629447
288,0.00418696938023691,0.027788021177917,0.00491470021056404,0.0106671482731443,0.0176633885289914,0.00119880042992811,0.0198443275455778,0.0683304324661734,0.00251960240268695,0.00488979794946786,-296.897107383042
289,0.00517915349418921,0.0256180320785089,0.00390755908140162,0.00669763381471707,0.0244629527560823,0.0014093011233075,0.0276982965295674,0.0408048232197231,0.00416544344169415,0.00384600426389524,-294.972750381029
290,0.00486483889669769,0.0429891822742379,0.0032356655821566,0.00369262725945329,0.02159197123606,0.00183912228007653,0.032828866018341,0.0490786618233628,0.00270164198212257,0.00246578807280067,-295.293013401944
291,0.00762178050017141,0.0250319233301144,0.000512833201877851,0.0077243440278176,0.0211781952224942,0.00442729721393526,0.0269928023875802,0.0305832865928419,0.00657236799370787,0.00737952422789067,-296.222946099678
292,0.0115382816741147,0.0169809537805404,0.00181754103036259,0.0249300048875223,0.0210032704465335,0.00429641881181571,0.0259725695817927,0.0522368005067861,0.00523743449752644,0.00153461327920808,-296.078166093227
293,0.00366496164421191,0.0186684638872822,0.00539498245924585,0.0246385426333399,0.0169447667251653,0.00121795514475689,0.0257885125613685,0.0307427474678277,0.00451547126782124,0.00152766934964015,-294.293378077079
294,0.0115752439484823,0.016554202931856,0.00728175455984436,0.0154024991037246,0.0192129579209584,0.00299325652827869,0.0248080489567553,0.0559387060376787,0.013659665503994,0.00142829285343988,-299.390962184142
295,0.0013271150290848,0.0326364029715478,0.00480385317820901,0.015970904144998,0.0225432951417331,0.00286788870254123,0.021384364797181,0.0494039564074614,0.000847068194749672,0.00845136804860547,-299.173595403691
296,0.00302270869614856,0.0202641693712526,0.0061560944170705,0.0149143273277377,0.015352484786286,0.00476105396381749,0.0343179221066132,0.0467911284087631,0.00263220503819393,0.00791157389678756,-296.071898447939
297,0.00633584345253272,0.0236545341760111,0.00647689216794156,0.022088860274751,0.0254443496098568,0.00767886940285688,0.0313536847328881,0.0247781307919851,0.00255418891934997,0.00187359294471279,-297.953189118981
298,0.00547061079876791,0.0130938056647182,0.012221318405699,0.0347216515328671,0.0265777085006526,0.00661847994107454,0.0282808336559763,0.0329450437537926,0.00317792906774678,0.00158844771555912,-299.404474732817
299,0.00241984902518094,0.0247459721196076,0.0131936628361738,0.0324752421310848,0.0128396428234889,0.00319911025407956,0.033093652938012,0.0207443000569484,0.00409362246308486,0.0113234782094978,-300.743224349277
300,0.00490438006226607,0.0172685006246621,0.0102091512010019,0.0144561756400251,0.0209019415652198,0.00123374845096321,0.0242474199493433,0.0329106946535827,0.00467078405188241,0.0177472069224895,-300.036758225806
301,0.004048581673064,0.0180976403908734,0.00846982900777201,0.00348920500875045,0.0184554448327963,0.00117692877421257,0.0458663278244226,0.049030682997813,0.0023362864622061,0.00559884341361333,-297.716340169984
302,0.0040833241601893,0.0403155575273144,0.00414113469680437,0.00540821657172336,0.0245668195695694,0.00271047573613572,0.0220409535100033,0.054609176197339,0.00522734039808395,0.00537511239673886,-296.082519719892
303,0.0013147544382508,0.0316500143659533,0.00333621710899395,0.0121896634544629,0.0197833763865899,0.00309836039924631,0.0261867362359873,0.0430286954422103,0.00388813676956976,0.0037039806196822,-294.315894792143
304,0.000513646634641041,0.0184759222343263,0.00604053021802844,0.00469006959330973,0.0190372360105171,0.00181882387320807,0.0362857434683465,0.0508843954501896,0.00433882858677829,0.00682125511300511,-297.92385921224
305,0.0106370055395244,0.023894509966299,0.00510191669143816,0.0100241149157397,0.0111001643695043,0.00682775862126939,0.0269990602490118,0.050844880797333,0.00423529469868468,0.00565654817772272,-298.482644307863
306,0.0166042589897175,0.0136957426269014,0.00316251451918515,0.0153239500571267,0.0198846139542419,0.00766469475432408,0.030092430439628,0.0565685039056358,0.00143174039972549,0.0078845096135481,-300.681107064608
307,0.0152180823129725,0.0102045521546466,0.00217610571995916,0.00990729882987292,0.021018593624649,0.00373449289936141,0.0268662278384546,0.044953689151905,0.00729111786048464,0.000621395898977048,-298.358056831052
308,0.00453471639221314,0.0370059055249331,0.00264548209425675,0.0367638411930249,0.0249198557341747,0.00280512016591902,0.0303773958728509,0.049930390352542,0.00514425207880032,0.00584395571350522,-300.597527169057
309,0.000903874714020586,0.0132326946666926,0.00466483130528879,0.0332212674364425,0.0317233157714575,0.0046658074438968,0.0234183655689062,0.0220266317395584,0.00826926227400745,0.00605787596511231,-302.517004465677
310,0.00663977608523118,0.0134291152408653,0.0048711284854289,0.0113891729033033,0.0401463162918651,0.00758660026684732,0.0346213104438833,0.0417650732523943,0.00279427574434413,0.00358948913237232,-301.735758779071
311,0.00559744937794315,0.0236929849624859,0.00619641797022421,0.0316511630762372,0.0216292660635035,0.00117100704708602,0.0316950883052191,0.0300045792806168,0.00518589417879276,0.00308094951366012,-295.875593073913
312,0.00605680329101088,0.0283687060899549,0.000635816075479248,0.000909147695616108,0.0124611035635538,0.00252781906862603,0.0318150388873025,0.0557406827451989,0.00220297630767935,0.0043970413905146,-293.920422832992
313,0.00616197282495738,0.0446030523297552,6.53740487864618e-05,0.00445151675329037,0.0180667054355254,0.000995331491995058,0.0179665535033302,0.0465983008550859,0.00973672157977224,0.00631387073542591,-299.299812358262
314,0.0012854942860593,0.0312138241793101,0.00946197065201643,0.00435233811968473,0.0301755454929159,0.00353538406512636,0.0211125256681895,0.0413755459738257,0.00311440610491219,0.00531419626556583,-298.603002824554
315,0.000986609159170438,0.0204674661553097,0.0149300374976877,0.00634748797120165,0.0141121417405285,0.00385722221112998,0.0397187379133649,0.0488936713812386,0.00431147428068884,0.0028919527839898,-297.215051706077
316,0.00362675196638296,0.0206528701861347,0.0165439434485101,0.00327046077614107,0.0170150680084627,0.000609681165488129,0.0299727740045826,0.0640381388780972,0.00615089513495017,0.00117877087283694,-298.2307944588
317,0.00825199418255747,0.0173012697361332,0.000363382917115479,0.0131100577001152,0.0246120937860832,0.00575558454014071,0.03743457892465,0.0114288852886119,0.00531093637773399,0.00170852988024778,-298.152392001983
318,0.00328684318989054,0.0224526001405368,0.0156804970946061,0.0118580565914281,0.0100268372693989,0.0131567043251134,0.033378464470546,0.0634379202652993,0.00381042932186298,0.00420925750148192,-303.009194011583
319,0.00372113887080872,0.0197539815719472,0.0168022638330656,0.00505629535946565,0.0191000398666867,0.00464229776089727,0.0473881000745051,0.0546902395467401,0.00993410236431196,0.00733789554943811,-300.638505544957
320,0.00234446434789399,0.0168650793913133,0.00688456515656651,0.0207271427426172,0.0311358789604167,0.00788476732152144,0.0215405022033196,0.0327270558449867,0.000606914514312674,0.00408803474537085,-302.330484158153
321,0.00465148466376037,0.0114963505323656,0.00593722325599105,0.0125325878456127,0.0244584491809196,0.00708061293391889,0.0238435711295906,0.0321597648576051,0.00170057212543273,0.00749437777256729,-299.740740165825
322,0.00806844011553082,0.0334065549544107,0.0028549510172992,0.0207302482292051,0.0162049924667321,0.00871019660563526,0.0396149469111901,0.0240120033305269,0.00325409102632985,0.0165487066389415,-301.64640485701
323,0.00591575022561477,0.0216198086477732,0.00183174609942615,0.0145999772586096,0.0197038266521793,0.000112766500142075,0.0347234491820578,0.0369443029831738,0.00267345288411953,0.00239212710300266,-295.357050561304
324,0.00395315251006197,0.0209950630171734,0.00204565252539075,0.0123583190945229,0.0164016017226028,0.00502256046339551,0.0326796875158883,0.01990665830987,0.00265947859610068,0.00341448330375375,-293.878539364233
325,0.00360571985666751,0.034992396163273,0.00699981216718868,0.014761234228294,0.0118864472419716,0.00283511334772515,0.0242799771230867,0.0205732134002226,0.00659088198988125,0.00884747405893878,-300.284325215336
326,0.00437802034444347,0.0401359831077563,0.00169417123177423,0.0178897679498762,0.0160511146578336,0.00332895181687159,0.0409897498837661,0.0395500625243274,0.00489787747180231,0.00872346378494942,-298.917045922232
327,0.00287924534175277,0.00806656552177158,0.0048540535591831,0.025148803568086,0.0226979548339024,0.00405792920187975,0.01956615024872,0.0439418842943238,0.00787716626536867,0.00456258294737282,-299.024435131153
328,0.0113728777528662,0.0165878652631017,0.00037674932132146,0.0249751917335815,0.0247962265115151,0.00460097067340913,0.0429770406572725,0.0461782395989238,0.00270536851554933,0.00454880140700834,-296.908222687618
329,0.00743218390639489,0.0182393526661248,0.0045613824933041,0.0137472851714813,0.0227531442270796,0.000987685582287723,0.0422271501763164,0.0477541965886121,0.00216802345780867,0.00796139961807698,-297.139314538888
330,0.0146324537164151,0.00935841560881622,0.00108736097000969,0.0176874177565542,0.0206138400305098,0.010937825338501,0.027423535628506,0.0419184637712339,0.00680961598104516,0.00388485475652277,-300.174596334472
331,0.0134308162478619,0.0108181538918921,0.00135776447356061,0.0316935523601887,0.0228182703092346,0.0104608569781802,0.0364544432343333,0.0464453079701292,0.00349055445058425,0.00224728751330608,-299.584267835047
332,0.00559307575175808,0.0204602714719579,0.0054458264301938,0.0102406465177757,0.0183370790285927,0.00470167677532111,0.0247601364856252,0.0610758530929886,0.00730530924325907,0.00201569555915734,-296.144122258826
333,0.00781156495441148,0.0374935808488172,0.00816875142317945,0.000223113779139412,0.0137675983435325,0.0114433738603,0.0316038553881374,0.0610241497785612,0.00464328223148649,0.00381448008897728,-298.412040099014
334,0.00355774239498575,0.0311339166773554,0.0037396269257735,0.0025386784643269,0.0258937754574647,0.0102073266172781,0.0305071610021812,0.0555815129723764,0.00339563273203199,0.0014160744434654,-296.926422822268
335,0.00374800446517586,0.0312544047833698,0.0040935780397781,0.0151006559507324,0.0180021719886276,0.00538260504921574,0.0437212972042226,0.0428060448022241,0.00344563984614612,0.000580034946987116,-296.935331716509
336,0.00344293231319553,0.0198954128099431,0.00235811668052699,0.0149120845517899,0.0180055217320112,0.0038346683769686,0.0249326863241245,0.0335807114673134,0.00688120968636427,0.00841459635133633,-295.967083501507
337,0.000726855782454244,0.0292387945346694,0.00195747268453077,0.004349267909693,0.0171257691938451,0.00317804886341995,0.0398542077973103,0.0457948367452602,0.00269027206975529,0.00819133165050423,-296.556522981631
338,0.00861220247304225,0.0141003095831866,0.0121917420647455,0.00148759762978486,0.0179296449975229,0.00131225775360938,0.0450940073402976,0.0482226901501168,0.00147022862115421,0.0164653646770813,-300.671743627012
339,0.00341799044890506,0.0165296044827968,0.00717988295764399,0.000806580401598043,0.0217632723549252,0.00105128263220447,0.0229986597617562,0.0435359993186289,0.0101931226085439,0.0122803484629323,-297.513255680003
340,0.00572225008898827,0.0234917800047716,0.0111915023775543,7.06442810472173e-05,0.0200531844790772,0.00436376367403449,0.0163318209335675,0.0472227309975599,0.00815515737941524,0.00986340557106444,-298.286833555999
341,0.00251526187942363,0.0176346436835045,0.00471766120954979,0.0161014264943525,0.0249365429605085,0.00469011071014549,0.029946331449211,0.046343809240556,0.00894213683565541,0.00208021915061955,-295.39160286685
342,0.00454906421010387,0.0286104814623494,0.00110105809839465,0.0135213780956225,0.0118662839973971,0.00756713042423518,0.046634605526551,0.0622155595911375,0.0146005063474361,0.00396575903957974,-302.384957438951
343,0.00561831514757756,0.0288233295550795,0.00117102022119745,4.27479984512212e-05,0.0285630426681674,0.00224395755654877,0.0392305725879929,0.0517252872983128,0.0191369086509726,0.00126085152505539,-302.269380047854
344,0.0059516450129781,0.031324852004124,0.00660498501912377,0.0101846013082594,0.0173837724237162,0.00144368443801077,0.025945976014126,0.0382608524497886,0.00946727126075427,0.0032123706938555,-296.762766216946
345,0.00473455712973654,0.0353982464579601,0.0038287727859816,0.0243680142173954,0.021068437518419,0.000447322374241403,0.0292082067257456,0.0360969350667796,0.00529824721218928,0.00246515482442238,-297.158354185073
346,0.0106808528406279,0.0300408764847617,6.23087802080095e-06,0.00848694772285664,0.0134166555004554,0.00501522966984392,0.0269310856523518,0.0494284720282725,0.00581747380738443,0.0124721781567273,-298.373221209193
347,0.00952415098822388,0.0276418562047187,0.000362721250919612,0.00108119269308458,0.0174520829195018,0.00352629346569354,0.0329643811983923,0.0257383711534333,0.00393377375145326,0.00611339039632364,-294.984937994119
348,0.00308485456216047,0.0285906127010449,0.000765468273738309,0.0213658929318308,0.0179242354053517,0.000808314185688491,0.0309779281591608,0.0181286012475212,0.00406590944167612,0.00542474645218599,-295.215055977485
349,0.00612497120558646,0.0195349747843646,0.00037074186538751,0.0304346284522252,0.0162329882041196,0.00159506603319497,0.0244088701097401,0.0236630003594863,0.00339280051354137,0.00330940090980688,-294.504574668169
350,0.00284954488105082,0.0203923979997767,0.0156007839173546,0.00524645946134297,0.0111147835829284,0.00141098174603875,0.0406903616537915,0.0675076872525103,0.00531272856521127,0.00638519043786881,-300.358483965353
351,0.00078217336219955,0.0263162614451862,0.0151608859724167,0.00697593989973123,0.0328694901696341,0.00268925718850276,0.0259529794078745,0.0713305475101259,0.00431911283864013,0.00589388459336464,-300.667537090126
352,0.0030714283176053,0.0246561432627573,0.00773855972061404,0.00395565064118146,0.0272393838153507,0.00400055016486945,0.0253634993103395,0.055677387448278,0.00511344808549068,0.00188459349806332,-296.105148310146
353,0.00452119263658511,0.0222048142372212,0.00208763779674035,0.0193971897460729,0.0229665806661769,0.00340640626274185,0.0320205766129557,0.0532607516946892,0.00460410549773177,0.0030742010311571,-293.979949321959
354,0.00974344959018348,0.0308639334966543,0.00111296918073111,0.010021143269297,0.0170214772899449,0.00112914122085374,0.0452711833113097,0.0606487335119396,0.00588553406447736,0.00108880120484735,-296.925319700846
355,0.0106146908289336,0.0143927316489252,0.00349471994828029,0.0196176607199199,0.020376446460307,0.00313696851353582,0.0239819251782939,0.0388548841425024,0.00847740608666816,0.00642884609215362,-297.295619659243
356,0.00679272759842267,0.0220357196204686,0.00358354560657864,0.0121490208751692,0.0141678027492875,0.00272824400806901,0.0296591413262159,0.0243896221923386,0.00780052597962612,0.00589463762200311,-295.845743534044
357,0.00314114900143424,0.0220289008643151,0.00545939908317768,0.0064362103007393,0.0243568964888205,0.00284619531561883,0.0354679245841434,0.0466379394571213,0.0127336621407629,0.00565975028576964,-298.21505092567
358,0.00155642139349969,0.0318626563173373,0.00206865470405351,0.0091278395766969,0.0229637477807948,0.00267419322069502,0.0248500930159455,0.0648514863559171,0.00636754028230478,0.00591498543887682,-295.965491969221
359,0.00217235356844989,0.0335427263328818,0.00654676145637653,0.0161369430682009,0.0219498864236811,0.00385516464322307,0.0269691680862689,0.0394133776015246,0.00544387029965443,0.00115385068800049,-295.377666979977
360,0.00245079459065709,0.0139215029833358,0.0178069396547959,0.0129250023590212,0.0261953453947845,0.00150131029295247,0.0335109662878589,0.0649606380164945,0.0056106076586967,0.00296287991830428,-298.727580752097
361,0.00343449567485639,0.0112077147847819,0.0102846373205573,0.015176066165738,0.0173342991463051,0.00266015307119176,0.028541148262124,0.0687401850873896,0.00826000936493456,0.00144331582387494,-299.131829074894
362,0.00614602694144792,0.0296043916522223,0.0168433101922599,0.00145813517028991,0.0216204686170017,0.000764002935894928,0.0452938899411459,0.0673045000655818,0.00277878942860734,0.00595566828333286,-299.950482774251
363,0.00362938944477507,0.0264257252715206,0.0106365069197004,0.00421717211567043,0.0242349004323161,0.00310948607104478,0.0383583186443685,0.0399276236996955,0.00765727769418244,0.0119475741223526,-298.45099378117
364,0.00686629662250786,0.0201501319641393,0.0115543948112198,0.00175570022438355,0.0222986791656907,0.00164766635482263,0.0371469578845639,0.0585715818570149,0.0030471887547765,0.0189448862270815,-299.703731205859
365,0.00279026751351369,0.0142315585216968,0.00580615503589964,0.0250840386994666,0.0142557085556385,0.00864453979928081,0.0363211513507858,0.0246133758316365,0.00654079948021689,0.0164645700979491,-301.509434251188
366,0.0112124945200089,0.0232958648480203,0.0035966058550978,0.0216239924137839,0.0164242996230803,0.00769669542170988,0.0268166158971503,0.014060726371221,0.000713523737793525,0.00967432331760005,-300.555529867703
367,0.00221171248308124,0.0198095540016121,0.00504969479747701,0.0231522690074213,0.0141665663268129,0.00484948934796809,0.0327974434513274,0.0156333678560163,0.00660065686946243,0.00564691702326453,-296.791153530147
368,0.00921538824987725,0.0211544609135689,0.001928829990991,0.0111554673903033,0.0181469313857233,0.00432427087052264,0.0231847885937611,0.065604634152591,0.00481987880450837,0.00556426015057744,-297.070331586372
369,0.0097472659822063,0.0290307665111248,0.00152234400676669,0.0107273289599834,0.0290270615477378,0.00910867415298346,0.0292432464297607,0.066636910091338,0.00585595036391002,0.00207889733967643,-299.17689407943
370,0.0148170893428433,0.0250694982908388,0.00201426487734568,0.0118545028006979,0.0183964376381033,0.00203309767035716,0.0320136253476788,0.0264792538902063,0.00218842838805206,0.00331331206755426,-296.717996370992
371,0.0147788577493544,0.00416846009566096,0.000342318909291339,0.0403872244057344,0.0152850119448128,0.00625901236137599,0.0278058066988278,0.0287538839773943,0.00719628454731852,0.00310718295170828,-301.423814211488
372,0.0104278567065652,0.0274283947019632,0.00122681611289825,0.0169047229136868,0.0219552543870004,0.00138204804166488,0.0351774596312854,0.0291983585746157,0.00173447075381059,0.00892747699751922,-297.153082785072
373,0.00721918490994563,0.0157006146610006,0.00139029665663446,0.027085412697113,0.0138986216327645,0.00128416499381451,0.04267363706217,0.051924188776237,0.00292043901209641,0.00969681882940275,-297.136670743733
374,0.00281089025337765,0.0191993238780415,0.0207435649984599,0.0132234952311711,0.0128983459464154,0.0137160129461839,0.0287611796772892,0.0725285009199972,0.00386768843714383,0.00515248543492888,-305.134061258497
375,0.00664447209472202,0.0208841783803172,0.0197094638702483,0.00162660468709456,0.0232624426647583,0.00840376253986641,0.0386963638740244,0.0694009434047599,0.00424216838248291,0.00392265301255423,-301.731909805155
376,0.00616933707215906,0.0402696035840255,0.00357737276160156,0.00665395249904086,0.0171527704323195,0.00231007424779484,0.0427092935371293,0.0700288568017012,0.00195723080361314,0.00233921228860213,-297.361975141903
377,0.00552811143227184,0.0436079260112419,0.00284616987778446,0.000660443074864656,0.0198560982791736,0.00240331794233659,0.022482477703373,0.0719005285248765,0.00162085631348026,0.00283047340605843,-296.006196249197
378,0.00646997781021338,0.0267587696564356,0.0105483307700585,0.00642126476739387,0.0172378078365242,0.00162480782536195,0.0464423098373007,0.0552136923565026,0.00875443108871308,0.00070258460907467,-298.50598495546
379,0.0133383347542449,0.020651802524126,0.0132725515749947,0.00986458898811617,0.0219281112830295,0.00396347566757133,0.0346012602809811,0.034568777012334,0.00626816513661839,0.00242985946420566,-298.210385483877
380,0.0251128532828838,0.0203696726997938,0.00403678898345735,0.0126990900130186,0.014257243107295,0.00235181759338678,0.0359752606666095,0.0484913919536794,0.00272694581622656,0.00519451076933278,-300.45339387186
381,0.00366655440247234,0.015716450853163,0.00399169140545372,0.0265880867797832,0.014357982499402,0.00199104517472228,0.0375768508490446,0.0413809627372562,0.00402619618187646,0.00443082240149604,-294.46748870038
382,0.00669411808944855,0.0196406647054778,0.000271867581277721,0.0279912981095359,0.0172070579964693,0.00100151018982197,0.0309191941264519,0.0333475783707215,0.00559361212696239,0.00413585656008207,-294.016111384516
383,0.00253079429502301,0.0153630115285827,0.00502088474737909,0.017805856517046,0.0192976140903136,0.00112334341963798,0.0257114162053726,0.0419932879977372,0.00637976334092097,0.00150363174152094,-294.267409481562
384,0.0102311545196967,0.0160021597064184,0.00060968335113659,0.0151673937130548,0.0230351168235291,0.0015567491574697,0.0261953501605766,0.0348006051225061,0.00213126772270469,0.00604866526935164,-295.961864097847
385,0.00492028755305537,0.0244261927355105,0.000597392129436595,0.0446726421010169,0.0186778541879754,0.00250125308703563,0.0350834184923497,0.018775291229402,0.00525263045553846,0.0155660373613622,-300.61125541294
386,0.00663478383734583,0.0125967139949909,0.000184808325179828,0.0257449443622919,0.0149897411285212,0.00233450116352558,0.0271442506010167,0.0251229582452319,0.00343580243169497,0.0162310623585344,-297.395612811891
387,0.00543591124925036,0.0298280433418739,0.000366801164871341,0.0171671846060266,0.0172170616860845,0.00191371189225042,0.0251840264948052,0.0297092818393175,0.00312240726954738,0.00929666641979243,-295.698907117562
388,0.00797923452919841,0.0285262316583265,6.85538526353755e-05,0.0151614182725658,0.0157693150939462,0.00121449013530009,0.0314285666957955,0.0626594285320511,0.00392332939357521,0.00858902015244208,-296.823758948476
389,0.00287860614255174,0.0289681857325117,0.00893504748455929,0.00789485150654307,0.0234348333431103,0.00416111405354802,0.0310460123073837,0.0573141335142133,0.00376748819290555,0.00318933094225185,-295.598290219981
390,0.0063576256248925,0.0153054250462147,0.00850958950829098,0.00858106292910962,0.0341073102909039,0.00117595002498597,0.0299626897137972,0.0429299462839923,0.0026319038339277,0.00233325434047825,-297.253308941921
391,0.0103340050424091,0.0266648240324444,0.0174075380453616,0.00867493966436119,0.0227187959478971,0.00424616857060353,0.0357256671236913,0.0479957818728625,0.00389888461364789,0.00111233475034317,-299.006500430369
392,0.00503529226816757,0.0224962209353928,0.0163459905996953,0.010393921772434,0.0237436950460436,0.00580631012042312,0.0348372564527632,0.0314713231335867,0.0038725217078753,0.00302155057426292,-297.625160047453
393,0.00406333571010888,0.0166070832983842,0.00549484242386798,0.0322225845026589,0.0169428093014409,0.00757785197245455,0.034387546661098,0.0324982793148501,0.00454984253565273,0.000985856866672994,-296.426367382376
394,0.00565171915818038,0.0214552246183668,0.00803929185659218,0.0046287805849221,0.0133077285161302,0.00604882555257788,0.037973524994381,0.0191742436446454,0.00370012610915756,0.00842750521274651,-298.061304165686
395,0.00728407362502805,0.0186697253454136,0.00494675655896334,0.00744942424558001,0.0183774755928212,0.0045405686927934,0.0363378645370404,0.0467720142513662,0.00447809130195076,0.0094363444574582,-297.026835917212
396,0.0103020337065421,0.0221284392204461,0.00140987617774082,0.00374616096882157,0.011103969698977,0.00113188816431122,0.0216379437576279,0.0107644974671772,0.00676632857747117,0.0161578021823177,-303.223249594041
397,0.00779134268790097,0.0327920493603662,0.00266125001895046,0.0342388905130963,0.0163263051102335,0.00551057672920558,0.0298992024051327,0.0281929290346704,0.00245851341306288,0.00189942387602838,-299.32148932337
398,0.0091322741920794,0.0227823619927705,0.00821026422676614,0.0150834258744183,0.0182432888229629,0.000939810532497882,0.0303089193396416,0.0434316515246635,0.00472168919502345,0.00643737736239164,-296.500726293734
399,0.000251634332037172,0.0207559444444551,0.0103968101626794,0.0105150385401498,0.0160588264005502,0.00290225136523263,0.031697154575285,0.03796461263943,0.00674460971329455,0.00401839176670669,-296.798265929847
400,0.0036061330130119,0.0133519618514742,0.0125226552905158,0.0291342774260833,0.0221478133024746,0.00584393824696048,0.0483513805317313,0.0368078887679745,0.0064858570969444,0.0025436621550231,-299.287521771926
401,0.00546806504879258,0.0172578854374555,0.00594385513373843,0.0270847333905122,0.0234398988518267,0.00597652135679865,0.0498003668859398,0.0376226207207068,0.00734022486342919,0.00115571454285536,-298.313897643306
402,0.00336223881622713,0.0165483969169391,0.00300768140480805,0.0328084125114289,0.0121316315092188,0.000421271525769539,0.0189575737847382,0.0417880954697283,0.00575472748957271,0.00431391362962318,-299.187923379389
403,0.0027078373701047,0.0191038575063626,0.00696721812736444,0.0117524167496284,0.0411008797658098,0.00282037683555097,0.0315001971320767,0.0283353193942163,0.00232480868107609,0.00397913817277975,-300.855955738017
404,0.00482495798631075,0.0185509365132449,0.0086549357008943,0.0116845530772392,0.0253697341764702,0.00441402690737666,0.0326872953194416,0.0490918437614217,0.0118736227488944,0.00172010840185119,-297.457766400717
405,0.00103045278539119,0.0206122180711896,0.00427475439532793,0.0135250172396069,0.0232024901462272,0.00105378003838422,0.0248267972101642,0.0466686344153214,0.006765734649828,0.00301482402518258,-294.399170240157
406,0.00577295214630462,0.0258698157220313,0.0031929686030867,0.0120660173237562,0.0248167871714473,0.00242498101458025,0.0293105428588704,0.0497501321157837,0.0051675576152525,0.00150079233904996,-293.927039902897
407,0.00363762333141249,0.0268055916261532,0.0133736988969951,0.00517380112360654,0.0210719769229174,0.00275348540107042,0.0204941190570914,0.0425193956773819,0.00346814054450349,0.0126997789398802,-299.542066885849
408,0.00191845093435156,0.0324283754859559,0.0112215957604289,0.0035856120620208,0.0237512750557519,0.0016279914545797,0.0259118088220143,0.0614689732786278,0.00373204005907276,0.00152848105074263,-296.086080698477
409,0.00162809202912486,0.0275963888799495,0.0117441415741119,0.00921437738108971,0.019960824177217,0.00185999185227802,0.0328518517434469,0.0573704619899509,0.0144121391483971,0.00192422771737417,-298.765597417089
410,8.36604220437203e-05,0.0220757568088846,0.00690998384398215,0.00407234107428416,0.0216664941953808,0.00518993122100436,0.0348807364555325,0.038053205534163,0.0158733807664812,0.0038060096998848,-300.712123182392
411,0.00496503289156575,0.0263328645242511,0.00402381239160439,0.0105126842144625,0.0246804002590748,0.00335148540116737,0.0328099922758855,0.0368299081437762,0.00287907364590455,0.00172930316008043,-294.997516661391
412,0.00417666251634923,0.0222365763674478,0.00717731372797264,0.0248711687661716,0.0154095150709548,0.0067341012577577,0.0314626840933074,0.0363719834988237,0.00612743074255783,0.00141819967296913,-296.139144765037
413,0.00680285502083419,0.0266241614244135,0.00590603464682233,0.0133689992689682,0.0181345953992197,0.00667246252667767,0.0248245980553955,0.0548451584519969,0.00340791674631897,0.00572208899530867,-296.88259681225
414,0.00650989020742792,0.0233375874587729,0.0048816597466836,0.0064251453349412,0.0188895860413487,0.00528567262445661,0.05104437486492,0.0466215432589993,0.00575687809329479,0.00823887133062495,-298.923199360627
415,0.00411795773984461,0.0221261666777541,0.000454604340855967,0.00637203840583139,0.0227773930901009,0.00589125486660806,0.0316819773544277,0.0268498179616205,0.00505373712183239,0.00764544203645492,-295.822412899649
416,0.00730716193462258,0.0249292610227713,0.00131509686541673,0.0111110716961458,0.0148115478847931,0.00122960181151372,0.0348739335843567,0.0379551823168748,0.00409150285758623,0.0086159373714493,-294.796048045623
417,0.0158431699471599,0.0278826556985002,0.00624035670937612,0.00910223130521742,0.0214859455315937,0.0108831464558203,0.0368613549522648,0.0263091140413473,0.00389840617740187,0.000600543765612838,-302.330405389915
418,0.0157136878522416,0.0147196934125732,0.00895605640040627,0.0148591976315104,0.0183675074944394,0.00350054203602629,0.0368895733432159,0.0362292995069904,0.00556413705613525,0.00321902070479765,-297.450290770242
419,0.00269064218034175,0.0253040463639953,0.0068442939642625,0.0176189670912257,0.0223569087404413,0.00373844844903116,0.0353331946864873,0.0461172703820405,0.00227937424803569,0.00628949608315778,-295.812025838011
420,0.00330336120302309,0.0283957409644492,0.00141940768390222,0.0168827330005929,0.0234834709256339,0.00419798056267518,0.0323601027694287,0.0623297215643143,0.00715222216447519,0.000847390644923046,-295.880679859926
421,0.00683776239445361,0.0171929425492438,0.00477701685643339,0.0171130937118115,0.0176844974532644,0.00526568634484135,0.0149646441015479,0.0483754451570914,0.00735837837063214,0.00222984167402628,-297.225380254987
422,0.010061508890411,0.0199051756077169,0.0018081272508839,0.0180579405414965,0.0258285863243494,0.00406011963716481,0.042441185630885,0.0491353736857822,0.00607446007618604,0.0047026431422868,-296.863910667717
423,0.00747353800182302,0.0241671791387535,0.000633896347827417,0.00382285782731306,0.0143608238240217,0.00118085299093807,0.0426413469033668,0.0309566133198717,0.00618809926964218,0.00249805903540792,-295.645608652861
424,0.00266253361423752,0.0316418612828656,0.00502564057157336,0.0221660863383709,0.0197426542419948,0.00146295009245075,0.0173799941901155,0.0553039885869616,0.0139650373866283,0.00740862418235304,-301.267693622282
425,0.00292925601846041,0.0211779465475942,0.0071987915010843,0.0242056647314152,0.0327614065585583,0.0015251296200843,0.0151601330149538,0.0552382574992873,0.00326290124148217,0.000299645478121342,-299.9547649925
426,0.00383475449929064,0.0345080661908112,0.00264989575857822,0.00318728727026616,0.026413476039685,0.00116811945228178,0.0210207321181789,0.0501161447052696,0.00555271238078714,0.00513844158706317,-295.743780104208
427,0.00594805997559549,0.0372021850180977,0.00170126876458135,0.00213994771555805,0.0153282593139522,0.00326699593306974,0.0379581352639638,0.0499511244784309,0.00442429372332381,0.00617114038321537,-294.738091461545
428,0.00574312284470511,0.0237140699863083,0.00255726065902059,0.0107107406472451,0.0164629586501366,0.000346394045831698,0.0246791040555735,0.0309065833574685,0.00230126257955885,0.00855209120921823,-296.424460543078
429,0.00485229239975674,0.0236927090402006,0.000812832989106048,0.0189352786585886,0.0171815871712655,0.00918301922762532,0.0317843499714542,0.0250830674336371,0.0063236740311221,0.00907094572161918,-296.265912244236
430,0.00616352836683724,0.0150417071415183,0.00105510712695449,0.0200652432362394,0.0155075601629055,0.0109652061243758,0.0244788992925084,0.0162217688813707,0.00426342316569482,0.0120097002786001,-298.246112793244
431,0.014830420112212,0.015487500791966,0.000121188835386654,0.00823611070555008,0.0235778329949675,0.0101910046279384,0.0479111460310777,0.01458267269568,0.00290773444187831,0.00761882468559225,-302.694115639356
432,0.00710093495483951,0.0201195138349614,0.000309827420728595,0.0198948085956267,0.02033613631201,0.00633760319547237,0.0320082233474938,0.0332969268079367,0.00274244956539316,0.0058679644114633,-294.422711107343
433,0.00495566705960411,0.0199081792821671,0.00115535330544529,0.0173216121548082,0.0214366896036208,0.0101954702814247,0.0326666300330155,0.0298135636372396,0.00335596233672758,0.00642378138150254,-295.712094305027
434,0.003522851982408,0.0264589071465999,0.000754888726982613,0.0120512303816433,0.0226345777036702,0.00183730442222253,0.0454399288417686,0.0697044877459887,0.00872600136170934,0.00261838671292037,-297.164906059677
435,0.003633113062108,0.0191270092049613,0.00674839400377393,0.0206402120871952,0.0201805035959073,0.000720340142917916,0.0371953631280235,0.0270332384608188,0.00199750834480483,0.00467054262801072,-295.501721401391
436,0.00823660701895456,0.0165349362494362,0.00953304027870716,0.0168038875993964,0.0151410212978268,0.00371766186367556,0.026303334367864,0.0308311600969954,0.00424103535818526,0.00929988154402485,-297.563387528773
437,0.00173780344831474,0.0302359387371645,0.00928814858961562,0.00816361854244455,0.0214164839492229,0.00599148441084779,0.0250901285068615,0.0629158702985529,0.010095950199277,0.00269995239988825,-297.96537676126
438,0.00137035977599083,0.0312328006769631,0.00496621789139347,0.0203451674262866,0.0213075160693564,7.30822062112959e-05,0.0257878089465693,0.0607827197832266,0.00738867539911436,0.0018560259890187,-298.196358341347
439,0.00291620865409618,0.0244911477243379,0.00624667981302319,0.0205332427438651,0.0203488165708754,0.00993387146846996,0.0348086319529669,0.0556721364621873,0.00696440588871601,0.0012803365315199,-297.687745182927
440,0.00428904655626908,0.0197151291824056,0.00558995974747212,0.0140610486289817,0.0216033372927746,0.000662690336319178,0.0241356965544235,0.0505776346046991,0.00584949007393808,0.00335799941338783,-294.672244125275
441,0.00323708699092265,0.0312117936291525,0.00457433642132847,0.00817502157690165,0.0221388835866705,0.00640550149068073,0.0297967556671682,0.0569078530578192,0.00586048149197063,0.00906714459109833,-297.47447697904
442,0.0044591614118882,0.0221809245819568,0.000702720892307275,0.000469387123677663,0.0172053022749084,0.00502866159906491,0.0313404273950344,0.0191147045684652,0.00191462350691146,0.00308289115107996,-295.413025743022
443,0.00433041553508882,0.0176832937712844,0.00178056079308526,0.0274716458320964,0.0197195529252965,0.00160374098637159,0.0312479050971706,0.0388396069128302,0.00964991404748563,0.00223456609938316,-294.789879292953
444,0.00277970679374431,0.0189682887391647,0.005131736846764,0.0100297877017464,0.0183956504115621,0.00618853628067863,0.0237873432988386,0.0402191595504891,0.00994298957986343,0.00489111878211849,-297.655887737768
445,0.00834902633562752,0.0165865641127904,0.00109199415185955,0.0225446667712218,0.0202298208971438,0.00779422663982146,0.0424424809285895,0.0337890073137835,0.00441587561299286,0.000373673789979971,-296.916627237724
446,0.0058340800956315,0.0225146221660105,0.00349435571908862,0.0230429585699754,0.0224228469834593,0.000189421144339063,0.0375372165287656,0.0589196353804784,0.00686982591684553,0.000640905690219128,-297.271376033739
447,0.00559593527605518,0.0142939500977962,0.00253111143381735,0.0189874225056802,0.0215156756714778,0.00468589614914863,0.02782073451509,0.0482825503037452,0.00899108901221496,0.0109816327805774,-298.917679662646
448,0.00557137572783392,0.0166195850985682,0.00519417419857997,0.0249643437174218,0.0183010957566762,0.00498967556786293,0.0199911566636964,0.0249974326254295,0.00442169654501979,0.00832014462787269,-298.038797256421
449,0.00419124092648053,0.0246857328453167,0.0107618110208407,0.0210793193630917,0.0174119838307353,0.00184505434382541,0.0374252332442046,0.0481825808505916,0.00665713559863766,0.00533648538985906,-296.748739707117
450,0.00187697016463183,0.0167759799683394,0.00550318940064015,0.0150064285076553,0.0228769205879836,0.0109214754403397,0.0262802528974105,0.0460207645509544,0.00698312345069978,0.00173276294008134,-297.844501066489
451,0.000852969540736645,0.0296856808867625,0.00914260800947065,0.0193183763539357,0.0198110311256005,0.00871525322635284,0.032748538264742,0.0621884961824753,0.00901377756114888,0.00294165699939341,-299.429653861595
452,0.00476443302012515,0.0190641666210246,0.00606166797445607,0.0110802631464726,0.0173371503516348,0.00104667007792202,0.037813334233247,0.0282387322778995,0.00780450139558829,0.0058348700510215,-296.550759992157
453,0.00256720981837652,0.0229451006036115,0.00864584954542905,0.000740774152233055,0.0238206016312599,0.000743433862402068,0.0221919855256858,0.0642927731600835,0.00876495270602619,0.00167494188704927,-298.133637607563
454,0.00664805626648901,0.0222621138305912,0.00815974141999448,0.0273944518390154,0.0214823877084342,0.00729168238952928,0.0401747555518277,0.0286070171379012,0.00247845474856052,0.00484906255979036,-298.18624594661
455,0.00258269424144091,0.016673043244385,0.00911716626854419,0.0194895189071553,0.0192337896139555,0.000959613905797956,0.0271016806508775,0.0213326020648968,0.00545009891218555,0.00190014970785311,-296.13131779485
456,0.0123742040327457,0.0130850287025322,0.00839332139214653,0.0266265852742515,0.011911247363178,0.00427966871544945,0.0380088976823798,0.0296450772909274,0.00101694360376748,0.0080316734082237,-300.57787994125
457,0.00380718057110705,0.0306011708848074,0.00371694510123289,0.0225490216488947,0.0201070470386906,0.00553313337544915,0.0302937762820773,0.0275337144013637,0.00256640148695989,0.00600263844144026,-296.777845633089
458,0.00428768798447229,0.0188075243033246,0.000867113521215409,0.0273385449020372,0.0255194474007221,0.000944202846267863,0.0224523064430664,0.0375373684727816,0.00547961913818546,0.00320203756010144,-295.253491208582
459,0.00355447837304674,0.0132093335999918,0.000810381889854434,0.0154505767546748,0.0274495657540704,0.00190111125563919,0.0231013005372081,0.0571388081513086,0.00610147482666185,0.00245689245072409,-296.378638558093
460,0.012887533336647,0.0201298919689616,0.00660204591108234,0.0165410792456239,0.0228610983673445,0.000449481989122446,0.0283955980935644,0.0670262350103904,0.00423315632279264,0.00558091679201031,-299.324543446452
461,0.0103098731349623,0.0217835419671448,0.000888644322295076,0.0110871824044616,0.0189178868028401,0.00606533815413244,0.0347762492477687,0.0123007321703147,0.0036650893857729,0.00214182429803997,-296.755206766791
462,0.00514688538549218,0.0255803892073191,0.00461471697931155,0.00570710125578843,0.0146439349416209,0.00219345406635361,0.0186449925016406,0.0437623385432322,0.0112648210194186,0.00255645176821417,-298.19796681371
463,0.00389576948048554,0.0354451193293441,0.0062289707575712,0.00566697659106156,0.0139478735243036,0.00102274161905489,0.0183555430109082,0.0432665232641381,0.0121197028924361,0.00672180612939918,-300.249646750089
464,0.00821174844240695,0.0378777772302331,0.00428283184498141,0.00247454982610363,0.0307129046913966,0.00205658727811491,0.023346161338908,0.0622812244423984,0.0156228081431067,0.00989754563470781,-302.258906925756
465,0.0129054253165214,0.0455314069226739,0.016099952964551,0.00317791963086036,0.0214882619768366,0.00196691270229771,0.0250905726792918,0.0524884687591284,0.0036510410449104,0.0112403007923851,-305.241420606597
466,0.00847994213835373,0.0525228845056212,0.0101491998997268,0.00335901434170853,0.0173443117718355,0.00470115174295315,0.0249202940846984,0.0495039546474764,0.0031511015812502,0.0100738716996752,-302.771917939096
467,0.00167047466917202,0.0196978974961276,0.00309565337827703,0.0219425729233817,0.0305838645337257,0.00621227369560842,0.0242818125484773,0.0500914736316645,0.00540957600323548,7.47938491091136e-06,-300.517292734293
468,0.00292721876566443,0.0215477768095323,0.00347736674994733,0.0160640537268627,0.0253168822439197,0.00659602689612298,0.0205520106341511,0.0373088326959254,0.00462169389299196,0.00331567657820608,-295.607129407844
469,0.0145086108224984,0.0168233532817315,0.00318203524098721,0.0192891861724507,0.0171265815768811,0.0079928338844207,0.0448224419368184,0.0340768375204725,0.00628696685948546,0.00576702922828664,-299.265250618621
470,0.00582484983438084,0.0214996641629361,0.00623844869370307,0.00982163054574882,0.0205759683619188,0.000742511524235872,0.0458768322849668,0.0462931231614409,0.00403706151109664,0.00636896172705881,-296.889448399996
471,0.00816420430465696,0.0199194433754665,0.000934408896754376,0.0274616903262457,0.0114915826979245,0.00200200178390918,0.0316869226286526,0.0106467726724744,0.00374871577252439,0.00448117725332754,-296.05062867136
472,0.00571511938072924,0.0329941417605612,0.00378529170309292,0.0165627125982214,0.0124056594867877,0.00326645316771375,0.0266684903880616,0.0740225427785533,0.00391565367827915,0.00545352836873859,-299.030022667122
473,0.000919467277019476,0.0258103758926671,0.00547056457200152,0.00961293846507012,0.0306234331657555,0.00175517162484328,0.0218903713678055,0.0622180104437063,0.00345704850901341,0.00893504332817134,-298.664860633088
474,0.00287576380474335,0.0357696645447428,0.00487243766580216,0.0132364174661985,0.0176988933712721,0.00303291820000277,0.0285353346197446,0.0654889770324391,0.00555622064928929,0.000862988541174347,-296.028267427516
475,0.00398916531532888,0.0228778652250782,0.00500398043622307,0.0171166153608359,0.0180333924512035,0.000609418985500555,0.029849819389472,0.0333015415818171,0.00561313116250155,0.0124578874300792,-297.273478978258
476,0.00432440194771273,0.0217161725060068,0.00435412490407884,0.0223238205767717,0.0150777690378148,0.00513400133664658,0.042875444885265,0.0341039298947232,0.00638410219496527,0.0107966702333601,-297.713779103566
477,0.00427774307996628,0.025528216755618,0.000689228333890085,0.00601579321406153,0.0120313395160362,0.00446801756745613,0.033268951193313,0.0474727676687651,0.00377881047446063,0.0104819632250536,-295.492524738028
478,0.00408911141279743,0.0276681402587528,0.00209428223308236,0.012168385336084,0.0234568642334879,0.003093600180108,0.036934810172733,0.016683884839665,0.00382578138322291,0.0102859896721507,-297.321321772061
479,0.00357765539083316,0.021937631385148,0.00436162267306515,0.0194456457555688,0.012017071370677,0.00724264194545604,0.0256364671993729,0.0238814981005816,0.00594361624452093,0.0102801104452912,-297.818777907568
480,0.00200950719538629,0.0237080593670841,0.000946234980945673,0.0174752435260248,0.0180170426725262,0.0014559401739619,0.0459022519098912,0.0261300125496068,0.00641913561217014,0.00421940288570234,-296.139811231167
481,0.00253504888272602,0.0174416926214387,0.00429328884233291,0.0254950224389065,0.0188274280580819,0.000523531175628179,0.0408405295362837,0.0275396810485707,0.00430107943039676,0.00552313949021362,-295.449956164831
482,0.00199832919507957,0.0150365129943105,0.00358140121288387,0.027807950449893,0.019750420483606,0.00283489704628855,0.0373062213559524,0.0450006235817555,0.00568862643023094,0.00126019380908469,-294.76838228999
483,0.00492946027368979,0.00949783630146271,0.00754801398108411,0.0335921700384717,0.0186991611934623,0.00454472595618225,0.0439752133947098,0.0388859329142711,0.00527505927297872,0.00494202544629295,-297.617397280148
484,0.00459722783893675,0.0106175353673492,0.0012291242123213,0.0182990613619175,0.0158753469689935,0.00313984652411105,0.0289241585988989,0.0413662667071588,0.00408234754703923,0.0072500759992238,-295.938403037883
485,0.00698317307892571,0.030297901243195,0.00366476352911827,0.00470040787049026,0.0133016061857625,0.00333356648684936,0.0332310085100214,0.0283009397933236,0.00413078673896221,0.00459847556298288,-295.175411921369
486,0.009067658389391,0.0356705741112645,0.00266286086431445,0.00532578789671112,0.0144305624771001,0.00145671378481164,0.0440923232963164,0.0589701711392789,0.00475308746112587,0.0104915587293358,-298.556443867027
487,0.0015231463866677,0.0495616970591533,0.00866189925677669,0.00106209899398254,0.0195246267756152,0.00168809067265187,0.0251926786304602,0.0317274128132342,0.00347978542561846,0.00928989531933208,-300.428816777596
488,0.00584697711976056,0.0305024737230141,0.000232827006973492,0.0189960340115128,0.0155925859848989,0.0028000071333517,0.0298764861165558,0.0684268675449106,0.00438807436044197,0.0096405553210892,-298.439621214675
489,0.00198176100180722,0.029254108428596,0.00146852729073859,0.0301504858712334,0.0176191919313383,0.00278421727193634,0.0226719124462458,0.0411779524515438,0.0055448953365338,0.00915652255541889,-298.558699820583
490,0.00442171267757432,0.0148067438179653,0.000685796217093885,0.0201138628231,0.0186734986911682,0.00441282560936815,0.0470455078074114,0.0387483576056314,0.00399687821458283,0.00162861939845877,-295.063194693289
491,0.00615899720857943,0.0112818828045641,0.0113140400294016,0.00694747037895677,0.017562558121929,0.00236085397412593,0.0481047178508982,0.0475034572865322,0.0041150129715783,0.0245256801222714,-302.010058811677
492,0.00652874602493049,0.0161827992406415,0.0118178017991557,0.0190591743345832,0.021943788003762,0.00446683404063643,0.0466779376740243,0.0395553341147527,0.00437532507328927,0.0139295886074689,-301.075559228813
493,0.0037977286624911,0.0160502420426468,0.00044412172138342,0.0248225225823265,0.0149298066310212,0.00242456777022383,0.0528466697099459,0.0225361447480891,0.00197300564285759,0.00209222900426317,-297.506007568447
494,0.00381251577419621,0.020272493787304,0.00414687699487349,0.0166467493527147,0.0210097774846612,0.00178020147774228,0.0303129938457607,0.043804480797789,0.00339212238009923,0.00545122635768511,-293.803406289635
495,0.00907762769389078,0.0180653169150178,0.0144717791237172,0.00929849927847634,0.0181609462004733,0.000793947879151146,0.0453583823523058,0.0530411630047067,0.00637235979733884,0.0138379448875249,-301.364010686632
496,0.00560455629552065,0.0149358971918937,0.0134078128410935,0.0116200124512238,0.0200775796046855,0.00378520874868579,0.028084042065109,0.0544282270286933,0.00433240048503432,0.00479187188999529,-296.614102545942
497,0.00372116863547185,0.0234736752991253,0.00764677785667914,0.024750978086195,0.0224569074357149,0.0068049231429291,0.036859791820406,0.0419600450403604,0.00586223325469366,0.00236290000539138,-296.457444369503
498,0.00429774449770643,0.0238338715014366,0.01122415150553,0.00667930868260601,0.014648751904358,0.00721007172334493,0.0320044614374329,0.0421765686874509,0.00363512188157089,0.00206269773612562,-296.833192788354
499,0.00420389546036648,0.0247969829603044,0.000449387122744482,0.0376071546774588,0.0189228247781909,0.00379883368417295,0.0374842974719082,0.0480779418889047,0.00661683000562389,0.00738802258471263,-297.773345085219
500,0.00429759974532726,0.0154802321133455,0.00668158653052497,0.00770960494883456,0.018497365184759,0.00285547404270545,0.0215836799773292,0.0367132389322794,0.00216179099111285,0.00173619960388701,-296.340724821839
501,0.0124614038215991,0.0171648369137672,0.00167462691379416,0.00183962826088388,0.0110207644409671,0.00313859941201353,0.0413005070009001,0.0685651339335881,0.00156661368479184,0.00337806405037358,-299.201733810304
502,0.000932784663440141,0.0556213890022478,0.00240276397065155,0.00249451573845411,0.0152968842188852,0.00617590088737774,0.0253871029995236,0.0566332969917043,0.0104729882074428,0.00376060884594794,-299.184985509764
503,0.000434162542144997,0.0472177830112188,0.000927972456344192,0.00148757351575267,0.0108875951045976,0.00328818334507393,0.0293779088994595,0.0754627806413107,0.00298604972776099,0.00201511944217294,-297.233444863608
504,0.00760813669095278,0.0250265462464703,0.000134425769706952,0.00220689833313855,0.0114453567206685,0.00950845335380842,0.0472160727735571,0.0595119980880182,0.00401434124606514,0.00343246384572504,-297.128065907938
505,0.00753614190046505,0.0331186238511784,0.0031022235840586,0.00354608734661346,0.00942087011961711,0.00621589688672994,0.0387367597098658,0.0437470911813143,0.00652296949970209,0.00266186661575404,-297.707706706757
506,0.00282106746419828,0.0331814986380843,0.00269115434054465,0.00379880229736046,0.0281435055409365,0.00653386080225397,0.0233175291157799,0.0634206517885494,0.00456835056556751,0.00409044563416979,-296.473100285952
507,0.00562195633855958,0.0266574939138371,0.00613619057248214,0.0274797601671033,0.0150287800528416,0.00398668170485376,0.0277456923083356,0.0637232386499288,0.00877598380980119,0.00205529256237663,-298.910604778608
508,0.00384003254250804,0.022271643708594,0.00275550685692815,0.00724998345503438,0.0184558891803152,0.00202869985305675,0.0475282443372037,0.0738752617611444,0.00621051078184636,0.00946170182556909,-298.849108607714
509,0.00472127665325785,0.034121286966869,0.000830913255386441,0.00167003469013958,0.016322711023266,0.00468240330274756,0.0285789701979704,0.0828659658040858,0.00121076459294192,0.0101057568860553,-298.183150992873
510,0.0101180099962267,0.0344904110850056,0.00334814470654653,0.00427846358279636,0.0219845546843922,0.000662086982753398,0.0300777437429958,0.0646125412978825,0.00357762322786749,0.00205895999105012,-296.107653287771
511,0.0045971080629526,0.0256708957763805,0.000560364630284042,0.00631784497374212,0.01964297235339,0.00498050678628539,0.0338870454253165,0.0449612031353675,0.00677424488481449,0.00396576242826858,-294.507054163885
512,0.00695283716512791,0.0267832854169571,0.00231366493040492,0.0113788693595788,0.014198326078496,0.00519894626944947,0.0310395109155713,0.0623648589626355,0.00325143896195675,0.0041640808740874,-295.670626437863
513,0.00171100337363027,0.034217255677415,0.0006648281919512,0.0102010246891319,0.0200738730821007,0.00358066844414105,0.0318027702602118,0.0631815444968736,0.00224826856399372,0.00618161364633526,-296.387408315895
514,0.00619965085430323,0.0254378806333375,0.0012009219144026,0.00300925385758413,0.0153365513798598,0.00437067082881111,0.0505759385244513,0.0576375915797804,0.0028107601584269,0.0106459097743472,-297.410255236174
515,0.00621050747427439,0.0267469847414738,0.00120151552798207,0.00289532197891214,0.0153885712510319,0.00595306982593664,0.0264064158175332,0.0143176103003425,0.00385428831554288,0.00876480749561094,-296.614327750965
516,0.00582365468102496,0.0276199823059179,0.00160635779946017,0.024344553702949,0.0102707880916578,0.00547285954090533,0.0262779278462682,0.0324910503087878,0.00745774673918949,0.0033835640908643,-297.972034529065
517,0.00370714892668204,0.01331693173028,0.00321640534845602,0.0233087986750226,0.0140884520063203,0.00698072298807598,0.0264762938886522,0.0335669727010832,0.00222440294397446,0.00523815112936859,-296.506349092396
518,0.0106212793771574,0.0126001095926641,0.00486538710119999,0.0105160266176495,0.0184268058242836,0.00592936717112913,0.0299833662275723,0.040601968284631,0.00315412116560965,0.00297613741886456,-296.156757736622
519,0.00943512899570256,0.0114557160830321,0.000945051437810539,0.0107494045342348,0.0122978151802121,0.00492195932977189,0.0356061822374569,0.0237873588556822,0.00369955112244112,0.00745657834240212,-296.180642820328
520,0.0150863160888519,0.0117518725445591,0.000806580894223674,0.0120626277100916,0.0212195453660542,0.000833962408972817,0.0356381436682011,0.0404646618319583,0.00481115798825241,0.00488353736072802,-296.71748424204
521,0.0142783260196087,0.0204399066782009,0.00784745474270905,0.0207654507138374,0.0143163949935155,0.00343484268622197,0.0298819374814267,0.0193376289580228,0.00675898352271737,0.00689751778727685,-299.243446018262
522,0.0115843224941937,0.0200788888525704,0.0136820089786943,0.00790711557707204,0.0130629938030395,0.00506263378437218,0.0406723764498237,0.0244532724571104,0.00567543246591826,0.00260749287734931,-299.475645605252
523,0.00171828726295665,0.0171769681761664,0.0143258347271498,0.0199747106676328,0.0267253185334095,0.00665500243119964,0.0357744840484482,0.0527331971865134,0.00218517373038575,0.000576575377850081,-300.312979174636
524,0.00443378743151933,0.0319943277672962,0.00997878450411328,0.0157482204354486,0.023229720852051,0.00543550342988865,0.024639066895135,0.0386694517114493,0.00498146843137393,0.00876108329273729,-299.20596117419
525,0.00155665819847471,0.0307306004971435,0.00432042258632401,0.0019691182960284,0.0220480740253312,0.000896425263641378,0.0306743787194628,0.0779260298155366,0.00693899251711786,0.000698575439059848,-295.90408750801
526,0.00742114593505943,0.0328426030567149,0.00362225929953432,0.000834326927646801,0.0162867243780395,0.0028518371139766,0.0392669587035969,0.0702963508966115,0.00567189065430635,0.00642112630985739,-295.764732905392
527,0.00100386624639299,0.0480057564641793,0.00297485879596014,0.00137527015280187,0.0154785225340752,0.00126701611498806,0.0262376497114158,0.0478806632732234,0.00276044394758034,0.00613471044769313,-295.8563578133
528,0.00381530875217199,0.028166045494875,0.000995757128182303,0.0106317176091942,0.0216507196496267,0.00192976582457319,0.0351715321266731,0.0590632906771353,0.00463555106194294,0.00242722766741309,-294.101103949113
529,0.00398167910957177,0.0270651287619997,0.0120588963037615,0.011293133796359,0.0212069549028434,0.00395915764401779,0.0161437853708403,0.0317775674066109,0.00453924145023336,0.00227673672920382,-298.07616504025
530,0.00329379546597123,0.0267554380931832,0.0156155493284239,0.0165248734763614,0.0208880831400352,0.00285753621628725,0.0392445650724716,0.0543519027668167,0.00353487852372143,0.00252366215314501,-297.501286143062
531,0.008035293856888,0.0130510344518424,0.00208540607478798,0.0245531369789244,0.0199613115606976,0.011041970438653,0.0332272520023755,0.04144304500812,0.00343921455364903,0.00230847578814971,-297.008917210305
532,0.00297923770388627,0.02275715001874,0.00674827274517443,0.0296991105824143,0.0173266543654709,0.0114767772221635,0.0443398732148538,0.0319686303166191,0.00652250927895677,0.00109647360106536,-299.96352836742
533,0.00332965599006987,0.0267611957815785,0.000630924608251957,0.0205485337172513,0.024733484481253,0.000458076353064366,0.0432203780962805,0.0285484018488802,0.00318381889455725,0.00481238493389602,-296.830885948321
534,0.0044417212187723,0.0206399151395863,0.0180807844991392,0.0108086105205865,0.0171208581287417,0.000599457148207274,0.0350268891123013,0.0418415311680489,0.0047815846745339,0.00498069206815665,-297.042190970659
535,0.00839807461105317,0.0278814196158915,0.00695893249416486,0.00532317517403524,0.0182584628600118,0.0127874708890149,0.0311826299008847,0.0187421296225958,0.0028179099534195,0.00836436454488783,-299.785560093164
536,0.00857777103243719,0.0221864722232874,0.0130969120486217,0.013994541636165,0.0191749921532084,0.00167376391230527,0.032221547608463,0.0273945750520322,0.00410262571789382,0.00578738258889502,-297.09453735137
537,0.00148296697826365,0.0139296808730176,0.00354627952363887,0.0186568120450505,0.0203503126166754,0.00235638051720745,0.0333297680821041,0.0351369145697792,0.00488941770411219,0.00136651550387947,-294.330381832863
538,0.0118048572249159,0.020575065660345,0.00367325683445462,0.0349440442776062,0.0143050158022653,0.00387152959194483,0.028026404137475,0.0544281742004242,0.00144028067108254,0.00223805032716321,-300.289829731082
539,0.00992475093462506,0.0178258237374371,0.00412178793711,0.00566012452132791,0.0306582640598832,0.00298592501103227,0.0282417517142335,0.0827393593807392,0.00294865027084425,0.00450731673563976,-300.899199134164
540,0.00509482018195365,0.0394363102818701,0.0024541477918307,0.00377929941845963,0.0157119769135963,0.00427179486014101,0.0260408074431912,0.0421331602751455,0.00762063709294126,0.0087114485868508,-297.554773935937
541,0.00106817110281501,0.0415623006600644,0.00305712580276212,0.0113696745955409,0.0223849530945512,0.00351556156453553,0.0213167776360223,0.0481040943179213,0.00388493239550012,0.00776009387073063,-297.812543144571
542,0.00217658329754844,0.0296145867810025,0.00588294243548353,0.015846246211704,0.0177623883150282,0.00250253077620813,0.0325127982618109,0.0581569865500478,0.00452400080194846,0.00276695157623356,-294.698361426448
543,0.000426178822389294,0.0279728050247195,0.0051665853688629,0.00458034247934515,0.0237939446725453,0.0023108464493443,0.0268250471539586,0.065358623125958,0.00501572742785435,0.000934514609103577,-295.46984917879
544,0.00460550181214,0.0321554025145573,0.000704661450340613,0.00234474537690435,0.0189662906727202,0.00297775649526824,0.0346254239326833,0.0342679788989232,0.00562499943262218,0.0074690601941247,-294.830744459682
545,0.00426122647324182,0.0251969630409534,0.000630407632153922,0.0152923717325808,0.028651624266634,0.00124353949229231,0.0313003403763195,0.0512799607813741,0.0054094270844079,0.00900999085476968,-297.085427729499
546,0.0137132416839703,0.0227247515108268,0.00812395022611681,0.03073679156874,0.0129700500539104,0.00180584965953348,0.0233252238718241,0.0474448362159908,0.00487993911688537,0.00350519116708064,-300.538035283688
547,0.00138172878980457,0.0264545218302769,0.0102321746685205,0.0140435113261025,0.0213634574183941,0.00104232868499134,0.0325996743342847,0.0532970336275178,0.00393362458109794,0.00213125819793832,-295.221136227423
548,0.00125173847123859,0.0204445557921382,0.00644580397382482,0.01428047572888,0.0248096425578378,0.00261942554918767,0.0247741807255246,0.0455254533917154,0.00854616369373601,0.00124449023844568,-295.098721922164
549,0.00308830813860235,0.0278946444294769,0.00587648327425071,0.0151583108621303,0.0246992640021333,0.00450852011271054,0.0191549987825217,0.0509969273583564,0.00463063253338868,0.00418295656608016,-295.646138123673
550,0.00620265176325242,0.0251210153294751,0.00630146167646158,0.0127747803378087,0.0168508588582665,0.00512401262034489,0.0232642503715121,0.0536754709723011,0.00369787385082237,0.00530958856011875,-296.275189030777
551,0.0027520115952149,0.0236244585718494,0.00437825157180966,0.0115265414133898,0.0164033401549586,0.0099016503256356,0.04685954777901,0.0650780766757307,0.00314991164735193,0.00178343008585735,-298.288786404217
552,0.00550477959317704,0.0243688617214443,0.00423264221944144,0.00511403470518958,0.0190995292066791,0.0062167355798378,0.0371707409974708,0.0663328706679108,0.00315074690804473,0.00648403592926828,-296.597151199019
553,0.0205557980696678,0.0230795024104666,0.000877542685944217,0.0147340113526576,0.0184022632408287,0.00472038351869201,0.0361533305327427,0.0470549158227854,0.00423902556128891,0.00183609474133219,-298.480360573208
554,0.011345324408424,0.0210060491725786,0.000111102364643797,0.000453982350206109,0.0204871782989075,0.00562210004521269,0.0259169560326121,0.0574017965442687,0.00198202685062116,0.00497478344103465,-296.743892539812
555,0.00190261764011094,0.0460936029488704,0.000673411593603525,0.00510180921954621,0.0136683803095363,0.0025630912165872,0.0303270743738956,0.0553983978539327,0.00806783097471966,0.00618545540816643,-297.049896872011
556,0.00255898777403935,0.0223712380497546,0.00659848173777358,0.0189508712552829,0.0223471750433119,0.00270528806436289,0.0506955825659977,0.0592759477543663,0.0059456989282403,0.00595484868836012,-297.836191754407
557,0.00737661575004121,0.0131301078114768,0.00590314773486505,0.0243926865881979,0.0219797317877282,0.00245470546876821,0.0200016536068314,0.038054794471852,0.00330105365177308,0.00839411773658084,-297.866266696218
558,0.000554647133715277,0.0201376614856765,0.00946524305953794,0.00263914581125135,0.025223265250767,0.00443913792863547,0.0286088660267861,0.0507786475932633,0.00730340689664208,0.00873346667128524,-298.254306361146
559,0.0106863502214902,0.0194325831632797,0.00771808234948963,0.00428928203798284,0.027040467927896,0.00208260850020066,0.0124057618411617,0.0391317739283642,0.00815572208776674,0.00139784181556155,-299.961104269545
560,0.0118987693984486,0.0260516847345685,0.00416758872536674,0.0258226656284563,0.0240900623679355,0.00476676488931734,0.0365985714503979,0.04764565743935,0.0204987633727384,0.00350510197010419,-304.972456773884
561,0.00975878884913501,0.0234377073079218,0.00381736293511003,0.000792772732649246,0.0170842804445727,0.000961991675775954,0.0362486454483018,0.0515595396899601,0.0111390700239886,0.00231154596298399,-298.306253024717
562,0.00280444952413896,0.0414903665487424,0.00206887011795855,0.00198039721153171,0.0155721586409264,0.0015526545233977,0.0398648490954132,0.0551554845318595,0.0102795759297911,0.00464908701468978,-296.863403324205
563,0.00258666659832179,0.0400474257141445,0.00567210048901887,0.00174861004068327,0.0201891828746315,0.00189707552872133,0.0326145935601957,0.0657073676489343,0.0031268681848468,0.00382863228357038,-294.424033437652
564,0.000161958558226495,0.0350683759868465,0.0100980441446823,0.000102829883143056,0.0175679352830307,0.00697680010180827,0.0316462861513505,0.0609186747547881,0.00814889176770865,0.00249887423037793,-296.720862802594
565,0.00462287503488213,0.0348723017504254,0.00335607868537597,0.00978319642170157,0.0138814856453373,0.00674511780454742,0.0341619400428327,0.0583176744286374,0.00423823386362966,0.0104079175507685,-298.151204625975
566,0.00225924689000667,0.0202443494973848,0.0040734178058866,0.0274192204291173,0.0264444865309819,0.00583065717270306,0.0441134975293732,0.0487711878610219,0.00380715350485813,0.0020207695757817,-297.14361320587
567,0.00894111144149303,0.0246863425759027,0.00522651331815855,0.0240295817335432,0.0262504676090429,0.00235441027624558,0.0543101240009122,0.0446119337097311,0.00605601564685407,0.000661117275497329,-300.003989275267
568,0.00532064529509188,0.0313813889426044,0.00544606975680004,0.0327686568653035,0.0331034693329071,0.00115366871822097,0.0300649914065048,0.0340366753096789,0.00318213021871372,0.00151535923741015,-300.154524839467
569,0.00437219415863638,0.0166397422031827,0.00712731952857295,0.0371049133175367,0.0242568215752008,0.00649381651385401,0.0376773899220592,0.0450365391058573,0.00419713249496804,0.00644632852853911,-298.569330080462
570,0.00378988237163176,0.00910374200680786,0.00683805890641951,0.0370997161778351,0.0242299844859069,0.00636545967961497,0.0337834160616249,0.0310537791432747,0.00667585781298028,0.00180756443292897,-298.363512105819
571,0.00393289804426787,0.0198555201433054,0.0023790446887801,0.0382911509934045,0.013766009322495,0.00477803634111165,0.0420768136206419,0.0392425055888696,0.00378042087717967,0.00656537345061422,-297.291408142535
572,0.000790012567951322,0.0179300140196481,0.002104005874918,0.0422411467249635,0.018102316490679,0.00895016809549575,0.0267375250627942,0.0191614711465674,0.00179728919340441,0.00228375228490053,-301.046204025914
573,0.00123396488767188,0.0236566764815308,0.00355052478026581,0.0399337939533636,0.0162798656014106,0.00107313062233668,0.0401115376750713,0.0393795344821377,0.00710444520212605,0.00299360058550824,-297.842901741447
574,0.00603304169709992,0.0120259074618147,0.0115814175976235,0.0259672284921449,0.021698838081052,0.0018315916221834,0.0271021105977278,0.0451876708651983,0.00699837347624529,0.0052499642590741,-297.678115366122
575,0.0159136849870998,0.0032112953133759,0.00696986087912575,0.0359984455492934,0.01917463111345,0.00110110039593359,0.0293568351950321,0.0274536460111375,0.00330393282825553,0.00395996461665012,-302.173610391554
576,0.0164098536217847,0.00354740777660317,0.00401999649869957,0.028889346760792,0.0214206004060989,0.00412925165275528,0.0352165849098234,0.0340859963471747,0.00747190728126652,0.00558697817459633,-301.992995884615
577,0.0139754877956167,0.0199085556235609,0.00511369832763379,0.018269277346411,0.0190453644136139,0.00302064389711794,0.0380675890083149,0.0480591796342048,0.0032687261289684,0.00507213440441122,-297.141507552591
578,0.00513140182666045,0.0231453125267173,0.0012222826608856,0.0154490752932137,0.0184267851028905,0.00300379744500873,0.055611893731791,0.0366751620927839,0.00225439083391485,0.00491330789583934,-297.16075415916
579,0.0058391547162388,0.0240286816550441,0.000112101327325327,0.010231898876707,0.0144637508634612,0.00348932714162197,0.0273537892685944,0.0674174064864581,0.00142546285139252,0.00916058223391553,-297.537438098284
580,0.00631278770312439,0.014241134278034,0.00435923097955556,0.0345527055822948,0.0181757839753491,0.000965475923066549,0.0230951230134205,0.0592079709301124,0.00505654827342784,0.00383791653144864,-298.142926846218
581,0.0094590290010123,0.0184123391116174,0.00168620568204391,0.0145676331098943,0.0241002157082143,0.00789992558605841,0.0347133083003506,0.0600637724441866,0.00415858172641779,0.00354862499039749,-297.33213841585
582,0.00693388964690116,0.028359510025667,0.00292861094780353,0.0114791809533413,0.00939777428471973,0.00727305856529664,0.0286352179554983,0.064156403257045,0.00448659601508379,0.00543563136099363,-298.754869213524
583,0.00915158090782921,0.0236899964268689,0.000345729215893186,0.00879895456026167,0.00799840997049753,0.00240251997797029,0.039966708783773,0.0227412559534744,0.00681564367846002,0.00126536575793414,-298.731712059797
584,0.00358085412399551,0.0203224733751866,0.000138908765079295,0.0114178873601007,0.030261173659388,0.00446109183937278,0.0471951364085394,0.028643901111692,0.00445644687314056,0.00924810909138941,-299.791727119668
585,0.00160521687595653,0.0300761838938162,0.0122710169793623,0.0147652834976234,0.0220606322580217,0.00106398816840862,0.0259157074682304,0.0485673072493293,0.00461561433220703,0.00904036869656198,-298.205103912949
586,0.00131425327030152,0.0212274750281991,0.0104663210089587,0.0151580664573545,0.0184561013792334,0.00654052028435526,0.0489620099285059,0.0503980259256638,0.00491924992136887,0.00687471289104576,-299.174473713383
587,0.00769422621451914,0.0211493183895627,0.00338964884474914,0.0184727361999563,0.029887418848399,0.000321137493920846,0.0461946471451566,0.0316893794382503,0.011282298036124,0.00489204824571299,-301.007927761422
588,0.0114289377891048,0.0167168212397253,0.000742035460773363,0.0280765604152623,0.0116297879224585,0.00274011403540951,0.024741016674004,0.0304624436776506,0.00149072671067151,0.00777077746078382,-298.06782455138
589,0.00231657646614166,0.0172057768302068,0.0018746468108362,0.0204776587891349,0.0224711025644199,0.00325490789838333,0.0347059019671951,0.0339143891820138,0.00879547432731512,0.00296515305375041,-294.781097068045
590,0.00445007458104372,0.0173347670308998,0.00148380154398392,0.0252042287223598,0.0243045837334556,0.00135366910577036,0.031943582141292,0.0331159153122093,0.00233549126497699,0.00552121295629078,-294.450438454047
591,0.00302805850188531,0.0203098675140771,0.00670394492420529,0.0237061677337562,0.0213468063940085,0.00105307943616972,0.0369601345975327,0.0496600836963188,0.00418823716799167,0.00321240760538615,-294.673881282345
592,0.000274994072413754,0.0222261976431703,0.00544614922258403,0.0207178443716957,0.0218311959066264,0.00388775332471172,0.0410090914169935,0.0416801282276993,0.00757253606138779,0.00217364879899645,-296.502714284944
593,0.0062310329373823,0.0198038615590237,0.00196496447237499,0.03561426273816,0.0132731975376487,0.00185709000361132,0.0333169996292819,0.0422343255452725,0.0054354035195,0.00981680966394276,-297.550180835251
594,0.00774298772898751,0.00910398154198077,0.000108200109829145,0.0151791595601453,0.0206594368486144,0.00150249419132215,0.0382311316319451,0.0401348900737443,0.00754295395885742,0.00995413993762168,-298.775827341437
595,0.0144625933334768,0.0314432990921593,0.0014939603877621,0.0149832303742023,0.0298718429591676,0.002063368780916,0.0187339141827532,0.0458754488913864,0.00340278530283416,0.00751891456747233,-300.139369435616
596,0.0120394610818255,0.0124280149037323,0.000454194821453858,0.0115906347375307,0.0318372680937317,0.00503042626537271,0.0457564900300876,0.0469107395229312,0.00349952871730459,0.00650408983785414,-300.68357876182
597,0.0138044695628702,0.0137228559387808,0.00374779812935977,0.0138238531712932,0.0298375415661883,0.000319955631281644,0.0200390956817089,0.0570358505650469,0.00127136369890052,0.00672169949100443,-301.923793166362
598,0.0194570619138999,0.0283764802790738,0.00335594876241367,0.0136859068769128,0.0255519941733754,0.00402986454572286,0.0361288182026273,0.0292185144071152,0.00350382878919552,0.00224484530521531,-300.968127513408
599,0.0136839584100343,0.0158947189153704,0.00433663104423405,0.009082114448927,0.0288291752202316,0.00680309653228473,0.0242048196311374,0.0554104388043657,0.00898472500783712,0.00690143599134317,-301.184831379393
600,0.00539421356804935,0.0388742466749752,0.000640268441163379,0.00440730565519821,0.0115947441671826,0.00222011687986189,0.0260288449220118,0.056630814512179,0.00274294286794777,0.00550861515166921,-295.824499378001
601,0.00598324862254346,0.036562392530689,0.000766186197853973,0.0046168101151935,0.0267648403218393,0.00204202300915801,0.0265299063055239,0.0449973138614089,0.00375103561144339,0.00595624487597931,-296.068297179205
602,0.00659129839185574,0.0312084751143268,0.00157210156487004,0.0019845770591217,0.0251989426468834,0.00281990906153646,0.0319600797852616,0.0552455177389586,0.00794463325565059,0.00268902212154853,-295.090663736541
603,0.0052494834068246,0.0372313466906714,0.00402383461298691,7.64533765451662e-05,0.0330749328406536,0.00762364255520513,0.0301239133204433,0.0723170320363262,0.00855873500414125,0.0061264880704134,-300.161162555584
604,0.00223260033232118,0.0398537633669606,0.00101416843284857,0.00373663707047589,0.0135531340494893,0.0010526215509833,0.0364508309355111,0.0336036819937114,0.000770727830178261,0.00511198670022576,-297.853979287905
605,0.00347800884201047,0.0167741282581365,0.0144674781595051,0.0249480306386551,0.0213761946740158,0.00485961814561875,0.0543107642402703,0.0332486864642907,0.0115157321952535,0.00382029216105594,-302.838211522243
606,0.00352288959512881,0.0207258248297215,0.00168914001216535,0.0357092557787863,0.016467008990409,0.00317792611375126,0.0390813093065752,0.0343087501809037,0.0122454529896201,0.00344942837369786,-298.11253158407
607,0.00533993300445099,0.0211953998971427,0.00728767694387969,0.0102815539913009,0.0226244414235847,0.00603251244581769,0.0193636747121535,0.0600812510735994,0.00820123393588032,0.00267342308428419,-297.643071970299
608,0.00270149708753582,0.0215418481617983,0.00668135105766471,0.0136361135969416,0.0314991111048484,0.00245380854114567,0.0276595721312744,0.0469952164438775,0.00321224777785121,0.00159186646539245,-295.595139418437
609,0.00363771446782207,0.0273315460819562,0.00204038458697121,0.0175370814954289,0.0231323894248226,0.0061928090454818,0.0237398344456469,0.0353749152463469,0.00379540942066826,0.00173504938003938,-295.305661262989
610,0.00270604929413534,0.0144955260896982,0.00800751311640271,0.0253138773768288,0.0183292392401735,0.00141397176498282,0.0242135764673325,0.0219605750876318,0.00406497783370282,0.00170858886666717,-296.233567195296
611,0.00838002017886765,0.0147137469949206,0.000274499520498184,0.0226696135837622,0.0118129297752852,0.000368844720218404,0.0322580916430459,0.05360111327805,0.00292447488119253,0.00588054259217916,-297.383026225231
612,0.0093431850497561,0.0153345014920745,0.000109117711413999,0.023639825498392,0.0306315761681129,0.003127444875204,0.0381667243290858,0.0271525584858675,0.00560383006795516,0.00816018976762001,-298.046583698613
613,0.0131645634145558,0.013442311712498,0.000238177638062125,0.0257365731819143,0.013091475924928,0.00300942187991032,0.0385306253339845,0.0271078541107415,0.0025555768658337,0.00967447658450944,-297.27788448086
614,0.00870419582838558,0.0198010752269825,0.00045854005877525,0.0264149375609975,0.0127973665625421,0.00538010445877766,0.0248437978486698,0.0186372315372135,0.00326333161492686,0.00604700485469465,-295.637935708004
615,0.00278503166302442,0.0215156985954174,0.00182748164826394,0.0250669270273606,0.016221284603207,0.0016071648358086,0.0311127713559492,0.0346909162139759,0.00310628654884654,0.00975171559693902,-295.193313185481
616,0.00631434537435633,0.0127228216622997,0.000484033917139181,0.0269995787261822,0.0243903891621108,0.0030001524135503,0.0338500443175584,0.0322917620668514,0.00702798989968417,0.00888194080117976,-296.434851052749
617,0.00799772226328289,0.0137029811105398,0.000434201706964442,0.022277043022388,0.0236357219432572,0.0114110409172447,0.0336878785391688,0.024071395709656,0.00228204912563907,0.0104593182059545,-298.820168793113
618,0.00785854470026689,0.0225598660840062,0.000557293888752884,0.012156515831112,0.00892394090606541,0.00356764784736759,0.0273011562586105,0.0243877417271586,0.00163763206275261,0.0229442706652568,-301.037017048616
619,0.00122443283532785,0.024217441730736,0.00291297110332698,0.00778543818800763,0.0226759754934345,0.000808920934385019,0.0332770017885711,0.0475687975423687,0.00577817123490611,0.0252097466928815,-301.098323666341
620,0.00505054135225055,0.020554264483027,0.00665892481461633,0.000939807456014541,0.0218204437099108,0.00416755943826311,0.0336670392119652,0.0107145923436959,0.00735185682039341,0.00218738383018137,-300.262698062109
621,0.000831061264089445,0.0396423571881622,0.000788381881969404,0.00332327323641813,0.0213202815587412,0.0026943500842427,0.0221923890665834,0.0946023066413305,0.0106052739232451,0.00377992520156975,-301.041587194922
622,0.00649711712224367,0.0431244530744828,0.0107674447722349,0.00241295703037893,0.0169951955945343,0.00576764652346475,0.0614096515605234,0.0965100625530304,0.00190926410159746,0.003731948988641,-304.809585297787
623,0.000927840747242732,0.0316321679451164,0.000849362466474816,0.00175715950434452,0.0186143474956749,0.00214658182590234,0.048535816774124,0.079753835075017,0.00217794010178135,0.0043928887710827,-297.442277931316
624,0.00476172414525806,0.0252491691964244,0.00645471845796072,0.0122910536367707,0.0269535671606901,0.00203279794698991,0.0378895015455874,0.0283681895996061,0.00316824903917246,0.00252667559360672,-296.509711778435
625,0.00764197491250836,0.0209832639177098,0.00119245212935451,0.0139688666169731,0.0123389867457953,0.00497100057579601,0.0425161744976582,0.0355324987280553,0.00138491117889427,0.00787348370493148,-296.570172664461
626,0.00711131710655361,0.0265404097900425,0.00846858818652727,0.0124588005218772,0.0130721372548057,0.00288902550249612,0.0332457293599657,0.0159709483167236,0.00206411668329244,0.0184286418524504,-300.289071310588
627,0.00757186298269854,0.0142831535578937,0.00163263982416919,0.0140186242403754,0.0149443716368737,0.00210675227154837,0.0333041619820464,0.0126252506983612,0.00506354266882998,0.00437275066965148,-295.49066395501
628,0.00422504580366921,0.0285424818593273,0.00254448719962396,0.0154667605264087,0.0188758542776598,0.00605543176193659,0.0326570099484704,0.0618981527945026,0.00453706115783618,0.000655316305699686,-295.91551409892
629,0.00369056819637118,0.0247222249823918,0.00163033121653561,0.00173352769806265,0.01498145671526,0.00647256380541245,0.0347227024392484,0.0393392495136261,0.00494892953908575,0.00594325373175214,-294.621583518875
630,0.00541935068699449,0.0385585277186436,0.00223649944230027,0.00241683765838324,0.0208569035805726,0.00925224582890189,0.0267022379032962,0.051918671587566,0.00220845620137893,0.00809328208026012,-297.276726703937
631,0.00807182062146338,0.0502471189450112,0.00138702732304878,0.000333727610124838,0.0159566974924982,0.00102075314633465,0.0315874578787906,0.0690392296276521,0.00821854712104407,0.010049931247283,-299.485384463906
632,0.00466241579912716,0.0440639030547742,0.0014551586507197,4.26340926355231e-06,0.0194098050004371,0.0061222517030482,0.0289697024769058,0.0576635791653371,0.00329781745774773,0.000438869042012516,-295.359942527615
633,0.00190260549676865,0.0301816068347885,0.00133638505587291,9.15601526302783e-05,0.0226875298261019,0.00346595473687983,0.0433693986097598,0.0349998987901943,0.00467381122645598,0.00790987089886047,-296.777686200417
634,0.00235428478000922,0.0254365855345708,0.00230939187318576,0.0201686986246241,0.0207977784105143,0.0030602283842595,0.0397394370254462,0.0320096615888457,0.00596721650685817,0.00291302551988522,-294.74612718086
635,0.00412844283740864,0.0142323941497149,0.00475484773302701,0.0176384459248631,0.0278208262056837,0.00221048059783728,0.0391087361801737,0.0235953650734866,0.00328301586813667,0.00651734951728557,-297.175758077575
636,0.0110927122360999,0.0199243628565768,0.00204010862175978,0.018736661031627,0.0288384432295818,0.00285007191345921,0.0277405343218144,0.0239386296591088,0.00343012315563698,0.00491690435572584,-297.351289899781
637,0.00380911173071333,0.0230024287532499,0.00560490912126993,0.0218716955701938,0.0149021480911786,0.00486346383354913,0.0345075343478099,0.0385548524857343,0.0035034946574878,0.00622714320397729,-295.284292662853
638,0.00542979377907141,0.0152555377125399,0.00331049470358163,0.0445585490668871,0.0221647764052657,0.00646051150910808,0.0275146770841078,0.0448519303531839,0.00159394274290282,0.0105370405340041,-301.254803021207
639,0.009651728449354,0.0176674418222384,0.00590953186908823,0.0433567899238452,0.0183145445538252,0.00193033862013815,0.0404445789324406,0.0280772942292508,0.00144079426387156,0.011668405017754,-301.026547413552
640,0.00213476518805553,0.0203832508865438,0.000840343025068414,0.0113091685789291,0.0128799756664684,0.00671036204947267,0.0246470400701087,0.0181158583298009,0.00248408654417469,0.00628718467091177,-295.93694932257
641,0.0117617098838996,0.0188650203575517,0.00757951508994589,0.0140391447448789,0.012274186103209,0.00318772632111061,0.0293801279510632,0.0286637194605373,0.00386209843440191,0.00737737283588684,-297.177634823271
642,0.00726291782732347,0.0208782607266821,0.00865040592930185,0.00756871409161092,0.00952764705210751,0.00312007661912435,0.0409869534606902,0.0390600879788714,0.00368153716817987,0.00088043120125056,-298.605278506908
643,0.00774779021423208,0.0130741686441603,0.0115294213501919,0.0160615527004845,0.0156384964972066,0.00364023614310726,0.0134120012280393,0.0494850017250442,0.00322178457132584,0.00307928438502857,-299.712721741899
644,0.0100519736475101,0.0242054716784336,0.0123625600429724,0.0100916331750581,0.0280233984937667,0.0012665954606419,0.0235844338777701,0.0400547248590166,0.00732474783597239,0.000965541895867925,-297.60515318262
645,0.00990284993174198,0.0308267963313498,0.0185020680936599,0.00842372614017503,0.0361302775462775,0.00463840709001975,0.0283750927413841,0.0437035340385106,0.00262808614813442,0.00281532389225836,-302.763408352774
646,0.012573516214261,0.0197413638512277,0.00473129689001104,0.00716027687323598,0.0257078705153712,0.00704340570873363,0.0448979444120287,0.0645501871973595,0.00435616580113645,0.00399834984155175,-299.765280853246
647,0.0192104390993576,0.0219651820309586,0.00310744452738345,0.00960170490064306,0.0124459554825751,0.000604850727502017,0.0437165609571877,0.0742680451960732,0.00780423616569281,0.000539300024508716,-302.864582473942
648,0.0153016277645938,0.0157792555987276,0.00267226413481979,0.0169999490049812,0.0152713725957859,0.00515679091485625,0.0165575959763353,0.0457036778568886,0.00230385627886362,0.00391851598430993,-299.687909263051
649,0.0061901512569655,0.02985212062551,0.00207254239052164,0.0105908363542821,0.0249460481184592,0.00393519166339469,0.0438270880388216,0.0429101683606452,0.0115614961519535,0.00321122225613655,-298.645126706389
650,0.0164985169709434,0.011147601730807,0.00391918814323471,0.0129745608487831,0.0126267466996445,0.00939894891119822,0.0423843311624515,0.0153398248028675,0.0045479042635843,0.00906517793194882,-301.576649016327
651,0.00723676363749686,0.0305383383277888,0.00187550931487837,0.0281298011071921,0.0138901783972868,0.00495693682554643,0.0402835206563466,0.0360744745132158,0.00248930825727937,0.00816028529019996,-298.277411830002
652,0.00641661402718445,0.0280492976026955,0.00473994042828641,0.00154043666542826,0.0167038676169103,0.00186528681910131,0.0366636174812717,0.0600219235367236,0.00536020465995561,0.014982612965743,-298.543192503992
653,0.00674856771070957,0.0336949249137667,0.00419600032352662,0.00112135999746428,0.0229235597065889,0.00146216935713861,0.0299691041348601,0.0520293130457109,0.00427816084219292,9.25639316727026e-05,-296.70342139369
654,0.00294236058668912,0.03714795613342,0.00479590045042761,0.00360575027214562,0.0131857212110571,0.00140670953251682,0.033550695697864,0.0602771465137177,0.00984684136294368,0.00702860335201342,-297.900965574642
655,0.000252771995926383,0.0529096750049596,0.00435082624607768,0.0106193892452069,0.0161618603868291,0.00356601597059386,0.0446846613148703,0.0541649190127418,0.000471184070541582,0.0103033996626196,-304.855699428562
656,0.00119317261581033,0.049455569025411,0.00150580512530879,0.0109279629846719,0.0193125086910935,0.004050629850349,0.0174239201301745,0.056355778655808,0.012759069015201,0.00411296221543006,-301.501017796091
657,0.00428211337434774,0.0291116279383487,0.00239082558158315,0.012780252556571,0.0221521878258412,0.00280408646233815,0.0209874298734537,0.0472834524334112,0.0118099556657563,0.00667422880482865,-297.506332486795
658,0.00600537087326394,0.0287361678471815,0.000895137097612024,0.0114178876304896,0.0141734532205852,0.00402443988793247,0.0347927375494924,0.0571744840850841,0.000660428956769789,0.00770623435597641,-297.822653232141
659,0.00942152444138652,0.0305069503070692,0.0022054651886222,0.00830705439834367,0.0133912464798823,0.00675010978358418,0.030903869748495,0.040957940329628,0.0045307649586044,0.00128227141600281,-296.205348042787
660,0.00152007490393157,0.0346153796776407,0.00205070316005105,0.00688862515332304,0.0142455425380854,0.00420235414434963,0.0227443473570054,0.0556197733652799,0.00599617590099391,0.000553881006131737,-296.10440341637
661,0.00846378373620093,0.0199359647264545,0.00128439758166154,0.024117722914315,0.032171563785896,0.00370816537656245,0.0332868039345651,0.0427194795521041,0.00452317479863528,0.0029659619836702,-296.435746616512
662,0.00384080678035935,0.0122308303463386,0.00359386729317259,0.0248963750222552,0.0213841244665926,0.0016064859461289,0.0227634126723904,0.0347708610504337,0.00690689244985018,0.00230575495076399,-294.997190167715
663,0.00494861405130583,0.026338109980185,0.000566034423632297,0.0147438213339185,0.0147266871988974,0.000553035588357336,0.0442856146502045,0.0239290521692197,0.00245096237563706,0.00225430677555352,-295.7287905459
664,0.00254081705069681,0.0243680800157522,0.000661371927144049,0.0185649861877463,0.0129491455100547,0.00336937541441332,0.0426735412050047,0.0322747412369246,0.00443616570237547,0.000561285617187666,-295.835371803881
665,0.00507120158515206,0.0193587470797304,0.000427370493162944,0.0406354505380118,0.0352279906504683,0.00110683403080411,0.0298029478569455,0.038576556814445,0.00500400210129506,9.06069641216187e-05,-300.39681010964
666,0.0065808301118806,0.0205671472031474,0.000547241213549976,0.0180603625315265,0.0183433927657861,0.000495537090178338,0.0316338979258081,0.0287090338473737,0.00557591880085188,0.00908482523499752,-295.085630698312
667,0.00826277629734169,0.0165536537479538,0.00148060302428391,0.0176033338180901,0.021289020802594,0.00329054061077847,0.0343295983772296,0.0241873489653804,0.00342998646919987,0.00117731131910684,-294.535242200934
668,0.00607072397143045,0.0126138725911202,0.00176102447402599,0.0300536656204823,0.0158090110286393,0.00156586080103501,0.0356724151819154,0.0442588107679647,0.00282913248789222,0.00373056798269855,-294.589017100925
669,0.00353824833582729,0.0126271888451557,0.00206957270309784,0.0241180245824871,0.0238930157494864,0.00296591874166559,0.0404000882835789,0.0320930861358932,0.00741601035920516,0.00144986313121213,-295.254083736108
670,0.00606291265124167,0.00893907530803275,0.00265605915604064,0.0417754075103817,0.0221352196855296,0.000866276906946888,0.0243403873091164,0.0340450951476466,0.00519557177434109,0.00257068331375207,-297.409449703387
671,0.00921621690931861,0.0223187021099986,0.00421351958843132,0.0186560602482351,0.0309315918453548,0.0012439820962961,0.034839662697043,0.0525009721511877,0.0018832051532595,0.00190398985829661,-297.400154961197
672,0.00260444801971753,0.0166824105200909,0.00309883222821532,0.0144623189473853,0.0268590017156052,0.00564407549887459,0.0274657773657599,0.0537056081210955,0.00557392794637386,0.00445111612926832,-296.177695853124
673,0.00409799376092765,0.0255439250298139,0.0109812296707574,0.00476447696129987,0.0272916130997029,0.0038544340487333,0.0265732342325861,0.0493264238002378,0.00423489707351201,0.00635440848051836,-297.421716189736
674,0.00152285591181023,0.0259570013184749,0.00811719121659974,0.00411961379718055,0.0259344976177265,0.00242649190119684,0.0229262845226609,0.0501939911998625,0.00477429345753085,0.0050293815760872,-296.432688438044
675,0.0027218150474897,0.038302966897206,0.00389373728848,0.00717377014854369,0.019173190831832,0.00455443539943905,0.0230216837845733,0.0368166955932939,0.00299544250226465,0.00139330088333071,-296.499509005599
676,0.00480952932115917,0.0196197667063425,0.0101183895092359,0.0110549747804593,0.033793966197668,0.00347603666676363,0.0287291498651218,0.0619716691321918,0.00687975913495681,0.00663837725558661,-299.670274356289
677,0.00691495954763829,0.0199826871392664,0.010021830063027,0.00134179906216819,0.0140728053662507,0.00439191052375529,0.0523606901417318,0.0641607206713846,0.0155927039639602,0.00769771832795609,-303.338151422604
678,0.00577209911438209,0.0246096020993173,0.000782134443485301,0.0194566890455808,0.0225585716722582,0.00327136412680789,0.0530746368050877,0.0633756335682717,0.0133267461990317,0.00248022658061597,-300.751681355682
679,0.00828642761519465,0.0251401005853393,0.012734132497889,0.00184849185261498,0.021378873779799,0.00355968985847583,0.0558814058699956,0.0489678730901274,0.00638757492298223,0.00379814125432686,-300.744404402193
680,0.00727304367683969,0.0255090724037603,0.00740539479861441,0.0109739547937883,0.0195338134902422,0.00202320113359045,0.0337810165576823,0.0465961674428376,0.00320943508273083,0.0010174831907407,-295.435310665554
681,0.00659507285068983,0.0197425258825679,0.0034828951246845,0.00856829318901105,0.0216207810473284,0.00158938515376771,0.025764949902104,0.0386943352785857,0.00305386288730482,0.00652173564949504,-295.7491548683
682,0.00351857064374171,0.0190867295684205,0.00346495329642252,0.0262627020216054,0.0174845996258277,0.00361606668527633,0.0389325995508566,0.0426937249033995,0.00429461930129539,0.00098247284133074,-294.491594655493
683,0.00610379604544854,0.0217582434562806,0.00445914582092615,0.024170139699535,0.0199759112134577,0.0037002369623327,0.0242150571784504,0.0432089636655796,0.0088461492415301,0.00217630336902263,-295.416763669721
684,0.0123243760053198,0.0142940003673075,0.00487229987501209,0.00980161818159323,0.0233191278392585,0.003711312286013,0.0263498676739875,0.0215721132647209,0.00341715296819903,0.00436392401594818,-296.979483257771
685,0.0108338834402239,0.0157614575890221,0.0022295468050848,0.00909268866755996,0.011855553838691,0.00928823830001946,0.0274994960584299,0.0289239969839164,0.00465749868007813,0.0071849135933617,-297.540812631107
686,0.00947434729759026,0.0150011671792023,0.000574077015456373,0.0274729125635611,0.0137547908218431,0.00935042518190642,0.0336011230390699,0.0385190158307731,0.00307450664806657,0.0113816658185722,-298.266203570921
687,0.0167625583892543,0.0113225840870615,0.000554981920891187,0.00977843889811162,0.017126001936155,0.0094356629752224,0.0334782438679435,0.0361729631663354,0.00403123015630313,0.0163344213266874,-301.099958198194
688,0.00837561934312073,0.0182524053682733,0.00311343059711421,0.0184868278151958,0.020341473941364,0.0110113866619796,0.0385182976690211,0.0299787193063393,0.00268451338761411,0.00297297256932803,-297.08750419002
689,0.00442016639992361,0.0134281961316568,0.00339160816732421,0.0198851134409543,0.0235184520097599,0.0106239691621135,0.0362313595697105,0.0212380390636383,0.00180564208928893,0.0021841933046731,-298.56254618751
690,0.00385517618336666,0.0198998778917366,0.00162645591753505,0.0229662922086828,0.0205334696560088,0.0134598327198007,0.0381111083312127,0.0487133037899683,0.0036845895063186,0.00481830589712879,-297.978500959943
691,0.00815658438470943,0.0253266177582208,0.00496458280143619,0.00623335419038133,0.0115634658275379,0.0143122949552445,0.0490398607904864,0.0422380702253024,0.00575379368579508,0.00447715300257672,-301.08345125433
692,0.0100204631049861,0.0298604674883901,0.00374325030939916,0.00324235288674535,0.0206475639473283,0.0139971557025061,0.0177527039141142,0.0523109973985179,0.00200407544753155,0.00438021694599416,-300.988500619576
693,0.00653134019824899,0.0352591225432587,0.000736434932028409,0.00360959687439015,0.0122419017140848,0.00702160717955673,0.0459530831212383,0.0409157249223991,0.00205132425044732,0.00377671491414614,-297.024816627595
694,0.00806015419551453,0.0340568704629506,0.000741758318688565,0.00177446300779755,0.0187372727017855,0.00862263199568777,0.0308060536128942,0.0318010810315751,0.00436243921962263,0.00766782188599846,-296.522746963
695,0.00218654954797948,0.0270616446881175,0.00699805158874163,0.000915105245712235,0.0154109733403929,0.00413006233291836,0.027863349080476,0.0604520730130581,0.00219106653695906,0.0051566186863841,-295.823644448836
696,0.00473403108725903,0.0223829495155622,0.00366777902031723,0.0106315005516866,0.0187950071697328,0.00272314814712838,0.0312155224183694,0.0621304482698818,0.00690992363673854,0.00224440358235594,-294.777194385223
697,0.00606209129051259,0.0323474718179024,0.00053132619286746,0.000735122201430933,0.0222223439065604,0.00241031099468117,0.0374485636755295,0.0623754861664555,0.00562522902250695,0.00261467473702595,-293.726269381486
698,0.00849380720138018,0.0323490532656562,0.00197075221215021,0.00415572478619817,0.0151299141459387,0.00742055866902933,0.0388214864664084,0.055381342882772,0.00487554979375984,0.00465152140394841,-295.86041368342
699,0.00851654563830848,0.0356123753021139,0.00199802606027323,0.00414603680890765,0.0135428182504557,0.0112904650774296,0.0236204944729626,0.0608040780751459,0.0080029395350913,0.00459747504720538,-298.831469185621
700,0.00507367815230188,0.0320855384344199,0.00445899940196525,0.00155318990952564,0.0188021555734554,0.00355651800692013,0.0397831695970391,0.0631350939917274,0.00904526339991355,0.00151249982994696,-295.715701945124
701,0.00144215509630758,0.0468203046779623,0.00196297610888833,0.000951152075557911,0.0184408332423346,0.00919875585979148,0.0277861664525511,0.0533119796177522,0.00199678332158737,0.0056652380241681,-296.410400255983
702,0.00446084970132558,0.0396696803642484,0.0037885586219864,0.000911672754097412,0.0166598825761617,0.00742799167656817,0.0316058519271223,0.0665607433087624,0.00711954621315835,0.0055942461429921,-296.219581991139
703,0.00236601177597351,0.0377931486932745,0.00243104336651168,0.00201262502750101,0.0080501448895137,0.00663191814045726,0.0322888225945858,0.044423168285062,0.00307701597547736,0.0109541599295737,-298.956339983196
704,0.00322589293047036,0.0249000997016823,0.000316982499613716,0.00400479270332677,0.0170030909250387,0.00190508508814822,0.0348716392043885,0.0379101741585172,0.0034675606513877,0.011360802322035,-294.832892090652
705,0.00501843057447425,0.0200974723192283,0.00137875506916514,0.0135660078034709,0.0197893808092154,0.00547781574635459,0.0333112747820906,0.0135313473680503,0.00711667272427611,0.000411437956960652,-296.977652426712
706,0.00580509585902952,0.0201251496395146,0.00260995133997632,0.0139975496195978,0.0162832146358903,0.00209729594830522,0.0298110942529867,0.0701250819076607,0.00400962788380266,0.00632924334635725,-296.538773943072
707,0.00409091005612974,0.0227275568342162,0.0045410448860566,0.0115168578087472,0.0212751807674298,0.00195207972481452,0.0454621885199007,0.0556654166548939,0.00530010049260711,0.00307106072784989,-295.365797171031
708,0.00355962555100307,0.0163127688319005,0.00813847505212418,0.0101390541199603,0.0221555456835738,0.0125455952121131,0.0239574246275521,0.0418139184981853,0.00486833561744308,0.00296303195702462,-298.863394237571
709,0.0109208163308452,0.0110579196818816,0.00946532531760063,0.0137502835302722,0.0141197508923019,0.00967670783617907,0.0312266740944297,0.013955047772162,0.00529667960280631,0.0113494239478291,-300.849558749975
710,0.00582293566817546,0.0262125649917812,0.00736706042054796,0.00954885892280983,0.00812035934947764,0.0062034437032548,0.0299002010518603,0.046561648507706,0.00127714028844927,0.0143560216562848,-302.252397207433
711,0.00538817641239325,0.0247934842751147,0.00776098320040986,0.004343234650498,0.0299446012994488,0.00162805379112342,0.0306304096957072,0.0432248520930138,0.00241699498320182,0.001013108830347,-297.078370566842
712,0.00476763434094355,0.0142199514690223,0.00951054504858008,0.0159699447917366,0.0151334836133831,0.00964777074841486,0.0178436399950666,0.0319033301564203,0.00267935425053316,0.00176467308701115,-300.3961041585
713,0.0147570138639463,0.0145132333684536,0.00990897773195588,0.015997525512772,0.0135536959019062,0.0110427811345469,0.0282972696725159,0.0148021846172059,0.00402210646059837,0.00590957080984353,-300.292321920306
714,0.00647907996681754,0.0234534324023924,0.00851864998251517,0.0200687041876835,0.0133411021363752,0.00155232882933101,0.0320120560345801,0.0315019584653328,0.00401131060839058,0.00430060556857991,-295.772975533281
715,0.00139893348607541,0.0220305115277454,0.00107137904032158,0.025887373771205,0.0261386883726384,0.0039714154541617,0.0475363147198327,0.0515536025151163,0.00757563121076691,0.00587621528983592,-299.012546123246
716,0.00521810559697937,0.0213747757333341,0.00434338894512989,0.0239411087044027,0.0123167686116578,0.00219980313203447,0.0484548052918809,0.0597563590649874,0.00633725873443372,0.000883224539260993,-298.157829683461
717,0.00778316220486492,0.0284675061923324,0.00801823069507619,0.00456899573652631,0.0143237743367215,0.00239484688271883,0.0437606333117089,0.0358628040900243,0.00408433965183762,0.00589580794277578,-297.381027957321
718,0.0037712594811393,0.0270008068098459,0.00287017675206621,0.0043489964467816,0.0223476986628372,0.000909245560933308,0.0294121010268736,0.0741386672950831,0.00429795034435624,0.00346422030040352,-295.271682453511
719,0.00382553616062368,0.0424985155373082,0.00400473659199257,0.00980036161009435,0.0206854576305827,0.00451170926655111,0.0242738378863636,0.0428258583518234,0.00341227223582153,0.00477672274505483,-296.96907685459
720,0.00158752988099743,0.0394377934216996,0.00441202279404478,0.00281043227603549,0.0147626537010386,0.00480137570905236,0.0263345813972853,0.0340820062440888,0.00483947236036251,0.00165341199466978,-296.371441869256
721,0.00167839121411637,0.04108472235405,0.00277773353751709,0.00422873101587762,0.0155121871263661,0.00636835684043635,0.0323360070114897,0.0635793899962789,0.00443405194981647,0.00657975819190098,-296.160335955819
722,0.00928572754701593,0.0188044631354016,0.00313450822423587,0.0144585216546835,0.0175954295528789,0.00259579157683647,0.0269834733498,0.0535464053740897,0.00357589717243089,0.00848940023803837,-296.642018309018
723,0.0027747624103342,0.0306072561003509,0.00397943672402586,0.00415544178278574,0.0205570676704395,0.00215970490870835,0.043301285768837,0.0811256227443875,0.00546843427110893,0.0112474088484046,-298.768525473107
724,0.00538066662502763,0.0185315117627178,0.0116170786082387,0.00381687920018203,0.0210403951539194,0.00227370388370813,0.0339610987133025,0.0123576637320606,0.0101628806062674,0.0108401077402747,-299.551588194786
725,0.00265730082651892,0.0168221323706314,0.00396258194388921,0.0133263867544783,0.0128986178061051,0.00693780188664763,0.0283905283936021,0.0191010836407544,0.00855425597110593,0.00653905338808164,-298.298389402751
726,0.00290901605088475,0.0230417873678397,0.00800883514766389,0.0180274057646804,0.0156047349672826,0.0105275397213206,0.0303498044085517,0.0103291100484094,0.00654151486102653,0.0115641438529598,-300.985419452119
727,0.00386758230567803,0.0264666461820195,0.009167790591382,0.0261244270045965,0.0161728193290346,0.00603454446188176,0.0294473330732241,0.0391051478290464,0.00771118070756976,0.0132698670434366,-301.281390394824
728,0.00131159764512553,0.0100513302769734,0.0053060427928175,0.033061720665401,0.0265805442891695,0.00104352527039264,0.055312233184521,0.0385835984366828,0.011154140563368,0.00837490384229873,-304.229714378424
729,0.00776325013745087,0.0120823435510542,0.00405254067997398,0.0357365492927591,0.0248713702913821,0.00437246737813869,0.0511867894222436,0.0416915266904316,0.00498975211253111,0.00718071519080509,-299.584084578633
730,0.00535973089199075,0.0136620915563266,0.00420132431781936,0.0303214765301999,0.0165550615750426,0.00365600123934143,0.0459057870549773,0.0381272050708665,0.00941819558520532,0.00266966875604803,-297.116408272531
731,0.00396962501502859,0.0137130647888407,0.0024639082664659,0.0303077246576954,0.017106492939098,0.0024083179265963,0.0425367543276462,0.035590353272534,0.00614819544023217,0.00417305360963669,-295.007532302533
732,0.0096017203301454,0.0331894362855183,0.000781580603614144,0.0184667581120475,0.0141530586805543,0.000790875643133617,0.0242113672794288,0.051174614768383,0.00435448100822893,0.00208860909697764,-297.300517385791
733,4.11152756473848e-05,0.0458641963970003,0.00994777919532164,0.015028745241148,0.0182697593878693,0.00300531789743634,0.0327859741298739,0.0487346443810699,0.00284095229389661,0.00447132499230283,-299.138916137232
734,0.00676327812868292,0.0170368539474524,0.0219244670752853,0.0120691643328677,0.0204347396980747,0.00116534604778802,0.0232505595124383,0.0571383238959929,0.00307792696120697,0.00275393254975667,-299.172802550367
735,0.00464746958123078,0.0261282714411973,0.0153647018033089,0.0113875566283556,0.0201230645701944,0.00157406356653589,0.0304115453793264,0.0322770871203591,0.00740192770877979,0.00274862552206549,-296.876714978087
736,0.00453965684524688,0.0210272109057321,0.00557893227224048,0.0315949713334528,0.0278421202433812,0.00554466078661878,0.0313169387935509,0.0453558163077496,0.00225218862922874,0.00168989727567758,-297.777438842731
737,0.000493525018810704,0.0194432002434255,0.0252909716977567,0.0139143074619168,0.0233617852912193,0.005057057760797,0.0317833236644167,0.0362943987186632,0.00412927272051105,0.0025051944922211,-299.415210540428
738,0.0116666992714145,0.014929613894169,0.0128439310605392,0.024114511318264,0.0238788149246245,0.00417047587561398,0.0323705827530985,0.0449129129218302,0.00649548462408772,0.00465150943823759,-299.095844084481
739,0.00709795137949245,0.0186944147377119,0.00295995673778365,0.0254552659027258,0.0239444846618065,0.000976869709021479,0.0275505651271197,0.0600499835803742,0.00406752677905604,0.008308598548187,-297.521445249393
740,0.00668834665847499,0.027822352331292,0.00400717871416691,0.022164561212826,0.0175476067757361,0.00139797762660783,0.0373191603617979,0.0374831106820301,0.00303781894738326,0.00217493425375766,-295.153554364537
741,0.00390251831156404,0.0303748577372019,0.00309285655045996,0.025642227203129,0.0255680687193872,0.00313813074539433,0.0299394165121419,0.0494693687990642,0.00866554528375814,0.000784244377510211,-296.920515096827
742,0.00109518018035886,0.00761858094186104,0.000737389407522577,0.025902967016223,0.0254268936940472,0.0046845630688674,0.0418624660476894,0.0384182254088436,0.00930271567074561,0.00271947878567594,-300.646343014534
743,0.0111658914923611,0.0113087287791452,0.00982891108720482,0.032912263452264,0.0141981053152529,0.00394088330710196,0.0302800163457875,0.0427688372670136,0.00852178101545036,0.00320665120412329,-299.757374784802
744,0.00506670333264818,0.0247222136746767,0.0067051402071332,0.0170766464431066,0.0319334086668707,0.00281332271692579,0.0249316095691885,0.0525169612936362,0.00416084569365327,0.00360626980509895,-296.287332903248
745,0.00960826667894106,0.027546362403495,0.00227675649817527,0.0184193883872362,0.0244652353314689,0.000442987279504989,0.0299509788307883,0.0768169272310562,0.00739370304995134,0.00559549619058028,-299.911369508504
746,0.0100155122031023,0.0165287879693975,0.00190109444217403,0.0166224387090926,0.0201956367812549,0.00649908432286532,0.0272303246667006,0.033653649820914,0.00597529837182756,0.00204998093325606,-295.746148353659
747,0.00895010842747731,0.0200139341975011,0.00834591479722797,0.01447167398199,0.019242448320274,0.00197605534746946,0.0217121934097728,0.055978110664304,0.00946108981057705,0.00224414866668644,-297.190942423196
748,0.00306999378923714,0.0196228609659649,0.00552728443545982,0.0187780586245697,0.022667887581969,0.00203722144304089,0.0434219795785211,0.0435654332004614,0.00784728607199901,0.00307791841318002,-295.346751375878
749,0.00187186128075911,0.0214671224312805,0.00160256708336682,0.0296419081822239,0.0336786856791586,0.00410277537469349,0.0293167549346872,0.0333495380182345,0.00322374825108047,0.00284311360320976,-297.760513439494
750,0.00371718998160776,0.0138817125727573,0.00645505490352379,0.016507572534213,0.0332873856125127,0.00458254743034532,0.0436273123587648,0.0454060198941704,0.00439884514224028,0.00388470414796575,-298.724305980829
751,0.0085243664557452,0.0242455841298968,0.00262473059605185,0.0156001129425001,0.010267596950673,0.00689203446280808,0.0450669565303397,0.0460837030896798,0.00346818012712348,0.00239263085908355,-297.86858698267
752,0.00638513792218711,0.027041335678238,0.00359773902592692,0.0176716832143178,0.02275695544712,0.00208108132360412,0.0348721553090597,0.0341607819039423,0.00731588533149249,0.00284071807421027,-295.075676338433
753,0.000982334447804774,0.0312888247777763,0.012130065082815,0.00887539920419016,0.019128572685843,0.00244020033346101,0.0303015667189197,0.053202592800333,0.00231302654492871,0.00536279168145919,-296.838045248438
754,0.00680252642487661,0.0284803250562912,0.00547816527609333,0.00748945677038954,0.0230302823417741,0.00534492960704528,0.0375016595226665,0.0552860825935673,0.0026981189698875,0.00770872761678754,-297.372803160901
755,0.00083424297138786,0.033801377236795,0.0141062270990971,0.000806251021376383,0.0225862905760894,0.00450169055018858,0.0316693851451886,0.080046210570386,0.0012683483457218,0.0037053136521105,-299.528502522478
756,0.002665700264827,0.0373889990437197,0.0161050871665424,0.00110199207880314,0.0145680824044943,0.00337478869704242,0.0224201589198021,0.0299440852175256,0.00750748561519209,0.0107395669863025,-302.235030500748
757,0.00407413207421208,0.0362889179724501,0.00229338483150981,0.00118102430554218,0.018928065081531,0.00133603763617788,0.0419570580842066,0.0320628767546015,0.00167098972974988,0.00618661725430262,-296.597128284351
758,0.00404147781326648,0.0276042299755284,0.00410051230284796,8.02240132942671e-05,0.0141923740733476,0.00227036693878137,0.0370849165099335,0.0649722089187116,0.00737129894232715,0.00580309878190722,-295.682220187608
759,0.0108235472941487,0.0255660513185541,0.00225845117858383,0.000175471986486166,0.0174996850547587,0.00358992384192845,0.0361090673990237,0.0545659387275211,0.00792678798277137,0.000952841230497919,-296.363275091168
760,0.0136536622652517,0.0283115000393755,0.00158924264302977,0.00332990220056505,0.0160550692606878,0.00564440685430105,0.0370421196981965,0.0479045043745044,0.00865901736895152,0.00229006570426742,-297.694951650757
761,0.018440534767061,0.0198485671014665,0.000455724603332847,0.00293466735441698,0.0165021010635894,0.000588266936845453,0.0385972195432901,0.0291431932113165,0.00537406111663633,0.00304603117145684,-298.197720944329
762,0.0170839250893797,0.0239370797187634,0.00146471143764179,0.0113012554039336,0.013104243445244,0.00316631324392961,0.0330966864254417,0.0373574228960564,0.00294473462346427,0.00322374028469846,-297.103027498321
763,0.0144163669707975,0.0183189769195142,0.00150951224138628,0.0400269935114762,0.0265862561139141,0.00450126933967961,0.0328578108281761,0.0390448818824661,0.007089854034743,0.00488390293481522,-300.374103908696
764,0.00967669960354969,0.0185925883319793,0.00200022060143545,0.00181659636026622,0.0248271476217956,0.00159177816335914,0.0324840999739704,0.0652038580106557,0.00144745987864771,0.00649243261925973,-298.852286593012
765,0.00615944367199495,0.030070048249755,0.00485565840834329,0.0019491616287455,0.0182268124738953,0.0035772445559758,0.0291250748286906,0.0144925783764435,0.00746498628116766,0.00488641152621275,-298.603246422554
766,0.00303762436528186,0.0211661900351637,0.0214420581688015,0.00367393218852907,0.0176109981774694,0.00456338214714322,0.0283871069331797,0.0545784218346665,0.00692967652540673,0.00239990678625925,-298.990139740335
767,0.0147217973057525,0.0240117857239652,0.0201940822313223,0.00765279891620195,0.0199782107862342,0.00420971655457947,0.0309210923276055,0.035065553299447,0.00201009974179376,0.00520626838659435,-301.679822540842
768,0.0135161710645584,0.0402659870906057,0.00903002922941519,0.00645340810769687,0.0125441181736464,0.00581192676903784,0.0353625254137154,0.0669488644032589,0.00119386443889396,0.00903549308350129,-303.835213548671
769,0.0158269197222918,0.018770753936261,0.00898088001390685,0.00363775647888182,0.0176952763089215,0.00297379244763495,0.0507588590948468,0.0188160899453495,0.00141960655787912,0.00342365992424974,-302.847932281922
770,0.0182031841650897,0.0231673232575198,0.00273645143357174,0.00554615950916301,0.0197284337565574,0.00128518321270223,0.0499339188203439,0.0584125523144465,0.00326039703440176,0.00301670717049254,-299.289882998819
771,0.000202106027223833,0.048245490039181,0.00385259167736547,0.00620938775658638,0.0261665908937731,0.00235256694650349,0.0273558854406631,0.0604634370504941,0.00443953682951664,0.00358730844639087,-296.714011103438
772,0.00400362714782356,0.0241084210991705,0.00334216154680391,0.0173519965421242,0.0144336197777739,0.00792238054708926,0.0259396568597892,0.0591768802563519,0.00401745181010851,0.00732734290608539,-297.630575563861
773,0.0033309991305356,0.0265941882096619,0.00105580000922218,0.00223706629191107,0.0146552166568191,0.00388014827980154,0.0384966978186436,0.0322216891200375,0.0034829328972764,0.00487311366810617,-293.947599672546
774,0.00806717413717272,0.0262261181485406,0.00123209585469122,0.0268951069061822,0.0256503419753399,0.00103214882345148,0.0287029983751166,0.0505478649183988,0.00455301593836019,0.000875009788998915,-296.454142037178
775,0.00335146819027078,0.0154989259326684,0.0115494479473213,0.0169611706905771,0.0191806366378617,0.000622141022252189,0.0291764506289913,0.0429431370561166,0.0077098835139765,0.00295243511473625,-296.060861352573
776,0.00242548971645788,0.026990441067149,0.00913373732302857,0.0173956600725815,0.024946495800831,0.00460457359714825,0.0232648995900811,0.073364925754235,0.00810724249274931,0.000915161432181565,-299.150674877102
777,0.000826572812212279,0.033658853152963,0.00279046607983994,0.0170252324301179,0.0210421205105717,0.00322826447741128,0.0261189208518078,0.0315265658537901,0.00345041265846154,0.0040125706273109,-296.424978453121
778,0.00442983807754556,0.032253392094304,0.00828336004418948,0.0255785561292206,0.0200550902161793,0.00185341411660376,0.0314425991564128,0.0418963430883277,0.00407075543660721,0.0029951163486647,-296.62025742045
779,0.00431314717066112,0.0187869127585212,0.011541349900646,0.0244215823961795,0.0129336075384502,0.00395648586174851,0.0267731266307652,0.0564429810239907,0.00440711818094876,0.00276479634674896,-298.143717034077
780,0.00464819394817633,0.0217798069465768,0.00962595354129024,0.0273264193310417,0.0244695103403061,0.00693031487163182,0.0376565962859805,0.0261604160152587,0.00476822736221579,0.0016896520876056,-298.064790760132
781,0.00199990354540268,0.0165924532835919,0.00157433893429131,0.0218343211833912,0.0113976595318687,0.00639689424463124,0.0262903562924248,0.039722078671402,0.00277000212405497,0.0051601466643187,-296.973871947533
782,0.00863815364658939,0.0171538750202448,0.00608298370963475,0.0215986144029833,0.0328413944801454,0.00490758686119,0.0351987720990668,0.0410389369041449,0.00734170989363189,0.00105978989281208,-298.192416227636
783,0.00155291991732871,0.0149097178427347,0.00976290690262172,0.0241699315856357,0.0178171955359431,0.000534689801034628,0.0256999701219367,0.0415006450951352,0.0049527289596929,0.0121273931821047,-299.643030390222
784,0.0092074497453002,0.0212911586059999,0.0070809429368219,0.00086621950699696,0.0270860986853991,0.00182957964692774,0.0416897461473447,0.0350194247063555,0.00488895849373937,0.0169906008478537,-299.150439700376
785,0.0047867867430746,0.01615141452701,0.00617574232240771,0.00762230983424351,0.0241624944679457,0.00212934482144265,0.0478193010671838,0.0387161212539879,0.00611052159246333,0.00330935917943087,-297.281976592291
786,0.00518055002529503,0.0216884741766088,0.00313989720910346,0.0225863222479468,0.0301736186742304,0.00341429005101333,0.0193202736067599,0.0380144817871365,0.00418034911226838,0.00407132961590984,-296.212122557378
787,0.00457461405348737,0.0218219086206951,0.00165825331520999,0.0192239802459786,0.0133494548961403,0.00611047252222298,0.0406804067065504,0.0240790769972135,0.00758844616617617,0.00587299126694751,-296.306255002883
788,0.00192959659436311,0.0190411897813277,0.00281587531554406,0.0205435753804097,0.0208496880852099,0.00335118617059351,0.0364145449414863,0.0496743122002864,0.00421072969103043,0.00133056093413284,-294.144756953855
789,0.00686537870123521,0.0253228231080529,0.00224035836222804,0.0144253719234326,0.0260959544366753,0.00466147216681231,0.0197162576457685,0.0429036629697898,0.00538087465082298,0.00359024290440558,-295.421335981258
790,0.00471204075921151,0.016226771285454,0.00281980513157257,0.0256414967021646,0.0179464601961355,0.000525223126514114,0.02373580513362,0.0614518611151578,0.00329861384744026,0.00292083253668758,-296.626862559625
791,0.0088835534444551,0.028411030546563,0.00436876758172607,0.00977119462663787,0.0208286031913576,0.00525379910586956,0.0202840447558015,0.0518219353407023,0.00255161406373024,0.00167628747257037,-296.658926751992
792,0.00670191440304206,0.0242151017735852,0.00278228615099407,0.00900471476966342,0.0158478755659914,0.00365231210289136,0.0224156423335467,0.0642873571686259,0.00434591065395906,0.00487306207708598,-296.141307121754
793,0.0065506367745457,0.0353654413391353,0.0049578142389758,0.00426874897337461,0.0267213598118052,0.00269370434449219,0.0308876627622207,0.0568662656301556,0.00910400964803443,0.0108265584173517,-299.531462974714
794,0.0106872022696193,0.00760127934996784,0.0149090920155535,0.00629059202535482,0.0229366924606912,0.00345513656228994,0.0345233428860742,0.0551946967301656,0.0064515973182942,0.0073571960012045,-302.153567875275
795,0.0122366274196584,0.00598496545514716,0.0126826642575241,0.0179822781661268,0.0161207984807572,0.00117953847017346,0.0371044575405536,0.0648379102072634,0.00248174224498047,0.00746506626625829,-302.635014309851
796,0.0158919588804679,0.0179560655482603,0.0126202568647006,0.011175239163128,0.0181282595165748,0.00219305730916513,0.0281775850071598,0.0315832471699462,0.00436879235241861,0.00400556238712495,-298.154557299554
797,0.00430522461521809,0.0279811110127646,0.0100849094281394,0.012068270632732,0.0210154796912694,0.00164248625620075,0.023268665605783,0.047694317789319,0.00873468747215863,0.00424413350655328,-296.477442987887
798,0.000394536116339073,0.032576069127447,0.00614997287620565,0.0207842984187805,0.0232978645014167,0.00155976039815523,0.0284405801317207,0.0376780860664581,0.00809069319805099,0.00705922589541709,-297.935064117236
799,0.00210675259006663,0.0132023711408753,0.00610797131051902,0.0357069486279448,0.0232748330262652,0.00173898188909032,0.0392890832174555,0.0185606494311648,0.00561421938040771,0.0051356336761217,-298.459350358007
800,0.00638747668495827,0.0131190936925594,0.0092410722546617,0.0047371451308953,0.0107484918985797,0.00299051477104713,0.041038183818059,0.0376139797255383,0.00776433811398456,0.0230006795483071,-301.89447186616
801,0.00514509419434396,0.0130383987783535,0.00956361670503253,0.00809443205538841,0.0102151314554694,0.00227585874411228,0.0354323946911874,0.0380472248459941,0.00723712671808072,0.00136628847493299,-298.278654738345
802,0.0180367064120783,0.0155749088623839,0.00349233716904913,0.0265236655056806,0.0197153266680737,0.00106459117383335,0.0245125945522156,0.0534412254407609,0.0107627102171283,0.00405807100390439,-300.704795553461
803,0.0105815352453173,0.0226808975508726,0.000807462206328008,0.0365546038119313,0.016060615954422,0.00134897930240786,0.0361242833804997,0.0175299079547173,0.0155054106340512,0.00325071776818229,-303.029991384007
804,0.0102248273151005,0.00985086757071108,0.00668881985093128,0.0203431183612348,0.0209236542034503,0.00419841780506789,0.0201534676272635,0.0432589902634423,0.0120464083937397,0.00564978036231976,-300.747794984544
805,0.0147989679540564,0.0308135619548128,0.000864907388886433,0.0016291032868203,0.0159506345293953,0.00355995755289009,0.0240692792611134,0.0474045208290326,0.0023148539623082,0.00396731906342078,-296.330591218539
806,0.007480294241581,0.030762181544109,0.000406731608966358,0.0212878399229539,0.017336423036788,0.000964515801279374,0.0415448865590924,0.0571810809707739,0.00341534891952427,0.00385518729646605,-296.767203575594
807,0.0060025877288329,0.0185221989814183,0.00345381803419721,0.0296779022769564,0.0122486795455468,0.000815021947650107,0.0367022571222236,0.0251827785484365,0.00141464481632685,0.00583175967882786,-296.672329770827
808,0.0062862008628231,0.0126561232458854,0.00151600809401772,0.0220690526882963,0.0204340021519207,0.00450874562002485,0.0344612386843383,0.0363281942697542,0.0047399191758647,0.00462715222900545,-294.270988862545
809,0.00475130634515855,0.0238747344487801,0.00328798674985113,0.0121458623135428,0.0187193931030549,0.00845066836306432,0.0341155742646006,0.0522245441270307,0.00533008762095875,0.00377884442918914,-295.628731884572
810,0.009795415119829,0.0241862835499675,0.000118141498096055,0.00979242043180237,0.0154645173344176,0.00619583457128945,0.03858178461388,0.0356616716199862,0.00360472613698505,0.00537651069667924,-294.936833173144
811,0.0023454666507847,0.0257337380036794,0.00338507627145564,0.0140335951223618,0.0182241950555829,0.00811401511546398,0.0235920169823633,0.0508260055375598,0.00351061941227068,0.00110719658345329,-295.710387768593
812,0.00650489113287273,0.0248798550510131,0.0034424593357185,0.00290114113721265,0.00925384870521753,0.0159965090952594,0.0361005188894029,0.0450008440565778,0.00497201814537606,0.00731179184172805,-299.939693483585
813,0.00505948841703373,0.0266930049747772,0.00487912658785246,0.0148185757910829,0.0257040574719578,0.0166226419688893,0.0288657295381396,0.0421744960812642,0.00326462821530121,0.00269600714586501,-300.36532142726
814,0.00591497858650957,0.0265922240367321,0.00737763307655524,0.00595915969234873,0.00773597910716116,0.00668498369920317,0.038859845709299,0.0401047483626944,0.00281990553876048,0.00739554820295688,-299.638724679072
815,0.00598822060362046,0.0317154979236607,0.00541584090011247,0.0080770115568535,0.0152717643845927,0.00391984999564145,0.0219357248170414,0.0560158947863419,0.00349045593209034,0.00157802012409757,-295.92264532271
816,0.000159232684917064,0.0459358309462462,0.00560239058743463,0.00791298064586416,0.0264319395431795,0.00464851602486898,0.0295387117112756,0.0519621855542783,0.00424686651963765,0.00103572449492874,-297.377197476961
817,0.00218234782486569,0.0462381368597848,0.00195119293340743,0.0175912045269368,0.0146111177493945,0.00427542110300032,0.0234775840858699,0.0510030377295419,0.00564036049476119,0.00360691533218014,-298.784865185631
818,0.00732185474066192,0.0136474332331587,0.00502149356962543,0.0065334235030502,0.0131290275939581,0.0052408819440842,0.0235693796866144,0.0335174276387114,0.00625339215746954,0.016217182607786,-300.487955284654
819,0.00565429099388364,0.0274218416769017,0.00140549550858931,0.000402905543298326,0.0118518317390093,0.00436364785225768,0.0441256465496963,0.0374873190456739,0.00165183800085619,0.0109482661830241,-296.767985252774
820,0.007162985182801,0.0228059118015825,0.00109173714938182,0.00930143923623813,0.0133515329526113,0.0104558508910013,0.0317211487428421,0.0370136185531675,0.00544522172666669,0.00240159272434659,-295.856509803504
821,0.0057207319271055,0.0234987617598378,0.00255535492841199,0.0131726451955202,0.0207498646370426,0.00143079578272613,0.0435333260985706,0.0404821883705317,0.00440863990694058,0.00246547632135884,-294.495215762224
822,0.00374710087803963,0.0161940092883639,0.000228128421235415,0.0314955802374743,0.0243369309552627,0.00424657077232187,0.0272931415481843,0.0366712936355993,0.0051743484926471,0.00828097099589291,-296.629578372298
823,0.0112524179915594,0.00795425810144126,0.00204201760939678,0.0114718856351939,0.0224350908219126,0.00113934352833961,0.0369116516274812,0.018995724113382,0.00487910030487063,0.00139781941388426,-298.271118148018
824,0.0120877781292882,0.016825246620277,0.000584950895650516,0.0238852087227424,0.0179315372064838,0.00493624128518484,0.0388811156098423,0.0463588645130111,0.00598220820822032,0.00335584681905844,-295.999069542875
825,0.00630337731223208,0.0142621266932943,0.00511171304254367,0.0213300646673609,0.0219857342889134,0.00197014639394546,0.0345882138811489,0.0548348124633328,0.00887456379427069,0.0063089592744693,-297.107969946729
826,0.00243458712072166,0.0169086378167873,0.00969898031570027,0.0271848977958433,0.0258990632220783,0.00128976838588278,0.0395534209576761,0.0609740612479375,0.00542677851579183,0.00360716908745879,-297.735792077149
827,0.00715470764462876,0.00682879567680962,0.0223886301496139,0.0234431821531716,0.0242288729570436,0.00205187379511745,0.0347523492675419,0.0590276848724027,0.0115613162372224,0.000804687786411926,-304.266343849583
828,0.0027537505103793,0.0265224847575051,0.0011200168318568,0.0131801992909429,0.027796564281387,0.00588650275086143,0.0239060523026937,0.0570350558885966,0.0112590954409682,0.00573902552104803,-298.733029441971
829,0.00321360341943405,0.023000460119393,0.0048420134159052,0.0144704615796761,0.0196125194128377,0.00721162826391612,0.0247059962635375,0.0451641832393475,0.00404618849124765,0.000465893102591993,-295.729904157788
830,0.00361092037303438,0.0240631706618137,0.00148221194165337,0.0144086468382335,0.0190270182777617,0.00162922015833561,0.0243589725985277,0.0279241522680739,0.00623844311006377,0.00653832558382987,-295.182042615696
831,0.00507431976491192,0.0237974645335957,0.00335543128403328,0.00251538599562004,0.0119218050372533,0.00386271812385199,0.0352664234266398,0.0434556454011004,0.00298059071778476,0.00712349418941457,-295.30947832057
832,0.00429132151943029,0.0211039807845781,0.00621237116089679,0.026897068412055,0.0133702314743271,0.00585226151135456,0.0447803026929258,0.0424977837494717,0.00288966884218639,0.00447770350589979,-297.197563413747
833,0.00222322121538517,0.0255980790998886,0.000493482369919666,0.0148263726997348,0.0165625472439208,0.00296683996314346,0.0276371764547912,0.0517609367730347,0.00332051655300876,0.0118905486018178,-297.069841625603
834,0.00918645320544785,0.0186286877525469,0.00348484197006478,0.00593798679286249,0.0163330227901692,0.00209830194948098,0.0297582237678362,0.0158098990875118,0.0123562578769519,0.0146474522392628,-300.444841361654
835,0.00045751732199381,0.0189534075716622,0.00716405692563927,0.00604133663651752,0.016078716370556,0.0019612126332188,0.029641710256458,0.022072938660097,0.0120565493177155,0.0152021197893399,-300.770720004999
836,0.0121592010530922,0.0121782775363395,0.0048219299736323,0.00578393739764318,0.014762260434825,0.0027130173398995,0.0287939518381371,0.0154657038641073,0.0048130721646408,0.0107523891688605,-298.628808872615
837,0.0158229858648686,0.0212590607169225,0.00671632921563566,0.000262071739950808,0.0168497013268268,0.00949198940906365,0.0430299305605771,0.0798848010145165,0.00270824746879311,0.00901615981017248,-302.653424073394
838,0.00334005068062121,0.0476294636468878,0.00582936283044257,0.000816948658993839,0.0165563149079874,0.0117603201753546,0.027697340414255,0.0800980616960603,0.0044019891203835,0.0119664318680743,-301.983286424681
839,0.000969364108467213,0.0413861982411757,0.00276040231945747,0.00407598016686736,0.0164034904473467,0.00849566009626985,0.030960594401369,0.0389705034933166,0.00420631090703404,0.00179206411124153,-296.550017544152
840,0.00504614247918321,0.0147859407732851,5.64740236582414e-06,0.0220331643921529,0.0200836103140695,0.00259678903627627,0.0367653270576927,0.0380516356025323,0.00630141410618784,0.00215006163021077,-293.692037505979
841,0.00502233274895724,0.0284827291295576,0.00377062132561062,0.0061034760889608,0.0153306728460274,0.012470606232779,0.0209518749860812,0.0729116497776362,0.00328988178857735,0.00144250820008635,-299.535835606128
842,0.00233360369588407,0.0312018886852751,0.00573681171165892,0.00395259996724613,0.0196171890525978,0.0131522891394079,0.027672852603832,0.0382919464809727,0.00302115189440955,0.0065971977319278,-298.701605505067
843,0.00163570187683561,0.0304035061847418,0.00653949561109687,0.00813005522317297,0.0211776299280019,0.0120719486945791,0.0333679478526858,0.0365762149569876,0.00456048255645137,0.00450860547633335,-298.749674845803
844,0.00218217704047015,0.0188989305982441,0.0230204057579528,0.00161851250508721,0.0144417448394326,0.0131955830262076,0.0446420926368346,0.0456766762841877,0.00750531214412647,0.0031611223942388,-303.503122728098
845,0.00502175234495948,0.0183320108839174,0.0118695547185834,0.00438694367591853,0.0238503963991139,0.000433417529044812,0.0474167479319711,0.0480414042702062,0.00280295675792042,0.00384851033361605,-298.449749166427
846,0.00418627905089245,0.0165656343508383,0.0125634954187714,0.0278695123973112,0.019971165963979,0.00279070886909492,0.0419334585837947,0.0226411554289178,0.0022596684226773,0.00065722079004156,-298.81611744165
847,0.00469111882233741,0.0174288672217808,0.00562314273393029,0.0299497711232658,0.0207981947306927,0.00075278346011551,0.0225167009581742,0.0542468984578452,0.00985678301000496,0.0042778485292186,-298.111985012364
848,0.00170090340105349,0.0184255544251127,0.000992846392517319,0.0207764998728346,0.020156677633014,0.00450213623129657,0.0479046149159302,0.0504936258511962,0.0102329428902819,0.00369671515117236,-298.173149294308
849,0.0150643849493008,0.0224020267411747,0.000568363695420794,0.0115108700814949,0.0174130840876062,0.00542850198469796,0.0349714320395608,0.052918711329912,0.00389258434086797,0.013702935589269,-299.426165516652
850,0.000875342179544576,0.0402957502142327,0.00413754512972105,0.0028768906400668,0.0150794773382594,0.00172038838550144,0.0315472971003973,0.0321382431243063,0.00251533498329701,0.00482900446303485,-296.498007947009
851,0.00863144635417629,0.0417940947520855,0.000498008309833307,0.00904089179122483,0.0217402258514991,0.00607038766888493,0.0270604563198496,0.0570332815707787,0.00311822224309466,0.00287948159166895,-297.213914755794
852,0.00322812217126771,0.0465631586256837,0.00175806911476929,0.00264249418266936,0.021885677773047,0.00780085079425339,0.0252939855024429,0.053615280422496,0.00613095207806326,0.00213834632838603,-296.341888533765
853,0.00980696585719506,0.0393220163898933,0.00300414247363586,0.00308075079591935,0.0211960763974357,0.00504975183089211,0.0277248297423904,0.0538527215810968,0.0031611320112955,0.00664006712331024,-296.795994271099
854,0.00178658737864491,0.0295795087837909,0.000854245611126419,0.00619333494596438,0.0134078527529608,0.00547120654674837,0.0345896356291312,0.0432719969456644,0.00582623005704159,0.00670711065527345,-295.802814880946
855,0.00303300148425916,0.0262396477452689,0.000350499152946894,0.00746854136104081,0.0187653638347087,0.00107308395020824,0.0400416504777001,0.0654188588996884,0.00147887946483654,0.00272308637682844,-296.041260006744
856,0.00600397618325595,0.0311303251077134,0.00329481516736464,0.000528132882196547,0.0160294612047404,0.0074432147593078,0.04117065250028,0.0555264401451458,0.00402735153130563,0.00165081901447421,-295.113630903514
857,0.00625439691673294,0.0334587586538824,0.00157718371684698,0.0119423821790167,0.0132901513991341,0.0061079687984803,0.0413773627097826,0.0408830571625679,0.00569122281092536,0.00186521617904782,-296.656414904298
858,0.0110866655365194,0.0344280672549728,0.00154187322171582,0.00421012964080682,0.0162227228454621,0.00529850991819586,0.0377055498844494,0.0524594349905825,0.00474742892700821,0.00047812125230856,-296.725517783691
859,0.00460758376676281,0.0218403874115537,0.0066190769173617,0.0209497741676766,0.0168233063068482,0.000840234321240121,0.0347014644991122,0.0540034737655287,0.00356304451537895,0.00186343924412463,-295.093685360987
860,0.00505163587114864,0.0294991446805628,0.00237931653154381,0.000879080218633878,0.0201622549050217,0.00484034512129968,0.026259430510734,0.037999953859299,0.00501867551382121,0.000194490891357988,-296.403071429007
861,0.00158397506947985,0.0386028253800507,0.00177021154851169,0.00122281623731662,0.0162544399908072,0.00304697105127143,0.0296649037489747,0.0753461810530916,0.00919683518201456,0.00305362675773198,-295.732230416738
862,0.00439979020020986,0.0599348650874366,0.000591082218243343,0.00255087595389626,0.0258582188278179,0.00332926236161831,0.0352669296393509,0.0470245103947717,0.00899049942396649,0.00321537304919409,-300.388387103311
863,0.00498894720607876,0.0166555306120168,0.0197850887534396,0.00791033163854046,0.0244600866389395,0.0016389724980976,0.025837805414092,0.0333840695500469,0.00920564589334173,0.0019906634384608,-298.651013545819
864,0.00419908890014844,0.0213023570971236,0.0260132515875731,0.00913509432114334,0.0186296127202767,0.00369802226624438,0.0323715329575733,0.0651311626840834,0.00596498213093549,0.00119094495580788,-300.376559579774
865,0.00223419988240874,0.0321776688771819,0.0221728556732676,0.00446339727203543,0.0188812214784075,0.00746344467268651,0.040169027085737,0.0590849420965736,0.00424299518786295,0.00596885668636315,-301.167723023656
866,0.00646581527876273,0.0282917842028578,0.00803615252104151,0.00612033612420049,0.0132935548474073,0.00640570338112691,0.0357367140229393,0.0587278707092979,0.00248959148452176,0.00578427326387165,-297.558980060014
867,0.00778484516477142,0.0196414839355771,0.0117892125372317,0.00287726472002298,0.0230416720052187,0.0011507107979412,0.0368656685507372,0.0549223945381285,0.0100995112559816,0.000349541807809405,-299.289082827481
868,0.00518986922197237,0.0330908731789949,0.0110547177342284,0.0168515290950264,0.0169572203530647,0.0037854280512793,0.0220268586882281,0.0531416567035609,0.0106961068216062,0.00281378155151501,-299.14801742743
869,0.00828273799956281,0.0155837931126101,0.00324901620394972,0.0131609197161529,0.0172868628777096,0.00180011016038471,0.0229843544566114,0.0188055326283199,0.00756101533903743,0.00187113014237777,-296.857977688436
870,0.0039760285327356,0.0191192572491458,0.00370912806085352,0.0221533099321624,0.0163860342146358,0.0023680356327518,0.0310457136879809,0.0281091511282748,0.00541217734161796,0.00236771202962318,-293.510942729387
871,0.000264598936829109,0.039119611152625,0.00333203791300001,0.012568260463188,0.0231766898244643,0.00300061254458873,0.0327120938916067,0.0708807625629025,0.00337229049879548,0.00308721283134079,-297.14087029026
872,0.00221345206812268,0.0246338779541762,0.00550565162880779,0.0103842482489199,0.0278506802073371,0.00215560140905867,0.0325416140056859,0.0515951923144038,0.00360617255732097,0.00188405925409211,-294.750343526435
873,0.00469808151237021,0.0303810531715141,0.00235050852627613,0.0104445896489137,0.0262188678894348,0.00408688761086501,0.0343638181744163,0.0539682983027092,0.00675802423254243,0.000541051502406947,-295.711081637146
874,0.00599829382994195,0.025797552982699,0.00447603691218658,0.0183552041910764,0.0155300560740315,0.0028239504468278,0.0414185483117729,0.0289608354934537,0.00483254702501624,0.00104503382320708,-295.593803644078
875,0.00975481673329817,0.0115273527229053,0.00406318011325882,0.0329598724244073,0.0169241665237735,0.00341535057110146,0.0429679400261305,0.0345841869091594,0.00488699135046721,0.0027263085448158,-296.337400977136
876,0.0083463759526663,0.0110960044850865,0.000397384057249189,0.033795704101015,0.0167290429281798,0.00324032732592383,0.0458592015003765,0.0134735068334093,0.00261152952294109,0.00111548200436288,-298.910738852414
877,0.00367525745644598,0.0322281457621117,0.00332875212456198,0.0280507608349347,0.0244896066528925,0.00461947366763819,0.0232942138626731,0.058014371085335,0.00702293092544775,0.000670972111644394,-298.644955351597
878,0.0029762043590227,0.0287130231195937,0.0101351561753299,0.0215237233132558,0.0103388171379616,0.00465924492525583,0.0284058641615242,0.0344167342379185,0.00287642533964908,0.0109541073260838,-300.331045899171
879,0.00160083055311372,0.0208316570225837,0.00978503693891446,0.00632897205404482,0.0107495700093067,0.00387969512845812,0.0300214772469627,0.0366299901991839,0.0047089649977904,0.0187064846247403,-300.849766374367
880,0.00874097853313728,0.0235768096541828,0.0037367373599443,0.00846281875079262,0.0190129953743969,0.00614144756949348,0.0314697571264215,0.0356969726395365,0.00817196558489599,0.00482686795132744,-297.11093993869
881,0.00178849634125817,0.0252497986937353,0.00752286066857194,0.00977296086510215,0.018849215276015,0.00764973265697491,0.034071041739182,0.0419848227739829,0.00907108287013354,0.0022857053539453,-297.174504120219
882,0.00406708601927559,0.03017569213167,0.0152568002002834,0.0109928295886544,0.0182930444267533,0.00102738249069645,0.0288655296182059,0.0463758817622591,0.0110144527360772,0.000695996986630704,-298.562840244273
883,0.00373347252764776,0.024871634413081,0.00631344454254211,0.0164674510487756,0.0197404816648983,0.00131409877501165,0.027463675464285,0.0585799192258561,0.00502900859649243,0.00142838291107579,-294.576198362066
884,0.00507563354305195,0.0183425110819067,0.00351026915937995,0.0209832316261068,0.0205882555895389,0.00394866005382356,0.0287675478682645,0.0385492817717135,0.00777194548769674,0.00281092635963456,-294.182387918138
885,0.00346545110801601,0.0184203961904196,0.0094575423113576,0.0309896614704128,0.0175336194404833,0.00139472543216566,0.02904408618031,0.0432651389486327,0.0040716371158996,0.00305086998980852,-295.699058330292
886,0.00484027414441587,0.0159317786005832,0.0069614847702537,0.0177484799604913,0.0263777083859471,0.0067215562514559,0.0219521204233037,0.0436106688129599,0.00315880716632884,0.00295317842961812,-296.932584278447
887,0.00722445101910787,0.0194358913154109,0.00121388052460262,0.016407458735303,0.0121645088510372,0.00894696212045212,0.02812855940453,0.0114895098410664,0.0047248364125157,0.0038835898727786,-296.497490801404
888,0.00540264641669195,0.0165781883883254,0.00154293968942385,0.0211893235215089,0.0209061464611439,0.00221339907326989,0.0270113829906988,0.0396737741493618,0.00268080376964531,0.00262506027891327,-293.550966069978
889,0.00566297027392752,0.0153520892739906,0.00933741474143803,0.00849486709019999,0.0319007696916004,0.0010247245844598,0.0296012199961377,0.0406814552957966,0.00223011751879301,0.00268171308261827,-297.018609548031
890,0.00282837562306189,0.0263027748933091,0.00985291608792552,0.00550356967462581,0.0277526379955837,0.0031456453909341,0.0338970870697771,0.0557310400626324,0.00824490506730681,0.00209832067343109,-296.641889676086
891,0.00119014033575589,0.0353589234601931,0.0102221804298176,0.00463424694629418,0.0163712388049542,0.00384100953367111,0.0282771426102462,0.0531487604282845,0.010792692160488,0.00368111143486342,-297.897550256676
892,0.00223147082547712,0.0231824616722866,0.0135722350918068,0.00128856475490551,0.0221240039980759,0.00445695018452401,0.0344804170603989,0.0509594926136082,0.00711043036878767,0.0115209606977772,-297.739658861056
893,0.0029090269240611,0.0144075621267908,0.00493018450945466,0.00395739297516653,0.0216060187379464,0.00368807957208338,0.0309134060557566,0.0356306058187227,0.00580585966104924,0.00925414864374071,-297.502475110548
894,0.0039579707774732,0.0163305097116327,0.00709229422163904,0.0196579200504504,0.018293771658456,0.00400200476056138,0.0402901011397729,0.0362346265723157,0.00677011532016887,0.0048149894635655,-295.650804651396
895,0.00626671574643207,0.0152372703871357,0.00222514907746139,0.012157889094739,0.0143444439605543,0.000732268931937381,0.0164625285952782,0.0469434742874563,0.00141541598035651,0.00532712512122661,-299.376815695871
896,0.0149416546155498,0.00976752921345858,0.00185350688067557,0.00842770543664817,0.0130803801599801,0.00246411597538403,0.0388668990747555,0.0342740758285792,0.0020988351239694,0.00360620982464656,-297.3483090489
897,0.00998011762656758,0.0301630055055474,0.00632614018037366,0.0207312115136934,0.0181745760240751,0.00143489678547139,0.0448836154171713,0.0327077362671802,0.00816611624476685,0.00126939448672033,-299.328438075783
898,0.0116040853275429,0.0280750137497915,0.00429283767809305,0.014152506575317,0.0171567883748134,0.00362045042644737,0.0216633961349267,0.0567446025652359,0.00355719432669686,0.00423958611302569,-297.176231936617
899,0.00116144846042142,0.023947821999183,0.00441312470871558,0.00568676124995166,0.0180048567505947,0.000277557501005049,0.0405375270334596,0.0342548404906827,0.00899635422029917,0.0020296126162661,-298.679822948044
900,0.00650736990537581,0.0304142759754292,0.00367766297157863,0.0231834525459607,0.02021454241295,0.00734818555611792,0.0282820870056579,0.0365242987662759,0.0059225482004053,0.00635259129662782,-297.990654537955
901,0.00460508914987626,0.00876708871041853,0.00803147507851939,0.0262322225161784,0.0234805176263202,0.00682945051836737,0.0341830739735956,0.0448607858134656,0.00478608215253212,0.00761389234869524,-299.133210095016
902,0.00287684254822709,0.0186641849258816,0.00784288575248073,0.0370231173518945,0.0154171940363878,0.00121009807973978,0.039356101665018,0.043117949782534,0.00263460537603506,0.00681095050657704,-297.622032538001
903,0.00472978446846996,0.0183968806168706,0.0112457732107459,0.0366532264228839,0.0226409501833222,0.00644024731114528,0.0260866224758625,0.0360392076746337,0.00694827780830893,0.00572875315470571,-299.854012661517
904,0.00602061490238204,0.0168928524214639,0.0116422712501154,0.000299648239471686,0.0152987037858658,0.00360461563965486,0.0299711168481653,0.0179970638861901,0.00695769895035615,0.00729311345719097,-297.239722027649
905,0.00678681777793165,0.0120607976416729,0.0213117177881086,1.1165062513648e-05,0.0132753835916946,0.0087842086842586,0.0271878364692878,0.0457874129829367,0.00615085410419862,0.00674671780787865,-302.159632827805
906,0.00496633866162205,0.0199924337740903,0.00407519877497939,0.015029309135848,0.0249483531988394,0.0114085352558002,0.0230105524784906,0.0498896159183307,0.00480898679531809,0.00564060504031428,-298.493107130163
907,0.0040388300231294,0.0352398353238936,0.00275379942364916,0.00120190235646226,0.0188938798499895,0.0136248345871569,0.0309139914174741,0.0472824679374219,0.00153024517536649,0.0078818304757849,-298.159640225266
908,0.00746046652340905,0.0274782397623509,0.00122012585829039,0.00156438663357569,0.0183806239666331,0.0152320115216937,0.0233550878994226,0.0374862203036232,0.00638943110091768,0.00248563517585636,-298.444920660686
909,0.00302556385344225,0.0250633222751336,0.00152715983061002,0.0123530278734888,0.015158368812476,0.0110218409436344,0.0370793656662703,0.052095904778351,0.00590869849155085,0.00413031630914633,-296.761551784244
910,0.00378772649667716,0.0207646037472708,0.00226619872182313,0.0124198200250316,0.020506967190616,0.0104744658086911,0.0247823728289098,0.0443583886593206,0.00412162778257081,0.00497348252770626,-296.688726262178
911,0.0105725937975609,0.0306901542008293,0.00254173769892768,1.47698092419457e-05,0.0194053661880762,0.00993389546513061,0.042649414760206,0.107336306657278,0.00314087844914737,0.00142125484302348,-301.632145073414
912,0.0107027669897572,0.0351133898711785,0.003303962924192,0.00131582357634817,0.02321910873334,0.00213644764979667,0.0282002837760914,0.0269764899150358,0.00344502973327484,0.0023976603869323,-298.151671547998
913,0.00281700754927198,0.0400354426198382,0.00305754756959232,0.00531740890266435,0.0203659815947203,0.00141129317156575,0.0329598518032506,0.0607359342130325,0.00148030947091294,0.00441903691395791,-295.857777313962
914,0.00836030901965879,0.0403996718264329,0.000543367332179784,0.00704671349477913,0.0164810808847785,0.00427820441425417,0.0301817487355329,0.0511012001198932,0.00815830800980945,0.00406874451222026,-296.786801477732
915,0.00173292996983856,0.0470708208858531,0.00053046474574268,0.000843323178304558,0.0211383779693311,0.00356222414187735,0.0282320745291383,0.0588481007319336,0.00589866396819189,0.00412779973830824,-294.59787792048
916,0.00710594923291284,0.0211997235449582,0.00638287845405393,0.00445611024800839,0.0198796301195745,0.00381394076892157,0.0354963545078776,0.0412291157386282,0.00336720914324873,0.00235278124115897,-295.597909878375
917,0.00170942817833342,0.0212565750415141,0.00773541302397154,0.0174091430639017,0.0252217784615526,0.00593166605254756,0.0281374392389595,0.0250888940074497,0.00711129399796091,0.00165858870358117,-297.336153361871
918,0.00445734096442003,0.0122551266274978,0.00557275378751855,0.0173528271049471,0.016168598374521,0.0029317503691896,0.027130097500332,0.0453448419165409,0.0075457707518965,0.00739463997631976,-297.250019421479
919,0.00244769803424926,0.031761327078808,0.00803780927840645,0.022788385416637,0.0307898704670497,0.0019532598414004,0.0226958886922156,0.0400968977612687,0.00787055189950269,0.00957229688402736,-300.56395299274
920,0.00609281749933191,0.0209087436261533,0.00837019491471843,0.0275760983567526,0.0140794181179472,0.0126931181570354,0.0309205481919144,0.0546040064967237,0.00422225109790397,0.00342078249656174,-300.383594036321
921,0.00333006533167183,0.0260069302800431,0.00835461729893417,0.00642463403513215,0.0161420556865996,0.00909647702765532,0.0247006599360564,0.070813143733836,0.00487577620208395,0.00218935427299641,-298.418782520145
922,0.00333081186921691,0.0256699111267281,4.63105239689556e-05,0.0113251589545795,0.0185446939962149,0.00188415367092947,0.0349410800054695,0.032758036542256,0.00303418368696819,0.00654093627486239,-293.580659431371
923,0.0107156263941228,0.012330218732792,0.00709178194917622,0.0287431623481933,0.0196314539729157,0.00277495317435003,0.0466476367296112,0.0660098130154478,0.00607875811742521,0.00518918506185648,-300.11134726527
924,0.00771262546825021,0.0160779112691199,0.00345145803768754,0.010285037718829,0.0196749846437313,0.00276623082569004,0.0552287958039985,0.0764767021315577,0.00432083176396948,0.00216929992879187,-299.553444111113
925,0.00726430276245782,0.0147835038557606,0.00232733120733659,0.0310317939863386,0.0223559629244974,0.000563783332237394,0.0430843337026039,0.0171917475025302,0.00619438469551367,0.00315950411975164,-297.816067494516
926,0.00700057884516175,0.015233318745346,0.00349762725430172,0.0256104599863139,0.0145409138887514,0.00233147209161736,0.0284803877659283,0.0154938407406502,0.00304256948505834,0.00603988504168599,-295.293823120007
927,0.00295701317608048,0.0165752359314831,0.00313344965956674,0.0176438300827162,0.0128068721880815,0.0020723690765186,0.0270475900158934,0.0467667051700428,0.00378949156027701,0.00164457970323615,-294.849162970778
928,0.00480577525225807,0.0331384918761295,0.00975170936194665,0.0100740668864236,0.0121374800379794,0.00391205080162986,0.0231619609356909,0.0599767339184451,0.00473283395812883,0.0016445927349464,-298.094258295997
929,0.0142775490748243,0.0317908297423476,0.00324446792641049,0.00242538968751119,0.0217552126808606,0.00738631405010356,0.0323421881758232,0.0529265374976321,0.00484228094118659,0.0038052993085417,-297.811357538751
930,0.0161032103075818,0.0200401359752643,0.000518587312532065,0.0278239278187763,0.0126079134966094,0.00834511765891439,0.0341752862167539,0.0247757572464181,0.00463175430683587,0.00396300880286107,-298.85520391141
931,0.00494292984265388,0.0142152505977022,0.00202426228830834,0.019383539409188,0.0239595052244771,0.00583111446136071,0.0314599377231393,0.0520276387915205,0.00707924291475278,0.00118973605231187,-295.656692029517
932,0.00509653085619384,0.0179122409023631,0.00296591714485768,0.0186600266753379,0.0251071141602302,0.00183640751646691,0.0313696725171438,0.0295561263093983,0.00685921427440993,0.00386883995052025,-294.464279397967
933,0.00133564144003139,0.0289994589312861,0.0118292928100847,0.0179793622365825,0.0249981029922365,0.0008713522436109,0.0275219531645108,0.03358488969678,0.00475416305687574,0.00620598916503673,-297.712452889982
934,0.00528572881366985,0.0114382278058819,0.00322024580244134,0.0168541886164273,0.0334187590690603,0.00197480028539508,0.0321420003024785,0.052403791593567,0.00574894015769459,0.00322389315925617,-297.218920454816
935,0.00585363437504814,0.0205356546650993,0.00560574321353023,0.0119992986885916,0.0170908147813637,0.00294795597933673,0.0257316446603436,0.0527944524013022,0.00692621836218563,0.00147250470926456,-294.994368365156
936,0.0130731319793245,0.0257852775457695,0.00545248993501507,0.0151469830837232,0.0202836773550723,0.00606856063563818,0.0283765411544766,0.0591006563514676,0.0072278650468925,0.00344131294528765,-298.516412772699
937,0.00661053691136875,0.0305969363373358,0.0101295085059749,0.0143927812604585,0.0195136029678904,0.00288649070832596,0.0324455799562371,0.0460281755367447,0.00360641760619316,0.00177041511684006,-296.290494769168
938,0.00422408306025456,0.0118831443341349,0.00999534723867651,0.0115409609817054,0.0198850182894847,0.00469666473588522,0.0299159275790208,0.0381222527796567,0.00225343739970231,0.00120360666008964,-296.513184302597
939,0.00542624457101536,0.0339698258733658,0.00714664028081743,0.0234013207682458,0.0236050742184411,0.00253909090450861,0.0271360336055299,0.0454422775703078,0.00447695382371213,0.00334080003564415,-296.844143299537
940,0.00478237069134262,0.0198633658127168,0.000912486258276173,0.0355323924129394,0.0179147469576315,0.00381920922383521,0.046741273308068,0.0205074637367915,0.00620104715823206,0.00327677736280572,-297.38932125948
941,0.00327565384641083,0.0302411047549585,0.00624174381847712,0.0379718619203822,0.0244250503341988,0.00377538062808249,0.0511852577751159,0.0485655694919775,0.00602364691156797,0.00262136802602043,-301.630727713799
942,0.00296498738903527,0.0300933920831099,0.000807386331640574,0.00772916768361314,0.0198951405372556,0.00534186521743545,0.0408687304187793,0.0484132175647593,0.00751327892433867,0.00170924669559793,-295.715965925148
943,0.00435319404573138,0.0187363128329106,0.0135862418945258,0.0123648550394488,0.0211250627893676,0.000819868401789769,0.0432084270424537,0.0460287122547273,0.00493416439924103,0.00244540399842133,-296.197250774823
944,0.00307842879627995,0.0133459946522766,0.0045664496779176,0.0186723511729183,0.0196926572928456,0.00026857622993807,0.0291656495602135,0.0348701171027473,0.00545149795184709,0.000873761465913342,-295.345056027433
945,0.00487228514717295,0.0201864845596081,0.00509681746339506,0.0189918966677103,0.0266171474215997,0.00214321983933294,0.0229152891389487,0.0414110122679619,0.00327147836939531,0.00547550425539896,-295.191152755862
946,0.00381676744059857,0.0348338295333886,0.00153102556048533,0.0131667589195297,0.0256878753233079,0.0013335778193041,0.0236706893437933,0.0453381347821868,0.00700831599757931,0.000968894330479191,-295.216304980503
947,0.00420255715807476,0.0391741934575651,0.00296979542993566,0.0129058734783906,0.0198302352898531,0.0035329230284959,0.022644539775138,0.0374024327986514,0.00524738430802216,0.00215941275650281,-296.092892074164
948,0.00476852308021758,0.0154919816571636,0.0053354135274503,0.0162557690944386,0.0208672658818077,0.00297461147343909,0.0348575241714266,0.0260236523473548,0.00348896602922009,0.00110057495490273,-294.929021220982
949,0.00120286437333892,0.0214774796993421,0.00437079222402237,0.0190467472301118,0.0199261764021536,0.00157746244264938,0.0303298947343239,0.0623195576658134,0.00654351686934472,0.00541525512556347,-295.879868030865
950,0.0133900441878541,0.0316875210753359,0.00192625182532677,0.0249324833524376,0.0186093526737008,0.00586214539257873,0.0340590458924224,0.0526447106251575,0.00157453279452326,0.00127438525103244,-300.539819288967
951,0.00947933552703741,0.0271107113924938,0.00241390464478196,0.0176068432688748,0.0154075490103472,0.00370092815075738,0.0191077470528497,0.0470404177022243,0.00381147280028144,0.00351927144903323,-296.346268671737
952,0.00238219853191296,0.0190567321455953,0.00314716336749223,0.0316090882337777,0.0272938549621022,0.00148408048622784,0.0232882865522091,0.0401657548852782,0.00593515646591451,0.00496828871126451,-296.586600638613
953,0.00314572890136337,0.0119133510223812,0.00260741386575584,0.0264317240562367,0.0196463312104558,0.00262788762810662,0.0231582294719373,0.0536515225341458,0.00335507965710445,0.00441924911118355,-296.309635396246
954,0.00805836467018565,0.0270804158305379,0.00365736741015377,0.00663956830980154,0.0266964185295688,0.00191790818485355,0.0402547712613035,0.0601660467167793,0.00283457196684166,0.00253432810275439,-296.50242555987
955,0.0144023735817177,0.0224260432072709,0.000719008198307944,0.0109358477538032,0.0317424330252465,0.00107993888363651,0.0369765940343404,0.0584599359625891,0.0061860901576473,0.00176938993924209,-298.82823980529
956,0.0103773653441376,0.0317808072532347,0.00362817247426961,0.00835598176824159,0.0270309721078367,0.0065417960929264,0.0186780341969681,0.0523436887469201,0.00842341882620933,0.00214504639563057,-298.862381372826
957,0.0123876624074535,0.0165670743483065,0.00540684560576031,0.00956499808624805,0.0235340812619194,0.00263956151305571,0.0174089918258293,0.0395891221883152,0.00308654993848946,0.000339545978919814,-298.272430902092
958,0.00539465505397969,0.0220476405511444,0.00185937588613267,0.0134117642535932,0.0254432057053268,0.00541279284753669,0.0390840582725278,0.0660877227120388,0.00355477796610678,0.00487519876920037,-296.719250840102
959,0.00727485962019939,0.0293969477580046,0.00448979651939866,0.00384906293206894,0.0137333059449123,0.00893259753716062,0.0357238102028759,0.0631190175281927,0.00359294705484642,0.00769080664229541,-297.460372493172
960,0.00436342685454845,0.0450865061159474,0.00444079987792923,0.00211292859756492,0.0177542417132177,0.00679360151938054,0.0349091381831793,0.0554670637446364,0.00386931921399498,0.00644221775317082,-296.691750495817
961,0.00432093877644628,0.0235444016843826,0.00437372253092015,0.0244313593822511,0.0288092407431417,0.00667525435037635,0.0296834302935285,0.0375295092968988,0.00289215741533983,0.00475822094554533,-297.105504195807
962,0.00393588845905348,0.0163975103217753,0.00637705447962249,0.00899533090793906,0.0133965559175053,0.00308206969823027,0.033979690880292,0.0273615049950001,0.00964765190510183,0.00100997094216312,-297.71070488174
963,0.00961230284613675,0.0181004324760274,0.000821193483344442,0.0361000482891572,0.0142945864069927,0.00100395932792917,0.0330781363233488,0.0398069605341363,0.00551581898853223,0.00463219426781445,-296.323565309241
964,0.0102874970616263,0.0136771238153332,0.00241564773496615,0.0238702784206183,0.0147759279993585,0.00417955943710606,0.0358161756411398,0.0412210167268435,0.00413498628518503,0.00462285087063284,-295.440715899763
965,0.0112322520913944,0.00869284342932118,0.0050719382820307,0.00913719102517958,0.0207896553930633,0.0102306045970523,0.0345241110108513,0.0398712487126681,0.0057389156706011,0.00229507963745018,-299.574686044087
966,0.00828719214577794,0.0146107847787912,0.0014747668200311,0.0326473034979527,0.0157994882228404,0.00877469501391048,0.035411951092878,0.0238119641598799,0.00359933578246279,0.0147444979180033,-299.017565964394
967,0.0102482397008824,0.0142845244420065,0.000880760084078432,0.027379491379583,0.0135229521473132,0.00166093295903645,0.0339759005866046,0.0349190336018503,0.00452514806382452,0.0124187287169957,-297.243738381611
968,0.00402165746170704,0.0194225057398242,0.00137709393596737,0.0207329433121817,0.0167935158252364,0.0040412836072361,0.0463455473892197,0.02598720057556,0.00300702331757688,0.0131456843178722,-297.134762652394
969,0.00453402973941765,0.0246268827527167,0.00120149896621733,0.0230597247156196,0.0210814300748044,0.004665633676588,0.0345080437901435,0.0330059181023676,0.00246029467940364,0.0105608224231861,-296.012444908872
970,0.00422257037145008,0.0268134941263979,0.00100147706836869,0.0132994197422071,0.0229207177450075,0.0015214036690698,0.0209111673441402,0.0318452317855157,0.00390930188729203,0.00608370519826459,-295.871428144545
971,0.00382624748085493,0.0249080044509912,0.00797443213905695,0.00755305181692638,0.0290652249264978,0.00169128371452803,0.0238308910209191,0.0495981520545992,0.00781432047173025,0.00604360813775844,-297.204855739406
972,0.00622239274984933,0.0193961670262411,0.00634429258678948,0.0181341086719037,0.0234794026128743,0.00207705023862466,0.0453995401904052,0.0476935503155145,0.00754313991565143,0.00136049369192831,-296.346236212733
973,0.00755610630856551,0.0310196896340174,0.00103817829869581,0.00555924610582238,0.0257761480724285,0.00169238727765165,0.015084404043648,0.0497135369475411,0.00730417116524716,0.0132714180812119,-300.266333511652
974,0.00552360343761035,0.0210438806279525,0.000235023477029393,0.00523252095437435,0.0241755190078771,0.00111780205913943,0.0352007729020269,0.0560372288129384,0.00813461827807224,0.00171303424645234,-296.387222991189
975,0.00964931709345466,0.0395243049084978,0.00658264860759324,0.00158024191383072,0.0264288918071526,0.00300077209784737,0.0340632928691581,0.0786627563454243,0.00323876619671502,0.00401628476056409,-298.346603256488
976,0.00672773078386198,0.0359652824385501,0.00221926482262066,0.00256988761320055,0.0275978797766315,0.00264946259753259,0.0269331961094301,0.0390703510279093,0.00808232817184473,0.00217842022532675,-297.083405746864
977,0.00622835487718946,0.0357999883766674,0.000269788827363318,0.0316050346418276,0.0165318993661516,0.00281074774428459,0.0276547335431742,0.0493829636159068,0.00304185602442139,0.00171141504714012,-298.064001038113
978,0.00335113925160483,0.014311588372374,0.00532052692498164,0.0336499934283553,0.0187127084083436,0.00626842421357375,0.0424428686340918,0.032099224767014,0.00604845052336989,0.00222043386650859,-296.761913585866
979,0.00556329277296875,0.015806746166729,0.0101345174146112,0.0218431871227484,0.0130232874640934,0.000585011869478393,0.0220180100555444,0.0407581737012545,0.00515135213394151,0.00282437251742505,-297.641223399077
980,0.00324587186775652,0.0157793436757248,0.00367080038847021,0.0212078800938763,0.0279147023377336,0.00532028819329032,0.0371224277270542,0.039370453856632,0.00474024677763674,0.00168537379059615,-295.432287803441
981,0.00570709618898281,0.020032860459161,0.00197271833476257,0.0153711180695014,0.0138640884320409,0.00655930540031114,0.0424783858589639,0.0445093963119194,0.00645250281884683,0.000935088913974058,-296.127713053935
982,0.00010893217902597,0.030322143427181,0.013676860408302,0.0379266663678986,0.0243731993351802,0.00681320170049391,0.0157447745067616,0.0423718146948109,0.00659638660665421,0.00385558305479681,-304.768638204427
983,0.00567015689776036,0.0130784833556795,0.0124769003791317,0.0375981500231608,0.0223622620346945,0.00569972673176545,0.0167573044452027,0.0686440979702555,0.00962911418857198,0.00329557852098257,-305.836154662406
984,0.0132691404451293,0.0273704041775283,0.000562622292992359,0.0421782624138006,0.0219703437643117,0.00116428935848681,0.0495168391530387,0.0476189643326508,0.00274678371870224,0.0049948469404044,-302.442260564783
985,0.00158718315278951,0.0268805030873199,0.00517967956279336,0.00181445603896402,0.0106562346739196,0.00269620896286626,0.0497404566043986,0.072524925190897,0.004508886414476,0.00215734299436717,-298.147773776882
986,0.00504961585800056,0.0291940302114109,0.00638663112798266,0.0162060711762355,0.018907046066415,0.00556313812972384,0.0279726589163104,0.0616739054525796,0.0061110005025417,0.00314017289404108,-296.369884865807
987,0.000314467883303627,0.0301921186470697,0.00464770984973423,0.00237511288262089,0.0240096721229635,0.00389803066449217,0.0294040627638881,0.0642296656321885,0.005684036006373,0.00200572224123597,-294.962334606853
988,0.000679796749163745,0.0475505698109496,0.00208016636663379,0.00235486743587148,0.0239658744577907,0.00231333376777237,0.0228535937103138,0.061942089489549,0.00448951733358016,0.00279406802382433,-295.556631949218
989,0.00500548604828354,0.0448179285155646,0.00224453657157813,0.00287857691065817,0.0132789853792549,0.00365512687763519,0.0353586634599185,0.0625299113968318,0.00388414806081417,0.00912964508620646,-297.161912701818
990,0.00373965301413149,0.0250727256827982,0.00993018945500999,0.0062085611595373,0.0124949696539739,0.0056744264047087,0.0198613194676857,0.0134113352493896,0.00220709171155953,0.00594025060657529,-300.171739294545
991,0.0122406375982318,0.034667102068102,0.0204568164752112,0.00786474196405498,0.0131129342866549,0.00806995315861215,0.0271574724954395,0.0209255837420622,0.00358376386416499,0.00805431055078626,-305.006327627837
992,0.0102613366465328,0.0193115134928203,0.0117691202881954,0.0265478084091948,0.0163551166117947,0.00470400672768875,0.0254273305704997,0.0284301879149728,0.00427664280503855,0.00116106390259548,-298.671293797852
993,0.0142036206114402,0.0190505822688859,0.011210563169624,0.0287808205661714,0.012402470631092,0.00407728030531422,0.0297643601806188,0.04511584013562,0.010084319152486,0.00715120970894212,-303.484550063482
994,0.00497038168520246,0.0155010322445838,0.0037373304627022,0.00918978857904494,0.0222235114040692,0.00733900664141001,0.0396218647325308,0.0200233944512198,0.00724994209542214,0.0194461224451802,-301.170481334419
995,0.00464735861697904,0.0176985297100963,0.0105261454966108,0.00432574165066248,0.0203214839879981,0.00626189382504033,0.0357980460864343,0.0643102249025246,0.00860715703843068,0.0106670537481878,-300.047052395458
996,0.00521021005324177,0.0217238662229064,0.00310615642487602,0.00859577143003512,0.020269822733747,0.00358996699165849,0.0318910700380582,0.0280220004454448,0.00544532040491416,0.00604413374525782,-295.051891641808
997,0.00185595021495699,0.0242642345214693,0.00215882806979233,0.0265545530000147,0.0182142651181215,0.00402328781609972,0.0354661508048324,0.0313198301371638,0.00535745599498265,0.0028293414374364,-294.937997151571
998,0.00807853208341698,0.0136480687867298,0.000757228772324838,0.0254986510791055,0.0159327238165796,0.0102608486944874,0.0298655710440368,0.0292157407870698,0.00297528275123711,0.00363758876393969,-296.114727272858
999,0.0149875197426214,0.016311673059479,0.00158763209283535,0.00346461273677165,0.0166040182482272,0.00443372439431781,0.0346760011823037,0.0383348607062614,0.00350054024259161,0.0029651912145225,-296.230496927589
1000,0.00864616535423178,0.017304558251594,0.00281234778471489,0.00279954292362223,0.0221563321481328,0.00249119675465728,0.0423444217638031,0.0495360390278489,0.00717910785564858,0.00450777376953776,-297.858713278052
