"i","asc1","desc1","asc2","desc2","pol1","pol2","tran12","tran21","dem1","dem2","p"
1,0.0101304815244698,0.0153970610284232,0.0137791117886487,0.0145325960619264,0.00998439517652712,0.00229286916696702,0.0401802371040229,0.0455580796219727,0.0152721533391334,0.00403686213013685,-304.118881177848
2,0.00436743289571879,0.021759532168129,0.00396190894310685,0.0229771790736858,0.0121615959267249,0.00290026482134331,0.0368404843167708,0.0577087180001599,0.00347984970628676,0.00320156129779057,-296.058622752647
3,0.0168801156690486,0.0226418683361803,0.00448968905052721,0.00793362048265508,0.0190544262625042,0.00494805761061393,0.0363891956462234,0.0322481528719106,0.00282669205083881,0.00590504094526555,-298.001481215793
4,0.019718965476785,0.0143523136564736,0.00645613925237253,0.0090462958125973,0.0212637800224676,0.000976155872840097,0.0229883545054745,0.0575113469818147,0.00803387268212168,0.0096732015002958,-301.166616026285
5,0.00281150420617519,0.0182052395104822,0.00165956812621165,0.0215691933164986,0.0193287173256228,0.00508626768258272,0.0502534309137969,0.0298089388973246,0.000803730000861726,0.00398868995765388,-298.657647707999
6,0.00748840840769663,0.0137321340525379,0.00508008463351694,0.0192652176338684,0.0175083502493878,0.000947831853866743,0.0216811461588913,0.0508055007592881,0.0106673477249159,0.000488396397422152,-297.844278426249
7,0.0029811001791895,0.0208943973626585,0.00253045592138161,0.025147750886708,0.0253058376635247,0.0158774712743331,0.0217138594405984,0.0377522900063786,0.00890763806542387,0.00294615109002491,-301.546182508931
8,0.00977239331680372,0.022265061124678,0.00108545125137433,0.017676551979223,0.0219921121339717,0.0149581564406353,0.0443169299771486,0.0539939616994598,0.00768216401998628,0.00652214883992656,-301.896958139562
9,0.00774093538964911,0.0203653681732723,0.00647047821265119,0.0169147612130357,0.0160864118990779,0.00296717346614394,0.0337557130095749,0.0465228457275563,0.00800841125259649,0.0090211371461187,-297.773338113175
10,0.00998956803024674,0.0228072281662223,0.00977904788057035,0.0127296937596143,0.0208900896915898,0.000495771764409055,0.0467317967040856,0.0429331060283955,0.00301651808089082,0.00304105806694232,-298.253117460161
11,0.0105304068091346,0.0117012013510587,0.00387938136014191,0.00643376932366567,0.0178571941947341,0.0101546329411568,0.0294892723017915,0.0404127008160449,0.00142970094589612,0.00369920746721578,-299.055750499884
12,0.0108626740243059,0.0205149295128473,0.00291829855551334,0.019251035943612,0.0162786107887413,0.00279626391961308,0.038267160923763,0.0462436040367725,0.00537091986207857,0.0025901339841229,-295.283045218106
13,0.0109338495888522,0.0176155857787667,0.00108107917444264,0.00199206557982632,0.0193378565371871,0.00384924072425527,0.0253881003564301,0.0492926984280634,0.0038405428660064,0.00530510786563942,-296.747383283913
14,0.016573613269837,0.0379744525373753,3.69364956664139e-05,0.00361910344492605,0.0163978264452316,0.00305530981133915,0.0340700426675944,0.0576863728014011,0.00388922763074267,0.00441997274910565,-296.984506351875
15,0.00904150801574323,0.0359180722421911,0.000517607728355613,0.00193791227001136,0.0192253700378081,0.0065447675658343,0.0417210670687962,0.0493950929489522,0.0068311136288838,0.00160674614406935,-296.19861663727
16,0.00643972967354238,0.0368228064070245,0.00670990392363104,0.000351261992657835,0.0153709929115691,0.00703333285298348,0.0199063226089499,0.0598065214912144,0.00378950269406468,0.00394919254616617,-297.021521874509
17,0.00225216260497454,0.0299236267140003,0.00439603494699854,0.0009555102369611,0.0253189469619202,0.0114585795607342,0.0323789202395261,0.0582379735608577,0.000936874685309008,0.00697680436339116,-299.867923980443
18,0.00482678439524285,0.0418047491524043,0.00175274983064086,0.000933566141618851,0.0103944385937537,0.00860076358054696,0.0389266081189195,0.0572115345425909,0.00896520828831087,0.00806687160697714,-299.481238821542
19,0.00859564489341631,0.0337827566450772,0.00290166477628373,0.000524900687793126,0.0218430485580776,0.0107972883513692,0.026401473317173,0.0519160015879788,0.00707327022895261,0.00171849484733502,-297.2846534732
20,0.0104991815924774,0.0312656777672514,0.00179884560533811,0.000193830562051334,0.0224033383994461,0.0133532876134902,0.0261939750573818,0.0365188149552394,0.00633464904337304,0.00667252986450432,-299.8069377203
21,0.011627896702656,0.0302864839401998,0.00212721987191196,6.62311691705774e-05,0.0177492991748324,0.00374037437755244,0.0409263829420547,0.0567470577232541,0.00955607638105599,0.00682128556358824,-298.183547958244
22,0.00700338453008509,0.0314880353890238,0.00361386240073502,0.00814439547830804,0.0154428512152295,0.00335546934834574,0.0440093582872865,0.0639678552718332,0.00881071549376663,0.00893324033242847,-299.279432991089
23,0.0083548688200362,0.0108218728869284,0.00562688388306955,0.0211791426644182,0.019503358449634,0.00455288564300894,0.0242359303345859,0.0540417125731251,0.0010831443867422,0.00425088984709633,-299.223805939661
24,0.00897525203343924,0.0181487022910462,0.00836057839410616,0.00569420993516156,0.0198489303085358,0.00280002300657862,0.0249150287239288,0.0514128666793627,0.00631621864361667,0.00594706833333293,-297.042719665415
25,0.00233045605939523,0.0328513948328218,0.00559674106331677,0.0090410151224527,0.0280691864984265,0.0012969728604118,0.0277300070710561,0.0516564869076341,0.00375172993782538,0.0107229284258532,-298.084850856478
26,0.00248393805960246,0.0296181774940721,0.00106184660492579,0.0146918917922057,0.0129474321434216,0.00235058094528822,0.0492712400360952,0.0217998108290915,0.00621627054532461,0.000799504586395114,-298.855707650369
27,0.00414828067966194,0.0381765025873274,0.00349688192249521,0.0160979519748635,0.013666347234583,0.00237916375861677,0.0236634475350881,0.0545984591108711,0.00266228443968886,0.011621391489824,-300.140084279532
28,5.4138345281878e-05,0.0234647208295346,0.00539825922828552,0.0116571800923225,0.037460644400994,0.0105856087297693,0.0208947112338333,0.0632177561494059,0.00722163735221125,0.00358352101755346,-303.091605630453
29,0.00052132424309486,0.0266925680326627,0.0028303872246505,0.0103835623144272,0.0206154294500998,0.0106739840990866,0.0187945179716712,0.0417128638138507,0.00633736218110517,0.0006978221341362,-298.508013365935
30,0.00112793416554152,0.0201277626289595,0.00394084779229922,0.0178160619614696,0.0237238723525461,0.00136639504527468,0.0271139387543685,0.0415541106541808,0.00525736444248291,0.0042895637302162,-294.166463099966
31,0.0027896252772529,0.0214654723214317,0.00311281473613595,0.0267705211890515,0.0297335314845324,0.00264624745919901,0.0390399729132804,0.0274547714539136,0.00193266725546994,0.00320182528395568,-297.164038498228
32,0.00641825713143935,0.0101162157936056,0.00334863531023139,0.0223572258432461,0.0223488638022974,0.00362997430309968,0.0294060572072742,0.0456925197522076,0.00756507527382267,0.000596122764142466,-296.02984072827
33,0.00302598658372877,0.0232236031774824,0.00538753587861837,0.018721032393365,0.0169508581461535,0.00284419606263156,0.0312825186483491,0.0416770460146697,0.0065037046628973,0.00110132839709442,-294.012921854461
34,0.00698023204264746,0.0215349599196768,0.00686838001606524,0.000562997041934535,0.0233831139397817,0.00641883744856838,0.0305814929648208,0.0622227083969616,0.00368918395226797,0.00351126847042548,-297.382910588909
35,0.00355157191814933,0.0346633399452389,0.0127802907232329,0.0135248243050564,0.0253580592046627,0.000210481633569962,0.0437071034723939,0.0662680448727125,0.00402149786543342,0.00289947891820177,-300.482806946536
36,0.00719832064014843,0.0107537814050558,0.00928819709493952,0.00997549690336077,0.0196994714305892,0.00183071869067498,0.0432807249736369,0.0132123147858207,0.00488711161135348,0.00450913896700347,-299.7101130439
37,0.0146126075552013,0.0183986679183327,0.00769614092860128,0.00964417339242398,0.0132644649349132,0.0112113300178354,0.0348057307113553,0.0116530002910966,0.00398207593554259,0.00519723305078082,-300.712103550333
38,0.0111720765045982,0.0138262544395269,0.00548880591490709,0.00680193212854856,0.0120881770964408,0.00379346472074338,0.0390760721920386,0.0160089870356586,0.00852202501217864,0.00746131971298125,-300.111645161403
39,0.0183549744421687,0.0237642998972278,0.00179264597780547,0.029532396031349,0.0253870451469837,0.00417881914944762,0.0320829506241551,0.0359226288506584,0.00458921050247984,0.00510228750368235,-300.187049098487
40,0.0165428834343512,0.0301543369555363,0.00186545039278729,0.00275140689547936,0.0191876267086271,0.00158779063181974,0.026287364955896,0.0715680633011775,0.00692656166826522,0.00943208225916239,-300.237348525686
41,0.000722176021951293,0.0495835498597548,0.00242018685549934,0.00056358131566099,0.0201599756815488,0.00414464943639113,0.0256073033786482,0.0670807877403191,0.00874678593750282,0.0103038820862606,-298.778760592142
42,0.00767769059630196,0.0470328497337204,0.00531224426748868,0.000442827570451656,0.0154029844183588,0.00241041944711526,0.0322239882301866,0.0592823270557478,0.00916436866021997,0.00457946837387042,-297.769240713878
43,0.0109568597779943,0.0250667937783343,0.0126899330626854,0.00863532162324355,0.0333677448480069,0.0035950244010733,0.0188139839103523,0.0622577104006908,0.00230054829363084,0.00360292114788352,-301.234037323975
44,0.00155242385876698,0.0230039020486004,0.0200306543779956,0.010006769419715,0.033833278185402,0.00322489007108131,0.0357448988527488,0.0511399348127644,0.00713632022587159,0.00048426659498555,-300.089869116354
45,0.00220477457209206,0.0244250972613384,0.0164798466713714,0.00494641079160795,0.0142755242217602,0.00220353556846897,0.0369570116642802,0.0576912400247521,0.00743043405668424,0.00241883470447093,-297.66435597647
46,0.00987133719949859,0.0240441880235525,0.0159450564355212,0.0104506477519155,0.0270055827275227,0.00232233064085516,0.0309228053613757,0.0519829673427232,0.0019718703329768,0.00233040727225041,-298.745282651616
47,0.00603081445908343,0.0171470720145397,0.0125791604495669,0.00792804243870063,0.025331645056082,0.0017878519140013,0.0275578159236119,0.030285165665956,0.00570354942814643,0.00347748816526249,-296.405126899695
48,0.00282610387473551,0.0272985912897445,0.0116316080715972,0.0222344214105066,0.0296811871770335,0.00359720448524281,0.0313898028897235,0.0375612788239459,0.00377467166262894,0.00118715904883228,-297.730028963551
49,0.00376454997618626,0.0221726558744248,0.00041972913905716,0.0300062208993206,0.0229943274134919,0.00420014686025032,0.035443314257442,0.0296639299472635,0.0044218220553609,0.00651440469649889,-295.437485817914
50,0.00277218820562599,0.0282725032080229,0.000517091754846796,0.0350990778264815,0.0163965914236792,0.00452017970244514,0.0474787478820277,0.0385493118401716,0.00125697367622995,0.00552268263638676,-299.323458977998
51,0.007120275129432,0.0184927689826504,0.00773137417235157,0.0212531981440085,0.025706841246301,0.00303947542517583,0.0458910604277922,0.0522081009397973,0.0127098237788736,0.000243591767071211,-300.828722645545
52,0.00703526662445131,0.0197284988162587,0.00944534209883213,0.0143317825207259,0.0171434016611222,0.00144913017146783,0.0468581879556638,0.0379431038686986,0.0129621085597296,0.00712079079807493,-301.055064944597
53,0.00662794299565174,0.0120674216692782,0.00926945076187697,0.0144268002145105,0.0126002981881714,0.00446769507243483,0.0352503166348532,0.0413778400496363,0.00436919898057526,0.00140409900250421,-296.809872731084
54,0.0105870019581353,0.0203612257044354,0.00820378994418892,0.0205763420004815,0.0385970112035149,0.0011021819482939,0.0207491015860706,0.0276276712749228,0.00452529274009441,0.00115869758023425,-301.352182060451
55,0.00475882776918911,0.0195953628454574,0.00723990195680345,0.0149546001873116,0.0253830550186767,0.00133057407679272,0.0276763422248347,0.0292325974851708,0.00301409708854183,0.00200859438019,-295.347322557557
56,0.00419737848305472,0.0156477866741746,0.0133925896664758,0.0116540420144956,0.0190538423111871,0.00134846288700368,0.0393904974627794,0.0272264469417653,0.00749173219413685,0.00202213090809295,-296.584178778366
57,0.00429708625340606,0.0145670421929228,0.00948490914800541,0.0225493585074057,0.0118511900034613,0.00290041426193568,0.0268182354513609,0.0434275521183341,0.00361350163616538,0.00593126988942015,-297.514414731269
58,0.00423431594535104,0.018769697288906,0.00269133909717189,0.0168805988946269,0.0207265744447019,0.00570804419604477,0.0249432293773878,0.0721896966164171,0.00555361846064381,0.00717391220860383,-298.414982923211
59,0.00192328838470989,0.0338184011397936,0.00164562545315705,0.00646655260035916,0.0183542071997837,0.00221193505320948,0.0344668695448209,0.0133672642751949,0.00384102701276489,0.00929635565268107,-297.832851060637
60,0.00265765324627053,0.0145524179782357,0.00890896610372191,0.0126517013817444,0.0119658974223844,0.00460490852106429,0.0303621820371776,0.0212035583585245,0.00417499264462418,0.00155919191717265,-297.723325952826
61,0.00493367732207179,0.0142212142612029,0.00233319869737975,0.0400558190284937,0.0161248268774877,0.00466606523705718,0.034164659319411,0.0325625406586384,0.0052126560410495,0.00776755580420347,-296.737857989561
62,0.00613287728497968,0.0162842132832508,0.00450114406630155,0.0471353141781453,0.0167305398680241,0.000250121930937918,0.0312854971063866,0.0301466315249669,0.0111385183891066,0.000269805601977193,-301.52121936881
63,0.00145781416635483,0.015784781025968,0.000181171547639576,0.0414084175169836,0.0219947513330814,0.0084471864874823,0.0336785219467769,0.0231237596033916,0.0116709926038524,0.00643636175578738,-301.307645664639
64,0.0120895345118731,0.0216664977918979,0.000128168984104365,0.0133675512574784,0.0130619831138111,0.0096252744594622,0.0328635436234721,0.0358206226798249,0.0102741675009625,0.00448434164501428,-299.212749852417
65,0.00347389476374831,0.0175263063270788,0.000271845249201845,0.017950622777188,0.0130294880965058,0.00178379424213932,0.0410029683926254,0.0197796696102458,0.00056694001418238,0.00154680543721274,-297.987352567359
66,0.00538225523208855,0.0260966594097423,0.00054077212743627,0.00392247851635467,0.0234993996780978,0.00303812116900181,0.0342388797524122,0.0585290850681871,0.0122578725288844,0.00917685321325003,-299.190081736722
67,0.00434557728590414,0.0247262602757552,0.00999457561130842,0.00634848546302056,0.018964282417112,0.000729410859089245,0.0376241091011821,0.0327085196950517,0.00973614268743538,0.00839408346469604,-298.599827555021
68,0.00554564895936653,0.0193340375017337,0.00843619109692414,0.00174409345093792,0.0197524517986026,0.0017055435502843,0.0462038549244733,0.0586072309687519,0.00929738929528679,0.0027909289430204,-298.563856631023
69,0.00250866609124539,0.0321073446297326,0.00163287987310561,0.00237743792544652,0.0136171597034703,0.00164069385504139,0.0319804740718938,0.0689302918618726,0.00843427468307831,0.000329820415126843,-296.409141167564
70,0.000472470530525259,0.0291689063719436,0.0067301395098643,0.00315179713756723,0.0245352210106632,0.0104754793104182,0.0250184134617399,0.0444221963068963,0.00571763646946561,0.00337561004254783,-298.767503706768
71,0.00489659620223114,0.0302529876915853,0.00477297927412196,0.0233279900536747,0.0181325358673623,0.00657536227720126,0.0245743530268587,0.0414771363757148,0.00482710053845744,0.00159967541607133,-296.539618661452
72,0.00193466065677293,0.00990210806739171,0.00353486490125992,0.0217851599204284,0.016156550480398,0.00120701332950414,0.0285217350554094,0.0263735620935985,0.000922956372736687,0.00487735654483161,-298.383193634106
73,0.00155911029479014,0.00927417968532582,0.00256595472080717,0.0308455098917136,0.0227532703932579,0.00334723077061579,0.0280577780576253,0.0457093873498392,0.00706936000378478,0.000896812659499397,-297.574771878261
74,0.0174516936829896,0.00854839000261856,0.000294998610141606,0.0219687462428403,0.0141500567864929,0.00163673276679963,0.0354756043830026,0.0349145081110891,0.00871830683580087,0.00584859101403787,-299.304407794574
75,0.00893864990106184,0.0284325371791988,0.00336295068812967,0.0174032612587372,0.0286994142565143,0.00277880962753592,0.0224587284462402,0.0335089342826809,0.0118542211639154,0.00214777506225257,-298.41057817077
76,0.0112383172730614,0.0249532475260106,0.00461345904445374,0.0218241488501594,0.0254935651917218,0.00523726395151541,0.0294053228138271,0.0366801314875616,0.0133708779427904,0.0068799787130936,-301.63791593784
77,0.00986594668902462,0.00637779180508696,0.00928348540062987,0.0108586265729487,0.0196995387190191,0.00399514820093588,0.032342474353761,0.0400241513133997,0.00428682425221258,0.00126090030229989,-298.407623132409
78,0.0139263176627101,0.0121586545468206,0.00255688342602326,0.0141739143877901,0.0244425073635948,0.000756562053613144,0.0291298534766817,0.0551423874832477,0.00809908897187697,0.00500108260443302,-298.587350843517
79,0.00199655054357996,0.0425721226167317,0.00283956796744409,0.0107112788950745,0.0182195511477052,0.00292395174050528,0.0273484512457274,0.0501982928401544,0.00607141229254634,0.00292797282374096,-295.791566822707
80,0.00402730000657977,0.0410178813316017,0.000935420337142156,0.0087144125665871,0.0224836334419253,0.000707614236274806,0.0348005855845107,0.0488271841330116,0.00258789287566485,0.00257384630733613,-296.272487306481
81,0.00351844799435846,0.0416912963162502,0.00556582123314394,0.000769070224055214,0.0155536087743861,0.0048076173023677,0.0266020167365132,0.0351947019766542,0.00653665957550274,0.00349056966073439,-296.844366677103
82,0.0026523396904436,0.0406553369877949,0.00151626055458598,2.3422774935176e-05,0.0168090969901622,0.00398365948701338,0.019593703344622,0.0466660208267208,0.00157789756756191,0.00841089922110054,-296.361733030435
83,0.00155219599343067,0.0335553739704414,0.00207909559560624,0.00118429619166726,0.0169509045858831,0.00974759349791081,0.0481357404411731,0.0328266018779291,0.00807088890159484,0.00936774732778324,-301.035141883305
84,0.00948223332484456,0.0369817179571839,0.00116649406044933,0.00646527685898016,0.017784991597879,0.000507465039480305,0.0184831590181558,0.0434002310224601,0.00631141571025357,0.00871927091058456,-299.615199763729
85,0.00505240816615033,0.0230286561637862,0.00660353908851443,0.0232433616673233,0.0168053611794793,0.0066873859184337,0.044823787963307,0.0311048911735142,0.00393299952094121,0.000295776371218479,-298.272994701903
86,0.00162592709714803,0.0146166160139725,0.00594451816405579,0.0239560979108911,0.0224857347812857,0.00550462446516402,0.032462562246308,0.0227852973982507,0.00691864048149952,0.00334770401764401,-296.866802257334
87,0.00775104243808816,0.0118836943240486,0.00308769272140777,0.0196833654719242,0.0241159051107396,0.00303463558439607,0.0438718007212192,0.0578803143450785,0.00686537036657996,0.0085643156207957,-299.017709758919
88,0.00255531624933971,0.0223563893633776,0.00440359029576451,0.0215390863760406,0.014875924578885,0.00103873529997744,0.0346794230187434,0.0604525787879838,0.00250006826733264,0.00193450997536963,-295.889638935896
89,0.00715566170515034,0.00554568536060876,0.000665478686640083,0.0401022841069628,0.0177053952782146,0.00503764686143828,0.0277282442454408,0.0670187231825049,0.00685451610174836,0.00076108342134163,-302.152693857106
90,0.00668184896442186,0.0268506409992049,0.00711829779795808,0.0522564621111659,0.0302019108096255,0.00124053865069521,0.0279918220433839,0.0465828209531812,0.00470921881564934,0.00583941444088594,-304.426710668233
91,0.00340199203951999,0.0146287383120107,0.0103680379516674,0.0514433517040316,0.0266502241016581,0.00102725296535701,0.0370696300985722,0.0506198306038824,0.00267124625319083,0.00835896736085623,-302.403655395586
92,0.00376635008320823,0.0155618904224736,0.00202505300070541,0.0501881409663036,0.0274509874867819,0.0107551849873044,0.0303976059802501,0.0128549270369328,0.00503536367086816,0.00569619180135732,-303.609194627298
93,0.00259749653316897,0.0190483984685158,0.000558274529057501,0.0440465812743676,0.0134953748973206,0.013917704287422,0.0314816933131165,0.0287798830711206,0.0065217547967818,0.00275209432425027,-300.390911640945
94,0.0031816032452191,0.0142178410903594,0.000160072851699776,0.0419381270614994,0.0158192411018493,0.0007583419470368,0.0346763448191039,0.0360316997678668,0.00475356093256589,0.00288807830768329,-295.121684683373
95,0.00571365208343582,0.018007706280377,0.00118819206656565,0.000198632793314536,0.014272436320512,0.0139076844329289,0.0386013859902588,0.0516631599505804,0.0067316624265527,0.00182499149119442,-299.311829550345
96,0.00962425943681049,0.0256621919290108,0.00212087136254314,0.000223542446682866,0.0172330349135198,0.00553656398845891,0.0369689110018863,0.0653442599678908,0.00463370666342999,0.00427368153738493,-295.433701178434
97,0.00783259177549442,0.0360590499699969,0.0030648778087447,2.33249156922605e-05,0.0181390267666357,0.00803938786157732,0.0368534402571736,0.0643959965611682,0.00279641881436807,0.00178090211199934,-295.618380920199
98,0.00560931623057671,0.0290412315202215,0.00160377645401863,0.00605474707385132,0.0189009588424206,0.00922342490850853,0.0318090085279955,0.0412255085371545,0.00614684757417817,0.00715756930133223,-296.426021536661
99,0.00539293457244828,0.0238770636902639,0.00365065636457176,0.0210615899112793,0.0128649850512075,0.00458089799952089,0.0329594802700791,0.0169605589511799,0.00449981734938663,0.00310435949793256,-295.11587715175
100,0.00475912437110834,0.0170891233875008,0.00443962395494874,0.0220230578319724,0.0214475236839898,0.0040462023930037,0.0312532482226096,0.0494580832226394,0.00329840624699984,0.00248431200776498,-294.306727521172
101,0.00807910252446724,0.0202427833714717,0.00580138174854205,0.0288074609017377,0.013877402078065,0.00337128203533757,0.0379969460601456,0.03195513459964,0.00528797278466275,0.00873840704797202,-297.300847571266
102,0.00364635201386365,0.011555717697646,0.00382717596857549,0.0336068741354386,0.0238428228541362,0.00223341545199949,0.0368605026073422,0.0319134901425266,0.00546798116538241,0.00196205953636526,-295.287940148284
103,0.00358665208946621,0.0166560163452994,0.00412583987858888,0.0140255248755473,0.0271211786772056,0.001687972445566,0.0202523644076297,0.0552910019480226,0.00541546903181289,0.00299477649236538,-295.541692792207
104,0.000955916205895423,0.0233244761361956,0.00245619955184783,0.0232489957222773,0.0257112033538754,0.00331930053835245,0.0359924007525366,0.0565153050748315,0.00235752247741199,0.00585117720223944,-297.165733859254
105,0.00409376651907687,0.0305117628145013,0.00448197088608827,0.0168394079726628,0.0165401840731614,0.0038930518266933,0.0289476187253189,0.0364113857310709,0.00455660340981423,0.00446758272030086,-295.089677266771
106,0.00403137265799106,0.0273055810551509,0.0080463982231973,0.0170339784508787,0.0228725484695587,0.00296432969161942,0.0331703427209945,0.0487180042433802,0.00748994237233063,0.0052644594311532,-296.122329347558
107,0.00400801788050062,0.0264900502925012,0.00548748520704848,0.0219699206103279,0.0223549891151872,0.00276875361825791,0.0330592701231092,0.0318558357990434,0.0073661885191345,0.0052041320557642,-295.841620770144
108,0.00325900955183138,0.0135863143261701,0.00153045377456633,0.0218791712617403,0.0251745773635197,0.00224428722903078,0.0269409153285815,0.0319566938437255,0.0050578435837697,0.0072973203077729,-295.549768312491
109,0.00487404486714156,0.0241537751557657,0.00505946147918434,0.0256680164928153,0.021073618308638,0.00228103857059729,0.0446863411911537,0.0551972681813556,0.00270142254497573,0.00962812916835139,-298.191369917291
110,0.00628301564913165,0.0249930963831826,0.0029765850850167,0.0142576161068891,0.0140094311620151,0.000603716311570735,0.053440332726469,0.0395688329597465,0.003060555323056,0.00346736104422733,-297.58374970627
111,0.0029164978786792,0.0278930085426841,0.0123730499764046,0.0100959315062753,0.0168090056675453,0.00171888165567598,0.0281681949592576,0.0435070620806065,0.00664730579308839,0.00210329005971349,-295.704619733402
112,0.0027735755189582,0.0279421422777527,0.00966719182780001,0.0214693936140624,0.0213523346327708,0.00267921854731971,0.0372519452359371,0.0437857541536748,0.00589103869623458,0.00195013178682018,-295.807231469682
113,0.00441195140807281,0.0206733477883734,0.0215973737846297,0.00714943275552913,0.0203296809442352,0.00116144668511505,0.0404563373360311,0.0369969144390473,0.00773384166037453,0.00108570519199747,-298.71487691522
114,0.00539072419056075,0.0239784915301277,0.0100309690529146,0.0137645483618235,0.0132209052437667,0.00637145190027618,0.0361561961196194,0.0438846958983071,0.014224536426151,0.00330375275727363,-300.899649702093
115,0.00202182335903214,0.028334731690924,0.00569030626019965,0.0120843999670932,0.0204323939068646,0.00508675283971281,0.0359710384801301,0.0599712295990099,0.00153380985057087,0.00213113835080893,-296.464569524151
116,0.00325602752267886,0.0262600604028807,0.00439631468774444,0.0062741134087939,0.0190393499472472,0.00659792299222962,0.0449322602034871,0.0515774843933207,0.00664190342596574,0.00439220892992999,-296.791732115732
117,0.00432081778580208,0.0292910046879333,0.00575461192632475,0.010714859585048,0.0147549798484125,0.00378807271313418,0.0354201391903794,0.0657204700195126,0.00868950614222109,0.0045395994203051,-297.207494362373
118,0.0031068227615076,0.0305170902674017,0.00626778683941569,0.00237803083883495,0.0173941159926244,0.00541803552261351,0.0502049361371785,0.0656750029333522,0.00498605625450604,0.00480304777808756,-297.087842098933
119,0.00377827377069243,0.032749684591399,0.00322535905987121,0.000701949832705886,0.0218243085774542,0.00166962479875334,0.0402303580996226,0.0522896831635289,0.00712700427203957,0.0047258874221566,-294.954372467966
120,0.00852422392963124,0.039415800278871,0.00268846161080673,0.000617085026347066,0.0245784657999748,0.00198784465636726,0.0244074237103967,0.0874326257559627,0.00104649313937104,0.00498861553789218,-299.097044859279
121,0.00802764484670419,0.0313007852424199,0.0026214783494023,0.00148077462965645,0.0177126653179756,0.001771210225076,0.0288312868608208,0.0248604221732626,0.00884034444363256,0.00573662152660947,-298.018324530015
122,0.0072258863414485,0.0248199702078155,0.0011152339744988,0.0316346213009977,0.0107354083150861,0.00350080775662395,0.0308924603715789,0.0364848333490812,0.00923644180486076,0.00237650130934388,-298.361346099035
123,0.00354848023899625,0.0203896024121438,0.00397554072833948,0.00625566206030449,0.0192612656988246,0.00321990939210194,0.0308859071202522,0.03343473485983,0.00657701581665675,0.00280635279509767,-295.459433611567
124,0.00185661570348824,0.0278945436933586,0.00201174759982806,0.00291196709054601,0.0191586325873696,0.00208963932682374,0.0330520471084242,0.049013321342842,0.00230788459019545,0.00289258724384374,-294.197355590016
125,0.00839772567468029,0.0308887439128512,0.000718357576538577,0.00442878784566975,0.017663927633918,0.00274170065105535,0.0253171276450793,0.0603179808494419,0.00519735164381418,0.0105958239122392,-296.605159830255
126,0.00416099293510418,0.0450942612485552,0.000676786417612838,0.0046064819877056,0.0162098748495899,0.0043351971144103,0.0320015805337402,0.0558793970438743,0.00111147121144857,0.0145411150475635,-299.43007246939
127,0.00188670828911518,0.0207440891638327,0.00367890481035901,0.0129112276847992,0.0227473142416226,0.00233570767323982,0.0400600962613646,0.0592007949879954,0.0127150421403456,0.0212038792853266,-302.871728844085
128,0.000945471268266232,0.0165401617809755,0.00390324106546284,0.0118460619117406,0.0142737113932794,0.00703786739911184,0.0329390627288743,0.0616539198573833,0.0202383671167094,0.0154937960688992,-306.576920047133
129,0.00640799791475299,0.0181751337319181,0.00674387007385558,0.0126008971700937,0.0247165868548122,0.00683625657910291,0.0165201794192972,0.0544171229802622,0.0166784487453767,0.0090320368085501,-303.672473499756
130,0.0110890883350438,0.0192681298271174,0.00573557146948129,0.013558558131187,0.0157087802268442,0.00506958038819249,0.0229926865819642,0.0541537924835282,0.00400509753876082,0.00224968634136773,-296.997053371815
131,0.0050196697721405,0.0229648839329461,0.00380312975480069,0.0230371969010169,0.0232351618849063,0.00638068780390783,0.0330464289748328,0.0503094353704295,0.00580217627848901,0.00274190171607613,-295.570037898084
132,0.00252999972192139,0.0123139365249645,0.00315250653195087,0.00776667021572653,0.019674165850062,0.00538250490782209,0.0320262848056577,0.0455943078405971,0.00242578422504023,0.00419637790285296,-298.197753845521
133,0.0109878951010212,0.0179349874298133,0.00170995496395899,0.0116247314375955,0.0202834386136758,0.00670284915691252,0.0357289399609978,0.0220937081571117,0.00276809224594521,0.0044366985133968,-296.026849654568
134,0.00831354269832221,0.0243932124285685,0.000972505511625486,0.00784072839859016,0.0100203116453488,0.0130736396198349,0.0291315021763715,0.0370122362908921,0.00425411105389506,0.0040087076733568,-297.713773617381
135,0.00205172174850443,0.0328283325073634,0.000258030348525067,0.00528655639043851,0.0172583241831829,0.0107896908169966,0.031809987106392,0.0460700930202401,0.0043811232965785,0.00115731135254514,-296.169032301631
136,0.00947044155346194,0.0306145895551015,0.000630801795094321,0.0208958352933211,0.0136038191485535,0.0052327047366473,0.0279450795645765,0.0296189878564585,0.00631374101956086,0.00927328156282741,-298.121656720469
137,0.00285311367925056,0.0286656314301209,0.00046095810695988,0.00326680615955843,0.0159747707747777,0.00297538019170211,0.0312118585577979,0.044811436202031,0.00284642038395572,0.0111931471485384,-295.03115216381
138,0.00405901003136864,0.0540812398002622,0.00114417147791279,0.000604397499951252,0.0202125487424083,0.00170134905226329,0.030759088665884,0.0680937625843368,0.00367004204832491,0.00372316518977717,-295.627690298795
139,0.00770038718437601,0.0249429482126433,0.000846398408274866,0.0035786916626053,0.0126367254692915,0.00560774887521232,0.0321206263159655,0.0413280030625681,0.005558832384306,0.00327990261379284,-294.788562321225
140,0.00808862955071654,0.0306956088021225,0.00017011252688783,0.00245493947155322,0.0230929035822889,0.00191032436155846,0.0273817916189214,0.0491184462501864,0.00243394974353904,0.00292813450787791,-294.306382468066
141,0.00708895676410732,0.0388917084350846,0.00246330700009072,0.00538014079106663,0.0220489438503235,0.00213648780595406,0.0303784311614659,0.0606592583677414,0.00249974420579306,0.00638771953717364,-296.055529822119
142,0.00518183875752644,0.0264177713262361,0.000769445335667505,0.0089079180519238,0.0232239687362969,0.00269557371373099,0.0262078880905986,0.02574184028067,0.00453290670337045,0.00493294602580207,-295.196871381416
143,0.00751688300835608,0.0240234809097413,0.00255406654604297,0.00684236089736876,0.0125610281010367,0.00288803582854876,0.0320097239211878,0.0443584340067472,0.00375879092337553,0.00575389725209774,-294.978170501038
144,0.00188931846170084,0.0362496715652614,0.00528760812912716,0.00713555368133244,0.0228842056629452,0.00659305694983173,0.0320792829998828,0.0745538168301692,0.0034917668819463,0.00300549345770831,-296.865943703698
145,0.0026612913979016,0.024271571949149,0.00403251951775323,0.0197016652931228,0.014216345447534,0.000393873228189982,0.0276383973336974,0.0664977604357528,0.00328956852143801,0.00235133092194171,-297.052874237756
146,0.00413753235611173,0.0222935539698581,0.000950188114406793,0.00906067715330553,0.013165124604225,0.000385959244117362,0.0429019755859892,0.0215433729502502,0.00534981112168605,0.00482486217849926,-296.290654813418
147,0.00447393928299301,0.0235887229396635,0.00205246028519943,0.0311074438047581,0.0159284727898037,0.00358491199816259,0.0415722916028102,0.0438252370572345,0.00282694076872219,0.00533291130061815,-296.034423047487
148,0.0035062244341827,0.0275573924062424,0.00500362972300958,0.0217433453017645,0.0236155695020783,0.00614085246134554,0.0261588845145374,0.0176471766846499,0.00466344790169588,0.00320319569658277,-297.81004620676
149,0.00397305286054996,0.0182705217118073,0.00204292221107817,0.0192093788967369,0.0238204322626819,0.00319278173244258,0.0311324456042154,0.052144886707127,0.00372399050828829,0.00224036039548613,-293.899032434614
150,0.00206146030288999,0.0275442981119509,0.0089982333264366,0.0140782071710033,0.0213157327292708,0.00377088147726386,0.0289842457355355,0.0405028103871645,0.00489280304918657,0.00374784300352164,-295.075303505717
151,0.00921499379511428,0.02860702815576,0.00988935213887964,0.0179738992262934,0.020068511043421,0.00669640132542627,0.0316927289659797,0.0392503500006167,0.00485586709096162,0.00578236356641937,-298.772471771614
152,0.0104950909251733,0.0270511857861267,0.00101005561043592,0.0170243167570394,0.0156969428429527,0.00564578464407813,0.0366044867179486,0.0219106033646381,0.00225465917702743,0.0059585004116128,-296.164902350151
153,0.00163411845327319,0.0230068637243682,0.00064126745322621,0.025386829133098,0.0210797675034576,0.0027147160285128,0.0365093521034197,0.0375604274846199,0.00349952318962388,0.00485096864556723,-294.903308921611
154,0.00309311019100446,0.012896276612168,0.00377271236335192,0.0107163141969969,0.0184094247676935,0.00178062368575979,0.032532726517787,0.0402259431669919,0.00455099749395377,0.0043123748572664,-295.575607143909
155,0.00464328920805998,0.0349307387675524,0.000570227660435402,0.00367157595287798,0.0111469089783708,0.00701369958301524,0.0296839567344912,0.025481562502548,0.00502791703598871,0.00382204486773206,-296.322043758288
156,0.00539506088922522,0.0197893211119446,0.00225335532884622,0.0114607755733981,0.0137465904454191,0.00605407958834472,0.0336952630581491,0.0216803879580212,0.00502394777084923,0.00194077457843609,-294.692092040655
157,0.00674256777146139,0.0237628346735301,0.000756028376864569,0.0198228548551024,0.0161837168476955,0.00258724430637842,0.0320803988760283,0.0355800161061901,0.0033954361284669,0.0020357869667301,-293.435446615854
158,0.00558213884963892,0.0306330394248145,0.000464203108417529,0.0100330221153413,0.0176018971716427,0.0016669591043898,0.0280428872595374,0.0193724666002767,0.00296441674913049,0.00414719070655907,-294.662693569829
159,0.00625003892968299,0.022312672278895,0.000698247111335953,0.0112483195384041,0.0141667863078411,0.00934490621451014,0.0334662255936765,0.0171567984375541,0.00852856092539678,0.00705986223562554,-297.624022560661
160,0.00590752691157777,0.0166543853693273,0.00237613453098643,0.0176898054336939,0.0175032515165759,0.0106419783958059,0.0292170528850162,0.026483018479321,0.00325911179535517,0.00127682586695746,-296.088645703128
161,0.00582053698320237,0.0175419228609426,0.00514743029399946,0.00492873578889173,0.019973807949066,0.0028250837889032,0.030933392826561,0.0128905278754569,0.00556539847928603,0.0121853448508672,-298.696928683763
162,0.0035773758137409,0.0239252507397532,0.00532463813025178,0.0294541620719589,0.0143318197944531,0.00228132105737406,0.0322129169211182,0.0265141041904879,0.00965778304082239,0.0106038137626513,-299.332092382373
163,0.00520437904835253,0.0175857273358677,0.000568732607637342,0.0329442539147347,0.00849076778377374,0.00217740698938022,0.0315488523175178,0.0304285270199821,0.00162659639583222,0.00418333334110509,-297.454213183339
164,0.00577399065916035,0.0165342672518991,0.00239291453947581,0.0159367355781775,0.012554849791977,0.00411170946374955,0.0408375963396906,0.0268438598571577,0.00337165235497965,0.00233191264870469,-294.969445696331
165,0.00206924364426172,0.0210999523691583,0.00332694922753379,0.0215739371677556,0.0180216869019101,0.006729741580828,0.0330073685581809,0.0318528708237167,0.00585605834039361,0.00693489587474136,-295.876150772474
166,0.00148422394326126,0.0149425016971026,0.00254758003113842,0.0332039319586606,0.0191969115595574,0.0058744684697299,0.0355857180594695,0.0269886583249336,0.00285490591495538,0.00118948038102152,-296.727817916093
167,0.00577048112428727,0.0192426589433666,0.00282967320210506,0.0238331261403354,0.013155185525756,0.00328695396657829,0.0343857530318269,0.0225075272505791,0.0077713968739998,0.0106389254881537,-297.01192265988
168,0.00132050502598714,0.0191833679860885,0.00330882255871565,0.000296037891079639,0.0143375751199848,0.003361483171003,0.0322662409930063,0.0157077861547232,0.0109325595592283,0.00154994808625532,-300.296276522726
169,0.00800927184004861,0.0270599957467596,0.0145394661946327,0.0185387227615145,0.0165278489910529,0.0031717507379423,0.0411668809653457,0.0890265090533881,0.00682665009695083,0.0037160285161862,-303.592956627367
170,0.00652894842137462,0.0152402041189626,0.0134838247939066,0.0169876306162712,0.0168503401692452,0.00446864314118185,0.0398235621978063,0.0226960530562758,0.00801907354739556,0.00315624832880637,-298.503740585953
171,0.0044590651757337,0.0172050691577987,0.000634756719877858,0.0119800940234208,0.0168708297042356,0.0027947637402196,0.0338725642976252,0.0256349252059193,0.00172608714197823,0.00378738566067358,-293.869096390124
172,0.00803049617792358,0.0233618899803698,0.000557956551892827,0.024896914232008,0.0161016065700306,0.00532973621000748,0.038317770386955,0.0308096402829485,0.00165154685308733,0.00218209543500125,-295.57605564289
173,0.00959399474600127,0.0334649792347822,0.00186015990510125,0.0303633143142079,0.0361816983901313,0.00279934459477969,0.0191390379521271,0.0605487777339256,0.00902696754827583,0.000520747880534298,-303.615590329222
174,0.0066698109837522,0.00689349778445872,0.00148741138273318,0.0207452856356936,0.0338089185505301,0.00528362152654263,0.0262727127852444,0.0381407228855588,0.00683849981070417,0.00238260436832161,-299.435488574076
175,0.00530392238924942,0.0241935696205884,0.00950292668531803,0.00702917579880259,0.0204612020502318,0.00773648132398674,0.0244747149218131,0.0494624083863155,0.0053802110060373,0.000502414127107148,-297.352934421695
176,0.00221585130982681,0.0378373350096816,0.00604537079917735,0.00641757320880581,0.0180901109712585,0.0170189096225929,0.0461518793597646,0.0852417779478302,0.00838508690102745,0.00406510609344434,-304.126265912484
177,0.00347873288004214,0.0341762991898135,0.00790203432530923,0.00133895357704202,0.0161891307525966,0.0180419844632371,0.0259002125467917,0.0347596198512429,0.00631577969237874,0.00113648970374083,-301.22877510753
178,0.00321784596807192,0.0344850543094018,0.000723182902570142,0.0134964840963996,0.00992901541055093,0.000444100050170249,0.0203328597198652,0.0386219528498939,0.0034164588542501,0.00749547293757675,-300.061943972606
179,0.00628803225375948,0.0386431154835602,0.00147588104225105,0.00211615796851874,0.0105724968842181,0.00489793191484554,0.0363272131632084,0.0716109125800321,0.00481901484233041,0.00456218220570839,-296.589373380882
180,0.005783225236319,0.0284211116562674,0.000293065456744582,0.00151874439046559,0.0106864855997208,0.00632509372983299,0.0255181633819288,0.0448751728969695,0.0067796142386489,0.00111254763850507,-295.761447453197
181,0.00537175731726251,0.0249679950477093,0.00178919204758243,0.00760833571729085,0.0239256076615275,0.00432466669314975,0.0224535914585224,0.0481020470918349,0.00559902907903534,0.00116492099087828,-295.007960327599
182,0.00443836628753855,0.0378494045412422,0.00810191902746199,0.0153204782847641,0.0231884176765229,0.00471748732768697,0.0361342602137673,0.0547351340706832,0.00344363627249685,0.000869146031338387,-298.049535679866
183,0.000413194090630279,0.0199434287845924,0.00248248357166215,0.0137290542946861,0.0265099411719692,0.0037917212569377,0.0254286919722719,0.02974108194516,0.00520634320381494,0.00574605143170431,-297.492137848809
184,0.0136086906431884,0.025864844108033,0.0016391952270735,0.0141693110161162,0.010885730181858,0.00444610147750327,0.0281308655720185,0.0503370672984333,0.00667645185046799,0.00566979973189886,-298.860252330716
185,0.00473034059069566,0.0166635949034787,0.00220411979848528,0.0188438444244604,0.040392767527647,0.00373697647838599,0.0375197160734129,0.0438867346818693,0.00753780945910688,0.00592154302430868,-299.964915226854
186,0.00639312688782903,0.0213240798607056,0.00690958703363852,0.0230313369028615,0.0351676650567495,0.00375711687810996,0.0067260070236831,0.0282844336692939,0.0032637407357364,0.00155996179527775,-306.261591405076
187,0.00278751661897333,0.0271064514235613,0.00734963978239359,0.0197910027427403,0.022237027721985,0.00155763221185041,0.0324804114410903,0.0598751632643887,0.0113897525449657,0.00141050436703519,-297.122457926148
188,0.00685172003340054,0.0142116965285109,0.000555439276205287,0.0229456023671183,0.0184801573574758,0.00214830542584216,0.0320502270394632,0.0565266762634315,0.00773705135827487,0.00292373522228455,-295.428549786924
189,0.0104110574320595,0.0286617429208798,0.00153694828917568,0.0313506279243221,0.0181359908516701,0.00347467377279398,0.0368329576987211,0.0171713273830976,0.00945304246832729,0.00514557028321026,-300.426019388444
190,0.00935272381492952,0.00777094612449132,9.53250611159809e-05,0.039894024813652,0.00940333362841411,0.00506264733048052,0.0247682854489476,0.0339878975414163,0.00659128403060732,0.00316815954297494,-300.86941217145
191,0.00651889673869756,0.0140220039739068,0.00152088668288308,0.0336547658461046,0.0316953695709353,0.00158985959787394,0.0477979213253141,0.0519989527630592,0.00375308803846512,0.00372553449313176,-298.712762881735
192,0.0133464938707429,0.00820542286410741,0.00239337910190291,0.0219808681406134,0.0249737951609128,0.00101291446668989,0.0389664384087241,0.0266597316623325,0.00227115079779037,0.00218120992247957,-298.292887170695
193,0.00168258190300707,0.0102630730229374,0.0047853865978796,0.0346836361853333,0.0149346016935449,0.00203315588962867,0.0280369870280944,0.035178161568852,0.00487367237477771,0.0028483196880897,-296.761005649211
194,0.00701080175362324,0.00957731099997232,0.00335788128734313,0.032518020885014,0.0217667690930194,0.0012488945379576,0.0301492388190462,0.0409819753960731,0.00732860261204727,0.0010536063296362,-295.978947846642
195,0.0078495403133837,0.0246480959733954,0.0095641008313385,0.0165204540595877,0.0127041942139568,0.000537448162165919,0.0247554998978272,0.035304450423866,0.00455887937313799,0.0044031909873814,-297.939229724398
196,0.0065072419898619,0.0282636165373518,0.00999289815791025,0.0111113700263265,0.0182567611686911,0.0018331299235347,0.0412074139057621,0.0823445909570906,0.00268257222046155,0.00334700932409016,-299.290340043855
197,0.00229983864468518,0.0404390733885796,0.00505245097988385,0.0062248347648346,0.0349339095660253,0.00143133771788339,0.0335896989698269,0.0675101034713849,0.00513020719299251,0.00401669992723914,-298.097802501716
198,0.00368062579303009,0.0467383698585711,0.00607365416295938,0.0262102724933967,0.017242667101,0.00130306595170521,0.0340892312213394,0.0345786211066233,0.0106296184226729,0.00485885090700695,-303.587650630446
199,0.00563413798214159,0.0165917709317464,0.00481084136784422,0.0279760560430177,0.0228377670191805,0.00126933449250873,0.040635492557963,0.0232219712489265,0.00207097983379889,0.00362914522311747,-296.105465667441
200,0.00113638481947378,0.0213599293069345,0.000393039605585858,0.0351587449329927,0.0119388222078884,0.00231335148088841,0.0481726312382885,0.0328023011576,0.00371906710365027,0.00624946882807602,-298.570802835991
201,0.00471236790887146,0.0214691782700552,0.00121164317246927,0.0376411411813168,0.0252048260786656,0.0014088250834197,0.0384755986281504,0.0302507259648823,0.00376421325614875,0.00738205995811354,-296.97335597016
202,0.00442808162573607,0.0125488059403062,0.00322920507236223,0.0164175902660575,0.0172411150791709,0.00254684447986943,0.0374968629091607,0.00907585644674216,0.00399476849559998,0.0105456235645426,-298.625913225811
203,0.0116452026163015,0.0223557928784207,0.00503750890039883,0.0104371696978705,0.0147500857958322,0.00336633127600972,0.0327418691071957,0.041958367996022,0.0107847323566635,0.0106335846619218,-300.115866901342
204,0.00840390041275767,0.0138957905609186,0.00256658329546486,0.00301714614083468,0.0188268187157619,0.00290298802978653,0.023245117257455,0.0421642323835335,0.00969865120634806,0.00218013645237253,-299.220807246589
205,0.014170673194239,0.0436868752355177,0.00419515308747386,0.0210668910767372,0.027842985350426,0.000751647417533381,0.0368064933718545,0.0284943346654201,0.00317631097623448,0.00324459216152072,-304.530035168161
206,0.0134086780636938,0.0411458492697813,0.00158327275747938,0.0255712766781394,0.00801529860126584,0.00880281958517403,0.0394781627634593,0.0407413759547958,0.00493034610492925,0.00442651099793108,-306.139498389657
207,0.0131553527333933,0.00405347291945987,0.00220478131848867,0.0272937073331211,0.029971318246971,0.000179134499890523,0.0196210245256384,0.0467073008445246,0.00579219663822052,0.00106776872776153,-302.855712717829
208,0.0187517069778508,0.0371053036939576,0.00371633999686275,0.000536629451228085,0.0155133439401499,0.0035418653714023,0.0349018691965307,0.0692060655727433,0.00216567243245751,0.00817755027221262,-300.180106261801
209,0.00408958339183286,0.032773067984395,0.00387482727389133,0.00247433403419671,0.0188567883654869,0.00638185708669334,0.0311990435917122,0.0489546854028411,0.00500724329701487,0.0108849400722403,-296.796160699193
210,0.00349528692001294,0.0314508845629447,0.00134855906426506,0.000400173497609357,0.021608851873424,0.00212621663326924,0.0425388740116011,0.0566409131517979,0.00417798655491202,0.00412167747372363,-293.971571933249
211,0.0104516544911319,0.0340201424153976,0.00407237142881301,0.00656535501627562,0.0203804605930416,0.0058925156306071,0.0160251098419205,0.0499882955664183,0.00651532342898781,0.004814913616206,-299.17470099835
212,0.00592284370580174,0.0357578856680336,0.00122044483329896,0.0111617077627136,0.0211523601021247,0.00516155153701976,0.0363081769210233,0.0299668429775587,0.00508901745406596,0.00274374505963661,-296.607164243247
213,0.00173679256630297,0.0330204722454189,0.0016595932592471,0.00962235544950229,0.0166876600020112,0.0104994214297564,0.0364479583347177,0.0361849429418319,0.0112360004729374,0.00346574457988717,-299.988688456589
214,0.00755885696506429,0.0256039452848608,0.00613483711862377,0.0215103758050192,0.0146866224458554,0.00836458282734243,0.0474497354166497,0.0396464467367183,0.00753098107570852,0.00107026793331529,-299.726000553485
215,0.00731529603108449,0.0199318189387847,0.000215937871990599,0.0239503916593853,0.0218952473387781,0.00198749469833189,0.0470687698069068,0.046454819108736,0.00937307108533759,0.00262033947806717,-296.805591321935
216,0.00250218990484808,0.0207232150893701,0.00470556710603,0.00979757373386855,0.0291563773328244,0.00205421678783519,0.0354324859545258,0.0463553150068605,0.00200943230572352,0.0036123090080885,-296.257642896249
217,0.00193189335800419,0.0305766932150977,0.00807499984010641,0.00259341625504876,0.0163379697292401,0.00651050495634671,0.0292476211106902,0.0607983721576425,0.00187853962184331,0.00136463652091739,-296.69884900903
218,0.00477255678875143,0.0399756063238046,0.005492397408213,0.000383084041475577,0.0247494714240534,0.0122264478125037,0.035258883149659,0.0567579658738531,0.00230667664308237,0.00161990299480096,-298.678888803296
219,0.000867987073424989,0.0269461480326349,0.00381315259640953,0.0134781195606004,0.0178339336477724,0.00853925239397735,0.0170608786204356,0.0355001938832397,0.00323912942572858,0.00110928021156258,-297.976727250664
220,0.00318627250327519,0.0312090132024205,0.00332987777816132,0.0138794202277464,0.0240892795389776,0.00136745077621834,0.0338331327180438,0.0574275807762275,0.0070383961972917,0.00188891206221462,-294.738079495104
221,0.00607474802752873,0.0259085447847576,0.000270387762358331,0.0212000268812374,0.0190742066695681,0.00116459022544225,0.032875670416331,0.0192952538286537,0.00662635520666414,0.0010524368362731,-295.225107247893
222,0.00319786599783595,0.0128552400127648,0.00299274904666513,0.0200466897197715,0.0131973238671104,0.00224154984914874,0.0311819934155127,0.0313057002249069,0.00607329813634715,0.00494162824232084,-295.192944695198
223,0.00698666654194212,0.00865300705154494,0.000515948972893698,0.0287547925572568,0.0219861964372617,0.003190043144627,0.0385192390906708,0.040064702892818,0.00286524804472226,0.00170145540165683,-295.371126012863
224,0.010962137500042,0.00823710881983323,0.00927194154325357,0.0339583648830063,0.0240157977376705,0.00123355743303321,0.0342508160433575,0.0542340175733492,0.00887362848998078,0.000426338695207018,-301.147329695319
225,0.0087457386209547,0.0212615663355409,0.00602604936860855,0.0278302464076726,0.0171684003146651,0.00512201303610813,0.0351546944310062,0.0435623001229675,0.00788559838956935,0.00290398833223621,-297.06147091529
226,0.00103988544178046,0.0147000410746198,0.00085840388343921,0.0219671329521286,0.0255524288274445,0.0134206590877766,0.0328901475059778,0.0236997924748624,0.00299043608115916,0.0038408743584171,-300.397684834545
227,0.00223842593939068,0.0258743623900239,0.000408558102753646,0.0302897599724782,0.0120850879046312,0.000477463238538829,0.023667357329052,0.02743764741592,0.00630216835006677,0.00735094208511264,-298.596327705265
228,0.00519863174305761,0.0249483325127227,0.000661968185984213,0.0069482505719996,0.0288174712152685,0.000490617347603998,0.0397252900073554,0.0674979585372948,0.00383116887872886,0.00766024982102328,-298.2427188011
229,0.00827273384188378,0.0319621044226652,0.00665605299905868,0.00952797972399971,0.0150764961017767,0.00670338617578366,0.023070765228455,0.0335841089680362,0.00317493450574464,0.00390822017971843,-298.160537978124
230,0.00613406949444332,0.0287696696514346,0.00374472277768039,0.0174063523875158,0.0188914538330724,0.00721994639517363,0.0349626949592808,0.0364023709584288,0.00484588152871098,0.00708303490942864,-296.629863167526
231,0.00399096973627522,0.0296135456059061,0.00479177015942113,0.00977775299618032,0.0131133167541774,0.00757555521894288,0.0356588540221418,0.0454604052978444,0.0049750775426199,0.00805601744096078,-297.076176467078
232,0.00340848620832663,0.0222518321199137,0.0139357887350229,0.00578921584220153,0.0138150262060937,0.00676527373540844,0.0536636315259159,0.0460518856938765,0.00648745717345891,0.0108594429758572,-302.291905606484
233,0.00350373107330275,0.0187983352557546,0.0223651467117252,0.00196860262523138,0.0251525312277519,0.00418683424171914,0.0383156305056922,0.0647377601510721,0.00654992584650195,0.00977740691988625,-301.188380151704
234,0.00696807124291968,0.0252650913971764,0.0141145601207067,0.0215690932575406,0.0224076667621245,0.00558629824015432,0.0216786205745681,0.0606158568767353,0.00575828967704423,0.00729273777318722,-301.569110576498
235,0.00235103044619115,0.0183197016630755,0.00505016533655787,0.00838087994306916,0.0131253748192785,0.00306149596722156,0.047340785903078,0.0703081258700926,0.00488425682579574,0.00684109685425066,-299.285294553894
236,0.0179454544733409,0.0163117231048529,0.00396025093791719,0.00189676230810125,0.0217050006345125,0.00318988645470411,0.0381362156641944,0.082000737143684,0.0109166630611363,0.00558391421204361,-302.64503734296
237,0.0157268332124896,0.0242483497524393,0.00617978781777535,1.45990272631182e-05,0.0170483183024192,0.00264377246456365,0.0381913599421103,0.080308989936982,0.0105133665362726,0.000992019428913946,-301.165562666159
238,0.0173058053527139,0.0244985807522328,0.00236776607700266,0.0175865076903046,0.020856986272815,0.00420620128254754,0.0322344543770995,0.040534249153504,0.0110248616743618,0.0079270205713737,-301.610377564699
239,0.0127679862668491,0.0157388115984105,0.00416773263137913,0.00494837013720774,0.0181019412137839,0.00434215897462924,0.0371228556358869,0.0593341265997622,0.00974144875616536,0.00792413531578497,-299.768730842194
240,0.00556872487908587,0.0218736611882459,0.00322189885868583,0.000927814466878289,0.0338139584868494,0.00444574977297832,0.0368629528805251,0.0404399187728324,0.00504319306732884,0.00755897288707491,-300.471591403808
241,0.0058612596240329,0.0468828948096756,0.000596369881637261,0.00299929950121868,0.0102959994831986,0.00608060213459789,0.0213450506565253,0.0647603668979175,0.0033047487361534,0.00535913164446624,-298.052272702485
242,0.00624180376697284,0.0359142936600761,0.00160584929174989,0.000305743074821534,0.026313096560337,0.00142025832454579,0.0179989072602111,0.0537023710901126,0.00400452022265528,0.00421295811312168,-295.742815414686
243,0.00636110140866359,0.0368123606514082,0.00152894983277482,0.00833211415263186,0.0216403842511495,0.00253367769269753,0.0377663590171503,0.0475980142088699,0.00293552763993461,0.00649584843815878,-296.085840262499
244,0.00670517781681086,0.0261529389368148,0.00138299110294291,0.00395026346880622,0.0182273827552757,0.00297953625765663,0.0454461823460008,0.0291181473872593,0.00383290430461151,0.00371910020422646,-295.472678580543
245,0.00480117367612056,0.0338161088969361,1.76845172001413e-05,0.0041261152534227,0.0184954879727495,0.00680072449166142,0.0358178940323063,0.0280822461747348,0.00412878574344405,0.00431728775303485,-295.154958964651
246,0.00512185451261333,0.0292718776995143,0.000663435354771609,0.0271945348545338,0.0151038837374168,0.00224334182493315,0.0335050670874956,0.03904328084569,0.00442279357288368,0.00785936640121136,-296.203277193631
247,0.0044924766349996,0.0243014269396318,0.00200292183803843,0.0182910731784258,0.0251021889933033,0.00319783080969034,0.023178898094002,0.0303169909050852,0.00560683760868154,0.00323210026646516,-294.93631763737
248,0.00554218822411628,0.020239947112865,0.00840069059854976,0.00734196022564883,0.0220513955173935,0.00164262139720877,0.0221115750062457,0.0397283837640769,0.00558850766378988,0.00282086421367149,-294.999703126662
249,0.00416055080340619,0.0210852592832889,0.00200026875831358,0.0170261632024431,0.0303048522988731,0.00070195339642416,0.0274160760331023,0.0449671133584785,0.00518275788844682,0.00167850534744111,-294.502877691106
250,0.00591632628325266,0.0153549708157345,0.000898020981714606,0.0216375734345417,0.0194771781031424,0.00191746184423354,0.0502290206816047,0.0700296402983442,0.0132817392714738,0.00320721380837544,-300.663788601255
251,0.00666200436043222,0.0262713252004844,0.00417219833057994,0.0184769604441064,0.0188068537450366,0.00270785768802208,0.0352532816201629,0.0527202415892155,0.000772298486848553,0.00283220944079885,-297.329845395934
252,0.00537348800489469,0.0238061676854042,0.0118041271059037,0.00584058246682755,0.0180328106678679,0.00168646246112734,0.0341671311983601,0.067340141522245,0.00280604572761915,0.00182940529134247,-296.862206061242
253,0.00885646219538961,0.011664384790203,0.0215890704862267,0.0296129461630141,0.0193920582639489,0.00335609832832434,0.0366628388887536,0.0500664581690816,0.000584109028002069,0.00577586902753887,-303.88993223846
254,0.00172943413758686,0.0248386655296073,0.00457708454318288,0.00337194486749648,0.0189480778283804,0.00562241267515362,0.0294710108595671,0.0391982095081377,0.00216804927499519,0.00373008616946706,-296.011256012177
255,0.00675703418685118,0.0282145029870959,0.00586117843747757,0.0163113345899683,0.0176786030197056,0.00257702520256379,0.0316562218291647,0.0124719901161464,0.00423086585964105,0.00963678898905897,-297.608656116068
256,0.00724802097659389,0.0335035075492482,0.0148650494477842,0.0140405325242338,0.0230725570425679,0.00306422282488325,0.0245214809117777,0.0518921394156892,0.00407372175191623,0.00333431005229289,-298.772269614878
257,0.00138562525446204,0.0173123031036195,0.0217655205982822,0.0129456376694559,0.0178553910210334,0.00112264430887337,0.0287601575287936,0.0635028433783854,0.00322917668519585,0.00461779566073636,-299.428198124809
258,0.00267538266484394,0.0276060236679904,0.00643882815152442,0.00816882229657663,0.0177933548968529,0.00171095821530767,0.0521933855144829,0.0528281261341829,0.00443727570966641,0.00508646645776513,-297.19227175864
259,0.00475746103034021,0.020536112556324,0.00832524893960174,0.031131284675545,0.0225690447440107,0.00197672903591067,0.0154738848336969,0.0298929194114349,0.00561189420673738,0.00200232114994911,-298.968845629598
260,0.00620942785780365,0.0107108594816568,0.00543976657936631,0.0421249959962023,0.0255246943361756,0.00257999769964118,0.0385499179858343,0.0293347056202303,0.00548699205027903,0.00379408716811651,-297.687285943043
261,0.00544246608637154,0.0114702627674407,0.00894651258925239,0.0031226856733529,0.0276547020018106,0.00726120383896888,0.0268159405261554,0.0200367626684511,0.00727833065092123,0.0110332330502479,-300.813352738492
262,0.00730421145308112,0.0242254524458676,0.00110768026250181,0.0114394704848503,0.021605605685564,0.00665258151153486,0.0276168539890603,0.0527025182121472,0.00453351609250823,0.00763560857568053,-296.409986044018
263,0.00219656939402884,0.0257045454955582,0.00296488639018086,0.00750504682431847,0.0201209002859276,0.00902390459003371,0.0359031796990748,0.0504244511337279,0.00327283114050845,0.0018246377299443,-295.97943753088
264,0.00835072432985826,0.0278386403091851,0.00442374602347923,0.0186122963349563,0.0217212873268912,0.0137989906427187,0.0238329728679842,0.0335509680608512,0.0062184296150946,0.00170155566655971,-300.216539472519
265,0.00399463989450015,0.018853527238214,0.000878418118362712,0.0279396072586328,0.0138733513768138,0.0094660496897381,0.0235460960782308,0.0459206791107323,0.00534697168425438,0.00112847182693184,-297.9034266714
266,0.00294569471406342,0.0229782920756056,8.35932792000084e-05,0.0238273590248505,0.0254027196959444,0.00808040871142051,0.0267932258827248,0.0671623342591391,0.00837384890422999,0.00355002580184121,-299.67728676511
267,0.0124084729035433,0.0132081347567628,0.00858251091282523,0.0183524023041974,0.00977181626479625,0.00206109486065743,0.0293166704948478,0.048984465677905,0.00778969418057415,0.00209367577706328,-299.976042450574
268,0.0117149626815936,0.0261875705234899,0.00674088416407231,0.0165767992427566,0.0118756189523041,0.00250842353321334,0.0269720478710695,0.0211110235810385,0.0107626859094742,0.00248473327125493,-300.818549737969
269,0.00928472351444874,0.0182377741490223,0.00690794887663712,0.0105162559773125,0.0128462031991209,0.00168205166418152,0.0394064703330513,0.0449658362774513,0.00368365641319676,0.00532756037146476,-296.529230672511
270,0.0043487147889559,0.0191230182966904,0.0151219278961598,0.0115705451695401,0.0104643616808279,0.00606072942798341,0.0286027378580278,0.0547732599126568,0.00401422791361871,0.00257512610474243,-299.208155301229
271,0.00381622393997169,0.0206971680142405,0.0127232418810455,0.00544172349514526,0.031719389626132,0.00111481994581015,0.0252688633736738,0.0549160290165144,0.00384331099837655,0.00476030520423485,-297.762255969978
272,0.00774156804738048,0.0180973756542569,0.0048015120575431,0.0069125604021796,0.0141430443781729,0.000898720979321503,0.0411404487323491,0.0361650916815403,0.00303255440922511,0.0101906066905688,-297.359644350962
273,0.00399996250247399,0.0182844047999953,0.00556482131708018,0.0122963035681425,0.0195719398278071,0.00419314826844755,0.0497093857199456,0.0470096911716411,0.00270775878830798,0.00248020142843545,-296.786124538924
274,0.00694223193415907,0.0209499343411196,0.00627536371497192,0.0123170110300534,0.0173332799188237,0.00227953151286841,0.0371374888265003,0.0445983348530457,0.00595099791075715,0.00292446429204436,-294.909213087245
275,0.00614379725059574,0.0192982192491006,0.00363954564699402,0.0117706824801084,0.0165111307117821,0.00402000031240386,0.0380804831207458,0.0493397741447359,0.00590427570083415,0.00409067044877238,-295.141878226142
276,0.00220960164420816,0.0282335933733997,0.00694037178665738,0.0237197074315745,0.0213564993278863,0.000360511601815003,0.0309290431436531,0.0489883312370093,0.00720737074197896,0.00383013158015897,-296.52516563701
277,0.00886630567866227,0.0152683418040156,0.00619807715391745,0.0101340509198645,0.0187395838261374,0.00227179671595251,0.0230075964029295,0.0435604100291338,0.00578881713353419,0.00252717375782171,-295.271239660437
278,0.00551639223851155,0.0258841106889514,0.00730888173975962,0.0117816018461787,0.0158022542347751,0.00297719814246556,0.0327890801098407,0.0397224169254027,0.0032765012906652,0.00766862589843112,-295.788258636769
279,0.00562832900307832,0.017044650623141,0.00026718442986087,0.00149708863508466,0.0172414198368016,0.00671615901916498,0.0319356463110107,0.026794735303811,0.00248686395910128,0.00719870865930808,-296.594032022108
280,0.0047372830787842,0.0256730936394248,0.000808276784201089,0.00481454702960165,0.0128864222272333,0.00252235236920339,0.0350244381584443,0.0305382853482355,0.00503935844459383,0.00526365051470234,-294.000550732465
281,0.00557246512888938,0.0269314125563322,0.000435754182098777,0.0130634280988981,0.0176651525424527,0.00495155585471255,0.0293210700333227,0.013876865882561,0.00313739961071564,0.00311769766326197,-294.671963648814
282,0.0040387674513642,0.0161732145878819,0.00894998597454072,0.0336279599795432,0.0185031672074118,0.00471179781518877,0.0275761631597139,0.0222347733457573,0.00509377324370756,0.000599779971980452,-297.678140661558
283,0.00334901699584468,0.0169006578128167,0.00999440803595686,0.0191838096207851,0.018807230689022,0.00362131256693467,0.0253109183072223,0.024067120606405,0.00804145210941756,0.00317457567400034,-297.030210539893
284,0.000839331097106053,0.030076685634126,0.0152570812489006,0.0187451143967268,0.0182634468768082,0.00255755065617639,0.0234952260455576,0.0313957785987873,0.00557609174935478,0.00188241209735312,-298.235611701006
285,0.00440683932729783,0.0131211323509043,0.0198878830399268,0.0074550790191337,0.0212361635870595,0.00641434134335501,0.0300593562271574,0.0324651781731103,0.00633234441225504,0.000669447986068649,-299.574073526544
286,0.00536350415510932,0.0159766680299274,0.00736728016505118,0.0176568308795035,0.015807278953767,0.00107434363873346,0.0401748446260161,0.0384465244213033,0.00411248068893536,0.00513156921490562,-295.390158985974
287,0.00189634822432125,0.0283701985037579,0.00208990289213567,0.0288104080666893,0.013664786627753,0.00131129676853293,0.0387333252536749,0.0377885142584497,0.00613757714867637,0.0013337765949038,-296.732874303556
288,0.0105001806987481,0.0267821087897137,0.00317443818898513,0.0220624832377203,0.0166961538786717,0.00216658874901187,0.0476646327403664,0.0454662558202871,0.00785102129664548,0.000300888131492267,-299.187577453564
289,0.00467326086830036,0.00950029065316339,0.00808021687442175,0.0234485408751381,0.025044536813072,0.00605919751784577,0.016054289452946,0.0358422155639421,0.00798715743736781,0.00116409958202298,-300.30959399943
290,0.00382386530030353,0.0268996386526439,0.000692060960329795,0.0362998798800871,0.0212327554167395,0.00654455429770405,0.0439849181829643,0.0370104137209781,0.00836795980628567,0.00505642567260909,-299.296911871165
291,0.00729099996594891,0.0108667890833563,0.00140717717354237,0.0330215543843981,0.0184271151505235,0.00795417604898517,0.032676713470097,0.0304828389350602,0.0145618795774628,0.0029166769284618,-300.573299651648
292,0.0155678760858707,0.0134125978997521,0.00185813697326325,0.0288213217446364,0.0205439124012042,0.00127379483723866,0.0148918458848042,0.0642310830422516,0.0144997539532453,0.00181541995159367,-303.977832591574
293,0.0118853861894607,0.0230171783267801,0.000108864943585907,0.00433868277126547,0.0234336594153776,0.00383734768230512,0.0239141151215606,0.0642904853734857,0.00347458778590912,0.00854963728861123,-298.055973315943
294,0.016905994764442,0.0331729848131846,0.00110850546392749,0.0144616376309349,0.0181494430025589,0.00255486574974428,0.02568359525386,0.0326490624341553,0.00387825829617597,0.00435942426325307,-298.947117586852
295,0.021155104021573,0.0149433410798528,0.00202053251806459,0.0101911050483719,0.0139331556334666,0.00586341164156781,0.0426255303378104,0.0762254419936011,0.00611581354669494,0.00408058855726115,-301.545756667264
296,0.00652917069697578,0.0415100625396339,0.0076480721973638,0.0147202700105501,0.0222165802415221,0.00728487057608849,0.0370847849764836,0.0784172943379142,0.0119944863529004,0.000332980182568916,-304.578250385142
297,0.00270291583515754,0.0253132300751598,0.00455423798258007,0.00664063938032031,0.0331127923165617,0.00577912915078574,0.0441343657534786,0.0537112256239975,0.0117054079400601,0.000519899879633057,-301.263626867619
298,0.00467057745666426,0.0356344004535905,0.00150423234167257,0.0154730681034801,0.015122141285156,0.00399410124393994,0.0442653395354015,0.0644185221312338,0.0101630756868748,0.00765632261075164,-300.551195358975
299,0.0074927444102906,0.0221281915968275,0.000155588726474655,0.0186769285178981,0.0125729083419929,0.00636133670851642,0.0311282112822682,0.0438068304274081,0.00346406001232493,0.0105457860635961,-296.360398719126
300,0.00427638409274938,0.0210915429894275,8.91261942571649e-05,0.0183616613612631,0.0111989834141212,0.00512211096863562,0.0407697851027258,0.0397498006128665,0.00273871061712498,0.00510121691192554,-294.99068602724
301,0.00661426632495278,0.0188087444862667,0.000756589532670827,0.00773735667498599,0.00997123098572505,0.00396232095159517,0.0335240407603455,0.0191451801332499,0.00324917863340664,0.00602064690503907,-295.837437439276
302,0.00246920216401465,0.0202166602176404,0.000569916203635761,0.0139213642754794,0.0144025225572744,0.00549718948588882,0.0265294383520801,0.0149441947878422,0.00610871294909834,0.00463633279599019,-295.191353478538
303,0.00374685239550696,0.0237557534871514,0.00457969193727938,0.0226137947673697,0.0178299380501654,0.00405373939485338,0.0199898591095842,0.0166907067458737,0.00185506618388204,0.00497384760975276,-297.491106321304
304,0.00522130548156466,0.0182525042680182,0.000768668982432035,0.0132540862937475,0.0134573047675208,0.00211574845466916,0.0427317748124278,0.0483293759887836,0.00824307220948366,0.00651463548638535,-296.686903826818
305,0.00505263118785083,0.0188107835284141,0.000862521031731724,0.00789433434043761,0.023279294012548,0.000309334978653234,0.0378822549302334,0.0402286907878181,0.00820818138906028,0.00198689235510313,-297.120052404314
306,0.0053286775780755,0.0196083288893348,0.00828980512615694,0.0238824534837205,0.0254237500705904,0.0018041049804938,0.0279113776190164,0.0261820390161517,0.00754227314091153,0.00539519990241437,-297.049934517534
307,0.00262134222592351,0.0180313055981676,0.000490095268553672,0.0249618033151179,0.0097554638875447,0.00517761106023664,0.0399969422922374,0.0279295858994893,0.00376330554644644,0.0057780664929803,-296.335727874068
308,0.0104607125128193,0.016968176642835,0.000170352089134578,0.0125496002278495,0.0244199950286128,0.00926490154811498,0.0243431826883591,0.0407318850912304,0.00412641376203754,0.00115634474252246,-298.083278705495
309,0.0047574910192924,0.0205332491106608,0.000697110021714058,0.0261461260648661,0.0144125900304054,0.0082081446313455,0.0314784451247827,0.0463207591059725,0.0116208725709481,0.000874799593217515,-298.665038106584
310,0.00217870609172739,0.0250548632988116,0.00434116649454977,0.0121098791026339,0.0319951994804601,0.00626473458193358,0.0267693217338755,0.0470813750598371,0.00524956282238168,0.0036876166918495,-296.518052302072
311,0.00513824504220875,0.0209452040933565,0.00365679003722804,0.0177575772451468,0.0373108742001298,0.00415750723312683,0.0426848125789561,0.0311633840910343,0.00361250402724773,0.00109596797520528,-299.370393950654
312,0.00529400743757582,0.0277775750195206,0.000928036297664324,0.0458280001628501,0.0223139964742758,0.00161406804735524,0.0353709405856031,0.0466677587419402,0.00457394726846208,0.00373626905983296,-298.313806817286
313,0.0106721571516514,0.0111503651824613,0.000443989391659547,0.0542981651040758,0.0142155332991017,0.00307777094364597,0.0354302258065352,0.0422988616327337,0.00415915001994235,0.000142776840409513,-300.985036478874
314,0.000521935016241971,0.0213891020936143,0.00243851986148254,0.0532595459813856,0.0237624635747272,0.00197258558448583,0.0364386128216609,0.0198751046614437,0.00257892899762311,0.00943036129256232,-302.436891344747
315,0.00178839933746204,0.0200108217119326,0.00151117373639677,0.0644903352778218,0.0180080780864539,0.00834653942193716,0.0387379527460865,0.0185771636553432,0.00428645960073255,0.00676427856876643,-303.469479968516
316,0.0077668077047812,0.0144342454854475,0.00200788792625188,0.0250698270286791,0.015322648753819,0.000437665485852589,0.0358955596463005,0.0426243856971594,0.00368281015233441,0.0024007911734739,-294.765325643606
317,0.00366858435589573,0.0086198766682405,0.0200778999432759,0.0130001367671933,0.0186184710828231,0.00539631922067577,0.0341077448224819,0.0300377391022975,0.00354497593303732,0.00327738215814826,-299.174702590041
318,0.00611481745587876,0.0145266228774562,0.0076790332369956,0.0260075072994118,0.0186306986538796,0.00307435003874233,0.0296669026103532,0.025103129843439,0.00264584163980083,0.00223538885042981,-295.4161509222
319,0.00678532640473794,0.0146815599669318,0.00493652736509939,0.0228936686485215,0.0200404052759784,0.00103968677482636,0.0303811662668652,0.0253192971509959,0.0126197252459468,0.00265049979631829,-297.502320214093
320,0.00436412505779449,0.0275955000123263,0.00925623480246086,0.0194513623919877,0.0208769159150745,0.00121467136135758,0.0220713870198448,0.0270636955628842,0.00428133567705406,0.00434999082384128,-297.161364333725
321,0.00669113990030921,0.0207398453043465,0.00088268531593666,0.0224943289701227,0.0166081942009833,0.00414205944900327,0.0453239926349588,0.0485498638972014,0.00486688065721699,0.00464726765509577,-295.326795122168
322,0.00636930777220958,0.0251148014040793,0.00366752912975473,0.0162557584689151,0.026117721376474,0.00637547190689288,0.0318043709180601,0.0530019863710175,0.0034671949738364,0.00768880699077171,-297.321052857567
323,0.00770326378856386,0.0283019405724418,0.0179830860163858,0.015502345392989,0.0274670034091905,0.00250491648814307,0.0359782267294729,0.0448963055252045,0.00497177951214866,0.0147251552487644,-303.812008668871
324,0.00334905481904197,0.0319821174182462,0.0146226032099426,0.00150444196654243,0.023927989863692,0.000977840781783056,0.0241203055270965,0.0089473850505837,0.00458863185452993,0.00861600946121827,-302.123273920452
325,0.00349804809435869,0.0197482932339333,0.0104332911680484,0.0293532993721415,0.0167124041282083,0.00527614862332459,0.0272879633773998,0.0460906275167845,0.00489032298173082,0.00432998711672488,-297.204555175607
326,0.0151960154437471,0.0186419598801807,0.00503448142839095,0.0156650703819826,0.0343132415106287,0.00409489958615055,0.0215024849931641,0.0525194178662607,0.00511857893925743,0.00544683058143645,-300.443682125244
327,0.00762863345307957,0.0270694449324585,0.000764440317186022,0.0111949152651893,0.0284405196769502,0.00546079708281894,0.0315845868602525,0.0419804533249352,0.0041219552483612,0.00394395660203166,-296.312449758721
328,0.00665625006521484,0.0328381339838846,0.00247923454557903,0.0036884008969852,0.0206139906086445,0.00180567962994429,0.0536580793957629,0.0268515119276088,0.00236035208233873,0.00583439357742469,-299.542570721931
329,0.00881756754806457,0.0245309150824747,0.000863177270276201,0.0218095307283845,0.0174018692520722,0.0025084396732551,0.0473520243930541,0.031651289693639,0.00825033637713308,0.0011171404690882,-297.245193299096
330,0.00543020569281685,0.0246599881354626,0.00296616509880421,0.0379480582661649,0.0177902428140948,0.00769801621373843,0.0325217368753746,0.027023875719326,0.00548306320788935,0.00583134546123126,-298.161774095934
331,0.0050997427561242,0.0100604557996238,0.00447820586767187,0.000561900006271516,0.0222524372925214,0.00447397054964565,0.0393787569129117,0.0319718669605951,0.00903642588273859,0.00925936267650461,-299.380768400002
332,0.00516036534540125,0.0339479463413856,0.000405924605683399,0.00617654543839242,0.0135579520225402,0.00428649550004228,0.0273614858054271,0.0337709471009964,0.00680733720080412,0.00461758131116641,-295.626213743444
333,0.00549384033108968,0.0403360208793995,0.000536818865043135,0.000927245393891525,0.012571750365867,0.00155078235201583,0.0361988253453093,0.0451342450535484,0.00359580560827967,0.00316884025139156,-294.630823397955
334,0.00690341754254629,0.0298834529686821,0.00570941060401622,0.00604216135241523,0.0254433394515621,0.000875940418258579,0.0404751027905422,0.0542576952821911,0.00258737272691595,0.00102942651539295,-297.114627190698
335,0.00108551118811015,0.0293751310222653,0.0124086405145531,0.0222002690022264,0.0174397830325602,0.00589103162292809,0.0262975443669268,0.0239456817411197,0.00544947550408071,0.00192113288761786,-299.501720459354
336,0.00230735392554899,0.0331346520461475,0.00906956900599639,0.00101549872748875,0.00676839579700351,0.00730716006988553,0.02752131613481,0.0773640031810762,0.00285233765967608,0.0020994217203653,-301.775900394888
337,0.00115717961826461,0.0260115059822101,0.010064469944871,0.0173157656526489,0.00983440095171846,0.00322565194721922,0.0344643461576943,0.077214838076014,0.00373757270691277,0.000846924303752505,-301.169217183375
338,0.000199944455408029,0.024855926859556,0.0032456723544084,0.0204115003084811,0.0299065030095899,0.0031576800889226,0.0235113515721286,0.0535664685112248,0.00902335908973715,0.00228848208106457,-297.190140071729
339,0.00209412297260384,0.0181120039277026,0.00122548464939386,0.0143577076238931,0.0298897198451397,0.00397823045470965,0.0256593550146705,0.0510465455925377,0.00619128837720733,6.55677654190783e-05,-297.975842559968
340,0.00416894833525039,0.0176836334690551,0.000691878275620862,0.0174771848638489,0.0255452015182531,0.0059973916614585,0.046244359609469,0.0494354841969505,0.00604602302413739,0.000528259832538339,-297.388159097294
341,0.00868851496898784,0.0134376950133323,0.000207001765075352,0.0275943324930903,0.0200882357241953,0.00283394751626199,0.0232938693398023,0.0390855723732587,0.00937886377554111,0.00511405702718888,-297.119526888802
342,0.00389623682844391,0.0128903208269439,0.000315791768412594,0.0158566555666795,0.0226222199805735,0.00381613232065393,0.0337406833269826,0.0191702395295038,0.00649361658390978,0.00158610290531227,-295.895109696965
343,0.0098045356353142,0.0190723930709318,0.00297751535994322,0.0165444103427235,0.0172301163368171,0.0110262342302918,0.0278371598251983,0.0231542271759247,0.0103316830419373,0.00555834096999128,-299.980228772529
344,0.00960996558997549,0.030549595143349,0.00572148713599221,0.0100666493482677,0.0215607830801149,0.00430998995566823,0.0266897863009624,0.0338584416870666,0.00800477873267085,0.00725785284119166,-299.217841093594
345,0.00915364654893688,0.0299553082116031,0.00268210618739672,0.00422457075618489,0.0143223718146476,0.00655011794057323,0.0374518921384901,0.0563815403495773,0.00258701297830621,0.00826924919691251,-296.715054461849
346,0.00128617183365071,0.0455073802775312,0.00146429557151695,0.0050538797164905,0.0250328479383231,0.00984967001748427,0.0330085322253793,0.0594476477046169,0.00590024565971378,0.00806430048085252,-299.667799560275
347,0.00510854696142174,0.0366130825752383,0.00149034927641322,0.00669989134261031,0.0112440200656371,0.00340211471547733,0.0269727635775772,0.0252907242064211,0.00293312612926417,0.00649120297892652,-296.844991728578
348,0.00416487937723064,0.0329895813037871,0.00312220335373241,0.00171119120420928,0.0182870545561915,0.00198183382624927,0.0231446936464511,0.0244959122374888,0.00212905384689245,0.00632622736731225,-296.942595989224
349,0.00498688384800079,0.0323137235364235,0.00448774973454098,0.0103379441045643,0.0163433512376685,0.00384870872972153,0.0322999634346995,0.0184392062965165,0.00340310065160255,0.0095203860022955,-296.843393775565
350,0.00413798539554603,0.0148978772106041,0.00226372394782791,0.0231127018356851,0.0161774503765087,0.0023605217772757,0.0281165693213786,0.015749570519312,0.00453239450205417,0.0106286556201923,-295.738136384218
351,0.00539043016457222,0.0213029745868806,0.00398368332251633,0.0206113376503929,0.0193778353190317,0.00165114962903327,0.029419594126706,0.0205067734904974,0.00827407313795797,0.0011699252898266,-295.707917374708
352,0.00504940322995428,0.0296925616800257,0.00549998562833432,0.0109523166983062,0.0175513039320757,0.0044834380173351,0.0253516183395386,0.0636407294380067,0.00304190755271582,0.00113455880655862,-296.012320991642
353,0.0017649543126441,0.0258299188157017,0.00366622578880344,0.00221461463173181,0.0192830847471466,0.00430874065915147,0.0358802061522773,0.0622432139926531,0.00345248802007306,0.00507006960751437,-294.98493150339
354,0.00413214730639191,0.0265036767983527,0.00227064907572559,0.0014308134436123,0.0190487935483367,0.00330845417729444,0.0286500425986475,0.0631844614145256,0.00477298252286362,0.00357865815337754,-293.90345467597
355,0.00621772014577406,0.0249909427381918,0.00705844686345466,0.00450255613247361,0.0301364694420838,0.00511383824516094,0.0295254409040985,0.04199200049799,0.004983196288633,0.00341577757458312,-297.482138520382
356,0.00912812517413003,0.0247774039781385,0.00811594951548504,0.0160279787312313,0.0311856157308691,0.00816090279027195,0.03020503639526,0.0337695759044634,0.00538741311647963,0.00626366087345801,-300.827461711008
357,0.0108480334565145,0.00848500506845289,0.00786457468168697,0.0380220203490489,0.0269331020514055,0.00715934563208392,0.0421780577723492,0.0278412938465707,0.00389518252601627,0.00458217650517875,-301.590633953995
358,0.0110946656467,0.0134061711628817,0.00102416250007966,0.0117786540890522,0.0270708356992682,0.00650075094406729,0.0429961629149372,0.0364903675346741,0.00287934328465725,0.0025579461538327,-298.350365897084
359,0.0115559294748442,0.0196017492231903,0.00200902929095006,0.0136912315826504,0.0257788399783416,0.00911764964834019,0.0359100714728855,0.0503510858590455,0.00726527446255266,0.00304113031204402,-298.726937661592
360,0.00154401572046332,0.014037445513046,0.00563128705436441,0.00620843470807568,0.0286501137777601,0.00495056380587857,0.0224329652176981,0.0471638530631226,0.00544920985474771,0.00762556770502621,-300.065557678519
361,0.0302262719022328,0.0175488749973309,0.00527262494390399,0.00179274837727154,0.0142813076840856,0.00101529835505089,0.0376060577958368,0.0554866039415522,0.00153230974439459,0.00101110790582819,-304.784952357003
362,0.0274466347084816,0.0300229307676192,0.00871627473889184,0.0101644594422136,0.0218384172799522,0.00239275168146891,0.0141246063674522,0.0393466918833382,0.00876590296716237,0.00325622020883962,-305.450547703593
363,0.0233654226270354,0.0272042854819627,0.00341811861391961,0.00374256849207841,0.0279094209337831,0.00401084670349347,0.049067216949455,0.0486427592987014,0.00482382935438673,0.00182858161866808,-303.168177705191
364,0.0188330940859392,0.0233038055687675,0.00420559631473797,0.00457425551548514,0.0111115727671349,0.00425382690176262,0.0242152079351018,0.0324005002221955,0.00510363342558464,0.00731405558249205,-300.827182211146
365,0.00578784196123889,0.0276580653420881,0.00217307461423769,0.021260025073929,0.0116054558917611,0.00730659136056226,0.0301583331285363,0.0179951663269485,0.00219003651843186,0.00580141879814233,-296.686754881051
366,0.00401902536481627,0.0254325504261658,0.00285623576544224,0.037161387639276,0.0259072679578384,0.00362072143675338,0.03131991632429,0.0239419184985038,0.0044741947103262,0.00755072929979752,-298.618148898306
367,0.00391262526469841,0.0126266009674564,0.00413810222168433,0.0174028350752912,0.0229020724816201,0.00468783008494256,0.0257734008658856,0.040034418700154,0.00476313776888137,0.00235721804730057,-295.035138750781
368,0.0018702206604509,0.0340887601240447,0.00394974240811037,0.0139082663692824,0.0216362710040067,0.00124576150007336,0.0223886180728136,0.0614686099881547,0.00203982959710502,0.00130577950664109,-296.249246683606
369,0.00162607836350643,0.0207027641343312,0.0225760600890075,0.0123805313409721,0.0260510119693039,0.0020280782635619,0.0448352957893848,0.0660030102441291,0.00613379284476918,0.000632229857289647,-300.648459273064
370,0.00282203259257529,0.0205004460875056,0.00244749647558552,0.00513565993448095,0.029678533014422,0.00534129609111362,0.036760162770118,0.0625316210643032,0.00501437663998561,0.00319342081552166,-297.885056701565
371,0.0250645669396764,0.0310362763820532,0.00701933174358996,0.00424010761553831,0.0302135433951627,0.00219056640873189,0.0434611838833293,0.0406446398017272,0.00602738806646845,0.00247955173198347,-305.211419772943
372,0.00228533820127911,0.0392383513264901,0.00392433491276068,0.000654975385047154,0.0223832779108976,0.000709056156896692,0.0192586119878201,0.0923518674480741,0.00218522330515542,0.0035071282373756,-298.359762274969
373,0.00116693481295625,0.0513122842736079,0.00161724639481543,0.00161374280447902,0.0277321713542367,0.00157724829108463,0.023488871305821,0.0680568036593699,0.00216025091769225,0.000928740099979125,-297.948010675013
374,0.00179476751857094,0.0307592702143577,0.00389583454364607,0.00182540798504643,0.0113868948359938,0.00271776607137488,0.0375040923223618,0.0677244323589319,0.00799146425587328,0.00744946846370081,-297.65186637196
375,0.0025126434698765,0.0370764598740619,0.00221908023520849,0.00581541083659617,0.017561833730961,0.00236247982629449,0.0545672802254588,0.0492811611275315,0.00463928713581997,0.00739606746257055,-298.526726502319
376,0.00532891727012019,0.0323457948234187,0.00120404768005603,0.00545302202133206,0.0219778065007743,0.00307087748681027,0.0446426477735039,0.0357844698402405,0.00304126801315598,0.00130862375880133,-296.241245615957
377,0.00818959668041289,0.0211221587239724,0.00111353525255798,0.0301329056483305,0.0265260918734124,0.00097896597339811,0.0417445916105106,0.026277822604255,0.00551803911612476,0.0061705293526678,-297.587054080306
378,0.00907723121461093,0.0197670075262008,0.00833238145603401,0.0144003895042205,0.0212069323708999,0.000702631223030847,0.0479824363134475,0.066025767480441,0.00592989363961175,0.0024142944140093,-298.709511658444
379,0.00289783495877247,0.0264363987057469,0.019650905856993,0.0171360897526788,0.0243912413763864,0.00110590681844499,0.0268795810371689,0.0163513162421136,0.00535248835806191,0.00821003957127483,-302.581151657421
380,0.00275075066758559,0.0150727160579238,0.0112696853904231,0.0262270449043925,0.0101136599041561,0.00950889428521579,0.034891212964403,0.0220771159721155,0.00940925381028389,0.00742403610662209,-303.223517723073
381,0.00232602102260491,0.0152062456986252,0.00788324131067474,0.0422470163805567,0.0275986656996857,0.0060926254435931,0.0257159404161676,0.0272799329973477,0.00494162892578081,0.0092309290664956,-301.796322430692
382,0.00727653889324365,0.0102476465259198,0.0089368288435819,0.0308442024990895,0.0272560815248215,0.000611600557905508,0.0341290457599272,0.0490183972388141,0.00448298617204117,0.00767995553408907,-299.371372247983
383,0.00881299718232478,0.00933656871782969,0.00702211710405246,0.0198395038952879,0.0209121943766104,0.000678834815469124,0.0372950391403793,0.0221708032128052,0.00806427171436954,0.0102246479930163,-300.473796669739
384,0.00765864929932113,0.0166547960969152,0.00965066926726886,0.0145136152989851,0.023013905093314,0.00152259860403187,0.0245262310097687,0.0320678096838818,0.0033876903664258,0.00296630669646177,-295.68187558397
385,0.011706285857182,0.0185688399050938,0.00156921397504806,0.014674848265971,0.0136405887742963,0.00047622587272769,0.0258044951270671,0.0308767509875221,0.0024815874745814,0.0129436305496117,-298.298779613949
386,0.0102753977421132,0.0160767902703749,0.000352422857072981,0.00977040414508607,0.0175255085064823,0.00104261375014036,0.0320066560465601,0.024591565287387,0.00526882862967391,0.0167893827557021,-298.175013776242
387,0.00339180120533483,0.030116620343,0.00167778024514502,0.00745515950715649,0.00992626620383048,0.00168970507617781,0.029952034102897,0.0280091807707078,0.00152576518141373,0.0124800317699613,-297.78995419685
388,0.0056719249587874,0.0180383643665554,0.00445896634025633,0.0171160625984742,0.0171743838080655,0.00545502082710765,0.0333428178105305,0.042234566148033,0.00851465253306891,7.46340700885686e-06,-298.85115167534
389,0.0049456140461993,0.028425803980852,0.00310443713625394,0.0201277822386975,0.0224359435739856,0.00226042452740093,0.0392755841219911,0.0463578576395528,0.00592312053311905,0.00465296626322868,-295.367151053238
390,0.00556842570497747,0.0147327758468423,0.00994805016489785,0.0122252481181463,0.0187804712021083,0.00146537854478171,0.0209553308502485,0.0435196530183648,0.00881629803992928,0.0020403405394659,-296.180109150972
391,0.00237266437333691,0.0153270777343138,0.00738594082974318,0.0290670038004397,0.0222525406945354,0.00185673457965603,0.0398831989017945,0.0328747222278566,0.00846503781044399,0.0035413028124307,-296.339213958653
392,0.00327586980557812,0.023304747930937,0.00474677736686239,0.0126410132890625,0.0176999065814194,0.00060105882540774,0.0363183183539494,0.052285023421076,0.0128217419445854,0.000753487086872704,-297.316233473399
393,0.00558397499917128,0.0256338834525577,0.00228638262106004,0.0130810061567375,0.0144080427058116,0.00572647438405876,0.018017377790487,0.0417513265747175,0.00742747371699729,0.0023303779522648,-296.330449765241
394,0.00317957102160899,0.0289562610614496,0.00352630392822786,0.0193554604534992,0.0257743167519288,0.00238846071137982,0.0481759962793242,0.0376948678098541,0.00603543143883959,0.0015955161806535,-297.045771746887
395,0.0059968709798219,0.0121802484633449,0.0039126737092235,0.0189184287738321,0.0253526898161625,0.00446524795876436,0.0138017027988924,0.0488277070748623,0.00817001420247112,0.00229438573654216,-298.301242114693
396,0.00447499490159606,0.0289027191041808,0.00431804134270268,0.0129513136532294,0.0228336157556224,0.00817631711805242,0.0478598754077917,0.0594894570883694,0.00360978014093949,0.00138557569380502,-298.163859366852
397,0.00507133924754375,0.0276662597348668,0.00335357554088962,0.0149747806299392,0.0186920138600262,0.0100863363408101,0.0222282357856193,0.0255840736436435,0.0060329030728529,0.00491812296529297,-298.237782913485
398,0.00598951041628037,0.0141499722406757,0.000410681975915918,0.0226257853718584,0.0106080763645107,0.00497614391172637,0.0227236302098709,0.0208816376878745,0.00677365049597733,0.0017135797411912,-297.120766382387
399,0.00560131242613753,0.0135956648700953,0.00630866499851363,0.0280972156906354,0.0134697499296104,0.00242433531955681,0.0297489151213191,0.0326444955109204,0.0060837294579381,0.00117020830099878,-295.593050910119
400,0.0146936086547466,0.0154696878066713,0.00129491303466369,0.0142293900984934,0.0156026145468947,0.00142086983193256,0.044122508257563,0.0509383146805263,0.00650605819952957,0.00493122412445204,-297.597599692701
401,0.00282612646316227,0.0304575631771106,0.0026524812224765,0.0154812874536835,0.0162980441493395,0.0010415542745038,0.0263555387464838,0.0312042383820985,0.0107345915255048,0.00452559069513641,-297.225277613092
402,0.00192864966567091,0.016739002645542,0.00647481720803357,0.0322909761593259,0.0123470906501122,0.000835660124010181,0.0297539754197217,0.028863244371994,0.00202729298373148,0.00101452892402367,-297.69540757121
403,0.00631592311311654,0.0189221121307325,0.00895755172646988,0.0100309080722724,0.0207691152010129,0.00191746399541847,0.0393206749183392,0.0119592504908047,0.00948530976686538,0.00305542255037786,-300.397342623671
404,0.000704852177588051,0.0202778306513276,0.0129296450279412,0.00839383039741637,0.0191940513859021,0.00232414092342986,0.0317456088104503,0.0679537858749468,0.010647057995088,0.001209893856322,-298.551776425167
405,0.00965727548723002,0.0196279076209102,0.00552077634727324,0.0121833393171691,0.0256462735072441,0.00934065081915053,0.0254451371921273,0.066812319970164,0.00387877083054033,0.000560374975406262,-300.217021017658
406,0.0101514789277936,0.0252349780124665,0.00621235409890058,0.0119935691861384,0.0258393341131449,0.00598579546768504,0.0246702404085743,0.0479436155113399,0.00445403363602488,0.00660465930012613,-298.231148680719
407,0.00165241964563313,0.0302936478176427,0.015374145791042,0.000223593412124122,0.0210134742695822,0.00353835614704785,0.054678909222763,0.0775388734362264,0.00348173621099782,0.0109122784686754,-302.12690189672
408,0.00651512106109675,0.0340516854095978,0.00724949968609921,0.00203759693961737,0.0122705927819763,0.0042083310238397,0.0372996132356472,0.022330240284619,0.00218806040535194,0.00233333139914003,-298.011743985476
409,0.00358815135399933,0.0260760471964412,0.000602478011438781,0.00704014506960529,0.0210765716843068,0.00736181765451855,0.0299403587909134,0.0635545792358407,0.00351902318297761,0.00516813129989594,-295.743472097779
410,0.0147745717487846,0.0293848685831856,0.000816162811746333,0.00222815006406559,0.0276246464221015,0.00748434666562073,0.0321163907569173,0.0461108619985418,0.00292566099272224,0.0104758852025462,-300.613347433054
411,0.0123042348720232,0.0235790695249133,0.000489335262778783,0.00479881324627954,0.018583608712942,0.00716219059683171,0.0393220079271597,0.036146118508939,0.004766829205089,0.00811111089184459,-297.247716612867
412,0.0159024792642056,0.0255668526982395,0.00207575603458915,0.00939233344661225,0.017679505388741,0.00642276455869959,0.0299566816060773,0.0531507123725685,0.00778472863695621,0.00519809147365103,-298.857511997291
413,0.0173544923106146,0.0236838515347646,0.00303258991052203,0.0114170891226607,0.0175640079379125,0.00576082891704348,0.0247012362033989,0.0472461479497208,0.0102991297947081,0.00502057163074071,-300.422573712062
414,0.0107491781958128,0.018231534141062,0.0053687130427012,0.00780254128693386,0.0203907243106455,0.00375613639012811,0.021179343023624,0.0411715206763079,0.000751144297769451,0.00328291400847156,-299.042883482381
415,0.00514660696936212,0.0267864905636728,0.00213861261570991,0.00622351939416664,0.0196985958171433,0.00507382169699518,0.0344018491784155,0.0371453383396957,0.00929368911297261,0.00187585052535049,-296.185485379573
416,0.0138552689510616,0.0149876320249703,0.00451827588069069,0.0177758425303359,0.0227002827114986,0.0022644496612027,0.0222157941267127,0.0748702207613679,0.00777141698108433,0.00759019677966689,-302.009889001975
417,0.0104283004885359,0.0251154949470763,0.00353722172132305,0.0168108288417206,0.0200134387641239,0.00146011575239778,0.0384344655428427,0.0780355847671017,0.00548383832290877,0.0021986064312064,-298.143681700505
418,0.00400205339018171,0.0200831580846782,0.000883626280112269,0.0126188166027784,0.0180882435285069,0.00238089798300236,0.0206595062266829,0.0209664528808088,0.00551961977144946,0.00314967726049954,-295.325801912336
419,0.00776149949317802,0.0127904530963463,0.000986519076003446,0.0238867938272429,0.024569975872168,0.00382689914958543,0.0378483934358247,0.0405608423588316,0.00442762567432633,0.0064722783706582,-295.521587655876
420,0.00436427811470768,0.0176118450892681,0.000261576299160945,0.00944482075262556,0.014679371061174,0.00315470824096914,0.0374554321164148,0.0386459473810048,0.00557727579736534,0.00129169488522183,-294.568092828331
421,0.0105113040079869,0.0248678403098027,3.54994062823649e-05,0.00347311760045528,0.0156142112449453,0.00588149109697418,0.0378113404617004,0.043451931019571,0.00430220977445247,0.00341719517068946,-294.933332857237
422,0.00842712028081543,0.012279550528001,0.00161979542234183,0.0212171204047492,0.019457821564454,0.000188227881995052,0.0368845418894337,0.0271589845469395,0.00507679848330063,0.00686976781648306,-296.554167766552
423,0.00509627849854978,0.0190184981930339,0.00159104297297364,0.0255221827551734,0.0144284907186185,0.00109439560176473,0.0290655314794269,0.00928041066955505,0.00368818905858427,0.00537394380566037,-295.374259394152
424,0.00835262894723433,0.0201058306927521,0.00170886557320358,0.0315697732253746,0.0199252605692364,0.00230825478273639,0.0293073469070661,0.059443680336698,0.00407118638519405,0.00383123889079439,-296.70066633814
425,0.00569024447257363,0.0157544390042894,0.00739553383596588,0.0241042227467,0.0204605656019477,0.00450188996737102,0.0424055116250874,0.0179535413988556,0.00356547653948515,0.0039009263934658,-297.352368647139
426,0.0100267702938952,0.0148732185987209,0.0027859277666251,0.0108117030314626,0.00866760808037192,0.00909751270655125,0.0351119256337176,0.040524007378805,0.00416296879327979,0.00525999355085411,-298.795890855272
427,0.0112995945724776,0.0233158440528999,0.00224986813003178,0.016860865308879,0.0224563656231246,0.00669617562618747,0.0387876783774563,0.0310622198092878,0.00379527834407224,0.00280790619165754,-296.763205095175
428,0.0128014998119015,0.0103018582114507,0.00466127131652566,0.0140611034305222,0.0167192176915296,0.00463470126846791,0.0411403767112195,0.0328389882624539,0.00353827048476711,0.00409170314513174,-296.755994128732
429,0.00478557122468605,0.0295330668438257,0.00145746843371791,0.00612796333669483,0.00993017361495094,0.0123828141798867,0.029712636893441,0.0323494480321726,0.00722421434935125,0.00969063194481321,-299.495870387185
430,0.00558400779664458,0.031413540956606,0.00060324612300529,0.00154832751669402,0.0108082456211348,0.0120737411732906,0.0322172505494426,0.0307568907123376,0.00135382489605273,0.0103193655453162,-298.222390376209
431,0.00418876532677526,0.0253815147524328,0.00539262424274862,0.0118216462797645,0.0223584286733223,0.0156359699414878,0.0353484028386663,0.0402753932235121,0.00292581641453043,0.00985354219784045,-300.424683871394
432,0.00720958615629269,0.022814787942105,0.00497393511202324,0.0193547636690894,0.0171895515647858,0.0158450824517476,0.0348008132402845,0.0304580480552658,0.0029487604414371,0.00779973866522883,-299.11153710805
433,0.00410120839580009,0.0157179687484566,0.00474772029508689,0.0153534199317831,0.0168335306390369,0.0150816717441148,0.0375518212070475,0.0226479373204445,0.00566701386541663,0.0033893428625255,-298.914368765306
434,0.00940359371950949,0.0211256793261926,0.00298706074408785,0.0158485024219819,0.0159391221091455,0.00910708478568129,0.0436758526506712,0.0436260783231838,0.00547559704274566,0.00849966350652413,-298.447163629974
435,0.0100954844909604,0.019140588746718,0.00182982467499349,0.0236502836205976,0.0191970588737753,0.00682050079960142,0.0510909102775835,0.0601863764989997,0.00430173807301585,0.00755229370006032,-299.575153935734
436,0.00289171482413972,0.0228404731195587,0.00344670485477392,0.019908861235053,0.0147607750702737,0.00800445974602493,0.0416889917120919,0.0517774883719997,0.00635263875313996,0.00537351765902764,-297.167241932798
437,0.00179074590220945,0.0249775885606415,0.0109292316407201,0.00488340947953515,0.0138823365595507,0.00224765036564994,0.0352936541411971,0.049111265880629,0.0060455837197039,0.00205190206140821,-296.118705398567
438,0.00690959263665933,0.0194534877038797,0.00584417274623686,0.0017994810148813,0.023342857027674,0.00233987523999347,0.035481803731633,0.0300378543105048,0.00374535245411735,0.000235002661101393,-299.013673285696
439,0.0095547255551714,0.0245820830171737,0.00278611588420998,0.0587495552237554,0.0192163231308585,0.00132318012267766,0.0337575391096237,0.0337013896552419,0.0046532066576236,0.00205273896535728,-301.176078375508
440,0.00192296076838799,0.0169945194212551,0.00126069107998757,0.013826753211224,0.0228229605178691,0.000287453173087699,0.0384299351565012,0.0353045982468213,0.00620648640354243,0.0041600243662819,-296.077989296885
441,0.0112485385549116,0.0233540792508546,0.00566917568719352,0.0178165685717442,0.0184550653239,0.00949295940281823,0.0422261793672064,0.0325125358658784,0.0028655455202423,0.00633659435733594,-298.992616202159
442,0.00317277172139566,0.0220283600216345,0.00600637445013369,0.000391030380486689,0.0186267013063752,0.00755879738552528,0.0436799442977527,0.0563432115054244,0.00443111885397984,0.00475732200864216,-297.386538484804
443,0.00894156955690185,0.036673783957441,0.00221894549975669,0.00020521842690424,0.0159708950094935,0.00347926356054974,0.0278895842797331,0.0544971202243768,0.00292929032754955,0.00619548199474047,-294.704801770312
444,0.00524957006005542,0.0306889264665567,0.00341234873971283,0.000372631904275775,0.0173546859757032,0.00344415917482212,0.0377844732262109,0.0408941108677786,0.00383515644433635,0.00751032513772494,-294.639901546151
445,0.00423501806742672,0.0264916247706547,0.00751095699320053,0.010105956457162,0.0180395205857653,0.000985486140327339,0.0431167923635384,0.0546469922262156,0.00492791458207119,0.00100465709933391,-296.039383799431
446,0.00396444294452319,0.0306623423982451,0.00736693304988117,0.00363370492116382,0.0247387279537396,0.00592372342991631,0.0235474346368215,0.0613322388697066,0.00513451040227737,0.00372825286143111,-296.700884463054
447,0.0111985733420857,0.0126755411549363,0.00446972122867755,0.00437263740329408,0.0258329936281116,0.00440515165015759,0.0391607781040306,0.0621711929593268,0.0120680944643892,0.00820212458035092,-301.777638803217
448,0.00353748213162252,0.0348944571058318,0.00531152184750149,0.00256081969004835,0.0164314630386634,0.00628943735211117,0.0184168009958236,0.046133185134972,0.00600217418565975,0.00118917973204836,-296.851151611534
449,0.00658033907847344,0.0244683532643629,0.00525998095338614,0.0113000298840065,0.0120605504566209,0.00759850248072529,0.0328545992035617,0.0252389369981619,0.00345393987629908,0.00182966398615816,-296.220556079797
450,0.00393799659143688,0.0202945699477357,0.0126011582756935,0.0249546351252024,0.0143077674012914,0.0139513547805196,0.0363928217179709,0.0493882341611359,0.00306283149461777,0.00359995597122358,-301.001918708883
451,0.00208022306747677,0.0259643521040986,0.00117034877863134,0.0039657772214071,0.0112650261717192,0.0040158165575178,0.0350443836978074,0.0269026079751489,0.00758196826891558,0.00633662015616009,-296.826207728121
452,0.00735814933126941,0.0279080546246668,0.00270713390595672,0.0258072771218722,0.0200470499245518,0.00358514517120705,0.029379435573164,0.0495813314668979,0.00882544414181428,0.00426904639878076,-297.064947720392
453,0.00815855833104795,0.0303843854246987,0.00290249694465976,0.0120814259973357,0.0203695272951583,0.0083815293844087,0.0275149671294962,0.0494833064343769,0.0115668832525985,0.000704711046037271,-298.656828762434
454,0.00872817897868451,0.0277495913236365,0.00164867558105517,0.0116457491224499,0.0204696885867794,0.00913413075842323,0.0199013577772278,0.0496932372010139,0.00727987375069921,0.000481222096954455,-298.107150431956
455,0.00533574726190639,0.0306269628728793,0.00148424666901573,0.00448917554857057,0.0180605215015707,0.00835552605980404,0.0243717961872094,0.0390352523819069,0.0103156113868038,0.0034749486530962,-297.840854570067
456,0.0095203670007107,0.0207842261071396,0.00338046714970454,0.034030885544303,0.0184178708154207,0.00420503998412315,0.0252493474351474,0.031476154529749,0.00653451824516184,0.00460868139492721,-297.456404770499
457,0.00245972737481056,0.0231124316222097,0.00354303756699906,0.0189522760375664,0.0187597304942428,0.00202490300762002,0.0338622195572827,0.030969165227869,0.00628116821435353,0.00529964094244697,-294.312692330753
458,0.00271251708614686,0.0206489903046758,0.00373984836708828,0.0188523237134256,0.0180783669569082,0.00330661711502755,0.0253683607954727,0.0331986381493806,0.0029321517701184,0.00383121218110644,-294.045217492338
459,0.0088615819287709,0.0120981090026483,0.00271011190877023,0.0217176485170194,0.0186379000453072,0.00182358052450714,0.0301884503878342,0.0363795957614499,0.00385373321397849,0.00225259450606903,-294.141458262191
460,0.00957710062167786,0.0197063639709027,0.000854195038758858,0.0167681837466205,0.0153313351358513,0.00442732654687905,0.0299511368080978,0.025025398334304,0.00535502436281309,0.00944575939414167,-295.469396569808
461,0.00909649725923019,0.0246511843343252,0.000723659103250144,0.0226226217193032,0.017894562752747,0.00523151342969663,0.0411207731797622,0.0327497128168511,0.00590659927016127,0.00113506710469052,-295.999888944186
462,0.00370997043824544,0.0250904235308617,0.00119874120769846,0.000526653770475827,0.0192631085604812,0.00594943960033761,0.0455343470765721,0.0673480387102957,0.00620411524674304,0.00798198597407837,-297.001184691535
463,0.00506483953942395,0.0433818654920174,0.00174598251804321,0.00124378028499853,0.0278177040096613,0.00056207666424757,0.0448319440454431,0.0799867848036564,0.00526767135515766,0.00752779376829967,-299.171284978638
464,0.00600746699620252,0.0243127033661346,0.00789902485546783,0.00170022469211503,0.0189119063623047,0.00388749086486107,0.0465364455656476,0.0821767260961012,0.00506858559465613,0.00209054252624755,-298.243395677253
465,0.00727666049090354,0.0304131401252865,0.00631332270994456,0.00267405154234294,0.019895572513304,0.00446237871642148,0.0440259537899569,0.0206636876245986,0.00361619524722079,0.00876913448887466,-299.335936242917
466,0.0076879050124918,0.025130419978818,0.00144407701605037,0.00149168676600647,0.00886812732143559,0.00571554802585871,0.0284422808312898,0.0282936118893902,0.00276392943654594,0.00703502688692562,-297.018992882137
467,0.00141179262313921,0.0310307194291206,0.00146921913598672,0.00079850396945915,0.0106380807202319,0.00635174183012835,0.0272173855622793,0.0102713191586982,0.00145619785238623,0.00582460205195144,-299.587951724528
468,0.00773770038016196,0.0246243034887608,0.0012436486464617,0.0217648063769494,0.0163947470827564,0.00887982645617709,0.028503966891134,0.0373000193187913,0.00552032548738463,0.00724468779046707,-296.88687150738
469,0.00450160162503281,0.019371537454121,0.00628650378988679,0.0287005791239915,0.0196215814550271,0.00487734968509603,0.038523739509691,0.0478975751380013,0.00388012421556315,0.00224545069568549,-295.612693062103
470,0.0114029989588068,0.00865774340295491,0.0143415986396413,0.0190381384882602,0.0214390898546553,0.0016022870491169,0.027407621337033,0.028453963079973,0.00380334183945591,0.00205921182772441,-298.349555849953
471,0.00364498764845479,0.0240947966597792,0.0087541764156123,0.020354708333259,0.0140683898864756,0.00209164945015077,0.0304878745041207,0.0351495755692426,0.00368288785638043,0.00383439974719579,-295.221091936769
472,0.00415579605774954,0.022441355348905,0.00758896054646798,0.0122460621068342,0.0211168844528956,0.00267084888302338,0.0342150877304477,0.0268339428648087,0.00390208829281552,0.00497022612373648,-295.32822591629
473,0.00379181449758524,0.0101428068412342,0.00308259788522163,0.0303100905321995,0.0199139452183955,0.00177174510164984,0.032316631626513,0.0307940889757859,0.0055625051074038,0.00373209235298447,-294.739702806716
474,0.0116155703034042,0.0197007029640834,0.00354268110088933,0.0121553795390917,0.0188509382605015,0.00527532707159333,0.0346837551359487,0.0457180044416583,0.00837577574071551,0.00741589471724538,-298.19657601108
475,0.00481541576869023,0.0180326208465113,0.0174861640111682,0.0129488692356594,0.0194515383143157,0.00902047679711186,0.0486092939895438,0.0508441730503767,0.00322704699887671,0.00780942205636153,-301.321281350311
476,0.00650463882345232,0.0200549727253969,0.00468614247077452,0.00743649956202331,0.0171990441384403,0.00480398516401157,0.0217017823389997,0.0208837610674178,0.00224977579057568,0.0078379876966217,-297.402929782136
477,0.00448971971223245,0.0247664164300874,0.00045069665226602,0.00815918803462352,0.0117665077162106,0.0020951594325678,0.022707026887113,0.0581393584420769,0.0030357823434649,0.00373565393049442,-295.908228908796
478,0.00334078048993294,0.0162690343827892,0.0146554980203018,0.0260025190650063,0.01824810245362,0.00260696194440748,0.0306897453728858,0.0195046653091664,0.00177406634187496,0.00461646003858745,-298.353554772595
479,0.00305958754719763,0.0230297705704609,0.0107422265170932,0.0284896215843279,0.0261724146293154,0.00596010547397363,0.0389986651497231,0.0256973070145506,0.00188520645889537,0.00068977140251515,-300.338274070603
480,0.00485609244631172,0.0174494608071709,0.00146822732762631,0.00689231178041108,0.0132659137156487,0.012389615581895,0.0452429004455567,0.0316815685462745,0.00348155106505777,0.0110054272906876,-299.648040032854
481,0.00836714192656013,0.0241818144308369,0.00137207108304817,0.00599746934197863,0.0140131002447067,0.0122413643258695,0.0189425288559893,0.0291268957061217,0.00357699033025235,0.0115252019132323,-300.743665862797
482,0.00203449342117485,0.0248122671515422,0.00233245554534507,0.00274813945520332,0.0185161866593607,0.000523012985394737,0.0312884995196786,0.0539280672844316,0.0125038212150125,0.00260505849401155,-297.796911410592
483,0.00925439634379346,0.0353906108274742,0.000417755752155123,0.00151563070927738,0.0316496359002733,0.00226270019259002,0.0368345419517285,0.0930490832353132,0.011995980996809,0.000793270299530916,-302.255371207418
484,0.00506073330061516,0.0385473645182059,0.00961638318055696,0.000378425927869131,0.0233178164153444,0.00024760134032492,0.0337084569684004,0.078410944284799,0.0113204656301576,0.00455905016991507,-300.645382701757
485,0.00316231762423406,0.0403028126242765,0.0083651370905415,0.000316783695320047,0.0209191335758899,0.00440084431935918,0.0371219536021497,0.066633326624332,0.00714027964150604,0.00334446133505774,-296.036747217485
486,0.00570191069187269,0.0266584775777345,0.00730178597883247,0.00244332025887236,0.0216742971525497,0.00422312709392396,0.0377895499627768,0.0656354224316465,0.00346107631124875,0.000567884655340456,-296.891402797206
487,0.00312007713035619,0.0392315206980409,0.00646207472271969,0.000550511277415705,0.0223355472285665,0.00243062233375793,0.028644966610524,0.064446745944152,0.00284661194006686,0.00502910043696804,-294.790629447545
488,0.00352044794949276,0.0340183354610166,0.00106084144174381,0.00324911968955022,0.0134635566702054,0.00139898122095057,0.0378041653474568,0.0379706790900834,0.00381947138612113,0.00171827772686255,-294.686864911802
489,0.00388814980555149,0.0285809198111904,0.00114818231492334,0.000889795336030229,0.0129856889323977,0.00215660071482234,0.0254238596328026,0.0646397067256397,0.00548146675728652,0.0031749954559111,-294.456957703103
490,0.00582653498201342,0.0307114234560406,0.0017608302353347,0.00876008825523941,0.0150852903591242,0.00405991785443061,0.0422863732494458,0.0480870535846465,0.00615533242045289,0.00322232260472342,-295.307562951562
491,0.00711827934705093,0.0323419034195752,0.000274011087268441,0.0284807460615811,0.0372814782745221,0.00206226386433535,0.0184413621034121,0.0483957170652557,0.00808381497200522,0.00423367985536377,-300.769852967366
492,0.00689307430585695,0.0195608994420754,0.00690407234341658,0.0114443129681057,0.0311620997393815,0.00118401878857334,0.0424989719014616,0.0371766234390008,0.00808612704935126,0.000611976224183209,-298.531705258929
493,0.00503443149055638,0.016681718532546,0.0041484877617325,0.0465257026732471,0.0136251370162516,0.0028182827777374,0.0378600436490548,0.0398243273946062,0.00636277662895721,0.00138812610979898,-297.9698824175
494,0.00424166597162233,0.00704921049598758,0.009873612521502,0.0242192727065744,0.0191156640971455,0.0070845220810579,0.0350882755492301,0.03992970491286,0.00961529543288368,0.00238235333355463,-300.18730058171
495,0.00358332458409867,0.0163226830948645,0.00111033398658699,0.0153079481657529,0.0186238793121936,0.00425057816228447,0.019733175970864,0.0527139375599518,0.00282865905726214,0.00392530039419075,-295.937513891765
496,0.00376540021500991,0.0167807526201366,0.000884330347017898,0.0115931532775604,0.0180022626170498,0.00106631846671255,0.0512147565998218,0.0397199250985781,0.00352049482383884,0.00528485159881717,-296.520659778781
497,0.00970106378637301,0.0144789173574297,0.00228686239573964,0.0185012237051194,0.0247655933522846,0.00758503490295493,0.0353451249600446,0.0273518865436889,0.00459084181541282,0.00613714931996934,-297.317312830001
498,0.00339450437730656,0.0236831085538688,0.00722395347501771,0.00979390190722493,0.0160596184415213,0.00687709648069188,0.0295628381681504,0.0325961048029837,0.00169555750527554,0.00977394237458414,-297.391127325975
499,0.00531143538518681,0.0239580074912808,0.00190607018476891,0.00775357545220108,0.0155068724919557,0.00103010722222062,0.0404083301156266,0.0568776473018066,0.00633912347201775,0.00534032791766243,-295.583369336464
500,0.00317358918419002,0.0194136749074497,0.00552221182650686,0.00774373028325914,0.0204645944252859,0.00114727681319411,0.0232451113476788,0.0473440505576722,0.00660121182127973,0.00784889440602017,-296.851453018156
501,0.00641315665045997,0.0331414443145416,0.00827577838459547,0.00481648195473067,0.0166214649615743,0.00116706709297608,0.0208440706843364,0.0352415316356303,0.0051439786181004,0.00929530213193713,-299.572366160097
502,0.0105392852930842,0.0342289367112418,0.00754864673863893,0.000445622547428852,0.0263089633508264,0.00516657669038974,0.0181336151681759,0.0352350466246284,0.0108564696008573,0.00928494517402548,-302.41450140124
503,0.00170792289795527,0.0297145701118184,0.011575972596882,0.000368139395960494,0.0269110979945251,0.00258209661701731,0.0398152881893065,0.042024844173688,0.00475012955699485,0.0054459873190291,-297.998227385298
504,0.00526095751878831,0.012978511498365,0.00864332112674146,0.0373705738523841,0.014713355963539,0.000885745349720379,0.0274810091762569,0.0502994658916364,0.00406857978040752,0.00342538262003485,-298.174691296592
505,0.00872581847271417,0.0143846866888348,0.0107118212505295,0.0340967364994429,0.0142370015956566,0.00553763378593927,0.0291014162059663,0.0260937535245825,0.00400063097967986,0.00474179793968207,-298.612071890088
506,0.00560346161809971,0.0220960730839688,0.00357877165959431,0.00709170647458285,0.0141928134309412,0.00322272375669635,0.0320303324417534,0.0561845950118293,0.00620420381902558,0.00167939599498534,-295.350239911591
507,0.0127633264001076,0.0214221978422909,0.00908572215148551,0.0121127403795528,0.0185052336935687,0.00191805794425083,0.036307036542957,0.0557254220508532,0.00253828712551434,0.00440645574159913,-297.582751602629
508,0.00960298544858279,0.0132828437794076,0.00643426874414544,0.0102273001390243,0.0297367482522853,0.00531313868369258,0.03235923253512,0.0274589864361912,0.0071415875025888,0.00119420582329056,-298.820082358388
509,0.000871340154338503,0.0118108428404445,0.00848841923181199,0.0106965984097428,0.0126171890914532,0.00225767425009138,0.024177107526232,0.0423600856816849,0.00599509993266872,0.00301158887143871,-298.549113927043
510,0.00212217671620205,0.0367474454462129,0.00751213971893259,0.0158249647294751,0.0285112060391155,0.00186451816639355,0.0252432329815532,0.0449341441818924,0.0147285910180571,0.00203948291832643,-299.3384667209
511,0.00326828907535224,0.0298947272622236,0.0102134636439107,0.018640318698959,0.012726492019196,0.00074119015689363,0.0292044976007289,0.0456026931942492,0.00217812654623776,0.00215705769951243,-297.773490491741
512,0.00108586625640897,0.0193590634957341,0.00659398666663735,0.0234954526408693,0.0174476956829233,0.0036427514371109,0.0405668121402609,0.0438599827212517,0.00850278879106607,0.00270641047724029,-296.231927656287
513,0.0065387142841147,0.0168338913228146,0.0119299245788587,0.0149392789098219,0.0212355249969844,0.00134130014229592,0.0451831823491448,0.0364974582438176,0.00861701404971131,0.00444671868213,-297.903359747067
514,0.0042846214020125,0.0188614130328457,0.00517060396387576,0.0405160867489123,0.0220908813965586,0.000862980941703507,0.0479937451234502,0.0409877940097137,0.00799858022452929,0.002590054106597,-298.811010762781
515,0.00276259825582147,0.00952906116235986,0.00318594829403855,0.0422716308663889,0.0201400594983263,0.00161274736017157,0.0347578683620222,0.0363283356521008,0.00351798331630952,0.000856847268510852,-296.890900596341
516,0.00619692319230891,0.0150156878652853,0.00315463737527607,0.00968501352261161,0.0200759700909127,0.00120801204072497,0.0485887258062155,0.0741515090440547,0.00488469467647528,0.00563384621308401,-299.154521737801
517,0.0125920524381284,0.0288190729549074,0.00346927499939447,0.00882760578316476,0.015509328087817,0.00639386024918086,0.0309204516707545,0.0695698773592116,0.00460794016990332,0.00635336415724474,-298.723865826033
518,0.00454749298359861,0.0356537863158953,0.00228118696285821,0.00920016033147006,0.015796928084941,0.000967261106941789,0.0414701300839564,0.0354986656339493,0.00180271637206441,0.00763802528659585,-297.149245274835
519,0.00732256875612802,0.0144546375209138,0.00426820854050337,0.0315595845527223,0.0185117040284673,0.00256373503991229,0.0433669986028206,0.0484151735964694,0.00162616233684684,0.001471267756745,-297.010214960141
520,0.00868922542324294,0.0149387743628869,0.000458515424133819,0.0315327226087427,0.0187340293757982,0.00259880825106733,0.0449195494196755,0.0203519816912728,0.00380167833641699,0.00509412489156367,-296.202312364578
521,0.00667230829820746,0.0151443311302691,0.00111288632360124,0.00543108053768394,0.014770969536524,0.0038124973440493,0.0393485532981892,0.0578566854421545,0.00376980874279861,0.00436042242776638,-296.641386162385
522,0.0103627195789995,0.0295128733693322,0.00678577135112645,0.00687902239639145,0.0135980518687344,0.00306828430054442,0.0301649855805669,0.0345050109587708,0.00287942134844833,0.00327878175640152,-296.898524535183
523,0.00922885103785923,0.0163558472247898,0.00571777056532635,0.0241706795813788,0.0219221963570754,0.00443349320122599,0.0429156818987583,0.0331659070426933,0.0058716338529913,0.00555372876051412,-297.057898348303
524,0.0103032861216759,0.014627322707689,0.0104087007556557,0.0233052651232563,0.0238707399193595,0.00183684240612187,0.0433946129577855,0.0402527226985918,0.00436629854609382,0.00243281602111339,-297.539251808223
525,0.00137829915575253,0.0264861580032838,0.00923266025461156,0.0110321682881841,0.0173645405727942,0.00415539179098281,0.0355517127340764,0.0455026587362619,0.00572621131615409,0.00443047437502557,-295.825098060307
526,0.00968193488282966,0.0342118838145791,0.00843319364433547,0.0158867550562426,0.0209597718876492,0.00413591050403557,0.0303192919450563,0.052442523962699,0.00339772856953843,0.00287192793093908,-297.924163483983
527,0.00544345928611952,0.0440100106370733,0.00814573883787834,0.0165139516268857,0.0241737682650234,0.00339025068439392,0.0253128016565121,0.0318169506213791,0.00784553275086514,0.00234638075737083,-300.347139304959
528,0.00384207763815663,0.0220000669514948,0.00556655315211742,0.0178891472047436,0.0224875555018478,0.00132932237666681,0.0363849657032208,0.024920351872654,0.00475990117202906,0.00360554422268821,-294.848153621912
529,0.0036736758013641,0.0122021137230735,0.00174223902094602,0.0273718647322823,0.0267572270477693,0.00216649557109243,0.0346090792707605,0.0372833017095711,0.00512677704672482,0.00101191607767167,-294.964446673057
530,0.00454438019239938,0.0170208179154509,0.00460764550663912,0.0128153019027969,0.0202419465173564,0.00233386328254483,0.0265599941900842,0.0540221751926162,0.00329793870231743,0.0048864781137734,-295.073689082331
531,0.00595268844471085,0.0194578891890489,0.00483676674505566,0.00667000762706035,0.0215432247336919,0.00185514810018107,0.0331057662401172,0.0424051121867865,0.00845525894424166,0.00460085341573834,-296.238438600097
532,0.00437719678478435,0.0341249601472991,0.00342717197922365,0.00876547398523344,0.019097132795313,0.00405901160406121,0.0200675297242262,0.0355861329445995,0.00288493993161089,0.00553940155925665,-296.879408389916
533,0.00514081642432253,0.0145173359755041,0.0153353617580004,0.0159704489170205,0.0211593486548349,0.000778740068748012,0.0266400839427766,0.026449488533579,0.00224859130354535,0.00577685792582654,-297.637833250663
534,0.00962277150320656,0.0144560312884895,0.00412683084482034,0.0250857290813182,0.0186627172641515,0.00409888891396076,0.0385328217736011,0.0343211772448513,0.0029643508470701,0.00287959733761332,-295.209944233292
535,0.00577126890693648,0.0158732500731852,0.0040725183406209,0.0238604050261177,0.0155121126383803,0.000108299888188685,0.0368210465555469,0.0223027678212433,0.00531071973997281,0.00212660787706261,-296.483890423777
536,0.00846705719576867,0.0156139765060677,0.00294469523817229,0.0146826113880172,0.0149308486715754,0.00338923364528105,0.0355191576631707,0.0179820389765396,0.00318391873654812,0.0142131332686642,-297.121778845946
537,0.00581725287251064,0.0162160024336492,0.00243440085376865,0.0249460044510184,0.0167611661211322,0.001536513410272,0.0329792664822796,0.0256959984512177,0.00404404859032798,0.0143768102773335,-296.365709678988
538,0.00645954341593638,0.0198435897834558,0.00232370388713384,0.01968443874048,0.0259228336883194,0.00252775170838776,0.033182748527687,0.0592395793838295,0.00555216226680589,0.00336620187543447,-295.104997256483
539,0.00739112167899958,0.0175964517261678,0.00671031379544023,0.0235213608976849,0.014651235608821,0.000765378809839705,0.0315643694973357,0.0440468563066742,0.00409247482147531,0.00214305853386617,-295.363388869534
540,0.0073729070224089,0.0203929608070672,0.00192908545588365,0.00379412719527341,0.0218749297056108,0.00152981533550955,0.0460697278016011,0.0284001500180918,0.00192779590318077,0.00380573654682116,-297.579505319926
541,0.0032941210097775,0.030610238765386,0.00283059621175996,0.00623210403585507,0.0129420391607985,0.00506930250650656,0.0194715082305323,0.0466778807199348,0.0133272237834319,0.00952767967041379,-300.417999227596
542,0.00427186303601983,0.0257215937087692,0.00255200594129443,0.00521083439104013,0.0242377322618497,0.00349096910456063,0.0316849163575594,0.0466910462204906,0.00724400531713332,0.0166790386093627,-298.768451767678
543,0.00674281348703441,0.0237253288673379,0.00769429488479857,0.0083793056632318,0.0176392895515752,0.00534856811379285,0.0333765943789592,0.0239316071277993,0.00829307195763026,0.00797668439054343,-298.391970841454
544,0.00423589763253321,0.020725073322825,0.00883461968651318,0.025357927668937,0.0225327419798098,0.0031111688080093,0.0370293519392214,0.0527408856537744,0.00452061558679848,0.000339320929503998,-296.91148127651
545,0.00393281634842524,0.0166023255087593,0.00270932231087279,0.0120464615373924,0.0244116412554921,0.0040485028584736,0.0220471072590669,0.0632257641312601,0.00616176514094241,0.00562131966766008,-297.31064685537
546,0.00526475560655153,0.0312511156518721,0.00341260042193893,0.00525879129607983,0.0278583039536267,0.00139600170920019,0.029685290843034,0.052044518787646,0.00523148110356254,0.00352108458588044,-295.10601846517
547,0.00480807890894891,0.0332284304031206,0.00188011419347024,0.00567744942696594,0.0381859633006294,0.000838646039584593,0.0221348184291155,0.0657836570803897,0.00276153863060063,0.000815229116039254,-299.263354215456
548,0.00520813640914223,0.0393958717241036,0.00390035844926465,0.005891835881033,0.0311641215693825,0.00408276951631662,0.0325643198567446,0.0636758656128052,0.00618713774659086,0.00382838912244015,-297.465842464807
549,0.00108356743472891,0.0381597887076778,0.0044280599046856,0.00210740439756482,0.0199635944253394,0.00513273972737545,0.0294719729602559,0.0418713745295257,0.00875418602583972,0.0069035791602225,-297.479981362015
550,0.000744891456278948,0.0343144565404057,0.0111827041262029,0.0173214434071411,0.0264986915344579,0.000239423104094021,0.0328140013440847,0.0366728355317848,0.0061324248058049,0.00129579353297844,-298.629860689716
551,0.00212874326033177,0.0405339055993142,0.0117133910425791,0.0216225981014576,0.0157201653555554,0.00847172799417347,0.0293937241733124,0.0577459544121682,0.0116246302147992,0.000826043097878527,-303.467277552595
552,0.000718277626168696,0.017196956769001,0.0171219752190562,0.0236996481847947,0.0192181139374081,0.00854713609641889,0.0424292853396265,0.0437217581132284,0.00472331840974409,0.00430247710589598,-300.446807841283
553,0.00722185346504622,0.0131131609627426,0.0171649945297078,0.0325240577747716,0.0220247152431,0.00263421343485838,0.0255707518253485,0.034162058111906,0.00883564363760897,0.00282323913409678,-300.194541980529
554,0.00806692455646932,0.0160199527481215,0.00742228383527473,0.035813709166697,0.0181666164617957,0.000559598458230796,0.038786197537531,0.0366406396385571,0.00901776226740608,0.00488964249769827,-298.500099685535
555,0.00487327000394632,0.0170810004890297,0.000531730498984265,0.0305459386199452,0.0214261222113291,0.00354690729929862,0.0341391690885046,0.0289565594395573,0.00671643080110212,0.000786230890646453,-294.883702126271
556,0.00288755498549039,0.0164236559737368,0.00205399240857235,0.0327742907961344,0.0237061099903694,0.0035139504978514,0.0246422894828386,0.041051519393152,0.00231750735317214,0.00157630055774158,-296.262825906382
557,0.00756286494222919,0.0168210002417634,0.0095910749182248,0.0152886890449004,0.0245592592692371,0.00177725290238449,0.0410838213979056,0.0295824149998817,0.00321724416585338,0.00107771715740444,-296.8432079224
558,0.00395785384565701,0.0271635253914543,0.00653171650701972,0.0134161214935015,0.0188635114293574,0.00547189522860304,0.0269312432858706,0.063397879633909,0.0037228388674151,0.00493145201378979,-296.282175554036
559,0.00457675282019421,0.0243786552080047,0.00147731058230242,0.00721989619179656,0.0128125791444575,0.00824941139978754,0.0279592973956863,0.0305319746679527,0.00548548433558925,0.00381705696594011,-295.357737930282
560,0.00461464303829571,0.0279818126736822,0.000224089474196928,0.00519235453014392,0.0146192181851926,0.00947317831442076,0.0396679865795317,0.0251081048816521,0.00205774226945605,0.0102431889397357,-296.69392300606
561,0.0045020820493643,0.0213289250549046,8.28677458899597e-05,0.00848358025501126,0.0155068853373742,0.00401486294152815,0.0318809692937103,0.020015219862955,0.00231011417925459,0.0108372925497767,-294.711026911875
562,0.00247328045297586,0.0313185112055674,0.000335797228299324,0.00930719797765541,0.0184547454694789,0.00362830391036962,0.043589767280455,0.0277917005813049,0.00417378948705167,0.00150172961101956,-295.979566246145
563,0.00635126249370389,0.0307448122491666,0.00377406759895266,0.0223681170616203,0.0254881116698431,0.00183515524702109,0.0208377103644311,0.0359247479627628,0.00375834574736675,0.00303083086767952,-296.320970263066
564,0.00194444947285029,0.0273623655360775,0.0020267955182578,0.0189153964633758,0.0222663329713709,0.00146107019706407,0.0363796174408448,0.0502432194915236,0.0119596502828623,0.00259062172865173,-296.501101378533
565,0.00523419355608701,0.00967647593239385,0.00180881308872343,0.025900302035711,0.0195988185507089,0.0014545865211309,0.0410213017973861,0.0534002648408682,0.0104501111427834,0.00168142194463534,-297.301198069676
566,0.0047307396960557,0.0264258922068662,0.00162245648349244,0.00406670048341729,0.0146085678399671,0.0032613143453036,0.0271434263737861,0.0317814163395799,0.00604903618623756,0.00383496351993949,-294.621875886485
567,0.00796267559633865,0.0306818456879417,0.000125810903371585,0.011094154545351,0.0146184525180982,0.00198448995742027,0.0363728567151732,0.0306671368645326,0.00690595278358876,0.00854509971210358,-296.220082837649
568,0.00774505372062305,0.022779247590561,2.78570832892138e-05,0.0146270674312548,0.0177076589548963,0.00743790565638384,0.030175731789952,0.0232808619260787,0.00273183370675132,0.00299344897789804,-294.283167920891
569,0.00303118522218993,0.0202416893489728,0.00262955157343517,0.00981880833343557,0.018397163978072,0.00342273525053027,0.0305478403952835,0.0746249480530287,0.00647194935307371,0.00244897387195976,-296.391741992552
570,0.00464794280051339,0.0232074492714891,0.000193088555146181,0.0087007609552166,0.0224130066907553,0.00130954692377755,0.0384899362015773,0.0395403571441001,0.00332131178598803,0.00336351761192774,-294.115242969302
571,0.00554590622508884,0.0297726062090662,0.00674017770252079,0.0169091287366327,0.0257880411344379,0.00410225305559455,0.0303733906224346,0.0643045380694763,0.00583171941282705,0.00387452018848018,-297.114021740302
572,0.00461845321294721,0.029037730950724,0.00269140326498413,0.00635722804905611,0.0312205281107406,0.00238679393478887,0.0372642925307966,0.0714397954979816,0.00493904360727606,0.00429917317733557,-297.003572175329
573,0.00156113631299539,0.0229168876136142,0.0163154368289492,0.00474584454544721,0.0247864566281774,0.00264493955132948,0.0325475588988854,0.0739435725887658,0.00475352326839404,0.0014855986614812,-298.276878180153
574,0.00268193176354416,0.0294797446556023,0.020939715107947,0.00278939791955046,0.022762125257435,0.00204680020134551,0.0362859157776084,0.0731519223292019,0.00501745492184195,0.00143825721108807,-299.160720691938
575,0.00240261865021936,0.0273635117372173,0.00433018244319349,0.00105896110757202,0.0274433557100355,0.00261222595100727,0.021863228080494,0.0484671470035963,0.00415952344471148,0.00328500985833046,-295.873934155741
576,0.00150284658168258,0.0433693653931007,0.00566337998392265,0.000466214661202652,0.0114260243726706,0.0111646370595061,0.0233843100670656,0.0542909291176224,0.00463359648533868,0.00373174374505369,-297.772861641688
577,0.00199329087306604,0.031493642842702,0.0065519721476117,0.000593476251575704,0.0212987080500536,0.00890226731928238,0.0391027161952273,0.0579267698257314,0.00926037288229469,0.00376452555628946,-297.81198869008
578,0.00352899121095641,0.0468278289476049,0.00609033384209085,0.00171178120235141,0.0196440100178042,0.00175389876212314,0.037804310196968,0.0558760115644592,0.00445850712661067,0.00306595784993913,-295.705664989546
579,0.000736380875279629,0.0274177062394205,0.00653109355497443,0.0149711474107851,0.0143161229591262,0.00158013952057209,0.0393712206539169,0.0636554394132267,0.00464466308516486,0.00213560323657605,-296.328413655358
580,0.00476025741411516,0.0208993549484392,0.012589190026516,0.0103860758582476,0.0153889305356031,0.00197889863386671,0.0467154433134574,0.0310217852396002,0.00517727243430544,0.00647121587741869,-298.116263293152
581,0.0122104244551553,0.0226519313039858,0.00919679296856163,0.0166859814229815,0.0181436203330958,0.00368201758423608,0.0305759351274507,0.0391901311172699,0.00738187943036427,0.00350176035153214,-297.590991922487
582,0.00969868315430829,0.0120721010451395,0.0211838969844748,0.0270219954625179,0.0227707228143142,0.00497990497813593,0.0268027168207619,0.0338628734509272,0.00776123237837473,0.00384325217332598,-301.538108874994
583,0.00577184536037455,0.020090876227685,0.00715876387706862,0.0093918601440898,0.0156162479425991,0.000761872188597845,0.0371361176727189,0.0280267705571753,0.00159500923011205,0.00387852492611101,-296.370096340268
584,0.0168712292801533,0.00703573033202806,0.00425348897710088,0.0200382288811903,0.0176499003206431,0.0081669706228091,0.0313077933096213,0.0304444824830323,0.00184811176765446,0.0033765902382135,-299.98623294788
585,0.018080348532876,0.0186303429620789,0.00247362551099763,0.0145145987327252,0.019782384385553,0.00379987512067419,0.0359775644525874,0.0272127436254995,0.00464450482525139,0.00948962275765242,-298.477081194463
586,0.0189128242407585,0.0107920109400276,0.0025010851126548,0.0130003301345544,0.0163464835123761,0.00574963342799693,0.0438202500776129,0.0679093759280916,0.00497972613692692,0.000818200592642308,-300.694108569696
587,0.0150618412624767,0.0125441305209741,0.0096444068414334,0.0072386790087974,0.0242049749846692,0.00731349767078417,0.0228366187172622,0.0405205038612172,0.00321215588793647,0.0147400449793545,-303.064341993436
588,0.00313377388780835,0.0156999017813137,0.0096861914457887,0.00881456040921213,0.0148499707174637,0.00591673162376738,0.0322932365915116,0.0435208801447923,0.00860742192609196,0.0182510898089403,-300.509651378927
589,0.00459379093159604,0.0184723468460625,0.00616104184600291,0.00780384109506043,0.0239878576519059,0.00746666223997333,0.0427515393605968,0.0304175983570629,0.00417242241861706,0.0124262037527139,-299.977818468052
590,0.00261725485671309,0.019434875677918,0.00403725464000018,0.018301437465225,0.0172849713231283,0.00594811628674073,0.0489725330997718,0.0576928385056512,0.00556133293972461,0.0132501574312786,-300.330818214619
591,0.00506863049578979,0.0276265428194114,0.000622686590584935,0.0251971507068759,0.0106266215047091,0.00513132801996849,0.0541884578333954,0.0521417751404886,0.00297121212701927,0.0089580477550908,-300.740719261475
592,0.00602244450834958,0.0190718454400345,0.00285771223108642,0.00711553599323995,0.0139092830442078,0.0037165713192531,0.0333449401108094,0.0242268753041039,0.0110138672661319,0.00141589935693806,-297.969829059704
593,0.00515083819539772,0.0307958467817023,0.00243779782007558,0.0118189507190401,0.026966616788028,0.00203680291684083,0.024759678507217,0.0538626855124281,0.0064886019839601,0.00314136839328389,-294.749414297299
594,0.0051080336818626,0.0205580698522832,0.00357713915664205,0.0204370929094595,0.0279060574426481,0.00111597040619583,0.0284270654283649,0.0547840534980671,0.00725444762132033,0.00278689227437426,-295.124956268522
595,0.00209869905548795,0.0231604265776609,0.00125476802485506,0.0086194194818698,0.0246697741820423,0.00707283235553467,0.0285971986983795,0.063044743041984,0.00541314745324193,0.00267293631063262,-296.439413710817
596,0.00242827687896451,0.0284742811775027,0.00156258546750806,0.0121501012427223,0.0161740883646602,0.00405616054293806,0.0415595681776998,0.0251883109659693,0.0034382426967103,0.00300638796874033,-295.249047182423
597,0.00604623628432068,0.0266515733458824,0.00465595686898907,0.0118945243004315,0.0142585529413584,0.00790169506190129,0.0454838260558584,0.0425171649137744,0.00568042493434656,0.00357632594072584,-297.277530886181
598,0.00212099672496555,0.0215916416859326,0.000985118149707518,0.0275328512980685,0.0227581556667393,0.0110481793679781,0.0474435742909766,0.0367432953278213,0.014771958362893,0.000731030547297471,-303.663403072408
599,0.00304803912627564,0.0203721912498362,0.000492779150842818,0.0263865764413176,0.0159947773421281,0.00966534920309263,0.0478925092262097,0.0380084601878973,0.0117897526281083,0.00481575466669344,-300.718444150994
600,0.00289623617112368,0.019742163039843,0.00778244646976339,0.00891053604178772,0.0115444972830062,0.000540232512333404,0.0220486522544913,0.0385556984425788,0.00113049737808563,0.00194217435230254,-299.645829791048
601,0.00387875239288452,0.0177470390011563,0.00410874226897468,0.00833122459484362,0.0165293906409191,0.00236842215117581,0.022844847630389,0.035808292712462,0.00801380795361585,0.00748842080678122,-297.598965078139
602,0.0242731960097687,0.0122494399134266,0.00347066111567424,0.00484512201155673,0.0136061760891934,0.00740259789373303,0.0262760049132416,0.0220223551409187,0.00857727942721342,0.00373218520976993,-303.307124562937
603,0.000215342752293091,0.0167076990192932,0.00445287904818646,0.0354407632931597,0.015070818257144,0.00204588419885792,0.0375265075269148,0.0589733123844957,0.00903744036935599,0.00322204887130061,-300.364498024086
604,0.0117008275214343,0.0229501818250554,0.000345483004434126,0.00922688978628026,0.0205363748851935,0.00137151551232988,0.0222607185894843,0.0568067631973955,0.00743904485178834,0.000521456340779254,-297.251726460437
605,0.018743380107569,0.019643678383494,0.0107387795744196,0.00709440235492181,0.0191967635457704,0.00296646167532079,0.0257122194831917,0.0410636059828095,0.00633700390487919,0.00103576521707489,-299.118134742571
606,0.00928328017855841,0.0202405631637858,0.00780532640731816,0.0115141865755453,0.0184993397888859,0.00324689203819085,0.0356445688371035,0.0333733817873431,0.00564507029883808,0.022080705820168,-300.598699095948
607,0.0010849843577452,0.0164288907400064,0.00516230147911926,0.00723950210397101,0.0227099007939838,0.00319798177674609,0.0381231435141611,0.0246366211769716,0.00428262020605662,0.00138147068210814,-298.198685395939
608,0.00103290787769133,0.0131978531747237,0.00589131520463041,0.0482486517098185,0.0148403563155521,0.00605793075342833,0.0390057478653338,0.0445568493586166,0.00974147120963311,0.00289205961398158,-301.71887117031
609,0.00797035235024609,0.0224959668477655,0.000473593535361053,0.033519575713712,0.0144079347191899,0.00160902600285756,0.0330234510674681,0.0353318800611102,0.00391037437016064,0.0100105532591224,-296.612521260505
610,0.0110892800830631,0.0147565492661456,0.00590372136229728,0.0210215337752703,0.0204757847655027,0.00241429609822723,0.0335735115113557,0.0402554545764996,0.00621327707932665,0.00474924546288004,-296.021322034352
611,0.00252425942039009,0.0266924944248016,0.00747087328217102,0.0136928271988726,0.023031782956826,0.00461778179865584,0.0223072496285341,0.0502098363201432,0.0105080899018483,0.00215731438050295,-296.370951535129
612,0.000977590186271911,0.0350143040231631,0.00708934899674951,0.0233433377046223,0.0191212182336785,0.00676849784701168,0.0282649120110199,0.0433365604556569,0.00226924768106567,0.00485527740896149,-298.856460274566
613,0.00701016607250515,0.0284735008837716,0.00185828879543367,0.0128475621271913,0.0284409788864783,0.00765924483430206,0.0217305232119055,0.0557131812490332,0.00563922411430447,0.00523112964459252,-297.937986616826
614,0.00136343228513447,0.0289933322514116,0.00318721147973288,0.0142790659121966,0.0249411985606537,0.0121367436823673,0.023723725443334,0.058628153951711,0.00529286630639347,0.00959845105988466,-301.198594889043
615,0.00182497729033891,0.0247492005272513,0.00286922367641553,0.000781420305353018,0.0224907109016182,0.0123379933157151,0.0444837198543576,0.0642636342105851,0.00472290224276971,0.000383127229097336,-299.761164007171
616,0.0132007143010409,0.0339965891046648,0.00237487642305643,0.0020024269849117,0.0214997314520194,0.00194520317271457,0.0262601628476103,0.0508181775936953,0.00300329033208927,0.0101003836650555,-298.009073403073
617,0.0157406932623666,0.0455165856494329,0.00594910237802371,0.0109620337341319,0.0181339878523366,0.0106786569681692,0.026976775811795,0.0518873745198239,0.00212129806067966,0.00391308587285016,-303.919090204535
618,0.00737248708805717,0.0238919782969901,0.00639721948624611,0.0102965873213594,0.0207178315736289,0.00820018413182666,0.0234959383395471,0.0402399739446117,0.00558272195527352,0.00409247399443253,-297.236048657614
619,0.00848086372892069,0.0248718078636222,0.000468606895276617,0.00791532934925784,0.0189080571812121,0.00473687184534921,0.0262914754059542,0.0295905077826899,0.00245307371960678,0.00312794732221352,-294.861875405629
620,0.00325797241664872,0.0197719583188154,0.00443215344152761,0.0189116150861639,0.0302360902810731,0.00300467882383507,0.0347263551192848,0.0389844712468063,0.0125057226112287,0.000634612415817993,-297.581631375408
621,0.00980464709295863,0.0278165327224597,0.00574455225697861,0.0105880961815448,0.0282330805439435,0.00496822341774673,0.0264416052773685,0.0595051050285905,0.00299479794513597,0.00493963110495647,-298.186108448
622,0.00191144475529056,0.0274077914973593,0.00856174227790622,0.00879937863092479,0.018318055006498,0.00627573437769552,0.0211172373470953,0.034328240041391,0.00753645859495871,0.00295575478246725,-297.487172059385
623,0.00991754321849889,0.0248754367720607,0.0133673996224811,0.0178814146977389,0.0160445071983117,0.00244845810565196,0.0433512898197877,0.0417810448769217,0.00275275748734288,0.00188750216177474,-298.824220778523
624,0.0106988062520176,0.0360953484091509,0.00175224260535244,0.00725299567545661,0.0157998749583658,0.0026422053137145,0.0432042290360235,0.0616022506959372,0.00671461252565795,0.00248829191842232,-297.252371108659
625,0.0033192598309682,0.035018503426752,0.00307542907259851,0.00168550662387947,0.0232181200229928,0.00373090471873985,0.0329495371728712,0.0474221741831421,0.00376564196053992,0.00930777341294012,-295.869989180254
626,0.00251055154771128,0.0285179553158185,0.000672970092942767,0.0065085281654043,0.0198455530598841,0.00496478473881424,0.0381200885287801,0.0440255130569013,0.00407993870448031,0.000302265708417743,-295.958097038738
627,0.00953892660483495,0.0342505223647864,0.0028313661259286,0.00569347409258936,0.0157442924248808,0.00175316492798605,0.0295018303352686,0.0374153464930019,0.00287803538337678,0.00141126620610444,-296.096953964094
628,0.0106184547536958,0.0246640922136639,0.000826756602592796,0.0117770026139743,0.0250445217439987,0.00130271656216273,0.0330202923127985,0.0512583535301311,0.00435124487574996,0.00318862494527786,-295.390033974415
629,0.00287291097815531,0.0326222640911016,0.00737084769881307,0.0169762875039712,0.0209695522463117,0.00370951447044055,0.0411810785547781,0.0494207003711036,0.00400387504014691,0.00349267392976239,-296.33991005927
630,0.00237224913538877,0.0295843010665115,0.00136301504545738,0.00842468795549248,0.022031449521256,0.00241505540036287,0.0163859906108492,0.0462006973145039,0.00726419681981913,0.00234743410973292,-295.433518744413
631,0.00656689641650581,0.0198591085202139,0.00994375804699041,0.0194174584369255,0.026531186186095,0.00595746537424701,0.0434711473298797,0.0516516230612544,0.00566838206553799,0.00523079085341946,-298.984419677541
632,0.000989997743755867,0.0180740446452652,0.00192692964278948,0.0198954519291172,0.0189666662896618,0.00327651160547289,0.0424494478573835,0.0542789017094941,0.00552677135721713,0.00425362753451986,-295.991871577695
633,0.0122990919226592,0.0181857265712001,0.000642756915871079,0.0087916145799518,0.0205417993907247,0.00246748904130647,0.0398879488430946,0.0518937885590292,0.00330930644400823,0.00331296431495579,-295.702526036155
634,0.00333767983763132,0.0178210403052795,0.0156037526299012,0.0105612761547787,0.0203463654621109,0.000972664100957378,0.03534622151852,0.0291442925489599,0.0075343653557273,0.00443072926250994,-297.010151235972
635,0.00744870338403138,0.00783357726226257,0.011716142409353,0.0166001151064371,0.016846548856574,0.00505265057082831,0.0450652961057638,0.0228571869371434,0.0037314310156408,0.00193408795593162,-299.762269210782
636,0.00590506744972486,0.0116549256253202,0.00951571379843022,0.0118366658441588,0.0250558205846352,0.00609886036090367,0.0224569655282945,0.0326082177277181,0.00583704095505722,0.00151346124316408,-297.542362456722
637,0.00687437733747208,0.0373297886080519,0.0142657524320251,0.00934626610030699,0.0244691664343601,0.00243926312149493,0.0269640637362006,0.0652313661940027,0.00712400090864078,0.00282986673815799,-299.777210921445
638,0.00947818847046952,0.032847039420327,0.0110745933948631,0.0119274176960981,0.0193598211033021,0.00368094204420038,0.0285418186726816,0.0374330715706441,0.00324911143368355,0.00330122014680614,-298.196804389668
639,0.00607541068605068,0.0301921226758128,0.0140128192201952,0.0144298620242386,0.0180609893176291,0.00344548046960954,0.0393691125486449,0.0582532494309497,0.00178100454465741,0.00660874156600825,-299.845988904857
640,0.00057567703124749,0.0162166429786621,0.0118789930386058,0.0264037044019633,0.0221375577061765,0.00431754022905836,0.031201435956163,0.0390575733696489,0.0127123472241987,0.00675810010627508,-301.217426909401
641,0.00973131250204745,0.013497346087826,0.0261561018439561,0.0105389197527771,0.0255951437235229,0.00166437333511582,0.0491735101494245,0.034029617931994,0.0126120961997126,0.0141857397577638,-307.104985536065
642,0.00839289141754971,0.0167610672560204,0.0225269269482105,0.00661386864013944,0.0242252930122538,0.00147963257984289,0.0383084797520598,0.0251841865239023,0.00745766206424951,0.0143290458347418,-301.554906024876
643,0.00437399877267437,0.0115178054652815,0.0168999435315707,0.0050143182341407,0.0296515899616779,0.00346146491119904,0.0278460534310203,0.061385592098667,0.00793431369952711,0.00294916084704886,-301.623098664746
644,0.00701001432451997,0.0334127850290169,0.0234730063060843,0.00443897782574072,0.0326446362434638,0.0133805662183983,0.0273763768725583,0.052391738341596,0.00567725219142307,0.00906345310932681,-308.08806904287
645,0.00509053248918222,0.0109233492180481,0.0184530228684213,0.0275236184809269,0.0124394271186204,0.00874633309206678,0.0429350780014214,0.0317794865336103,0.00313048869617996,0.00162501116155661,-302.112829321408
646,0.0110798899182054,0.0169745778644584,0.00606473233993204,0.0155377476606242,0.0160853311702385,0.000674715626841537,0.0412847743015957,0.0223792533525542,0.00330286345615715,0.00609193464475556,-297.110426537435
647,0.00461933353101588,0.0215223900435376,0.00179216527434013,0.0148463061010271,0.0244461006729108,0.00414208290436269,0.0414529026131721,0.0550576262014736,0.00415653719320997,0.00351616460049737,-295.125093018206
648,0.00230535167865372,0.0223923568976792,0.00466291030209818,0.0203598542890108,0.028014333543547,0.00643905067829278,0.0383624329586239,0.0255587087967168,0.00663752977555884,0.00102102324138392,-297.818094106421
649,0.00262818020818688,0.0211066432524625,0.002091537876987,0.0212027834200735,0.0110502635537477,0.00632088625860333,0.0403085993545494,0.0329771730783899,0.00954754548272167,0.00723312965011002,-298.759518615752
650,0.00468855506249471,0.0217574317446105,0.00390491511463615,0.0162469925969359,0.0139209032348726,0.00421934657426732,0.0492100413382458,0.0517245594565635,0.0103165182605533,0.00178223186422953,-298.18645129762
651,0.00409989558836537,0.0242616986466147,0.000113133138236441,0.00970956460806502,0.0204900040058626,0.00171678274508032,0.0212617389318671,0.0531818108943949,0.0117043551707282,0.00237472798281393,-297.205597410117
652,0.00486812904000848,0.0310626629611913,0.0030135790787697,0.0140283212377325,0.0419613082109249,0.000958502586321719,0.0287562939011666,0.0533828333813635,0.00607513837390701,0.00160254365317844,-298.553514759093
653,0.0032920855752207,0.0310847537523686,0.00277598461334728,0.00601171291127411,0.0415510115613302,0.00385366455976555,0.0255636133132223,0.0586750150060681,0.0110090061746783,0.00124287196403077,-300.551650926999
654,0.00265611778086049,0.0543060826867577,0.00352553862184078,0.000777711888852873,0.0296553835802832,0.00105139089417227,0.0311720813770798,0.0608415219234874,0.00289708348469605,0.00645794487578551,-298.303545423507
655,0.00122731641211263,0.054193761952897,0.000781554586154163,0.000411659259463956,0.0199528463595443,0.000569438824945848,0.0271322218837584,0.0648599018431543,0.0025095510496974,0.00651583953139315,-296.900256741655
656,0.00528220969747001,0.0235741148324533,0.000325917366644083,0.00803858478085012,0.0198501440666375,0.0101000709839023,0.0318385557228691,0.0315598531426962,0.00600794844901654,0.00251003787142296,-295.642790161196
657,0.00593804576401752,0.0216964102925757,0.0003711369225533,0.0312633834978605,0.0156923052001234,0.0122027278878497,0.033512513162865,0.0259364227642379,0.00270862849024242,0.00885174774893107,-297.498562225561
658,0.00585451781676899,0.0158070983575473,0.000831136152594652,0.0268983343766537,0.0153665296236095,0.00839854263214648,0.0433175433667843,0.0333219566511571,0.00482443044889556,0.000361322482642051,-297.070067052283
659,0.0019083687842506,0.0125296029493609,0.00105354291632008,0.0222574196124549,0.0163165161486434,0.0010897252449893,0.0485976830027825,0.0446969044963577,0.00571548507838168,0.00349842904416311,-296.729761205766
660,0.00454003012878283,0.0184076938868153,0.00197149163719099,0.0181477713277633,0.0291681481017535,0.00445691275028916,0.0241332586145246,0.0524348098834025,0.0058065877486936,0.00315716932858348,-295.405721274286
661,0.00683495863718721,0.0242631877256987,0.00238890412649326,0.0116287870441121,0.0242097527391371,0.00108229938891499,0.0325965678006324,0.069700424097543,0.0034203985667715,0.00154548448647543,-295.793301611878
662,0.00176658997656054,0.0255964628022447,0.00244881308605136,0.0114751615597073,0.0248774758604831,0.00146629411815541,0.0416728134928359,0.0505108536903249,0.00893233772177384,0.003231194788696,-295.921086732072
663,0.00521643682117466,0.0213469798710088,0.0016407596141949,0.012501010541507,0.0359195651606218,0.00310142891980514,0.0297912263949136,0.0717194967104896,0.0045768844532689,0.00282871131982303,-298.356149639548
664,0.00809825184698859,0.0218961351159266,0.00468065690627455,0.00816259723981827,0.0141252059175767,0.00205048961182644,0.0315543149266671,0.0417471554123707,0.00325743800929357,0.00578507460648805,-295.396214584368
665,0.0145090160311894,0.0264218522002254,0.00201458486483282,0.0300596943367973,0.0297478886768171,0.00280119300934687,0.0316047605157702,0.0371553923260185,0.00429584475129809,0.00556570501462661,-300.109084417076
666,0.020626409678968,0.0109656806805754,0.00213278316217273,0.0274504295061762,0.0271033897357931,0.000957218989616651,0.0373371894595345,0.0387372597084438,0.0040291581236773,0.00626793860808187,-300.524653868083
667,0.00983513504873314,0.0186355697149289,0.00301001749331809,0.0250569117082448,0.0194993703229291,0.00675164537732563,0.0337498011646942,0.0309371305953885,0.00323691430176664,0.00341942808789849,-295.631957860583
668,0.0064555624572959,0.019794632393383,0.00241424354227505,0.0175212810222287,0.0186722725056226,0.0189971089012852,0.0380064257406485,0.0338889970810524,0.00467543047963716,0.00317504065079794,-299.126408597298
669,0.00575636868409782,0.0215644289933949,0.0027034102327401,0.0279369926279055,0.0149602327802498,0.0138761831304574,0.0332181368553394,0.0444001677297219,0.00231004618928716,0.00803256367781166,-299.277287220324
670,0.00859199402280217,0.0219932228910883,0.00286347828199697,0.00901856789988944,0.0206146919263173,0.00182016905111663,0.0441768260111915,0.0681186723190336,0.00621494824062969,0.00447614881927889,-297.176967005739
671,0.00585883180661184,0.0236810502164941,0.00379507733110105,0.0206034630130167,0.021751584606168,0.00411446789036407,0.0373281435659906,0.0701745277792731,0.00355612706412952,0.00334209750267683,-296.677363739103
672,0.00525650366287544,0.0296606505183406,0.00327200971260582,0.0111370669713397,0.0214411915388464,0.00263499626864966,0.036019444478366,0.0435492069325591,0.00474875867808604,0.00212305161998255,-294.214528291528
673,0.00377683566671841,0.0221098444240123,0.00252566256145706,0.027952203005052,0.019055142298453,0.00295306131695908,0.0246532069463938,0.0306850631332881,0.00444965151984456,0.00416964654472037,-294.784267854777
674,0.00848639287549872,0.0220327185006703,0.00634786862118876,0.00740630275041367,0.0220595736700891,0.00156103153844171,0.0271694838686101,0.056811433072972,0.00341435310274934,0.00612140869615613,-296.416321249931
675,0.00601616910812487,0.0325750227811562,0.00424180184523619,0.0124647879411956,0.0276327932356338,0.00294322402105454,0.0213652094537031,0.040935126992591,0.00395902623518809,0.00248036522858373,-295.63914494043
676,0.00207191174037308,0.0261085958793989,0.00108489447872741,0.0205240573907646,0.0229039279742995,0.000599943839416195,0.0207530289182982,0.0355278762910528,0.00616769723410374,0.00257641789600785,-295.474223995076
677,0.000710614468904463,0.0238017210928448,0.00864497407412277,0.00636535281931741,0.031121328964451,0.00298132443824962,0.023092524418123,0.0331171501872529,0.00503568255306824,0.00326229892942387,-297.681599892454
678,0.00643484825900035,0.0144087048800818,0.00991286903946491,0.0162078629078895,0.0295570224495992,0.00106151133178795,0.0338859628065212,0.0372634442183278,0.00438620914977468,0.0030620259240324,-296.36625753184
679,0.00899537775977685,0.00640088296484674,0.00519301855207104,0.0162162789649773,0.0267159479556231,0.00105189616788228,0.0446769931127022,0.0707936057853566,0.00249083028149555,0.00318979854725524,-301.654749979229
680,0.00697197944258196,0.041047816514974,0.00341105271284079,0.00934495109586512,0.027103100684802,0.0032141149359195,0.02114467103582,0.0648934612446657,0.00476260200177902,0.00270270514126255,-297.447947294265
681,0.00434878590904134,0.0280969168098698,0.00197824739522615,0.00893699022328581,0.0297227536674271,0.00400103035535414,0.0231834749559081,0.0700902589006466,0.00392173556788924,0.002391245462821,-296.607704678747
682,0.00285635655801354,0.0211470776326831,0.00221961757456612,0.00575854766497909,0.0160407773289496,0.00415144151701342,0.0271686175997343,0.0821528123085081,0.00899083018028664,0.00375697043233738,-299.095206954213
683,0.0059605768643146,0.0446128952648483,0.00445468448973949,0.00226068676401599,0.0133471757294488,0.00385689656996387,0.0261231806476665,0.0386542884511724,0.00181960941916044,0.00552088571124115,-297.890061904318
684,0.00623044207231114,0.0255540356213669,0.00803702550071316,0.0039509505385385,0.0211919196824668,0.00452536236773433,0.0430994526268522,0.0512822026317451,0.00640310559368836,0.00128375008999132,-296.935934208042
685,0.00618533866971858,0.0257019064334626,0.00476955429036265,0.0208647189293022,0.0243592914152097,0.00628647335815806,0.0382589677324167,0.0415767597089681,0.00540288486788414,0.00146795370145898,-296.31726868033
686,0.00315848683819943,0.0225255007473023,0.00635285472799528,0.0202065519853116,0.0221081533247484,0.00382903166901079,0.0225592614959126,0.0659678533893054,0.0071052039841957,0.00415788744092248,-297.073141869335
687,0.00107788679614404,0.0211426584466596,0.0034764758365539,0.00897141464180958,0.0201372632224881,0.00506760770934401,0.0406727796659689,0.0467184569125252,0.0130431063488739,0.00278988155728864,-298.928654841642
688,0.00126156003275879,0.0165599639602994,0.00673076840972206,0.02501211260659,0.0210465888429988,0.00437695592626904,0.0266485948201431,0.0419985364569656,0.0101092129191221,0.0037184437544604,-296.933265608097
689,0.00684710955190819,0.0173828689200866,0.00195116892990726,0.0316805578382188,0.0198483363227505,0.00331935497180775,0.0309096378360406,0.0414853830897567,0.00126765455266765,0.00170479280690744,-296.223615978152
690,0.00833521371044009,0.0182315388892505,0.00372926573188625,0.0069444512933005,0.0152812417835806,0.000570049639195747,0.0368947386615017,0.0370014224227139,0.0028795926405256,0.00467103915344303,-295.748440419333
691,0.00986673700555319,0.0202469347570805,0.00208229270918474,0.0020436162123225,0.0252254559719983,0.000623858055745758,0.0286809601412495,0.0359989932339029,0.00213200889777634,0.00195024619453602,-298.25759616042
692,0.00555351878123525,0.0259498883843641,0.00723562606231717,0.0218490341140647,0.0245507594741252,0.00353790979940306,0.0293171850565091,0.0519363517542722,0.00134984589975642,0.00168870937348045,-297.418985030911
693,0.00276166160212067,0.0293571150406817,0.00838867197978203,0.0196369163981676,0.01780215650786,0.00847714198285673,0.037043632080806,0.0497260096561955,0.00546546117750797,0.00203720380973936,-297.494873167736
694,0.000102973186253925,0.0180069404118318,0.00915194378504299,0.000535962285070349,0.0188363769571124,0.00606997602888134,0.0535083707419672,0.0727412712981303,0.00483951142972994,0.00318419919394114,-301.409860125068
695,0.00156680360899789,0.0300309920126502,0.00681399671488915,0.00379976186924818,0.0175220409692925,0.00898811297675496,0.0474474105561071,0.0538373628165476,0.00389042894238802,0.00266797725692409,-297.681763993677
696,0.00447795230301165,0.0108809723955206,0.0059609510043778,0.0217224848945687,0.0244322325930328,0.00111638773089433,0.047277515112889,0.0339996605491617,0.00421012038554071,0.00322637226357801,-296.747901505197
697,0.0058161214438971,0.0235299812638465,0.00698798397306047,0.0245425319567305,0.0284998780353858,0.0043009639564794,0.014191407833466,0.0543241389389615,0.00347787518923458,0.00492152687179941,-299.541746134031
698,0.00850953239198354,0.0139638785956948,0.00259609478676944,0.0145891112435704,0.0225320450025501,0.00336752583169109,0.0323069153404726,0.045943066297057,0.0085893956337296,0.00173586144638706,-295.782198421249
699,0.0117469093668127,0.0187562815750362,0.00689100900014333,0.0159690117738984,0.0146364490778255,0.0025509247950734,0.0309652644114349,0.0323517234746196,0.00201846479141673,0.00372892938224445,-296.378700752486
700,0.00299660137121112,0.0198348965205559,0.00456483143208245,0.00184265797295931,0.0119272594750813,0.00805567508316847,0.0239413919508375,0.0506057720279285,0.012496607357521,0.00343186882677395,-300.169771979001
701,0.00341450820337382,0.0419863587355726,0.00436210402845202,0.0018525710098381,0.0140095974861293,0.00862658072413311,0.02545341647695,0.0552980611690749,0.00194122479680411,0.00126336290332669,-297.125705034899
702,0.000249398688023797,0.0348883458589224,0.00483953414968717,0.00025558931418585,0.0200888788104567,0.00254345974399422,0.031906686393209,0.0539603090563932,0.00905311328679752,0.00189180280428676,-294.661387662637
703,0.00724117872689434,0.0379410143565431,0.002492394097469,0.0047946310022796,0.0242256946401383,0.000481551958032221,0.0319814661839121,0.0686560284949486,0.00936023790160961,0.00321520001993472,-297.413196647197
704,0.0109988471461761,0.0270367045154497,0.00192457772856468,0.00689357405289985,0.0191479628016298,0.00834063745477482,0.0472779693858076,0.0761656379997125,0.0083873744237447,0.00198068505376319,-300.146969217248
705,0.00991925574110418,0.0335303687038832,4.03470074332738e-05,0.0111819201953886,0.0146718356351492,0.00578702842956108,0.0266085032399725,0.070775049370632,0.00709601518879129,0.00443793844859062,-298.167700929679
706,0.00588372390893591,0.0221178073818598,0.000276132142264596,0.00431985492688209,0.0177510485283022,0.00172740168762454,0.0428279143892599,0.0749437519071,0.00447926761632511,0.00223629860642389,-295.87015187318
707,0.00794486802437675,0.0227960269731998,0.00495810236440625,0.0206960196378591,0.0181626416484305,0.0012012706979178,0.0287989662557135,0.0328693146352754,0.00540854861719737,0.00233754865731212,-294.57671919226
708,0.00569637546924008,0.0214243163130395,0.0109786870645115,0.0280020218169865,0.0151976838901307,0.00122529838580698,0.0318107870631732,0.0297697241901427,0.00634913695255381,0.00187208000468458,-296.615209753758
709,0.00526285232472996,0.0128012856680412,0.00609786753653333,0.0275271440055889,0.0194372820449342,0.006088127125992,0.0314991838466421,0.031689685993801,0.008622770059088,0.00212611052272361,-296.475548093047
710,0.00513651279078659,0.0224023264778034,0.0080778854968497,0.0212488289477242,0.0186716297738407,0.00254276910013739,0.0240853668947433,0.0287084534828616,0.00701776976207516,0.00237697524245639,-295.808484488515
711,0.00164367190707712,0.0180299074528332,0.00333594840438106,0.0228336132023145,0.0159018349551503,0.00489638587067856,0.0208676855111098,0.0657320093431424,0.00557309071453517,0.000848892418126948,-297.973053776723
712,0.00512733140046771,0.027629182895841,0.00141207985589762,0.0163564735003214,0.0175297274584024,0.00339902119730253,0.0270472891544937,0.020033907829289,0.00526982149699751,0.00716194272102988,-295.052480931801
713,0.00808739665231671,0.0278554875292254,0.000663437115853725,0.0159189362705611,0.0151631932160428,0.00347733985731102,0.0321459091633151,0.0532737489807494,0.00314233209748687,0.00967773045424787,-296.399106313311
714,0.0098831662746168,0.0217507600019185,0.00180993015537588,0.0294010654144872,0.0145996718856949,0.00810867214353878,0.0423837593394828,0.0383378248251432,0.00363610716491378,0.0046887901232272,-297.560972017537
715,0.00147470932887198,0.0240915497737799,0.00299964737144298,0.0282875642326737,0.0214117911157746,0.00668712185551185,0.0244157550874559,0.0290273802523047,0.00473361696495445,0.00263578346540583,-297.010829468893
716,0.00128129487360307,0.0126535359201858,0.00481318960086767,0.0399410455458286,0.0220782942854051,0.00875184720427784,0.0346419366322133,0.0352575855790253,0.00922524108824511,0.00494519715153575,-300.735005510343
717,0.00418636346522683,0.0209028206678271,0.00222169101718097,0.0438208367029987,0.0237338059637544,0.00817806835630761,0.0264784074576767,0.0350869152088473,0.00705954925818939,0.00690257973139928,-300.426795268287
718,0.00567597076178089,0.0172392601276209,2.70342065826396e-05,0.00462616409667541,0.0102891883842522,0.00448861111257742,0.0336904627797088,0.0357330708565345,0.00453602593048143,0.0031808975215259,-296.00466933407
719,0.00217051792688708,0.0374003470324801,0.00117719107971834,0.00607414092450666,0.0143046872806716,0.00471064771097407,0.0325725601102242,0.0535069739161347,0.0091486938638603,0.000874803864262935,-296.473908086177
720,0.00355825604692127,0.0223406584567133,0.00894653221552241,0.01369735430389,0.0171121876698062,0.00235692833826274,0.0427261041309505,0.0248904990329345,0.00985763069441739,0.00201534733753734,-298.11286589722
721,0.00355540729983636,0.0168379995784343,0.0149184936566732,0.0128593188447155,0.015451206436086,0.00261546680719974,0.0481030807533138,0.0337167920641696,0.000812034943781403,0.00579186005072971,-300.303322982864
722,0.00730320586198918,0.0181164632593112,0.00223552591970023,0.0167511382603618,0.0187535528281791,0.00488351171521732,0.0305531194034506,0.0667534798632672,0.0123973516983017,0.00127540817088366,-298.415042202118
723,0.00476768208437965,0.0482715669438272,0.00463623688644048,0.0104331871111836,0.0208913402787628,0.00238499023606603,0.0371986172539045,0.0486519846254947,0.0148522598548486,0.00138626892847845,-301.432637385505
724,0.006047284904476,0.0227434754660973,0.000895202303295333,0.0205824089087903,0.02214479044873,0.00374676433706475,0.0241301754193188,0.0643207605311213,0.0178282352509007,0.00285550177552821,-300.84507166374
725,0.00811141823285012,0.020741742333789,0.00049456612442496,0.0228445353051436,0.0276415136690016,0.006195240157404,0.023233633363087,0.0381102179474503,0.0093197809167779,0.00138254590478173,-297.678200052945
726,0.00491037018923729,0.0204068604413246,0.00578966629669234,0.0311863021126507,0.0127066893956334,0.00157706865012045,0.030694299123908,0.0400711984811958,0.00972870768967913,0.0106670483229787,-299.943731407987
727,0.00234640719979634,0.0213530694440619,0.00205740641934889,0.00882924776413754,0.0126272049831662,0.000901330229227209,0.0303817720000391,0.0273169419912705,0.00234201939019963,0.0126424931928576,-296.613876106773
728,0.00611805548860312,0.0267725516780934,0.00105679552676344,0.0211945466272822,0.019296412894303,0.000437709430298376,0.0403749735970096,0.0440461848535057,0.00255122278617623,0.00603516890685744,-295.996377430863
729,0.00368517172348029,0.0370847750253148,0.000223277350342935,0.0318028867495314,0.0195787929977519,0.00203370619538085,0.0223177350831116,0.0349334016781556,0.00673754263780592,0.00831694632484667,-299.869733008792
730,0.00204600677820158,0.0435912223232148,0.000363180040476634,0.00772756570878107,0.0242499497805251,0.00284336727815384,0.0319746004743506,0.0628389876768025,0.00424666362182005,0.00944071357503925,-297.836242936713
731,0.00288447285057708,0.0467665235590031,0.00351651786508758,0.0136263438257335,0.0177484206660999,0.00311785319987924,0.0353481764627258,0.0392979794375829,0.0047180943123649,0.00598373726875968,-298.823563064879
732,0.0019961324620751,0.0254076539326432,0.00613765304338553,0.0248458257156462,0.0174202781641482,0.000576251708396538,0.0378746133363473,0.0371115430274222,0.00518009818787994,0.00550673938603364,-295.990774848577
733,0.00350746598747733,0.0197547239804782,0.00595475654699766,0.0155449640501461,0.0165153455668716,0.000641916523990274,0.0337945539533559,0.0472278746894052,0.00266573808620006,0.00196227489444544,-294.727661606776
734,0.00434150498348222,0.0117750085592966,0.00308178912367565,0.040961546556686,0.0219210634708577,0.00465812851978679,0.032415161303015,0.041834783554122,0.00488224777299607,0.00224509223787193,-296.508978612869
735,0.00456727155882736,0.0127557591981964,0.0015874098215509,0.0410468560392161,0.0202263058985479,0.00460755789157025,0.0301251365688968,0.0375427153893964,0.0052827931695875,0.00220234247751551,-295.913814328565
736,0.00544210787719003,0.0163022750123852,0.00442992258493557,0.0209032715854762,0.0134564044070687,0.00808108168193415,0.0288398812495059,0.0349695984407178,0.00523827270039123,0.00415401284097943,-296.125746333055
737,0.00534415994153673,0.0163721587504172,0.000462007327786046,0.0212652733815888,0.0156242949690574,0.00216771711537941,0.0387014008591219,0.0267672376594401,0.00306101994042078,0.00914791116089379,-294.218050112493
738,0.00454992808889462,0.0189655903765529,0.00199176206575006,0.0136506478354701,0.0151825432336836,0.00249431361319348,0.0337209081442945,0.0295248275225006,0.00380460333734836,0.0158631766780115,-296.322806235593
739,0.0106308796637377,0.0148893416419145,0.00195179585294803,0.00394155343061958,0.0103465550036005,0.00273260647862937,0.0378471349738841,0.0454675142563113,0.00292897177613673,0.00713504624235907,-297.63091837666
740,0.00959873521766079,0.04406928906058,0.00138204445121623,0.00102660365434711,0.0209079419268222,0.00146056120777986,0.0615422509100266,0.106068346575889,0.00923617552365923,0.00730714610713186,-305.078945033988
741,0.0108550674951882,0.0327042431808703,0.000528795525942823,0.00126285844558904,0.0117134899597113,0.00142057079624526,0.0504721648595155,0.0838250667131351,0.00581847940868381,0.00241901617497093,-298.78272664926
742,0.0105022955208362,0.0272439714710468,0.00114711264706246,0.00380411338200092,0.0274249048810529,0.0030594655510977,0.0368602164640256,0.0425176952782691,0.00201932901433033,0.00135602645171068,-297.577510663314
743,0.00480680887339548,0.0341661488852623,0.00527203798026179,0.00210941822142387,0.0184021967936546,0.00211530166530474,0.0319511621244652,0.0700789881798983,0.0105411649987967,0.00202345292528227,-296.232989361214
744,0.00341818530989052,0.036836380943753,0.00189115383854385,0.00142584626328732,0.0169656164102592,0.00218330227374871,0.0291706238516403,0.0607874264101618,0.00447810031268811,0.00547608470355803,-293.707356626873
745,0.00254992681035347,0.0321233321973787,0.00316761905228299,0.00110931412453759,0.0227725229098903,0.00436936524313894,0.0356608966657372,0.067719386918321,0.00423791403096421,0.00389606816390234,-294.236848205322
746,0.0108987877095358,0.0328395884565671,0.00614266489671176,0.00189054030372276,0.0194787758000219,0.012035595830874,0.0320383293912083,0.0904810452921006,0.00310367994375073,0.00290023166202443,-301.493212445526
747,0.00827862819721586,0.0292287314051351,0.00116611213767139,0.000916874745110429,0.0169900693839551,0.000497245949644958,0.0404979855494317,0.0197629808835813,0.00343291647011006,0.00125649847649323,-297.345172532695
748,0.000835906843819035,0.0230148107751324,0.00152193453423724,0.00588419492821473,0.0187075350107372,0.00575820037900255,0.0362098329388716,0.0571734995736597,0.00460940991494352,0.00502148113597414,-296.579959514075
749,0.011855629452573,0.0266208986169424,0.00121363013149856,0.00716081688289296,0.0147933876552246,0.00352268895757549,0.0440492695163316,0.062047456927941,0.00928206704041779,0.00576824671104796,-298.909364651756
750,0.00594314685861627,0.03008103562993,0.012075504410393,0.00342443837351779,0.0226502014302133,0.0078938405726643,0.0359717760390931,0.0555872835132413,0.00452520448556681,0.00272495227783469,-298.105852852544
751,0.00659018028718329,0.0365913110488612,0.00243371704022134,0.000103911067651571,0.021893669550348,0.00304745258410188,0.0261579329804675,0.0579025216444245,0.00503567371740173,0.00207471796395198,-293.698946923478
752,0.00492378874350566,0.0392295197857997,0.00295886182759696,0.00019375014538823,0.0182077743755353,0.00156636023598442,0.0381339842576059,0.0861342388294363,0.00353934278948443,0.00154617981352812,-295.555607375175
753,0.00272901060256315,0.0319674582780675,0.00286827534537145,0.00085796011776343,0.0243985365599169,0.00119347777510885,0.0308274703698909,0.0471851118939164,0.00404447530794081,0.00164411090845689,-294.011609636918
754,0.00350394251770906,0.0252744757692976,0.00258821743405066,0.00841268138077569,0.0132421105529759,0.00772623527289514,0.0277187830952799,0.0556759930904368,0.00477608294394154,0.00248104698948361,-295.686115521986
755,0.00732088055994826,0.0213779618181254,0.00703169366504953,0.00951248333622448,0.0287905087969069,0.00622856916805863,0.021486058160524,0.0414403564875228,0.00659069030716287,0.00247983069873402,-297.267385393989
756,0.00706808757380276,0.0137962163971501,0.0083049059612469,0.0214281143283768,0.0267604716768788,0.00810791600104564,0.0217765120245817,0.0391505821189068,0.00642679829876947,0.00494429151756472,-299.269572944713
757,0.00659546536928634,0.03100712403793,0.00308086195147563,0.0147466745299116,0.0206064584399772,0.00693792322327543,0.030442424680261,0.0600895803991474,0.011204046783403,0.00829182189968081,-300.344069238216
758,0.00712298118223682,0.0354785153041883,0.000589075866911866,0.0265387835388766,0.0192909563215387,0.00387051782853681,0.0320853604212222,0.0499224606407879,0.0109937707877062,0.00789321799067177,-301.050573214553
759,0.00514187433349387,0.0204333919479154,0.00258716023720996,0.0152172742998357,0.0199507433181779,0.00188714851762537,0.0377466409653094,0.0218661731350882,0.00589580223922706,0.00847476567849616,-295.512514384849
760,0.00233362147210367,0.0210621145267851,0.00193104045619229,0.0216292093351246,0.0203715536313031,0.00314759583448992,0.0232115414652925,0.0369879537181561,0.00310006194925527,0.00249974104616658,-294.164574204544
761,0.0106075593010339,0.0329105920397532,0.00208163695744445,0.00449939683368488,0.0143967916759038,0.00335675350366236,0.0366147060965001,0.0706803333077373,0.00451609495474186,0.00387309021887395,-296.223969900595
762,0.00961293653374585,0.0270885906587713,0.00355022319437691,0.0199407452105151,0.0144224295600077,0.00211277277549621,0.0325683069175541,0.0168889252270927,0.00536100013875392,0.00669016615340367,-296.756053371362
763,0.00330248386850781,0.0133608075700561,0.00248531911447557,0.0231955506830519,0.0219129222478436,0.00581436287224775,0.0394011543977537,0.0516605536483157,0.000793935272667827,0.00115356008653321,-298.908064844891
764,0.00235303484058475,0.0154820784451653,0.00434889883848175,0.0105145796242021,0.0347654337917437,0.00737521312035025,0.0375302579865595,0.0586383612989633,0.00933578208442389,0.00550081436251572,-302.375757796335
765,0.0090368692105054,0.0302941276597068,0.00859245083178637,0.0238834942569325,0.0182438851360987,0.0064737509082497,0.0209483321813052,0.0316107949695915,0.000438351975888826,0.00427954762496993,-303.870811199084
766,0.00983781572422416,0.0153342240360601,0.00435055270266454,0.0229016298243893,0.016821710071447,0.00565943345725578,0.0467484597541148,0.0338090493015254,0.0101706125773787,0.00431687116339804,-299.218849177779
767,0.00542913432140913,0.0180939388125165,0.00428593622400925,0.0207164733234645,0.0182028048372425,0.00164525178341817,0.0402539081688378,0.0457627138223784,0.0165645945038717,0.00454520735071252,-299.576500762313
768,0.0026073977849117,0.0166277609758855,0.000846409568999891,0.0235817013810271,0.017954856854904,0.00321615137380828,0.0157103198529831,0.0350993289226338,0.0112764246064999,0.000461419317566499,-298.858077020646
769,0.00837427071860191,0.0170551337317968,0.00630351662100787,0.0165479514412916,0.025217235100182,0.0011437432943402,0.0339173393942069,0.0421727023803067,0.0151987328598937,0.0053434792409892,-300.011618483901
770,0.00727120426192827,0.0287681401056725,0.00348676494151848,0.0191127824031149,0.0210695519103849,0.00372576544183601,0.0269583871811212,0.0545058127366703,0.00354912853405936,0.00198648105379055,-295.271596949019
771,0.00708908899848935,0.023401253341391,0.00314202724916925,0.019840242819196,0.0274147872809765,0.00226286271547442,0.0309336806495544,0.0386319058705258,0.00432586147276744,0.00406010871045211,-294.798482103155
772,0.00726523926218522,0.0142424253315651,0.000659771949281523,0.0222438970937494,0.0141748471721402,0.00537402631433912,0.0314092974392191,0.0419686183756663,0.00415425572348037,0.00299555838163938,-294.614014755616
773,0.00390763458713889,0.0152482983054973,0.00228163859072894,0.019711150033656,0.0148262216979706,0.00544652783545893,0.0473174710840212,0.0380649206371062,0.00398660450490028,0.00512500831563534,-295.98628789149
774,0.00277264832260836,0.0153542784781983,0.000179074992355178,0.0192570807142852,0.0235557102188249,0.00577463271300422,0.0361252069013099,0.0382994149593513,0.00619717366923914,0.0091448077360906,-297.076358348776
775,0.00387286189220276,0.0173435461923566,0.00550489371142437,0.0162474883382528,0.0122175585308518,0.0052387122574538,0.0380315737992719,0.0420269199053176,0.00272090785380729,0.00247750781208083,-295.929592207269
776,0.0115016700065585,0.00888886637979606,0.00829433547581192,0.0139023821035846,0.0239616129174902,0.00136125670584537,0.0225925024642549,0.0419937270134215,0.00996774813515459,0.00230789128990689,-298.464557167415
777,0.00723147209958738,0.0110503419792637,0.0177352282352914,0.0179451208577885,0.0232528414318274,0.00132166167359618,0.0306234532815929,0.0337737584317026,0.00419220363672275,0.00230314230460929,-297.169979227246
778,0.00710473986642296,0.0194599753862711,0.0200207931951743,0.0318538949240688,0.0178660791273274,0.00198542684820773,0.0306349166775987,0.0271948354230438,0.00464775686005357,0.00444361352129813,-299.608744250607
779,0.00828062038525328,0.0179032187652059,0.014567180526152,0.0284487486484567,0.0263348831521655,0.00114769409023473,0.0272458573830385,0.0327685989524821,0.00365165004114129,0.0018409873528494,-298.544848438771
780,0.00227290071735765,0.0159758364049212,0.00657020626736817,0.0144577021369233,0.0167483427703619,0.00106859632630171,0.0366175668911788,0.0349846555859456,0.00450869359697165,0.00172753260921111,-294.827486713997
781,0.0101215654032478,0.0179946854323106,0.0132551833204986,0.0161336013549547,0.0214821499368545,0.00259085200717348,0.0447044214953818,0.0380100716679245,0.00448285905576492,0.0012283417306254,-297.780593454719
782,0.00532232545678946,0.0127810614396686,0.00660121884719941,0.0220240173336141,0.0163872965713686,0.00219330691502325,0.0414067573208848,0.0365900347925842,0.0035755074125773,0.0026792454391082,-295.052750703066
783,0.00611536928740473,0.0139189142540663,0.00220876189151338,0.0208558583118718,0.0213864717403838,0.00528045830149711,0.0228016097071012,0.0372317171583779,0.00535186713895025,0.00289290248866561,-295.009601686725
784,0.00217558846248114,0.0241156766196517,0.00413483445786313,0.0122255856204447,0.0222990257318451,0.00399885313896241,0.0337975137884183,0.0244807197642326,0.00461165287429274,0.000794201247790725,-295.924067334079
785,0.000751113951312617,0.0155118537700917,0.00485368201182285,0.0407055992443735,0.0190586154379541,0.00410458574681349,0.0260525379739542,0.0326510234092373,0.00528622522025384,0.00189098056714991,-298.107747316886
786,0.0105762662000537,0.0160515195190318,0.00778149656505352,0.00500878641667321,0.022913464195574,0.00098092362946394,0.033123672538092,0.0645441336888683,0.00450933962767702,0.00309028077335527,-297.447651808607
787,0.0121851413152796,0.0252100785169947,0.00791115440216156,0.0101602705736039,0.0212363685843304,0.00195255619083353,0.0386805723254068,0.0495990337670754,0.00610492172222988,0.00162578671694539,-297.110277058334
788,0.0162067965406883,0.00995375005361355,0.00804525395827653,0.0314095170898905,0.0186571442952219,0.00223133382944719,0.0408796414225787,0.0436508651953835,0.00371398703229198,0.00604055631927307,-299.927910061083
789,0.0157074512990719,0.012780161035226,0.00469281947893779,0.030699150719767,0.0192051749541846,0.00864686062759606,0.0361270964233827,0.0267208046439969,0.00322009081258703,0.00781829670843386,-300.323765348491
790,0.00259768045976326,0.0130543812478731,0.00751598124292291,0.0325361865742361,0.0179952548481469,0.0095266892679616,0.034148743931689,0.0571162727689014,0.000542338084946585,0.0105915853376351,-303.726052134593
791,0.00553156648807456,0.00974529314690908,0.00140193332206082,0.0307182972346343,0.0140612017837686,0.00778775985644569,0.0352932690194441,0.0548009880268311,0.00260949074028289,0.00915913730997869,-299.38463720582
792,0.00870747826076814,0.0213305563336347,0.00353629613971762,0.0218883176855491,0.0145179116836361,0.00718843009793766,0.0383313988502884,0.0488454982217716,0.00946049643666325,0.00965991415605847,-300.184707070566
793,0.00596979178102323,0.0152758330572927,0.00483229145391488,0.00178547154060839,0.0237953813155009,0.00299178122999638,0.0276910768136936,0.0280653801128438,0.00566009695950164,0.00956785925631359,-297.425172413654
794,0.00872078623937406,0.0147579496480697,0.0142148858853065,0.0007274352777681,0.0239943270221731,0.00225317578654524,0.0288988353557862,0.0207217705115661,0.0065982728366063,0.0182561946575112,-299.56375114471
795,0.00548370510233228,0.020929483845051,0.0049233768986736,0.00724890724009947,0.0170579839170061,0.00339649045142323,0.0304371514413499,0.0562317396647231,0.00432373803209803,0.00738390577250831,-296.203059791922
796,0.000504724030036796,0.0394052936071742,0.000976361093936316,0.00313980845634062,0.0180058797878022,0.00158058050204463,0.026416739763362,0.0405919208695072,0.00383478663338052,0.00711638933797875,-295.880484730952
797,0.00279096278022131,0.0325723713088733,0.000676683277868754,0.00664980977553412,0.0161553714135154,0.00717535313384577,0.027204781639607,0.0304785601726637,0.006688279492256,0.00721140096938117,-296.741224692739
798,0.00511576602747441,0.0158375635419214,0.00265174077082878,0.0123253644114055,0.0173905918053706,0.00387772494138093,0.0427446107862404,0.0590195711502729,0.00211352921883636,0.00705143410319106,-297.13346174334
799,0.0129158609772962,0.0246525353243321,0.00406294338666683,0.0163935880592671,0.0254716716010693,0.00066644374173089,0.0341753418708006,0.0391034581650315,0.00211174099596495,0.00379291666418676,-297.615160445335
800,0.0108464136329228,0.00950656958559605,0.00565988070926092,0.0216447124579137,0.0313735750251623,0.00928112083340252,0.0436741017393447,0.0346958099664963,0.00654502566681653,0.00478438099738574,-302.495960745564
801,0.00944883345702481,0.035782007543833,0.00597563971510374,0.00886752634886574,0.00716693919154702,0.00764181297882141,0.0203695531201771,0.0349087177088583,0.00540259123654588,0.00544912903329509,-303.699692106501
802,0.00656839090008776,0.0194434717551944,0.0071639439073094,0.00694473373045749,0.0348348883051314,0.00157387179481339,0.0397078309677497,0.054683952472216,0.00314365478119171,0.00217436570299535,-298.212953699563
803,0.0167420987228808,0.0194524622949323,0.000445144724339613,0.0278653116434836,0.0164113913749662,0.00403194050068854,0.0379542980554475,0.0598028022824531,0.00584225863171193,0.00172561084184118,-299.019198670499
804,0.00570107932453567,0.0213693759275699,0.00363405075320297,0.00402647866533392,0.016195787324173,0.00607273635527522,0.038865529376442,0.0323890300983592,0.00643146609278854,0.00269793901968047,-296.219178823808
805,0.00452840767428105,0.0210058634233663,0.0104805992742377,0.0304634529553519,0.0197460111110563,0.00374177015913861,0.0230714796109841,0.0319057057714652,0.00319645998996954,0.00227321577307282,-297.200688817554
806,0.00233791165378658,0.0292806678873295,0.0100749356325055,0.0252869057601479,0.0223599601105718,0.00697744553626173,0.0228133760321583,0.0560416979035502,0.00428746298140666,0.00356229464809507,-298.899889547837
807,0.00726850961548101,0.0136280926150122,0.00583444482551213,0.0189450508819138,0.0171607051064387,0.00568490854308795,0.0442204688885465,0.0649926988285082,0.00827061951761702,0.00356453799830887,-299.153232870781
808,0.00122229806187393,0.0231774842741838,0.0110924170891937,0.00846829872729638,0.021731049550964,0.00119234789790869,0.0359208284197032,0.0346648332235626,0.00316821512813439,0.00565597776698884,-296.469889625687
809,0.00513248175240039,0.0236834537805403,0.0207768046348779,0.0135460337001992,0.0196036006138499,0.00170735791443702,0.0352378928037171,0.0625315734963901,0.0103640042735552,0.00175838215809282,-300.1460392798
810,0.00441966138719482,0.0158913325548442,0.0124260330130829,0.0159334527769339,0.0195228302243679,0.00580864527001059,0.0336150264521127,0.0482415952076129,0.00277290937857787,0.0008882428736486,-297.070004744395
811,0.00242585506681508,0.0257496014362785,0.0132272144127262,0.00891862838766448,0.0211666539071397,0.00199001270715378,0.0270046265758774,0.0369983650824154,0.00318298767985185,0.003675506274712,-295.737035767536
812,0.00457041532823134,0.0150516130319191,0.00795162022402659,0.0149888046087196,0.0173882576393509,0.00125510720430187,0.0168255037044719,0.0428357568300709,0.00147857156461184,0.00114871311028523,-298.356054134352
813,0.00477463769744327,0.0355399510662078,0.00569253457610777,0.0204506874447813,0.0229221615945908,0.0015619151511874,0.025540268330276,0.0405970426193998,0.00769902975980994,0.00125809602227759,-296.486415432883
814,0.005567009164081,0.0175381277288861,0.0028418440145586,0.0188906138855627,0.0170996386813792,0.00145618824165106,0.0309401948051024,0.0410064583411462,0.00638340411952802,0.00898218300852054,-295.431105291115
815,0.00415079103709795,0.0205455367176245,0.00119581976833378,0.0185373549492105,0.017620105312884,0.00146375693968791,0.0179875630635094,0.0410128350616649,0.00416063568056362,0.00327402622420981,-294.744641587769
816,0.00580383932358976,0.0160997742601122,0.00216982040228918,0.0279363849888064,0.0227381013783616,0.00325644924497001,0.0412817767624256,0.0272230795688326,0.009053642111307,0.00123974362231354,-296.266226000822
817,0.015842259752064,0.0195594895977866,0.00560060899449312,0.0286987299879187,0.0234657819109595,0.00292248624830775,0.0264058821483365,0.0413619318469071,0.00488014088869388,0.0102169972774713,-300.930602213169
818,0.0169587913323002,0.023024163394697,0.00286382254415051,0.029730324895416,0.0218748138310543,0.000636802732175099,0.0354155670949926,0.0255932430818577,0.00642532790097696,0.00522505402092386,-300.127942546884
819,0.00603941896155218,0.0216142645550715,0.00282591963615129,0.0268737378233245,0.0170141370859102,0.00832337369569153,0.0357735922367132,0.0368606343461307,0.00499860727539856,0.00101572110023097,-296.114697523924
820,0.00173287538036763,0.0200182747457353,0.014520435831939,0.0194650826131979,0.0168066047677504,0.00134295507279796,0.0454000364613273,0.0439858684564178,0.00873580716140329,0.00350808721314826,-298.409699426071
821,0.00387308174771551,0.0165739409491891,0.0198846330807671,0.00953194681270372,0.0209496699877441,0.000632670670671033,0.026181821518229,0.0432050545017643,0.00477309108363842,0.00414155825219863,-297.380595071673
822,0.0144060639043155,0.0190614153633797,0.00653367243085832,0.0119134350368792,0.0201368792428379,0.00309242478792267,0.0429702518984704,0.045413893823849,0.00569317298390152,0.00292277172214858,-297.455114671908
823,0.00934168596979109,0.0164145691976574,0.00932672696689043,0.0137110113663181,0.0290638266592654,0.000814745933891874,0.017699989221162,0.0541905744978006,0.00342967797680289,0.00684384380803877,-299.266174459918
824,0.000589170618186949,0.0344243951848243,0.00721038064963671,0.0191059307542619,0.0164484439731097,0.00664825630162927,0.0215140422355913,0.0586903240893728,0.00805984946129937,0.00534253193890249,-299.505580312879
825,0.00614430575140176,0.00880422761720106,0.00558045505668348,0.0139899049802834,0.0150678705794133,0.00807781795100283,0.0243660652104976,0.0143636167091824,0.0223201068931309,0.00660530971828331,-308.554581580616
826,0.0173079115342659,0.00693554787456086,0.00133325406130462,0.00435823715925866,0.0121741102910092,0.00442595961105794,0.024001245194439,0.0401756268694128,0.00571811332401843,0.00242172401299388,-302.331187914028
827,0.0178991409442302,0.0502287856754211,0.00542053194368432,0.0059822730433875,0.0122481289605774,0.00556400785428426,0.0403862449106556,0.089748829822772,0.00361911755322122,0.00486926116156831,-306.206313784147
828,0.00895215807873269,0.0274317090493474,0.000512153223810312,0.00189933669362647,0.0205294742448209,0.00335360711296025,0.042646580039293,0.0412576227775872,0.00194682761251656,0.00418208664091239,-295.459432433532
829,0.00437408391537711,0.0288927164699825,0.000508758269461235,0.0161146351498155,0.01527253388309,0.00326027616829525,0.0244699282576085,0.0240545549000093,0.00295824482784915,0.00445799082753174,-294.630372985743
830,0.0041732774697279,0.0210220153929651,0.000376831170867605,0.0184706643442852,0.0138442710691441,0.00280073390889124,0.0254500802288825,0.0175469881039817,0.0033693955402863,0.00772304474691517,-293.982510035179
831,0.00675408935335529,0.0148532394736811,0.0013371613457023,0.0152775601045514,0.0209512462842118,0.00265244637867196,0.0362300807192498,0.0291114750278402,0.00324067859003121,0.00662793584825518,-294.554319220116
832,0.00349657384024104,0.0170414841610873,0.000214576363302192,0.00889130247930862,0.0220876285646598,0.01025192347084,0.0216993570151049,0.0154581671736156,0.00312341903635016,0.00583699376212233,-298.599058735883
833,0.00862938129700847,0.0156595817256248,0.00510292655423823,0.0112318788690804,0.011655637279905,0.00792257990002038,0.0362244280227548,0.0403858758501077,0.00441675509324986,0.00158116325325465,-297.323950706408
834,0.00564623001416234,0.0305679107290859,0.00208949542926349,0.00482769868391284,0.0169020221609931,0.00515221652657848,0.0413774175383334,0.08518996492312,0.0056445937072182,0.00399046260471318,-296.924463546353
835,0.00671740211778248,0.0280659841947146,0.00142290340488894,0.00604485679085187,0.0246034439221254,0.00892063813574536,0.0264730833978678,0.0698789740558445,0.00412709742313601,0.00510079889443886,-297.637796060447
836,0.015842402571243,0.0187832917149204,0.000846484368989639,0.00523648403676993,0.00945066419646145,0.00682565333137089,0.0366055793680978,0.0484106029633091,0.00262440169643731,0.00719289049978511,-298.954863758456
837,0.00914392342851482,0.0336414379751633,0.000710539463513663,0.0112166712855868,0.0282489904820541,0.00402949108113541,0.0403751645439313,0.0277046169718312,0.00449805563286891,0.00488997437538911,-299.190674847355
838,0.00187456256933225,0.0352437205550815,0.0047089293969458,0.0264077053959511,0.0176320597882758,0.00228479202278905,0.0239900929603651,0.0431586198717985,0.005929052708917,0.0026318836015204,-297.033363236165
839,0.00731362113765686,0.0129119798123471,0.00577047839838181,0.0312138779346442,0.0134355378057642,0.00404266672009698,0.0470134887176725,0.0469488740720967,0.00401049398433381,0.00700708120567589,-298.379839981227
840,0.0117395416095947,0.0189282132937715,0.00482709977812782,0.0501449234539497,0.022255078116405,0.0067210909328928,0.0498077405969514,0.0241242347336663,0.00317345490191478,0.00353688828929543,-303.919503069202
841,0.00434858661777856,0.0054509121511895,0.00324455707535909,0.0288929877153083,0.0181628638206978,0.000567982786381778,0.0317111012019223,0.0477102513875576,0.00709291714867687,0.00381985250504534,-298.353878252947
842,0.00240336043546214,0.00623975698017233,0.00832302414558119,0.0253081608464302,0.0347106085919053,0.00126817810326081,0.0361484410366992,0.0305577464581954,0.0100964986621092,0.00434064694274632,-302.990801177191
843,0.0136828606322426,0.0206565706431259,0.0105672295287752,0.0158189195124886,0.00911484913842695,0.00158843392695729,0.0302134996029462,0.0432275027378656,0.0063901133366548,0.00204123281933903,-300.535240388377
844,0.00538339857217256,0.0207560152727134,0.0119716807597975,0.00727272872227688,0.00909772519077627,0.00656340916943616,0.0237533851530064,0.0270829695526938,0.00234234881005413,0.0109401862540978,-301.517621226454
845,0.00427766011929183,0.0289393068826948,0.00333911398892218,0.00684904080974874,0.0101428275078351,0.00359258315287252,0.0319324937077103,0.0500944409689446,0.00279056677555382,0.0119983292578982,-297.710579932485
846,0.00620741151375308,0.0287990573847925,0.0017461397032447,0.00665495690353135,0.0179607551286376,0.00110120103315704,0.0279217223186601,0.0478224622008199,0.0072055744387111,0.0130209014890731,-297.936725185059
847,0.0104165736910157,0.0331903851985469,0.00109016654423237,0.00747225549660417,0.019294544509104,0.00946658426475145,0.0266595687896104,0.0522367381543241,0.00429843333293853,0.00947441607311022,-298.490632629986
848,0.0111766195735491,0.0278455286306453,0.00125109188878346,0.00262702551960903,0.0148476087132609,0.00129124459841418,0.0332416869479174,0.0335735626990438,0.00589239331140018,0.00739512946076869,-296.420551571409
849,0.0122876895273348,0.02176133493253,0.00488655448842838,0.0129206500218425,0.0167174763600029,0.00736270284051159,0.0282505717123697,0.045520227707631,0.00448820644050115,0.00173597994931352,-297.109647559682
850,0.0100002389193652,0.0180020420915016,0.00650764569375398,0.0136425609723506,0.0176113806060528,0.00411758727093061,0.0335976753704813,0.0232464355047984,0.00460032709792157,0.00200134952190584,-295.713595426696
851,0.00539480670383361,0.017829631961874,0.00195766904898785,0.0314762433493268,0.0207136125088553,0.00322494336296797,0.0269122907810004,0.0398918751181378,0.00661641836716995,0.00326814345490933,-294.979595024028
852,0.00615133019147332,0.00731764398600395,0.00208054683644003,0.0254116535339032,0.0221749002427794,0.00405794390266276,0.0209587270338114,0.0494711575550706,0.00460596814023294,0.00376681915334862,-297.68887297514
853,0.00265109303061308,0.0158591778935098,0.00851028513034951,0.0288111141621851,0.0228692243948962,0.000713923282215187,0.0242789788553356,0.039311376075696,0.0064745252939096,0.0044583522930773,-296.570788710699
854,0.00439688002826883,0.0146608856319588,0.0047521549693921,0.0187247511904216,0.019088523864484,0.00562875184655769,0.0262469992556339,0.0357215143559146,0.00413524536048701,0.00477715091146431,-295.171974338087
855,0.00460499536140038,0.0169936007289916,0.0105056120946778,0.0162939983774239,0.0180977979855858,0.007013190526192,0.0276544960057933,0.0335786847958566,0.00413410027799076,0.00281645770887067,-296.321416274375
856,0.00724916800563398,0.0256013001446387,0.0134991226324636,0.012381996274983,0.0197373577830159,0.0123374806459416,0.0256876920591682,0.0348161703936703,0.00429585562661714,0.00177035708563264,-300.339800496725
857,0.00801350897420839,0.0190595867912427,0.0105574201326128,0.0254345018933019,0.0160559347078087,0.00978510252000554,0.0313626493053713,0.0325287649749634,0.00652262309746915,0.00898962475813005,-300.377209131284
858,0.00852780910669234,0.0199987891901095,0.00793839602833612,0.0259908383102116,0.0162229612694675,0.0105277013312138,0.0447538232810462,0.0310430871504977,0.00304912700678578,0.00186610613398367,-299.513837176802
859,0.00619320466006977,0.0211123034828347,0.00550805824903686,0.0315254379435078,0.023271313455448,0.00779169997496995,0.0348667650466799,0.030624018299099,0.00554149031875878,0.00483378080890255,-297.707006752833
860,0.00387632374325987,0.021778359874045,0.00242162214832326,0.0264096928476008,0.0108369587570263,0.00180612424112223,0.0245947025623586,0.0469565737530596,0.00784501619818113,0.00606921172393876,-298.083359480417
861,0.00461851131633778,0.02420527527241,0.00278968939785717,0.0348505367804591,0.0336517755703485,0.00133036019572769,0.0300559557279394,0.0524135411804942,0.00315069655894231,0.0079546136561809,-300.432076233058
862,0.00771521181966001,0.0158536971082066,0.00661549562726433,0.0428033760413072,0.0199861540437891,0.00299532616420029,0.0308023541245634,0.0162132199772999,0.00300707094228072,0.00467468660360445,-298.559413209698
863,0.00448999488266664,0.0260946318135706,0.00483177370860592,0.0134651986160109,0.0190040344972126,0.00173077431009511,0.0250322754482951,0.0392894849929458,0.00602170549622383,0.00742451842451448,-295.486723745682
864,0.00686048082551628,0.0182939142684046,0.00746980458445125,0.0174732585026676,0.012091699398182,0.0037943580623659,0.0251171021592351,0.028165950352005,0.00232508112431846,0.00102364687592021,-297.288076720068
865,0.00309641968206833,0.0177275732561751,0.00455529968560821,0.00487973692955192,0.0207537973039533,0.00719459192492274,0.0283968522361221,0.0329076414181514,0.00276793861261129,0.00100451883062736,-297.937927533592
866,0.0051918663277186,0.0257512105240339,0.00416149076778386,0.0168327706083945,0.0153469022014823,0.000323032876168244,0.035592711464718,0.0294885114344215,0.00632172881347639,0.00337780120716542,-295.671370072877
867,0.0043387122457016,0.0236701888158416,0.00155913128950769,0.0222302967017258,0.0185645580758068,0.000816418424007971,0.0301530190735107,0.0423016953786939,0.00309358265415706,0.00432062474955102,-294.046387345323
868,0.0122689912131249,0.0123173726559365,0.000581591641961565,0.0330869375116216,0.0193362001575837,0.00208730350512458,0.0272677598343549,0.0170126637508954,0.00656012895677399,0.00714084509858276,-298.32819256469
869,0.00316145395915852,0.0288061676952245,0.00295354738981395,0.0230496650817333,0.0151533410786508,0.0102232076681689,0.0296988399171024,0.0381523437024227,0.00226027599774693,0.0120431881900696,-299.41771689197
870,0.00654801085288921,0.0244114525273625,0.00585670152931207,0.0143964029727386,0.015259511611101,0.00129025637991965,0.0359850720811054,0.0563750922609932,0.00314271768827064,8.10920965391615e-05,-298.056734219642
871,0.00384967785014094,0.0268296046417102,0.000862831847525896,0.0152006215270165,0.0244029399006689,0.00425240444126322,0.0421593619487469,0.028473490985011,0.0022288692442675,0.00593966984152346,-296.317500935977
872,0.00696712124563764,0.0179034531532363,0.00600804913706284,0.0296523231096533,0.0225395793437114,0.0110265531680591,0.0282898818743415,0.0269190589181566,0.00463865098555944,0.00753479458969762,-299.348001237957
873,0.00398716632717767,0.0163733217207334,0.00692751917558509,0.0380999410850768,0.0125676793331735,0.00268101096473082,0.0392705219604301,0.0316407824494917,0.00206010547953523,0.000334920977062286,-299.10217992468
874,0.00482412877993867,0.0157639708692506,0.00161645048381608,0.0321376049130581,0.0261281343473443,0.00337008146100887,0.0266228659123826,0.0335253001244263,0.00650483638580441,0.00562505613558521,-296.270810906002
875,0.00545222610315322,0.0166373043864524,0.00220818294423012,0.0187177169453928,0.0234829194244579,0.00243080674066912,0.0338299344252949,0.0343257865167894,0.002737678212925,0.00226164442079276,-293.663942419222
876,0.00897254978747171,0.0174178998833394,0.00857846934971015,0.0180200867579972,0.0268349136226542,0.00463222709867271,0.0334811755306153,0.0431431419895864,0.00842977707380201,0.000557231794564937,-297.913292670652
877,0.00494626382273894,0.0226481391416146,0.0130396455795231,0.00526367802559471,0.0172188341472101,0.00122676749786211,0.0276785435264228,0.026768395130175,0.00810842853581834,0.00912352715157671,-298.304955938257
878,0.00236776862782531,0.0217520549085617,0.00976167313684998,0.0208892495844773,0.0130186604122813,0.00123579366274354,0.0252368461368646,0.0216928776957732,0.00218886509773124,0.00826715841320167,-297.971015395963
879,0.00615463327835358,0.0137079301243464,0.0121517168767554,0.0204149795209528,0.0198157671585752,0.00234550144413835,0.036397130203866,0.0294795934677025,0.00638427156063036,0.000100965403896513,-298.310588193228
880,0.00214156202285706,0.0222207501433803,0.00813645140466061,0.0239403072191973,0.0191813421249888,0.00956274284798047,0.0130585551418186,0.0253315010114995,0.0029238229130401,0.000815349489767736,-303.290274460748
881,0.00734804268353706,0.0288596710387298,0.00350249298243625,0.0289415881579234,0.0160169132243882,0.00391000028847489,0.0211465149642516,0.0405595555960436,0.00769744668835632,0.00421221645430061,-298.40699358832
882,0.0010224225249673,0.0202255771442014,0.00889485425445629,0.00598670206504072,0.0236311541215061,0.00435008741801938,0.0177742896952221,0.0421180684607861,0.0077238987373637,0.0150704131864615,-300.255175956089
883,0.00677352745530656,0.0291924798210786,0.0133106935650493,0.00563769371693213,0.0239928652246121,0.00294795156086582,0.0293124561374398,0.0592955214225202,0.00869167332582071,0.0172843361505317,-302.03332664103
884,0.00389120741599604,0.0112899717328554,0.0111206785310309,0.00366001112018782,0.0268438446347959,0.000342829957875157,0.0320307300336662,0.0309830912210432,0.0104241912426326,0.0157578680213658,-300.540321013466
885,0.00744177940120302,0.0162841474867244,0.00990258612230945,0.00277227874238403,0.0275504774166054,0.00299581656922993,0.0309477442773587,0.031516590849066,0.00703913135230848,0.0122625341333249,-297.946302951943
886,0.00197860415962309,0.0155601291826498,0.0068464115712884,0.000925883371881391,0.019661811727455,0.000925222848376255,0.0331503658001018,0.056610816953415,0.0073777541923022,0.0122382979710257,-298.007995241238
887,0.0138635515818869,0.0134650568971397,0.00899633229151061,0.0205816408776208,0.010417086446615,0.00317705351145651,0.0309090759615736,0.0237384223534639,0.00293393518064718,0.0108778232165073,-299.662871526915
888,0.00384813173638925,0.0283877296041261,0.00700740146570323,0.0261392440972648,0.0206451781416019,0.00359208680530425,0.0313025640552677,0.0241317279851213,0.00335197002035314,0.0122218114734212,-298.774329850106
889,0.00392210076312154,0.0244709666834332,0.00523535585249416,0.00651249539165762,0.0160875050261844,0.00961079052374089,0.0342241532416537,0.0307389285643256,0.00466097249313047,0.00196611739304261,-296.265324721253
890,0.00468441009232774,0.0195552825222878,0.00258450388415653,0.0253486263977018,0.0191649943661459,0.00405153925764682,0.0385538117522558,0.0538654533397009,0.00261305411898107,0.00696388428553375,-295.849455805516
891,0.0109741889386299,0.0240767558648425,0.0012731222296088,0.0240864763810342,0.0118883586702686,0.00735792932008584,0.0445267819957672,0.025121411895572,0.0100172286372582,0.0060476033680454,-301.156567659549
892,0.0132231538981652,0.00844368463103145,0.00761399910766722,0.0165981933109578,0.01774448038049,0.00236544528028043,0.0217770257684336,0.0205971895641219,0.00608209597807263,0.00657075308616015,-299.919954215547
893,0.00790318365600818,0.0221503149307429,0.00251128703541564,0.0175631783630037,0.0162006522603624,0.00292981410927291,0.0434637829059547,0.0399971847533689,0.00749306713244108,0.00216109762081519,-295.492049483192
894,0.00654231563415475,0.0286294161753386,0.00383007028307164,0.00895502289199143,0.0167794970296044,0.0126435382333575,0.0255778306658811,0.0467456509684147,0.00496913717920412,0.00351766461629148,-297.615077184917
895,0.00648391547351352,0.0316847526924704,0.00116159727443742,0.00992443737879261,0.0174594677458273,0.00999882007623788,0.0361241903633115,0.0481131646820059,0.00634319243978621,0.0195007770503086,-301.749392536661
896,0.00290771243661353,0.0300608301458155,0.00568932934750067,0.00655983716222878,0.0208412587987453,0.00989896522218013,0.039189964207609,0.028817157088207,0.0066045920724559,0.00755826242990197,-299.556311000484
897,0.0121669542660088,0.00891270571335815,0.00347643333008449,0.0154716390193666,0.0220917089896232,0.009916865893623,0.0356564541774447,0.0277232341821443,0.0053688112283212,0.0104978194001177,-300.541745511658
898,0.00916420948596989,0.0142036789060805,0.00526206122935098,0.000599834216583078,0.0223247145548755,0.0060041661897029,0.035031632471725,0.0371850595030239,0.00715601612144026,0.0139949281690877,-298.722463386481
899,0.00360773616375409,0.0181374882582276,0.00771032385595588,0.000600144439904966,0.0264398596883705,0.000441169700080702,0.0293602206769094,0.0450742035725959,0.0106953583731132,0.00505301229339443,-298.006175775214
900,0.00316287813907881,0.0146098363845497,0.0234781587411179,0.018420082220391,0.0292960464968482,0.000383038369639593,0.0361571769954946,0.0441206414481751,0.00922972649174942,0.0058857034262159,-302.121604447171
901,0.000969795169849771,0.0231363574597634,0.0199355238295945,0.023663790818843,0.0177022724121574,0.000166546511925708,0.0292578527459645,0.0551351331339107,0.00606089691022273,0.0019127624694534,-300.654164240299
902,0.00398154458010198,0.0209788918160996,0.0176423383273106,0.0128495839068869,0.0216082362040943,0.00471463407505648,0.0385102400571182,0.0473032174095796,0.00358313929903279,0.0146266630921997,-301.041967650259
903,0.00803203304638865,0.0242478695121523,0.0434965566097055,0.00724695650643762,0.0166187426350732,0.00522374555716325,0.0447645743922741,0.0419423233711532,0.00380397019903163,0.0052328320980184,-305.997617565754
904,0.00148159394163165,0.0237425171231131,0.0197126450028099,0.00771655650328786,0.0180357782356542,0.00146728573182874,0.0184081220277841,0.0484747679712598,0.00484418229889594,0.00211489181983074,-297.933498960379
905,0.00670587070186382,0.0187525435178782,0.0153476063444467,0.00953073930648549,0.0171952702528662,0.00228058185318047,0.0288933929339333,0.0466739391581358,0.00472982314041978,0.00321248865803623,-295.948677576534
906,0.00874545051122761,0.0158659359716245,0.0146330133256353,0.00410878944335257,0.0260884563878115,0.00136700041126781,0.030219755697383,0.0559427782150686,0.00258017446644356,0.00296618486869943,-298.631231122044
907,0.00504290340388847,0.0183114322020026,0.0150267181127837,0.00436980712037179,0.0227740776760239,0.00254492547029372,0.0348276595691922,0.044331113278157,0.00647681263513131,0.00699463183785506,-297.653204565435
908,0.00728036420429047,0.0149356405496593,0.00296163636083395,0.0265708400606883,0.0171584844342781,0.0016556462443756,0.0333038923988847,0.041813764166374,0.00663517798180883,0.00296488744715257,-294.280062066988
909,0.00739859710202655,0.0207175200649401,0.000679687930209524,0.0202900395777894,0.0186470420810144,0.00149504647687769,0.0325090152061348,0.0486496542226787,0.00257383791867551,0.00290874069458081,-294.034102448909
910,0.00895341865147847,0.0256243732132968,0.00155445365284478,0.0144853358549783,0.0226781703851673,0.00109795621550282,0.023894909605556,0.0440162591368924,0.0083900683898527,0.00191946452501115,-295.099017039997
911,0.0100243594004495,0.0179296119655828,0.00609561086632924,0.0341464799166998,0.0267942388673321,0.0015679120155785,0.0382931709673988,0.0411123769827929,0.00324399520636531,0.00266947736724869,-297.536929652837
912,0.0097442180789102,0.0122923881245747,0.00443122979336224,0.0436544540545364,0.0296370912079345,0.00291679151625875,0.0422744112906086,0.0238961100792728,0.00701280220897975,0.00374503714272124,-300.965612171862
913,0.015951359335436,0.00900118260013833,0.00307744877727821,0.0272360766552415,0.0249036461745024,0.00351929226961874,0.0287931565018756,0.0234687081855242,0.00762064714724626,0.00139771497637197,-299.562809535254
914,0.0154733635629967,0.0170169457029316,0.00317364345791854,0.0153705649676122,0.0161054768524601,0.00133576524912436,0.0387510835325961,0.0435373435651643,0.00718568085840411,0.00116671076804768,-297.376050834369
915,0.00684984547450213,0.0330193459519537,0.000822385464704543,0.00186560257959061,0.0218284447269879,0.000509505480945889,0.0279177837179213,0.0521438440568371,0.00262387482759389,0.00362285193778076,-294.585340541057
916,0.00402305481536378,0.060295622327924,0.00832727836420438,0.0041302008493677,0.0276547842060152,0.00518261723806776,0.0336057418132986,0.0566826610362555,0.00697177817843599,0.00130789839698724,-301.96393436189
917,0.0047350801744678,0.0568983463059679,0.00789107722636834,0.00216744650612202,0.0245905241733075,0.00620900278096727,0.0344714115608081,0.046209697055285,0.00789739127491157,0.00128265640325576,-301.341458212009
918,0.000695993273948997,0.0174584064129849,0.0188700092803396,0.0188169951845582,0.0248165713677314,0.00595971921062858,0.0316450719993437,0.0532698192368398,0.00796313977658295,0.00228293784161811,-299.745768803998
919,0.00127843709204716,0.0185540355925527,0.00328682318630658,0.014850926224499,0.0159753080976422,0.000845762564479178,0.0329810036054107,0.031109159012162,0.00175366509342036,0.00224120050329676,-295.483400703681
920,0.00484745615193722,0.0170967281243557,0.00281795360769671,0.0182028505597628,0.027142341499339,0.00352661547619281,0.0227591986914408,0.0508152022056017,0.0065655679093254,0.00315186296052622,-295.030728391966
921,0.00445948899188988,0.0226502842297672,0.0126074914361861,0.00902127801016247,0.0193421245624153,0.000809047406517311,0.0437371547983167,0.0384193534357721,0.0029434385420594,0.00224103735720962,-296.555796886305
922,0.00151533904138299,0.0196495058172177,0.00756706750580153,0.00864662958353834,0.019988256737361,0.00374512422190638,0.0204251240019277,0.0357471164824113,0.00764890484268103,0.000607120758099777,-296.679305175306
923,0.0193495365825448,0.0154485117630987,0.00465253268338736,0.00906144044259287,0.020403428210812,0.000975329002500767,0.023297198180132,0.0433733614645041,0.0137712107378302,0.00581581338836004,-301.545629547035
924,0.0187692390843739,0.0326592451837904,0.00495059269142331,0.00732174784474398,0.0198250053748741,0.00596480656253662,0.0239906835362191,0.0592201790928052,0.0104047784587298,0.000257046092739747,-302.836105120292
925,0.0136258497110611,0.0102314009692629,0.00323159230163429,0.0073850285119015,0.0175328232165026,0.00277260647943116,0.0409212937409216,0.0399480280137476,0.0060807787700426,0.000518008514465831,-298.308297464997
926,0.0288109623431925,0.0261649857150237,0.00227577048137818,0.0047919951267818,0.0139845086028284,0.00153777364820945,0.0224053886671913,0.0527410298552242,0.00289946941675282,0.00719793066386876,-302.724509711052
927,0.015539346916636,0.0133438336140395,0.010546699672085,0.00315302219817679,0.0231307790911238,0.00343132739179669,0.0220115520292095,0.0490384668594608,0.010587771715008,0.00528242732571304,-300.756473688043
928,0.0350340168308451,0.0172660186097654,0.00429770107499039,0.00194639998379313,0.027104375278232,0.00209960391351421,0.0244489369221054,0.0351693156802185,0.0104231930455905,0.0092252611279593,-306.744530425179
929,0.0186298054276734,0.0176966278917569,0.00664407737434198,0.000565623081210106,0.0210320983476854,0.00185130212489006,0.0211127483306447,0.0584329888348616,0.00494973677843584,0.000277476677461612,-301.893779186545
930,0.00983832396769528,0.0299962942444282,0.00833143949924002,0.0196721776250906,0.0219838728679091,0.00190147694929808,0.0157123457941609,0.0601034392743661,0.0066173359047698,0.00955602086744967,-302.121714052989
931,0.00167991819657834,0.0275638951108521,0.00218068984447724,0.017161060016557,0.0196199275533064,0.00187596777152099,0.0468396045112434,0.0616606019447167,0.0070813824213511,0.000401872879550707,-297.306729136671
932,0.00549905173698593,0.00842237819537608,0.00596132811734504,0.0303150182015881,0.0206741130942836,0.00294961536464357,0.0238262494406883,0.0451963684737533,0.00510072463495226,0.00747527964779643,-298.357626975436
933,0.00368279267407611,0.0226243208501655,0.00549924412126882,0.01679047645064,0.0231966170454711,0.000787217508462609,0.0311330453593963,0.048252979814607,0.00225357950165133,0.00746903309526906,-295.77048013703
934,0.00184723732207144,0.0220958673172135,0.00646457192166777,0.0286674085962748,0.0216528768864782,0.00444099120475989,0.0314761891531854,0.0650442088483224,0.00749562197315902,0.00719560619045692,-299.297104136215
935,0.00505312312675442,0.0170148363138559,0.000388115750304024,0.0265158887189028,0.019145012703979,0.00181122299011038,0.0388709226719233,0.0568033106961936,0.00282678236954237,0.00525008783765502,-295.296156600897
936,0.00924903988385725,0.0115706027042381,0.00186601205727358,0.0214191332965631,0.0216289875913098,0.00362001135387604,0.0320538047269501,0.0231235437880221,0.00658546805103425,0.00188906104023511,-295.659887863422
937,0.0109034991804355,0.0117536624671142,0.00625259623038993,0.0181298906903451,0.0188185730054921,0.00248819468519469,0.0196838717719647,0.0506756068785267,0.00297836245663464,0.00391579632033143,-297.664000180704
938,0.00508272979503165,0.0222337965110177,0.00359832612398716,0.0184141200354856,0.0246154928871057,0.00434568488842075,0.0394389061885369,0.0302618480477809,0.0043179762741107,0.0049974619840327,-295.414439659319
939,0.00738125038800735,0.023086428478646,0.0014605221567967,0.0178678262953856,0.0295030710444245,0.00188940958596395,0.034345267013767,0.0684367214215523,0.00439757418049142,0.000649524843380691,-297.233010025981
940,0.00521877949140819,0.0200795346689586,0.00477544166802482,0.0244691597594749,0.0262561221330459,0.00332068856903766,0.0398079476528183,0.0693931550280984,0.00558267259812307,0.00357558423611353,-297.647342603869
941,0.00895782175992057,0.0205641177235326,0.00774791230234043,0.0111978827417645,0.0242346765719219,0.00326630192225473,0.0460871693309874,0.0781019754763401,0.00726602295631672,0.00457329610560579,-300.340985554402
942,0.0100995919162643,0.0288969526553696,3.7529120180297e-05,0.0116887449906566,0.0231965026037947,0.00654056429749381,0.0267731532419129,0.0760993387512756,0.00449141239844836,0.00213950215350606,-298.137828116059
943,0.00891402192720926,0.0262514267352161,0.00497757057994544,0.00263381620954078,0.00990720482531384,0.00369564539815159,0.0261655036320876,0.0569629696537414,0.00292002419709457,0.0030369937889736,-297.595831709605
944,0.00695720346742482,0.0336680165260952,0.00472035231187315,0.0100680352351544,0.025304289417276,0.00338226545002471,0.0274246678640511,0.0655681634281514,0.00477546925990603,0.0035814912843705,-296.314395831093
945,0.00201392558962234,0.035194584024543,0.0126781284313954,0.00881451004959856,0.0270332142875592,0.00506419977310853,0.035173391707342,0.0657983357802839,0.00257994625587905,0.00267569850394992,-298.919311927471
946,0.00218154480732104,0.031044615522186,0.0125533502134002,0.0215141748465611,0.0207803452010396,0.0105869724814209,0.025970892473428,0.0405226440425864,0.00804168065768835,0.0055590072496976,-301.348995049707
947,0.000656541260545891,0.0222900284118538,0.00615255613386861,0.0161662944899664,0.0222158087055803,0.00477723215769305,0.032106180429612,0.057891834550075,0.0042412784746489,0.000252649953267551,-296.768047665446
948,0.00967205373487932,0.0176072216247614,4.71580671398834e-05,0.0139649806215589,0.0174606326710959,0.00544587681105961,0.0402982955773816,0.0391757770849066,0.0064073323494335,0.00287102786754649,-295.364766141387
949,0.00399660060536252,0.0243566176170089,0.000517477787232544,0.0144544713886949,0.0195702983362646,0.00387042109645519,0.0244556751546738,0.0320493034963484,0.00197609798546643,0.005247938998665,-294.762996824301
950,0.00666369261707143,0.0267362945381558,0.00045337534528749,0.013696940656346,0.0200660557079798,0.00737701145964127,0.0400855487773829,0.0345643496013381,0.00321289493612474,0.00374631212100108,-295.17976454455
951,0.00921167148080276,0.0142205622673286,0.00547505468731646,0.0283903646213998,0.0180359360905744,0.000656530103767924,0.0456563866001834,0.0366100234306997,0.0031568545942627,0.00180666740977043,-296.622765057854
952,0.0062321492083053,0.0182142108844388,0.000520368123595281,0.0304630116872503,0.0111386419068957,0.00547794564078477,0.035564653216426,0.0292913779795327,0.00739899738373156,0.00386044881263216,-296.325238208847
953,0.00266139987201434,0.0236073716266279,0.000804758170310355,0.01576599661166,0.0155029958373117,0.00400999201377817,0.0308360166372144,0.0358321181852615,0.0105665261095999,0.0064392169089147,-296.792841305754
954,0.00939682366066838,0.0193613692298353,0.000997421665028562,0.0253989332238605,0.0128269335873208,0.00315573697473955,0.0252646907341476,0.0346460384747074,0.0097573795718742,0.000406985891417975,-297.922645450164
955,0.00607843987710934,0.0190867616850354,0.00228038961470252,0.011676835047501,0.0147747692250224,0.00632512359965795,0.0210445690623711,0.0567100870528598,0.00882107995319078,0.00100633394056697,-297.447381452644
956,3.78813889067292e-05,0.0383067030089923,0.00857220782766989,0.0176815575439492,0.0136490243829346,0.00930176493476667,0.0223291166984707,0.0338823783103887,0.0045569059232594,0.0061302455418758,-301.862161325142
957,0.00449642786053207,0.0086309795319658,0.00577582772836354,0.0102530744839122,0.0243568074689362,0.00315906116000182,0.0311740232554369,0.0437715783478901,0.00193027729637003,0.000701425081467439,-298.478437363303
958,0.00470199129200688,0.0215053677436541,0.0045161162220513,0.0164431187614299,0.0221459805467084,0.00149314880002458,0.0389536529064027,0.045005881060148,0.00962946887033402,0.00228350888678192,-295.2123175427
959,0.00223405093881434,0.0242770036898934,0.0037525925212258,0.0138240177374915,0.0274257075637951,0.00328081565964858,0.0214122069485288,0.0479109157250366,0.00885260738277169,0.00253458295826014,-295.082045853125
960,0.00282998253529058,0.0182779009504218,0.00183940087892595,0.0234192399727982,0.0244108025266623,0.00081138779383449,0.0378967460915131,0.0316039233842041,0.00814582382896525,0.000999478836186384,-295.278440313398
961,0.0100313635221354,0.0111594135722864,0.000898745718850373,0.0317524793812206,0.0194612026278391,0.000374571552630142,0.0300857579783936,0.0393491064541002,0.0109868757381517,0.00236443219288154,-297.825059265685
962,0.0136295692440411,0.0121420251724332,0.000353031868584383,0.0284751628719319,0.0146400674996253,0.00103989622783844,0.0292208853178817,0.0296018377835485,0.00774058671614438,0.00819892366295654,-298.198737287867
963,0.00187007007188167,0.0149918421078128,0.00171380989683387,0.0321624399282022,0.0246939130927824,0.00339553468205321,0.0371610572459677,0.0143797330841961,0.00630092644524831,0.00260164896471879,-298.391302431667
964,0.0031250173794078,0.0153901092235201,0.0015255710122348,0.0168009576087732,0.0126825182970997,0.00329685952311341,0.0205952775071045,0.0664706415909487,0.00305518192905557,0.0025559020260437,-298.324039893731
965,0.00747271941494893,0.0160718071280849,0.000970321776383827,0.0196463665092476,0.0171699183059576,0.00363879926350499,0.0295731911280539,0.0246864363888279,0.00427068049629426,0.00613388659842083,-293.878856334454
966,0.00956945465874171,0.0162099067931516,0.000208019127903229,0.0251923888622825,0.0150597769032447,0.00298284238113169,0.0316233559780051,0.0382530999974621,0.00470961542867126,0.00990599435253699,-295.791675493488
967,0.00334475024927895,0.0158932727689034,0.00176644619886335,0.0363481771146849,0.012960480636918,0.000691755247997708,0.0328306542559381,0.0354283580284435,0.00229038547528081,0.00903903016549272,-297.169423649639
968,0.00517069215528044,0.0158591456962261,0.00120316149854278,0.0372093247382532,0.0118256970094626,0.00574502525230189,0.031583301569797,0.0414692513764212,0.00414723427583866,0.00158019298092481,-296.86776624989
969,0.00542422700468162,0.0183033519967301,0.00114971586463537,0.00493604106469582,0.0109237245089014,0.00562930189496921,0.0285343973703276,0.0392002015306043,0.00352419083350569,0.00303426781494279,-296.058457008215
970,0.0183562979615706,0.0138537485988314,0.000961103191710925,0.00841303452408318,0.0102870073496892,0.00455534337029876,0.039342959513992,0.0199985674296846,0.0025201205150067,0.00582466343875439,-298.922513163708
971,0.0062471530158104,0.0385219356816438,0.000291496589685217,0.00848099465061354,0.0227866336518017,0.00485394570685006,0.0323116630339787,0.0197590323094693,0.0026512588295573,0.00196731363182517,-298.25252550929
972,0.00735967352319166,0.029497474177907,0.00138605262723158,0.0300390534280082,0.0200268853285579,0.00469320174782786,0.0283141258796203,0.0547554912912908,0.00430636409613192,0.00919572622757608,-299.483870882143
973,0.0100296718754792,0.01507652349157,0.000808335385628145,0.0205639706497832,0.0251396126617389,0.00265602438301905,0.0210058048427406,0.0463882185607486,0.00453220092192305,0.00724805189029197,-297.116104769646
974,0.00425339238586115,0.0122365013907351,0.00276301027722521,0.0132176137556255,0.0185308961612775,0.0014807706248408,0.015328935897548,0.0404205837885108,0.0038917970371648,0.00069431938956745,-297.54556665197
975,0.0036737156802042,0.0400123580893565,0.0036965203216413,0.00101396037975428,0.0200145135396957,0.00528736163712168,0.0331348600076401,0.0729297793662518,0.0110643562533339,0.00466081138464643,-297.283908642878
976,0.00125318331756258,0.0348703078758038,0.00354437658647056,0.000247058305866737,0.0199881459883783,0.00855513365137928,0.0203083692927245,0.0776127377565661,0.00548306915761879,0.00549208463961869,-297.597779510957
977,0.00344721511976072,0.0416498466320004,0.00156534750024195,0.000148046203285773,0.012138226724212,0.00452013979005452,0.039670697112123,0.038410169851746,0.00246222744512893,0.0105729056104502,-297.073148568457
978,0.00243412472384381,0.046199820469098,0.000233358002966379,0.00210587642116873,0.0167708930191095,0.00178811778502833,0.0368898383583749,0.0320903003796511,0.0041277404851086,0.00333879996617901,-295.989379427176
979,0.00295229317085524,0.0250630012157549,0.000497139063549561,0.0207320921898214,0.0163894561202872,0.00606028835904835,0.0296975459383485,0.0180076532503722,0.00165110889577247,0.00797593259434,-295.531207258333
980,0.00320790316217901,0.0204984356548198,0.00115381004949497,0.0121401859872925,0.0199286178599554,0.00429182774589566,0.0310856487496489,0.0495814765266457,0.00271744063460815,0.012552598032784,-296.855197585149
981,0.00444172534803289,0.0208689217132782,0.00698041264209981,0.0128827711604391,0.0227869748856859,0.00290523739943196,0.0341774604413056,0.0484487887443081,0.0047588555841663,0.0130503147115916,-298.156201992215
982,0.00538586606971982,0.0146129328018021,0.00558029531387131,0.014155226351727,0.0127925385758639,0.00264304188179197,0.0353418675629855,0.0256152414814225,0.0045125551586024,0.00367226183448993,-295.426437298113
983,0.0108497947946773,0.0246486291607468,0.00838750593046151,0.0194118587206773,0.0213420124975582,0.00359491172461554,0.0297741685303799,0.057604145266266,0.00119545338705996,0.00428291212722477,-299.314015893804
984,0.00633562484294533,0.0225239854451374,0.0057747268179241,0.026419020619521,0.0211979166000637,0.00463281550592713,0.0345463286840994,0.0475397374784825,0.00164096131780158,0.00249220103988252,-296.647017736454
985,0.00560110685525553,0.00811899214732891,0.00492652805882994,0.029321630191071,0.0168463330041029,0.000725758146340209,0.0272311773479001,0.0419600999770743,0.00665342998236208,0.00233313058413768,-296.661264143696
986,0.0087587031285189,0.0152396662032717,0.00426245642556135,0.0116628437399178,0.0183082198136415,0.000587764806894492,0.0523956532478311,0.0448836339867715,0.00639784211062653,0.00501186700984883,-298.577041424316
987,0.00971519941304886,0.0177105681456943,0.00632425464854275,0.0201011547739799,0.0148159391430412,0.00210755129870684,0.0182021561277775,0.0587120613991027,0.00323202849111481,0.000802019640956921,-298.671656468675
988,0.00916538210675943,0.0296291338485095,0.00940863324091539,0.0211056312043996,0.0181115362356457,0.00458683472002447,0.0249872725289818,0.0685164540238984,0.00739333916646122,0.00225583142750782,-300.135274107338
989,0.0048904275668463,0.0164245273680644,0.0074174036647109,0.005968408714936,0.0231874219138511,0.00533182088063251,0.0381673800981706,0.0655843530744365,0.00406624827384354,0.00682885297136256,-298.617950142987
990,0.00620030666629596,0.0202880575921914,0.00390489175166578,0.00176727760470225,0.0242909941888624,0.00290479994982654,0.0482062953774031,0.083240558929825,0.00197408744026594,0.00556607203036436,-300.068459758136
991,0.00299150427775358,0.0327083947860619,0.00327618947309403,0.00110914157792203,0.0335215327605517,0.00201845546060669,0.0405298228642943,0.0499151700841415,0.00180309513410454,0.00125630682252319,-298.082894402887
992,0.0010610807219374,0.0550464265520287,0.00446417895734484,0.00120270996552896,0.0126769054703053,0.00216448888505526,0.0360265797232011,0.057754167209159,0.00461453962801405,0.000829456599785072,-297.71618613415
993,0.00639883917779907,0.035137330551283,0.00145762545728933,0.000734803692034041,0.00944687686208208,0.00495782574907381,0.0277137191160389,0.0666521362564573,0.00763976051626305,0.00743663864263415,-297.896486681239
994,0.00554383626570353,0.0385553861635163,0.00111002713935229,0.00212830993504546,0.0302823978656618,0.00456743925233684,0.0254712485241995,0.0574225681044187,0.005199851354949,0.00441046971063819,-296.430804367321
995,0.00218148721335047,0.0303367465887439,0.0110936386440222,0.0111928426117607,0.0243202107888397,0.00462072020710504,0.0483483179634724,0.0387235760257543,0.00509590459339925,0.00118274043002946,-298.984267741095
996,0.00181565800841022,0.00870819454442273,0.00356229341358546,0.0494485438212081,0.0146925728646835,0.00424045963794467,0.0231950119641664,0.0125787521337905,0.0041617055904929,0.00252094838992993,-303.376730366128
997,0.00193093405245449,0.0183609223003611,0.00818277525597081,0.0580380411047198,0.0159485975553238,0.00148954704792481,0.0478804567660403,0.0198685555717035,0.0033321831795423,0.00411432241713016,-303.165709208115
998,0.00806659474373368,0.00585286085178444,0.00742510441544634,0.0551244753154301,0.0157512235414377,0.00281246455880937,0.0463031891926277,0.0595041474423742,0.00331698620753538,0.00339948965345385,-303.06190061827
999,0.00138682492962586,0.0195162761201472,0.00296426020352112,0.023194015883285,0.0143791498309464,0.000749026630153176,0.0438525113304589,0.0656758690258979,0.0030529401842401,0.00461594856895604,-297.722500913438
1000,0.00536499419523061,0.0198695910254901,0.000748947500586102,0.0169475558652022,0.0247035672201491,0.00148401004692247,0.0390689389768636,0.0219204009195933,0.00326280952848966,0.00409165222166115,-294.816715258219
