"i","asc1","desc1","asc2","desc2","pol1","pol2","tran12","tran21","dem1","dem2","p"
1,0.00113015853162966,0.0244772292875394,0.000496467907349806,0.0184446171115341,0.0332202126717558,0.00554732705642366,0.0260801904399791,0.0336879300284222,0.00821461558626695,0.0240609315796713,-305.885524321915
2,0.0103438813783181,0.00913549426959155,0.000213144798339508,0.00441475480739206,0.0309559024551916,0.00685559722356624,0.0401003326564133,0.0435200055129265,0.0138633427565259,0.0127697143236677,-305.43665502268
3,0.00402801898725775,0.0168820938775594,0.00724492265915327,0.00407703169932656,0.0188277815975156,0.00376459869135754,0.0379322119307334,0.0298399701980227,0.0149115966840018,0.00398266258246106,-299.243657502675
4,0.00302343682259872,0.0244559905826816,0.00850708124604813,0.012786462657646,0.0212422848776865,0.00416039603810264,0.0312007646385877,0.0532656935698885,0.00587244383091112,0.0044972305133228,-295.452416914676
5,0.00372185700720612,0.0132444076629154,0.0109087098219437,0.0195775447248553,0.0242431256367152,0.00767234396666422,0.0157595692678076,0.0383924763410127,0.0033060410408747,0.00259514019280482,-299.987863315367
6,0.010060266180949,0.0239001421315556,3.87196488433111e-05,0.0211345849666349,0.0201537538448909,0.00203386973749275,0.0223826958566929,0.0226401367521927,0.00200025746148221,0.0096934863160452,-297.148288291855
7,0.00930593841296491,0.0183453613798859,4.3645375853319e-05,0.0179802571308293,0.0183457949254501,0.00202538265738909,0.0299286097640171,0.0356020007579295,0.00679696948974591,0.00441264090473129,-294.35996540369
8,0.00891006486699623,0.0192984034720355,0.00134704751188697,0.0258609859464251,0.0297588012792798,0.00165979811317327,0.0302730919321703,0.0342682873614688,0.00572132358938813,0.00379507595644261,-295.928338790331
9,0.00367207198118278,0.0148811445482022,0.00396889282433178,0.022928697812935,0.0192193096033141,0.00278745940670392,0.0263637957710878,0.0323940896163893,0.00581773068107288,0.00341784073132039,-294.030669854066
10,0.00378861820874502,0.0223201831250168,0.0093705273407609,0.0161643300810798,0.0292621533047038,0.00180011247810134,0.033355599995789,0.0581363765756143,0.00514658759078098,0.00229086852864717,-296.334720651027
11,0.00342766204639527,0.0260865642572707,0.0041867954653531,0.0152755389527079,0.0329165377864921,0.000313065737115225,0.0355852033286041,0.0351591652388432,0.00257302785445982,0.00348411788874066,-297.464229262257
12,0.00094044489805244,0.0179996110716885,0.00360961597281389,0.0225716711701856,0.0221960681727947,0.0037923306186198,0.0231192452752488,0.0406992332403854,0.00778433309594189,0.00611195036044062,-296.538491850297
13,0.00878132826749757,0.0158202889381071,0.00402259875036275,0.0179915945134694,0.0185346060994388,0.00737643112638442,0.0381457653404816,0.037385412502294,0.00644636219804413,0.0123680176964962,-299.074816923655
14,0.00390839895407479,0.0258071555435029,0.00613541212601437,0.0060091203817487,0.0173374214543284,0.00132438754630842,0.0451400049464603,0.0227218070725836,0.0062401844579585,0.00868975656110142,-298.757110027047
15,0.00331718756761224,0.0209632754550129,0.00547420890426251,0.0345374751084325,0.0198356005315038,0.0017831161395074,0.0365637778970016,0.0569814196279598,0.00126019560620425,0.00833045682248441,-299.183798951993
16,0.00598512518889428,0.0162255505378756,0.00201480259353536,0.0368954530852401,0.0294796897547003,0.00322402489324215,0.0339634731091975,0.0626330214484502,0.00437823591977611,0.00829879790128444,-300.29380159261
17,0.00220348059061415,0.0187966380758312,0.00161922321663287,0.0361245611256375,0.0178992388145893,0.00192693056633581,0.0465829725888091,0.0499881912736532,0.00313789050228535,0.0114848957289519,-298.91761089238
18,0.00194344971424246,0.0219282295722156,0.00425648098381216,0.0186928246553372,0.0151270116437683,0.00270676589812311,0.0344837578262505,0.0275777713164774,0.00399435348925911,0.00742353229686467,-295.009117025219
19,0.00415436132476588,0.0207938284419682,0.00606802802688933,0.00636015580145225,0.0178755250116816,0.000682007108037965,0.0311318884326768,0.0453363562726948,0.00670546883711687,0.00617003849188851,-296.34230838465
20,0.00355558198259756,0.0299044406971378,0.0103738597661526,0.0109208169729184,0.0217622621528977,0.00488247339131748,0.0300842162430827,0.0521586030182801,0.00786576670094921,0.00926290547011304,-299.075625519167
21,0.00320464407632812,0.0250897992043074,0.00566982747852469,0.00771182653031309,0.0240427904977728,0.000293072691118935,0.0340613199545353,0.0551765499551081,0.00430774310473073,0.00424421179914571,-295.858695239818
22,0.00437591473201694,0.0280405831458018,0.00344384565014597,0.011740890862906,0.0255105425366944,0.00242511312673662,0.0364888828912078,0.046535297905023,0.00875869958536141,0.00267695741374363,-295.291294214402
23,0.00586115778492106,0.0198823914219412,0.00324431886600401,0.00730001063888756,0.015336386137983,0.00202844523867,0.0419436826581795,0.0657092196782573,0.00805473718975935,0.00187627601791982,-297.174667534463
24,0.00476144710813032,0.0250150447118204,0.00430659232975457,0.00992567796282162,0.025442641093657,0.0033190546607205,0.0262381113778462,0.0563603720785332,0.00534105773497339,0.00734175949761744,-296.227944025672
25,0.00950638958635843,0.0269241729495359,0.00195975005472664,0.019142826869224,0.0222178554290711,0.00422727672574624,0.0264500656570663,0.0302547847545482,0.00443994902894431,0.00366822622788318,-295.916802537327
26,0.00640733124209756,0.0198287175683807,0.00615079175380899,0.0202216615824798,0.0201453809721967,0.00425608507004914,0.0319192551737328,0.0347833887697867,0.00524407362474347,0.00889107545073535,-296.201561183706
27,0.0033178197143826,0.0224421511536688,0.00733843403864374,0.0159911476616339,0.0187647043392377,0.00922229815329983,0.028953501539306,0.0372940326194273,0.0036194823555558,0.00198815042699281,-296.261960941475
28,0.00756924610204161,0.0283804227792104,0.00811346180461209,0.00423070651735364,0.0208723522303964,0.00110536645337681,0.0212953326152307,0.0643662638479854,0.00472583669290654,0.00746113082458592,-298.423270663721
29,0.00171157862192054,0.0286043263003829,0.0068106323856626,0.00222695760182872,0.0309263450767773,0.00323569990942035,0.0376393127852458,0.057278986505345,0.00420300559867936,0.00318722216172614,-296.724942564952
30,0.00899022512899912,0.0323512348805051,0.00228536319764849,0.00266642608393652,0.0119621621830606,0.000999580839341489,0.0304203655663584,0.0539621817823495,0.00350540429806842,0.00350426637209141,-295.537663644147
31,0.00512841250157911,0.0548787213124557,0.00812411612504759,0.00328711230196346,0.0239795796733347,0.00175327864195083,0.0162297572846886,0.0609477275265623,0.00170462241584836,0.00688376954012749,-302.106012982486
32,0.00388772597428967,0.0178416918519915,0.00792656492079557,0.0209058263189404,0.0223140910989381,0.00322846277830434,0.0494170942836973,0.0583547971621122,0.00309551974192709,0.00399084490785769,-297.437736833951
33,0.00234908310906051,0.0232096796048805,0.00669290570219548,0.00745263811385274,0.0194221816826437,0.00422586061524236,0.0375459623012994,0.0452685980405913,0.00551396107947976,0.00231115377905266,-295.167391578203
34,0.00445795342595194,0.025880714647592,0.00694980604059114,0.00740700703517209,0.0186369063247854,0.00143340507768762,0.0392765625509546,0.0463923949261826,0.0033826284695245,0.00386878292184916,-295.13002931516
35,0.00688340388905228,0.0195831065888557,0.00223529114494986,0.0147033264412177,0.0183394953875369,0.00106901254805013,0.0422898268292529,0.0259205946625437,0.00201148408795327,0.0085559639074202,-295.867228358248
36,0.0057011939026209,0.0185263258489566,0.00186197733364809,0.0126423749625215,0.0194491071708419,0.00130052929302904,0.0337801551556758,0.0351486443239793,0.0019138991382175,0.00370616612634604,-294.137644569728
37,0.00652509864124349,0.0160519607295301,0.00863200908845984,0.00477473889287234,0.0149664962736188,0.00393277823837721,0.035064504580565,0.0528169143179378,0.00320871243258933,0.00154593195400366,-296.674255085958
38,0.00324443860501121,0.0307400735754015,0.00967904104448995,0.00386246265780819,0.0116342809531517,0.00191134753615584,0.0373943528025305,0.0615609630363519,0.00865365946611944,0.0028072796781266,-298.033075843782
39,0.00223940676413508,0.0348444796309906,0.0159904161563687,0.00159613229752705,0.0327919305989157,0.00210629754449184,0.0358024661334303,0.0847838980464584,0.0103621710774365,0.00379711576876967,-303.127267235972
40,0.00505442718166795,0.0174315546256484,0.0102166981787501,0.0179274724110609,0.018236894076988,0.00334331501512078,0.0205591684250103,0.0806713136877262,0.010096422683154,0.00799146697835829,-303.970208875367
41,0.00695131974776748,0.0249705652700138,0.00724060627872293,0.0175732984248561,0.0194047904250232,0.00233534905275456,0.0462094251948462,0.0141806831033593,0.00428949463988399,0.00958308602617517,-300.077111085593
42,0.00554078396424878,0.0257440722802887,0.00838212098387296,0.0195193944956399,0.0237607547461086,0.00434624696406496,0.0417563571620208,0.0302648613077473,0.00941906286421397,0.0119858095088975,-301.847505543489
43,0.0060663973901029,0.0201707745695338,0.00545514251434287,0.0278390337072876,0.0300474844861009,0.0019425882487306,0.0284115178428647,0.0346794832127148,0.00864904445162693,0.00129266305308871,-296.819572697176
44,0.00299233635713572,0.0274216767855046,0.00478125850322293,0.0243369246125997,0.0219208745784639,0.00222289910597507,0.0261295155488873,0.0295191534952459,0.00966653028230629,0.00389259139030857,-296.783298056042
45,0.00324177510523929,0.0288489434303982,0.00478157612593511,0.0136641741754825,0.0187529829453664,0.00118449218463731,0.0296158471451337,0.0422553053863145,0.00486397513043894,0.000783802656857481,-294.101667886489
46,0.00268174381570945,0.0243928036953799,0.00360819503651059,0.0172069005800757,0.0211086021422596,0.00931082568789616,0.024676878621236,0.0402531791209195,0.00837341136392088,0.000308640800085944,-297.381559339657
47,0.00206833304678293,0.0326398710483153,0.00293566828967555,0.0162362908508636,0.0239110220664352,0.00854672991268816,0.0339534849875497,0.0532237397659964,0.00713449902756166,0.00552643752686607,-298.133313264225
48,0.00520186151749238,0.0149450216986305,0.00253947176319255,0.0225872848414198,0.0223353241284591,0.00743993793100251,0.0427665493452101,0.0544972394875507,0.00596602996462968,0.00558613074411117,-297.387327704775
49,0.00647256324117316,0.0177153925771464,0.00620640553932903,0.0175117597103753,0.0157450361264262,0.00340596312688047,0.0405422365823467,0.0270889045879347,0.00519824646762035,0.0039265076149034,-295.421651517872
50,0.00513712401792015,0.0267253045460804,0.00129966886145185,0.0158557362782607,0.0151998152085144,0.00455846456844319,0.0364169181271659,0.0355719146424708,0.00451497183971212,0.00331358040219044,-293.972759863783
51,0.0149076680494471,0.0110643065671692,0.00735767947073898,0.0144570560882858,0.0294509163619862,0.00765976713258483,0.0427899310909101,0.0715692555263187,0.00564239426899485,0.00169594381798814,-303.057947513698
52,0.00684010433742046,0.014287003064738,0.00550438249995212,0.0273545167141981,0.0197481431221562,0.00628015831534595,0.0420784923143731,0.018219282596947,0.00517580582525481,0.00233341674674206,-297.713206534047
53,0.00556841602004919,0.0189178834587433,0.00405430936450529,0.021783227471637,0.0271511120072424,0.00328684949060238,0.0329909391376219,0.0252252284487037,0.00323448201409783,0.00451916384903446,-295.488431547283
54,0.00168203101041005,0.0239717671442986,0.00415835829836107,0.0164034019397751,0.0202974234047515,0.00650033918055219,0.0344758911817116,0.0693895637052198,0.00559679102903054,0.00202092876199959,-296.544984430797
55,0.00268123907691762,0.025904703608062,0.00152143813836995,0.0130232526064062,0.0217559976019138,0.00510838392039574,0.0314477622320657,0.0407527196447279,0.00527325154641438,0.00305910813275036,-294.22156410472
56,0.00540602884294634,0.0207550553334602,0.000165667587005099,0.0153409062108783,0.0270970694560008,0.00174151291661145,0.0396961944789999,0.0350193663288401,0.00417797451731085,0.00807120786684965,-295.941162490034
57,0.0041174908923956,0.019457184050707,0.00983938130693876,0.00357196924938862,0.0148403450512019,0.00779727478868856,0.0266599769543546,0.0571743185924225,0.00309505778763557,0.00829684359456917,-299.677672986799
58,0.0164145046490885,0.0262092198062939,0.00199969793464003,0.00804331715568446,0.0213777268110687,0.00363853096613156,0.0379374806994092,0.0396250113437329,0.00399694114822636,0.00904658543801644,-298.820063985436
59,0.0111394052143595,0.0134267087478296,0.00115828631560875,0.00888712851383194,0.0128232727497238,0.00467837350600801,0.0441869602266518,0.0237126803921733,0.00264541703358867,0.00672917513749205,-297.145356490592
60,0.00970672453663017,0.0125765211251072,0.00909772845733951,0.0126134996535894,0.0204110042554531,0.00362455961225682,0.056411727615327,0.0690654764896287,0.0101564337780359,0.00241624913032923,-302.303506328107
61,0.00376064718144841,0.0300323279762073,0.00984222864607665,0.0185153561423039,0.0149994922804552,0.000160800587052588,0.0391109269694839,0.0134337892112796,0.00845444963733932,0.002880806351703,-302.130132081325
62,0.00258686104966831,0.0244212333058542,0.00258069130095692,0.0236488915064572,0.0130407172860549,0.00252936493616997,0.0351274467993792,0.0438879118757487,0.00688695404182652,0.00282098779486999,-295.275708482748
63,0.00844717265357391,0.0129854887514146,0.00929324078350529,0.0228688370958412,0.0137889507857319,0.0039639786536874,0.0351795368726791,0.0397142351231564,0.00426080498561431,0.00881717424355841,-298.012737222167
64,0.00281899740059971,0.0182658567249479,0.00896737533283441,0.0185021051161617,0.0122812660990072,0.00272964405448172,0.0331136820737913,0.0201643264116453,0.0105000833609289,0.00124753572161389,-298.897500619842
65,0.0108648699011137,0.0180684016167513,0.00343961130830856,0.0249505570457884,0.0214167366286717,0.0011163281832163,0.0317525959520016,0.0501663463114443,0.00609848453593612,0.00582803060632819,-296.416226293942
66,0.00425814033405679,0.0204183137751122,0.00273375610079338,0.0327622307569147,0.016589977375858,0.00471287243171033,0.0406052040820008,0.0360729676525576,0.00621498870826436,0.00409058700589658,-295.859326030706
67,0.00428456508470857,0.0124736397010482,0.00244095602459268,0.0284922705951439,0.00864552783323557,0.00448668928711175,0.0331243365052982,0.0466374535816995,0.00704392178264067,0.00201668129019174,-298.668932753303
68,0.0116603824048514,0.0127345073271687,0.002415621891432,0.0194600433839524,0.00885911902343095,0.00110012622055432,0.043695778673088,0.0263314804049673,0.00535590392408024,0.00457302131833355,-299.140875151693
69,0.00258640611109583,0.0281397358919778,0.00468821847664612,0.0248653822915731,0.0373100723777774,0.00112399856290613,0.0181809003499813,0.0254766247802391,0.00365084281519594,0.0031271063655128,-300.934873887972
70,0.00409371679806639,0.0355076960198363,0.00276426452276455,0.026110357931932,0.014766121440098,0.00438354927165362,0.0186501233065953,0.0657348857901442,0.0126942267456928,0.00291049359113078,-302.380577098623
71,0.00292395853720701,0.0267900910672564,0.00647667594918828,0.0125297837622965,0.0252210707781666,0.00279228836568539,0.0462246506884068,0.0447804868841163,0.00214893389777715,0.000964042393964003,-297.319724249325
72,0.0042159296068878,0.0411960351796387,0.0100884863024827,0.0177762401855857,0.0108036977660609,0.00333637017332938,0.038482447589818,0.0342798468859143,0.00851783765010805,0.00295131270207721,-302.421483965718
73,0.0050755541554189,0.0429667536133881,0.00215598575258276,0.00519548040088082,0.0201313356394852,0.00441561946327025,0.0387891635878944,0.0714717969438217,0.00765686961502071,0.00514070510391503,-297.498779569395
74,0.00256593965569183,0.0498337825988675,0.00154686488238177,0.00125221409022115,0.0187380523003024,0.00188917436575216,0.0347900936563049,0.0591633101339919,0.001564565294652,0.000812004816416627,-296.615599950193
75,0.00156206568957737,0.0345174862772903,0.00215229138777385,0.0101568976578995,0.0287193615214649,0.00183687911789896,0.0383923927313407,0.0625099371235836,0.00406101417510678,0.000723897227289931,-296.606048278736
76,0.00504597376122753,0.0367998840599302,0.000797978045652534,0.00116575047401276,0.0103562465196495,0.00464427294009843,0.0329416592258229,0.0436753492964638,0.00815570220322117,0.00530082588592268,-296.492877067881
77,0.0122636062658661,0.0322615573567038,0.00244467485971823,0.0119927547615764,0.0188338896743166,0.00343996853132704,0.0266590175208048,0.0573132948352008,0.00283209841009495,0.00266892632309232,-296.645240902268
78,0.0107179891820957,0.02264829707619,0.000174813128540904,0.0117262671345938,0.0194475137370526,0.00120506582083294,0.0452565177953833,0.0328354178776551,0.0071937117837244,0.00847577679625897,-297.809709531329
79,0.0115902876692724,0.0171108585937683,0.00123969509317214,0.0198458937157442,0.0166098728372546,0.00319887010827177,0.0373809114111508,0.0311131029262689,0.00283682534111483,0.00686195669189433,-295.229207262322
80,0.00368831494865319,0.0168690312972769,0.000730130331325667,0.0175548910077929,0.0243508258638442,0.000961459677139153,0.0318436422917145,0.0356171101373658,0.00467660522158073,0.00112287452168085,-293.968778032592
81,0.00917736735027291,0.0210846123685861,0.00157815872468184,0.0324177357581591,0.0287706580272682,0.00127776740635382,0.0306884691034491,0.0433924633787919,0.00224453323410588,0.00549488351924662,-297.824259492214
82,0.00282005501897935,0.0215347721365442,0.00102703450529747,0.00363870998671682,0.0100315100990523,0.00733490977339986,0.0401192490650239,0.0255628451609725,0.00159923928969576,0.00791467351413518,-297.888069545335
83,0.00726921007372439,0.0307873089788145,0.00433312800370804,0.0108253602599286,0.0213164031497505,0.00529400055404751,0.0304095146319156,0.0371814313640225,0.00562200063880759,0.00260330672287761,-295.877877265719
84,0.0161915591902824,0.0156522453164872,0.00154530577873206,0.0167950767160757,0.0219090634224323,0.00408923513998719,0.0251536250083571,0.0683055344794328,0.00421597818894662,0.00161756822283518,-298.861570260055
85,0.00141984988061311,0.0372032565426628,0.0051948103485032,0.0159373862011754,0.0210933353582938,0.00165865241264679,0.0348753252413755,0.0704577780717375,0.00404204741439916,0.00198568892171106,-296.93201090348
86,0.00186193654939865,0.0502996617549216,0.0117355125690432,0.0149133889061642,0.0199064566206622,0.00164655585993866,0.050701389218166,0.0276029901888462,0.00334695601604007,0.00420867224518963,-306.192509292366
87,0.00344329675848724,0.0529779691148813,0.00980115691930576,0.00212146947107186,0.0182556799810066,0.00349979539541777,0.0453610875176367,0.0476912890467157,0.00745346196666252,0.000688002656343275,-301.070989043067
88,0.00395079237367889,0.042701912188068,0.0098303465747488,0.000546659981828856,0.0110136209556745,0.00184450703525896,0.0351721818484788,0.0763818904803245,0.00961254663791082,0.00348212274593923,-299.94135237136
89,0.00178995974276754,0.0341688266028437,0.00922715069649853,0.00143979628922896,0.0266133538903578,0.00473119355037328,0.0386452865664889,0.0615180755072141,0.00846809060892411,0.00352097661674204,-297.550080789162
90,0.00184803157755,0.0388667440205154,0.00341821801480803,0.00718716000429678,0.0262364455462446,0.000807075690324878,0.0345652777688121,0.049609826253816,0.00712233405788594,0.00621046984364355,-297.008113904619
91,0.00427687571236426,0.0154491506403099,0.00927687979694582,0.012312301030959,0.0248009433145292,0.00529723804794892,0.0304158232854665,0.0311278585357084,0.00527759950095834,0.00068659606340637,-296.511522430043
92,0.00629210872328487,0.0141118833536113,0.000726429085007538,0.0381196147114301,0.0188002773053429,0.00285596584272651,0.0289041792303701,0.041344047105746,0.00679435493744989,0.00174245052649926,-295.594433562537
93,0.00852253998570627,0.0204963624023817,0.00412585889567151,0.000961780642804383,0.0179024558316932,0.00251936127380374,0.0318436924933236,0.0601763541544088,0.00483413160736921,0.00352900318634038,-296.015751438691
94,0.00439537865780485,0.0619179126634802,0.0022074269338224,0.000144914911849741,0.0151483870727905,0.00339444134708227,0.0336735709772996,0.0434793330302614,0.00395268884614264,0.00305647850100803,-298.453420845875
95,0.00212135067275905,0.058112172138105,0.0013607610380631,0.00391697839966901,0.0249533989857747,0.0025618353334833,0.0267343718167807,0.070203387002906,0.00351479404518996,0.00519460426084853,-298.525239188869
96,0.0107236078370323,0.0347078731229129,0.0143174721309193,0.00131669348563059,0.0187350323588112,0.00151443333169966,0.0329821879401368,0.0480567180167395,0.00309556372325053,0.00946187184115922,-300.641390139043
97,0.00295725433116611,0.0148349525731939,0.0045887476375239,0.0197562967894938,0.0191113318479799,0.00296785694008716,0.0354572513132618,0.0482002644203995,0.00622030741685946,0.00692212930595344,-295.552542806193
98,0.00294986740852396,0.0252773273578037,0.0049453860241241,0.0193181040674734,0.0234864444594901,0.000648127201707619,0.0250638339196277,0.0511375908491551,0.0035673994533834,0.00261193602443891,-294.486597791442
99,0.00385434480406277,0.0152472786163369,0.00692904663540206,0.0145370261405515,0.0256372975532698,0.00409413590701693,0.0266427786478054,0.0308929359541122,0.00313451722652723,0.00247806248106213,-295.874616177646
100,0.00364906818662086,0.0152893725885088,0.00754940645302337,0.0168447728512634,0.01393199594959,0.00513461427887903,0.0251025677911611,0.0535876343135924,0.00837693346957226,0.00126856309582894,-297.524387807948
101,0.00540093902868355,0.0305364398118891,0.000181060516558047,0.014344665658842,0.0226086002262573,0.000391688246107987,0.0189128979846481,0.031531397172606,0.0077780426824218,0.00335047249325318,-298.18942630976
102,0.00757878732440337,0.0165329792162035,0.00648383848746288,0.0123217021945417,0.0282401510018036,0.0015454992398137,0.0305710666319249,0.02916502165205,0.00512693291771672,0.00136884258540554,-296.18172543185
103,0.00880943391090134,0.0286542696233324,0.0128420935578523,0.0134899858948652,0.020542168433281,0.00162093634813523,0.0221219886929046,0.0377428276101735,0.0082874326280326,0.0010053945744775,-298.192839307936
104,0.00962230898031413,0.0275613773551135,0.000471725061219415,0.0155352051806863,0.0157093407046413,0.0021898681414253,0.0341695265801706,0.0398818252787641,0.0100441234021988,0.00402768825429305,-296.748283344125
105,0.00346464970014298,0.0208105671457126,0.0034719607006343,0.0193900835204025,0.0164124586595163,0.00745751949664403,0.0314845224232809,0.0603500985597626,0.00975336802126014,0.00418020085925929,-297.663366847977
106,0.0067794599019163,0.0165038576629794,0.00349890409145644,0.0206488463232826,0.0168515692408573,0.00733892316720804,0.0228121067809182,0.0431151087300243,0.0029796134544666,0.00473845210816748,-296.460770628753
107,0.00918272171322054,0.0156330894957422,0.0007550297312742,0.0169774468651944,0.0153552855162945,0.00444897555641118,0.0250359038721287,0.0112868649849254,0.000965129151188418,0.00664930050674322,-297.559535897671
108,0.00615131273365061,0.0176081441827422,0.00281403250269866,0.0159820910127783,0.0169320507864459,0.00473738676164032,0.0490001485626108,0.058262541335484,0.00769726877060746,0.00243199387282314,-297.266067964992
109,0.00458283165238134,0.0166807046327005,0.00194165557899869,0.00360950250736763,0.0204187286156061,0.00768486981961949,0.0275413546858663,0.0438299141119051,0.00585403296174664,0.000785301833689592,-298.351708064389
110,0.00437367180321629,0.0263538473287291,0.000206629691479683,0.0157018485042056,0.0215082849548362,0.00328890786008864,0.0265387171442751,0.0277350133856681,0.0040213323468746,0.0107328480496167,-295.665115158811
111,0.00677276659837224,0.018438957580838,0.000450784122958136,0.0115470972582201,0.0163769732661124,0.00116524847217536,0.03786501533289,0.0465246660004917,0.00271004103688042,0.00392839376461468,-294.276280221498
112,0.00488932959482718,0.029259370917498,0.00194690870082711,0.000906016477228157,0.0167315748846275,0.00228431536332901,0.0340527088897707,0.0572370636711375,0.0040373804907322,0.00330499927890284,-293.097160816159
113,0.00668862068351274,0.0323922131828274,0.00067727517580055,0.0020519389047602,0.0284853528730667,0.000418783334942932,0.0398062476611818,0.0555426427092545,0.00389918772254577,0.00329927537767985,-296.340987608864
114,0.00856787882231591,0.0300405356437837,0.00281866055229353,0.0222986928003454,0.0115806764946696,0.00392897843944645,0.0297793806991563,0.0316512362658674,0.00242965576106794,0.00294091851733236,-297.09275121791
115,0.000508485745922446,0.0296953576715924,0.000829971700004512,0.00696173520735796,0.0139378251905148,0.0085801288735906,0.0353061136875774,0.038257659092856,0.0127211468643013,0.0027912033004066,-301.226378938444
116,0.0141111627071315,0.0136645538627524,0.000589075820683868,0.0210428174280626,0.0174954583147057,0.00538447206255078,0.0261826995229297,0.0421607715829145,0.00281897038614302,0.00377517493536543,-296.812454627276
117,0.0043828553826629,0.0126191678527634,0.00218783186222471,0.0192023946171628,0.0127559268219543,0.00185298919728342,0.0429909960116554,0.0644761898877778,0.00992537956225346,0.00538506344386927,-299.657799962426
118,0.005577908598478,0.0191521741184927,0.00252247262629462,0.00956095804824389,0.013741293102051,0.00676932768180577,0.0404397020523307,0.0126101887918994,0.00157548026294461,0.00334615832211178,-297.810431290456
119,0.00913982622033558,0.0204524416724079,0.00198015701391839,0.0225027512472545,0.0164533202644125,0.00246939908704672,0.0265020666202588,0.0233929167839558,0.00481377094140244,0.00548363093292326,-294.824013651523
120,0.00882454226347158,0.0222741250322815,0.00267051565475308,0.0310397339306932,0.0154370330896388,0.00337334960776848,0.0334611853606232,0.0172160352266124,0.00485803354804936,0.00669440785552793,-296.427455501999
121,0.00700987006821314,0.0126894491537568,0.00446392433754339,0.0196774797371264,0.0152686543661635,0.00366208601854932,0.0217812973225692,0.0401036105806562,0.00276941053545926,0.0090287785963586,-297.979225859581
122,0.00303063849777459,0.0136586219011712,0.005221656884687,0.0196175061175425,0.0107839542159707,0.00112191727478434,0.0474877081679789,0.042584231362458,0.00535741640440822,0.00119349087701678,-297.952133686179
123,0.00800491667837805,0.0146950652931265,0.0107931420551861,0.0161662395434344,0.0311469143193978,0.00273615688817028,0.0224877129978959,0.0451037172919183,0.00387712236654259,0.00128056224538862,-297.424275308319
124,0.0049406898149,0.0270205181254752,0.00703514789707415,0.0111813213394596,0.030681620569882,0.00244171305402117,0.0359287762920457,0.0402231986365852,0.00253141342014224,0.00741049427219576,-298.159307604622
125,0.00468861254440292,0.0136299211560083,0.00766537757852817,0.0249331144175667,0.0132241763730117,0.000914338531117496,0.0359165517647573,0.0433499032155814,0.00756392114570899,0.0115623867689991,-299.448003461893
126,0.00219121875301466,0.0182827372196413,0.000463715238534567,0.0412040375648197,0.027597926729513,0.00178209089322945,0.0266691157684739,0.0225839795284159,0.00169224870148818,0.00185406915245857,-298.058467146941
127,0.0060300931024099,0.0162826934274124,0.00191542847175345,0.0361005820214155,0.0154191135275356,0.00138292543253578,0.0294829843037022,0.0345614658741882,0.00401108350083864,0.00581172358010375,-295.282475949419
128,0.00842642774203685,0.01236650241249,0.0060782339106278,0.0226968308082886,0.0241630659426803,0.00251059038316934,0.0230024753473817,0.018218882820122,0.00374951307643743,0.02149993838715,-303.180240433806
129,0.00499035715304644,0.0226118382865599,0.00305769823748459,0.00905641769885817,0.0162538142932846,0.0077423391628034,0.0381728463513495,0.0451933971706326,0.00248587869885755,0.0278236371533756,-302.40466906184
130,0.00688798221159352,0.0157679650519523,0.00312619022307955,0.0145635747920012,0.0160369104004391,0.000683855090931397,0.0337767441755549,0.0390672050216265,0.0106702607593928,9.16335993593121e-05,-298.332762070031
131,0.0033574860086974,0.0286030245917887,0.00338472675812297,0.0193537872385965,0.0174002772619449,0.00251215135003605,0.0336711690416746,0.0578955595411768,0.0114671693791273,4.98749106600278e-05,-298.83621034386
132,0.00884155195870909,0.0188921943436345,0.0105056151028595,0.0174210295077232,0.0225222954774521,0.0011274280741491,0.0267090179994668,0.0373225513440939,0.0100811418406526,0.0161576950976668,-302.005922090782
133,0.00903343365779317,0.013039198313233,0.00775068290253733,0.00647322485961779,0.0119178108467741,0.00718982537779263,0.0294040879433583,0.0361585150172318,0.00389075663331422,0.000632227222157233,-298.785090324183
134,0.00712240621670566,0.0153869159857803,0.0099934280537852,0.024268639678547,0.0173244138475964,0.00365079311251106,0.0275258448376771,0.035013111690898,0.0101686695979338,0.00130475643478164,-297.547733541171
135,0.00204774343976575,0.0192062443273607,0.00767144888938477,0.0112735459723805,0.0234624277584884,0.00204247646131758,0.042647449131709,0.0424124743454971,0.00980414773702831,0.00121984965987424,-296.883352480013
136,0.0128485475600854,0.0138773742445109,0.00490336462431304,0.0230642395961614,0.0181816121822525,0.00263997678736676,0.0393513503166561,0.0484276515274254,0.00752091603885796,0.00532505550519738,-297.798883111726
137,0.00246677712643015,0.0227807617462741,0.0011703692522664,0.00892499820344746,0.0201834076696862,0.00115152971623823,0.0315217554212438,0.0387382390644096,0.00714466515793551,0.00705202922222157,-295.750220722664
138,0.00742934263807269,0.0175302509368573,0.0044902500113179,0.012023646210014,0.026299189883339,0.00340171018169092,0.0255102594186173,0.0465154849204319,0.00231463281243764,0.0036609987586645,-295.907144150209
139,0.00082895674100683,0.0206759741425132,0.0017340193118991,0.0127149259918295,0.0180161571650043,0.00425333224341795,0.0256119714467013,0.0463457656115901,0.00476778550075435,0.00146421382693175,-294.861680442521
140,0.00939923401159224,0.0265019118384812,0.00150363741454901,0.0102916593364518,0.0338317081568825,0.000601874714782902,0.0260477358139208,0.044525256910921,0.00357970093086588,0.00110247229757924,-297.367900529461
141,0.0113221787934404,0.0194054396049067,0.0110175840700739,0.0125384576691445,0.0275134509284075,0.00397592533355612,0.0202555955997652,0.0674680823266858,0.00638212742299929,0.00198929386299875,-299.671518848486
142,0.0169948927077591,0.0120440111145403,0.0151304276399708,0.0176415991910903,0.0226300559909255,0.00722224024589914,0.0446405124263828,0.0550459392559725,0.00332438748199151,0.00213921537295138,-302.603575230363
143,0.00822933261209353,0.011216439450238,0.0150666540144255,0.0165612792831674,0.0135854661511,0.00226745967771997,0.0385134402172549,0.0627715583687603,0.013982072224952,0.00403259287591532,-303.361676307432
144,0.00197802230868144,0.0399804795291676,0.0101287899679266,0.0119076295726896,0.0281314847123557,0.00147366084554464,0.0266944056129772,0.0657446508578144,0.0175161510205707,0.00197768759515987,-302.756296105604
145,0.00307486732204111,0.0310951254461601,0.00652649948681989,0.015238255463644,0.0138140512097738,0.00499267601887499,0.0492878790090522,0.0399430744933555,0.0143049426995275,0.00278513055324667,-302.111326283433
146,0.00298147693696631,0.0364007073927273,0.00694512771644191,0.0209061497559349,0.012859910996524,0.00264142225709329,0.0150195427648739,0.0525550703379868,0.00679004508964421,0.000667979469014736,-300.016937836458
147,0.00328223974015728,0.030234825921682,0.00984715381884819,0.0131111001392864,0.0170697033069538,0.0062123481746834,0.0217782578441661,0.0514333349632677,0.0017922759729867,0.0125299332122013,-301.27899541467
148,0.00294540153626175,0.03065512507059,0.000289667697182113,0.00223728541596314,0.0143740351043313,0.00335611305005469,0.0374480268640782,0.0499461907426291,0.00316380443169126,0.00315729378933075,-293.53448253522
149,0.00984579709008617,0.0282779626247774,0.0017932874656044,0.0180839148145212,0.0252178062838532,0.00782840454591301,0.0228360147787827,0.0518797769735631,0.00785921495325725,0.00311896424415642,-298.119376414907
150,0.0049470186384086,0.0230902008446719,0.002766898310238,0.0127475337362302,0.0252712213005385,0.0048578753195769,0.0218468768807258,0.0393881910784815,0.00199045915857183,0.00576526028015854,-296.32614890128
151,0.0050269873230613,0.0200360835702985,0.00475374380359441,0.0169166353801617,0.0118800226856236,0.00451347024462697,0.032207281855488,0.0260915379995253,0.00795863883247364,0.000565093361072804,-296.834907105797
152,0.00907664127063675,0.0190167232975529,0.00136438072238353,0.0068598539591415,0.0111802600250087,0.00385493809383717,0.0355531610401146,0.0534428813496114,0.00428056137939713,0.00319582484648861,-296.208854325422
153,0.00535299912164745,0.0269931000205479,0.000922507039057526,0.0159900257663551,0.0310619810744167,0.0054284253355316,0.0555131241850399,0.0395836796038074,0.00489313867504924,0.00462906452410863,-300.760240422676
154,0.00660022928264442,0.0257837433085059,0.00125539527748165,0.0202919041499404,0.0309310922485535,0.0128590072959734,0.0536699961278257,0.0530903338792535,0.00668183351271821,0.00688752254387295,-304.698028221724
155,0.00650837403911367,0.0344239008361102,0.00173255501354785,0.0255072124600032,0.033223045783913,0.00618658180059441,0.0247337317239523,0.0404534194724225,0.00221423659478501,0.00472426308560576,-300.939461483769
156,0.00326477815193386,0.0118353652393875,0.00141690786741346,0.032146126076007,0.0276142115009083,0.00498770591277601,0.0271996344907813,0.0289219763059596,0.00492085537743819,0.00788265682616476,-298.041706407592
157,0.00441594151053803,0.0230900062869785,0.00399858728254042,0.0290593677992135,0.0275062351563486,0.000752045945350017,0.0273200520343197,0.0361638643428856,0.00205975474541739,0.00775514471796413,-297.70297414452
158,0.00513250388214044,0.0273361023247733,0.00101665927737586,0.0224200299531523,0.0138091050056203,0.00693310391396305,0.0325791776931788,0.0311923765597897,0.00384800841096617,0.0147011776180736,-297.635591893949
159,0.00424583946706124,0.023558021769287,0.00104105461267068,0.0310847706413361,0.0153336642624464,0.00829734789637845,0.0331350878317159,0.0138670467270205,0.00265249404678099,0.00108348147944195,-297.165968340339
160,0.00335607334105253,0.0215754748499852,0.000848192956303138,0.0252982964982429,0.0142406906679809,0.0123735629020046,0.0319813793228462,0.0204879190558118,0.00557181651514415,0.00322075852991305,-296.585271020208
161,0.0147539446198223,0.0153492741458782,0.000509574105710065,0.0189183854503082,0.012650186904386,0.00736284297435367,0.0311567673302922,0.0407958557638579,0.00541192161948331,0.00402733756752323,-297.521206187235
162,0.00463399320105889,0.0154434889795198,0.00533992983300072,0.0223775966945262,0.0132072579456822,0.00369429674282929,0.0356598436979045,0.0348852850039235,0.00360004185885727,0.00205028546597616,-294.723653854569
163,0.00528481703424297,0.0203481280213429,0.0012469721163629,0.0126338125517065,0.0154535157876913,0.00696099354477527,0.0278012645189074,0.0618107373589595,0.00604848199380397,0.00155396254940648,-296.09713664455
164,0.00473577419596508,0.0317322100057534,0.00331992350092251,0.0110962404485078,0.0308585761844981,0.009619446192749,0.0292454653570908,0.065280267742019,0.00477752125467002,0.00475338090602127,-299.324718646857
165,0.0068255038302981,0.0212584045062856,0.0065066896513769,0.0177049723558555,0.0198712506018176,0.010242677485155,0.0329525578596643,0.0331072266043491,0.00388544335603154,0.00389315579303048,-296.928642799555
166,0.00300496306249436,0.0207497693603137,0.00924801131269801,0.0143367505063467,0.0149269885820526,0.0100905827419595,0.0357129569398767,0.0219336230849544,0.00391988225392104,0.00417640945614257,-297.594119652394
167,0.0100530105028644,0.0220027455768784,0.00635201057818149,0.0204520478710384,0.016492485060852,0.00521942639138745,0.0339583878456964,0.0498355055879707,0.00428096915384172,0.00341134751949009,-296.542908085131
168,0.000469688479320437,0.023106434778043,0.00408543269947765,0.0228844501954409,0.0169752053594258,0.00210786425063799,0.033269438574877,0.0614906594035236,0.00451162757610913,0.00177442338734638,-296.083655552952
169,0.0017245389175316,0.0260555262593602,0.00337439486127398,0.0121869722466249,0.0210220283208937,0.00635762620300342,0.0236874833828963,0.033128613716525,0.00339840596353527,0.000692090577980613,-296.12807207008
170,0.00394216086597985,0.0329006914994359,0.00722787287790362,0.0131296380796631,0.0207625201866084,0.00630908397350217,0.0322427111560004,0.0538309921542093,0.00400871397833114,0.00181526972089042,-296.139077696158
171,0.00584761324832472,0.0547238065757406,0.00561123528067834,0.00721413920848593,0.0211646491926212,0.00131290196955879,0.0103051501091661,0.0565008292402342,0.0052998367429045,0.00233289273074751,-302.224516223922
172,0.000808779990910404,0.026391250784881,0.00125431034784032,0.00681960766354481,0.0281520419442376,0.00490691965922962,0.0440198606334126,0.0477961803386723,0.00528407628216353,0.00127007448224482,-298.025067782198
173,0.000973010771139127,0.0273306040984735,0.00542413413967916,0.00743481913173704,0.0159333395882712,0.00751428362684354,0.0313692426790673,0.0547826567889418,0.00404128507646301,0.00246625068624025,-295.840632385658
174,0.00311484040455352,0.0240762626744854,0.00310840637220702,0.0108264824542124,0.0241987736533769,0.00699093579042944,0.0264464244432742,0.0473919767960986,0.00711869575379224,0.00405888106118019,-295.73192500165
175,0.00252451879503686,0.0279256958031717,0.00320685369531198,0.00173758564898161,0.0168389170399423,0.00389543577706188,0.0324292659504458,0.051991533337224,0.00437340038888902,0.00399476338007379,-293.815162704526
176,0.00252709027607075,0.0303333574634798,0.000206643259811383,0.00961525480824832,0.0237409434400613,0.00131264444858249,0.0368860762151962,0.0473029922175987,0.00421149865197594,0.000785086383005386,-295.628161235814
177,0.00317100547621553,0.0442231661115416,0.00613676763600798,0.00568347946534999,0.0123124640917675,0.00356986954628323,0.0201295592560792,0.0430215028770324,0.00686130113778029,0.00103480412212394,-298.767724993442
178,0.000666891805105283,0.0421337803505369,0.00728097680148123,0.00315280596629492,0.026208392754928,0.00550027562609814,0.023555360901598,0.0560477385715103,0.00357379761617498,0.00553269887902871,-297.268210878811
179,0.00285099572936798,0.0467298544311529,0.00447978339186404,0.00332374255776436,0.0120145760017071,0.00233184922016007,0.0364870334110174,0.0560852769813041,0.00617371077511206,0.000350501924679772,-297.941668855055
180,0.0047764439268968,0.0334044874667818,0.00185806478329436,0.00658634378532501,0.0176929914987681,0.00353718668826753,0.0314051181314074,0.0430603620170963,0.00416338927568384,0.000938852670327371,-294.490521397836
181,0.00428545323382509,0.0241758184882112,0.000208451151949195,0.0162501430217949,0.0188041320142349,0.00475601093953241,0.0270726685617153,0.0511380942020833,0.00660588917292398,0.00172426875088261,-294.809679105066
182,0.00624573869015223,0.0155850127490802,0.00026876173210382,0.0234914685472554,0.0270452655106222,0.00158009135865551,0.0337696620441652,0.0449997947799484,0.00886659091331789,0.00142792488331726,-295.678939897392
183,0.00485735582515653,0.0138006738920323,0.00849441874342493,0.0204178083237494,0.0150911299443316,0.00234521297687458,0.0261466399520402,0.0503442209481023,0.00965488308759004,0.00072551002970116,-297.553494271956
184,0.00659319702520634,0.0142029071505934,0.00668186242429612,0.0246979171683161,0.0154691870431179,0.00258838701335543,0.0417894186639517,0.0287224290583254,0.00460481544607652,0.00534227881041496,-295.920403296302
185,0.00919469956987844,0.0221805169300834,0.00108906697127336,0.00726365767904186,0.0141342336467026,0.00289670303624601,0.0228027489458584,0.0449831749094237,0.00691880065923601,0.00407712006303324,-296.313116235612
186,0.00461830337062715,0.0474043317596436,0.00782970591094087,0.00683591182739242,0.0303572115183213,0.00305824505281926,0.0211618417674775,0.055939932417728,0.00785223191189139,0.00268486112310147,-299.608488980348
187,0.00435378223301343,0.0389166006963492,0.0112419629617217,0.0103863644713116,0.0296693704744327,0.00244931635140413,0.0288762745191038,0.0447441736667443,0.00425563211435418,0.00334990152545745,-298.370676204847
188,0.00161290546425094,0.0404676753493778,0.00458696612933945,0.002393801035905,0.0317427075047428,0.00108538800875665,0.0319414405866818,0.0761921064375609,0.00523379770176282,0.00723297370264721,-298.153491956775
189,0.00218385660159584,0.0261746383579122,0.00568622946460101,0.0199308299018428,0.010981085941357,0.00182631668372655,0.039383446183787,0.0365439523559855,0.00285467889222395,0.00133539106512763,-296.753589448487
190,0.0147792190257711,0.0147805493254728,0.00613274968961004,0.011044227772967,0.0279119372599845,0.00210200575689496,0.0229281702423383,0.0393245965943202,0.00413418933659938,0.00153643952198016,-297.292546898847
191,0.00630249163454425,0.0208220991618569,0.00361939652793889,0.0184700528180533,0.0153928999375802,0.00258805441901189,0.0321254962315414,0.042652393487533,0.00539051179423641,0.00113975915937421,-293.994430500808
192,0.00337234906936518,0.0196757223672308,0.00328472657237717,0.0123785946937997,0.0132924737564447,0.00269204980113793,0.0330138854097516,0.0262683172269513,0.0014124098088506,0.00896647160068653,-295.616070049618
193,0.00858336997576175,0.0242104573779999,0.00024197595719414,0.0155973851077959,0.01321140859759,0.00380374020230303,0.0355152698884215,0.0213723938035725,0.0121709771084075,0.000362125648989221,-299.197576577065
194,0.00193672063835415,0.0174123284023189,0.00479967147417455,0.0185368843633102,0.0201575171682019,0.00210129826833493,0.0297195663338054,0.0657612905308634,0.00727774568735298,0.00248759919921315,-295.896473394926
195,0.00539457193866544,0.0230935995730416,0.00339078469256051,0.00983121826401979,0.0232578602410192,0.00475499555998288,0.0284507220900111,0.0272301931873591,0.00619028368210881,0.00229152949530292,-295.855192715838
196,0.00417577909459228,0.0232250084942055,0.00189297760725471,0.0185394037354825,0.0142758862957367,0.00208953405505269,0.0156381448942132,0.0687701958735805,0.0022759646237351,0.00247644381080892,-298.608438234274
197,0.00331566127374072,0.014252568231443,0.000801012950327065,0.0183608694701543,0.0265355915101815,0.0054550109485669,0.0180208799375205,0.016136971770736,0.00287956180575615,0.00515492485303341,-299.738922562272
198,0.00567779594412783,0.0174598171624083,0.00125796417418213,0.027015772602488,0.0127779508816782,0.00538404482993338,0.0246682919596666,0.0289873521119187,0.00289341008513078,0.00409052627612942,-295.323906195423
199,0.00612968913317328,0.019410068710168,0.00146500259329487,0.0106111978106888,0.0182950169426542,0.0049049045709729,0.0318977802801246,0.0278963838440454,0.00505422589981981,0.00442250943992247,-294.140155722927
200,0.0180513016063648,0.0127638112021525,0.00124686479957178,0.0225137768065244,0.0252018533508717,0.00722268780855469,0.0368164574552241,0.0453502595510433,0.00318524124348505,0.00417128254620841,-299.597009836573
201,0.00501829221950455,0.0131552874434328,0.00437763448232101,0.013294309815082,0.0189814779224595,0.00113936740232295,0.0344699208289899,0.0599426038465428,0.00694937679872067,0.00550801346218631,-297.084992930767
202,0.00430458459880342,0.012788121462016,0.00159518390466859,0.013755966015874,0.0210353762325936,0.0041994755959843,0.0258110430762123,0.0432225689020318,0.00182436787557513,0.0052209070073865,-296.491895220879
203,0.00129755518162465,0.0257712703543757,0.00244954835631768,0.0197607201373531,0.0178161682148436,0.00304198201538339,0.0259584041271055,0.0195354763763586,0.00874309427843067,0.0103577726851062,-299.251339549254
204,0.01195557662382,0.0224362307067722,0.0101920729787977,0.0209819865415603,0.0166702668671757,0.00211948970092227,0.0362588255964134,0.0280232890411197,0.00759734500227782,0.00957316453882527,-300.222486655719
205,0.00340889139383829,0.0181060662129295,0.0024499796343,0.0208274822580262,0.0225357044066768,0.00146382785467718,0.0307520208681234,0.0210975710902086,0.00656664293208864,0.0103829073306202,-296.600963440248
206,0.00916300928276569,0.0133657425977643,0.00148438309723958,0.0403620948950356,0.0128328772549525,0.00482932212552817,0.0347410583778672,0.0177866322881835,0.00540400115011829,0.00505231892438617,-297.910676034292
207,0.00550655540522991,0.0176174838314112,0.000221657728360844,0.0406096826860967,0.0140299813245909,0.00582041804503512,0.0313788196238483,0.033618805376447,0.00497977552979828,0.00239213528583337,-296.055584095589
208,0.00601596441666643,0.0256564055142332,0.00429787731458902,0.00239470555234608,0.011064689973795,0.00761300476310216,0.0328869964256264,0.0536698647224965,0.00640085230004327,0.00375261993483983,-296.850443101024
209,0.00312612362771745,0.0308200335664461,0.00206165385200051,0.00814267137454096,0.0150097560795123,0.00922344061958762,0.0227815771402013,0.0635872922392728,0.00533872260293743,0.00164135638180097,-296.857705930263
210,0.00383541610726854,0.0233613641039842,0.00897434803799769,0.013288717419631,0.0174417875833206,0.00670909986781027,0.0352356506304536,0.0535879061258424,0.00226733776142534,0.0018328528183496,-296.773126673907
211,0.00431161959212766,0.0177634283258851,0.0153328944603695,0.0179496702882902,0.0260142643040353,0.00212196599994963,0.0350928831232919,0.0552662360925061,0.00252605243246271,0.00459050356243747,-297.894390224055
212,0.00634528207210027,0.0219528835606174,0.0150936297390256,0.0036112240149554,0.0257509414560821,0.00135735530015279,0.0359972959457028,0.0355028783514221,0.0126966315150558,0.0103211229008649,-300.043407248596
213,0.000476725426938398,0.0329568400121371,0.00902919561269524,0.00052210683934888,0.024375327788884,0.00244805809130951,0.0326979144287873,0.0480181008910889,0.00472664131038925,0.000985304729149235,-295.584832347276
214,0.00319666244366686,0.0265626693535249,0.00744348266014212,0.0124747638090003,0.0156688736652408,0.0032607804579522,0.0388032325288103,0.0433910961963625,0.00508839256151255,0.00586215714707432,-295.724991273978
215,0.00423495802306101,0.0293451866233897,0.00707604923206138,0.00189391095875074,0.0176532927037857,0.000398799252159053,0.0517552325023662,0.0693115313046134,0.00619921724474285,0.00622103291461376,-298.959489089095
216,0.00659842823000335,0.0269466238921648,0.00963197600764936,0.000467584325829263,0.0193014345608478,0.00110562524855011,0.0292096853551287,0.0545747778879213,0.00258165358084667,0.00420041192615493,-296.219107550616
217,0.00341093934294663,0.0239497292846336,0.00318873444544389,0.0015765707214703,0.0124360248833889,0.00592311096045069,0.0402506687258136,0.0292148006242703,0.0100273820257094,0.00299693735973205,-298.553667165908
218,0.00576553552807429,0.0248736937834829,0.00608608147379925,0.010807857969289,0.0137079866456594,0.00549569445243568,0.0648062069342675,0.0737338500159943,0.010250999791425,0.00401674335285967,-303.960137760025
219,0.0001441109483516,0.0240362915696137,0.001608344755428,0.0199979065145663,0.0171183692870949,0.00721426833699608,0.0117655944882568,0.0659294062918488,0.0023053838107379,0.00641080402061519,-303.473316085672
220,0.0137901940770649,0.0226577941181444,0.00442714130584688,0.000956280094645489,0.0175489260225189,0.00419703768746051,0.0248294941804744,0.0502433510229346,0.00753571946689891,0.0031278714644888,-298.107778427195
221,0.0115219392329238,0.0319778273252913,0.00110546725837365,0.00601343823316298,0.02363904629767,0.00149921591623833,0.0357586164304206,0.0591854362364109,0.0064526731097464,0.00158969462395102,-296.294280246826
222,0.00404102745640859,0.0241032646462197,0.00253653261630868,0.00211441655336595,0.0217063008264212,0.00611423618399847,0.0282267812234436,0.0347017422385555,0.0062022668521231,0.00270499296103439,-296.127466665935
223,0.00129378813583476,0.0356387139876426,0.000247745697387461,0.0213808093254608,0.0198346605725097,0.00153638106457366,0.0316518226625727,0.0265332028481036,0.00172555740491775,0.00516331755290891,-297.363653415691
224,0.00322894551418116,0.0314515571352655,0.000538000577694174,0.00850805512263958,0.0168574772393261,0.000826880519882362,0.0351736059784376,0.0379041169285416,0.00234782017339468,0.0104450662883847,-295.804862667891
225,0.00686092611756732,0.0271878548022362,0.0025945025017895,0.0202130524133868,0.0108194755008387,0.00711697088812421,0.0387324134330482,0.0559297831194848,0.00250883978541139,0.00613638665812444,-298.4491358165
226,0.00867361880514454,0.0243825350676244,0.00105796505571645,0.0202497196610111,0.0123791006793641,0.00721042847984372,0.0274985584510219,0.0236305837151735,0.00293490519305621,0.0021724208046884,-295.782813475009
227,0.00828429044894767,0.0253721118042828,0.000388391109175089,0.00873306830210816,0.00960889464771211,0.00997089118467543,0.0281752295760017,0.0249059683805411,0.00298643132085769,0.00317815901661399,-297.023545612936
228,0.00767042677095882,0.0231797074693109,0.000898755139439543,0.00923062050502074,0.0130105756212078,0.00550540652783681,0.0318763494122014,0.0416249272922257,0.00331800076036421,0.0093206126370105,-295.431102505666
229,0.00168096980059039,0.0291541602512467,0.00124997893421698,0.00220396917538658,0.012432009758583,0.00643279075143989,0.0283540133804872,0.0554713062011183,0.0182204894665784,0.00772161489979907,-301.80713275214
230,0.0022129405615042,0.0306276022355319,0.00942455072786619,0.000773455090611082,0.0297815566305786,0.00796518921386438,0.0346765340881686,0.0609835610480485,0.00328666015603569,0.00833483959998179,-299.953051486221
231,0.0050239801780232,0.0362424182657552,0.0100154440014891,0.00104462481758964,0.0141434493372954,0.00604091293472595,0.0340942533251767,0.0434506545890179,0.00363340284605625,0.0145182633474081,-299.819942679088
232,0.00103235572592821,0.0310915001237304,0.00938748346220619,0.00284177971794518,0.0197709909729118,0.00411320037742181,0.0355410082128122,0.0638208655029876,0.00403305219930795,0.0268304728703234,-303.883645596146
233,0.00534177893412448,0.0306048942564619,0.00495605405412561,0.00555170327896824,0.0216302798984152,0.00123208189232474,0.0406965660272469,0.0551689309996091,0.00601384311490256,0.0244042968631508,-302.139751066272
234,0.011180542330957,0.0171117107635172,0.00940138529271217,0.00706193720987031,0.0156684292348357,0.0043717637798176,0.0353324276448184,0.0340449854429438,0.00975285322350245,0.0234992084500984,-302.285950054343
235,0.00995995864016381,0.0165992445628296,0.00665263330747941,0.00890335092736095,0.0190894703780849,0.00808408357949381,0.0361465207363865,0.0368695699323812,0.00357313734069639,0.00930422406650725,-298.063674279919
236,0.0109189808191596,0.0171390034508115,0.00344858122398405,0.00857893809626041,0.0129223020257396,0.00336356968182735,0.0344064808173206,0.0320517054217445,0.00522015554431576,0.00454456041295762,-295.589689333847
237,0.00320111772413638,0.0301615174650346,0.0116817544251232,0.00437105520115322,0.0283331602628115,0.00371591737941012,0.0216166380378619,0.0730482153025779,0.00615703193810066,0.0051122954903009,-299.730648722771
238,0.00174488698833875,0.0250842996834582,0.00585431012787602,9.87091992620662e-05,0.0181859104601597,0.00203669333865292,0.0406262146898014,0.0432952553630229,0.0088997220415781,0.00444423653958835,-297.33102363833
239,0.00311442117151509,0.040847466858727,0.000123344067264741,0.00182721690196339,0.0204380659189783,0.00192252219327068,0.0234752103265656,0.0589609318417606,0.00245635583929606,0.00508945918254546,-294.367060896659
240,0.00508773314933738,0.0561688779164468,0.0018060259648757,0.000953707685642861,0.0214572395014571,0.00622971115401234,0.0296105899190671,0.0743702623210858,0.00161922062863412,0.00547622448622659,-298.876363588867
241,0.005388721063139,0.0523650400226589,0.00304233314240425,0.00116609888662564,0.0176432555792296,0.00216509513775821,0.03033596918181,0.0588618155599243,0.00444384628069594,0.00610394912574538,-296.478734847192
242,0.00593784752451693,0.0276727296910988,0.00769487497106006,0.000599421242271125,0.0189153645441144,0.00570880232276785,0.0254224300457745,0.0414727800963347,0.00529063693272191,0.00411059775793715,-296.645561867292
243,0.00155722569049078,0.0342020911727294,0.00481755835649582,0.00021266975057501,0.0127759421670083,0.00213510478432484,0.0219011973078143,0.0569926211440084,0.00163652618715382,0.00327840147247422,-295.934230035382
244,0.000374887892267842,0.0277770220304005,0.00421320894790738,0.00732380803157469,0.0192460888333003,0.00888400959742669,0.0479857090109774,0.0606179219570558,0.0109662271248413,0.00905271067574004,-302.644454823819
245,0.00607897113897642,0.00845402893671204,0.0142774889916856,0.0246427904266678,0.015024261979998,0.00167955557455571,0.0373897143815904,0.0474629375967144,0.00595513882482353,0.00995986682890022,-300.638556640787
246,0.0052981058349527,0.0368502790852227,0.00672689620721633,0.0269468221809765,0.0237355719378208,0.00184457010921774,0.0285489516398438,0.0380686101386897,0.00530196213568617,0.00604255690317238,-299.154901430961
247,0.000615586500288926,0.0367069069982261,0.0065551542028945,0.000247979048743938,0.0140401107425121,0.00524480027645153,0.0355641852255022,0.0661663770985724,0.00149819033981118,0.00177716626142441,-296.416391189185
248,0.00114248247415299,0.0297120352470623,0.00488370845237249,0.004609098155838,0.0129850098663788,0.00643463356129868,0.0366554419450827,0.0473968847452985,0.00223606326526172,0.00562160349776132,-296.743174466628
249,0.00732615771931515,0.0274535349110289,0.00664113178952087,0.0101259841674953,0.0139844065735587,0.00938057082146731,0.0279623553774683,0.0465746178873862,0.00330297577517084,0.00687774085665434,-298.061802965162
250,0.000673403376021452,0.0285485683202725,0.00885677661442097,0.0163652107417038,0.0248842106742633,0.00828417908138615,0.030400628731937,0.0521305693632984,0.0046863890109886,0.00188781020450952,-297.359482292042
251,0.00238314183830499,0.0360863894757632,0.00989679257573418,0.0235347211656912,0.0171767440756737,0.00805911474077172,0.0342297255542688,0.0386103584212495,0.00361551395528991,0.00452243482908998,-299.906168885662
252,0.00192224644405937,0.00919682857541783,0.00139391889979692,0.0564261953030877,0.018479246387761,0.00381878780600762,0.0449791757509509,0.0247863839091175,0.00501848775261131,0.0025379014654254,-299.68501083963
253,0.00319655392602059,0.01057956488624,0.00693473589116124,0.0321500133163577,0.020791244415411,0.00356944286582115,0.0232669151352666,0.0359156885550795,0.0024523444256287,0.00664885771839493,-298.000079623683
254,0.0112512342381639,0.014804482149981,0.00648219376556811,0.0224742291252992,0.0143627661604885,0.00228459880677741,0.0544307448673844,0.0359989842869581,0.00322485086186205,0.00676451677661166,-299.834296732921
255,0.00905503833354429,0.0173020459078557,0.00567541863086383,0.00413121488698701,0.0176050000220651,0.00185607687654323,0.0539218355490515,0.0303375754371663,0.00191879149092216,0.00526447638826761,-299.723168881516
256,0.00511859210350114,0.0240764039659431,0.0111788040295733,0.0303412688655258,0.0166932934089937,0.0022493509930069,0.0536448688937043,0.0327390275778548,0.00348720787785113,0.00294589002556976,-299.852305294268
257,0.00208729672919067,0.0165143912124305,0.0205410557680697,0.0325644082905196,0.0175534117659985,0.00370693254180168,0.0189851481680175,0.0544633620508678,0.0043571536924954,0.00175715737519188,-302.594780504949
258,0.00121066119791919,0.0286126651175092,0.00502343139666735,0.0340367405165997,0.0225072174769402,0.00201455733967138,0.0198728200791651,0.0475868442545405,0.00419834821127503,0.00633739285810191,-299.278953283295
259,0.0122405374558262,0.0131781055017179,0.00546580307351651,0.0207712764746025,0.0153595413848273,0.00324203738602633,0.0367499579346453,0.0373583210994741,0.00239361674910335,0.00531775901674531,-296.574414462665
260,0.0144126356814878,0.0183453020091319,0.00741614632532826,0.0109402968752075,0.0136378433707741,0.00358392269767886,0.0359663655306616,0.0224843964914136,0.00178632917281767,0.00558326865594266,-297.618613120369
261,0.0083974027876471,0.0188018909898057,0.00476384869093577,0.0155357336996841,0.0134049271985256,0.000700410554403666,0.0391292905698185,0.0224893694236704,0.00313161364466191,0.0133750195167015,-298.02603153775
262,0.00613082584358499,0.0284046509773945,0.0104651119324204,0.011317218955422,0.0114404069112136,0.00688386287823208,0.0208185793157852,0.0474968709197051,0.00568305960129129,0.00605626931822744,-300.149485523405
263,0.0113730058438408,0.0131268624088588,0.013398889649773,0.0155593403287293,0.0094871836124244,0.00337494995188484,0.0531665463878839,0.0366441011502286,0.0159458536597683,0.00527861231097197,-308.020152752147
264,0.00435757752920976,0.016130816150276,0.00328693143079289,0.0270594172086235,0.0106536272187965,0.00133430595551424,0.028752906083125,0.0422126609842072,0.00800533132949863,0.0002263364001544,-297.973553461315
265,0.0036579655951554,0.0194798544516492,0.00622279723422772,0.0214099761726185,0.0356763037273689,0.000114680489989198,0.0248251403491196,0.0395788979428757,0.00205707470409569,0.0134442699241038,-303.362921368041
266,0.00306423588332321,0.0202692725801701,0.00314647506971994,0.023562228690994,0.0322556547661799,0.00253050488385598,0.0299362335859078,0.0487742054844229,0.00555592015463556,0.00457843044841717,-296.004254774428
267,0.00395130317162151,0.0299574286589548,0.00438292825464399,0.0166569530420507,0.0134942418161945,0.00841335350380096,0.0478720225536314,0.0546302015925603,0.00262699073167403,0.00347370424101843,-298.632424782918
268,0.00574448037693821,0.0249928142050125,0.00799288135872463,0.0225038229903862,0.0251414933673858,0.00929590987076724,0.0178269127460731,0.0459058042590166,0.00721203977112518,0.00548653363580868,-300.315938962118
269,0.000758499627164728,0.0350660135114222,0.0082050115499658,0.0225335989725398,0.0241621447310924,0.00201699369687578,0.0308503887434479,0.0492532194894089,0.00327167280781099,0.00187368417412548,-296.938155563986
270,0.00242462470460395,0.0284668933248928,0.00108407127654507,0.00838889203759642,0.016915393224461,0.00184084258204166,0.0320943802937377,0.0498008507739597,0.00569214780912229,0.00587737933351992,-294.61750362194
271,0.00519105547255292,0.0198216364087246,0.000746977341241913,0.0173263196842538,0.0151626606490107,0.00187916933634236,0.0322422815885689,0.0785362386988155,0.00389502554544086,0.00384345310413874,-297.167045563924
272,0.00494054650488844,0.0115396689309409,0.00613495071935663,0.0104672092499203,0.0250855806695467,0.00340619417663154,0.0309307890499141,0.0478606741257193,0.00356567087123005,0.00323033176349693,-296.037923037604
273,0.00243134863991986,0.0301886728012094,0.00435431055325578,0.00858046248688761,0.0278382344687532,0.00353334952404838,0.0286293744768886,0.0515824554536079,0.00394391932012622,0.00557567805072514,-295.508099808907
274,0.00525032642740705,0.0220478495193476,0.0141683524148877,0.00945651343082009,0.0115290682819903,0.00216900114537524,0.0392679357018846,0.0373256184817631,0.00367368319592315,0.00644711690433248,-298.04284293653
275,0.00387267109602641,0.0219287056942707,0.00513861538355762,0.0140814630419846,0.0253535937140699,0.00843209381529741,0.0253050007401598,0.0508096972436151,0.00420466192165762,0.00621533075865511,-297.227290793902
276,0.00240997604625694,0.0314255080150421,0.00147515870279195,0.00208088212302494,0.0166137894721826,0.00471823764334136,0.0186403036986352,0.0457255781832805,0.00454328939257217,0.00271677663982622,-295.360266137491
277,0.00905060318752371,0.0348266887274853,0.000261003623323255,9.76636647388072e-05,0.0116714039501656,0.00340834988017102,0.0334518960201455,0.0485584004538308,0.00525204712390486,0.0019346304091443,-294.436514789735
278,0.00288710557201468,0.034357862930108,0.00506109351849139,0.000699740308958778,0.0275976672901954,0.00461272809095635,0.0307971228342264,0.08671846979428,0.00658652005653752,0.00290590918075991,-297.220750310169
279,0.00682945665609065,0.0392584011529065,0.00335254305969742,0.0018444456493109,0.0213521799334266,0.000760355768255769,0.0216866112493314,0.0629174494491872,0.00748018265101908,0.00169515982364256,-295.874457876282
280,0.0138207014999215,0.0268419577766085,0.00406286439106862,0.00362128130058479,0.0298157746839408,0.00343714721498521,0.0250098428674874,0.034942845639855,0.00337166819946407,0.0025789944772266,-299.812276856616
281,0.0011941847740403,0.0296411826368009,0.00189058774025139,0.00939848034274706,0.0160224227703719,0.000866910222322592,0.0376126498333326,0.0495616690978198,0.00526345255618956,0.0031030736897903,-295.073956832083
282,0.00178637691283013,0.0211938459871927,0.00338086286375853,0.0194369487940528,0.0187265212601809,0.00152413185857356,0.0379817556618475,0.0485342380513609,0.00434613966922924,0.00299528050273452,-293.865195662778
283,0.00179855732714796,0.024204952683838,0.00368302782323565,0.0227595464422063,0.0193413147609162,0.00251475232796151,0.025213887162647,0.0538184031241804,0.0100214782315565,0.00454257922358611,-296.342351787286
284,0.00409455149686586,0.0135515238653901,0.0028918415983344,0.0162978278754618,0.0253958726576424,0.00134065203216218,0.0282980267077651,0.0337259565456125,0.0143222022916002,0.000715459026452945,-297.935745441762
285,0.0025200153485156,0.0174390569842429,0.0033390171809507,0.0132407138076995,0.025972925379152,0.00971251620986789,0.0272771879848045,0.0340273187315334,0.00460266019017694,0.00765614047636851,-298.677419737755
286,0.00224867186406907,0.020971399680973,0.0034071158480966,0.0127712500062669,0.0223226118866372,0.0108035532664924,0.0324182945659214,0.0330313449837485,0.00549190173467569,0.00423815377056341,-297.145328442822
287,0.00661704700466621,0.0212619841506751,0.00186339991824384,0.0242976635706232,0.0189627786500352,0.00306209127664208,0.0429744788992441,0.0415256540372899,0.00579801912579773,0.00432968592994538,-294.922262687686
288,0.00293109772552354,0.0141272571146321,0.000118097327234434,0.0286550401778827,0.0313089410776006,0.0102818217002348,0.0512779678201075,0.0544494879366079,0.0128547775098462,0.00490253198544401,-305.719161557236
289,0.010912689077468,0.0133803890417097,0.00165135256096381,0.00992074968635885,0.0185497591992682,0.0117114903066469,0.029881961333202,0.0461144589416227,0.0032883984200548,0.00653922702568224,-298.297925248373
290,0.00843031591657416,0.0222661016568355,0.000934589408522402,0.015045161918126,0.0131838655594677,0.00272325882406884,0.0326346588801179,0.0700695729968889,0.00492889440657826,0.00636725005343932,-297.268448332673
291,0.00499712253077715,0.0184288059908268,0.00160004411284215,0.00891935619438466,0.0230981486603001,0.0020924720075404,0.0308734146722913,0.0252755678641304,0.00290297829742629,0.00833193359079863,-295.591162248673
292,0.00500317599187699,0.0306043977009842,0.00148044706241916,0.0112913117205727,0.0229060962772773,0.00688133586877288,0.0349719329061827,0.0221477506407041,0.00555692999001283,0.00709257836001564,-297.32433467754
293,0.00545909932777596,0.0229214639177036,0.00347057461559199,0.0116491291464739,0.0214761911526495,0.00558052214105079,0.0300715570268314,0.043102059641628,0.00252387321221321,0.00418489166051591,-294.924896983184
294,0.00223701170080465,0.0284747517266677,0.00283932593448007,0.00594892205869829,0.0176479351920575,0.00219145922788923,0.0293698532786721,0.0590153612778737,0.00464143412981771,0.00182947147383994,-293.778226475658
295,0.00666717418894283,0.0214662537896772,0.000945971846379554,0.0049583565558606,0.0166694220202591,0.00631483489755276,0.0334390954478633,0.0615612269506194,0.00235818597454313,0.00630054703734023,-295.898194765835
296,0.0142495074922347,0.0396459659924602,0.00487299499644019,0.00311429224132011,0.0173223600925682,0.00683790797044919,0.0279177536251014,0.0409147121360352,0.00397679017320084,0.00189551076436779,-299.064629695411
297,0.00867927273850554,0.0207825418847509,0.00299460629679667,0.0345511596353943,0.0220404147592265,0.00798763714779422,0.0260194279588906,0.0280723534996252,0.00457733113417992,0.00144220755699633,-298.239966972775
298,0.00888292267553085,0.0143315270231738,4.31753274363094e-05,0.0343680771949266,0.00895052645562779,0.00886558613674495,0.0285039995295273,0.0359112536602745,0.00898806257219293,0.00146957560790377,-300.896382140909
299,0.00952566757048673,0.0165917039363461,0.000776813025952647,0.027834940213643,0.00978232241289358,0.0106410357734633,0.0309640361344226,0.0288654039543526,0.00594217740301807,0.00656353387226729,-298.992424364975
300,0.00800632649990916,0.024931749407475,0.000367538959609793,0.013961200036287,0.0124888074507114,0.0114914526113218,0.0314740693334783,0.0271841286814123,0.00123774974079593,0.00207329168855473,-297.452863532182
301,0.00205046113672036,0.0264003683339441,0.00162367321571414,0.0156768865806453,0.0182249103622778,0.00262991201184014,0.0392441204271725,0.0458935636420769,0.0080879726269055,0.00216067009939561,-294.876870039653
302,0.00254947710579167,0.0333902345785786,0.008704287525411,0.00977445723548497,0.017141433614298,0.0043502545397448,0.0257995064448338,0.0445521572793066,0.0130564568258182,0.00276795725056523,-298.441891985618
303,0.00132817100512994,0.0391813312656475,0.00265297551079261,0.0131583906829812,0.0198099643645797,0.00455030980233634,0.0266944408562941,0.0561976954419366,0.00475236874595304,0.000770750185967677,-296.270748634811
304,0.00531535003859038,0.0265622482212557,0.0017735090407768,0.0200765467056205,0.0132658462595574,0.00367855252609549,0.0361596513198421,0.0200364637455377,0.00495591489330742,0.00306666595992802,-294.830289578335
305,0.0042445846774413,0.0128861875035056,0.0107779210826864,0.0213377409740956,0.0223039658493422,0.00108867343201672,0.0396209480054562,0.0473490981439267,0.00452511675916578,0.00501432217003057,-296.650520493576
306,0.000240251947494033,0.0354660765178187,0.00279991096475804,0.0196133684611948,0.0232789480620552,0.000930704024053351,0.0153454985242117,0.0370715642345371,0.00499450996456414,0.00233017805940589,-297.786455004669
307,0.00396363780475542,0.0286637345137081,0.00243852855745818,0.0147771600102641,0.0205141525955913,0.00746233946734889,0.0445090697822366,0.0479854589006509,0.00338600791673702,0.00562587949096654,-296.791989340663
308,0.00824140136957141,0.0268367261818976,0.00280887763245922,0.0225112244189893,0.0246427349534062,0.0104193345592234,0.0373566608427173,0.0608277547557545,0.00529425294992514,0.00311903704112338,-299.533379899876
309,0.00370139477544573,0.0212807159557987,0.00278592808399246,0.0236369514105854,0.0315542354695358,0.000350218647872961,0.050635757539347,0.0341425597183148,0.00545674313362536,0.00272917196693321,-298.92516784039
310,0.00478865824010968,0.0205411135030609,0.00141793317761664,0.0225218882061115,0.0184081936956891,0.00168931492328993,0.040410032648186,0.0377332419301126,0.00187114474001108,0.00466428283210703,-294.279152482718
311,0.00456059230075489,0.0174420424708559,0.00149272211360416,0.026069542052474,0.0187067801531478,0.00347388441725947,0.0371430725328731,0.030721180823731,0.00454184641053044,0.00490198538321563,-293.72450175925
312,0.00573645698028534,0.0159192313609327,0.00416664279714433,0.0158094458478705,0.0259634262213713,0.00634956547479022,0.0406245241021709,0.0484643316298578,0.00651472729755378,0.00279301962994034,-296.760910659472
313,0.00480595359422876,0.0134789834442985,0.0113239167906911,0.0157264918898473,0.0254761324668381,0.00361113170207456,0.040960054185336,0.0379482036011952,0.00635096932779155,0.00488404848758791,-297.235591534305
314,0.00441793389362405,0.0160151735743235,0.00201591055964175,0.0162444055013962,0.0190937467546907,0.00196881164063554,0.0251981700225232,0.0492161430616421,0.0111883970946636,0.00139319070784138,-295.482658476757
315,0.0151076981800672,0.0128556786528294,0.000248683354745808,0.0233625539491611,0.0367485940615077,0.00199685990529258,0.0249909201889869,0.0460177304866872,0.0032741738841169,0.00238223929880587,-299.671552161339
316,0.0120383374940583,0.0265665774528013,0.00537710772191783,0.0222078030447984,0.0223315976460081,0.00226376877096238,0.02300990332537,0.0289337643508633,0.00448464306884556,0.00260986699209352,-297.705289515696
317,0.00636309969722761,0.0308919939541116,0.00409401801055016,0.00767492979952168,0.0272715457885717,0.00453857487605024,0.0305308458303582,0.0247332097616292,0.00433763582077751,0.0125052842454424,-300.173204158579
318,0.00240397625250423,0.0191481482493362,0.0115722005763734,0.018875482367383,0.00835908702610421,0.0036231657294353,0.0331584803634766,0.0459189125395496,0.00462444759783412,0.00561034068015098,-299.704196237147
319,0.000953548041573383,0.0257125769178039,9.48709957598067e-05,0.0165001451792089,0.0168253040485108,0.00224858513085277,0.0241918919211796,0.0492473558462531,0.00384654396889731,0.00230823367595453,-296.041076487381
320,0.00567872304490551,0.0262960189977733,0.0077050557739827,0.00393268049970567,0.0262552635415928,0.000697792344048439,0.0214396041097121,0.0552668610018092,0.00649472416654398,0.000983464898540695,-296.767936504814
321,0.00757480020257484,0.0206776481494134,0.00523008700620238,0.0217403403207631,0.0206920660248272,0.00800982783309594,0.0303958302600381,0.0371821166453393,0.00403454143970293,0.00397461342335206,-296.110819777973
322,0.00660543965572288,0.0170675663053582,0.00271839968181077,0.0194392299828234,0.0175457072257601,0.00119439710652914,0.0485426540576183,0.0228347156503653,0.00353767471976496,0.00385530039148678,-296.154445284788
323,0.00378677653631297,0.0134594434468132,0.00220030019965808,0.021661014020451,0.0118643052384545,0.00401742629858671,0.0434857115530707,0.0361123316479157,0.00624115336299121,0.00269009049437142,-296.106230807784
324,0.00965321458236258,0.0137188426655807,0.00455831518918619,0.0113804145880062,0.0271036820142086,0.00477033510781821,0.0213565272895406,0.0268899873523445,0.00238371520972321,0.00416790658358378,-298.82881716974
325,0.00688949453933046,0.0109265786000662,0.011799527265535,0.017298495307365,0.0217074194753173,0.00881721955392306,0.0188723727983567,0.0367326572082599,0.00209728707269385,0.00200279822878986,-300.416597081641
326,0.00873267942453775,0.0113070338878086,0.00148968070678753,0.0283525226628733,0.0181264363819058,0.0112989340901818,0.0517097381585217,0.0386509250934612,0.00600216339476449,0.00728092166176051,-300.90716115395
327,0.00420128195658731,0.0185589189349629,0.000183928951818086,0.0152351051304814,0.0178127505111216,0.00395728443478779,0.0316821325077084,0.0326462017352475,0.00752100456765859,0.00490012725330098,-294.240934541097
328,0.00479762045460064,0.0259961817445022,0.00015594238732079,0.0105236437944844,0.0188792281442242,0.0120946210524636,0.0216647853209635,0.043328113331033,0.00661022904459965,0.000687111695444123,-298.079585533105
329,0.00426768216929896,0.0244463749765584,0.0038468478127811,0.0199821720114237,0.0297031301430638,0.0159665305179031,0.0319101617576091,0.0429847145831203,0.00872776389010727,0.00241132884611663,-301.629470733001
330,0.00480923446868092,0.0290139328110876,0.0044510108561236,0.0140051144635012,0.0215177654908177,0.0085084722495378,0.0256497613546582,0.0435348589216409,0.0037524048688516,0.0039516019685402,-296.213949345033
331,0.00851462473300614,0.0248423383247779,0.00569209320225494,0.0155788869596474,0.0232748717450863,0.00719581684253117,0.028082115899014,0.0210086851493102,0.00245027920165665,0.00474650499536839,-297.764100336101
332,0.00648036130764974,0.0190413703812097,0.0043710349081607,0.0216691311155075,0.0215349739733528,0.0154826345874925,0.0234429812158177,0.0252644180556326,0.00458038037821113,0.00381300329894517,-299.732535747808
333,0.00650476322343768,0.0287541250784477,0.010674865041667,0.0119473098475864,0.0149954807310821,0.0083772781160636,0.0205929798189489,0.0289196284608726,0.00324994714268405,0.00960379112257245,-301.042595589326
334,0.00512343862369481,0.0124153285924555,0.0174437049664964,0.0127650369042981,0.0177402149417411,0.00904875219249185,0.0251211505856291,0.0214291923954204,0.000956069442532087,0.00853263041902484,-302.869826539662
335,0.00716500830913958,0.00907314446596797,0.0157048149876461,0.0147604006101895,0.0267029327195653,0.0090822428310866,0.0262048135119795,0.0423946301462907,0.00446554026334241,0.00922104775893028,-302.695529073997
336,0.00557101404237112,0.0226915894863283,0.00363172971549006,0.0230567374084378,0.0164624646541115,0.0037396948994155,0.0257301878218854,0.0141600251498949,0.00794054724956089,0.00336603703981386,-296.522042925401
337,0.0017286058145809,0.0177689182564295,0.000405464686243323,0.0279340488496266,0.0147877787074355,0.00901238528029502,0.0316503104298363,0.0277918531188106,0.00449547041982781,0.00869309848879914,-297.008202969395
338,0.00645873491847669,0.0172272499466632,0.00115005550384369,0.0337296302663184,0.016339316562241,0.00935747109110015,0.0317634983541703,0.0247789827054757,0.00279691916053595,0.00884753030193686,-296.8867036179
339,0.00656104745056175,0.0195213277233512,0.000742211112451997,0.0190000424537823,0.0115571715914825,0.001810365295075,0.0275096391056632,0.0348450000701056,0.00346471405347946,0.00636146314854595,-294.675358754553
340,0.00266819708190758,0.0177358098055015,0.00282267170142039,0.0115390519815449,0.0211364469101299,0.00117742060059456,0.0305620238068868,0.0293275871465924,0.00271870163498463,0.00448015410456474,-294.749942163643
341,0.00605260550994538,0.0219102608223345,0.016566055143216,0.00969679464484541,0.0192188725799201,0.00202607280694384,0.0271106949154035,0.0286058453874673,0.00386253736947555,0.00643627892293706,-297.641953262615
342,0.00386833006727199,0.0177868211477695,0.0183077868049847,0.0100816594635259,0.033957694706413,0.00198297501093427,0.039829664400521,0.0389615619033199,0.00569241732172641,0.00497440465492785,-299.797546618003
343,0.0044650080261469,0.0196259591521986,0.0193858181855832,0.00840211865075758,0.0320422882262379,0.00407587273548103,0.0224992068245998,0.0449594023236672,0.00918295897038508,0.0030291503223477,-300.079575749718
344,0.00632516707262514,0.0318505045297142,0.00674123547309393,0.0203980418248134,0.0350547889744466,0.00905325924735238,0.0236957575182314,0.0632035324063348,0.00408058392015461,0.0016721942594009,-302.026653067579
345,0.00212182707318303,0.0320340635871567,0.00282439283998383,0.00507265983555409,0.0329014674146707,0.00231816954234471,0.0185222841086306,0.0541833676520817,0.00688386105241793,0.00435057001750347,-297.385228043281
346,0.0011706244842313,0.0286167739950267,0.000219718626445615,0.0313011825582981,0.0275116780462647,0.00120958945940815,0.0247818984665461,0.0372674845300849,0.00586473383828207,0.000562261630741168,-297.324120627432
347,0.00788269940564857,0.0226231833591735,0.00106005143326656,0.0366680914031752,0.0139444596547894,0.00109964558107886,0.0376173385485695,0.0398768310735306,0.00752216270219555,0.000502554553128187,-297.927980132586
348,0.00673801772306215,0.0117189243974064,0.00209688782376587,0.0228884571371579,0.0154452830023241,0.00624075523207943,0.01762540296377,0.0342597347915231,0.0069389153536192,0.00628966710456569,-299.189423789044
349,0.0059134721055334,0.0261233728529393,0.00400226033445715,0.00844828848602412,0.017887818625229,0.00178324267276338,0.0217673930207997,0.0493972450983735,0.00143235812887085,0.00110063591664817,-296.42897445775
350,0.00193893975254467,0.0346818551734252,0.0061338818749515,0.0150294281470806,0.0244780026187649,0.00142592995896852,0.036492882943325,0.0412325284455242,0.0121291831772045,0.00193190218851499,-297.758978060918
351,0.000417017585615501,0.0492693721607264,0.00651664941307991,0.0118055611030274,0.0221038846327207,0.000560422258369472,0.035406031610397,0.044262096628044,0.00306341256974519,0.00307912470438201,-299.148473102985
352,0.00391049278618444,0.0108406356480212,0.00776714630881599,0.0208129746132493,0.027327513951585,0.0031292263488235,0.0575248432416897,0.047480489668681,0.00367063290237878,0.00249928499731114,-300.192773732352
353,0.00389144519721668,0.0241321946215522,0.000628561884385956,0.0228926931936824,0.0162192824373758,0.000302722717056763,0.0408969907874072,0.0625676088462475,0.00396073823904353,0.00419014898081847,-296.93016299721
354,0.00454560261072836,0.03229142169519,0.000695710446667878,0.0139194955145233,0.0136095138329851,0.00315773416657161,0.0359634938737716,0.0261921457147451,0.00269481219080358,0.00303713489726213,-294.922143636964
355,0.00503679761491903,0.0122951892842663,0.000563030155217615,0.0282370291885866,0.0187973058418986,0.00215037241831875,0.0396310715219316,0.0340225249336729,0.00644548974746152,0.0137622771934027,-297.676495340459
356,0.00982509995728248,0.0126304837450637,0.00607333457200868,0.0106372491881819,0.0175270250514158,0.00831928881059314,0.03174516924914,0.035075061421866,0.00496899002139656,0.00279191648417963,-296.826132049779
357,0.0135024087405315,0.0192754463196886,0.00620069411943373,0.022161479127054,0.0133773944873642,0.00244729961417271,0.0329861900557918,0.0392064531717755,0.00416620141104798,0.00286246090382232,-297.027979678165
358,0.00681261809785398,0.0183179572925014,0.00655112615607141,0.023757323331332,0.016589100321097,0.00220963581004979,0.0474754499570847,0.0495096049401379,0.00359974780216455,0.00541114416167003,-296.695583299491
359,0.00576189007644464,0.0183711974515883,0.000306030026141856,0.0271953630056512,0.0182304716964951,0.00475321214433848,0.0386980775769594,0.0246396819554363,0.00346529324423584,0.00909702796558537,-294.947560011587
360,0.00889598776960152,0.0238664028406181,0.00158565963805286,0.0113010589461067,0.0170711152733774,0.00544749732810349,0.0303242927577512,0.0221682905272506,0.00315843780808243,0.0100974125923136,-295.680021693316
361,0.00229076148817982,0.0283170315240604,0.00135824340240097,0.0162394725286996,0.0148631589819833,0.00331683611592523,0.0377645409123561,0.0257079114863799,0.00142730126897139,0.00740215472837697,-296.056531389563
362,0.00290251083242337,0.0145034000330414,0.00260597220265937,0.0240388230467007,0.0143446162309372,0.00992422232667867,0.0468520247067571,0.0107176010533647,0.00138223700337321,0.00459429750583958,-301.430299908401
363,0.00641640319517115,0.0177150695249967,0.00467305799519662,0.0296943454898326,0.0234029811615178,0.00675432651878438,0.0304391765978457,0.0482187227994763,0.00888474882465522,0.00482702212127429,-298.036507268703
364,0.00689909144862384,0.0268399127244909,0.00711323810834102,0.0160451386936241,0.0240988096437227,0.00627373410579629,0.0372132761973678,0.0478955904354969,0.00776228484011064,0.0111928503368915,-300.692924710918
365,0.00237876301978295,0.0379961411449311,0.00643432466578273,0.00859119875248401,0.00846294206939235,0.0038650002678407,0.0320794465871413,0.0330798061237449,0.00253311750739425,0.00644852156309123,-299.718889484398
366,0.00385441983749641,0.0136385998712976,0.00139896524175142,0.0355961884807968,0.0239043696600848,0.00281624310929277,0.0250302866258514,0.0429205662981036,0.00390321072113564,0.00335314879147327,-295.963760047684
367,0.00327975588365943,0.0196447899714732,0.0120082175006967,0.0364804639472404,0.0176936475980112,0.00432385168336783,0.0407111904819161,0.0333160686200261,0.00557133288682705,0.00426853085797552,-298.148732766123
368,0.00421823938339754,0.0179748037331785,0.00184887203269192,0.00656919192218221,0.0198725316490048,0.00101173873139467,0.0347036516700584,0.0296683537189598,0.00397061390957319,0.00149342094466589,-295.30942272797
369,0.00604196917055525,0.0323140953247949,0.00147191254222485,0.010575522700605,0.0200144943629629,0.00928163539375545,0.0404864818210646,0.0803264509478613,0.00290033368880319,0.0101976569266706,-300.435682661066
370,0.0119430827351511,0.00723739447002239,0.00239389733519621,0.00513556745908361,0.0253397948997243,0.00943931434365084,0.0470354844148557,0.0332668233806919,0.00808736084696232,0.00637779459634875,-305.46393331478
371,0.00482831776416412,0.0337572957295334,0.00119597081288979,0.0111363317015031,0.0225113207082408,0.00292898885073521,0.0359920140533437,0.0771326103825284,0.00744377272821565,0.00612864256789713,-297.902208638671
372,0.00460167074340839,0.0334629729546785,0.00533019720183522,0.00808959403917544,0.012798030605778,0.0026475396669515,0.0324127591863159,0.0786603675857139,0.00750175611822618,0.00761152908640706,-299.282689421795
373,0.00128039807449231,0.0249077932955237,0.00106746314829207,0.00646175888950149,0.0167334604932755,0.00300957298030193,0.0371171286215971,0.0313769942807321,0.00319555467116867,0.00312587276276385,-294.998414422933
374,0.00580126647746415,0.0247243223349085,0.0123599022029757,0.0103525725924959,0.0265640085779532,0.000452890114035607,0.0372337124939624,0.0490177981750864,0.00612073709594747,0.00244351474433913,-297.048013785457
375,0.00177457741683652,0.0308909979522347,0.00690108274455096,0.0117015276290676,0.0162157101026282,0.00148809040388342,0.058784257694394,0.0571417788701851,0.0107199366635254,0.000681970872440644,-301.093279147429
376,0.00412853394394069,0.0167294897491887,0.00868044369316801,0.00503287347433449,0.0171050728915473,0.00529929891671758,0.0122805895481277,0.0509079797837857,0.00877582401599837,0.000149634360673438,-301.511911692112
377,0.00584499995140938,0.0302799939462407,0.00800217083427457,0.0231815728181257,0.0212280797655214,0.00763729126621819,0.0187316691367808,0.0392897618070545,0.00761979405997577,0.000508819958770069,-299.652758174137
378,0.00328244107014742,0.0366037930201119,0.0067760684218301,0.0187729839269715,0.0207126886107131,0.00820533592138484,0.038469620692724,0.0494766296011438,0.00778364861262903,0.000447382345044124,-299.766504656604
379,0.00227734899170097,0.0149953642477585,0.00583879048466184,0.0201804210044173,0.0192831565287205,0.0023961155376422,0.0284945143137779,0.0264434844341523,0.00365586451293498,0.00369243612243451,-294.609147156223
380,0.00585061884386509,0.0233380842550083,0.0017532158891754,0.0123364793176283,0.0133945777033367,0.00220041903285833,0.0287518301427113,0.0153421686538899,0.00586902913808588,0.000902708439390944,-295.242784143106
381,0.0100492056658862,0.0122492324902728,0.00918697972132994,0.0116530675757854,0.0100164403658865,0.0018180422228091,0.031703068997351,0.0286097522024486,0.00878157867106267,0.00398201603907802,-299.351953885993
382,0.00817348280232737,0.00971890951948048,0.00242038758994918,0.0362168587236994,0.0464588448445125,0.00164370143204212,0.0279559830426044,0.0390172494357901,0.00503297144501234,0.00431274211612482,-303.20110573328
383,0.00303567592434351,0.0202726123612327,0.00826094435661217,0.0231153651783878,0.0281699308259582,0.00169142775956488,0.0328700465842975,0.0427285981611313,0.0025064830463835,0.00860469783909945,-297.379354220298
384,0.00398038900622998,0.0264900378199702,0.010649790189173,0.0286844095060443,0.0244389081108063,0.00149255504132724,0.039059837788054,0.0329133459635363,0.00419819019294093,0.00217476242218095,-297.37865201533
385,0.000506755399961619,0.0243415975061926,0.00788878027368761,0.00620658091180081,0.015044284692357,0.00214670406554261,0.0391942749391583,0.0199771104663601,0.00589301048857032,0.00467456348509046,-299.764791541545
386,0.00244099029350037,0.0281069288377498,0.00508212545412447,0.0144372582851305,0.0177379481705585,0.000674834018916792,0.0273284762485988,0.00576115185711334,0.00327099344288347,0.00812572082629781,-299.726476481201
387,0.00329475419769704,0.0267391031768105,0.00412305269669607,0.0258602944891949,0.0237702596521286,0.00249111633524619,0.036499635537447,0.0403558160802924,0.00441844408438236,0.000551405037593417,-295.717266153175
388,0.00595743939097498,0.0169694450141537,0.00371657141414863,0.0182660356232333,0.0158178573778281,0.00149264774341413,0.023931452925849,0.0349071697415717,0.00551897918370118,0.00204454208294791,-294.26250004024
389,0.00131142608289018,0.0169515632004227,0.00558438324938151,0.0139766485798677,0.0237155887554116,0.00312900577706708,0.0300065084116059,0.053048167776485,0.00160286606657115,0.00158529586972457,-296.536474318069
390,0.017769898044568,0.0135634499330098,0.00993848435577931,0.0129595474362016,0.0203481482391234,0.000838191104719781,0.0388813368948438,0.0363188688343097,0.00220966914954914,0.00472285660016903,-299.048343436812
391,0.0128065223482671,0.0103998050600752,0.0101309795770541,0.0304787791899622,0.0157465734738121,0.00238516437544149,0.0408697097920321,0.0365828145884662,0.00178249561448992,0.00618580762316887,-299.763028916369
392,0.00346429499769532,0.0129700384490103,0.013934844410314,0.0148384111563898,0.0111491348449697,0.00965398682797391,0.0430723252484678,0.0363829520389803,0.00769401517004324,0.00822969724099205,-302.767465655309
393,0.00400556230890115,0.0081325260210139,0.00946088734749099,0.0364891080761379,0.0216405438648663,0.00291288982246562,0.0336009696378372,0.0314672713690711,0.00646529434251612,0.00768787212135927,-298.974177705555
394,0.00730259818972018,0.0189215533205113,0.0096029501705791,0.00890551593808528,0.0175547035552822,0.00538848508961318,0.0153264627956286,0.0569732011201062,0.00541296232844809,0.00846030576335957,-300.377489347026
395,0.00473559824844667,0.0153328782659029,0.00189154950875031,0.0287633406794193,0.0175405808107138,0.00183711619296134,0.0451504420981767,0.0434316856641763,0.00420675515581952,0.00773767362770099,-295.740462166591
396,0.00737492093298158,0.0197554685749785,0.00143225544446192,0.00421321305690332,0.0124267851102839,0.00449513100281675,0.0636847994006206,0.0405089027145164,0.00275756544735216,0.0116713894537011,-302.935751216781
397,0.00331623049577311,0.0316657730461305,0.00185955020227231,0.00402124664255463,0.0154918030697297,0.00436386526694459,0.022724532605672,0.0347572663372121,0.00406419998934902,0.0127126954240603,-297.564141560947
398,0.00417451459819034,0.0299676841760625,0.00101511672914854,0.0071341502253827,0.0182046294780961,0.00805126795004839,0.0414816447657779,0.0566095877694618,0.000214732749592159,0.010457072764036,-301.597750787387
399,0.00872520070732294,0.0299044050738955,0.000182163017309429,0.0109280854932818,0.0134956296191382,0.0019132595821513,0.0259642745458768,0.0708757970079083,0.00591437914431063,0.00868780163849983,-298.382677348464
400,0.00478738618408327,0.0390290543491144,0.00442668683266198,0.0104911592424376,0.0265131507050565,0.00104270856155302,0.0217324723734626,0.0726592737322438,0.00784840972047347,0.00831566333536256,-300.25089461118
401,0.00521307309153159,0.011540740143062,0.00859620617708852,0.00806340689242572,0.0213442137239525,0.00586686543061085,0.0370825545812714,0.0591781173605942,0.00773014086943594,0.0154699861158581,-301.287023628354
402,0.0130057470088152,0.0191580951239973,0.0072629058638277,0.00533558121785234,0.0364621056567186,0.00247009907462126,0.0163133501731568,0.0794622560923123,0.00728113912174981,0.00880286863504603,-305.046538707322
403,0.013031200660145,0.0183036559604393,0.00706475611581242,0.0109735118583126,0.0311543893045505,0.00128426149617887,0.0186698858916967,0.0697056774507977,0.00538045213067889,0.00330462083800759,-300.075166255108
404,0.00688687001742663,0.0401767875709596,0.00456464299102905,0.00841909750229883,0.0172281319758491,0.00153198733378078,0.0128440795412106,0.067872898554372,0.0104669270053239,0.00176221427296567,-300.763008616633
405,0.00849712580984562,0.0213032492787792,0.00268156918565567,0.018710540518883,0.0210725069712333,0.0039467540115845,0.0288108849494622,0.0357093866095581,0.00777382108180614,0.00211551126300225,-294.854550379703
406,0.00549198409056385,0.035243308918809,0.00242768217744429,0.0150163505795636,0.0202822605775399,0.000492029716475526,0.026756941566738,0.0359851636541516,0.00454328090034261,0.00138064024230587,-295.909881294528
407,0.00277646617539628,0.0312738953377122,0.00818655422534375,0.0188810442180709,0.0264093208125552,0.00348419959851613,0.0240140214554999,0.0555077922293141,0.0124910782253989,0.00451237385258429,-299.154964425552
408,0.0063770980170033,0.0387855105110952,0.0104956416869129,0.00334924322301863,0.0177006536513011,0.00724477898320978,0.0272512106001763,0.0701287585237481,0.00619674893223471,0.00103950836818453,-298.970690385255
409,0.00904499758973022,0.0246209156194644,0.0119715736178538,0.00511856286965912,0.0189949021431977,0.00660607571044953,0.0349652049433779,0.0336649797066832,0.00864006649277973,0.00119334703034624,-299.3946242513
410,0.00883361869523581,0.0139419233302089,0.0182796507909825,0.0127556511808518,0.0261580635326486,0.00500028642918582,0.0262752029226256,0.0384198173061827,0.00750546733467792,0.00552045230374738,-299.935816582502
411,0.00538463287911094,0.0154216777209486,0.0121981477875694,0.00849529677718091,0.0143884685589386,0.00401700927233713,0.034493952443279,0.0366900559796896,0.0104041305558341,0.00536530769833037,-298.591662727441
412,0.00152713596225268,0.0161457095506289,0.00390664563226724,0.0260821211633259,0.0168852438570848,0.00188741736832327,0.0386899993434989,0.0345570759741841,0.00341707970253227,0.00417070326775285,-294.610038318269
413,0.00685963965148382,0.0157619170121234,0.00569782605881639,0.0340104533052961,0.0174623721435557,0.00109031546565904,0.0329414211173899,0.0267089644927891,0.0104718197403854,0.00695381917166719,-298.488101637332
414,0.00853385841123364,0.0181975182144947,0.00784412058811665,0.0315660898699318,0.0165441038418928,0.00166242441772378,0.0333150829920719,0.0121744817918981,0.0112337498475612,0.00180978110778602,-301.163849281126
415,0.00454437691847053,0.0275214131907808,0.00316020758427722,0.00612265759074332,0.0163560682602418,0.00215079687012723,0.0299648433826954,0.0881265776438012,0.0104821309178361,0.00316461444228904,-298.920887464363
416,0.00678584190914558,0.0257383047872714,0.00943117286588086,0.0136373032628601,0.0220326884675304,0.00181532230950129,0.0257525423626135,0.0660765525985046,0.0112382630383008,0.00281697219858291,-298.644077371453
417,0.00488069357631556,0.0150152517647073,0.00232024300593495,0.0146503471485639,0.0215477323170409,0.00438522810214095,0.0262795474932726,0.0476759794916327,0.00212125906343166,0.00221101751570798,-295.230141986865
418,0.00359407558408565,0.033831889733312,0.01247866460003,0.00444375696897781,0.0241434525709399,0.00491217804508896,0.0350062193403677,0.0601595218195734,0.00162511441481419,0.00428304228822598,-298.543331879197
419,0.00249314664579364,0.0182025646087601,0.0052318766447509,0.0272207275983352,0.0224854816720409,0.00444006049356348,0.0521581537922744,0.0583812604542228,0.00548311003745458,0.00522571719100917,-298.516145429632
420,0.00487853452570127,0.0232013231704566,0.0027920485001212,0.0114019628162678,0.0236920771864629,0.00676216272217745,0.0374535321601072,0.0142841164571751,0.00149407394989887,0.00934051182810003,-298.654931132418
421,0.00462807708447647,0.0232281902523746,0.00630192391552353,0.00104480065067187,0.0205729753917254,0.0050519258404081,0.0314520697597662,0.0436269257331923,0.00522331676353627,0.000386533483096381,-296.930136795736
422,0.0118096068129637,0.0344555768777754,0.000529629943324048,0.000971061272385089,0.0181457898227043,0.00139392315614145,0.0357992281668966,0.0573571746284729,0.0025241243575881,0.0122495352046814,-297.217062372798
423,0.00288400142915683,0.0300783730958241,0.00190598831480275,0.0065413512821241,0.011679128449416,0.0063271227497497,0.0352074158392225,0.026527587907571,0.00419033549604223,0.0111622847815453,-296.884838666343
424,0.0151850714622723,0.0137074283885247,0.00302576873796787,0.0047840272858627,0.0181935935636865,0.00776191572158778,0.0307707034565099,0.0249964759596096,0.00264971801664932,0.01041853815271,-298.992190888883
425,0.00324714698003296,0.0430981274734103,0.00308962070683373,0.00679804336593886,0.0196455831961542,0.0078241314618596,0.0263672153273662,0.0538872589100403,0.00430350775624903,0.00756057813016099,-297.713435065334
426,0.00709761606564395,0.0151911034706365,0.00649635059192081,0.0133173584945202,0.0228431139539087,0.00241568683529619,0.0186291081013103,0.03043776512267,0.00162434073993464,0.00767292924871447,-299.025429077117
427,0.00793751196495626,0.022046021183425,0.00267390012233267,0.0114921181124143,0.0216247895261762,0.00772417076732268,0.0301324426503049,0.036388117835505,0.00209717729955607,0.00488448446273174,-296.241064375538
428,0.00288881576173902,0.0199050873399149,0.0123272063694638,0.0180152263147852,0.0166309064491352,0.0064212855960228,0.0384291835169406,0.0264074409072237,0.00361755504999738,0.00242159887520626,-297.181884089887
429,0.00463440356923959,0.018870302418083,0.00020322108186077,0.0168125662672976,0.0183821290025477,0.00262576538033734,0.0384783363018473,0.0123276275624602,0.00871110051606747,0.00246062969056925,-296.330400058747
430,0.00550532201009828,0.0335744982314686,0.000101897496346108,0.0176653720897677,0.0133986902027184,0.001919240015736,0.0194897903679004,0.0235404754387755,0.00739351017689478,0.00390109542260064,-298.861973774174
431,0.00925233705685769,0.0105811527308281,0.00244527242494953,0.0108003313711956,0.0117374692690888,0.010281548229069,0.0481467007807272,0.0577670820766055,0.00346546428075068,0.00336457624630679,-300.53568502886
432,0.0135771845723014,0.024781098170899,0.00166071481962669,0.0100654825978829,0.0229706304574781,0.00913207670566906,0.0327017520383183,0.0590622445796764,0.00746637766173545,0.00357179078255674,-299.185641486334
433,0.0023243378298463,0.023313392727779,0.00127882030727812,0.00799590124732792,0.0212047381414495,0.00374003149506975,0.0388052989112796,0.0508983510780534,0.0010634197037496,0.00210988611250256,-296.569582353873
434,0.00673834441236687,0.0137246783817509,0.0111745437826514,0.0116739239340011,0.0215900866433931,0.00434606256010692,0.033538724897456,0.0558735930484755,0.00472253472498387,0.00175023222959785,-296.323486645825
435,0.0050108874955352,0.0281159034035172,0.00451307624337149,0.00769540445022407,0.018707746346914,0.00930970949061602,0.032677452548941,0.0689790187083493,0.00779631127503963,0.00273614296380501,-297.626167820181
436,0.00707712650918345,0.034923834564046,0.0106923416302332,0.00594020247741233,0.0175585806669762,0.0131017174043649,0.0376188823964252,0.025618734877254,0.00702321743065415,0.00895045032914599,-303.209147394215
437,0.00509356018923676,0.00936786234105058,0.00844560379427576,0.0218876335221852,0.021558495005219,0.00757952230049838,0.0315248093574544,0.0429450815503345,0.0032216896471223,0.00380263612036954,-297.894194646669
438,0.00919542469079787,0.0168772546560571,0.00439685957407305,0.0177565914526718,0.0239450090142992,0.0069150005321253,0.0376986059877432,0.01560783402745,0.0038562692224795,0.00204448563699232,-298.081452623237
439,0.0128682283113084,0.0316189125853015,0.00755600235525206,0.00828573494585341,0.0170982870412783,0.00638702600499823,0.030751177439143,0.0165485367901436,0.00164636114848674,0.0131140412022077,-301.962731993256
440,0.00308039037507197,0.0324377042623281,0.0025792705635415,0.0125751214769677,0.0140665131569892,0.0043350766448256,0.0384644715748584,0.0177348296001116,0.00228168856407321,0.0136576222646412,-298.586310648747
441,0.00745369052155112,0.0300433433751107,0.00233862759929155,0.0210523346425335,0.0220078413800819,0.00695126813070699,0.0269269583460232,0.0220854490876279,0.00255089477146475,0.0114988393897211,-298.955322707917
442,0.00570484972033508,0.0207735797666462,0.000682251323696039,0.0141647771266118,0.0275769849829527,0.00371827471227978,0.027103667983056,0.0673464797422452,0.00995748927514518,0.0110304835485058,-301.188490140152
443,0.00399586461068878,0.015068338621674,0.00729010865584543,0.0189643741013356,0.0162961110690831,0.00171514069717374,0.046586406281733,0.0257377878713674,0.00505447683882395,0.00416946553026935,-296.703979795741
444,0.0037538820446771,0.021350452205276,0.0118035391283316,0.0148248630950566,0.0182875874338297,0.00170448449395031,0.0249788619106652,0.0121258137264261,0.00289820344531777,0.00742009457646874,-298.026263538912
445,0.00950321533698816,0.0109708364558292,0.0125039217100691,0.0129970790140839,0.0223649521517253,0.00334330969286118,0.039632540659015,0.0103608514012158,0.00529074095144241,0.00294273048782025,-300.85169003763
446,0.00774438541345429,0.0227702420889051,0.00739691165757372,0.0230218727498156,0.0222202351408695,0.00127675662386815,0.030907300480476,0.0167071465922819,0.00440694480311258,0.0031379163845684,-296.98403638959
447,0.00710832502412726,0.0215725410811979,0.0132083774741693,0.0186551806087507,0.0189576144019206,0.00231103616752108,0.0292231797750406,0.0156034340799598,0.0010790893506769,0.00464341060631032,-299.045048386295
448,0.00684893106167598,0.011787665931841,0.00821181137605321,0.0151976815857605,0.0157356536477022,0.012190397665221,0.0322469840457693,0.0347628124925634,0.00439311839831994,0.00611617991959379,-299.007188271407
449,0.0135177715226912,0.0237325479922947,0.00171470094192659,0.00952064623780562,0.0181566547363366,0.00477075707658403,0.0324867461829713,0.0706285280318419,0.00470750859284057,0.00442591931392326,-297.599577568872
450,0.0103985962865622,0.0258441845565663,0.00246647587794899,0.00690197884680724,0.0200067648293817,0.00136768716165259,0.0309251606551501,0.0463620800350547,0.00132482487275927,0.00662958123945263,-296.81315149018
451,0.009593602735274,0.0187969608449583,0.00195012115579118,0.00717426548366642,0.0162589512268281,0.00805242078107742,0.041347758386286,0.0514906236103575,0.00806989630709426,0.0038585254411013,-297.989097596109
452,0.00308647182015774,0.045847614513272,0.00406570887204552,0.00330808336068445,0.016568779586323,0.00582437790573498,0.033887154595185,0.0546956204735886,0.0080301859771305,0.00361465740976944,-296.735402874576
453,0.000352541857523718,0.0422809861851932,0.00366317095606578,0.00087584624844515,0.0164668093386483,0.00120800177632198,0.0297278409787426,0.0591106634153181,0.00899634843939251,0.00251987463947349,-295.128371106589
454,0.00609105677293005,0.0425504151689261,0.00198960362396758,0.000974856597320815,0.0150231227208798,0.00585825970627897,0.027525573485292,0.0620581797612219,0.00177956626514773,0.00533297327675885,-295.828892932319
455,0.0105617421104793,0.0242387348438202,0.00230134211991941,0.0142659034158334,0.0192819799909311,0.00330406146425297,0.0377243871263588,0.0453986639191441,0.00658017095263477,0.0037433526419172,-295.635050649205
456,0.00826484469631596,0.0168876788228994,0.00318439949858884,0.0282432228240668,0.0235744127664263,0.00132181289145144,0.0383436118841654,0.0417030947543437,0.00477539076122825,0.00156126347804987,-294.909386721396
457,0.00501784129692844,0.0152326684174711,0.00326865984074028,0.0143400253014083,0.0150943156789448,0.009950659485778,0.0405858437801015,0.0311124606672484,0.00660598657670763,0.00358354641933538,-297.353265338318
458,0.00931026687373642,0.0167838349699555,0.0199673039544765,0.00236985850560078,0.0180952344834866,0.00527649505898005,0.025830306193155,0.027060501218542,0.0117722546702598,0.00512923867450858,-300.934378506861
459,0.00654008465925334,0.0221719423822834,0.0124922073397936,0.00338422527132693,0.014711476450648,0.00530117503546434,0.0420251396186583,0.025498299289968,0.00751048461495303,0.00395540859818643,-299.370026361582
460,0.0039321337510417,0.0271299680749933,0.00665579861850416,0.0113023439208712,0.0229799495717091,0.0044263398918229,0.0414477298420022,0.0484293594094004,0.00651949164633755,0.00229856158511847,-295.921554529569
461,0.00398174558607913,0.0204928879790054,0.0113818246023423,0.00792749285613309,0.0222311258593001,0.00362221952604368,0.0293448744105843,0.0378384354308842,0.00276415953396876,0.00568071231018449,-296.070042241152
462,0.00201036501908768,0.0134199178515991,0.0066239574786732,0.00543085744127059,0.0205635789501048,0.00348051617083201,0.0252255869813476,0.0456470702613068,0.00615905141047524,0.00351181172016501,-297.063358833435
463,0.0106455604938487,0.0198672259817813,0.0101668306582448,0.0200550555950559,0.0219997522197803,0.00122272210203224,0.0466413089678163,0.0509362937506986,0.0047286787199677,0.00198046924088393,-298.315719976524
464,0.0118633195937859,0.0182449428184149,0.00385431645803927,0.0188632161894003,0.0278445129065694,0.00197305608277635,0.0267138724172015,0.0269043114117039,0.00841645098352839,0.00738375011006284,-299.3327762639
465,0.0152533967114704,0.020654992583251,0.00359780566452439,0.0139244996078278,0.0101988599765049,0.00415880809103316,0.0367285679767122,0.0182078490345169,0.00772163278662261,0.00732907559658624,-300.351504949928
466,0.0146437858762577,0.0144390286432122,0.00787894189221558,0.0104581723685757,0.0214248874204506,0.0061459200995198,0.0368934494197682,0.0176875247183124,0.00311196392785887,0.00253073939430663,-298.63855702808
467,0.0189031813355363,0.0159088129631792,0.00526014688762029,0.0175632020083416,0.0225964576618834,0.0023920404290669,0.0286217400704101,0.0198934176959227,0.00375690869960122,0.00369720323631083,-298.717773100697
468,0.00233086515581133,0.0219796095653556,0.014304102625446,0.0116103798253438,0.0223041749068468,0.0060062111953394,0.0393354328896207,0.0708091001047158,0.00648194042360902,0.00413816024651125,-299.333705223573
469,0.00511286605382677,0.0231449882984523,0.00900481026002082,0.0163577534917792,0.0162681460535906,0.000684426573469682,0.0357307244435528,0.0200072107879499,0.00470825304962402,0.00204729853665374,-296.370832470473
470,0.00419994631326022,0.0264817443822045,0.0017574484732057,0.0192588525376806,0.0141994864049295,0.00751147619111132,0.0390264246613744,0.0311063950219368,0.00809481218895556,0.00167716890714942,-296.706831928725
471,0.00774545914090437,0.0159758668356406,0.000762516367047745,0.0248115317048912,0.0224091440219254,0.00184504736141202,0.0286498960479284,0.0212189152578981,0.00704867425986345,0.00297506820878367,-295.012119986567
472,0.00697503555771009,0.0245381260372507,0.00198414773478182,0.0180294987640829,0.0139845697597266,0.00163110182932995,0.0276280213765323,0.0335536081126814,0.00423593597024045,0.00750617828954857,-294.966327020159
473,0.00532633012465225,0.0197540957826404,0.000835247318944431,0.0293469238071694,0.0185359997985618,0.00219385092241471,0.0342073797121226,0.0348061220288355,0.00516621488020109,0.00851131678703615,-294.916242310259
474,0.00602852558622429,0.0180088742227156,0.001138329227296,0.0357228791264585,0.0178563234769966,0.00324097837586537,0.0304795949861887,0.0147663855926066,0.00198673464326756,0.00851893682462138,-296.29846355861
475,0.00466475432549277,0.0186044497099469,3.0852356562466e-05,0.0333988922337483,0.0177715338676227,0.000994648793072594,0.0246919984030805,0.0263101072721948,0.00157251903018733,0.00595519994767127,-295.93734424961
476,0.00811180215333947,0.019114195934602,0.000661426128371881,0.0309673996789631,0.0189886489004012,0.00108848754793176,0.0349582088094455,0.0305239104906203,0.00278940666595107,0.00481707092969726,-294.530255216359
477,0.00752134267788099,0.0131901957254213,0.00180917583861101,0.0302621435415226,0.0109758748994255,0.00222649330912895,0.0366911947871768,0.0201957930683744,0.00348431716041497,0.0126143692640244,-298.027721776845
478,0.00376646575148072,0.0144555292093968,0.000955102953658009,0.0355575244566155,0.0125580609906671,0.00519345093670547,0.0324508320760074,0.0211531638893701,0.00425520017135296,0.00249345712711959,-295.764566878328
479,0.00791151152136617,0.0128213120435446,0.00937401163693495,0.0397270117595909,0.0244573112656003,0.0068731321093019,0.0492877135173417,0.0598973426088624,0.00533054953258011,0.00270185821507242,-302.089054501764
480,0.00549262119185641,0.0156883480858668,0.0131601615029977,0.0376769968745291,0.0254540083478014,0.00227071067743302,0.0220660553054885,0.0371361871005539,0.00349497998691881,0.00397074187033728,-299.602595329813
481,0.0119485037480431,0.0127775194595708,0.00366920250407683,0.0360975568472507,0.0253484307509329,0.00792924335432077,0.0427342690911876,0.0248133498695106,0.00386335612960474,0.0078911504080741,-301.238618641003
482,0.00991863077814563,0.0132398319148669,0.00105024148410433,0.0134783928471074,0.00910319481203386,0.00994260115595553,0.0377981882299749,0.0462200243243931,0.00615015402738022,0.00900071153177724,-300.521425403069
483,0.0084406763772039,0.0246998712836239,0.00221591687479867,0.00227510672569377,0.0140350666573969,0.00725010769455486,0.0476754048964424,0.047537964852547,0.0017362014556846,0.00468232942771053,-297.437345589668
484,0.00688433579833672,0.0256645929481653,0.00104789686054552,0.000266437072175899,0.018433734986808,0.0067734702222891,0.0553077316324138,0.052668845212927,0.0058652593595168,0.0107913409862429,-299.613069169671
485,0.00866807996564331,0.0305083980172115,0.00171053672430335,0.00708516093405952,0.0194016820550484,0.00846841023258307,0.0453059212309145,0.0638162280279945,0.00200466282331264,0.00789408270715017,-298.61687779594
486,0.0156484257869327,0.0334777827698372,7.86963751940922e-05,0.00810885160856958,0.0194484123233076,0.00816655374323666,0.0251749352043559,0.0189577705454077,0.00277215806173054,0.00896769722112672,-301.137130236121
487,0.0152274232657397,0.0118188703251741,0.00218568332158482,0.0212546086075904,0.0131772029545374,0.0103235884447551,0.031921278668863,0.0413866518108478,0.00423339944227042,0.00707030716373306,-299.433331434336
488,0.019039493069713,0.0243851560825439,0.000145007946077506,0.0151395546960361,0.0133274351881357,0.00198596335439144,0.0235957566201628,0.0395345597586192,0.00444327051371509,0.00526522397721053,-299.008439153448
489,0.018823293403648,0.0161360674416727,0.000327047521055872,0.00823086501396108,0.0237564451383481,0.00116444787752034,0.0375325912700389,0.0564240859310663,0.00232586069507514,0.00241768986725652,-297.987985094324
490,0.00446964987460698,0.0218071932631556,0.00136215706182003,0.0117988031820313,0.0153708891557925,0.000920257533906404,0.0260440854297744,0.0630731912388691,0.0062349141269605,0.00593554930040839,-296.274799498602
491,0.00349692467045086,0.0224404696579389,0.000189322609431313,0.0173909089717325,0.0141461120055518,0.00436276678826238,0.0376046030510709,0.0324083670596197,0.00573211423023876,0.00101453239017189,-294.236758679934
492,0.0130417482644418,0.0226738265469157,0.00163766155045971,0.0394018332920381,0.0209672539119187,0.00150975541631484,0.0294115301606444,0.0274081394568851,0.00319597531749173,0.00309948780006435,-298.280807023349
493,0.00442777700369069,0.00938678075973576,0.00541670840826076,0.0398006928151019,0.0173451511732065,0.00121585844933444,0.0323063551367372,0.0344605442597483,0.00489388999699988,0.00280272266253446,-296.246033100167
494,0.0131288577028784,0.0137616808997686,0.00675800246786328,0.0233624501743313,0.0174879558266706,0.00463452675729888,0.0448531473750367,0.0244151054585889,0.00563737834132108,0.00167763367607452,-298.81671675243
495,0.00841987265940235,0.0147466248573402,0.00692657956327368,0.03311870320621,0.0169312407982762,0.00415356811446766,0.0393680896429816,0.0379956939780447,0.0089679857927684,0.0029520944179336,-297.673939935744
496,0.00419865840529848,0.0181145105784878,0.00327113306316113,0.026937833930902,0.0174126806456172,0.00811738686883171,0.0291036553980123,0.0417683478358005,0.00223561460942203,0.0044903871731644,-296.174822010322
497,0.0054589831306964,0.0180030000315748,0.00538517990023887,0.0211115950338079,0.0214480561449652,0.00727260850305629,0.0321797769356373,0.0325421449907126,0.00427112042963912,0.00421730605032537,-295.424082604486
498,0.00499524842807797,0.0156837882218251,0.00663339202715496,0.0225050783078073,0.0141730274244696,0.00429213423781081,0.0324906638440464,0.0298915736288776,0.00521866961075567,0.0102888883447816,-296.901393033391
499,0.00167983949807026,0.0167980516711223,0.000997643696044112,0.0314515346152815,0.0162118921959018,0.00329884571224976,0.0510708038745646,0.0302909230205864,0.00448086967500424,0.00426087512545041,-297.387284363317
500,0.0104196800169396,0.0121967108391361,0.00095286221120293,0.029569103951961,0.0186737168758808,0.00630994576565852,0.0398719613575391,0.0244220508545676,0.00346854477075215,0.00500898280402749,-296.513893871856
501,0.00332988859878352,0.0230843162973305,0.00247693942761328,0.0387538845366869,0.0109070213203804,0.00734450773871954,0.0234356247727582,0.0357109393798891,0.00439594295015588,0.00506083670594692,-299.991855951498
502,0.00265631870306519,0.0114234796134018,0.00552527259154446,0.00519975526213972,0.018159378055605,0.0048687350564653,0.0331444762552715,0.0465611096991825,0.00380216781337477,0.0137891062064408,-299.347538232774
503,0.00393505057800583,0.0228802482640378,0.000598171618878423,0.00665524316306863,0.00837830192131301,0.00117100275236619,0.0355511518237552,0.0158029177842892,0.00497237073904356,0.00330317117618166,-297.216872920156
504,0.00458319511755735,0.0171358836667057,0.000534753111236252,0.0412419958940989,0.0199768145536975,0.00453357082508684,0.0289898166695535,0.0345729263531693,0.00540392291509173,0.0033889133799416,-295.621118011261
505,0.00234264665227003,0.0103405761406674,0.00209284206694261,0.028179402447747,0.0174779546501148,0.00373159994802919,0.0374914901742534,0.0382962452908937,0.00717927960305302,0.00359144718194099,-295.910357430852
506,0.00846963608058446,0.0232452018403309,0.00261991966700122,0.0200980943941679,0.0171800679704559,0.00645281810744124,0.0260706177545268,0.0452792234931946,0.00350286853346654,0.00219531748024819,-295.512935750129
507,0.012438550075541,0.0178555911638966,0.000342674452638714,0.00974647377923139,0.0186356160132139,0.00630811077906149,0.026343177054328,0.0207851832804396,0.00360096085644299,0.0051663329668791,-296.141743738313
508,0.0141403894977003,0.0194587883656461,0.0064836761666883,0.00758297775022141,0.0144487839983473,0.00152042233960347,0.036613793436453,0.0322422677211663,0.00392925410502017,0.000258711731997817,-298.266743294885
509,0.012610164208846,0.0219321503085941,0.00109568074689435,0.00214280961997113,0.0136878066448918,0.00344712902784003,0.0189555725746832,0.0619822637039911,0.00457325860725957,0.00986999885553558,-299.851132583452
510,0.00701220754892191,0.0520975348637982,0.000444609999321658,0.00269281617646517,0.0130339795986538,0.00583904735367369,0.035754987754198,0.0570476217792143,0.0025617922392814,0.0115079605331152,-299.514768928202
511,0.00271031774466635,0.0299251101021464,0.000170251818152495,0.0179878111813033,0.0176677823605207,0.00469415214551794,0.03414481008462,0.0352527293489541,0.00159071525896893,0.013518516796524,-297.46129434574
512,0.00822012046941371,0.00913884027745342,0.00291236256807804,0.0157322067102452,0.0262059739492049,0.0011449756301711,0.0329344962529806,0.0247999305132646,0.00501299383773054,0.00312712853126493,-297.092236990618
513,0.00320899437060102,0.0359875079924623,0.0072158189604568,0.0168573209464345,0.0214258483187042,0.00558046948443022,0.0290032445277174,0.0848194417420069,0.00617827997188092,0.00706587936245881,-301.729895163966
514,0.00478629486517631,0.0364271560657071,0.00196594467460972,0.00658548055599197,0.0175557938884845,0.00152246428082036,0.0410864512523674,0.0623713292524669,0.00573667310800715,0.00116927422417596,-295.387816611262
515,0.00112367515999349,0.0431794294883353,0.00240666936623345,0.00450197089500196,0.0228365835915942,0.00971584584189063,0.0250192466937307,0.0792891889402622,0.00590046856834378,0.000802055033635281,-299.458301770996
516,0.00136545002810063,0.0269750980130491,0.00574576635777784,0.0107912592485166,0.0201357279896457,0.00234807674333659,0.0399603130512013,0.0333492371685764,0.00711894824926847,0.00676220553637509,-297.186008370577
517,0.00658802676573952,0.0251520860540855,0.00097656190082053,0.00996616123209374,0.0167023379783472,0.0036243500699532,0.0389501088365184,0.0309724984637277,0.00858031498989767,0.00515347468319775,-295.768804250149
518,0.0116543305337955,0.0184958245959816,0.00119237982540203,0.0202308412694306,0.0131368396594109,0.00814780803650825,0.0310339006439001,0.0256916217635773,0.0070184325643734,0.00179998232834599,-297.148732644917
519,0.000958595087021541,0.0177968080792994,0.00232927574383577,0.0208727363289049,0.0112664674778822,0.00340727177085223,0.0488087897975999,0.0516912363739836,0.00301573818508982,0.0032547716059375,-298.324293365304
520,0.0105539089658083,0.0282158813387265,0.00560447088362525,0.0131103841110055,0.0140228336201943,0.00482241041095915,0.0309198351319388,0.0489141103577939,0.0058991349808339,0.00211616184424943,-296.981346716168
521,0.0138732513343864,0.0170991527891554,0.0140432546139082,0.0133290276978201,0.012690443833245,0.0025728391280755,0.0253786709168549,0.0537806950290362,0.00533029785971254,0.00122602024965997,-299.519850625517
522,0.016493888340526,0.0205610756407366,0.0226464416460807,0.00131435104496772,0.0168870664703081,0.00212991497877612,0.0260320357312429,0.0575146910098004,0.00522966487210713,0.0134829591715297,-304.047443011078
523,0.0174700289047095,0.0131732423210986,0.00189147236896979,0.000151506584278449,0.020958966726747,0.00513326786515209,0.0315402411383835,0.0387077257702393,0.00711135676360657,0.00187539310294995,-300.856695779389
524,0.0126166891645762,0.0483936773092586,0.00209058680556021,0.000275830049631471,0.0206290983613788,0.00206720481072818,0.0280761630699077,0.0648408073412706,0.00659772476970795,0.0015645479152891,-297.241683548799
525,0.0121497993472853,0.0259687297760772,0.00178981727504676,0.00115896181555649,0.020634736616065,0.00058118872140859,0.0301758993032535,0.0543014446720232,0.00380515110097091,0.00431852502113748,-296.080386203684
526,0.0104154462656239,0.0288963731948829,0.00439071869621599,0.0109078486814738,0.0120565311801794,0.00338407903156362,0.0402573850820885,0.0504754959958072,0.00289702162975067,0.000636487662028067,-298.166470395964
527,0.00830977654645283,0.0239905271504201,0.000287783663836061,0.0102523713120362,0.00986935494842332,0.000911864222754611,0.0349864192803281,0.0752498503439627,0.0124817933306544,0.00549116405963497,-302.382397320564
528,0.00295753999472777,0.025822540651114,0.000215121345559813,0.0249260703714383,0.0226302782580931,0.00494243011744025,0.0441899798713603,0.0562966249823684,0.0116154668156265,0.00496098256069127,-299.802083070658
529,0.012272638895158,0.0161915923533983,0.000675376596164257,0.0021984913464025,0.0139010425719371,0.0131544060469814,0.0303294990201174,0.0479746091781872,0.00521731685702633,0.00368287250826177,-298.807262361951
530,0.00975804225490994,0.0389440786043313,0.00122485443415618,0.000847311206275126,0.0187467019271831,0.00149217275771538,0.0292531813463816,0.0649943993762567,0.00266587574936208,0.00223178442383515,-294.765481508382
531,0.00232369608735763,0.0420231389601905,0.0029046464423102,0.000518656599385851,0.0178157306088081,0.000420188175048702,0.0243057289739319,0.036452582091354,0.00265815113634809,0.00324389495533249,-296.242360038569
532,0.00361217396679596,0.0169004399738028,0.00287763753832592,0.0545214746126663,0.0271780608659895,0.00101658570815857,0.0386143820679797,0.0428170865628168,0.00557693062997432,0.00101641091271445,-299.477747600512
533,0.00883118570616268,0.0247242581017313,0.00535187048206133,0.0246164597163459,0.0289512849127846,0.00846345372156627,0.0423524126530145,0.0512745658865994,0.00729001317794181,0.0059643869182247,-301.457550829732
534,0.00114822905348476,0.0304569781686068,0.00233934343562454,0.00960189504153654,0.0098436721631386,0.00752813925946777,0.0400492089912153,0.0653213552606083,0.00671240180714203,0.00159906055462742,-299.105099221589
535,0.000179738441302242,0.0294822400465255,0.00331355439420142,0.0032086916916591,0.0173134861651398,0.00274225973209345,0.0258981560355425,0.0525814931712325,0.00362852974058582,0.00951651854006637,-296.917025178308
536,0.00831024440792038,0.0227375551802306,0.00285199930561306,0.0154691808973759,0.0212866740477295,0.00707699628312026,0.0384826905100339,0.0301097561051209,0.00471277068404588,0.00162610563346069,-296.023428873957
537,0.0104670892793145,0.0255743685928364,0.00163755647686941,0.0176398216212109,0.0222295162158683,0.000937153016109752,0.0272977939911994,0.034655065803242,0.00376939447065916,0.00146066155037014,-295.308464635915
538,0.0101211846880634,0.021375740683638,0.00189378481223564,0.0240088239477666,0.0227080071270253,0.00596267195890419,0.0368389258233602,0.0325236150027921,0.00976733020705464,0.00639107545907527,-298.598187511046
539,0.00888331202359559,0.0175612531046384,0.00267977711550839,0.0178331164548225,0.0163436336245307,0.00116979333250815,0.0327388285119996,0.0559899416366136,0.00570066301749494,0.0030501424806454,-295.204862387369
540,0.00112118715379133,0.0213501623861542,0.00332412322452889,0.0151032401808348,0.0272293849962993,0.00277899252665608,0.0309293217319181,0.0498145341781147,0.00667881045709206,0.00407843370549158,-294.993963094556
541,0.00444990688134225,0.0143583684293496,0.00210723893078478,0.0237981335514261,0.0229775276349484,0.00318193264672264,0.0186221591222164,0.0495242340513776,0.00329438249408181,0.00149399471414623,-295.740623663732
542,0.00419895045266964,0.0214449526482893,0.00282089328374865,0.00866992406204851,0.0209777218912937,0.00204072370758036,0.0419391351396311,0.0290626154429331,0.00316050047084664,0.00290534098624865,-295.085290472926
543,0.0062932014455842,0.0249769843902391,0.00251658512705884,0.0328605210523208,0.022184446627285,0.00437719336720807,0.0273991756624102,0.044060227416759,0.00479873722760014,0.00268348095513654,-296.475668948761
544,0.00555729921369843,0.0165633601230976,0.00415464998896488,0.0313480176679131,0.0200775526725597,0.00170262161622018,0.0294411304638551,0.0416968968298988,0.0016078903867627,0.00257103283612823,-295.521684049444
545,0.0161650422086824,0.0205106971464885,0.00262232192975773,0.0342749123203769,0.0216275599745226,0.00331954264381895,0.038203299333396,0.0440240990771857,0.00800277712607593,0.013103418713156,-303.367416509278
546,0.00504640428393346,0.0212486489785549,0.000894101298069946,0.0302053910430961,0.0177253438575557,0.00281172009415037,0.0345625505392887,0.0434185705243323,0.00277720139731326,0.00265148666984981,-294.463389600585
547,0.00616952840384757,0.0230829462864615,0.00380763513955405,0.0253901277059875,0.0248530460785537,0.00432376698706063,0.0284283304464052,0.0568682892456921,0.00302270104799885,0.00862828210595406,-298.00324836402
548,0.00806441982316328,0.0175125972854018,0.00519737975178132,0.0110249549800621,0.0140541618134709,0.00271886067497055,0.030898713265838,0.0567312792637797,0.00377937424070314,0.00908392525128648,-297.596199221604
549,0.00745650005552332,0.0385368082941786,0.00662395060361685,0.00634596596198813,0.0292507131085683,0.00442789308492338,0.0372792927879316,0.0465881646759346,0.000887844607713482,0.00340401030741663,-300.93125437945
550,0.00203838444389824,0.0306304666752391,0.0173614047041109,0.00874347744823934,0.0376645124107877,0.00368313506061318,0.0303926107121593,0.0582045720788558,0.00880875054112042,0.00378043795081785,-301.791617254722
551,0.00159877101799174,0.0219604169533511,0.0101739163069436,0.00532940035775672,0.0227363082530792,0.00651305419209988,0.030840945208981,0.0655272740770336,0.00372738905784366,0.00379440767580104,-297.607122214032
552,0.00147278715906825,0.0417087079690468,0.0147522931683152,0.00429614350560147,0.0158254221438834,0.00363880224436288,0.0243669115201222,0.0741650740292526,0.00468792234990831,0.00119230222232396,-299.462682226334
553,0.00353087366010038,0.0348511309503254,0.00544824962651395,0.00325749461367047,0.020581384077888,0.000914112249832081,0.0363890040056269,0.0763663950381708,0.00446251956501277,0.00472541437291849,-295.706445350201
554,0.00339466888471408,0.0343827487466,0.0033278169396654,0.000430741271532583,0.0172762944562208,0.00791422333202452,0.0268602289011838,0.0632728304621556,0.00242983291361506,0.00174523627847396,-294.995213009387
555,0.00843116236442886,0.0390529978899862,0.00321461493663206,0.00170820538521466,0.0167873040036471,0.00238243236844701,0.0387938680664357,0.0452306491655355,0.00682000534724714,0.00195340352870873,-296.115816901857
556,0.00982896639333996,0.0202304995927158,0.0030361388515323,0.0298633371676195,0.022947197925598,0.00324849890385919,0.0389283864007666,0.0342641174637988,0.00739783998409895,0.00391655902920505,-296.725032375154
557,0.00124075182858462,0.00971424427627421,0.00210195910466474,0.0254921459124045,0.0269560835250431,0.00396185807038185,0.0253577924190386,0.0324040133889702,0.00498313064095795,0.00509949677769087,-298.10819259179
558,0.00716305610021896,0.0136941788870585,0.0016832838143238,0.0297766728297627,0.031671223365177,0.00329501911725999,0.0215667894085328,0.0397750305291314,0.00718045090012184,0.000569943372389272,-297.895981925247
559,0.00604189313901258,0.0159844080159697,0.00343942101932757,0.0350564401283755,0.0265391876211799,0.00408093796599693,0.0388723101465964,0.0435023843710726,0.00663099437341935,0.00755440466904752,-298.164137403965
560,0.00792131213162012,0.0139150574672196,0.00159481563942676,0.0474818800690313,0.0144033959505845,0.00294054109083828,0.0380685141845925,0.0387439318944772,0.00418080033854386,0.00495561813323596,-297.38947764157
561,0.00127011882827434,0.0225950856130482,0.000752260844085184,0.018435403185893,0.0200291736146714,0.00300274423082775,0.0263138864770143,0.0260333224341834,0.00383809550775457,0.00545451150151958,-295.298629366103
562,0.00526656349776352,0.0189915560321161,0.000755426339006358,0.027204315764305,0.015935404648725,0.00291631612688655,0.0395813166459762,0.0333628169606213,0.00217545186014808,0.0033735857740642,-294.059974866832
563,0.00661335704503479,0.0189250439844136,0.00232430035577924,0.0232119990550777,0.0163017188712831,0.00345870184061958,0.0438037368569683,0.0538503872837024,0.00356479618284223,0.00417070157254589,-295.355299519896
564,0.0037553190520689,0.027471169416062,0.00420970107039029,0.00879271994197394,0.0159632438253261,0.00134239058949271,0.0146838841796989,0.04619485037989,0.00844721614853657,0.000387886698109557,-297.378722397413
565,0.00152550262176107,0.0296515672718828,0.00168823114683543,0.00845837311623818,0.0202396008183336,0.00286754051997055,0.0214499657380807,0.0597961234166546,0.00682020310124041,0.00579509796409876,-295.954944770881
566,0.000695671869689755,0.0330721471409916,0.00506958935874884,0.000472732682918072,0.0245215341756855,0.00138061760699662,0.0263073255799453,0.0713332236604104,0.00523185472935211,0.00335817596306193,-294.658794985056
567,0.00395982704790782,0.0438619866776593,0.00340197866422611,0.000139058075768522,0.0306465544119883,0.00331333535057202,0.0146564934809314,0.0759521112015967,0.0094648169793827,0.00730110456223043,-301.172624198977
568,0.00443230130312499,0.037028650020988,0.00288184816358394,0.000540160970493695,0.0129076062882125,0.00547415244744428,0.0221366096572824,0.0451170788703695,0.00645983031414891,0.00787089856323293,-296.824115347809
569,0.00101912275382174,0.0353229776249246,0.00171378370079691,0.00100496661992402,0.0231674872122284,0.00243916752378688,0.0393288589090289,0.0895467790262935,0.00439462943029401,0.00110667006192961,-296.613881155477
570,0.00814678004754482,0.0381074162417457,0.000112160153846598,0.00313527018013408,0.0325514442757047,0.00234378086064851,0.0298017253529612,0.0726858011062755,0.00292517357216689,0.00372437916169499,-297.865683901408
571,0.00415566370198205,0.041263272732407,0.00645032619331177,0.0063044412198479,0.0305604646882923,0.00263019939455199,0.0255583949467137,0.0451938805571312,0.0027190088230005,0.00187721756526096,-297.646537279774
572,0.00254749632384343,0.0269284112505279,0.0013708225866751,0.0351204316121711,0.0338063836173367,0.00351898881477,0.0219887191165073,0.0414864790911528,0.00235738226030862,0.00496304246621915,-300.042268149229
573,0.00231920423541735,0.0192782145449633,0.00602326588673903,0.0193137173325264,0.0160508504502702,0.00210064448199599,0.0273326889299818,0.0134339601985598,0.00354152049395998,0.00975653889843885,-296.626914382449
574,0.0129239729331797,0.014239725667418,0.000392051838695972,0.00963294754595441,0.0183735558275689,0.00327746419794616,0.0303145462897899,0.0396292249858129,0.0029764154614274,0.00544347756288438,-295.33876381492
575,0.0049446448959533,0.0361801025457266,0.00187352026723638,0.0029173081800913,0.016328844117815,0.00266246024711923,0.0273903021611796,0.0562044374191634,0.00393803754999327,0.00277806509356192,-293.654078077049
576,0.0106327274205669,0.0351065369202032,0.00213512483329128,0.00332666764559014,0.021529914210607,0.00300882757734148,0.0327082481079878,0.0539407040501797,0.00600710733085401,0.00317224287832974,-295.51119551757
577,0.00476726388920632,0.0289088239426869,0.00253227171866912,0.00246885412125441,0.0175118318811966,0.0022639745850717,0.0312652002326963,0.0585477112486916,0.00248628150782528,0.00227554916996939,-293.763609813021
578,0.00357356336417218,0.0407958560500731,0.00036535702302327,0.00675829830985281,0.0184137467607221,0.000901088588833089,0.0314473726569724,0.0436957862723729,0.00622289696685295,0.00177412694434504,-295.543855552488
579,0.00306259270729982,0.0244814935837379,0.00275524575513979,0.0159103457709949,0.0164228333853996,0.00361902748180106,0.0274926328363762,0.0464825145326197,0.00422090406405349,0.00347192829758165,-293.702892688269
580,0.00367439683222723,0.0192030390964681,0.00232809497391496,0.0128280834825696,0.016744642551686,0.00996632874637935,0.0410411468731307,0.0355377965798786,0.00288618304643684,0.00251993382182363,-296.024122619041
581,0.00411857512643251,0.016920005302419,0.00226962374705776,0.0112672837659882,0.014442328724654,0.00482114145476841,0.0340419319414314,0.0452370546472377,0.00793120312108773,0.00214160627936408,-295.763721678053
582,0.00471119386272835,0.0181209769071868,0.000522861197259691,0.0206732209730558,0.0171747537907516,0.00373318788023788,0.0350311060311926,0.0172754289083639,0.00340556206058671,0.0103823613076258,-294.565766730411
583,0.00433624355224179,0.018769460805942,0.00103251314418069,0.0159598398188016,0.0271433884349724,0.00393541546694049,0.0423238336432665,0.0529046442546652,0.00525430779203792,0.00374797104961301,-295.85399761794
584,0.00612932569832329,0.0206046932826094,0.000769886876022494,0.0178970618850334,0.0304550901347691,0.0106479881958857,0.0220626589394455,0.0387237085328319,0.00672843354517707,0.00225968636879081,-298.829904160992
585,0.0080389448152649,0.0224128696536073,0.00338172148112382,0.0097995105279072,0.0307945823380099,0.00952828326071559,0.0327295656627605,0.042155539075115,0.00391412732491076,0.00293885496979928,-298.857621661482
586,0.00837133647129358,0.020562962963914,0.00864503164775619,0.0163428494570321,0.0118062031626775,0.00878571473866694,0.0334704226981737,0.0330169573806536,0.00386077872061634,0.00453116318982959,-297.909110046924
587,0.00860317229374664,0.0142102900917611,0.00684759803984097,0.00900602322595168,0.0148773886325045,0.0104730124791834,0.039167317942973,0.0279087322529298,0.00595801708711807,0.00570367567063295,-298.639236902626
588,0.0116341302195387,0.0149893515438908,0.0029953644613066,0.041480267949694,0.0213490987760292,0.00138571215820578,0.029458567226617,0.031524878409215,0.00450919511745049,0.00980778286072933,-299.077586809239
589,0.00612532291334259,0.0102960172861961,0.00126340081497749,0.0326142709558939,0.0221482686041154,0.00506582763514505,0.0358362471177887,0.0315522156017765,0.00734875790180449,0.00477446166937325,-296.354790307338
590,0.00410826392131078,0.0154317476848076,0.00366156102632178,0.0265110913867817,0.0162915902748154,0.00578468757705707,0.0342604756135478,0.0344013116614423,0.00764196132617044,0.00380806833327395,-295.394796154918
591,0.00173725751400615,0.0241036185788523,0.00729726513737476,0.00937882419058908,0.0136041521019971,0.00472572757998307,0.0284979910844595,0.0557589555770018,0.00331160320916444,0.00323990224051246,-296.028937347046
592,0.00513449131668594,0.0175015096493509,0.00116296218577589,0.0228135134920834,0.021654659242786,0.000936386155297185,0.0393883830120423,0.0115942071701529,0.00288034183007499,0.00395751916362282,-296.163380626261
593,0.00127066507330513,0.0154275968999024,0.000511419586088529,0.0149247748868739,0.0170220486648057,0.000772134411217805,0.0355490331861796,0.0367541163650721,0.00335089778241484,0.00488652166919289,-295.619172292341
594,0.00950289155134407,0.0237231812387504,0.000616175213888686,0.00784980220940826,0.0183916411871179,0.0101856831733581,0.0326586879487049,0.0277798639767804,0.00458433980354318,0.0051427244713969,-296.227260150546
595,0.00710855030727755,0.0241972338558341,0.00270759366978743,0.0174988216507576,0.0172413014066243,0.0039107081305945,0.0367136262137513,0.0222400255152824,0.00380465154854537,0.00249841587487684,-294.432048652177
596,0.00757861981433432,0.0137333427497041,0.00483820330568126,0.0290481970328893,0.0165952270301688,0.00866040593475074,0.039602219429959,0.0284464478373706,0.0029664350228599,0.00312943406408136,-297.033920633404
597,0.00873626418110003,0.0269620063981657,0.000529116015940789,0.0190927251656659,0.0135154111564777,0.00376944000260426,0.0418187231972583,0.0357606940513265,0.00596631858810721,0.000726332951064293,-296.391714624021
598,0.00692660579988853,0.025549728122673,0.000424832612298322,0.0134503860483487,0.031614774468754,0.00188495581698798,0.0432765327588484,0.0501742992334856,0.00327594576984847,0.000870524271747327,-297.585213011223
599,0.00854717966441606,0.0138103492807764,0.00757818379255719,0.011961540726996,0.0287158855924004,0.00213270607019521,0.0230362500409104,0.0379269594107386,0.00380817737222257,0.00269565680414108,-296.194813137828
600,0.0101190739903765,0.0205963785598617,0.0121413294438975,0.0210964712280261,0.0186742792232402,0.00316191446379685,0.0469057153461891,0.0501791241757601,0.00445554965357191,0.00517512055873913,-299.160796495754
601,0.00982380713068092,0.0219656639722063,0.00744845082474842,0.017488713170842,0.017387721433514,0.00721931103987598,0.0245059908700565,0.052455911997554,0.00638771901454351,0.00288645360012463,-297.759372758781
602,0.00883434808960593,0.033680305872274,0.0024593901229798,0.0139168039813579,0.0299498311867092,0.0095346043109418,0.0267877668759749,0.0461324071900944,0.00814821277623209,0.00304436048901483,-299.857027927291
603,0.000386119139526277,0.0168095733547932,0.00102736484796747,0.0111004962792056,0.023789529739447,0.00117997192283711,0.0202991761194391,0.048813357109556,0.00206651689816246,0.00242461016376635,-298.196815764955
604,0.0144824334610479,0.0375566505773951,0.00692887124082632,0.00500364167678663,0.0182797912307914,0.00357518956328808,0.0331746667921343,0.0606573911891395,0.00718959614235646,0.00157841182272521,-299.2125536511
605,0.0151516468319702,0.0317344591091145,0.00720152374711095,0.00634461800564455,0.0222893136622627,0.00255035252160177,0.041879139842125,0.0598104358503033,0.00760159724682034,0.000483904255406664,-300.468054306736
606,0.0134974061226084,0.0115605669351043,0.0013899853346633,0.0322421323851251,0.0218820594251799,0.00166175302383069,0.040220968786845,0.0284573455854254,0.00265694679467233,0.00822934189225248,-297.958628944387
607,0.00618990049399857,0.0212095871137257,0.000777731559762514,0.030904432550638,0.0223049439044008,0.0011848302528818,0.0411628702423559,0.0319402435569532,0.00274912153699809,0.00421080833710429,-295.316884887311
608,0.00598134936397115,0.0212993347307704,0.00346674990401171,0.0118975624296173,0.0241077403009306,0.0041971560079799,0.0211333486662869,0.0363959330095768,0.0025151325021708,0.00135389109678069,-295.718029270713
609,0.00242717917704142,0.0219546750979549,0.00296514852000171,0.0284502132574701,0.020981654071593,0.00326156238964232,0.0280109973071092,0.0383936518764201,0.00692693187005617,0.00229484193893387,-294.762772332615
610,0.00604109555641351,0.0189066274336694,0.00157253113530932,0.0200383557452662,0.0182524260071586,0.00649771239888237,0.0391810319212896,0.0310617893911301,0.00419627617327228,0.00222527733352623,-294.317720437339
611,0.00626208849501885,0.0213912108441212,0.00163027745328669,0.0171161621841446,0.0178824540894192,0.00104861272588027,0.0248739447757431,0.0505720609759951,0.00498865557527647,0.00411921618778085,-294.235566884767
612,0.00542874785841763,0.0244911116454359,0.00100215493689575,0.0179796041333756,0.0243579846099944,0.00264295850006727,0.0282790740111292,0.0317588415806846,0.00158241809033199,0.0200964543875681,-299.978649734504
613,0.00700727487197241,0.00988252030369952,0.00980348601003026,0.00310075769171393,0.0187070299696477,0.00402453242153592,0.029855949914658,0.0404911873346556,0.00170029067212252,0.00679475913083915,-300.599579452523
614,0.00156094534220483,0.019585858854591,0.00406747566767466,0.0438297607059389,0.026541520615044,0.00428998695268218,0.0393407284621473,0.0324036353393839,0.00402568408022687,0.00794971559823402,-299.626510716375
615,0.00224855825783945,0.0163656316233396,0.00745823950399467,0.0149211616629026,0.0239369959667002,0.00206062050798186,0.0282761067872899,0.0420441317300298,0.0056179984297994,0.00133415329659369,-294.676789618009
616,0.0113172072065566,0.0143634727899674,0.00272417400071298,0.0152842888606931,0.0174365323357038,0.00299648948728349,0.0290656318506181,0.0426882744588158,0.00438964738967567,0.00176528015001991,-295.180136288733
617,0.00772868522136588,0.0236848913163907,0.00494752348135699,0.00662757352346863,0.0184562108241469,0.00136020787294507,0.0191325281692218,0.0573284441311917,0.00822274587910419,0.00542150874476631,-297.711271030913
618,0.00748426835893947,0.0221636908496836,0.0186547496483001,0.00473637179748674,0.0140698529676959,0.00728946428316312,0.0485496310843065,0.0506624387881733,0.00217972067504747,0.0035966707367754,-301.279233751651
619,0.0161238797133227,0.0182377965930785,0.0104577942896291,0.0139411315649957,0.0185309337525767,0.00502270324018437,0.0199182620408363,0.028993667518372,0.00466359619592744,0.00538660520345383,-300.505960396669
620,0.00178784871759782,0.0163123500041796,0.0166611691438359,0.0117222215316762,0.0292279543576353,0.00571681586562713,0.0428828899167108,0.0368433154711754,0.00943770944818001,0.00274563264514565,-300.409525500758
621,0.00440756333120194,0.0229963839095437,0.0124612413870972,0.00808984514720413,0.0300873174906209,0.00578803483877607,0.033005421591153,0.0591160310567393,0.0090897538052479,0.00102592171974969,-298.936021697826
622,0.0070380767641489,0.0257427961854873,0.00551973839860731,0.0227796829444521,0.0274700745056689,0.00238221247527197,0.0313908298153598,0.0548221823447797,0.00466714055067333,0.00175408306967493,-296.102579793195
623,0.0117352581402656,0.0196708535493705,0.000783077513878804,0.0209007709673841,0.024231740852347,0.00266461013219191,0.0302843919198669,0.0334886611330509,0.00463294686863229,0.00103658665167043,-295.296166274205
624,0.0106654944479195,0.0177104475859224,0.00405531895330164,0.018555465156848,0.0258091600465273,0.00354056610007924,0.0276364454417443,0.0374116236947704,0.00871180208076135,0.00329514144185779,-296.520439604785
625,0.0055385303964667,0.0255790269501332,0.00256256533743475,0.0207915311712865,0.032315090730718,0.00314038896840193,0.027108038886871,0.0506488274350032,0.00228065391584976,0.00369261163318337,-296.658627398195
626,0.00584829741398224,0.0148041941060101,0.00724293734459241,0.0144373936125019,0.0169960147183943,0.00349727598046747,0.0288166333527829,0.027398033051346,0.00784260645755973,0.00327828112693685,-296.048398710346
627,0.0046484970348777,0.028659522393913,0.00535453867459234,0.00168319958179971,0.0166876388073216,0.00217858739492251,0.0283882541718419,0.0591518006711571,0.00513563065809373,0.000972984163012401,-294.622093536193
628,0.00427502562217807,0.0398458387384673,0.0101299775389388,0.00629540469724961,0.0149265506265466,0.000947535694321707,0.0305007546023691,0.0457718124862691,0.00674607014612134,0.00564601736426899,-298.507494935122
629,0.0145634187242559,0.00989059673037688,0.0010305490246428,0.0446799175234571,0.0181527718446822,0.00251944040435175,0.0450407980427981,0.03520105696367,0.00203509421545287,0.00063090219585376,-300.509831421111
630,0.0018396350469374,0.0112249541305515,0.00107716397616824,0.0532601375145941,0.019171905209058,0.00371297987911648,0.0269856969159504,0.0396479036952283,0.00711811741896651,0.00573359896508077,-299.345750319402
631,0.00641298090902903,0.0151671736977839,0.00317233550461394,0.0269480469353144,0.0217999509493829,0.00153779659644251,0.0304404390976324,0.0243603980284294,0.00490020336838841,0.00545166641647871,-294.706976668397
632,0.00397395670521567,0.0199558794206783,0.000403248551354342,0.021068119485629,0.0203239097135547,0.00466078536555682,0.0303428864365812,0.0464916532294855,0.00508045339531071,0.00607669365887161,-294.801489364623
633,0.00731425638366902,0.0109754815539468,0.00517945364911562,0.00503019515178419,0.0159890996002763,0.00341813014904977,0.0319227306775133,0.0460794326830271,0.0070451976873833,0.00214471968783501,-297.702756931976
634,0.00984086039733928,0.0307408451376107,0.00710019883992497,0.0205616567620472,0.0172376183857969,0.0025343833810377,0.0491968152864889,0.0455363743775949,0.00873360436246969,0.00500314959154401,-300.763838549116
635,0.00175586911706619,0.0282568605523514,0.000399948020116836,0.0162491134758944,0.0125440164264181,0.00199595087585246,0.0464306212957529,0.0263667116087794,0.00577573100786861,0.00193794042937907,-297.216146089298
636,0.00247576850438214,0.0177860641520507,0.000162732972246345,0.018528729347514,0.0140830743218511,0.00315567120804287,0.0337366226448481,0.0260301447199897,0.00366017584404445,0.00608692711749951,-293.595144600776
637,0.0077305240744399,0.0148127525330711,0.000259233877515788,0.025503041673909,0.0171357511808822,0.00277990632568447,0.0368048798100836,0.0695650192137306,0.00415092041584016,0.00115238698438491,-296.919787341872
638,0.0086947000547673,0.00761186896638732,0.000506296441779513,0.0279318028780238,0.0212204255974249,0.00481266175976321,0.0372278620503377,0.0617424985718822,0.00493588978982896,0.00532899447604093,-298.465976691576
639,0.0047479384015776,0.00496816464842748,0.00535785065655513,0.0331317736891297,0.0286636865902941,0.00322206098906164,0.0312967654270629,0.0218097182374195,0.00517667811891581,0.00562651654832679,-300.724312381587
640,0.00665730689300822,0.00790504807542444,0.00316271177627331,0.0212882455226667,0.010657002515369,0.00183232125803029,0.0391994643336534,0.0361632599267539,0.0027572107327863,0.00765599319779722,-298.685275006654
641,0.0135963384667447,0.0169714773081976,0.00271419472702959,0.0254576829750014,0.0259877154361883,0.00277574856224259,0.0314411858896387,0.0383233289569882,0.00633889108429492,0.000164896335704219,-298.006239726799
642,0.00558087367833666,0.0172003859440806,0.00321093148055785,0.0223015634143475,0.0275992497918485,0.00520352468704903,0.0352335920263827,0.037677533555038,0.00658093178821709,0.0012789894833351,-295.489813681678
643,0.00428854702988676,0.0184190351236806,0.00481977350998586,0.0130354538294719,0.020352044551838,0.0030922187347222,0.0492395396518698,0.0621395627489155,0.00570260997307301,0.00389789230718053,-297.015803452652
644,0.00199091565553901,0.0214572083635744,0.00247506211211568,0.0186596141932092,0.0122275702402258,0.00865492421680638,0.0490328489250108,0.01816666275764,0.0023225870410603,0.00493565660556695,-299.602448883702
645,0.00294116086692338,0.0219189324413795,0.00378128238660992,0.00893009951499437,0.0112809622348613,0.00264356823545512,0.018730950513064,0.0537044949247138,0.0071755897787149,0.0048940592933071,-298.066349884309
646,0.00900447149195818,0.0188315545654725,0.004614404017956,0.0140827042097239,0.0331393570765146,0.000804931452629516,0.026448074918822,0.0676445177645175,0.00488597813500969,0.00560046985633772,-299.247705395544
647,0.00283947337225539,0.0307434532276896,0.00414900351210057,0.0290445069403783,0.0245017917019155,0.00400638929879253,0.0434465533108811,0.050931669493245,0.00428225626511796,0.00720731272276828,-299.270585457427
648,0.00691846671454727,0.0244556812759664,0.010501991814203,0.0200036805002156,0.0229220581073357,0.0016135988084755,0.0304120834590404,0.0466930641034974,0.0053889189623925,0.0065761177957132,-297.122581428288
649,0.00252194863059115,0.0224769822154608,0.00675660644864903,0.0346591056158416,0.0136633333002177,0.000963324125298257,0.0288441624714296,0.033248830505848,0.00291476044241207,0.00763754969990771,-297.785527190401
650,0.00469299587189357,0.019661946927827,0.000709074872797934,0.0135284682830798,0.0161528631792782,0.00477492750781899,0.0341374445265099,0.0332261334923464,0.00365348612373528,0.00172854554069832,-293.373056225336
651,0.00462129831708101,0.0221560735739843,0.00733125697021762,0.0263873611622136,0.0228091018676887,0.00585993861330118,0.0337353124221147,0.0344664923538556,0.00389874650830606,0.00632331176228806,-296.595462176672
652,0.00459929272138155,0.0262097366270678,0.000454894050769594,0.00952312375809689,0.0219462961762069,0.00182254760350412,0.0334394114180004,0.0400239873062525,0.00388442997006876,0.00320899729644952,-293.697054998652
653,0.00430969059331391,0.0208920230561468,0.000376894336302703,0.0212405288490521,0.0312933706531545,0.000856392506989759,0.0241127133537939,0.0368300629029555,0.00615513837474284,0.00304593233522292,-296.064994109649
654,0.0059806149915222,0.0236790410461086,0.00513397083654291,0.0165624757086458,0.0201821103259228,0.0109878073768322,0.0329465222098374,0.0773046463704812,0.00629766807133008,0.00856331215979649,-301.85989961368
655,0.0039854310477004,0.0248698978168332,0.00470361505826099,0.00921417563149735,0.0194589803904011,0.00982806994300958,0.032149990979251,0.0383065811859928,0.00304095673175336,0.00501569537369759,-296.28954391446
656,0.00732234915807861,0.0222890451755889,0.00587956457944781,0.0219842985197371,0.0167080490489921,0.00751457076428495,0.036744165890063,0.0262038752989664,0.00413667090988859,0.00310664923087975,-296.174821605485
657,0.00876498710588199,0.0143120611754014,0.0030378286942409,0.0256673511615547,0.0177855654766925,0.000631235962788494,0.0345561927132974,0.0575324902085161,0.000355458837121786,0.00183904969244324,-300.799473770928
658,0.00404667516464652,0.0219798747655075,0.00735596385688187,0.00587194789076967,0.0242410366220662,0.00183746870025347,0.0340429651216125,0.0464006188746635,0.0042365784137316,0.0018695129168305,-294.869019744714
659,0.00678711067301845,0.0241724544663026,0.0105014954868329,0.00768360337830792,0.0262756417136565,0.00241683716053922,0.0379902483792189,0.0489941595378484,0.0044693660930802,0.00142193204258485,-296.226761702378
660,0.00617199289593312,0.0253988491326697,0.00881719221659373,0.0193807286752016,0.0126248870982945,0.0022296508440144,0.0323400327536015,0.038783163461893,0.00460880856981581,0.0146222656387997,-299.495510080987
661,0.00293528011912634,0.0239187903244839,0.0255405242724511,0.0184708051956009,0.0271459169362458,0.00292010743004637,0.0269198057197651,0.036404381309998,0.00307945404995732,0.0159107515713785,-304.850867456671
662,0.00276864224229792,0.0359327554836645,0.00627514628900336,0.0123469411451664,0.0101404342016222,0.00205020690844758,0.0310770391974465,0.019007517106929,0.00431183262027944,0.0130598313007972,-300.476712888415
663,0.00970531524069122,0.0150271994175394,0.00812213162672292,0.0193654762785919,0.0199349021659691,0.00547258749494508,0.0409766912348663,0.0439469222436017,0.00489281878726916,0.0148184023341078,-300.711416010168
664,0.0124750597097347,0.0144686687777954,0.00264042635968956,0.0198434923131456,0.0111783837303947,0.00364772577498339,0.0387080932429201,0.0467151559862439,0.00321760801828616,0.00985809726083722,-298.534666552109
665,0.00375167186795938,0.0166910891675886,0.0033131095273759,0.0373498771747332,0.0190464029752688,0.00132104206251041,0.0411794450570103,0.0516987985279351,0.00698829214359257,0.00244361726110832,-296.668867405614
666,0.00171372202419019,0.0199162020445436,0.0115956288971738,0.033463010859042,0.0142772319960134,0.00169910351093266,0.0303952640445059,0.0263914413468276,0.00641590005416952,0.00543983892967082,-298.192508185582
667,0.00392585312080987,0.0150131341821791,0.0134164807461679,0.0064627648871872,0.0111105562179551,0.00597366939347634,0.0329143835978042,0.0459093589845192,0.00305679723828961,0.00396905033978208,-298.748123610979
668,0.00678030393352223,0.0261215703169679,0.0108906729509848,0.0139971340377984,0.0115539793187115,0.00526600848640459,0.0279718620019349,0.0376000955652512,0.00536982412033398,0.00296466952408201,-297.993176578271
669,0.0201553952076307,0.0161843217421142,0.00475319907583479,0.0131006856001525,0.0248737455910813,0.00057570425249866,0.0283865604821443,0.0413119506059024,0.0142861896181581,0.00162609293170845,-301.821021480107
670,0.0169053451318251,0.0143551247382933,0.0151187279796644,0.00327914025916288,0.0170194554316529,0.00149924345238371,0.0333063808065097,0.0125915223103978,0.00617822535221183,0.00169111350474146,-302.301281604977
671,0.00665042070605509,0.0200894410349897,0.00406304264768018,0.010849313948424,0.0260670929772599,0.00439481263826559,0.0378204873897175,0.0695376645428484,0.00549343434959341,0.00452753394084162,-297.621103405317
672,0.0033833018249259,0.0271728324209113,0.00406312867894521,0.0143202245340637,0.0183834077767337,0.000774478477567991,0.0469042336622392,0.0894197200755592,0.00611077662315347,0.00239067463549552,-299.110418931014
673,0.00246034553921804,0.0251215484464175,0.0017850187130167,0.00553013510436179,0.0294800281653279,0.0039034227637016,0.0225189938871031,0.0922524001620129,0.00796158083233136,0.00183611030113555,-300.891608507298
674,0.00509294945587495,0.0388909284004236,0.000992462259459777,0.00131595078148437,0.0290778755783456,0.00245809339082078,0.0407318246297139,0.0731990451387344,0.00768776976582638,0.00111202344459022,-296.948512901722
675,0.00326425764884545,0.0367365935554212,0.00663266626848066,0.00293378952830417,0.0188448903511828,0.00201471045801754,0.022342721054336,0.0635658233608392,0.00785677707754273,0.00121144224103672,-295.725462206152
676,0.00476772858252864,0.0343904235257358,0.0138027875255262,0.0187835381804926,0.0216610180062441,0.00235266660579507,0.0227563259763691,0.0264469299316326,0.00469525503177814,0.00574728449920865,-300.59179508463
677,0.00597396488127325,0.0251648797166497,0.0187128386515286,0.00722699862137699,0.0196202884882871,0.00653456456416281,0.0262437904288212,0.0683982589331187,0.00927960570134175,0.0115844283103859,-303.916088979656
678,0.00539508166033918,0.0185974934532929,0.012301293105751,0.00205144955119527,0.0203565531182214,0.00945973294282172,0.0409834265035618,0.0730962441229317,0.00470292808560504,0.0151798637066169,-302.953223670404
679,0.00425494911489588,0.0348722054926054,0.0087738441084018,0.000241757677715448,0.0179575139177402,0.00960514376214259,0.0274229868894868,0.0574915603022656,0.00148203329576763,0.00486675870472352,-297.9320966823
680,0.00298785471506478,0.0328075221663231,0.0043385314620828,0.00288441373097399,0.0192419424848433,0.000569973463375283,0.0225679228243548,0.0643629222265475,0.00393223582508181,0.00519585049817565,-295.370530482811
681,0.0101263946706905,0.030329832322577,0.00192495188505846,0.0103871227057303,0.0319647099049718,0.000529781750098026,0.0199535694185213,0.0503241004346006,0.00894110497510735,0.00355957494509022,-298.503793585897
682,0.0136703634365857,0.026937093923209,0.00250134794822683,0.0101301492699072,0.0142192634747776,0.00298184301046094,0.0451497582870657,0.0378638061137445,0.0101536894905919,0.000848653728180433,-300.21621436293
683,0.0136603148529538,0.0170567336036418,0.000940427919583287,0.00487647977058508,0.0144955961518571,0.00181534189680903,0.0288473515265811,0.058915077530576,0.0117830934120017,0.0150781712731787,-301.831165627315
684,0.0106430625902833,0.0264361824189118,0.00400223014594428,0.00337771281171425,0.027870308138441,0.00504894206775765,0.0331705098147811,0.0389550176573525,0.0119248831850362,0.00207794950175636,-300.780005191203
685,0.00592144391323746,0.0210651296142065,0.0104762539881586,0.0311815777849319,0.0210744461977484,0.00692582151654606,0.0417775790820495,0.02571841302537,0.0108768142981205,0.00291383021031196,-301.151749303673
686,0.00193762367245358,0.0146685482525231,0.0043835612884241,0.0229625257235113,0.0228204856863463,0.00519834702075293,0.0310965290363377,0.0531079268639206,0.00769352253100081,0.00219901881531619,-296.061734620829
687,0.000556096395711189,0.0148681479208898,0.00471956071246706,0.0155228614460521,0.0188172216867297,0.0077075119687721,0.0246495179993102,0.0327832419231891,0.00345219257655384,0.00143577647592099,-297.915691833895
688,0.0107920619390327,0.0214711870991347,0.0063886909428894,0.052033117282663,0.0146603784805387,0.00338713642360987,0.032943804817718,0.0437420964693352,0.00718861973573178,0.00204598280633238,-302.221877764766
689,0.00653367137947051,0.00964586136789507,0.00137828610338412,0.0515643912301705,0.0165485093449856,0.00178734239170001,0.0323299234623152,0.0315819099154787,0.00432683956137016,0.00845030753413632,-298.3079535967
690,0.00572028103444034,0.0163119537430942,0.00402583973579282,0.0585373098111498,0.0162046052828078,0.00267795236298405,0.0327792922889216,0.0307604301684078,0.007323112121681,0.0087427826779554,-301.045555726579
691,0.000524917948233554,0.0221016148511098,0.00497722737835203,0.0643498365494632,0.0154110829095971,0.00421846713338988,0.0358065368379559,0.0307548058427685,0.0043329016113266,0.0102416832636824,-304.460061781056
692,0.00886719970521851,0.00903008955683599,0.0041775916115147,0.0467667648967107,0.0217482853166056,0.00943068713207848,0.032550592522778,0.0378920945571126,0.00506008570598994,0.00948882596444267,-302.109107724005
693,0.00432099405244342,0.0101374804341426,0.00417398757958878,0.0492593055920896,0.0182694079059881,0.00746593644131918,0.0368757122496947,0.0256230287646441,0.000918259333878433,0.0119346215648641,-302.799750295726
694,0.00190107970703917,0.0181912218829854,0.0020941924326794,0.0167156187388531,0.0110148492164796,0.00899601558322167,0.0288979874064028,0.0196693139651268,0.00881345316710068,0.0174258942011468,-302.323970496134
695,0.00919843210069726,0.0283475036671912,0.000820044412879678,0.00550526625891682,0.0153538600782812,0.00162343531730037,0.0217601819103482,0.0222188262917761,0.00595416814740973,0.0154864713501339,-299.91224505834
696,0.00735632833806434,0.0215635443276942,0.0149417678147386,0.000596106862287645,0.0193357158064368,0.00164020539338932,0.0354652834300846,0.05738130378319,0.00540020736693049,0.0165585456470568,-299.121895953051
697,0.00670075007377076,0.0201076189469023,0.00426698423143615,0.0028165492602464,0.018898975675209,0.00291210491501635,0.0391846597350967,0.0599258218810174,0.0052886275272838,0.0103566744837544,-298.068919369691
698,0.0074665412129856,0.0242993150610548,0.00500483791232114,0.0105664981193756,0.00623053784752743,0.0035339344815458,0.0344183519657749,0.0521543161855085,0.00448124406682293,0.0109424981279433,-302.155283697708
699,0.00545330656471056,0.025159297329006,0.00502551395971612,0.00791875179301356,0.0179801025070069,0.00528567404439044,0.0352217533370791,0.0473171029200849,0.00602730111206388,0.0114353160807053,-297.675619452396
700,0.0150474087040137,0.0156784181973973,3.13564149760934e-05,0.0103449899412831,0.0163040380621208,0.00138052124758169,0.0347423888076362,0.0378029164062914,0.0074382814025629,0.00743839672931068,-297.101089113135
701,0.0137181620937664,0.0142094579851722,0.000773464715146504,0.0153844184850188,0.0169544471936925,0.00256281280462519,0.0376978840401499,0.0841213072209212,0.00526860319330343,0.00779318149942607,-300.641579596386
702,0.00768339541618731,0.0365073953288822,0.00477008688196507,0.0109816720643433,0.0178328291421962,0.0027844566879926,0.0327294501580717,0.0819819333737871,0.00272148452373615,0.00596832752574331,-299.023345764541
703,0.00250245775585789,0.0378621277261935,0.00656703122068047,0.00436622092023141,0.0164342295944513,0.00173702370929731,0.0428047723084396,0.0738425702452055,0.00383054824303456,0.00383329707987778,-296.32300677908
704,0.000451027805010606,0.0282846976570705,0.0104148904484018,0.00491029720345503,0.0231537256123778,0.0032087189800756,0.0303529801831317,0.0497654698078504,0.00320562929528733,0.00351689824568188,-295.95351010531
705,0.00162153276864526,0.0361387949535374,0.00175564185921732,0.0166827094612485,0.0183865911183153,0.00263106304071098,0.0421301176188465,0.0401546208130313,0.00369146675667634,0.0012339151086724,-296.847538309832
706,0.000350199584397996,0.0357453544942257,0.000437147958539795,0.00809190317960207,0.0130758691331898,0.00312046856596385,0.0403483917212532,0.0673212603036521,0.00282500269565841,0.00558186822158653,-298.065074496923
707,0.0049745010717298,0.0439690844570415,0.0014662567529581,0.00483822746776155,0.0300533772375785,0.00307120135295126,0.0172976143975896,0.0724700028566243,0.00364743174959676,0.00594060170168213,-299.281099583017
708,0.00107540673867356,0.050114763326699,0.00998038335699825,0.00296673111004045,0.0161133443007669,0.000574960932935575,0.049921419930394,0.057517419681265,0.00299398197325942,0.00444259828271874,-300.548424035045
709,0.00204612478889695,0.0366773006529891,0.00454437174516752,0.00778286434464742,0.0130475922423187,0.00330549479935749,0.0625341691207058,0.0645468556272774,0.00654089917193244,0.000529558559949209,-301.46637400422
710,0.00165740947765108,0.0379188779064483,0.00403914726338325,0.00760442965765025,0.0241223863066479,0.00130807578621966,0.0359206262105606,0.0472090704127984,0.00308644625279675,0.00341153588482605,-295.445925055281
711,0.000729413990488263,0.0238860374462673,0.00150338188172244,0.0250463365460937,0.02512657209374,0.00307745391174633,0.032254411612437,0.0389431299173813,0.00280739608556813,0.00265266615872492,-295.992386915062
712,0.00987615983294524,0.0240351424071111,0.0063246771936664,0.00547255326605317,0.0231751590001447,0.00187826908304165,0.0300322694415518,0.0458381999968565,0.00551215889398397,0.00323355305151742,-295.867009899856
713,0.0182824242883708,0.0233745545506556,0.00228592203015685,0.0251343185389359,0.0280982301166395,0.00128567529325683,0.0189296869225473,0.0453536757554881,0.00855374735335325,0.000808386033748783,-300.339889894397
714,0.00905501140098885,0.0237532930865785,0.00162382277606282,0.0191090915491951,0.0294275656331092,0.0025293754967582,0.0131251133123426,0.0519751060861493,0.00614963958638607,0.00129387403057989,-297.580641754136
715,0.00632484478973353,0.0229043370756219,0.00267438139867732,0.0107525571927409,0.0248417555103175,0.00219315240883767,0.0456817847390271,0.0561770105059363,0.00478998672253921,0.00363278841337424,-296.007069478482
716,0.0065952011102209,0.0237896780477594,0.000556346620345118,0.0220522816355669,0.0151944421254355,0.00283497610270671,0.0282552864320784,0.0489874638078865,0.00464952969784566,0.00262716291304289,-294.577390011103
717,0.00572449445431176,0.0142727962271806,0.00377663139459198,0.0178189759113373,0.0289197441198733,0.00118479310710561,0.0311978345120292,0.0442725825716257,0.00675389364061489,0.0036275404871308,-295.365646354425
718,0.00584652737869899,0.0253697883191971,0.00141665853894659,0.0175769727860138,0.0181655767987028,0.00216641277474591,0.0359559989669819,0.0269005739841186,0.0084937723904461,0.00437555160793431,-295.234601885446
719,0.00490338544114012,0.0203848180274445,0.00312685059660886,0.0202958493949623,0.0321773789183018,0.00153317955357203,0.0319210875892861,0.0261451957005079,0.00388923727257176,0.000792656027679147,-296.498601311591
720,0.00628712249454548,0.0259688738775295,0.0091457746334446,0.0171758335639161,0.0334710624533489,0.0015588888011052,0.0182507253522549,0.0688663653212804,0.00624720781115136,0.00464783820396108,-300.574388358599
721,0.0026614075633199,0.0329162801709341,0.00190140668989029,0.0153095131994716,0.0275762258140977,0.00235316660051435,0.0412772440754372,0.0547724589414589,0.00552049261640127,0.00332647554549767,-296.35538344439
722,0.00482205972571184,0.0204102557187601,0.00901278672691859,0.00885246700929959,0.0193849164179948,0.000399283307214672,0.0134236609051596,0.0439873739725889,0.00626376962442611,0.000608930312902473,-298.037079515052
723,0.00584072126950197,0.0191982962348677,0.00736289999860843,0.0142989923099853,0.0237869357640051,0.0034018752965934,0.01851279096437,0.0444971517845288,0.00613615978990805,0.017978839394387,-301.520865654068
724,0.00503381623248032,0.0292979480333013,0.00441201379066611,0.0150865362689874,0.0324981057159751,0.00209165773468354,0.0143666597448332,0.0604041126561153,0.00912886500797532,0.010518623505387,-302.127903081795
725,0.000384962663121962,0.0247103822613902,0.00300760391444307,0.0144722730513258,0.0389359120684964,0.00212499979039,0.0306860601398199,0.0606275511766292,0.00795378326197453,0.0156090852207276,-304.612049982885
726,0.00677933213207366,0.011791252268265,0.00496510573229872,0.0105235577869924,0.0360158592117423,0.00307751653516471,0.0424785777580762,0.0202878903187335,0.00824470791698689,0.0123771372983707,-304.644647376052
727,0.00234311021934912,0.0249047565540794,0.00507142971918559,0.00395212350588771,0.0264304027158647,0.00607286567320702,0.019313046831578,0.0668425724105011,0.00310156869890945,0.00522276317003902,-298.564014865496
728,0.00355425295256873,0.0428719485102806,0.00437931324161214,0.00263528641485973,0.0232403941510183,0.00452010342671809,0.0272668241212188,0.0459282648337006,0.00215822355449342,0.000457854008116418,-297.23982225396
729,0.00371211454049627,0.0306235982104473,0.0046134442744677,0.00345102170516036,0.0157619507060804,0.00224736172412526,0.0382701168803819,0.0439654698936109,0.00311460222810571,0.0124973897023057,-296.627566837964
730,0.00280578337737849,0.0256853370471279,0.00808527010041996,0.0135128481804377,0.0239789307190348,0.00499452694896434,0.0250561482113239,0.0642620962326896,0.00523379403636412,0.00881952250986648,-298.567774103832
731,0.0034916315575409,0.0440599348156817,0.00445698365809746,0.00351466636519195,0.0120291555187288,0.0062954498246378,0.0233155393137514,0.0415601168454212,0.00785106045461441,0.00443218074601237,-298.582812124099
732,0.00170401592464169,0.038528656116237,0.00411254114061645,0.0062854343193264,0.0185463472501659,0.0066857545266265,0.0287324474640069,0.040164600202435,0.0078710148661025,0.00426836229705723,-297.172249221724
733,0.00423169540724635,0.0163726104464308,0.0087867429231055,0.00409060738637871,0.0213126903644778,0.00268110582893989,0.0308975079722222,0.0335215032864402,0.00571844902265533,0.0102839627895159,-296.614953972944
734,0.00293836697662537,0.0206732448743933,0.0104313202130138,0.0175503670662298,0.0262772743267033,0.00280460240863547,0.0359337686326735,0.0442500997118784,0.00247007951168197,0.00514985476676468,-296.459440209189
735,0.00264989364101956,0.0138409017222752,0.00726591755347035,0.0234613027243169,0.013184459698031,0.00191862766934912,0.037459624478492,0.0219478849694395,0.00491096052974679,0.0046154462749416,-296.534943364831
736,0.00311691281054338,0.016925683970679,0.000588655335234268,0.0232409507113157,0.01961269667242,0.00235192705875246,0.0242163910211624,0.0222753007470711,0.00164529425703868,0.00675835701095789,-295.292474654966
737,0.00689575611574673,0.0143686295470217,0.000636743841301914,0.0150797981988493,0.0128203407352782,0.00229476023538952,0.0404591740515539,0.0501030919920386,0.00653522237529086,0.00501534575944682,-296.288406650026
738,0.00489355605795442,0.0210318944156655,0.00480101344902495,0.0186150611385046,0.0240880026293854,0.00447573637304244,0.0534849192203266,0.0381138507240234,0.00585346987925317,0.00550499611368761,-298.321844266389
739,0.00345553735381353,0.0242450971561948,0.00234078998442524,0.00781714754140338,0.0146269086351935,0.000379288594843095,0.0488716338495832,0.0465091561660783,0.00456226299745616,0.00366100801459403,-296.609789599989
740,0.0108986034109114,0.0207606248837593,0.00125629674844495,0.0165842184218732,0.0136488465662946,0.00563130102781552,0.0156639746317156,0.038555739316788,0.0045503813168945,0.00414959058942342,-298.522352253252
741,0.00859654318247,0.0219098521031274,0.000867245569131101,0.0199027059064404,0.0166374392265122,0.00293670464465529,0.0545007348917233,0.0483243485706619,0.00689426471301178,0.00547048244449139,-297.99191190713
742,0.00314915348579425,0.0239954482267387,4.12585980910421e-05,0.0101284415136998,0.0209005659861586,0.004106516489419,0.0529422307868347,0.0345121280137853,0.00304421089047017,0.001365226114009,-297.137232177537
743,0.00214408758234481,0.0218126257090151,0.00202390423526088,0.0268940142386512,0.0206483038377088,0.00363259030111364,0.0250144056907743,0.0362890855692527,0.00420358693596114,0.00307099700924957,-294.677202338465
744,0.0133332656140785,0.00909019247322101,0.00230644751910011,0.0214021623862638,0.0211238915993877,0.00276129648520107,0.0299174394217153,0.0311791983917013,0.00491246202983362,0.00286123783012318,-296.362386190987
745,0.00625515070438603,0.0175233398224643,9.0776288747376e-07,0.0151640932747367,0.0183987667590769,0.00453704022057119,0.0365345848043141,0.0256697339910682,0.00552389329594655,0.00237674864267052,-293.694430397709
746,0.00720686269789737,0.0174441225309406,0.000260840171167378,0.0205803057343143,0.019863624271973,0.0053295227897373,0.0304062989309538,0.0353949336371547,0.00309314676778151,0.00336232017933604,-293.83581389833
747,0.00863004131277417,0.0260921322511942,0.00124370553775104,0.00535568287713956,0.0228934249439488,0.00251892781155949,0.0334405655776452,0.0484647311094485,0.00621781282034057,0.00113854314339598,-295.214691896676
748,0.00552100606516457,0.0263179211737891,0.00342636381486054,0.00639257301480877,0.0273709947389291,0.000721389693707738,0.0302319308254733,0.0568158926213232,0.0056960246511911,0.0045334850906578,-295.875632822397
749,0.00280272802665997,0.0363026650325866,0.00412001965844569,0.00225152585632002,0.022845753816891,0.00523859986430223,0.0356130449460909,0.0600566733376517,0.00201682998633016,0.0017138029557393,-295.357768564177
750,0.00156593275877581,0.0370061683939741,0.0119086743802643,0.00100238368609206,0.0157954948338594,0.00115492971134946,0.0254446651297061,0.0600248106429949,0.00338836395515686,0.00250816834775825,-296.223813277841
751,0.00947273470418157,0.0191638626921076,0.010919097653755,0.00433223750181873,0.0151147925193109,0.00284902435369691,0.0370652044501012,0.0462687232588633,0.00720702927156158,0.00886550239255419,-298.576560868329
752,0.00449101285960863,0.0277802195654997,0.000908235367998266,0.00109898862968831,0.0200410482595365,0.00449519543182407,0.0300278025147686,0.0548542741430805,0.00576472525887417,0.00522006558930065,-293.967125135677
753,0.00548352769101604,0.0297225510281116,0.000171719256938559,0.000643341197514044,0.0155377433993868,0.0021489601215976,0.0255862188522118,0.0732442350808465,0.00555935537901012,0.00438677851608472,-294.440660357698
754,0.00404598552618641,0.0409991817925724,0.00130531703472064,0.00121799854496916,0.0235259379399831,0.00394930653770926,0.0336366590120533,0.0692969162725292,0.00475056571353576,0.00373579322352147,-294.619597093496
755,0.0030922475530887,0.0439755411683643,0.00282045210595072,0.00116678280221161,0.0221516202702228,0.000713909864731054,0.0385284969258152,0.0710330761406167,0.00519236937848644,0.00342085808230381,-295.342531184774
756,0.00190211387891174,0.0429260880903093,0.00278768814103822,0.00457552413676444,0.0186183905528067,0.00246343477931418,0.0377022504736286,0.0673085373737427,0.00534282431482823,0.00349005637038489,-295.348136999049
757,0.00118796292129062,0.0243239038581217,0.00476092994474748,0.0178256560132675,0.0214458523590624,0.00159262361284807,0.0172537059050081,0.0393974442045965,0.00494880860018042,0.00234620962875216,-294.845842559626
758,0.00591469810280981,0.0213998435456814,0.00114492743608101,0.00921494026321657,0.0235575356051187,0.00459570274054585,0.0234420950412393,0.0382900599469199,0.00550217516529485,0.00277654081432558,-295.305594434518
759,0.00591969300585374,0.011220979623793,0.0153082371718665,0.0191792784114744,0.0173815258809644,0.00299556541061079,0.0376636927216914,0.0561322077284155,0.00972519719441457,0.00229776460318806,-299.242406377913
760,0.00450131586848483,0.0311555513800779,0.00624718311706165,0.00935148292598535,0.0269352869753986,0.00295142685026569,0.0348086233729367,0.046748483423341,0.00758442474534039,0.00214783128955768,-295.971834895058
761,0.0029697868015935,0.0283830671654977,0.000396665267834879,0.0158267838268583,0.011361283350526,0.00322879128445075,0.0410840006944988,0.0233797213944417,0.00401655017372199,0.000710680585468218,-296.438577297868
762,0.00399286013860324,0.030675878938918,0.00122182893669397,0.00491151812054076,0.016036015328057,0.00902017617828295,0.0298153491422439,0.0480631759174532,0.0056405904576133,0.00363554622131315,-295.107475022867
763,0.00347102783415163,0.0322811464759654,0.00584948047621932,0.0180506890706797,0.0138331981899342,0.0119227143085834,0.0461676392585509,0.029040288077369,0.00712894337086536,0.000691917047307665,-301.99386465731
764,0.0049669127476008,0.0181726986650839,0.00297711585991323,0.0200703163086169,0.0199347936070353,0.00664543542594537,0.0247781776012334,0.0276888589951928,0.00627955410078184,0.00443887926208548,-295.666345236541
765,0.00381413752599665,0.0189786843251564,0.00323072704890631,0.0213391445767251,0.0195882628447563,0.00396234845066877,0.0277802442785015,0.0378992149106153,0.00645841006775756,0.00526628035776105,-294.348354512865
766,0.00574336927905002,0.0141363640947248,7.89867171610196e-05,0.0240801548881335,0.0206171310286732,0.00258967107886899,0.0373602818862132,0.0366786007839427,0.0052711712433176,0.00290027408243474,-293.532095623166
767,0.00440557377559594,0.0121658921549552,0.000380019270644687,0.0235345842441396,0.0204382899423982,0.00358718749492577,0.036780014213475,0.0292254479757908,0.00238337479762945,0.00490798051090561,-294.404983751662
768,0.00762123914131789,0.0205250994250644,0.00207213721756844,0.0146882697309756,0.0301743589566885,0.00473977261885095,0.0365780158734204,0.0432779803092499,0.00753423432975075,0.00773554194301888,-298.441351819439
769,0.007624587893401,0.0307822762719218,0.00157848607637018,0.0211305509089109,0.0285375903533504,0.00702051168088002,0.0184822199073886,0.0432095404460912,0.00553268565316504,0.00755358097805633,-300.140667023517
770,0.00597378754544421,0.0245555575725301,0.00288833023521698,0.0237006725513294,0.0199056282315059,0.00495125005175244,0.0386397974379611,0.025661170695439,0.00642852252593732,0.00280672199907872,-295.731253672591
771,0.0066201572374432,0.0183640641002574,0.00539221070844181,0.00939386473581626,0.0217773349075894,0.00461860715821083,0.0328656645690612,0.0519596865542471,0.00194047050620648,0.0025427445067817,-296.136138803127
772,0.00214162402471864,0.0284607048347405,0.000440576740940655,0.0156764247577456,0.0125465757277708,0.00844884475295602,0.0265633268594249,0.0255673316731902,0.00291674037066841,0.00202886576407608,-296.406839797402
773,0.00640859876068712,0.0274363086658854,0.00331208701410575,0.0140081317133524,0.0128026110598881,0.00624433937050987,0.0318278568342453,0.00991728818259261,0.00503294088636439,0.00484471276827656,-297.386559874754
774,0.00578127049081904,0.0255968237609396,0.00250362265457725,0.0224479540233892,0.0182445739453784,0.0181939080325232,0.0301262529193311,0.0679754349159092,0.0145871514574118,0.00788664093792406,-308.011784511155
775,0.00812915337845096,0.0174365616963039,0.00163279277009957,0.0132923030172595,0.0214258778717385,0.0160510089756689,0.0346474847918586,0.0669873591186687,0.00907712225806042,0.00250021757278394,-302.177483537972
776,0.0113394767682435,0.0214022513413039,0.00358740989710109,0.00564201018393222,0.0121165704363031,0.0108868225645408,0.0375070088590682,0.0508300521467512,0.00979855158138014,0.00666257666792836,-301.155803835112
777,0.00538449494534176,0.0142685653348658,0.0179598585717527,0.0105000619109417,0.0278314469853811,0.00939622911699891,0.0488795029860416,0.0380632723748935,0.0033452068522196,0.00262804518921707,-301.920705924797
778,0.00717136086788255,0.0192739282535641,0.00999219706694078,0.022991820897047,0.0120167441668621,0.000974017338038721,0.0395032537594656,0.027077612415081,0.00269242156178744,0.00456001618806266,-297.508748394875
779,0.00244364234196059,0.0175884404966749,0.0013678920596809,0.0198320189612181,0.0173845379236558,0.00313251520084234,0.0362595778508822,0.0371124985410327,0.00376201462898976,0.00269239158797878,-293.426344785266
780,0.00458866801596332,0.0245358440926644,0.00174872319677919,0.0180342372263375,0.0173888511418317,0.00370203959149923,0.0410739480973897,0.0262434209870925,0.00292237425118183,0.00212377052602577,-294.382195861951
781,0.00153680784189423,0.0247517774585291,0.00433396640267233,0.00269927786754795,0.0156461110576594,0.00473484486758679,0.0277825240173452,0.0499082520856692,0.00434775353120429,0.00285712946614791,-295.14975101526
782,0.00657450048584385,0.0403840018964092,0.00136178734760601,0.0029140601791494,0.0139182095679548,0.00252657151664809,0.0397382832383538,0.0688124070711311,0.00360349645193803,0.00410825485523492,-295.639382246543
783,0.0104378435143364,0.0295949220598637,0.000487876003613374,0.0135754869773545,0.0278832777670426,0.00297486832499293,0.0468597050906152,0.0562464591432526,0.00406281217736411,0.00242857304861177,-298.088502174541
784,0.00288199003662296,0.0238880537820449,0.00123084328430045,0.0180517605726504,0.0282864223014474,0.00339275847726273,0.0205773215592246,0.0319796197579632,0.00399995937771461,0.0013205118165727,-295.758850052361
785,0.00454633578820362,0.0195277366315939,0.00252610759249119,0.0266493948442612,0.0139556064991325,0.00242396913336753,0.0233104071981973,0.0503940911211329,0.00785351011232699,0.00164552208263982,-296.08847687204
786,0.00496083024151505,0.0188660673343386,0.00323886027433972,0.0090381111473938,0.0159948533045448,0.00234759640633939,0.0169648337939463,0.0537156907907175,0.00357720443378984,0.00785710334606837,-298.07704526316
787,0.00167897224934161,0.0148357210697319,0.0196958550818168,0.0232127174056708,0.018867922953979,0.00168353072336971,0.0366167620275319,0.0522547193847848,0.00454924197596787,0.0025988958598017,-298.310987654501
788,0.00742168142035459,0.0149856974865405,0.0136593260032728,0.0190433111839318,0.0118274959594725,0.00498123557897693,0.0225231534003009,0.0297700865145102,0.00212249974974277,0.00525855924806602,-299.827742075404
789,0.0085428759849819,0.0184096771366753,0.0178874601923071,0.0025412634864523,0.0229808172407275,0.0063638622585195,0.0315134470664591,0.0666923161273294,0.00755471781733852,0.00150307339195144,-301.389435081799
790,0.00320828486631298,0.0355813196974641,0.0109067940372243,0.00157066731097295,0.020023397781188,0.00725564413247913,0.0415296262532211,0.0340628616807524,0.00411532483727356,0.00452923159739309,-298.952074024356
791,0.00451355140859348,0.0403015444343048,0.00915115413094469,0.00886576829970805,0.0192907115788391,0.00869042066251015,0.023357335477579,0.05965383760515,0.00551815744136209,0.00334757984127217,-299.044432104854
792,0.00320270027307631,0.0345052811496146,0.00714755772498463,0.00398689633556635,0.0118474813480689,0.00911594484900259,0.0267867348507415,0.0549218718694308,0.0026452148622198,0.00202499447366205,-297.637551812047
793,0.000844466229183234,0.0276574709343271,0.00767129797864,0.00787499846737716,0.0267467707892097,0.00981227632394226,0.0280900779283916,0.0845085953236527,0.00730487645676791,0.00371576637471366,-301.56968470383
794,0.00360297568425332,0.0302606285333842,0.00383477098612955,0.00308422230324605,0.024197121311186,0.00782347218504524,0.0334037240446991,0.0546568304443882,0.00254333615162019,0.00781019410450068,-296.986975190354
795,0.00237285834093084,0.0322548105470194,0.00328528248931317,0.00362977608765868,0.0111309841939284,0.00616339986033246,0.0395814296571125,0.0416283332499396,0.00418604088354673,0.00552162257856441,-296.378695647743
796,0.00540655028413447,0.0216558628628905,0.00237239182333948,0.00454784929405952,0.00680639342479504,0.0117685053518268,0.0243441603054575,0.0508078780111469,0.00436963336254185,0.00428748303007805,-300.882733471244
797,0.0114215110104999,0.0236120844590699,0.00341432839536476,0.00681977208217483,0.0311200481423688,0.00487851992492183,0.035905646308119,0.0583000910319075,0.0041808229672469,0.00462081073338164,-298.908282212632
798,0.00881195042279698,0.0405952509665846,0.00304637403416278,0.00934301094597583,0.0341000454939903,0.00737601911041453,0.0262130431260883,0.0480446386801001,0.00520517554435364,0.00683900676824183,-301.754424141944
799,0.00453255417131305,0.00899668207434585,0.0118686831946526,0.0338026038899571,0.0213828540482829,0.00619681441384586,0.0320518359024479,0.0213843298106367,0.006676642377125,0.00308720570900969,-299.876586251705
800,0.00636559094223946,0.0129169251297149,0.0109389417018528,0.00564273984098781,0.0315749010990079,0.00621002284612416,0.0312198526839401,0.021935797370523,0.00554478022714699,0.0338406236840233,-306.100552229942
801,0.00842861533288453,0.0244596149311645,0.0105627716599525,0.00312699460287827,0.0178588646301068,0.00853308557586671,0.0325034797021385,0.0481793083947996,0.00276167318397888,0.0261174868298128,-303.606193363012
802,0.00807075774072888,0.0121827273654454,0.00225430634191181,0.0237141750907172,0.0231762352177253,0.0106117181086491,0.0381155133650158,0.0175700549178225,0.00553330644207792,0.033266593833386,-308.110814985656
803,0.00538500219942875,0.014944606984129,0.00348966428158925,0.0213813957525431,0.0143906921138676,0.00313974703487666,0.0288185761333458,0.0478036167331705,0.00834592654885784,0.0266677014897314,-303.575703665776
804,0.00611258627692863,0.0158510422888888,0.00604213866059766,0.00379511573537683,0.0129207027058727,0.00283578021733901,0.0360354121967732,0.0378380834423895,0.00996946318104478,0.0207935208452036,-300.102489117759
805,0.00523402726639231,0.0288514442220569,0.00645516980660392,0.00212449738761564,0.0236168570520602,5.12327968081427e-05,0.0275946974712075,0.0445876304978164,0.0100077038422629,0.0100910667893423,-300.382138867998
806,0.00429144533022787,0.0133415678431135,0.0073082078630416,0.011075481444324,0.0273366987353539,0.00499168551286487,0.025508594284691,0.0425951670566222,0.00144519859425303,0.017912214944814,-302.561342804305
807,0.00554077594975499,0.0126530682804121,0.00255207220958176,0.0131507757705181,0.0123482149765098,0.00632587029734491,0.035694582414644,0.0202507106181682,0.00286325502445098,0.0188983571164448,-300.100426012784
808,0.0119022190321784,0.0115132424614437,0.00133884856914049,0.0301540354936182,0.0113066736301464,0.00308819802476263,0.0268869402142101,0.0243283822606392,0.00172364049829947,0.00157766297287992,-298.322452804035
809,0.0102241672564789,0.0234542307658398,0.000461635330400023,0.0223789413245738,0.0109785302946309,0.00226778748186155,0.0264677395192311,0.0231827752152975,0.00185145983079905,0.0168327766099238,-299.088692558626
810,0.0097931293736896,0.0220227114952976,0.000498864070767414,0.0357431978345314,0.0147951700239662,0.00311647698407914,0.0334093143184952,0.0249842886779289,0.00449719124863265,0.0114382973682583,-297.597123372214
811,0.0085786505407532,0.00993363468127159,0.00180649542066458,0.00608080485825804,0.0152201294487063,0.00248659706179853,0.0366840579840574,0.0266883928075943,0.00229400056479138,0.00278785266479026,-296.542446046038
812,0.0104339997058256,0.0267355804289895,0.00165629728130646,0.00903228731779629,0.0152801596205725,0.00910542024626991,0.0299921513094794,0.0237096256191512,0.00205329186628599,0.0038315169232068,-296.713485786187
813,0.00705396430360997,0.0221749220736827,0.00136104761769158,0.0311248941895045,0.0166101216897257,0.0121475743821904,0.0364147463536975,0.0342498388602735,0.00462393273763539,0.00508153698939374,-297.747916990828
814,0.00194974394171455,0.0191755804647019,0.00263939301237564,0.0334376677611193,0.0179452881733426,0.0119883979635479,0.0394913210321092,0.0408331114101014,0.0106583968703182,0.00622437738292272,-301.522875962901
815,0.00871367920204277,0.0108173411226118,0.00492215560850892,0.0156924728638242,0.0393956104670913,0.000781795414995066,0.0231543901465841,0.0334300018682091,0.00732850467311738,0.00372122700475016,-300.580557200634
816,0.00637336757537173,0.0165737562673151,0.00519086619107341,0.0187267407782951,0.0133657507590679,0.00210752290563281,0.0268456837003333,0.0208466296783853,0.00239046384410482,0.00472286413553929,-295.257146230376
817,0.00342867539246557,0.016997123054784,0.00149418114949758,0.020230518659034,0.0155831711814078,0.00123615935714508,0.0428270937673261,0.0268729693013918,0.00352631497779743,0.00352753874584119,-294.229985143086
818,0.00625347508583148,0.024331000033522,0.000467295601543303,0.00526116521276895,0.0190734429719841,0.00541889946631723,0.0265059848848791,0.0451561325368611,0.0044715159328762,0.00494483864691616,-294.460503721519
819,0.00495288264078945,0.0433390984545294,0.000884972361811111,0.00154196440138112,0.0123435841256575,0.0041548257748136,0.0272587468286674,0.0625720604917633,0.00385517526285997,0.00410439787187205,-294.974238281164
820,0.00610438039181083,0.0323711927108279,0.00453731497044306,0.0029789264783188,0.0238363465925063,0.0014584486944647,0.0263119498280136,0.049280208816208,0.00947076491274504,0.00529563928501726,-297.000648836167
821,0.00228975213783647,0.0306272042479225,0.00230246602588214,0.00809439601060365,0.028884725372788,0.00080401000457618,0.0191582956271981,0.0380445505156889,0.00997435466675988,0.00453400093292796,-297.899210931779
822,0.00276255780930945,0.0266702127988102,0.00845345578509257,0.0283450231101679,0.0207058373134894,0.00392366854117123,0.0154672687540163,0.0357647078891243,0.00269710659846372,0.00382498124700417,-299.194333855641
823,0.00234800315169031,0.0180169344584268,0.000381099351710541,0.0232685860574453,0.0204789844102735,0.00313643521352853,0.0451989131184657,0.0336106723988471,0.00543840953947562,0.00531611764173541,-295.459048357472
824,0.00272074713819559,0.0152769795241644,0.00257615138405907,0.0272670029640094,0.0189028142640005,0.00295768418832404,0.0412615169948023,0.0509276594669511,0.00710389568461853,0.00405973492726717,-295.617760888284
825,0.00804898778828104,0.01516377374494,0.00560622198902287,0.0277682235925305,0.0319863318077444,0.00169025429045494,0.0199331183944492,0.0439022588911096,0.00201762533194052,0.00404575947216009,-298.627846010919
826,0.00703163618734783,0.0200245778774202,0.00377087089694843,0.0283819842638757,0.0124516124122082,0.0107600749939209,0.0521336951452751,0.0581931470955679,0.00287156224227387,0.00827487080356992,-301.882822943153
827,0.00287923606155427,0.0211375923295435,0.00353255274998394,0.000241804189315474,0.0203629947649429,0.00588402731902026,0.0488554009898192,0.0492772391571608,0.0043718606125202,0.00920414525156308,-298.891414501091
828,0.0113635338508928,0.0347122581201755,0.00508562989111202,0.00313046880572325,0.0174605023980855,0.00632894855875833,0.0471595894458753,0.0460886444090569,0.00638016259164478,0.00515819148630896,-299.545664786009
829,0.0064001549013493,0.035628437279682,0.00864248689398718,0.0108241285294483,0.0134137559642378,0.0105296402314738,0.0481138644460327,0.0566032802890304,0.00186339798120924,0.0102727127003001,-303.023219744764
830,0.00563832615255658,0.0317010903327717,0.0086562283724529,0.00666120354587562,0.0171601476124473,0.00903905600127307,0.0263023651351903,0.0511362135120829,0.00177832481881386,0.00976195005147031,-299.834336231018
831,0.00357836887460743,0.0265431921439788,0.00194553392476377,0.00621888857636481,0.0227639085376791,0.00924648707594012,0.0401524631804404,0.0322252781884166,0.00712851256077469,0.00168306724955275,-297.756582116299
832,0.00400869630042289,0.0281777974725717,0.000461160814166314,0.0151873017013607,0.0151547724209853,0.00687588307618247,0.0332402535387252,0.0135783498109739,0.00213082975640559,0.00361412057076032,-295.747009022579
833,0.00317581729272421,0.0151427161869996,0.000454613263923986,0.0293470211628418,0.01724494673736,0.000382792713192932,0.0321173826317358,0.0546552492549098,0.00344351737374392,0.0024912202012845,-296.121961850177
834,0.00880846593808558,0.00897983321568035,0.00561344778192745,0.0180248430893235,0.020114654594924,0.00286834046070654,0.0323346419003755,0.0585627690492855,0.00499962064982294,0.004730370905722,-297.5884296124
835,0.010487221124009,0.0167683274101991,0.00159137199719784,0.0248414539974565,0.0232289623173253,0.00081001931181469,0.0215198689127283,0.0158682858721421,0.00633792120596865,0.00256048817765663,-298.429431219659
836,0.0105007987206856,0.0164170273352209,0.00210194604738632,0.0133093433299326,0.0212510797276021,0.00118778734809108,0.0476889517681833,0.076566150388727,0.00264324695416943,0.00149782813657862,-299.196940735151
837,0.00281129146558608,0.0371653877927751,0.00301210348976216,0.00693916557208814,0.0176765455967413,0.0041090897653858,0.0319494756854751,0.0792179664092017,0.00244886783111182,0.0018448077918083,-296.551135847314
838,0.00250655103277704,0.0291400687964241,0.00159688080350761,0.00787233710850413,0.0207855247059808,0.0038200115517983,0.0408611174582811,0.0717599171520486,0.00655154606832181,0.00174092519726147,-295.789032328674
839,0.00312674682362598,0.032035296407741,0.00374330288323674,0.00789919364002148,0.0235823113195818,0.00333251524609724,0.0295273064906081,0.0556502862393386,0.00277007600542116,0.00145777010973914,-294.564582941559
840,0.00253540140954282,0.0276009972518298,0.00241014236252001,0.0141756926652069,0.0267369993850174,0.0012440928064988,0.024500244602348,0.0584472309470293,0.00639370543186756,0.00386508500926429,-294.900911821018
841,0.00135435620315919,0.019529430386852,0.00901882450193494,0.00608013462724498,0.0336923993402201,0.00228795082083242,0.0329153200699449,0.0435224663771508,0.00613940714478896,0.00629278842859466,-298.587261348671
842,0.011965896069609,0.0209445790784744,0.00671387079155417,0.0224843559680207,0.019894634470848,0.00180188878459538,0.0382708392546421,0.0437403900711428,0.00397350386991487,0.00219682102690321,-296.421682170187
843,0.00220525607580099,0.0168793066090045,0.00528175837220128,0.02538768786031,0.0214122513163336,0.00400954144437353,0.0402928068448154,0.0258536765552833,0.0103979106016479,0.00168449043430738,-297.221737057058
844,0.00407894315860567,0.00769506275351001,0.00963626849230034,0.0117435595548191,0.0203463011753768,0.00105330529100924,0.0247815651382244,0.0376773532788341,0.00340482238192072,0.00766016601141735,-298.7494343252
845,0.00475596866016952,0.0234755517993512,0.0117170203736936,0.0141790209129466,0.0125372770273829,0.00142146743007228,0.0419419822838762,0.0357014292029853,0.00241784933913538,0.0102240120700202,-298.805980207038
846,0.00838331303039542,0.0173966888587151,0.012952587684736,0.015053774701834,0.0154693347301187,0.00093595680537942,0.0332972543163957,0.0501352178902663,0.00167181500503454,0.0123808865401288,-300.299698050695
847,0.00263561612001588,0.0123872016948016,0.0145566069094138,0.0189680308928393,0.0136265898393416,0.00352051846197646,0.0439181912766259,0.0401696729262455,0.00987384514081522,0.00613823318472568,-300.546718235937
848,0.00166962775399474,0.0273839164727544,0.00611927245836509,0.0126538616745297,0.0209477543266599,0.00733575591090687,0.0174790584195449,0.0540267443183464,0.00959472369631892,0.00506402839295535,-298.464170152818
849,0.00359580196081996,0.0238325316652829,0.00138556833901184,0.0247300265400941,0.0132849282473729,0.00525642088645887,0.0402246750199176,0.0439142430092839,0.00460482870238574,0.00726417040072526,-296.213975846438
850,0.0104948558208884,0.0114652532429487,0.00121505813619438,0.0212711543451084,0.0247679718361469,0.000851430592698722,0.0392398798972522,0.0465835185139395,0.00355681396314873,0.00121088341084109,-296.07747475691
851,0.0114325393985299,0.0142032412660823,0.00549158902584678,0.0104077307534097,0.0125101644499671,0.00356305107170233,0.0374283480709505,0.0367091745459933,0.00601083436326208,0.00401634535395808,-296.660254284288
852,0.00782882161477373,0.0110445805341848,0.000975008554602738,0.0409939836508022,0.0234699332121988,0.00609436609141656,0.0370789486354322,0.0301925333355787,0.008656800086392,0.000404401209654532,-299.04131743868
853,0.00521602854269979,0.0091648252979709,0.00167617027178158,0.0235436459120631,0.0141168154859862,0.00086032618244079,0.0296640460834412,0.0315658804030436,0.00225481226532495,0.0118109360085496,-298.013508881143
854,0.0156405763319684,0.0115152671756442,0.00137754221173841,0.0159341758748863,0.0108729852843893,0.00587449299779298,0.0309994735967473,0.0257045334622842,0.006458767622653,0.00447015047293758,-298.071271069369
855,0.0029372629842133,0.028564519499684,0.00678261764117778,0.0161042617641873,0.0103891304499236,0.00765284920762286,0.0339849722603808,0.0172693401252031,0.0023829744487879,0.00172472006560762,-298.819262331038
856,0.0070507664527083,0.0241114681923364,0.0032405568414733,0.0181115890177043,0.0192589938513946,0.00788643934664437,0.028719623597967,0.0297528111265559,0.00296967955289138,0.000917559541073546,-296.183197003306
857,0.00119317367453681,0.0157900529241059,0.00221577700243877,0.0283755532601005,0.0239106329902056,0.00600770086502495,0.0400787048544431,0.0348045593086807,0.00732333647601849,0.00183739069169951,-297.044236965004
858,0.00521639208726643,0.0191217405924948,0.00666722187248838,0.0120068487482002,0.0231667468654232,0.00385223432899915,0.0300538617130955,0.0268338152356969,0.00410801479335349,0.00434911068600673,-295.59875664164
859,0.00671535127121494,0.0174127856804383,0.00472825177788982,0.0353487375708881,0.0235966737473368,0.00511645940632503,0.0310546296186505,0.0504812533483568,0.00345933959949733,0.00695205072254216,-298.095871391152
860,0.00380320099797997,0.0212266809587742,0.0040368552356009,0.0347798437838198,0.0330918941552685,0.00459439698050418,0.0339702814864559,0.0473723425164851,0.0063249934112418,0.00494320070657067,-299.379947911153
861,0.0118535327305681,0.00946422171537868,0.0057601118090079,0.0275381549667437,0.026899155679774,0.00160410656928221,0.0516116360023186,0.0314195416475061,0.0102190727942121,0.000445275586632661,-302.34092235454
862,0.016296976471162,0.0124004082335704,0.00298240991125538,0.0181741455676318,0.021253906681558,0.00371118759638132,0.0326165174602051,0.0332685497722433,0.0116073438870911,0.00119788179887989,-299.488817972852
863,0.00293634742234632,0.0165214368715616,0.00713682010727019,0.019301344732303,0.0180370618235586,0.00459093200602612,0.0276316866305165,0.0395412450549207,0.00411023205214746,0.00279696456974172,-294.661796866461
864,0.00550523090840807,0.0199117359490961,0.00111742133855943,0.0138750943308922,0.0204078214926023,0.00538969600365205,0.0234893155548258,0.0367196883058658,0.00389992288640504,0.00398149335837895,-294.69956294831
865,0.00576937849925324,0.0175387674212647,0.000460260426901473,0.0169393532232986,0.0164897635033265,0.00645189655343423,0.0426227094243326,0.0308743937572863,0.0048400481213579,0.00495018166212084,-294.753024816252
866,0.00385166633536033,0.0241937554897263,0.00721793560337826,0.0185278631363499,0.0194069694845555,0.00143907055642298,0.0363578325113016,0.0398346958225877,0.000888582268539038,0.0081498610996922,-297.558646673315
867,0.00287844714124013,0.0227509960196459,0.00582827311530768,0.0287096111575854,0.0184121834728393,0.0019231842209963,0.033351708799158,0.0469098524936145,0.0101891534309748,0.0053167280064129,-297.120981004123
868,0.00110306544608238,0.0266780869427797,0.00570014625402288,0.0302529054817927,0.0234000735463424,0.00191138911643506,0.0373631551333287,0.0236706108184005,0.00456290932322124,0.00767656237751792,-298.813353588847
869,0.000687980767521519,0.0161814626809642,0.012271210537032,0.00412399351413101,0.0174215551413659,0.0138773199917547,0.0303542489738876,0.0705199172299398,0.00331734983712605,0.00398967263781054,-303.212086664115
870,0.0107433111096795,0.0254610494079838,0.0054221350829826,0.0172301001018619,0.0209124321846165,0.0140151443448604,0.0219549687414092,0.066437320108312,0.0081155606748338,0.00370563686063225,-302.896362999983
871,0.00511136331314724,0.0183580874911093,0.0168634360752417,0.00597094918408532,0.0243059981451573,0.0160443780018383,0.0450453008989376,0.0709994155767183,0.00780030208876392,0.00240451169960305,-305.536739264954
872,0.00456668996007999,0.0234094289860551,0.0106264543776554,0.00544525387577512,0.0179577560912628,0.0118737133784613,0.0286214572245203,0.023068032100681,0.0015087857613635,0.00970825250043089,-300.298643434172
873,0.00708806961067965,0.0230944133208073,0.00290059028687241,0.0165033260060202,0.0246287124973482,0.00705791337437203,0.0221695421852226,0.0444927194648772,0.00458747733700276,0.00291172804364794,-295.706439037698
874,0.0137350794068337,0.0288660814343332,0.00231947984415044,0.000950908548811406,0.0204988742823697,0.00812114270638192,0.0262514321216975,0.0274700891318986,0.00531317732114386,0.00295774446701902,-299.173406540597
875,0.00293188783922485,0.032640393384248,0.00201280014070297,0.0178123027514425,0.0109014958396268,0.00985783330747753,0.0388896154608608,0.0481896971338015,0.00196166449481138,0.00542205560362979,-299.242169535936
876,0.00474033970180937,0.0184437878070375,0.00261773074235093,0.0315305213215108,0.0147275847438872,0.00452813309085942,0.0313799663175399,0.0337091586794877,0.00558850815817432,0.00290513467877475,-294.856024202063
877,0.00585075193204899,0.013501470247139,0.00952889688360443,0.026386140396156,0.0309930621132231,0.00565402586850325,0.0214070274591299,0.044138161535063,0.00929598154012511,0.00357858963699362,-300.172306098063
878,0.00124160434456148,0.0287992993898822,0.00448002713030996,0.014508672993029,0.0207178699993281,0.0086940724421293,0.0150130823123514,0.0356824695228216,0.00850431703217356,0.00361151514359036,-298.988149785948
879,0.0029365372031459,0.0248557631384995,0.00270069425688796,0.0168617708956643,0.0247382274957319,0.00476774602983768,0.0148975773240524,0.0390954232474996,0.00716634034851522,0.00123280978023787,-296.077251572412
880,0.0033269944005925,0.0249703362705465,0.00195096341168888,0.0148446764767503,0.0199492272330166,0.00280745905952643,0.0182615202844769,0.0619405012233986,0.00271059852393479,0.00144420898789708,-295.654585613852
881,0.00259044165473729,0.0261303358030444,0.00856761268737707,0.00381503533087535,0.0228557066510866,0.00535785366735971,0.0257655902521507,0.0692456216906492,0.00234741987026251,0.00425184180193625,-297.53122868254
882,0.00253642049275802,0.0116981380504174,0.010583150322114,0.0276540913171201,0.0248161768995933,0.00180786693181594,0.029770972144971,0.0136117956877894,0.00284508623556929,0.0100322066513023,-301.520370831932
883,0.0109078302594761,0.0295724783396212,0.00926202524603429,0.0283574871168645,0.0265603520202392,0.000957184578556897,0.0278613924451443,0.0391922858480148,0.00466265466399291,0.00418766813535689,-299.786955660326
884,0.00193566794241726,0.0243519419049773,0.00177225844436637,0.0229098977642938,0.013120270157322,0.00852990353459286,0.0374511842758496,0.0226702439939301,0.00403788691522607,0.0029676141834208,-296.53323657215
885,0.000938395056500473,0.0217424023721511,0.00303558802846882,0.0364884767748167,0.0217846454909838,0.00687921705777286,0.0320520382926352,0.0337985803798579,0.00343543127165305,0.00600923546060522,-298.262866390939
886,0.00824498866963915,0.0302519517012693,0.00977373052006274,0.017605291756533,0.0200656655107632,0.00591472664649365,0.0254993126887318,0.044224595742632,0.00355550885101714,0.00130871341223745,-297.869204423767
887,0.00584880948841628,0.0122440278236895,0.0144759650762712,0.011307785022985,0.02808388219515,0.00694285184333145,0.0299149587053133,0.0492273174144152,0.00339350559180454,0.0087082276122185,-300.642426827793
888,0.00339710108014764,0.0158641446709414,0.0103359526590493,0.000944363451123711,0.0310848760153661,0.00362092843347605,0.034242206583949,0.0264419467764195,0.00177472809789866,0.0102248552253957,-299.586134827378
889,0.00704541223704909,0.0174533477075403,0.00728085528661944,0.0283808572592822,0.02542035859269,0.000518510960473028,0.0350027258031302,0.0472558310642703,0.00304307538005006,0.0036696942591226,-296.630940282624
890,0.0103406551487019,0.0102650694477084,0.00208316444121786,0.0306990002837904,0.0247121045156918,0.00128547746917577,0.0379237660084217,0.0460522601024455,0.00519010673730282,0.0034942208503473,-296.27026114389
891,0.00517548430932622,0.025769854072987,0.00828250891555162,0.0193395569142386,0.0191081568948252,0.00217648842182503,0.0489564231830105,0.038089954751051,0.00628957881714407,0.0111826409231272,-299.884430922732
892,0.00562229465662958,0.0132083034512437,0.00626591345392974,0.0250238025660044,0.015299998255339,0.000238622534487667,0.0401842917367892,0.0417018119283573,0.0039752753961639,0.000765192493885289,-296.730984106797
893,0.00525734745437802,0.0117407689719793,0.00123407651113919,0.0236248999537344,0.023901483093818,4.5524000311021e-05,0.0364838749982325,0.0368292145925555,0.00283591584854259,0.00437006521446615,-297.033447468554
894,0.00445631991889546,0.0298435567362176,0.00202994030918158,0.0187219592171604,0.0151263864009698,0.015529736443488,0.0293103412875474,0.0224332555054801,0.00277703276641886,0.00306962497013087,-298.408336582695
895,0.00425973723202679,0.0169828715819063,0.00194031584035581,0.0108790031493206,0.0106970967804252,0.0101102730966224,0.0315295156965483,0.0392776729814507,0.00737777169128255,0.00181449562060094,-298.135882004942
896,0.00501194024342232,0.0294761428401118,0.00508391006121973,0.000905697494578059,0.0154855652310233,0.00419429305335706,0.0277238161002856,0.0519686210777889,0.00241926616877473,0.00407791746497748,-294.645492661202
897,0.00850655268734737,0.0270153708988413,0.00289670685577116,0.000137788310569773,0.0199967185815518,0.00294145043118771,0.0360484160721118,0.0319847498968527,0.00501476174781273,0.00371770701825631,-295.464494464695
898,0.00187156573331071,0.0347374508727735,0.00182327679858358,3.79225808024586e-05,0.0226166533815702,0.00341934794459048,0.0260446019171972,0.0569182711403632,0.00468170668810229,0.000967639362650424,-293.640735678227
899,0.00682816079808189,0.0506688040768258,0.00631739380162006,0.00591190106314347,0.0250896241112265,0.000332073824458329,0.0287501146921261,0.0421405827924606,0.00519459262049652,0.00192907354968085,-300.019144766734
900,0.00600105834948573,0.0557018382043881,0.00599101787602908,5.42267995738134e-05,0.0356643079845008,0.00244546394290574,0.0265378309048689,0.0908452360180037,0.00796888617556193,0.00956944861206263,-305.830596567806
901,0.00294547887184116,0.0388399678531407,0.00314949069195224,0.00122622768386965,0.0248314945189395,0.00302868190950957,0.0247273298965761,0.0725880571034311,0.00605387506328264,0.00637516908876111,-295.846699597703
902,0.000107405507869172,0.0398104891468112,0.00961078534033525,0.00128660593997369,0.0136976676258022,0.00219623733842277,0.0470944183759927,0.0630871362968992,0.00982263288318988,0.00355638233424922,-298.97390003591
903,0.00677689267096847,0.0435527875904947,0.0045217023073552,0.0051475282891984,0.0303558214619626,0.00432843716534299,0.0497057848881218,0.0691909066333068,0.00826091809433566,0.000812810128510698,-301.37841200184
904,0.0049411648894719,0.0406718066228086,0.000580710326555857,0.0123966038997154,0.0381261642678409,0.0051028846737942,0.0159761168528766,0.0544077925160398,0.00476989677497588,0.00132875413746467,-301.040981667694
905,0.00308950205687883,0.0313475672917924,0.0078829432827557,0.0169590143319407,0.037117879931407,0.00556878167688757,0.022606151393792,0.0591294459805559,0.00776813405660206,0.00390568496778183,-300.434409172082
906,0.00535577709308854,0.0238436234789941,0.00106027296894218,0.00543534903791984,0.0102385761158728,0.00269452269439227,0.0401748541323384,0.0496217578655981,0.00780272535201947,0.00317206818046999,-296.56668960594
907,0.00484491215763616,0.0342922647004337,0.00210933519573202,1.8005463895274e-05,0.012474695214255,0.00329190330345023,0.0375373832330905,0.0582179181205085,0.00412446316538451,0.000277768260377823,-295.401865647936
908,0.00725567791166045,0.0348823733526348,0.0030911675371013,0.000254328911340675,0.0202215877129318,0.000456680491731983,0.0253978699146172,0.0534273308404125,0.00420413696940141,0.0076381305034675,-295.878916795966
909,0.00433944178583582,0.0338604792577244,0.00135789729118364,1.81026784175125e-05,0.0208208413051061,0.00430292689779008,0.0331271419509659,0.0592595516085537,0.00410782676054492,0.0109163408587248,-295.300683573318
910,0.00389744678952151,0.0318438670925759,0.000594496183614091,0.00347611002209979,0.0156994600283342,0.00814943407866604,0.0313442152406796,0.0341365599099135,0.00381713038010202,0.0086103847338235,-295.388090997736
911,0.00512152941945663,0.0324080014495067,0.00219859557561701,0.00629013793990282,0.0209296801598842,0.0102104702003353,0.0298623179488008,0.0418435883557347,0.00598598769325805,0.000618282144730798,-297.22746176592
912,0.00531662705941909,0.0340770699221986,0.00432735469016967,0.0228372265888676,0.023306150451413,0.00912702815806126,0.0309931164942122,0.0359499395735726,0.00496062627407166,0.00821172772053013,-300.295045203237
913,0.00856756383675897,0.00883249016865658,0.000792921758785035,0.0240203925214955,0.0110183895093932,0.00730808412095237,0.0345319851771739,0.0269808483626129,0.00175885679035206,0.00772421453513002,-298.811145899608
914,0.00753963504845098,0.0200586942880135,0.00146374880891032,0.00401159260820607,0.0197081184392223,0.00303881873254756,0.0359362945365216,0.041097624221992,0.00736677218781054,0.00196492717498945,-295.900216869467
915,0.00231873198748975,0.0362558570811784,0.00461085447382056,0.001199348555198,0.0216953267271781,0.0086696551734591,0.0274333619549909,0.0322053466613351,0.00217945149893111,0.00264309707295241,-297.724698931848
916,0.0101468868872841,0.0154321724585095,0.016234615609297,0.0203478678456901,0.0218942302211594,0.00605678912123664,0.015047003840444,0.0373935528185939,0.0102210916672564,0.000885331987391096,-302.526342612934
917,0.0107359741401696,0.0116473548564027,0.00892309628637509,0.0199208132599194,0.0199556903552544,0.000507148949677212,0.0240975587870573,0.0422574869895651,0.00494663138143125,0.00517368870744939,-297.745876234967
918,0.0142984864660107,0.016051513468834,0.00320582161843615,0.0326067185526241,0.0296584193335787,0.00138714044501982,0.0472603995811927,0.0455105420772399,0.00519419751863762,0.00821776809213314,-301.59013767204
919,0.00862131528897405,0.0137595117581413,0.00215963830488327,0.0221832034036795,0.0227881055483447,0.00407827206891695,0.0221385566689482,0.0406280114522192,0.00508623968783275,0.00655127145212324,-296.405063546363
920,0.00537796718573035,0.033002151223364,0.00247550002458946,0.0291724274817295,0.0181065044617459,0.0038665744708897,0.0297579276838019,0.0236858661311731,0.00385701773126127,0.00572232171061723,-297.508460582695
921,0.00346711865381629,0.0149585112263062,2.77551804945153e-05,0.0206787932838168,0.0121145032029878,0.00108637712426704,0.0346574440241767,0.0219935831961637,0.00260634883500237,0.00808895198663036,-294.8194851345
922,0.00861721795259804,0.0152325231090837,0.00229792512488418,0.0279383763843176,0.0193829762114735,0.00656879176640792,0.0361855343952337,0.0168742278924652,0.00467354461978713,0.0125933710007325,-298.440269839069
923,0.00509192020566147,0.0163045147084888,0.00313871957072574,0.0285817271767959,0.0139542810649322,0.00449144548608335,0.0351766538971594,0.0337652714287264,0.00513473933757521,0.010083790686024,-296.328314731366
924,0.00348375572067404,0.0105774478744832,0.00426824757858267,0.0354192368766746,0.0128387854745173,0.00341419386389359,0.0227247782595769,0.0387157108050379,0.00786217346601579,0.0118477083327647,-301.758019665904
925,0.00178733793690112,0.016234167508053,0.00486801275183602,0.0246355665228352,0.0205609554715087,0.0133231526301302,0.0244963966748758,0.0154733094603918,0.000857087089359509,0.00141740369112273,-302.680800657224
926,0.00942388873657425,0.0215529879211717,0.00673755244545155,0.00643695067086894,0.0110112486264586,0.00135287165378992,0.0330205845697332,0.0234511733371293,0.0117748669341879,0.00347219380601388,-300.004050722102
927,0.00896790006557339,0.0182612907064752,0.00121615109213313,0.0217935163039585,0.0357152466600946,0.00317500715217429,0.0180534105197376,0.0566187634610682,0.0115974293168996,0.000542382850965379,-300.474752913611
928,0.00966740725344571,0.0189298853015824,0.00133687112578914,0.0111315184240675,0.0106135316592192,0.00698143905840709,0.0483713679960136,0.059089141857298,0.0120187278671834,0.00495313131931,-302.421229066557
929,0.0106357069390522,0.011885133804324,0.00339956127140806,0.0147942612178257,0.0210109588451261,0.00548369803782625,0.0258611590935148,0.0263879668178793,0.00830701824676328,0.00208337801436035,-297.815381287637
930,0.00404136348094824,0.0314008023077856,0.00242178477902039,0.0117145757339121,0.0130268001194097,0.00163066797074422,0.0323057984282168,0.056158838480543,0.00213683335090367,0.00183080995653468,-295.718875200766
931,0.0112833434889105,0.0155603911193564,0.000133161010706986,0.00575834313670846,0.0139405306784881,0.00254203361463652,0.0285304278224215,0.0537927627812351,0.00709695641559042,0.00862749549120796,-298.117418318012
932,0.00797982739595129,0.0412989131458059,0.00122368579770256,0.00567659915878888,0.0210882588228827,0.012676276101065,0.025747600359666,0.0395486685920832,0.00255174784470296,0.0091694917511648,-300.554149774564
933,0.000591744562494202,0.0394100652764022,0.00634351616228479,0.00681031706904385,0.0138016077492499,0.000990415914726601,0.0367799770761295,0.0499492900999252,0.00468436172802161,0.00602646851693764,-297.198084432807
934,0.0040874152511536,0.0205675031854737,0.00237109105500513,0.0109462474493155,0.0189430854890849,0.00367532122078207,0.02836261377896,0.0537611976302894,0.00377886119608835,0.00567526331008636,-294.677231523595
935,0.00179097925493382,0.0209102021544387,0.000771982562901285,0.0108494159228312,0.0100008037035281,0.00269231104205946,0.0410225679483383,0.051682803324287,0.00323105191296928,0.00626638257424458,-297.121322681159
936,0.00750185713429099,0.0189428237175559,0.000543407989954066,0.0217419581724823,0.0234491321085528,0.00340983210824775,0.0335383964268238,0.0440951490302184,0.00169174098061872,0.00231501222473484,-295.034602868418
937,0.00737096859285035,0.0257946205248561,0.00371338302444895,0.0162073236946544,0.0248670019994125,0.00217410927257993,0.0264275917909038,0.0345365170628719,0.00195846847787816,0.00180210571014836,-295.585006132107
938,0.00459367252076397,0.0175013265683385,0.00364549312416574,0.021192036390227,0.0237814858232594,0.00125773838829133,0.0350966671031721,0.0478458715655614,0.0110106089191909,0.00134397941003328,-295.611484032932
939,0.0077095294618993,0.0140035840210845,0.0033928465000998,0.0163721782028638,0.0184069235714184,0.000390310341724718,0.0261295614099325,0.0380707886242847,0.0113560953547428,0.00402710293234057,-297.557858034805
940,0.00679584989612255,0.0130856213274663,0.00335461026540012,0.0201479450841881,0.0238014085159783,0.000204688669750328,0.0389183146695726,0.0459621564877544,0.00573067525293934,0.0055885242327863,-296.758339946235
941,0.00281727916917768,0.0132995803132089,0.0012212598480756,0.0402888818685204,0.0210278048133098,0.000902082608995778,0.0407232048372871,0.025725445649325,0.00643102256096881,0.0013634963527227,-296.367763212899
942,0.00763485522966748,0.0184292544494222,0.00190243269477112,0.0299356176872095,0.0170530857566085,0.00311134477810717,0.0370191125818575,0.042824070996647,0.00790205617864305,0.0148646780018957,-299.494521491364
943,0.01173956543114,0.0067301389481437,0.00776162202385271,0.0170978266121271,0.0201584735766694,0.00237900926883717,0.0361228484064315,0.0359949216796695,0.00395046038564714,0.0160445868229394,-301.644896037435
944,0.00895699221081555,0.0118195377247353,0.00143749289719297,0.0221957294006419,0.0139851127375435,0.00467849278110446,0.0279272207703416,0.0114749466097753,0.00395664302237888,0.00714524193088509,-296.962244781852
945,0.0116873992432356,0.0153884300968788,0.00527896396135914,0.0171367405062223,0.0163664651862205,0.00400113135674286,0.0332255787962677,0.0581960305724466,0.00334269201161837,0.00784357672140103,-298.048615713102
946,0.00547126416091794,0.0266736967310469,0.00452474515041186,0.0204682347886842,0.0201562731828681,0.00428314551023443,0.0263279270562016,0.0674440066834897,0.00342201209578535,0.00932005483793661,-298.707671420494
947,0.0014345850252807,0.022696679655372,0.00215522105080533,0.0160165934865618,0.0182768378947461,0.00833090444184646,0.0493120327927188,0.0306335333805429,0.0038312162024395,0.013022959328609,-300.435809392283
948,0.00433352802849183,0.0170023212925088,0.00311782872207353,0.0175501189748923,0.0141572558850704,0.00652004131614696,0.0227821073537568,0.0342420446745091,0.00105424196596704,0.0108517209875303,-298.966598876957
949,0.00646045952718567,0.0207328055611981,0.00217612764690413,0.0228094422520666,0.0147554291062606,0.00755526155307319,0.041150691506365,0.0187169631675293,0.00502900436467643,0.0108916533718779,-297.641432491136
950,0.00187306857332095,0.0198866111587452,0.00614762799431379,0.0175414730432721,0.0225815893336702,0.00402491644113091,0.0226803399244094,0.0188745729591974,0.00435236802000386,0.00330929745804767,-297.219645805362
951,0.000437874429217136,0.0207049578678569,0.00470472321669768,0.0258776959731195,0.0174238630900193,0.00546202710265941,0.036146618960917,0.0637905716220891,0.00459040463008995,0.0090884569912119,-299.671912633791
952,0.0123558801821166,0.0164606294901097,0.00541179914609972,0.00408755514551351,0.0191809139194057,0.000833119081340019,0.0315263569760596,0.0117751851309058,0.00175626569118805,0.00414023280385075,-298.971502014113
953,0.00931268172206258,0.0270371656771143,0.0027346782968909,0.0279591826683413,0.0168683742133889,0.00419723833890079,0.0341861819893254,0.0369367630990127,0.00201275176550893,0.00364182974120845,-296.767439194791
954,0.00755337740254884,0.0185512789029736,0.00544497037826318,0.00935216342897582,0.020638876408621,0.00290296095752425,0.051510556629613,0.0367831298955469,0.00561516477171149,0.00193602369260172,-297.60447980654
955,0.00330949942234153,0.0311915776095266,0.0036631704046162,0.00339558059256183,0.0160970796607759,0.00867055778353464,0.0262888756411254,0.0684589903177943,0.00352859090160515,0.00536339680060241,-296.345316040738
956,0.00225978328988552,0.0323885059212223,0.00219185541476877,0.0192934780121906,0.0171308769368062,0.00546188419708031,0.0249073032999428,0.0064469657791149,0.00467290055215144,0.00203740985351158,-299.679283214272
957,0.00871779762136883,0.0103795305708399,0.000691304413296876,0.0282652105987355,0.0140916628581962,0.0034994985403471,0.0281611984254848,0.0278576332928089,0.00215886145969222,0.00449054709018392,-295.786549987318
958,0.00468984694451884,0.0279033727163074,0.00105679108301178,0.021364781278076,0.0224772105281817,0.00509965816201931,0.022964490037554,0.0441468199452987,0.00869944469215464,0.0052836977735788,-296.907492843661
959,0.00313594778217515,0.0303904341011867,3.90448692043802e-05,0.0208932931165508,0.0250011302418706,0.00423423830068772,0.0323271596166967,0.0638214332040519,0.00685567253750951,0.00567519208584177,-297.884123613547
960,0.00419895399881901,0.0151419532447685,0.00990289340296622,0.0116916335180399,0.02440571952382,0.000749632090408095,0.029070977068569,0.0465337357887626,0.00618629868674091,0.00269336890836296,-295.295142106411
961,0.00339088679241123,0.0209557212690789,0.00516549954724545,0.0165210372310972,0.0246229963415896,0.00588621390380554,0.0244484604717999,0.0500558925394763,0.00292371426143693,0.00107734785007751,-295.574059911118
962,0.00399729975394478,0.0177498249672428,0.0111621580702768,0.015448460733969,0.0199555724661871,0.00521433499526661,0.0299445171711793,0.0383271636009274,0.0071514963170516,0.00140756232419232,-295.906048975189
963,0.00224606909801051,0.027975047917021,0.00170885843946615,0.0127103399820207,0.0216135752060024,0.00570271796507797,0.02589491473488,0.0561372458308996,0.00676862874934216,0.0045730242134504,-295.519268230806
964,0.00501112823549449,0.0260634709499762,0.00536724386929847,0.0178835373618762,0.0219504043696965,0.00825639731073346,0.0346312498313892,0.0405167804802486,0.00342337554307686,0.00149737740490018,-296.26528049852
965,0.00528083072662109,0.0206641891602435,0.00440662569736127,0.0216071920990437,0.0243821753117234,0.000865505139137035,0.0299886277687999,0.0282989739169293,0.00556229582030169,0.000758009679074379,-294.925775019152
966,0.00438428541161587,0.0158784376374546,0.00520051194927997,0.038078195470202,0.0137719805478164,0.00642108995079694,0.035128960401499,0.0149301191489455,0.00614453172113175,0.00556087820979268,-298.631047489463
967,0.00898361315050047,0.0171772976612506,0.000506031010988346,0.0325005406337594,0.0176923083412461,0.00354686882171505,0.0344516173561865,0.0356223958213905,0.00855098331565769,0.00285464793464238,-295.777803553366
968,0.00195765293253714,0.0305869635543151,0.00161195600112874,0.0222134730684,0.0212183955120833,0.00263851110585055,0.033476733992229,0.0556750175783591,0.0148581191891436,0.00231763563439493,-298.946757660136
969,0.00428170024792325,0.0230060399649998,0.0075051642154088,0.00555707938167009,0.0141480608519668,0.00721555210273614,0.0284337133629886,0.0417667950353578,0.0047961431044462,0.00306508864029398,-296.471483500013
970,0.00759560012551015,0.0186581788137596,0.000564537877192199,0.0179563292669014,0.0222470091315543,0.00526015066237082,0.0259885738603128,0.0716005538913267,0.00828465693599715,0.00142947969994844,-297.954366720949
971,0.00540160712748516,0.0213218724811403,0.00260960621779713,0.0157710817601172,0.0284803310503139,0.00798826333809811,0.0265616801495049,0.044775842322796,0.00670544385722666,0.00286404611627156,-296.382695473045
972,0.00778748195278223,0.0163787452908281,0.000636188620165489,0.0181061220410996,0.00742737297992097,0.00614054231154333,0.0295823143030664,0.0111612925814887,0.0052815826294519,0.006383858806143,-299.304047657075
973,0.00807779182649654,0.0204920235791181,0.000570732155198583,0.0117154805675937,0.0144778447012994,0.00299197625164613,0.0331007895967607,0.0641126994994515,0.00577182193718404,0.00689487302541941,-296.509482508113
974,0.00390287378830125,0.0182321502838833,0.000397545055261051,0.0138547169982042,0.0214618070121106,0.00235549778768843,0.0358781853642402,0.0276259140463166,0.00516964209870759,0.00719256260947936,-294.362207306344
975,0.00645737455401839,0.0327591154015359,0.00115755451196857,0.012423260814033,0.0166241681224159,0.00151642335574305,0.0365049201467606,0.0207191129894537,0.00310671174872762,0.00354259125327577,-295.468790274242
976,0.00960553047995674,0.0305349069786224,9.32647463159457e-05,0.00741895150975187,0.0186393664048578,0.00807602992802755,0.0352280029155217,0.0382795292025681,0.00427757883405182,0.00262056422934852,-295.604931862919
977,0.00456677031860421,0.0277609770847567,0.00147492299214517,0.007254079443509,0.0212418488576558,0.0116963062630052,0.0388803575120474,0.030098064420316,0.00514414151438438,0.00655847661458628,-297.505068780083
978,0.00562558083166521,0.0267790608095943,0.000129770504552375,0.00147496332855302,0.0161685115932231,0.00199039351256455,0.0299723694452105,0.0294976796771983,0.00328865227607449,0.00490778469292889,-293.472476833948
979,0.00669736908507661,0.0244780951569133,0.00136555226307889,0.0369374904519189,0.0216698592240632,0.0037072704848181,0.0450510304500543,0.0542334712595429,0.0099028893204094,0.00209629380437561,-299.756319895411
980,0.00090373025378612,0.0122504963075779,0.00710970125512669,0.0302994051714989,0.0226372650550997,0.00313888987234509,0.0427087718675696,0.0409058369229373,0.00386781809324099,0.00496429335532582,-297.50575925041
981,0.00442487747010502,0.00682645978801676,0.00416279695891301,0.0341206070982078,0.0246439265732892,0.00072437999055563,0.0362029012970151,0.0366623608290469,0.00578621338597063,0.000252198816087465,-298.341936655884
982,0.00438894527062606,0.00951455380217319,0.000497892067286461,0.0358585828845741,0.0175443489966781,0.00494965001417767,0.0287539500470532,0.0316049157949132,0.00603840540313942,0.00624834970398433,-296.761258794498
983,0.00527051197173319,0.0168071355737997,0.00396697381852535,0.00668626785179458,0.0145045377498416,0.00482321943056862,0.0274732361203285,0.0149475071580126,0.0085764593972395,0.0092583489688756,-298.512852053995
984,0.00237369348844013,0.0229302124978527,0.00546236932218424,0.0224771151176275,0.0199932247891458,0.00179542126127833,0.0392104979264695,0.0661651958091185,0.00169699347294055,0.0112339922113849,-299.273735279222
985,0.00610705817583383,0.0247182999098724,0.00312219777781588,0.0151776670401829,0.0156890652786739,0.00406402422277245,0.040634801381214,0.0261098479247837,0.00565678202809559,0.00265715089252403,-295.042384861876
986,0.00830948542154515,0.0229588612661787,0.00139654987755718,0.0121572725428693,0.0147549712674936,0.00609696833811278,0.0306700853029482,0.0543997396174709,0.00714550093157039,0.00553233044104447,-296.455056378668
987,0.0152499358380454,0.0198261180547831,0.000460635313711691,0.00755464786810098,0.0222338936436528,0.00808270007418827,0.0382578347006945,0.0548317119613965,0.00687657212634689,0.00251391000512189,-298.366986189687
988,0.00728084393652284,0.0335071335629989,0.000963762684542516,0.000312651244507736,0.0201912246108128,0.00289656908336729,0.0416973857418285,0.0642627575771878,0.00118838635936497,0.00574396379909314,-295.709034182316
989,0.0091498044763196,0.04367300599577,0.00234721509119669,0.00027182663703401,0.0164090407100237,0.0032528016235439,0.0451597597002078,0.0542966472813491,0.0121948911475341,0.0013135646772833,-299.413248899434
990,0.00177523288765994,0.0382294584891881,0.00177453032593047,0.00288423236166147,0.0222170848900799,0.000578996218079775,0.0256693448135942,0.051127011119117,0.00704998106262895,0.00482230759244608,-295.480231453111
991,0.00752037408584647,0.024130849648235,0.00944887773579605,8.41473883818047e-05,0.0246978948354209,0.00142141448393689,0.0500270045269293,0.0678918996771614,0.00989208634095199,0.00471036066402649,-300.547659265875
992,0.00773127851141527,0.0166075493279783,0.0197920465570657,0.000322063608574728,0.0233041565593638,0.00164720468979399,0.0149463082950367,0.0459865996957775,0.00783680086391326,0.00891973351972111,-300.486384321135
993,0.000582560112219357,0.0201814808434174,0.00979629056366066,0.00150725350002048,0.0274505824761632,0.00432628090209398,0.0381514643087194,0.0434110148342359,0.0128075825621183,0.00912743171214292,-299.694360279904
994,0.00940215007319368,0.0175409392045432,0.0138559786326054,0.00263742688518536,0.0137886111308205,0.00359459305843317,0.0427713661254485,0.0448221196869297,0.00595457295695506,0.0053576932149699,-299.406613358618
995,0.00280701064498741,0.0245936419644839,0.000757663233302807,0.0229739915081138,0.0256898571684651,0.0016425031763081,0.0156765616155282,0.0443939058042462,0.00739159094094145,0.00606172724528503,-297.600271962846
996,0.00451470829532168,0.0472722337642667,0.00251755594728871,0.000906349329508269,0.0232475513743623,0.00291250273977099,0.016804339930363,0.0565922042195117,0.00521807916541431,0.00735754603150903,-297.612914092977
997,7.81671688414718e-05,0.0303286680235383,0.00427996866789387,0.00239111338688464,0.022148666844005,0.00455251818398718,0.0392727853869334,0.06096231902699,0.00528581939900242,0.00281452610897554,-295.444581363039
998,0.00770594185008905,0.0303728814458041,0.00399444244522805,0.0026576041648259,0.0234662967496826,0.00405524017067276,0.0360683066150975,0.0615675334400164,0.00447048482635383,0.00327683658718488,-295.378679526939
999,0.00447839681668617,0.0405966638682663,0.000716789278420027,0.00203772604864757,0.0135567252559437,0.00264429147981529,0.0247317188367521,0.0329698187018199,0.00276987177611393,0.00597148659806016,-295.867678400589
1000,0.00873733697658507,0.0301469600368101,0.000567971843871916,0.0177642354427279,0.011195626698776,0.00157985678327007,0.0441513395032328,0.0397574648922446,0.00801008967893917,0.00676962630851543,-298.850576701139
