"i","asc1","desc1","asc2","desc2","pol1","pol2","tran12","tran21","p"
1,1.67912889036128,0.540967998892008,0.0071139808829921,0.288779245242073,0.220967648287124,0.16447547498613,0.221472038831505,0.0863109229138905,-1754.96528379927
2,0.16451775547187,0.132850487017707,0.0654650351236107,0.153591616177409,0.143475197822412,0.162597319005464,0.166069790847185,0.107105590456879,-1557.08830461556
3,0.119348908059778,0.195190043403477,0.0461546607166319,0.139696662073911,0.137775011322554,0.124724843605236,0.165424117692325,0.159977904000015,-1546.29192189345
4,0.165425611166827,0.181253979943841,0.0416940440935905,0.232553796675348,0.0410511438032771,0.0857123067582624,0.113993528573038,0.0791192020981985,-1547.83384537057
5,0.0590638757204592,0.196234809740505,0.0454282760137403,0.210410234004969,0.187345376203563,0.0619718409979984,0.11948129900975,0.122602343849602,-1543.61418879972
6,0.119436439048633,0.213891297853367,0.0529212613713152,0.134545160318509,0.176512494419995,0.0722757018943057,0.169343205068292,0.134710348225448,-1539.35949795464
7,0.114572149210157,0.277318706385551,0.051054162425707,0.136258120217126,0.162930525348912,0.0667458654037963,0.159639993519867,0.137345690144799,-1536.90954344428
8,0.0519987861029578,0.29177505601432,0.0686528899532868,0.140379394946561,0.104332244334235,0.061890030761357,0.14654082725931,0.0992128426680443,-1533.3383703708
9,0.0620215833475734,0.296639570726097,0.0433561657262876,0.135794639348468,0.121589154890225,0.0626332567154653,0.133771953866645,0.112712823668902,-1531.7739271145
10,0.0461246871340121,0.28283453261056,0.0559467511848347,0.130033762353509,0.153561528939864,0.0755170664918179,0.138067899972113,0.131684404683989,-1535.81646081827
11,0.0557934435682518,0.296399957084182,0.071182792565584,0.127497708277298,0.0762620259155909,0.0689227448844803,0.128644642059624,0.113854779465644,-1535.20236027919
12,0.0553673994947895,0.215559754404692,0.0755839690080656,0.14964286348319,0.13648198001353,0.054751113837504,0.149867327590064,0.0924092577335507,-1536.84515734059
13,0.0896857044060398,0.296009760035551,0.0494237627956386,0.12089841645863,0.134032518930356,0.0531310241003794,0.132853969283374,0.0989939963865813,-1533.51542334302
14,0.0850192753152579,0.313056992865588,0.0322561690333481,0.148009325798999,0.135832502270411,0.0534481479232028,0.139529016133706,0.092798812238425,-1534.2490979614
15,0.0705620068777001,0.330211377993948,0.0545077817511997,0.122668364880416,0.129559649052517,0.0518747870156547,0.084384581784792,0.0820182906001055,-1535.60775092364
16,0.064787536737374,0.327424266094543,0.0390461391536949,0.164226117960722,0.142529246235475,0.0784266330463307,0.0838397437636019,0.0893984177970463,-1536.2590017641
17,0.063905609528638,0.323425290010645,0.0344713303116582,0.194827299088974,0.150015030244879,0.0693325868131119,0.110249056156258,0.101274065859052,-1536.31363029822
18,0.0415935208651645,0.32189062729817,0.037051251122716,0.176509333055881,0.0804066754974441,0.0584166599273156,0.122914712977448,0.103385824143881,-1533.58379490534
19,0.150039882655562,0.291950445272361,0.0559810321393137,0.108188283537449,0.113003108359233,0.0674885671892114,0.160379398364597,0.112493010582663,-1535.54651991018
20,0.106991658407553,0.301138587727161,0.0638906007291964,0.145628720435295,0.113462429515269,0.0585680310431959,0.16412454348626,0.112298024471317,-1534.29299341652
21,0.108224948188346,0.248637707345353,0.0521263335033111,0.181100552216897,0.116341254672578,0.0644390832471644,0.182677067517666,0.120239509479742,-1535.94810389081
22,0.139408156962377,0.225449994836111,0.0641856993832553,0.132585150215011,0.154216238645835,0.0615511802928695,0.156716456508026,0.129755110847486,-1536.53265352016
23,0.125238007391154,0.257338415750149,0.0560668496576774,0.119525366255939,0.0770011588106939,0.0597681050018623,0.155461329572988,0.115689133427485,-1536.6673382494
24,0.065381689060226,0.266886967062603,0.0401856806041798,0.162690233590634,0.114940365457606,0.0648019026142546,0.124451987450966,0.119154436042468,-1532.19940984558
25,0.0366482343814808,0.380048033009421,0.0401757313019262,0.144575843722255,0.144789286109564,0.0690611125255423,0.136632732988769,0.101576466010191,-1534.55897992139
26,0.0539461752484442,0.295821280700949,0.022180746750056,0.183973379297166,0.13468272466311,0.0550819876318215,0.140978804937426,0.122237031073139,-1534.63512962096
27,0.0331531900045334,0.38454771124013,0.0693960050661266,0.138406577428783,0.0958869025639982,0.0644786854227709,0.14069328942988,0.132013597303521,-1535.43249648492
28,0.0320780009334583,0.275460403169977,0.0582980022393214,0.173791288625472,0.117700356984237,0.0697406475731204,0.170243198969038,0.112893606878835,-1534.7845945367
29,0.0280016896486274,0.300107241834637,0.0631655826302961,0.158081561788042,0.101165394675677,0.0463048331335594,0.126160200385692,0.120157555882102,-1534.1711677553
30,0.0372941436264044,0.288018573857888,0.0284551927983519,0.157567868911266,0.137765559409262,0.0726453566582565,0.127207498999056,0.0869022956134973,-1535.45142912604
31,0.0643935717723192,0.32268490650952,0.0585458523241651,0.129010300559444,0.117764669448546,0.0555285467815644,0.156541543675494,0.11459141278761,-1532.59837196147
32,0.0282360141587553,0.322404143048248,0.031854450318549,0.11356653252686,0.112755965123547,0.0476118115893877,0.163766487709715,0.108048730494984,-1534.43538139282
33,0.0172440157602553,0.44760717359169,0.0509323413816194,0.117044930065513,0.144218978413572,0.0651493986932961,0.14893622770765,0.0993806607625438,-1536.49178168833
34,0.0309706796588375,0.292997658489048,0.0877289946974006,0.142315269841503,0.101408381719775,0.0654847264502668,0.0719320316065819,0.0734141289092332,-1537.11715650838
35,0.0342680060137071,0.259115126219344,0.0565102368833205,0.192613925980129,0.0975030885176016,0.0667867431399874,0.116695129475396,0.0849135288949001,-1534.60201117216
36,0.0271511785843665,0.222351821979779,0.0633965312778364,0.207103291280304,0.103029397565431,0.0644701816380198,0.0972076373490689,0.0878153695700276,-1535.42889172225
37,0.0727636225954766,0.266913966986881,0.0609704817021397,0.206319703221559,0.0981533549141652,0.0643541072664307,0.11721505827869,0.112533104603952,-1534.36546005359
38,0.0679204439857137,0.258975551292277,0.0595558970017464,0.163065695254017,0.107414956726475,0.0676203022821112,0.128206560927623,0.1089261034908,-1532.15781349933
39,0.0360970612332621,0.327305778133134,0.0447812097404353,0.150274738419829,0.107897474781874,0.0669349778698508,0.174282426772335,0.147234255405459,-1534.37261755031
40,0.049651778536924,0.335372738402914,0.0653049831098454,0.12800124163125,0.0995732733395465,0.0667295376778438,0.159315594832304,0.109701556952408,-1533.9915814802
41,0.0430469303077686,0.314679717166792,0.0830699708959701,0.170119361217408,0.0821126235558086,0.0629946209955267,0.114611084708395,0.110911705605844,-1535.27434257381
42,0.0300374291302351,0.243981201630984,0.0842040779556831,0.103372397098947,0.164950271523849,0.0651065084108012,0.108704994402853,0.106552797180513,-1538.56829612619
43,0.0415596817802015,0.389236228142044,0.0697437680871172,0.12423814673052,0.149387036523322,0.0608203804743999,0.161826721131326,0.110205243559551,-1535.70330716167
44,0.0460823303413159,0.366626707528872,0.00537533434606316,0.221185493819771,0.121351045951734,0.0507364200463371,0.172157572142127,0.131094163640817,-1541.45232203281
45,0.0990789854668253,0.24099315240371,0.010830757292062,0.18179728149546,0.124553645484741,0.0679185896508317,0.136212182748025,0.131662695578232,-1536.98051215408
46,0.0770710626900238,0.248343963060149,0.0642985216574366,0.152217091451446,0.112369500307595,0.0790641290926072,0.105944122707764,0.127910245802351,-1534.83266099174
47,0.0326605279748874,0.234792124602406,0.0708635485707725,0.180873653626575,0.111684171420584,0.0613695747020278,0.107540460771026,0.116793866195822,-1534.32082153285
48,0.0797597928937841,0.264254868815456,0.069276954983227,0.153569095901174,0.0956340921858769,0.0643333418123317,0.132696082301776,0.106647448224442,-1532.94367140762
49,0.0825059676241866,0.263663675418646,0.0395857729789388,0.161946523843833,0.112824639831315,0.0651374918490468,0.10201405223134,0.109951973755131,-1532.75701008533
50,0.138720914686186,0.306086428781187,0.0240461410607706,0.157310174420367,0.117912645730624,0.0638776998943811,0.132295137728119,0.124885346253026,-1534.65230548264
51,0.0696874441195168,0.269053081427881,0.0491876354653283,0.177554839090298,0.0950058025009007,0.0720451433009741,0.101485701168765,0.102336744823223,-1532.8563323772
52,0.0500239594902944,0.371617132203903,0.0110555794748743,0.150403044676709,0.110522258701714,0.0449971134104131,0.103063450492407,0.100397709636959,-1536.52049965593
53,0.0683618025269629,0.380343669132281,0.0282557846881657,0.147395417860903,0.109310452996942,0.0409542667665318,0.13213023530756,0.097360896653879,-1534.64819653949
54,0.036329467674599,0.360904370569436,0.0407970865761565,0.125033549146136,0.0947029889148003,0.0729244329101711,0.108276967945739,0.0941732380244857,-1534.36360229957
55,0.0675982849675752,0.319234191103373,0.0629355154559505,0.165442071897967,0.116868822000194,0.0754716853850724,0.127946677485695,0.121403219646621,-1534.1444096447
56,0.0290054011936152,0.242403190890606,0.0517865812544682,0.136231582538234,0.113389734337343,0.0640897023849562,0.143274053676666,0.13196018403642,-1534.37078278265
57,0.156016354014852,0.316794814478519,0.0184770063165997,0.116301458479561,0.091711443457422,0.0561485009450544,0.174921482666137,0.13745112020442,-1536.49634645615
58,0.061643404762809,0.326299411837483,0.0789705154585793,0.0852518302470146,0.101220280650158,0.0582074207167213,0.155274427207054,0.131109865516928,-1537.08807097927
59,0.0766316662079883,0.311509463445673,0.0822949172551916,0.144203713071546,0.114491407094107,0.0612112108234819,0.150387561934738,0.148237401505352,-1536.37923335336
60,0.0326598522348624,0.247610170842547,0.0784867383997702,0.15587326691459,0.103829861563649,0.054923736441791,0.152202681877747,0.124420684452693,-1534.48735987472
61,0.0784188518322184,0.238409609252374,0.0446605863857599,0.142824384837742,0.105696228073697,0.0659304255830997,0.11543856246167,0.109330918990804,-1532.51471995627
62,0.0606768829136275,0.324814495908497,0.0424121548139537,0.131929790698001,0.114103065658834,0.0521707425813173,0.187973459553262,0.134499956798829,-1533.52101748579
63,0.0672138532020069,0.357299949525378,0.0364475508590657,0.132444382416834,0.0713471745976059,0.0607246955151608,0.162268745625093,0.11567538811186,-1535.92382049145
64,0.0596854847059395,0.376172710611074,0.0346271469301354,0.156619505999892,0.0739257819568158,0.0586334764777981,0.158252038155918,0.110122844857869,-1535.78869928725
65,0.0578375949076793,0.276253308881483,0.0448039730964972,0.149826291821987,0.126514726005093,0.0746039379862437,0.128316021301293,0.118085454778151,-1532.79050347968
66,0.0523899543439397,0.264884395360416,0.0738112838273195,0.149631080377086,0.086085394407148,0.0670687146101748,0.164000303543771,0.115223052155392,-1535.14962423603
67,0.0433800475144118,0.262501076596745,0.0414634022170914,0.147263613019758,0.0972013048890849,0.0657545281269176,0.179274231230589,0.147362929243175,-1535.08636615032
68,0.0636306793658035,0.352528520228963,0.0230286307140029,0.144271279131888,0.0955943573592563,0.0572500654724977,0.143797944770898,0.142901688967505,-1534.40166928848
69,0.128272432601245,0.254083405600096,0.0330092015502338,0.147573008442342,0.0982400279318613,0.0552656610027358,0.131802841763489,0.143056439752006,-1535.70140087233
70,0.0995216734250912,0.259902632775601,0.0320631961586108,0.172483893680603,0.109600469249295,0.0541923325006944,0.19301998958234,0.123562976638883,-1535.89696216583
71,0.130363209675166,0.309689247174622,0.0224364626414824,0.144846182059643,0.125549768804421,0.0447174318531804,0.143814336889265,0.114720303999183,-1535.44668596773
72,0.0188982727571342,0.385235217571051,0.0234613006272509,0.134179161641981,0.11772052476134,0.0545523984196001,0.12728170079802,0.104916857657981,-1533.3764952019
73,0.0732558202743444,0.425942938010144,0.0181759850526068,0.145221160015738,0.106378501810062,0.0703048831044214,0.146775008265196,0.102902096135478,-1536.20686328145
74,0.0506924783039975,0.331398557114428,0.0700465641481623,0.138385105299735,0.114932265975078,0.0544876112742576,0.144428943597937,0.125825247455778,-1533.30167386102
75,0.069308100696272,0.235024540275668,0.0485385209051317,0.147349549316884,0.0992912778569847,0.0543240281983763,0.158549536301539,0.139610187869239,-1534.67358945371
76,0.116516218391258,0.264190713549945,0.0163608843198999,0.138906900235694,0.0816498451119965,0.0732356973773453,0.157174229041076,0.114852374606039,-1536.67063635067
77,0.104841422289919,0.274286838633312,0.111116357444721,0.130576500882215,0.161049382370982,0.04543552425277,0.14678556440976,0.120588527028851,-1540.15527886039
78,0.0859325269998139,0.229066506086193,0.0251193531511765,0.151449688624313,0.0973481741062243,0.0440168468471064,0.163071230048792,0.125023243442999,-1537.0488031625
79,0.210314187453924,0.277810824917326,0.0382530919909914,0.123973101628756,0.108014847417921,0.0691992599761372,0.130064500390794,0.096282567593171,-1536.89167687333
80,0.213847963682638,0.221014579610404,0.0656676308187385,0.153733848824075,0.130977001368186,0.101728759880296,0.106700286375833,0.0898417186041466,-1541.08779937507
81,0.193939433779465,0.169376409958716,0.0749355229752022,0.174795146123445,0.0707443212294132,0.093041363175686,0.0693348366191789,0.100445172730979,-1541.01550433826
82,0.073113973239182,0.145005948994559,0.0514433715310946,0.158430025435141,0.07258223106124,0.0813363286918734,0.175021687945302,0.0988424025465563,-1544.47724904363
83,0.316225312745979,0.0679398847202285,0.0439042159606605,0.159802827318402,0.123993734760623,0.0692519037755318,0.0893887091132919,0.0891861503799975,-1542.09618538271
84,0.30098431029442,0.101366818894206,0.0429586352646792,0.169974641347845,0.076935626833604,0.0800374870474351,0.100960737033864,0.108196086299862,-1538.035563117
85,0.323599108974994,0.0842240331430161,0.0467071866210394,0.183045713645355,0.105629420082558,0.0875893266559691,0.0984233886273747,0.124279071442557,-1540.57161453138
86,0.13792878414768,0.120222023428958,0.0935501382464035,0.119461289214522,0.109985159824746,0.0714290324514853,0.115475723578307,0.122470113326464,-1537.96565581376
87,0.119399952083352,0.168406814376751,0.0752661662593242,0.159494313624345,0.0735262505786138,0.0732292441924819,0.0847677421519911,0.0781067458260472,-1538.9009620668
88,0.133226112159385,0.238361739622067,0.0503723032755252,0.154945756972754,0.0973348413993241,0.0856340684695051,0.0979430293783718,0.122160605455207,-1536.02325505367
89,0.0943650650366829,0.251679867651738,0.0506335561230673,0.143358521721128,0.109774720033475,0.0672276188398798,0.16576534523048,0.121866715741484,-1533.50248474317
90,0.0877208522278448,0.336640981346196,0.0573997106946663,0.137374175262468,0.134275921321261,0.0565236772963984,0.180302691582662,0.122104160451078,-1534.72270768582
91,0.0388150238736369,0.338450540292262,0.066673707123578,0.153736480104218,0.128805226532245,0.0656019647593042,0.108534441234028,0.113839176014037,-1533.9276518801
92,0.0505479604039579,0.243101471405277,0.045858854603358,0.183051601279389,0.122032160989312,0.0641540485209634,0.122774542789893,0.126295126777489,-1533.97816239793
93,0.0556261693285553,0.323680811157906,0.0477175268808955,0.125651916049437,0.123386487041134,0.0736364981298502,0.164754216159008,0.115964470084591,-1533.90378065576
94,0.0697557041740095,0.333181428129343,0.0493393263648064,0.138413631400927,0.129549346398704,0.0690575172918634,0.101353315818326,0.116738365024505,-1534.34718029324
95,0.041085643859161,0.337576563292578,0.0256340195174306,0.125482115331206,0.0872653240527716,0.0715087530142233,0.181773339243104,0.133622389043054,-1536.06413545814
96,0.109157640967418,0.259362676947972,0.026374249513883,0.141158802043003,0.0830443981196708,0.0709866581404937,0.174038765239225,0.141496681375055,-1536.13800340188
97,0.109957520581602,0.357991228876544,0.0492677042250994,0.147980317950792,0.104150033745664,0.0444576546013197,0.142276936392278,0.137058845793524,-1536.26216370629
98,0.0338183534375569,0.337388855921111,0.0509213796184613,0.151025325612006,0.116304732680734,0.0839529683422836,0.19426815206926,0.159209216350408,-1538.7839111696
99,0.131193294597419,0.277275790254212,0.0590926602232205,0.177885722368858,0.0684947318012451,0.0877686680085194,0.138163856375678,0.104850720004239,-1539.22107083178
100,0.116796035336393,0.16232927504717,0.0610661570036259,0.210996714069752,0.129216945516599,0.0793962077318142,0.0914597077245175,0.100326274732141,-1537.2582533692
101,0.104882530724798,0.153200842301299,0.0657426643395465,0.200026160288907,0.0751510768695301,0.0915270299183047,0.0738836238178067,0.0953116519902998,-1538.60511052188
102,0.19394648054896,0.0851452240116855,0.0331536463818398,0.221336244063599,0.0895202019903823,0.0890407172328472,0.0812854254864384,0.0954616499723333,-1537.78515503797
103,0.168194249128441,0.139374415451152,0.0331875556277736,0.235885841588653,0.127187133170822,0.0769330961761315,0.120710589657245,0.129229610873808,-1539.343786079
104,0.16356344519062,0.120669584466419,0.0494686833564464,0.18622332246466,0.101606482134762,0.0865548594677122,0.150865247173524,0.117448636749649,-1535.58892477525
105,0.140301063786176,0.232814506043471,0.0309705217761677,0.180156039197793,0.0938458324513932,0.0692913713870158,0.146651986228764,0.117508634094161,-1534.56730023182
106,0.039304628353444,0.348063322734639,0.0264091354959552,0.110677026621963,0.119737323726202,0.0694848945442353,0.141331602249764,0.108738965208965,-1534.37565656021
107,0.0329128068548171,0.281613140246833,0.105214697232099,0.191510678804844,0.119330011077667,0.0689645255198317,0.131863394005083,0.0893963891822397,-1538.03621090201
108,0.11993757910847,0.24279582197499,0.109382075628535,0.0993304890949568,0.127551473522269,0.072717501346294,0.138331155238194,0.11807195627802,-1537.79777542457
109,0.057688722824303,0.204373624539289,0.087227934710096,0.176395756230039,0.123091108719271,0.0722350845050873,0.129645442517038,0.0877158706406854,-1536.30845842048
110,0.0516897929945868,0.254651758232481,0.0663837859767991,0.159758721967999,0.138391051368073,0.0556584075144954,0.0832719171573038,0.0973648483424102,-1535.21759915542
111,0.0939553656018301,0.274806353986964,0.0796414893935169,0.12129444785449,0.10997656524172,0.0763032154743672,0.111919828256465,0.0945719887964618,-1534.34579138771
112,0.090236859266304,0.226321725694991,0.057064259804019,0.171570521983594,0.101652930347099,0.0881722135040542,0.105380939777505,0.102444306959367,-1534.16013939045
113,0.0856017731568052,0.22972480681097,0.0428008936565469,0.185488916472608,0.123046962572405,0.0925834176934396,0.110685692427046,0.0954097936337476,-1535.62638469233
114,0.0547046244541586,0.363666603201284,0.0507417240866118,0.124568295723512,0.11301403736752,0.0781497097144245,0.135755941817409,0.107807903757534,-1534.3065305862
115,0.0518611058956114,0.237383245917159,0.0761435481034786,0.127398762796566,0.114639809693969,0.0645891363629983,0.132930369816832,0.114440434337142,-1533.52096264159
116,0.149007247387447,0.181045245121668,0.12643198595436,0.132263598720851,0.116765308093814,0.0573329505464916,0.122987768615557,0.114582962671239,-1538.02156853357
117,0.096033355775129,0.287023146453361,0.0310810193391023,0.173902725089794,0.103008847335227,0.0470516823630656,0.13382402943236,0.109342896606218,-1534.03179048413
118,0.0565614526537005,0.353328277109643,0.0425217602608428,0.145047622795605,0.11032319822071,0.0508107215440148,0.138362837821861,0.100404704722407,-1532.48931321627
119,0.0369164062034796,0.29520221154345,0.0825034038643466,0.149962575244818,0.121299012504972,0.0796375119572707,0.132782782806126,0.114675563178588,-1534.51071499666
120,0.00728281369851676,0.290049918490463,0.0452231369474765,0.145314921155557,0.112448196504832,0.0442602297460468,0.119331200291295,0.123057731460828,-1535.83363198555
121,0.0221884692370588,0.439367095913191,0.016417546566012,0.159135174544376,0.099407880913914,0.0730983306782598,0.111104977282208,0.121318650019285,-1538.4536127773
122,0.0239895682015539,0.441219694506753,0.0368832245283304,0.158240622926587,0.0994843498054596,0.0738816487871542,0.120763041243734,0.151859754332964,-1541.20563648609
123,0.0875224361667687,0.262741094972851,0.0319668585447235,0.161773956951671,0.103003666853688,0.0637975100598901,0.176330415957711,0.141594252959974,-1534.3026497272
124,0.0687781402845541,0.455235279559446,0.0204746771071467,0.0909353213960093,0.114665582517993,0.0260848549986907,0.184327176154846,0.122795609720979,-1535.00940875901
125,0.153114295656811,0.47351567328116,0.0103732723164285,0.0431598456694177,0.115726237475555,0.0292101485534206,0.189997516884734,0.131287681069157,-1532.58498754102
126,0.141542956261315,0.487394388322872,0.0127505761952965,0.0431267031813276,0.133317696943064,0.0239493204470105,0.238359324756377,0.162721521661959,-1529.84554460133
127,0.0488664457588717,0.632314139525206,0.0175750733572261,0.0315975123469509,0.198954760244093,0.022256045837803,0.322894239302289,0.167664273732009,-1529.62805161904
128,0.125202818624718,0.55062803428684,0.00845130662559741,0.0477543521068663,0.156876333988574,0.0195183477919972,0.271679549398104,0.164787619630443,-1529.14997866778
129,0.062170035801841,0.533748202735425,0.00369951546755928,0.0115866488689743,0.147286444723839,0.0146971819657547,0.314666491974485,0.165000350219089,-1529.84166088726
130,0.09876746504074,0.568603426041259,0.0163927965894721,0.0187107028972437,0.195847744738986,0.0236710533852899,0.26851415307229,0.175313193843275,-1529.18305013525
131,0.0327602415228925,0.528318985310565,0.0162414167151277,0.0255675821649501,0.198221736021906,0.0180379445567935,0.311158860738607,0.149841114167556,-1529.26973579927
132,0.0568406271182876,0.52145041883625,0.013969445734649,0.0210764713888381,0.139691745911646,0.0308875277028929,0.268217421504994,0.154103467050184,-1527.12360464491
133,0.0573414422410116,0.488333264959808,0.0196664755845783,0.0258228452199022,0.128138099031669,0.0252865062160353,0.229641761047105,0.145617527283981,-1527.88335737863
134,0.0707292801460339,0.531502972824945,0.021016428408853,0.0262896852150622,0.15490925566353,0.0290066349540793,0.257577500646516,0.156976991953471,-1526.66480045037
135,0.0340271619772066,0.610880976853637,0.0187067488544959,0.0158822508510121,0.13772567003811,0.030984197769442,0.230290218499742,0.157254915896607,-1528.77044053548
136,0.08024814269034,0.515631303952441,0.0152286406668806,0.0229525091180889,0.138796281487626,0.0195545409633048,0.23862996892262,0.15088122901763,-1526.78843188023
137,0.0402208758323815,0.454589340087419,0.0161804195711426,0.0217297497405578,0.16358173880303,0.02798403349588,0.265716566868431,0.150611167366815,-1529.12800685461
138,0.0596311510116027,0.535425952223825,0.018012216300662,0.0240716824720786,0.181383417494276,0.0276941159197144,0.247101612392641,0.135548598551761,-1527.4692832183
139,0.0848366847486938,0.569135218877949,0.0149468861074122,0.0178084765121462,0.135915121797743,0.030531276432357,0.244654663094483,0.168568025797957,-1527.73825236862
140,0.100808183751225,0.564869517102549,0.0119693242164208,0.0173902249490043,0.175734338544642,0.0350291673518875,0.30085133360738,0.146237164871917,-1530.41974180805
141,0.0356580296402153,0.599214922960333,0.0277336829854256,0.0109060540799038,0.174346507607968,0.0189830495902132,0.211930193792135,0.149895661440649,-1530.03746768669
142,0.0544712702459073,0.586486769398266,0.00845617501166352,0.0396405144722488,0.152617399314684,0.023587396908887,0.238713887229854,0.1329486349474,-1527.57550582234
143,0.0409261271148864,0.560334513205599,0.0340853377822593,0.0364185706344511,0.159753198111784,0.0285260638173283,0.235289832313301,0.129330258070494,-1528.8046473142
144,0.0511016736541854,0.584436385129905,0.0267913225159678,0.0145741559471538,0.172781461419893,0.0288411315980856,0.250274451665165,0.134926952052334,-1528.27714830023
145,0.0193286808323418,0.621731155906057,0.0142557167172032,0.0282309085241488,0.165827827736731,0.023022879455885,0.220780767322301,0.147622340757351,-1528.23990697934
146,0.0724990171127211,0.492753513634017,0.0102879508810572,0.032885989165114,0.150621369192684,0.0223628343071191,0.255527927006514,0.161228858885942,-1526.91439154048
147,0.0724254594913457,0.551729391091649,0.00782120796699588,0.0197534100136495,0.157207067902264,0.0237455494323976,0.288424921707708,0.164263003763201,-1526.32569305908
148,0.0617320014856092,0.616931864960938,0.0200887993019619,0.0357431650824789,0.175956679009352,0.0212434101046072,0.269422943220182,0.167489937946634,-1528.02905939718
149,0.0496169548975422,0.585183064127313,0.0190013660963421,0.0179033423103634,0.147596110076382,0.0366112344198006,0.307184300790178,0.17453456287582,-1529.41464902284
150,0.0644087836082233,0.604873784124133,0.0336958475802386,0.0144266729199439,0.184524130201293,0.0217390542577104,0.278150462545822,0.149331956679586,-1529.10901824667
151,0.0486430240588841,0.634092728843978,0.0189045269878239,0.0212331099904383,0.18326866448031,0.0213210892227092,0.255769197428813,0.129550304057086,-1527.97442973507
152,0.0517131981984505,0.6398414373895,0.0184876884618546,0.00685524565771105,0.154513479403228,0.0182143822601489,0.224288973028587,0.15613206485407,-1530.28538764736
153,0.107702613815255,0.545681492193245,0.019702508435262,0.0324258016626959,0.165292275345114,0.0337070122741685,0.210461743920894,0.121302897606197,-1529.97875749226
154,0.0247163525151194,0.569477644553832,0.0252146390024639,0.0441866677158449,0.153500850810465,0.03173083931921,0.182414308570798,0.1347015391963,-1530.74694539676
155,0.029892952149207,0.437770695980824,0.0256784378728973,0.0359877961395272,0.155851671772844,0.0345356493961261,0.274235234468742,0.139452236952416,-1532.39051835324
156,0.0423987155647355,0.489066530250219,0.00961838347033633,0.020463853773301,0.165182194569773,0.0131701889674426,0.290870687224335,0.152175463389952,-1529.15685032542
157,0.0381796573441296,0.56922466958109,0.0117841737901971,0.0193223527488442,0.184991289201396,0.0201423433085052,0.249073967212109,0.152129766932248,-1526.91015907475
158,0.0560087067393204,0.559113747748694,0.0129828929649677,0.0195955515831211,0.153274409141733,0.0301092169977125,0.268801567195719,0.151355525241159,-1526.5791439228
159,0.0286485436465131,0.616399639068172,0.0353119433012847,0.0269631148348818,0.161653227683066,0.019142346557082,0.259303708447284,0.16723503444613,-1529.34514362802
160,0.0484031181696395,0.626571115003845,0.012280624820592,0.0162497528224368,0.174970482807972,0.0273801095253334,0.285514557598411,0.146974827338341,-1527.65032651919
161,0.0517609728113081,0.524856693310275,0.0154839527463103,0.0149622653600422,0.140716342669982,0.0175997955876356,0.298214530465108,0.190840095750698,-1528.28253040723
162,0.100697393483119,0.659568306398709,0.00510991685248273,0.0347334283995162,0.126768496133345,0.0277131757681077,0.302689543375925,0.169495926830227,-1531.67636187354
163,0.0619499082807377,0.436432460087903,0.0359224242163182,0.0157345962210494,0.13532467400887,0.026334187900104,0.242841655798358,0.166994651878912,-1531.64551248127
164,0.0522221468661839,0.524048385820626,0.0269406883306728,0.0294346388771568,0.157769847878206,0.0226667521710476,0.239296306257347,0.115377659276719,-1529.13606801679
165,0.0382812337358648,0.615951022660428,0.016358116347965,0.0199704185955314,0.150294494472016,0.0231236201207541,0.23703162244095,0.123603398616517,-1528.01405441108
166,0.121012274426246,0.616494700038136,0.0207289794584527,0.0444618360223517,0.173238697145085,0.0238546002093793,0.218452778729859,0.129128123622956,-1530.86188208914
167,0.0463761320552045,0.570741063587415,0.0132090254821346,0.0106829211558805,0.13626911733299,0.0218003216491581,0.22022647932794,0.139948711351529,-1528.3538356312
168,0.0651103328545425,0.532831396572557,0.0155506799891729,0.0100975791286133,0.156151358285893,0.024153807997633,0.222077118599438,0.129872122134963,-1528.00299809434
169,0.0542316199030298,0.596508792189673,0.0104756355210035,0.0576124450853766,0.14573064033488,0.0257381936510491,0.228710367173891,0.144332141090553,-1528.99274660438
170,0.0264669989718241,0.509975346048515,0.0157058441685569,0.0341571399282587,0.145733663702892,0.0175552366844229,0.265916057282407,0.142054462060828,-1528.63753687
171,0.122432660256861,0.633707880201422,0.0129436999678762,0.0517496095216398,0.160794596099419,0.022362186613661,0.231045646932207,0.138995123321623,-1530.83380547437
172,0.111718377533103,0.516515603266086,0.00863555828164114,0.0319807094119546,0.177136402684805,0.0193824868728053,0.261863215947323,0.169607219290967,-1528.31975126959
173,0.0524482312560708,0.611715282723075,0.0131422651109333,0.0248254306149771,0.163944713496159,0.0246779090672185,0.288889369217822,0.191005555089451,-1527.97253982402
174,0.0641583770536042,0.579989288929229,0.013019732798291,0.0269804306626936,0.16674244065166,0.0282937876514589,0.276443745638451,0.128604671320687,-1528.25598766462
175,0.0915424432126726,0.54248755412279,0.0187592042985065,0.0330620734542208,0.143487475785695,0.0285375602071162,0.193651093051285,0.144263951711735,-1528.84216806862
176,0.0828010022721629,0.592877517108852,0.00726607476059581,0.0388218229984022,0.124443044183527,0.0361372134584361,0.188679905112307,0.123600814859313,-1532.22437492645
177,0.111421639061767,0.624814181580636,0.0127127793837667,0.0324811535778928,0.144348879206959,0.0223306237175777,0.252859420203936,0.131406943602165,-1529.18224661475
178,0.0900946289610483,0.54106476711481,0.0309674959013306,0.0330137810015448,0.146200276654324,0.0268688515095871,0.241466638448782,0.15637189421004,-1528.29789268448
179,0.0822024513982381,0.537412162067709,0.0255941024671706,0.048487960279313,0.148331033893476,0.0238090930870866,0.24184581133063,0.171932464367002,-1529.46258655154
180,0.0436942277248814,0.476404698897393,0.00832327114662357,0.0441566598296147,0.129372582815983,0.0274005908517506,0.273481381032076,0.148907113291083,-1530.06545161512
181,0.200378397355869,0.505537814946751,0.0104156915010625,0.0168558849801832,0.179656511231422,0.035006456706453,0.23641267600351,0.14756854955206,-1536.04165119438
182,0.161127412406233,0.681636642104003,0.011952680005587,0.0238483385646503,0.160850442847255,0.0281160904979625,0.227861513907523,0.147793759390143,-1532.04788902654
183,0.0148094727052481,0.505330931722775,0.0113526792581741,0.0260800697804742,0.129447491235532,0.0247124938581163,0.229987709215282,0.144183946879403,-1529.76913594384
184,0.0289623022195799,0.504304999844662,0.0129800336732243,0.0253182905821539,0.13162937701009,0.0195143136952817,0.253113280582422,0.174399055294316,-1528.97347012343
185,0.121594429495517,0.608107030677694,0.0129977369450522,0.0298822953388855,0.18408680800435,0.0263284602010157,0.230858034342753,0.158606728686842,-1529.90461016628
186,0.108931104132988,0.553351611847949,0.0164120452863141,0.0200012116005202,0.13149378105292,0.0252882373588727,0.264530118715234,0.158919549790075,-1527.46678965938
187,0.0468155561205427,0.531462212379735,0.0187922342322072,0.0217078759017088,0.169428337715526,0.0195581416254083,0.249803757384976,0.158125576709775,-1526.39640503519
188,0.0465797886835984,0.538646313026826,0.0165111530696583,0.0384047710489119,0.161744398030813,0.0222473123431291,0.249466323234908,0.165509677806318,-1527.12395191965
189,0.011363106699043,0.555973769593428,0.0157862308082218,0.0331160688326794,0.159748741330766,0.0231775788956303,0.284447390336758,0.182986497298709,-1528.65223597916
190,0.0189432836138727,0.543670109504278,0.0158092699075269,0.0293901418197277,0.170852115391179,0.0161514850116681,0.263774266146146,0.131602860512043,-1528.71734778939
191,0.0558309892017513,0.511419185336422,0.0129475203782442,0.0127430755487201,0.168815916018684,0.0226110056708093,0.266325278629124,0.154769818479639,-1526.82171598516
192,0.0638476096876588,0.616805431745025,0.0202894877866435,0.0120573113633047,0.141417100921234,0.0217859648455574,0.259702736705596,0.152335264619858,-1527.62479402975
193,0.0624614826134156,0.510569152414876,0.0105668331556062,0.0238621710515813,0.160638974089296,0.0211690714026653,0.248463761348541,0.137088610362575,-1526.54675118644
194,0.0966037672318015,0.584144228147223,0.00779823390306554,0.01872942967066,0.139696248625381,0.0315716720968943,0.259019074203284,0.119143446655611,-1530.50653437013
195,0.129354763316823,0.546590984617926,6.25273423078122e-05,0.0354708106137843,0.143578574005997,0.0186852929679477,0.207275120796806,0.144790058275881,-1531.38023651355
196,0.13930537006411,0.547803196282328,0.0344221672715121,0.0386304292087555,0.14853379492516,0.0328710547411372,0.228119017667094,0.143470490785935,-1531.42630167579
197,0.0717440004979503,0.473583540188323,0.0187295792877968,0.0500168950140582,0.147708757975182,0.0334496615226274,0.241949971198557,0.151809169076596,-1529.10568965026
198,0.155653592705382,0.609721567717952,0.0302262547882481,0.0102865880683043,0.161626467138505,0.017662030320083,0.26900866525938,0.138679402503237,-1533.22710574687
199,0.096290332781778,0.501118577013307,0.0278031673405403,0.0278496080100143,0.161094836181791,0.0280612237794366,0.257929495890085,0.175524867204202,-1529.18770123736
200,0.0797571867977456,0.460170556875405,0.00886732405106775,0.0245439810993915,0.172117939620541,0.0175589907310851,0.278581141971249,0.13449268508295,-1529.69466437228
201,0.0840383293167882,0.613598340352854,0.0208545289069366,0.0305827377491277,0.177370381002534,0.0112815353791194,0.244446170546876,0.151676356005196,-1530.34407902948
202,0.0717431571336595,0.665729972515801,0.0353471161977886,0.0138078464137623,0.186776227074254,0.00965920067533233,0.27408971463232,0.131204995715863,-1535.37342326885
203,0.0869648381824446,0.511711037130844,0.031650297263738,0.00844112480699439,0.181019795814475,0.025395236180231,0.245841278312926,0.143708996846134,-1531.31001754236
204,0.0915927029354479,0.554388041242833,0.0269022850251997,0.0403923269669843,0.190951499749946,0.025177606153404,0.247912252002596,0.14020339031881,-1529.71474339745
205,0.072840991796496,0.612887138986592,0.00476410082582857,0.012262480691128,0.194280832404477,0.0157420607380676,0.258330939365361,0.162995426937238,-1529.43068956217
206,0.127087486125339,0.582037539282684,0.00478302307564588,0.0180794524340604,0.190607679758002,0.0133005845067143,0.304844185992425,0.159456568033042,-1529.81608608891
207,0.0698230534313079,0.622888605195355,0.00511462705490366,0.0407164488931901,0.168394567136603,0.0309182455213385,0.265000328909358,0.146907568373713,-1529.27291225757
208,0.0467695343274388,0.723140683960269,0.00782078782439667,0.0370806312072417,0.180932434224794,0.0191023331718161,0.255271888224547,0.147293537378477,-1530.9744236302
209,0.0613783157733723,0.580821488139221,0.010314392409445,0.0129303565123283,0.150948890069725,0.0300020737501337,0.234744309408455,0.148678723198606,-1527.52549956713
210,0.0749841163555734,0.584075460349034,0.016397496183833,0.00978811460872844,0.148186088860349,0.0291254973081025,0.242575563180487,0.156610681052734,-1527.79329506278
211,0.0665317615235738,0.529283528095631,0.0130313928071516,0.0240707381958938,0.145704717348113,0.0252542310969863,0.271836383852456,0.143118153658243,-1526.57949779592
212,0.0920501933477715,0.55843857997393,0.00743988277745748,0.0267270982060266,0.141912935193828,0.0190132044600716,0.286379721257016,0.177443660211006,-1527.45114181876
213,0.101980400004449,0.504841490198003,0.014774540176755,0.0133150130887375,0.136157632416413,0.0231036650758937,0.286551616324539,0.142753859959322,-1528.90560194535
214,0.117255420918956,0.544185187549954,0.0127180323899786,0.0149707760002024,0.165360832458672,0.024380233007903,0.221573178113296,0.140599989431491,-1527.97391309536
215,0.109032157397478,0.645899539855984,0.0136142193730598,0.0380649436502412,0.15571417030089,0.0174321407640256,0.210171265463134,0.128123013950903,-1531.0971506231
216,0.108297835841512,0.64131283212488,0.0179152928732529,0.0161286070976563,0.166627961756716,0.0168002888040468,0.190367666463984,0.135109126458645,-1531.85423724563
217,0.0818962492385958,0.570980188454711,0.0145010726349897,0.025126639866746,0.134238699753528,0.0184533232619402,0.24813802455554,0.136627866300276,-1527.86556321482
218,0.085050270498391,0.554627840416093,0.0245982773135826,0.0281428285888185,0.201911384934897,0.0192396768693813,0.246328035459517,0.157785162301208,-1529.66271914177
219,0.0140061102376145,0.562703307712241,0.0251981420268007,0.0509542935099906,0.132340629867064,0.0342582946157463,0.250150081816882,0.140822740721527,-1530.80307671805
220,0.0759798845848999,0.477392986807859,0.0224736588591929,0.0399923205698701,0.159120302166568,0.011646749146983,0.244294814309457,0.162497706134804,-1531.07391225155
221,0.0492822410046161,0.485498201916479,0.00505552291455152,0.0363379401405577,0.15503175428046,0.0338333864703844,0.243465222333659,0.150821079917766,-1529.86277910729
222,0.10405183856084,0.621517219771984,0.0278754077678187,0.0294953150131547,0.142423038311297,0.0371893001351734,0.255418213930579,0.147715997322677,-1530.86522708851
223,0.0341697414477748,0.560515812637472,0.0309216378821874,0.0252642074579534,0.158930609395422,0.0279155428410455,0.265278862682247,0.148642977095732,-1527.5695634485
224,0.0240582716288876,0.554335812811788,0.020946625163055,0.0215485250825026,0.137361189277164,0.0260259064447373,0.262189323111596,0.146218117471316,-1527.49836720434
225,0.117476632023845,0.525377511188607,0.0162187526894498,0.0208528368029962,0.153122757635184,0.0247927205392614,0.228482261857748,0.145298570979059,-1527.29756076597
226,0.0337515320771575,0.567135229885045,0.0192414073649002,0.0240060839688625,0.155456976142215,0.0213123395179887,0.254358701137525,0.172659760021367,-1526.95712051409
227,0.111377416040743,0.612310607057404,0.0200955913972982,0.0207521669941645,0.163562043759084,0.0282260153172455,0.249399630717442,0.167786844881756,-1528.72325370785
228,0.0196761205133322,0.577833058794678,0.0180237917864945,0.0189170721055956,0.137256653859328,0.0333165190539775,0.284173665677632,0.182328094484531,-1529.51556853635
229,0.0809501270858622,0.588991484554208,0.0184029325608967,0.0324868741154283,0.148153294005545,0.0214331469734866,0.364584998469545,0.156446733103171,-1532.37372515577
230,0.127305588174315,0.653509129328449,0.0157776077651854,0.0144327141183433,0.155794255215065,0.0153468405401714,0.193534761540789,0.139629859516698,-1533.0797249925
231,0.0526252176893916,0.622750419906542,0.0239126508923225,0.0561354936364609,0.157724285862536,0.0425519657724921,0.209868919279149,0.123120830703298,-1533.41480958178
232,0.0633901916017993,0.482450012839592,0.0375025351382807,0.0494241645238664,0.130871609172597,0.0356598053353477,0.231304787968356,0.151386036568895,-1530.79979308194
233,0.111381731301493,0.579334884962813,0.0203627367217282,0.0134386040941529,0.15291098640447,0.03162377318859,0.299126839968135,0.167392467214384,-1529.1701647631
234,0.0877653063257144,0.574775538627587,0.00645934306792027,0.0357865763156962,0.164553753680376,0.0257819806633904,0.253664164525436,0.176085621210068,-1528.22628970359
235,0.0985408140546608,0.596129019062477,0.0166327111163065,0.0195311770724227,0.144535616982862,0.018562523670578,0.331461659261851,0.202779766280394,-1529.88984428763
236,0.0738956687565888,0.608105265685339,0.011413010807355,0.0244961147451069,0.185214799794447,0.0146905164849328,0.352257659557044,0.2023799169268,-1530.2674363944
237,0.034639778941021,0.555317891128091,0.00753626691325527,0.0136930668952664,0.156316525560647,0.0236643765191346,0.381525291343348,0.223004728597732,-1532.42474232249
238,0.0908477591528145,0.587367600836017,0.0100001376037428,0.0319854244910568,0.157927666797457,0.0149966285749843,0.322316129444936,0.153460939244566,-1529.66844642002
239,0.0228763908849715,0.651626007376541,0.00986498909718311,0.0191382574993614,0.18453281735025,0.018691917735807,0.208826831803363,0.117650590364068,-1531.31523819626
240,0.0676631971046831,0.574622913504916,0.0287401027526887,0.0328694548126714,0.18651690195663,0.0251192272142448,0.212994785086552,0.127459734881439,-1529.49733463838
241,0.0398548970746634,0.585875054576368,0.0298013803205972,0.0168142861215105,0.144153712873292,0.0287237610106571,0.287644684702538,0.144963197047997,-1528.79831810134
242,0.0680117541579196,0.53932934516789,0.0285041737744996,0.0166603749507647,0.167096015137494,0.0293843454023129,0.214890959995666,0.139815653563945,-1528.80487049493
243,0.0374774242874786,0.570383654774342,0.014625132922905,0.0379475663695624,0.13959603296499,0.0281978099705946,0.216723614728409,0.12966646171407,-1528.21374784985
244,0.0802159370856022,0.563911680145857,0.0210956880200659,0.00841147960645052,0.16223182648339,0.0124568277851303,0.283880741778088,0.186154873864241,-1529.84470923957
245,0.0566603173173544,0.576333642014543,0.0204021630266498,0.0205359342206714,0.141679768341158,0.0267097440890121,0.316690630938221,0.163426108956912,-1528.07356790493
246,0.026400499237109,0.650295565988346,0.0233594614349857,0.0140791228079665,0.177403962573572,0.0247405862240374,0.285414710557791,0.194859077055094,-1530.51824655624
247,0.0224575041259707,0.558796165973427,0.011608828481196,0.0238714667094033,0.150968808788429,0.0195390493228167,0.359945510471396,0.199083957410348,-1530.33928393679
248,0.048522991120383,0.614578624243381,0.0177627299698979,0.0109927329523023,0.153255662601306,0.0151931306234479,0.287988260085457,0.183271800264554,-1528.55942665358
249,0.0832474787006812,0.593707502848192,0.0100813092585509,0.0150085555634284,0.167034890150205,0.0150688079476212,0.306970909456459,0.1400632224234,-1528.81222717992
250,0.0815884945492018,0.552391374383096,0.0168236726787854,0.0195404308333226,0.176085737862078,0.0193444067278778,0.206474195679434,0.119265783025894,-1528.82943450152
251,0.0267286430319597,0.577301454104804,0.0169792150269548,0.0375661783575769,0.181945315327579,0.0271653306698496,0.197390629726996,0.145097071878078,-1530.26101497924
252,0.0745816585699503,0.482735302605375,0.0261047864984013,0.0313235446842613,0.112626213378859,0.029878099944305,0.233078764871834,0.16173399553448,-1530.4975548291
253,0.0634986862422141,0.579714798322052,0.0194042279396775,0.0149323613936333,0.144010175130411,0.0273851478688897,0.209570089846485,0.156141493870563,-1528.48373246583
254,0.0728476839540625,0.576979130043565,0.0128973410998907,0.0224943824918081,0.137669092917909,0.0280115800347037,0.30641422731969,0.181175751662266,-1527.89038921925
255,0.103108210375085,0.525504545048983,0.0149062421913607,0.0218635193387628,0.176499701411433,0.0178349298473443,0.301286398966316,0.197403785989054,-1529.22469470681
256,0.108693546636454,0.54132874042575,0.0169400029683576,0.0274893592224058,0.153596973784883,0.0166244674767611,0.299008570763605,0.158373990132747,-1528.2607879418
257,0.110253988202341,0.549017219269858,0.00348181673541562,0.0206293492732775,0.181091785410316,0.0187495415831082,0.270579418227554,0.144121588571266,-1528.13846872084
258,0.0942348359283435,0.547793220528696,0.0266041302508884,0.0132034979730927,0.136825797872367,0.0219517250896217,0.272091824153174,0.152093483672067,-1528.43909221545
259,0.100658656626135,0.578574546878508,0.020148762389327,0.0304673229476156,0.151673102846404,0.026346436662125,0.244109586461537,0.204574213429121,-1532.06309868191
260,0.111243372311012,0.52281256493258,0.0188621429324486,0.0640872209631514,0.130826455949119,0.03457154000384,0.285746405265554,0.209139630011785,-1535.12889911765
261,0.0875838586878935,0.486121488699884,0.0209169937550645,0.028383014450363,0.157960135290977,0.0194755418316268,0.287381717151346,0.190489215986731,-1529.02759702246
262,0.081910147708778,0.639371770758406,0.00309440685673982,0.0217819323866603,0.153027047835923,0.0191530890648592,0.265618573934689,0.197043207879805,-1530.5738642162
263,0.142397516227708,0.500144966943417,0.00405540946713084,0.0182947797266814,0.12291448921558,0.0210923223780984,0.23289554343033,0.190677178208404,-1532.49404795769
264,0.112544928848802,0.493345786568999,0.0200723805956011,0.0325118690297334,0.121808529518936,0.0189660538388091,0.264050665523519,0.143610697556727,-1530.69956513211
265,0.0312380444754913,0.551056825502861,0.0116128136471454,0.0451036742154755,0.164842936013556,0.0140187598152445,0.219683745968819,0.14388328094672,-1529.60538944959
266,0.0693662890346648,0.624024284688432,0.0116612142321908,0.0297765491951073,0.198460716722767,0.0224425862363845,0.234349198849587,0.121790630460159,-1529.7232137249
267,0.0397355609773018,0.57528659886233,0.0165460136529927,0.0419234712137956,0.179630807327012,0.0170529117750094,0.230972790110053,0.176704582487121,-1530.51595525916
268,0.0474520784544986,0.51601264856563,0.0160134295646781,0.0209089501798126,0.16770916268213,0.021234638966195,0.311155331233773,0.178078172504423,-1527.36251541218
269,0.0710422237607379,0.485184548559214,0.0169995097380779,0.021480069550357,0.147433825074502,0.02363172221547,0.295351822487551,0.147116952100386,-1528.11529373116
270,0.0375677362029689,0.662553336729005,0.0105675751912703,0.0140883157114936,0.192879502217647,0.0162378350197593,0.238117863151234,0.127147248337216,-1530.22001352755
271,0.0244843949846871,0.679587554190084,0.0195520528005474,0.0144117526400825,0.17442930570041,0.021990791631794,0.273670444197883,0.177773970820709,-1529.47932363099
272,0.0476820537418543,0.5890647173043,0.0176018772387674,0.00932927574769776,0.146896596797541,0.0334052530061034,0.268724017877974,0.184228480320857,-1529.78255577245
273,0.0550529288554501,0.567416343883767,0.00860527342346644,0.0387118675726199,0.166642086766104,0.0224442808468067,0.273156180629669,0.208294609938821,-1530.64669167898
274,0.0277116028278276,0.551506580751986,0.0201184422095312,0.00825937178439198,0.136061597409324,0.0200598921821728,0.370971704905193,0.191321295728186,-1532.32992991931
275,0.077525542394748,0.599153981433711,0.0196475743383681,0.033492456365356,0.159245507576345,0.023474250340819,0.315620480399565,0.170817586403698,-1528.3738413622
276,0.0252472283793152,0.616787069415267,0.0415468282327925,0.0322753177618652,0.164314908228656,0.0184456035380117,0.305967857071428,0.141081603454064,-1532.29709520918
277,0.0177465483655453,0.623877449246151,0.00402467400076281,0.0165750755558927,0.17081537385449,0.0246033856785082,0.21436576527343,0.129358360890488,-1532.01050100218
278,0.172840855614557,0.445362137829107,0.0053271628110725,0.0247206626931727,0.132009197292219,0.0253254283213393,0.23151340754989,0.126090223876531,-1532.76587093243
279,0.0459878767713549,0.656384640356966,0.0110264974355506,0.0247560484241421,0.169135826032922,0.0271829615492848,0.251394066907334,0.194631983801965,-1531.24921004818
280,0.0276325688314006,0.579394547842736,0.015263774086171,0.0375173480797616,0.163020170592504,0.0201558237205911,0.322559225878402,0.186633438198694,-1528.8965616799
281,0.023686568186062,0.580014331915187,0.0205439930831616,0.0318408914358302,0.174870751662218,0.0207304327467536,0.311129847741714,0.158566984785828,-1528.19664328323
282,0.0130459432865079,0.524938869332078,0.0214119467079166,0.0109218691416348,0.179787511683393,0.0270763390683846,0.249282843926058,0.139336068305563,-1529.79395882933
283,0.0215501461875621,0.655799391018562,0.0162850134518225,0.0213315301515155,0.171700951059986,0.0267040448459439,0.236615628754232,0.14739025051736,-1528.44809461189
284,0.0138322048697418,0.730841449531158,0.0200688282488223,0.0125012249919485,0.15794326232047,0.0315262753688674,0.23089724563135,0.153415819251866,-1533.21682685717
285,0.0130484293100053,0.446181769657575,0.0218932583081926,0.038376658988151,0.124827212517279,0.0299052494866031,0.199746990310285,0.126953545859105,-1532.72624163967
286,0.115601750027698,0.487669552411387,0.0199244589938657,0.0180334452572056,0.146838286717967,0.021942472524656,0.211856478137382,0.154921488249888,-1529.30154415029
287,0.0848636535723621,0.53447889617403,0.0102989861860918,0.0158768372121542,0.151037743379518,0.015472652862379,0.265149292767837,0.167405893421768,-1527.00267598732
288,0.0863365602728383,0.506000664883253,0.0237108774841497,0.024430579532924,0.163787814993636,0.0219161920917735,0.319607131002145,0.150323599645453,-1529.41251213315
289,0.037677155039033,0.489036545008374,0.0245106095148799,0.0227302534157715,0.15490329929621,0.0247704362338906,0.217927579891853,0.128839054140807,-1528.27673472807
290,0.0603830380246178,0.688107175455942,0.0131398499182094,0.0409881224568047,0.178735845995066,0.0144966896501333,0.25577651185821,0.140274061187957,-1531.07013108685
291,0.0664074787990169,0.628999453278665,0.00761109508120948,0.0409447314268451,0.188347639064495,0.0185333229641019,0.261028787006266,0.116317752871745,-1531.74341270099
292,0.0678289338620047,0.606395893356775,0.0147549541435513,0.0191985427256849,0.149595472237374,0.0341709573006081,0.245723597088757,0.184521319852366,-1529.87760773988
293,0.125062936038367,0.588552251954084,0.00992985946420527,0.0177673041179176,0.145999891479752,0.0238292756723359,0.318692406548325,0.188217428403078,-1528.92852270743
294,0.0609488477714432,0.619832753262815,0.0128752135937712,0.0286472856150641,0.154946171394028,0.0136814174613369,0.320933583038882,0.160389812034873,-1529.47815400682
295,0.0831930412783325,0.54188901165791,0.0041610005268984,0.0284298344100929,0.163865533056535,0.0277922635464428,0.322433319346646,0.137549460027119,-1531.23816172505
296,0.128114798132436,0.56005660509313,0.0138930759197064,0.0188788997324816,0.158502334246207,0.0249217478617656,0.262394776579846,0.150231623347145,-1527.25102579325
297,0.123244704099568,0.556453562459296,0.0108298253890197,0.0423601609946742,0.142442551420888,0.0208256960591435,0.251342325039647,0.138070868156474,-1528.90009560472
298,0.0282242466635735,0.537051107404807,0.00975156842924068,0.00847037474094981,0.171029151317773,0.0318859369171671,0.271963178783168,0.167397317893604,-1530.53131209982
299,0.104374910160343,0.602040755627638,0.00995255679897601,0.0432127430212726,0.134795012301832,0.0294177794379838,0.264684224691525,0.139291692932247,-1529.80866167631
300,0.0353616896758006,0.466519160487973,0.0184382445820431,0.0413616190517316,0.13770253490736,0.0228930021385224,0.290057186976141,0.14949150386233,-1530.36956465867
301,0.0701150163028979,0.622992384361214,0.0105387772681329,0.0305005645622954,0.14021521974894,0.0181978595377,0.235432394613587,0.141521966455336,-1528.32813141184
302,0.0670193248527675,0.500708081906182,0.0212417183002292,0.0170624192511351,0.144809123881331,0.0402716473390778,0.225820820255755,0.139008676107411,-1530.2160997335
303,0.0773369110828821,0.498960183648275,0.0330793535629063,0.0337948612241191,0.189149559502788,0.0329466314632654,0.22593680127718,0.144738566642166,-1531.46746516229
304,0.0888858836731256,0.488900935410744,0.0227017101446417,0.0358337488349799,0.192550947728368,0.0128604313135439,0.251739668029548,0.145506871631275,-1531.02329612306
305,0.089630068303871,0.491952966180949,0.033033242734586,0.0235240825666772,0.132198674338038,0.0340236343800996,0.291297112655208,0.153194067383446,-1531.17553191251
306,0.0492226198541751,0.504401049467386,0.0330296805930565,0.0233513115837469,0.162553166201886,0.0236639268514622,0.302511185350433,0.183403610789316,-1529.1762251128
307,0.0444057352223791,0.596314162734863,0.0253794105450745,0.031485271091286,0.151739579204375,0.0169529206649635,0.32575625246927,0.173535739562221,-1529.56621843244
308,0.0365881257086354,0.579348869015464,0.0112012086655576,0.00757557241383178,0.169512860828819,0.0313668322842586,0.335149277744533,0.182287889723319,-1530.89069336369
309,0.0775240351913892,0.534471906714947,0.0130593565451635,0.011058523341545,0.164752174218613,0.0295447547527882,0.294337060602381,0.184771363980049,-1528.57958444667
310,0.0650823631875735,0.684153605973859,0.00848957627660201,0.0357084470926745,0.160728584037866,0.0222027443620057,0.27325593790705,0.186143578485055,-1530.4352841038
311,0.0387385404234066,0.497909092218028,0.006872589237503,0.0235380353254243,0.168358697637611,0.0256223884676269,0.299764646224427,0.180658257697333,-1529.26580865925
312,0.0968182784769992,0.609181136785397,0.0191616752555152,0.0131134474836793,0.155672952721551,0.0277456239346003,0.303202843108456,0.151073798706058,-1528.74263012067
313,0.0507852732176063,0.597975397352253,0.0151941918235055,0.0312080174547789,0.159323512568252,0.0160699831180851,0.25658117948693,0.159485689777191,-1527.18185250417
314,0.0684370945997291,0.502608073114122,0.0185591426258286,0.0211969465003418,0.14369130811201,0.0237076414861237,0.260019525776638,0.129791359624738,-1527.7849997968
315,0.0898804701313942,0.507237600932484,0.0523313876449998,0.0209774240516867,0.114034710191604,0.0312582762138687,0.181240301085008,0.112087744674145,-1536.96031281442
316,0.0721219045144503,0.513501639568653,0.00822239731238937,0.0399462303497078,0.164079524243104,0.0229917368397675,0.251853749341835,0.164321257483241,-1527.44202136463
317,0.0905121327067875,0.59892185494312,0.00918802184797857,0.0414887281645682,0.216324159156626,0.0165917492936752,0.244608572738634,0.159412042777323,-1532.11305816545
318,0.0569411551278353,0.57597625360075,0.016384970439961,0.0124333869591681,0.17502422549148,0.0282258566054977,0.288989086105272,0.183310609169145,-1528.26445810318
319,0.0691258528993247,0.581796091070928,0.0257402775736371,0.0219106652212266,0.180930179645103,0.0274869805774799,0.257162550842718,0.166195517919243,-1528.24245129536
320,0.14490629936183,0.528207923687669,0.000270178588475616,0.0208263052005641,0.148661972089956,0.020734680798167,0.284149554770184,0.134954386846193,-1531.10173701144
321,0.072241328518721,0.571419288402949,0.0422617210362611,0.0188003799543355,0.165757176404986,0.0248209665608165,0.246893599161507,0.163364196194658,-1529.89514007616
322,0.0224470063167638,0.600255889779534,0.0199935828263875,0.0326834143352907,0.149452282315646,0.021196812019206,0.281916803212592,0.141647712413675,-1528.40062434461
323,0.0656011827574854,0.647122834509833,0.0165907193226177,0.0152532573628066,0.164234829833223,0.0236638395833391,0.237251528240554,0.145370331467275,-1527.52929338052
324,0.0795945918831993,0.588907941455048,0.00589607281121452,0.0326012806904022,0.15645739437951,0.0252969679575168,0.269436509940719,0.165023402388619,-1527.09577915952
325,0.033815130186736,0.555068216303995,0.0261192270098464,0.0242235779954666,0.154164293161084,0.02185589262891,0.225067379754539,0.119468872156989,-1528.38774142297
326,0.157283432705268,0.572331621380292,0.0147531898078636,0.0375445095343652,0.143984937588513,0.0260205140231642,0.20422818834142,0.141929178248752,-1530.58680711958
327,0.183348320725288,0.445652040474922,0.0118539802049403,0.0515187859000492,0.1505720961103,0.0277884863312546,0.24546669920873,0.174270199228299,-1533.85573366912
328,0.0545690562322757,0.524386205427767,0.0251148880741012,0.0407546422668875,0.162272269545054,0.0328766107088275,0.277087586824717,0.162120265143281,-1528.91878099685
329,0.0385925006511963,0.60876438132272,0.0211676109662135,0.0356020668054211,0.139351897534753,0.0198921914547986,0.222822963661629,0.146281136800977,-1528.77287413338
330,0.0302318898259605,0.487349631270889,0.0129811565205497,0.0350104526603236,0.129963308452546,0.0220803358091949,0.231097846642921,0.133784073868064,-1529.42430814036
331,0.0597649496860518,0.472380045147972,0.0293704694850255,0.0305937884438286,0.166260427418194,0.0220166891611495,0.239996553178703,0.167214210040582,-1529.26442989789
332,0.0385437080915648,0.51835650505094,0.00165728183559554,0.0376653434227999,0.124680507972451,0.0126493235264661,0.215760842141879,0.173896740757675,-1535.3062166509
333,0.102596041895471,0.535713957061537,0.00316133328529993,0.0177889573245187,0.178806356294229,0.0105791664643863,0.274051649326004,0.137904049611665,-1530.59057027896
334,0.0865614583433193,0.545360933508162,0.0160174542647872,0.0204094620664163,0.185777562093577,0.00828635004865919,0.288400006542148,0.183433779608641,-1531.195926665
335,0.0182326307628268,0.564487222123589,0.0253334472837545,0.0177420947988542,0.172143490042897,0.0221596219094812,0.325712964945729,0.143034424503636,-1529.94759801679
336,0.0875329824741418,0.507998638363967,0.0236142432632552,0.0213009591151464,0.149831904571646,0.020734140199284,0.328048139848033,0.196425188460515,-1529.52498312089
337,0.0965143800042195,0.512346226027595,0.0168247889804745,0.0162910499103987,0.158905232336205,0.0314915584055763,0.319056767115748,0.152409488242777,-1530.11040429928
338,0.113214979333082,0.572753639523722,0.0166843930888678,0.0248576295915946,0.147542449346321,0.0202957827567099,0.21696908064084,0.151284646860665,-1528.10534405304
339,0.174133050634149,0.464929854970159,0.0170133773736725,0.0313735128052691,0.142060607636723,0.0164742228703277,0.201110076935285,0.120056977022703,-1534.1378896013
340,0.0368167828886071,0.540081037505069,0.00563060025790711,0.0460324609265996,0.161190104329167,0.0222939158451262,0.266819489846225,0.165659365950934,-1528.14348540213
341,0.0170652921402436,0.610492078366921,0.00277957376600547,0.0122654015317159,0.149831168524454,0.0178212554521682,0.284878009830712,0.171834297211819,-1531.38006915023
342,0.103570102393597,0.527338197633654,0.00649011887165,0.0230379789227005,0.169834122680805,0.0166681431050258,0.286267865859689,0.177264017812224,-1527.70497878856
343,0.0320127112321614,0.569394340537678,0.019993964501879,0.00928426390232363,0.153449882070697,0.0325201839608025,0.278856628297584,0.139268567256393,-1529.5997201796
344,0.0744376020752943,0.587015318602728,0.0092819197192335,0.0154552558738258,0.153383299818861,0.0181970465634279,0.25190219809999,0.151135822552107,-1526.49271184061
345,0.0589744273218311,0.516201676334828,0.0353345289044656,0.0208867215816546,0.157291511843436,0.0268850672033808,0.238469832735193,0.154299485807903,-1528.31633619687
346,0.0770188717286558,0.592029917389509,0.0168269487090664,0.0253665836987243,0.154132541451248,0.0282538830552053,0.292702757931187,0.170454278318954,-1527.22155810485
347,0.0428031860741857,0.57583479648597,0.0168868184433977,0.0199701514050366,0.157754912594812,0.0180274057378975,0.246961194733732,0.151509839098492,-1526.27135813213
348,0.0176586556516843,0.512642854467595,0.0184263965012531,0.0344051429514629,0.186170471536848,0.0166689202174581,0.247713903854203,0.139526725577167,-1529.29615668141
349,0.0212730026292378,0.481282995457981,0.0158593863128813,0.0281184172188422,0.208271729117106,0.0214068264471751,0.256768357788969,0.132977489315378,-1531.7939933822
350,0.0600208391534906,0.567021593048692,0.0124461608206133,0.0245173828416301,0.17470999355851,0.0208055876672487,0.259862071373655,0.166724456311133,-1526.41902790817
351,0.0586054237314801,0.527604281831416,0.0173281578057877,0.0407672496177723,0.182936646907488,0.0232567430386932,0.255922569157707,0.16469876526343,-1528.2072297824
352,0.0664815521113824,0.616764854713703,0.0278313916000797,0.0323467096988534,0.138395214418854,0.0313512629011772,0.229893144558443,0.175096855522472,-1530.84615045276
353,0.0258509810566842,0.572042069271373,0.0147499651293562,0.0272594201097835,0.146695088364877,0.0342153542676852,0.268189686784233,0.163231692732956,-1528.35139567333
354,0.0217079662091466,0.563532170124905,0.0211393154762997,0.0285558923720858,0.155696569057079,0.0188547828680982,0.230003932578487,0.147683359184549,-1527.50343728952
355,0.109349859968814,0.600718508385385,0.0330960464088021,0.0231663996071884,0.165166190466116,0.0326448664704813,0.222162003525663,0.145992134316729,-1530.79825287943
356,0.0894978513951637,0.473996685166356,0.0225338861988908,0.0250695996051699,0.121244057869085,0.02836569745055,0.242991503102329,0.18047431438787,-1530.29833785122
357,0.106760616877134,0.637765687505887,0.00604119116448887,0.0312877786819001,0.112066714189246,0.0314279193661092,0.30039175676046,0.136405521045591,-1535.46032550076
358,0.0555943334389001,0.619071271438136,0.0078322411200288,0.0357851780067329,0.171875174968762,0.0208206478252593,0.201747140996317,0.14166789146131,-1529.47190027186
359,0.0668382414293391,0.57838427350694,0.0139917573583622,0.0287846729604237,0.176408925387593,0.017788301146256,0.335734908275667,0.184794490009601,-1528.41499938336
360,0.0379791712478215,0.598111897621932,0.0105700490502073,0.028108473757975,0.160479463231898,0.0187006723393538,0.259104051567981,0.13373259045925,-1527.49750782822
361,0.0942341759438807,0.557028329135579,0.0144433925586278,0.0261774613080197,0.184540019357333,0.0280708302578328,0.229635025235728,0.130543299452067,-1528.44614953349
362,0.0563016558188206,0.59571051880797,0.0345813511193884,0.0327720129373375,0.154970881430163,0.0232184615739865,0.220292046628433,0.129247448580253,-1529.18406785482
363,0.0539105216342458,0.503349767561956,0.0387497508194996,0.037674434974075,0.148811413093543,0.0208418953242957,0.225177874474238,0.14186794654179,-1529.50206908184
364,0.0418158151229971,0.614280844687215,0.0147342189185509,0.0162379628240384,0.163830038726995,0.013695992436331,0.270590906061431,0.171765674587285,-1527.86340055393
365,0.0178662145167799,0.643252737123276,0.0123812107247517,0.0249256026338526,0.191813061523913,0.0161683143476767,0.325424289033963,0.177241944313573,-1529.51932799489
366,0.00528247141624282,0.574144429355215,0.0217879178592424,0.01137255753846,0.176842654068737,0.0259053156622754,0.256395079250272,0.180923844335489,-1530.53509924539
367,0.0379735969002134,0.559104322992392,0.0142336637888577,0.0173676844657761,0.152289363838857,0.0160481674284563,0.248350789157737,0.127903377121869,-1528.02410634036
368,0.098127619239734,0.544515247016886,0.0102875873912823,0.0234573495999661,0.148245407216936,0.0286490116859735,0.228073895105163,0.140848659043277,-1526.90707294585
369,0.0719805881316482,0.613034516548489,0.0186159925184715,0.0386129981611164,0.175528954293174,0.0283864552807043,0.222397685989829,0.125319484759081,-1529.1375009086
370,0.0210058081782915,0.501194387688574,0.0282286145096938,0.0412395812928366,0.139540572769657,0.0290967850047874,0.211966803501889,0.13093924253741,-1529.4552534992
371,0.0526181294915125,0.506636925636371,0.0312007928798414,0.0346837357117946,0.156693146066565,0.0327948594093233,0.249528029989438,0.152643376324503,-1528.64523371721
372,0.0695546544435503,0.49424577929161,0.00723596305645429,0.0100203653335144,0.161702300713983,0.0182355197789076,0.266453939344685,0.157911640226638,-1527.9417161931
373,0.0949798302986116,0.600890581408399,0.0145339797441122,0.0321880088584142,0.153802556358775,0.0212186857271919,0.280394127573147,0.150868670000523,-1527.47278672198
374,0.103068969086464,0.515866851466419,0.0143519358682624,0.0213370135554151,0.148608176383915,0.0225730875853874,0.222360542038849,0.152760843518209,-1527.15327794143
375,0.070678459714053,0.606166527284745,0.0224501563994836,0.0255500442568021,0.154849188345243,0.0241528220629321,0.291212577796579,0.173541477091897,-1527.4916631341
376,0.0283069451778489,0.537155634877359,0.010433843885013,0.0322476142037839,0.131203736423629,0.0200135179466561,0.290360005814569,0.180563928891052,-1529.07193355853
377,0.0837285682912216,0.472609517892728,0.0242160181176324,0.027198017000747,0.163093565044352,0.0191370861546762,0.273334577858089,0.140078019340874,-1528.91769403288
378,0.0724044695436064,0.483583528967809,0.0204873889549544,0.0264429507654431,0.157617437995576,0.0218582585986529,0.268289702631395,0.135876740055654,-1527.90295852075
379,0.104515112644962,0.601773224727127,0.0151530857255907,0.0132429815027508,0.15885743887499,0.0280055362425177,0.265295463217941,0.144140167213432,-1527.76777544561
380,0.0707965397753813,0.460225364868747,0.0137508050813143,0.0396871148660309,0.166108119028402,0.0248666462976767,0.261231505028952,0.111209418396563,-1532.20512281645
381,0.0742275209673352,0.495508841153064,0.0206889662654221,0.0177847847432341,0.18091984201635,0.0177562471454205,0.257089132160271,0.159806452449263,-1527.99318801194
382,0.0653355273355031,0.538102892138597,0.0163838086524379,0.0168372159373993,0.166489446700363,0.0185573948586646,0.309843668182367,0.184770716188928,-1527.17177705955
383,0.0638365479561742,0.554363636286313,0.0147917552532889,0.0350843218106968,0.166273190723121,0.0277324904013994,0.322136341352791,0.201750670297882,-1529.78983730193
384,0.0641857301574831,0.546750558591597,0.0102991543050046,0.0270628838562201,0.132950241425217,0.0389876666978127,0.311527179031626,0.194148054666981,-1531.1758100874
385,0.0613153966747737,0.580085390096902,0.0199481313908376,0.019179972823945,0.149824897033808,0.0143554017347485,0.325196778240399,0.173793549372607,-1528.78477587922
386,0.0934128657596642,0.50393391164793,0.016625638663704,0.0350804648974803,0.118686497221849,0.0322619792777559,0.215747808705702,0.174236418539082,-1530.95292928071
387,0.0638518829359816,0.535456127484703,0.0203518033141157,0.025002023654361,0.147642593370145,0.0190893351060914,0.213662834069278,0.159525777823097,-1528.0765521308
388,0.0598528153250371,0.495194112711496,0.0099402861250396,0.0477506058704749,0.135201633270802,0.0270192252734008,0.255602775011059,0.147011588302926,-1528.35167704703
389,0.0682799099859936,0.529568381801848,0.0135078516392677,0.0181234375072994,0.172308783415747,0.0337951946468155,0.268313971030264,0.165957994051634,-1528.48943639872
390,0.0499512304688624,0.591617388122876,0.0146974135018849,0.0284548068195277,0.153383191583155,0.0141300758040958,0.285523063798948,0.196413012640373,-1529.30195746692
391,0.0977705881044667,0.578350704443749,0.0125087494691092,0.0113465031536692,0.174731495071571,0.0291398897787487,0.337627723607322,0.164039847311211,-1530.06219632815
392,0.0118515887300653,0.722976577088958,0.0264050659377198,0.0222765129931506,0.194471177140747,0.017360739453817,0.244497121716434,0.133963960492143,-1532.19951243999
393,0.0495484879250668,0.620727170841368,0.0145287730297232,0.022464314258403,0.182684777900744,0.022487233597216,0.246896035154381,0.136854980140189,-1527.11923710558
394,0.0523453792336045,0.489440891953631,0.0201622168226828,0.0398081650629108,0.125835942984891,0.0226875415028977,0.215652872697059,0.139987721412676,-1529.07317788826
395,0.0585189930735102,0.647505324797212,0.00146821447122508,0.046451928708314,0.175434055544128,0.0256596092897998,0.283641875960793,0.179957718736593,-1531.19867218018
396,0.0710531634913443,0.607334986182025,0.0166107397721501,0.0249151677241995,0.16430057589648,0.0167588184540467,0.283931702021059,0.178032307956765,-1527.46879151711
397,0.0700933253412299,0.582395168347182,0.0175270532372551,0.014171432358349,0.178228148154568,0.0258579216196409,0.359266090028864,0.219956983903344,-1531.61960053865
398,0.0249596068403807,0.569947516004508,0.02159966521071,0.0234553166335161,0.168099931595527,0.0121486134109468,0.378894089345092,0.192573370565261,-1532.02455305375
399,0.0704151580493601,0.625679858133738,0.0314182397187313,0.0094460395111612,0.168040945991941,0.0101476572155146,0.283931307683219,0.156494983515771,-1532.16878688362
400,0.0612942962432744,0.596267621414794,0.0101652797878639,0.00928632892089523,0.173116142972109,0.0218929504887803,0.28178075330438,0.156846300083022,-1527.14354429265
401,0.0179972787698131,0.59000016493293,0.0320007906360386,0.0323683765908414,0.169264619870113,0.0288430229061909,0.310932985388728,0.143433784743747,-1530.85175274149
402,0.0398832602014719,0.580418024582772,0.00514182172294108,0.0156968222627913,0.153218493130824,0.0231956022054678,0.280894230594127,0.186135556133419,-1528.46800390907
403,0.125220630717725,0.568315875262212,0.0131719792339544,0.0146378323000481,0.159447250009897,0.0179261580069134,0.263985025083092,0.156365831184435,-1527.41915362846
404,0.0955139014642237,0.591291712561578,0.0152572475109144,0.0247206664367679,0.136291396723384,0.0207133140225527,0.252499418752297,0.14861412136263,-1527.40437993016
405,0.0430146829314967,0.50729666508343,0.0152795232444294,0.0257378433662835,0.164864367351023,0.0106701082427,0.257117019430525,0.142857875399865,-1529.41486745813
406,0.0710321706533792,0.6038015167078,0.00567569182288326,0.0352342190758016,0.164941782150956,0.0317540543535089,0.197807148565855,0.158854516425719,-1531.62238753709
407,0.0634621703449014,0.535713264479018,0.0167229675880387,0.0291831984079783,0.172668859004415,0.0263983890483397,0.295399293882184,0.170096772557665,-1527.33623107253
408,0.0686471942512862,0.627412579864163,0.00686807223853775,0.0207152313059941,0.15465898626446,0.0220658964873195,0.274812680869666,0.190521104849921,-1528.47360122542
409,0.0910661270496564,0.623220651390265,0.00961500630571353,0.0238937963868271,0.175758981027172,0.0238159435181916,0.291215753968302,0.18554868766897,-1528.46056758331
410,0.0879036267294836,0.552860960728685,0.0230939632709092,0.0118414784123974,0.147975183974042,0.0314196551093676,0.261533863995957,0.180220009659361,-1529.11400663539
411,0.0256069065896703,0.676708048966237,0.0242042228970309,0.0296327455188814,0.154186159956904,0.0375984158415685,0.307430183696022,0.177360786027751,-1532.67525852315
412,0.0812395287687431,0.436873968945111,0.0198642732889603,0.0286885698061806,0.151548358081923,0.0180358219636185,0.271400435151467,0.190653046393059,-1530.84797108217
413,0.0663455821677564,0.580220115722012,0.0185626380200191,0.030659376118407,0.183680935767391,0.0203198190635672,0.304505387364949,0.150320611689927,-1527.9398266259
414,0.0502043055139761,0.58582942694965,0.0214083251705449,0.0250787544471346,0.18291825258816,0.0205128246488283,0.278426804620517,0.188418637180424,-1528.60936094049
415,0.0439589286055553,0.566797486157315,0.0242498202194905,0.0268656905664841,0.120989574253908,0.0220397148282696,0.260527213397723,0.151812267217667,-1529.04674041205
416,0.0683138207662568,0.605275082987281,0.0306898477616951,0.0153476097301036,0.203864406367211,0.0188114129321631,0.286366987372339,0.14888645998013,-1530.0290561629
417,0.0682032848469828,0.562351916515437,0.024246477899128,0.0154060552568927,0.1367935977617,0.0215118611199334,0.258872714623338,0.161773356240039,-1527.33681360269
418,0.0331246272431518,0.536450290706477,0.0207815511477789,0.0402713434108166,0.16391060677101,0.0292313390940801,0.270760970573134,0.158416053678215,-1528.01063414184
419,0.0887781844322637,0.635487451504516,0.0136980285744967,0.0118000553441088,0.140582340297097,0.0195034632541247,0.269410201320367,0.151525952772907,-1528.3903923744
420,0.0828692461925902,0.541282011145115,0.0186426539203053,0.0315526178962542,0.1501704877252,0.026029212572284,0.214815475694203,0.130590495543291,-1527.2491791145
421,0.0530854121241823,0.575362952991318,0.0242524494976946,0.0305682840809614,0.166935220321227,0.0217453578777811,0.29824790054233,0.139368324358561,-1528.41456077754
422,0.0687481390829289,0.586714090154324,0.0242889322069596,0.0255111508843488,0.166433661162476,0.0205593463294211,0.237533858992422,0.144499773609313,-1526.95898691363
423,0.093758034287742,0.541080884799961,0.0162119972100511,0.0240904421418824,0.158629989557774,0.0218861848732273,0.234563117279419,0.14257037604176,-1526.37279475203
424,0.0947090787348545,0.539740241867364,0.00341173843764665,0.0224206002853943,0.176862762035692,0.0276451103862369,0.235344284973827,0.128592164455335,-1529.26650257781
425,0.0476833559747228,0.594882174410915,0.035958129143344,0.0443652362754104,0.162481302003827,0.0258839459221059,0.231297522954609,0.154633515746531,-1529.96295445291
426,0.0668032819933467,0.517291799303591,0.0236402090595762,0.0384079682845299,0.193805100228636,0.0192966855622856,0.23820158629511,0.138693006534796,-1529.16266586461
427,0.035237306962388,0.528868479796804,0.0160048554603339,0.026529949302832,0.195296957759676,0.0197296244729453,0.249350678334939,0.148196700574262,-1527.99144331522
428,0.0878953490021535,0.560254448712688,0.00881560077170624,0.027221922810889,0.150684648040075,0.0262776390840827,0.265228502122353,0.166035090833564,-1526.55938638703
429,0.120242260340862,0.52186991645354,0.0210269427635163,0.00948452278831927,0.166530002715559,0.0260897846669297,0.222449782455341,0.136381436169629,-1530.46890542548
430,0.116311494918751,0.625589993790441,0.00731347491938695,0.0109288425476575,0.154449402078244,0.0256774382108693,0.241868636716941,0.145520175643372,-1528.80265661877
431,0.0731517814725019,0.565470270295689,0.0209736614414003,0.0214669985619492,0.1582512280862,0.0253404702958709,0.262065777221996,0.148076074629546,-1526.20584003741
432,0.0179615653352841,0.51969486333579,0.0121381499351597,0.0266834306106823,0.161720373687862,0.0210959949638535,0.228291243104162,0.14762404548601,-1528.09150396022
433,0.0168218241432048,0.515240596395364,0.00667858167590083,0.0240885627399911,0.151686858267244,0.0201988288542111,0.221958613199382,0.161173161940016,-1530.17695540126
434,0.171965950400812,0.570710118032895,0.0119920148093699,0.0306154033007082,0.150648617823667,0.0217782353581242,0.284489618711937,0.185213610275076,-1530.79802905121
435,0.155284924561779,0.532392526331214,0.0131200916613757,0.0300410120662502,0.130667788875834,0.0263653038828289,0.287393774441644,0.160013482720284,-1530.0214628091
436,0.0199486166182551,0.57775928656044,0.0215376777322153,0.0449382483648736,0.178813267219283,0.0183078662088392,0.279472772348702,0.153841191363995,-1528.99235353897
437,0.031866838400666,0.590831225762548,0.00412763298217493,0.0395846060461152,0.152734265987091,0.0282467650643219,0.24405172815388,0.150901406612763,-1528.73689000033
438,0.137976189616461,0.595159291800263,0.0151557764569278,0.0668970023308772,0.129014328753822,0.0261987953058661,0.236971786119944,0.1763944467895,-1534.34289597866
439,0.0546796769126171,0.430946518521398,0.0163167631185703,0.010673469321602,0.14832430266778,0.0267730260041554,0.273041297345825,0.132051513080199,-1532.58283021359
440,0.0624501550060975,0.703598146850175,0.0162169574317698,0.0412526572652815,0.20515187029909,0.0282108637401423,0.216933538198931,0.107890853243951,-1535.59086924445
441,0.098390802858499,0.694673574024992,0.0133115324217363,0.0169851051296708,0.12344516603047,0.0246783288920989,0.197157833496891,0.11033025017346,-1535.69624212457
442,0.0900106406373287,0.443023341401512,0.0236392032579011,0.0183388306251696,0.13324793310899,0.0208302634842909,0.203658714472202,0.164406201134787,-1532.03032061891
443,0.101536337749237,0.50152210819815,0.0102240814933273,0.0164814348187233,0.135782756026089,0.0259755185511258,0.314866132562514,0.175273889709313,-1528.75716179245
444,0.0575264199710148,0.543140521445302,0.0249678548067948,0.0248920275166537,0.141627531026428,0.0216469466507247,0.250936852736474,0.18398815997685,-1528.45044518594
445,0.0460596520607562,0.556976129116247,0.0206339254530884,0.0189954046387022,0.140494811700232,0.0190579926822177,0.24100054860346,0.167518265900474,-1527.52673965139
446,0.0677382071180281,0.572598883179821,0.0146294944783428,0.0184130343311784,0.197571206081006,0.0156866717515741,0.330428910215872,0.192584872419542,-1529.28992295296
447,0.0412276296570019,0.568342443272898,0.0139556097770689,0.0204607305614262,0.1766656892528,0.0201969056679005,0.280810222947737,0.157616685628935,-1526.22051857311
448,0.0819620251231488,0.503917261729154,0.0137510798980339,0.0295152629130063,0.176667116402443,0.0197131736742231,0.275672519997362,0.127341559008424,-1528.95591190652
449,0.0871210431210888,0.481294417260196,0.00697094470364833,0.00905335378793616,0.195723839504109,0.023823488093334,0.21106854628634,0.120243127628766,-1534.43640815457
450,0.0885730606241099,0.638430715169567,0.0251104267901161,0.047134664192095,0.136729861171523,0.0211288458508063,0.257721149735517,0.133626522286635,-1532.03319958773
451,0.033864923281934,0.552533555623861,0.023090124723723,0.0482137046208951,0.214868384939867,0.0270006233313727,0.215152277909456,0.129610329203532,-1532.50257966774
452,0.0584253168525552,0.554964145003832,0.0245122274596032,0.0196876867052383,0.221192486824449,0.0257528144026295,0.259630382715073,0.155769716694757,-1531.32113815947
453,0.0833036211395848,0.564347459423031,0.0037658341998198,0.0173097433588173,0.159619493564349,0.0190432501417867,0.258144174907018,0.137577935601611,-1527.53021783121
454,0.0783041696270493,0.580276551924158,0.0152019427823684,0.0235082459203794,0.18167484435324,0.0271859553299825,0.299244073296312,0.170466785628741,-1527.73071354879
455,0.156187400289799,0.566314146169487,0.0117969380077597,0.0270323070331575,0.182551376109025,0.0302040280753997,0.284963418521273,0.16021277002201,-1530.91563575279
456,0.133724204255924,0.60159418651126,0.014662490057202,0.0275583519140598,0.137277301518991,0.0310822552861567,0.205516707561913,0.145730110988938,-1530.16434603367
457,0.0739170124842006,0.499601834601339,0.0219898290197746,0.0353853478220872,0.147429640934235,0.0285840757274776,0.233301735931984,0.156407889026413,-1527.59958484458
458,0.0353258996650328,0.583884842149758,0.0278616652734869,0.0538398347563016,0.138074819341854,0.0261749923845896,0.27101269109208,0.126049183710235,-1532.06716086847
459,0.0639278617348472,0.550924463902701,0.00739933572032775,0.0517862483617707,0.153471761415202,0.0271031036722164,0.19434107057295,0.129620051043981,-1529.42386705528
460,0.0563547680614551,0.560146024859557,0.0159473931576168,0.0370737038022179,0.165669555300635,0.0225933567633853,0.244175439024952,0.14234287561217,-1526.61141725732
461,0.122304623011559,0.569385135653896,0.0119954095314701,0.0335992476426686,0.161438982806179,0.0237935672278916,0.215876292569799,0.144148247560213,-1528.30192235094
462,0.0999312582798591,0.510999644800871,0.022360665606639,0.0243146161628093,0.189615140761764,0.02520811724646,0.242458019640298,0.136950085660493,-1529.31956846259
463,0.0406683935694235,0.646763465946182,0.0105280625601041,0.0201116929757667,0.194666638218047,0.0179738481537843,0.289386415249205,0.165970559220612,-1528.22118630584
464,0.0649395230891438,0.50935264746462,0.0115367888375642,0.0129867414743341,0.133209613664311,0.0199255759531946,0.252300980190253,0.140863608582945,-1527.87688651808
465,0.0746017684606259,0.520453448127456,0.0163511941796467,0.0186949943610856,0.145537188635745,0.032642978311167,0.204842878017195,0.130666425393311,-1528.47901910977
466,0.0424206641667469,0.523544238323111,0.00847870116374608,0.0477301173508788,0.15893016168965,0.0168837428928068,0.238376622761886,0.138960813011009,-1528.50495218162
467,0.018794480505472,0.504755785452015,0.0198436673559014,0.0420864091825195,0.158656560512885,0.0341183017774693,0.224925011278585,0.147302855868113,-1529.72973795326
468,0.106149558197194,0.517966089206651,0.0247352442615887,0.0297695277297697,0.163472653196374,0.0358894996232274,0.257359592205094,0.141798870577454,-1529.90004852768
469,0.00829796258187118,0.619684151996358,0.0312137874912176,0.0405757310286545,0.154245962903833,0.0286539613886374,0.257899927340461,0.140583800786593,-1530.18598212364
470,0.0850323499015231,0.512730631389638,0.0271593522699439,0.0213699257189316,0.153855125968457,0.0190144138689328,0.268816337234393,0.168749589014743,-1527.78989413708
471,0.0847608951263954,0.550990759645713,0.0155472724233612,0.021888864593249,0.188024033887047,0.0110239635744391,0.278353914866777,0.163031868344839,-1528.8651307455
472,0.00543412491335196,0.684903059409789,0.0152475464599232,0.0171307819499292,0.189814585273138,0.0200719544604693,0.329031178759143,0.175750884236889,-1530.5619861989
473,0.0609093829521587,0.622966039946174,0.0315664051801697,0.0164321968219007,0.227914402025419,0.0182849323177218,0.325571030951681,0.158246777344694,-1533.04445421505
474,0.0782146393834466,0.586925895296187,0.0187278283022554,0.0264202749308564,0.13071188613049,0.0397954594531904,0.245175997566622,0.157275925196704,-1529.70882381732
475,0.140990917111275,0.615775442562362,0.0237588943223526,0.0264881667938392,0.158314785922811,0.0216813094351417,0.279016129190457,0.16092801350411,-1529.83501026834
476,0.0220002217720386,0.505090610422133,0.0319212668182336,0.0242670818607508,0.152640750372527,0.0273502026645887,0.223531070922657,0.151349135439763,-1528.87903258265
477,0.109988565474231,0.494909223718333,0.0341694648577375,0.0268516393582069,0.130379618160877,0.0252326188721127,0.254455350496219,0.150115037995064,-1530.0545490708
478,0.0467214664358806,0.532093880722607,0.0269186149972453,0.0196994929629598,0.172367373108665,0.0267489006859213,0.25886386918811,0.140644708224974,-1527.5169722904
479,0.0400888111985359,0.601718997804507,0.0237016107070492,0.0201505043493443,0.14752537111775,0.0202780588713058,0.235385609207432,0.151059734245414,-1527.3572298952
480,0.124550818109211,0.528836858959155,0.0106181652258891,0.0251095221865482,0.15953568040505,0.0313534507110072,0.222354830193343,0.153714492857751,-1528.81102829815
481,0.047605427756471,0.529083032858847,0.0110314519356791,0.0110212724061258,0.171507570286162,0.0374900529383728,0.226207256209041,0.153882884366144,-1531.58428016525
482,0.0444098600576719,0.59580665583145,0.0357624138011415,0.0303868552508444,0.146583586331199,0.0333408841921441,0.247209194132865,0.159442757011405,-1529.59200622361
483,0.0459325406596052,0.616560826874076,0.0270012261351741,0.0378090079621455,0.165940074888076,0.0180345926959471,0.260504043422647,0.166221401726807,-1529.01110291779
484,0.064985953899982,0.498977255060949,0.0165386580592446,0.00485532156662378,0.155239743123476,0.0162880115086169,0.256207994465314,0.132119398907223,-1530.94574950567
485,0.0607187569201843,0.553390989649262,0.0233841657925527,0.0300166459139409,0.190874401898548,0.0210078341615366,0.212193920253565,0.124741713553532,-1529.13269504997
486,0.0557008797341589,0.592235151793187,0.0219812642910231,0.0334968879536182,0.14766753776497,0.0200832803055608,0.231788515608605,0.129205956789885,-1528.0687529149
487,0.0501442641298397,0.57481032611662,0.0059192362410653,0.0353622159158736,0.156239355582589,0.0263961310649866,0.234862205123557,0.147484537779861,-1527.39442249778
488,0.112888798946509,0.560914852874262,0.0140798000237267,0.0375673150029582,0.162979590896891,0.0229173766403672,0.249484511620033,0.162131614380608,-1527.83601507308
489,0.0734767123122725,0.5490789622595,0.0279659300892136,0.0182188332699889,0.134927929151141,0.0255315214471628,0.284726888808965,0.188297516646873,-1528.91903471876
490,0.071743487406326,0.558356628134303,0.022853321804263,0.0213012602004386,0.130750709295918,0.0164680461533253,0.279539420696593,0.166804118407556,-1528.76508393291
491,0.0741228185193124,0.561240696116408,0.0202245196308339,0.0169201560576346,0.131918643991351,0.0306489661669637,0.254138157798038,0.151795262664517,-1527.54129402251
492,0.0952824249836548,0.607297674454483,0.027581259039433,0.0386625942380483,0.179602241776093,0.0166502670281293,0.236582992500354,0.165618127058807,-1531.35544407406
493,0.00207451563884473,0.514278347423585,0.0291395943359967,0.0150321654725971,0.154878158038064,0.0257267519476354,0.255851393154649,0.132379385201876,-1530.43057423733
494,0.0601198990788968,0.605158608000763,0.0168483084667889,0.0244795577006009,0.152670423504679,0.0233229329755722,0.237182998248566,0.147419906364767,-1526.45601235113
495,0.104630325544776,0.444285084159968,0.0167253249717393,0.0294471759034,0.175624318481535,0.0213174200835038,0.269206660286365,0.14461042958512,-1529.99292717221
496,0.102337647670215,0.499383215386545,0.00570864185130491,0.0336880751818619,0.164121011220254,0.0325493933783237,0.26747953986211,0.160457048706439,-1529.13752163654
497,0.0676816018485877,0.504770187713245,0.0302737281090145,0.0222432712043901,0.157542412725036,0.02009625313797,0.245681725883438,0.163991873318716,-1528.0339238681
498,0.0919248552432777,0.493774018970841,0.0147992584208108,0.0119048588673108,0.14470259689632,0.0275543421020815,0.31703738473106,0.177499863023727,-1529.14382566334
499,0.130822991911901,0.648593615930797,0.0187014058841042,0.0193355777064833,0.16764272645872,0.0178344093806447,0.315341064591984,0.237258661973837,-1536.24916953189
500,0.041169055325296,0.523080562283127,0.00721301531579337,0.0184742676494639,0.164089167567039,0.0166537372858769,0.286223187758484,0.150266288703438,-1527.82071545034
501,0.101917470791451,0.543857260545348,0.0187077063787416,0.0158750228226301,0.17122686620512,0.0290907193709188,0.228729754348647,0.143252511319751,-1528.33905686518
502,0.114018639045894,0.578630137332047,0.00145705129984276,0.0411922182122815,0.136985602236224,0.0263307417328883,0.255149968945366,0.146827981592866,-1529.4711130865
503,0.170445491271649,0.505157206645103,0.0301677958123942,0.0395594839504789,0.144447089670921,0.0279109005100363,0.202765329163098,0.15402491078952,-1533.2422599263
504,0.1558904895397,0.49852450316554,0.0248800362152034,0.0415413732331837,0.15537890816266,0.0262467896671974,0.226347889310586,0.171944454335832,-1532.37872950033
505,0.132878733200634,0.518594335365933,0.026320258533324,0.0167443683612856,0.156469249350597,0.0267777500495413,0.350524254675119,0.180514826604531,-1532.44185695726
506,0.00381381534380214,0.598812385981329,0.0300652997099354,0.0151484652978116,0.157817065252707,0.0251580721863795,0.24185313194104,0.122523479470808,-1530.31907636935
507,0.0247317663376613,0.577110026641768,0.0264077755176293,0.0341203272974182,0.168785058007081,0.0210453632598436,0.19990778780321,0.147795779158402,-1529.74883668134
508,0.0196677649556717,0.492833577981225,0.0206642226588805,0.0202926422881485,0.186676519913086,0.021000280925668,0.315855745510682,0.15790974486113,-1530.12408846298
509,0.076803304421261,0.496232487526055,0.0246496800229875,0.00871675302957738,0.131224537549163,0.0253094937766113,0.316886818515711,0.239162427353267,-1534.86777937163
510,0.126503078379473,0.48070422839144,0.00432819538218216,0.0494465404026719,0.14311382564406,0.0210317520487433,0.317047196246162,0.207905837274556,-1532.88348989196
511,0.0517209551134034,0.606410984991324,0.0184618490573649,0.0379293292129517,0.202068823477604,0.0137266976509899,0.317200173040448,0.152117621411173,-1530.89615876667
512,0.117389375489011,0.450148478622908,0.0129977457719678,0.0296836311710686,0.128832757783871,0.0389771050095356,0.173931639850422,0.103794121028984,-1535.26639982018
513,0.130265024604943,0.590391679457307,0.0232990113578564,0.0298911583301334,0.138054410197419,0.0380143476022027,0.224236395773839,0.150624406255716,-1531.06244456395
514,0.0870357167639578,0.462475704040461,0.0238439090906283,0.0440755382643509,0.112745558509208,0.0204187922278739,0.206541216220649,0.131077310850278,-1532.51507521002
515,0.0643820183867649,0.465329582649064,0.0218614725706971,0.0407435792279836,0.14940470597243,0.0329556991926304,0.24296465651924,0.16682001000786,-1529.44856737012
516,0.11783639729928,0.442426620721223,0.0218338459689814,0.0426218104755485,0.160001356262845,0.0297686139042615,0.233511734451711,0.15116998436202,-1530.62057613583
517,0.0346091751904054,0.580612409116868,0.00305715826962808,0.014341082262384,0.154596159988818,0.0308509345965155,0.3269944169108,0.183518417173677,-1531.46109526031
518,0.0492680776410042,0.647730262658642,0.0107583796239667,0.0294879459742757,0.153129020751913,0.030328196197911,0.32811624119023,0.186711634537566,-1530.09302985774
519,0.0616490432708541,0.529188363536973,0.00653929536113069,0.0136286475806793,0.167601725197986,0.012517757383793,0.324323210908472,0.179168296940529,-1529.07684027237
520,0.0656393796885937,0.661652702119237,0.00360337640270363,0.0155125973190116,0.176359283844101,0.0171005353246394,0.287349863760249,0.150239120095274,-1529.43073475404
521,0.15731765000103,0.446806524500767,0.0162990725233566,0.0512434195482539,0.162224678223056,0.0316294106756451,0.217886828309982,0.148778730513731,-1532.85214208658
522,0.150326558353666,0.534299781395347,0.0171200484290637,0.0523539638283684,0.145139375520188,0.0306504396324421,0.245054182140369,0.164174895180416,-1531.09863963576
523,0.0877590552444265,0.50122118224584,0.0107526859176575,0.0492957088324926,0.152114960834421,0.0272613328023958,0.250474964232426,0.156630677907813,-1528.02355818476
524,0.12678016957451,0.567182869738079,0.00566319691418884,0.0345684736425787,0.13938044027365,0.0230561224830877,0.310890957152311,0.195756951686043,-1530.14926462029
525,0.0613665043407037,0.491932890539576,0.0206039343193182,0.0299988645552255,0.180703232980145,0.015785132472631,0.297207606678639,0.131551366976909,-1530.70780378208
526,0.0172875594179998,0.649601794800473,0.0111055776600212,0.0288360714045785,0.164334062467129,0.016201896293547,0.209178293610691,0.169191514849567,-1532.34544133579
527,0.083385932064965,0.57972622561494,0.0192125821794629,0.0233779313512981,0.163711379341118,0.0249581180818654,0.253639901327547,0.156913583446495,-1526.43507414919
528,0.00756329002260677,0.50302692215942,0.0283406205266954,0.0329452931351175,0.143303529097618,0.0248061995853384,0.27436730141052,0.163854506533439,-1529.6525756418
529,0.136041887592127,0.500921327165229,0.02369636601413,0.0161520020594525,0.1360919620757,0.019080741367941,0.261835495505813,0.145873570378561,-1530.21341049823
530,0.154311507117515,0.575659343463387,0.00477929743314878,0.0225030766495489,0.165385267374857,0.0168570798859608,0.243737240779158,0.145789965934575,-1529.17549819125
531,0.121123596777697,0.566765631052327,0.0194608208369455,0.0236971759862365,0.180873288248666,0.0222992465451588,0.282752126071135,0.132695302838802,-1529.60949653025
532,0.0224365785055934,0.547358742484834,0.0139003241735672,0.021722627612425,0.152596947982111,0.028857138846165,0.244272512788198,0.149610270439357,-1527.33749608532
533,0.0549923229307914,0.498725964927749,0.0195722520497842,0.011972240639624,0.162569730606995,0.0200433267549795,0.264392684158287,0.15967055922515,-1527.22763480255
534,0.0594401098388779,0.55576854175152,0.0162801553990914,0.0363369995126263,0.157895380907185,0.0293097863255595,0.257382504877796,0.150388740879117,-1526.89270153528
535,0.0696689121496024,0.516604872097382,0.00806823170403645,0.0391855732830071,0.169522321011644,0.0272562107386633,0.274499680304074,0.132465886722886,-1529.0566419752
536,0.0646482342345805,0.537195038482463,0.0198322511039519,0.0287449604010522,0.152558660820921,0.021447663815654,0.251777624105536,0.143606773394034,-1526.28432562974
537,0.0659779766520421,0.593257210159393,0.0289333504252472,0.0255842123273717,0.174455870356002,0.0214961589206063,0.284484513151671,0.183381330312204,-1528.80899024305
538,0.058958432875527,0.60823851059142,0.00416076739061184,0.035507447299988,0.149284037648156,0.0204074258208538,0.303812595201672,0.154535567652522,-1528.78177757226
539,0.0752081060193312,0.606158828255705,0.0277110519547661,0.031064857814192,0.175503186067122,0.0368484389534579,0.312613240747165,0.153418910198834,-1532.01986966554
540,0.0490740860397936,0.610720689051395,0.0195923624068254,0.0308101139457745,0.17004182864378,0.0357334054792649,0.278492212646232,0.152752998834959,-1529.21052379203
541,0.0589893642202483,0.577267861711746,0.023652814012081,0.02597386213305,0.161657568079176,0.0221851998645927,0.306856410194021,0.154659506535949,-1527.51962283984
542,0.0664866404809684,0.571144375818312,0.00662039965656764,0.0247568661278076,0.187319408000546,0.0237670985163584,0.242726343271832,0.144423672697626,-1527.68483079906
543,0.0772018294886161,0.562929975216563,0.0169176953349254,0.0211342698519579,0.145904960120701,0.0183132455235822,0.284784134032176,0.177960047907512,-1527.05054412765
544,0.0723764592208703,0.601195145436545,0.0097169296501128,0.0227139274403611,0.184959567733363,0.023868345100401,0.305221640196785,0.154103860978098,-1527.67640905528
545,0.0720504417090115,0.714220895033874,0.011808568142921,0.0214066878727374,0.171116615032783,0.0271052355448728,0.247641458730057,0.15217696799312,-1530.00205008942
546,0.0856392742902906,0.672759509273114,0.00967894751245607,0.0103790829951101,0.178325950033452,0.0202632380778831,0.253963154324704,0.134420889496978,-1529.63671200656
547,0.0388859555018095,0.628934270603983,0.026106572457123,0.0311259634757423,0.162509698315978,0.0288369248594503,0.206776446013101,0.136260400073913,-1529.27735263784
548,0.0756678972025875,0.584477022180041,0.0118134888306098,0.0217538835290057,0.171523153357496,0.0162761690773272,0.259532373469138,0.161097140683972,-1526.59433558507
549,0.0798677027849242,0.546863027701604,0.0211585253448358,0.0180997914868521,0.195242119591076,0.0262341470711342,0.254980190423148,0.140546250989479,-1528.72647558769
550,0.0838061774063104,0.542235324500057,0.0129206898325548,0.0276626354145562,0.125896755757889,0.0205262911194933,0.234069977366283,0.162342292812405,-1528.13893921749
551,0.0686978929329608,0.438498179350194,0.0264126976513979,0.026134375424028,0.189690035871589,0.0241525764215635,0.263212445657383,0.132977104418573,-1532.08271734864
552,0.125885678253753,0.563254923605002,0.0233778337675885,0.0336112842948245,0.14061816721149,0.022985705780598,0.306844207377998,0.197179099247412,-1531.21314423001
553,0.0521367746542482,0.695667135172813,0.0367837586291219,0.0229298064892778,0.174483827770517,0.0221959922861101,0.330973256843589,0.192014154352474,-1533.3025977386
554,0.0857154321637923,0.445777386541424,0.00432454064328891,0.0341577925893407,0.142152631137091,0.0242637098286661,0.306027757262347,0.155153721651629,-1531.01150121854
555,0.0937568626495861,0.545716600475105,0.0171866061630245,0.00956899497862409,0.148821923532737,0.0184337055288591,0.217089696002525,0.137256329601674,-1528.6967722048
556,0.0693623159326913,0.553703303022758,0.0089060742837215,0.0311417398341014,0.160048756191466,0.0278089070657138,0.262562853477764,0.142323959145746,-1526.90553205509
557,0.0646036687089013,0.614604628242807,0.0171174461551296,0.0215601293076724,0.160816641083298,0.0248021876602238,0.269064485976614,0.201602957057368,-1529.68003468564
558,0.136798256760657,0.573658475047725,0.0047695116790122,0.0395746182766406,0.139178487870131,0.0296383560554835,0.241571528922827,0.170458868236206,-1530.0629741493
559,0.0555657026176642,0.579317752271284,0.00977135114075844,0.0498977532702869,0.164029738972825,0.0335780185035078,0.251221499050905,0.155805469792788,-1529.13797765912
560,0.0462899721813314,0.536974985539776,0.0385480794045635,0.0251547590230942,0.148517360070825,0.0215715329526891,0.254315627096377,0.159039354476094,-1528.52527267314
561,0.0823019166028538,0.632867970203975,0.0251277254893086,0.0212836160897902,0.161454069674441,0.0232978536914759,0.281841798213647,0.150108269481608,-1528.04933732812
562,0.00560957277736286,0.589421505993468,0.0264053786382605,0.0266514578254602,0.164014568361691,0.0249384420632353,0.264449764749002,0.153329588212824,-1528.07573531192
563,0.0331417214409234,0.533910781151713,0.0160548639904331,0.0332238882163699,0.143329066236552,0.0200584615096996,0.239533041542914,0.137963619327386,-1527.45425014555
564,0.0767794203589746,0.504499987991651,0.00742387172589308,0.0368746795284838,0.126490841625763,0.0272170769271666,0.220781538025876,0.135357565567139,-1528.58307276585
565,0.0879604549384854,0.543952622257628,0.0117117562010487,0.0149248418804755,0.171489216465763,0.0284605878575333,0.264467215610057,0.148672091840376,-1527.24164328849
566,0.0930168614954372,0.576655137914125,0.010272748805286,0.0332806081311822,0.157126501309753,0.0255315998428365,0.27964265256425,0.161255350440365,-1527.00452580514
567,0.045102228629024,0.571905425432956,0.0256453413775342,0.0314171051118394,0.153613915810966,0.0233474664863107,0.304122484065874,0.159418807319248,-1527.94936568722
568,0.0553451745652002,0.573295252665516,0.0175221799732559,0.0113954827035081,0.171413335432729,0.0209047137341407,0.287307062214102,0.16330365520441,-1526.55268536713
569,0.0476465337574335,0.549109413169465,0.018762585768104,0.02601836312228,0.159431434981331,0.017726229509283,0.24493210672062,0.133218591492362,-1526.9136642157
570,0.0517414323098576,0.569709514622665,0.0120623784390984,0.0333142013244759,0.157812670281424,0.0225680163298769,0.206627216863889,0.148010087541836,-1527.7732556416
571,0.0993026000600032,0.572226896470245,0.0199248524903045,0.0572715453634922,0.186633650193701,0.0225777387571797,0.314614370876079,0.166422483963407,-1532.16679026089
572,0.0621443955628199,0.522293558040563,0.0159267995576858,0.0660768097292663,0.151977752220511,0.0239108128621693,0.222156439575322,0.133858085560607,-1529.34471284618
573,0.0863171989540014,0.541394935938835,0.018647675083223,0.0748808611778055,0.161603728190615,0.0247410790528645,0.213256457614699,0.128599306176256,-1531.29607703796
574,0.0578654066986303,0.478173608722984,0.0123006099729906,0.0351774456189459,0.147244201156654,0.0224198026118264,0.201144117554041,0.138676620738121,-1528.56333878591
575,0.0432971131621353,0.515345943963951,0.0126188296183402,0.0408848484396377,0.134670323059711,0.0206924058092363,0.256059241760497,0.175576951376641,-1528.53357349786
576,0.0547595048498409,0.534097085004282,0.00526650473015152,0.0462395420499662,0.146387447412784,0.0183860321671475,0.265348873701839,0.173470815022443,-1528.47484492069
577,0.0916720692970816,0.559300625894804,0.00919969263318724,0.00834760948804189,0.158515812256341,0.018433817356965,0.269788966880091,0.160285437148986,-1527.30635278255
578,0.0951459459466363,0.521615400607299,0.00257290152379062,0.0366555389138861,0.15492559163186,0.0229415565608091,0.247515809865662,0.143769494577102,-1527.94382832124
579,0.131036937065183,0.444616967391994,0.0121474474343713,0.032892061690381,0.190102350952816,0.0169622758188597,0.307579172553746,0.168085338642304,-1532.78197809235
580,0.0629043727910767,0.595952007871256,0.0100025528092383,0.0291587768159347,0.154507660598758,0.0290991556886711,0.267326076121266,0.18775172165714,-1528.44228522593
581,0.0443780834690216,0.557805315565857,0.0133723695811691,0.0239454109507243,0.147054891512727,0.0227829304427866,0.30215035165098,0.154493710905849,-1527.17942953325
582,0.0680070702897323,0.565308697186229,0.0191429418683428,0.0124823907600599,0.122444063654062,0.027277256676353,0.252044099129626,0.163769128263344,-1528.58818355854
583,0.0282594074309588,0.559132152132373,0.0137409129600578,0.0168729318338119,0.142375470894732,0.0153661835768802,0.254618577597512,0.152489229560043,-1527.95230026087
584,0.0864193956101079,0.50825642257003,0.0165153333840586,0.0321016123466652,0.135830021538004,0.0315809605278211,0.224941521764007,0.138277479553331,-1527.7618445059
585,0.0630718665778114,0.49134352402488,0.0176572397541076,0.0158461754127084,0.156923146171104,0.0133536714630144,0.279434270604684,0.171943455702789,-1528.34559181508
586,0.071917940272666,0.591096671103186,0.00670516278617756,0.0126878263583581,0.168161999367113,0.0186198925422014,0.30267886816797,0.158813258278733,-1527.27685450155
587,0.0830909503780329,0.586141097714738,0.0124463979129562,0.0115550492058537,0.174103691918185,0.0249556762795573,0.204194834822689,0.15345635599269,-1529.86720243534
588,0.0889341765418876,0.583484715748382,0.011549620527364,0.0510573240764861,0.143036407108748,0.0162774831417532,0.194950296561295,0.152471850966389,-1531.97952122719
589,0.0626460533094042,0.556008782775442,0.0286770702655996,0.0308081548400843,0.182145083942383,0.0345549616745942,0.298884111165828,0.168292002010663,-1530.6104551921
590,0.0601695796006771,0.565058658324282,0.0366847753594308,0.0129222915547944,0.14693878485705,0.032274117225274,0.331296138470209,0.184937063149171,-1531.61938632096
591,0.0258542770234542,0.610662418037966,0.00969935311111366,0.0254386555057388,0.145426951797164,0.0257513965223922,0.275531084636308,0.190373795480989,-1528.96703241415
592,0.0444520759460688,0.628580958026248,0.0156053351269411,0.0460009175046003,0.156468135255372,0.0220144068816356,0.348414583205469,0.160281305126073,-1531.87174402974
593,0.0361564164172727,0.594360741437365,0.0153663517630628,0.0215496393200145,0.189118726481843,0.0169363310357221,0.352384950163453,0.212989464119653,-1530.76218291169
594,0.0889510270026552,0.549603884292331,0.01218926766341,0.0230203084088668,0.166542472282417,0.0173591033112774,0.330865082896224,0.209410258916464,-1529.43377210399
595,0.0560163324279062,0.571163255105762,0.0175777848946498,0.0114019020362831,0.160251355253982,0.0275367555428122,0.323093403819027,0.210491506308053,-1529.95834692252
596,0.058931153963541,0.655326033104825,0.0179996384598616,0.0328464369316505,0.157168581338146,0.0208409186891792,0.266878445457314,0.221333200646279,-1534.37619312886
597,0.104348097768656,0.413513774271699,0.0266692198813051,0.020725014249344,0.101670305369592,0.0325418002142136,0.330425319110088,0.219725390105767,-1539.83470615245
598,0.0317139994931783,0.665934318246718,0.0100726982144133,0.0484929741598316,0.217919983892208,0.0111203033859632,0.368260803631247,0.144351186775404,-1538.16427207374
599,0.111749556337441,0.605825227217531,0.021880059269404,0.0218928515530814,0.176870397506801,0.0166320816577745,0.2372066710241,0.143226494172268,-1528.9379075734
600,0.0624457826750038,0.597585206892981,0.0152989664388074,0.029027134312658,0.148851603314115,0.0175815202159476,0.242966459410829,0.143776361275192,-1527.14760096019
601,0.0629845965954631,0.536842269661091,0.0117740566262872,0.0279615283079992,0.174726128893349,0.0213620931308693,0.291651465509886,0.169815488523714,-1526.7877552953
602,0.0299279768188792,0.640949395677081,0.0139805866690597,0.0343448291397649,0.178402536223156,0.0191595561138994,0.249488265155231,0.136461788559726,-1528.38774111547
603,0.0694039780509525,0.580410619564494,0.0171120741564466,0.0224978460135847,0.189207050330763,0.0244979936046684,0.227276078099395,0.124383963725908,-1528.31614243796
604,0.080555754994586,0.564816408929333,0.0145065945938545,0.0332629852933441,0.12626516677335,0.0204638700412497,0.215578894880613,0.120619018392668,-1529.85146690631
605,0.0120262952133202,0.557192598927513,0.0270063938593873,0.0345392044887044,0.147805229202528,0.0238280996130977,0.233946164045125,0.156019102597358,-1528.51520894777
606,0.00260910739825383,0.554898328322413,0.028341351215,0.0368203250863424,0.20455063143602,0.0318365779779089,0.306926913710099,0.171089114068179,-1533.67877505258
607,0.0715319165303615,0.557649958035104,0.0117583421580978,0.0124898980957548,0.130483965937812,0.0188382779954254,0.292301529539769,0.169929466244912,-1528.13053096513
608,0.0634041283981286,0.531155173916623,0.0241720328403572,0.0277240219674652,0.190930579124855,0.0169013607173904,0.348836091696929,0.152779293145291,-1531.35985120131
609,0.0418523468793261,0.651061209492203,0.0252411311100023,0.0216406576246888,0.192063275781343,0.0211353293433569,0.299801554590105,0.166955144894339,-1528.93812976858
610,0.0200643953908373,0.651426696825785,0.0218983095560175,0.0172329924919119,0.218502689074314,0.0292867360167402,0.280666720361103,0.162127248240931,-1532.09757057771
611,0.043701357485216,0.571758316484104,0.012029992464298,0.0341892678375946,0.200567254930165,0.0265209631337456,0.250855709836154,0.126120577378512,-1529.79662631071
612,0.0592039143942264,0.562816585051659,0.00887675592656103,0.030420156744896,0.143280819167924,0.0288262041799465,0.242584104096797,0.194630774693178,-1529.86662113556
613,0.0510723839807653,0.571319025318017,0.0407165279820999,0.0183650355228918,0.141606654063545,0.0312891859368526,0.281029569482353,0.19214664022937,-1531.37458431238
614,0.0551236003139931,0.531114389149652,0.0463803204959909,0.0317745592603162,0.135643164393428,0.0304515004302764,0.288442964380754,0.137942461952653,-1532.47770482472
615,0.0448613401352963,0.540589617727498,0.0134127395616193,0.0316404952934229,0.162156461228591,0.0293853691423881,0.302547572078424,0.142434051927265,-1528.87016629341
616,0.0611614704506329,0.544247363423195,0.0153108592465937,0.0172569897514489,0.177370860102528,0.0186824129861903,0.234492878385884,0.173628055642212,-1528.30661894114
617,0.0649251395769122,0.555566502824468,0.0163521389504623,0.0193596140278729,0.159587171410735,0.0265242772488893,0.246052139222791,0.171132386148403,-1526.88936294099
618,0.0705699340221341,0.5987203134023,0.00772581771546292,0.0458396743120462,0.145947970574389,0.027973761452796,0.279502109279439,0.165796246242375,-1528.45621442549
619,0.0415914657127468,0.572218200794487,0.00720048444524879,0.0105135654987642,0.159410219721495,0.0267397032320981,0.285045526209329,0.145992865815802,-1528.51787012771
620,0.0811410111189189,0.593771328109376,0.0105221188874815,0.0173599478157163,0.140302695422958,0.025720085870937,0.275092530757883,0.173725174921089,-1527.14933815657
621,0.0690444220358259,0.504714110797761,0.0257726091200377,0.0233916237353275,0.162336163174586,0.0240385060476664,0.316242342805992,0.173581088370313,-1528.46150768733
622,0.0746209254308763,0.497261971696099,0.0377339513095141,0.0173375958750731,0.152051586040559,0.0128402789840978,0.232564780948181,0.118867833136517,-1533.58968193833
623,0.0492463756776236,0.534887945575355,0.0390900810447384,0.0237148730349984,0.161067030887908,0.0155591559626714,0.237023723006793,0.159512564020721,-1529.99751171027
624,0.0299588894204011,0.515044102179961,0.0422189957741666,0.0241319444315157,0.157925185817475,0.0152744176298388,0.230490872187285,0.126639505432039,-1531.61066171466
625,0.0430661087517965,0.481469108241964,0.0449305396661858,0.018720717992855,0.152408467637538,0.0420652580372627,0.24860544887889,0.191999205838864,-1535.63141178847
626,0.0946132247010916,0.429982733663086,0.037408465977747,0.0323147909945768,0.140864975151409,0.0209454991067703,0.328743116140134,0.176881828276322,-1534.49923185348
627,0.0554047550130116,0.535309850443028,0.017841926485748,0.0284793348681484,0.193720512447983,0.0157940664442861,0.280541036716839,0.132489102459976,-1529.11278586552
628,0.1110723780125,0.574049163867787,0.0147262653572787,0.0285483753058076,0.202242081796054,0.0154879507595935,0.278478604329556,0.159065445172158,-1529.56214252849
629,0.0311649017211518,0.602169916077681,0.00883400972990915,0.0466046814529431,0.160026419610811,0.0313532098550056,0.248899353296219,0.13917864862162,-1529.21379808231
630,0.0361746958381828,0.549169267086929,0.0310388581857228,0.0329303211150216,0.16681772584987,0.0152588398141113,0.22699050200424,0.149595302897826,-1529.34775068931
631,0.047544796738998,0.54792313221731,0.0127749886658328,0.0246862976479021,0.158095230184298,0.0274256305792755,0.265144667873851,0.157926775564357,-1526.28396322309
632,0.135381753795366,0.570783100963793,0.0129152959957852,0.0239476786826796,0.123467122358,0.011615890799753,0.221811886250591,0.14792575951132,-1533.39717416771
633,0.131305318227572,0.492364904417647,6.68775948039458e-05,0.0367907830297984,0.166893570282733,0.0198389683964411,0.293903903963869,0.166088437634612,-1530.66423472602
634,0.154318950407841,0.569424795881094,0.00386603077554011,0.0295926350731715,0.171909803435306,0.0206602447721031,0.288066387431005,0.160113191869541,-1529.4386365437
635,0.118372775077716,0.602627266445574,0.0103046508518439,0.0245521221816598,0.167729023506928,0.021546746509867,0.286259772572403,0.129899820218394,-1529.32464287063
636,0.0519321774970774,0.624486074754112,0.0107272001396328,0.0303892065241348,0.177704551969126,0.0217496293079156,0.282457882968198,0.133816765740458,-1528.39390560973
637,0.0503422637355715,0.536431691734161,0.0183860879900426,0.0171722203913262,0.184717084748404,0.024118834335929,0.262757658086648,0.152986519102815,-1527.01911628904
638,0.0619994662455553,0.53678609976311,0.0362628451687924,0.0190639543344413,0.172929338119389,0.0242807704906347,0.273854830531276,0.165609926778749,-1528.66544430515
639,0.0302279925284459,0.528674498416789,0.00817657943429393,0.0191965585288034,0.21129805212678,0.0104889007186677,0.324009651171178,0.178541806327228,-1532.19904286067
640,0.032623837713422,0.543632690264812,0.0166125963229112,0.0353288667793077,0.16226170107196,0.0394165857040467,0.269943284286158,0.144887270530805,-1530.21673120948
641,0.0769918369270403,0.571923535781776,0.0185938828749771,0.0338179063636995,0.166285913083241,0.0389843075981099,0.259852727853253,0.135705457341115,-1530.09010123891
642,0.0534557141244314,0.532605327836648,0.0202102621548331,0.0186819459085194,0.133535388543417,0.0168657465879867,0.257374254811199,0.15751677683096,-1527.78480244315
643,0.0285242008040996,0.544982190507481,0.0157917846787051,0.0231068994959819,0.141373683193,0.0296824926337137,0.278717345345957,0.168321701520289,-1527.65201718081
644,0.0964634926494287,0.602619561498701,0.0110263121656752,0.0320791445666482,0.14001188038912,0.0240353442524636,0.25417127795065,0.132097404759958,-1528.3855317485
645,0.012412079121458,0.575966464099203,0.0306263330938039,0.0124285763149803,0.14375366189861,0.0260755100379384,0.228151082856599,0.130663538308856,-1529.82723743929
646,0.016722103706008,0.618787092869078,0.0307614076550577,0.0294034712122396,0.133741721336082,0.034756702556591,0.218590121494068,0.112981970656181,-1532.71108482565
647,0.0428076387397312,0.499466299414174,0.014069132753471,0.0216924158517015,0.160891117439753,0.0223289662918308,0.258917829864301,0.128001818679536,-1527.92154465527
648,0.125037443481617,0.616690497878666,0.00930200364321455,0.0226778293831651,0.185109129181159,0.026172618787324,0.274898091981755,0.173932095209078,-1529.57230477435
649,0.0566835026680494,0.559610324722766,0.0207101007738249,0.019119330431473,0.157971498941089,0.0183846535144128,0.293107212804038,0.161756780455313,-1526.53081872777
650,0.0797176543175098,0.581086590981974,0.0195167533700018,0.0212596583850816,0.15571625122626,0.0243279977106059,0.286836044078535,0.155323637160784,-1526.58532551755
651,0.0875379184683441,0.56544806988133,0.00522707839471497,0.0191594979569532,0.153931719853062,0.0391920504087928,0.287365189959325,0.159196216428801,-1530.32855423436
652,0.0774344226901901,0.536712896028915,0.0360086644838922,0.0339150954537936,0.174363011204795,0.0371719399937305,0.286765938327975,0.251291874505614,-1541.53497472796
653,0.0810872137511815,0.461169937542865,0.00757816802819689,0.0393069471934438,0.157955029247209,0.0364402804238687,0.315921461670602,0.23974346017551,-1537.20971679146
654,0.0683662828953765,0.453656877713232,0.0256160211294863,0.0141175245391376,0.14740083751489,0.024240648052409,0.337396547827617,0.219179422650813,-1533.1295263604
655,0.0611716722855693,0.626222574393348,0.0271581662343238,0.0258646233515681,0.131489174858842,0.0221739165187935,0.291330195853925,0.202632260910072,-1531.58684784404
656,0.0654202484922499,0.520905280338318,0.0288477794706287,0.00616986827516333,0.147171446854343,0.0207400095337849,0.293923846863035,0.185739220605001,-1530.11052223773
657,0.0408128312741433,0.572956394298639,0.021713548232498,0.0119611211150833,0.149259105262497,0.0165719593570197,0.301493238009073,0.15535076586629,-1528.1427697031
658,0.08348255680355,0.503470234286223,0.00869450715905148,0.0275001132005405,0.174726484256373,0.0252039227585828,0.237205708751274,0.136021435332359,-1527.65195679492
659,0.113395369832396,0.54725959166592,0.0109724840658296,0.0312593196513031,0.174755445359138,0.0189385274163553,0.280772911766937,0.159038549196674,-1527.61140908944
660,0.0689127004819983,0.608854941642122,0.0114901915414531,0.0220974584830609,0.180472780939307,0.0142475631239266,0.281608115821034,0.137162675324829,-1528.23767708692
661,0.0748799437264658,0.578866990904647,0.0141644213478784,0.0207501925734785,0.1626565469518,0.0228702791384972,0.272904701477384,0.167221039749202,-1526.03241583136
662,0.0716150591934685,0.581746101190104,0.0296253201187495,0.0230830225939569,0.151515719056534,0.0287299919408392,0.298709296641658,0.159708633214305,-1528.46855712595
663,0.0558533037246467,0.563144396921713,0.0227414330618705,0.0240646822062959,0.164381711802417,0.0247430930487138,0.269922825611426,0.148126011473598,-1526.36711582159
664,0.050830900711378,0.545452747398371,0.0157637168498828,0.0296179464413618,0.223535560590538,0.0197447300344623,0.284062774853832,0.150160282903942,-1530.39998341317
665,0.0956464118048018,0.607519220626809,0.0122872055249874,0.0342551019608963,0.185827288935733,0.0199227047342968,0.261501174804118,0.135500802690213,-1528.55260748793
666,0.175993201317701,0.594491868601223,0.00829053187533468,0.0298994029666824,0.160427360113047,0.0293788674438009,0.269318339137349,0.198824229905273,-1533.37546388219
667,0.172942446164384,0.585602359937441,0.00948262503774761,0.0179828220306484,0.131208537338078,0.0294174620199211,0.309211946037896,0.213672431695939,-1533.70616825321
668,0.100814420528472,0.540994745277289,0.00544686785849147,0.0210822446678513,0.157017790872358,0.0156025335477887,0.300534587188026,0.201612503818839,-1529.2226202783
669,0.0690863269170608,0.580977951207603,0.00481192055524026,0.0190179475450999,0.195562161022589,0.0134053037474473,0.319775939407443,0.184829359601826,-1529.57808471109
670,0.0422017928067378,0.578634028498346,0.00700890520208692,0.0263806586156722,0.14065724192438,0.0152916064974619,0.261205319315618,0.187152882422643,-1529.35094100225
671,0.0902978281119838,0.486785153208441,0.015241009432377,0.0120600117946512,0.158582268531677,0.0223477426859911,0.284285662732344,0.149300433822318,-1528.13137836447
672,0.0271602273984329,0.5050817906916,0.0320848935323252,0.0299816381273138,0.163427907380305,0.0142451941546667,0.265771048954475,0.163061265417932,-1529.76623178861
673,0.0671003250188399,0.48838644379255,0.0302256663664947,0.0372151278915425,0.151868832353136,0.025683642084816,0.25735955001623,0.135089198637652,-1528.79478092514
674,0.066246197327806,0.494079761611492,0.0245910761341545,0.0259170136298007,0.167823673067427,0.0177743215346763,0.311699109546769,0.137284660122847,-1530.54366778212
675,0.0481698124984201,0.627957756178863,0.0126624172122602,0.0251001959264394,0.186083197387973,0.0226986077084169,0.198163233820119,0.120097960060059,-1530.03239189447
676,0.128354252205639,0.605851898908207,0.016417357784426,0.0413756679140121,0.131791466480976,0.0269103906145781,0.239074827792584,0.146085709350093,-1530.0599092234
677,0.061060211298216,0.523628877599949,0.00680537048931863,0.0168499461453628,0.139919809484494,0.00965513618787576,0.272408391248525,0.167370025826018,-1530.73917332156
678,0.0308142553751117,0.568333329507301,0.0339754223404186,0.0164958326422764,0.217558082924256,0.0126892462526147,0.288558261100519,0.151153638324135,-1532.12923386976
679,0.0309053587928052,0.551576300367825,0.0309685788750276,0.0414599875088687,0.131522841890237,0.0145008957746527,0.231557914316732,0.160083977473048,-1531.97329379172
680,0.0314915177522537,0.448502489690284,0.0177150276328781,0.0160005900011743,0.149490485451288,0.0160198410918876,0.233696326356785,0.137243748947376,-1530.57002736111
681,0.0948682415971445,0.668041801332963,0.0101456601554818,0.0230466133445127,0.187368416003605,0.0315566052922012,0.240540502160874,0.159186099964451,-1531.1123305131
682,0.0310294833618805,0.662669049940683,0.0283154141911064,0.0228572157913263,0.153217613125761,0.0182272882626306,0.270617939963624,0.168723279434416,-1529.57073209385
683,0.0754136339351229,0.432832662801064,0.0408002027674281,0.0230369760109008,0.150011637512285,0.0202009007899294,0.270926829486192,0.146712297833346,-1532.22605450528
684,0.0240996927742741,0.548990357194941,0.00571891032659383,0.0481491087851036,0.197758474464288,0.0265106084789058,0.268644123018081,0.147330892171359,-1531.1880757851
685,0.0703539855402088,0.618769790588697,0.00218040409733552,0.0637753298460901,0.156971975469138,0.0331104929687254,0.229666232004917,0.128120512963974,-1532.33926073817
686,0.072823614449721,0.545003164232032,0.0303645294495251,0.0349769634240158,0.133155448764337,0.0286476869822209,0.21359235930736,0.137493348091798,-1528.84160219687
687,0.0309594175465638,0.536939800863091,0.0397745760099329,0.0235909479241447,0.143454356192381,0.0298454409424904,0.230460263659522,0.155687441071882,-1529.4312641107
688,0.0411411945974755,0.622917145900652,0.0321196111001488,0.0243155677324754,0.136317927982946,0.0297833730428504,0.232056441776829,0.142971262234921,-1529.44302594241
689,0.0880216772642087,0.571428268781632,0.0197839030777832,0.0271815680431298,0.147786152270887,0.0340663042627204,0.242628794557989,0.160971127719662,-1528.08743505182
690,0.127357491731692,0.567868444495786,0.0234973055431542,0.022827044968256,0.166972327381231,0.0211112278230712,0.288065375801965,0.167326531153952,-1528.69552409427
691,0.0709332618192308,0.583862686838392,0.0039227787706005,0.0159777743971215,0.143343567265838,0.0275485866312242,0.293316997822065,0.172300585372606,-1528.31338432029
692,0.0695391217549018,0.532317443103593,0.0116450209137979,0.0358127086313995,0.166990587781885,0.0193968321349595,0.247450606806938,0.172576668876616,-1527.65186596188
693,0.054622751728716,0.662913547066057,0.0106056330581274,0.0611730362983925,0.179992797727492,0.0258330270705873,0.275189570171432,0.185199577661502,-1533.35528324513
694,0.0650902564596437,0.469300512076757,0.0154394855149354,0.0072172309740471,0.13371925482422,0.0161656424085615,0.275717352660255,0.166025058758052,-1530.48112636981
695,0.0901616503580976,0.548816907360294,0.014638370724829,0.0276365152493271,0.174718107695885,0.0224203483435206,0.271189873697829,0.150669768813794,-1526.60925113073
696,0.0361187337575811,0.564439410928886,0.0281994641840565,0.0454227620024676,0.148993496950211,0.0231152141332872,0.231149723434107,0.16111622761946,-1529.03348278559
697,0.13068723146124,0.575591770381954,0.0277204833898675,0.0318994538360184,0.200685752390543,0.0137824321210724,0.288064423442583,0.152769306693426,-1532.83193289573
698,0.0419415839708572,0.60862284090604,0.00290637835478254,0.0265193715758061,0.130838508066889,0.0257343355860261,0.220017804280942,0.173734630867366,-1531.6071763254
699,0.108936327670439,0.582141519157507,0.0278887561747486,0.0200325264220877,0.182310718408627,0.023112665391197,0.346111313189464,0.184666964704232,-1531.26116167474
700,0.0174477919023484,0.565388667232009,0.0218715766387031,0.0139892120100167,0.186085739669825,0.0162237671888521,0.321100856302233,0.160280485327043,-1528.88539059764
701,0.0620840958660782,0.506186225419205,0.0108306567151234,0.0414875101145834,0.180252544772548,0.0233915303692801,0.267142477009485,0.121699636044885,-1530.19041959725
702,0.0471315793666466,0.485202275298543,0.0178971958931097,0.042109971700151,0.166312214334584,0.0295661522305456,0.275595338175976,0.135294928564611,-1529.67962243008
703,0.0724092396831065,0.498548145472729,0.0257124039192646,0.0181773248362083,0.162353872851123,0.0312765028565291,0.271395622477859,0.154905386798064,-1528.48932112445
704,0.00254603101082647,0.5362257025102,0.0216835661651654,0.0537201901429476,0.167684399278888,0.0316906156177406,0.222367808144974,0.150927381479991,-1531.2532730969
705,0.00538160246051055,0.611267532572525,0.0201138116721963,0.0194325455050308,0.178740968210333,0.0262665729750564,0.225442479143656,0.122224851399348,-1529.80112749382
706,0.0591605722086806,0.630091459378293,0.0200547946435906,0.0286513528465153,0.178815463563383,0.0201416639164278,0.224813057249409,0.147229101921681,-1528.23825772518
707,0.0365576455069656,0.561200328633483,0.0192532005976731,0.0236173405533447,0.144303581376372,0.027249876686628,0.21280882849061,0.162337299495929,-1528.41948717133
708,0.0766887089840249,0.54123079279026,0.0155934599299254,0.0285985253279559,0.165502376562764,0.0209493154719078,0.220683508337793,0.108735650947851,-1529.27724810282
709,0.058485947128898,0.607832832241795,0.014962091611611,0.0363448571846636,0.158589436842496,0.0264172707604533,0.216730833707664,0.112618589745223,-1529.48234786914
710,0.0644069229798332,0.485739288817317,0.013187860675988,0.0273977670500861,0.150290318721026,0.0360987269586292,0.188765813567319,0.123193534895007,-1530.66700890566
711,0.064764944017946,0.603830276884362,0.0324877109216595,0.0475650041254546,0.17778247674811,0.0219045078944596,0.245406004830196,0.166284808790189,-1531.06619596647
712,0.0188508845892588,0.632685799105696,0.0287853258235121,0.0425639281739062,0.15272405832104,0.0292236851486254,0.259775197141406,0.142260345736259,-1530.08939790925
713,0.0577844032471972,0.611502215557691,0.00843591845388894,0.00877783638493648,0.17916011778409,0.0128514919015726,0.303145565490026,0.12987072248268,-1531.55715347783
714,0.0573435398603666,0.540755427242723,0.0188441604299626,0.0444914404003908,0.166928927895824,0.0151908791025513,0.283476499241229,0.191015845813966,-1530.07979207052
715,0.0867163807073613,0.512317642347146,0.0162200317915452,0.0230588426801465,0.182026641386302,0.0182631127674514,0.329453116065204,0.199259379051288,-1529.74050183254
716,0.0387530150567827,0.489362654833851,0.0148098075201959,0.0214541967757627,0.135982676623774,0.0170914083256706,0.30758990047931,0.173912023703801,-1529.47259128056
717,0.0120542613002522,0.562122992912514,0.0244539398160205,0.0148339055181059,0.158824477417785,0.0179258324842728,0.264853564844976,0.138710623850578,-1528.31662540309
718,0.0896413251285467,0.502145867315714,0.0171326453809883,0.0190893734719219,0.152553188267345,0.019560268516303,0.236547279215933,0.166649793689779,-1527.51093153764
719,0.0664496041721736,0.501040015668056,0.00911009135238067,0.0243598192378496,0.145413121108688,0.0284692770388075,0.259300278474678,0.178454251935007,-1527.83642516609
720,0.0943754040877621,0.552679117092375,0.0142762361941017,0.0289471963796814,0.160399222140336,0.0275477424617969,0.260412797514255,0.185048485537295,-1528.30480281652
721,0.0984248274573374,0.469764958208248,0.00565595451678237,0.0470598495286672,0.123935332044168,0.0264155237692841,0.33819666600985,0.1563873731572,-1534.69650874802
722,0.0305113717989984,0.54461983829097,0.0165461798359201,0.0268948355070512,0.199826159644138,0.0249120604108585,0.270366361348013,0.155413273842662,-1528.58379860634
723,0.0955452852697528,0.597886960932199,0.031972747543886,0.0167562962829115,0.168525292853271,0.0249736031864927,0.301206755713933,0.170760630901114,-1529.44142622224
724,0.148822751536979,0.532254555367453,0.0159738816908633,0.00768007854078821,0.156540889454339,0.023798190691939,0.263468779327744,0.152651183914401,-1530.17777137057
725,0.0826040656443638,0.566790284795567,0.0278622809914572,0.00710868597064392,0.141790980076832,0.0217813740266234,0.245401668790634,0.175620265111859,-1530.25950938289
726,0.0908441821472497,0.50964995212256,0.024116014914796,0.0449799343856389,0.146481607163577,0.027586063345502,0.256776344123429,0.157772255967476,-1528.40983945029
727,0.0866441488234823,0.496852422743786,0.0258727373511953,0.0212013107076481,0.151678067533577,0.0229888706947731,0.275650434207561,0.161522263780041,-1527.61262125569
728,0.0226869616416511,0.551982965872513,0.0190557286826543,0.0166748225946983,0.156852440255704,0.0219887079509697,0.279060434217612,0.161711186485712,-1526.74918362418
729,0.0464615839980341,0.520654676717825,0.019393694066845,0.0485245395390403,0.158408019481458,0.0227795833549399,0.288226686503164,0.184528873957034,-1529.19256328968
730,0.0688666143753275,0.513338584345166,0.0181645235051092,0.0269468669987267,0.173023434356047,0.0176562623852498,0.296462394377761,0.14606554094088,-1527.88660246589
731,0.0243090803303524,0.507839222912505,0.0344133414021042,0.0157868350008359,0.163691729558377,0.0165538971391192,0.273557946126063,0.179866252632228,-1530.02224394019
732,0.0523971375504977,0.623715350895714,0.0160329512551933,0.00917154497804479,0.17948782711823,0.0121959911336397,0.316563685771802,0.165233682530949,-1529.20165549693
733,0.0536504368167439,0.531234372621608,0.0144269275751919,0.0246851919625954,0.146195408243357,0.0386012000042894,0.286115088936256,0.207478754260027,-1531.78131846376
734,0.0304239038699938,0.491248869739865,0.0104284450226155,0.0488161672232618,0.149567454710204,0.0318450385731215,0.322046095980958,0.212648630850089,-1533.6564747005
735,0.0435568969919643,0.590648887589731,0.0118056591670107,0.0430446025778144,0.147926963670303,0.0149951160556832,0.319569908596166,0.142447769672295,-1531.88913798297
736,0.0630797821743702,0.540391537617688,0.0189170128554686,0.0046652832554687,0.146407274123526,0.0225297498682498,0.299714682303272,0.164002111336019,-1529.18241165506
737,0.0723629226588254,0.538568478155387,0.0120537665616141,0.0402280147987839,0.173421265930507,0.0251450305288646,0.254971075883334,0.163529919533155,-1527.55786829474
738,0.0276491797612367,0.68504415908308,0.0137051702127777,0.0273416089585225,0.174788708685669,0.0201763104691621,0.281130934804232,0.144322520049651,-1528.97827156977
739,0.0763995667352818,0.586308865129652,0.00891571072757459,0.028187845341503,0.21161289332999,0.0212709852373494,0.23227678467923,0.152783410515783,-1530.26729273803
740,0.0353448010998123,0.57252325136567,0.0329149384054858,0.0395258022409018,0.112367168010982,0.0269858371653309,0.230419127216452,0.132148723749885,-1532.14363170652
741,0.026813625417187,0.557930745390754,0.0299892179577777,0.0151115402188333,0.16238397657509,0.0230953322674469,0.28217612394016,0.153441470116381,-1527.64880244551
742,0.0482135343588926,0.604039903725992,0.0216609469150255,0.0189674619635708,0.16269809020595,0.0213999279878192,0.238651143280238,0.140023154468873,-1526.68755542787
743,0.080903271124624,0.494507148239409,0.0206714170095176,0.0250429523683034,0.16247681886668,0.0284079417248692,0.240225746809131,0.145486323657575,-1527.4139125521
744,0.119871939378356,0.572649828945551,0.0244576040914771,0.0277609586104797,0.141767918595508,0.0331494586564943,0.214161087078254,0.147742261114106,-1529.70397872893
745,0.0975603050220981,0.528528025384068,0.0194497377930006,0.032724206992574,0.145725114046528,0.024991015117278,0.243636441582027,0.140034794111062,-1527.14814246578
746,0.115555425586069,0.575768171663435,0.00257888072734552,0.0286106587181104,0.122940534878578,0.0280869693970539,0.237208221982658,0.16953530653488,-1530.22206830805
747,0.0515048900171047,0.520733840098718,0.0229947777516862,0.0200653906290414,0.140636325471167,0.0163739675406054,0.248348997918602,0.13049232807489,-1528.68815763284
748,0.0625239193171811,0.614166835845592,0.0311885094577477,0.0417029587448958,0.185014285974585,0.0263636361235674,0.287531916463555,0.125263408023643,-1532.44179910855
749,0.0894392721424309,0.487364778104333,0.0305119870264776,0.0471746934314236,0.15577123268349,0.0210134104496113,0.293064384001719,0.200271402137408,-1532.40428769065
750,0.0655463185272825,0.488807584525802,0.0131793162182839,0.0334098489834408,0.14284541870862,0.0196667566383871,0.299848946849063,0.165473417191724,-1528.31536325981
751,0.0567837196289355,0.534402258284826,0.0227000265472515,0.0113248406591078,0.153671394928158,0.0270231470065028,0.238401458782758,0.129962424361052,-1528.13831222627
752,0.151309381731926,0.64033685494576,0.0166040841726695,0.0352921995518741,0.124162603839838,0.0294994709674769,0.220449585770083,0.125834375457694,-1533.21378814334
753,0.0293266430495632,0.539613879836306,0.023259226313302,0.0251580219149109,0.159435588680641,0.029045863247798,0.213447630676204,0.118070296188001,-1528.80219144425
754,0.0795082753947733,0.593342614278788,0.0155490227672657,0.0203799244672345,0.141284711307427,0.0305249059685303,0.235911362858008,0.162691270610034,-1527.69481152451
755,0.0629718951010127,0.491822256532803,0.0172321636936745,0.0242270642704444,0.139653881903564,0.0309105700702531,0.233043050238375,0.156042909191449,-1527.59892395771
756,0.058135919573798,0.522481734571434,0.012297119133792,0.0150835797454212,0.156976437610301,0.0216588361619485,0.322064845227439,0.16488650280099,-1527.5710767491
757,0.0485112613019165,0.60963138244382,0.00947642050442011,0.0263665290715732,0.184556899357978,0.0256111859644903,0.261928815907777,0.145479282625607,-1527.52072438592
758,0.0390316881354317,0.507596113658822,0.0179646596569206,0.0224606257067869,0.131955753003949,0.0295838878337385,0.262160126590767,0.151097296133053,-1527.87363683587
759,0.0860436429061117,0.635230801185214,0.0220360645676686,0.0187764114866987,0.185667755110058,0.0266512246123397,0.279352072046204,0.142530382311576,-1528.99117657818
760,0.06086963922913,0.617180366840174,0.0106654117362425,0.0252006102670869,0.125472287633333,0.0234561874498783,0.226856789702628,0.152798865288189,-1528.90555586171
761,0.0604329220888377,0.499084109033061,0.0186367168518115,0.00991008961327363,0.129990725894041,0.0241389444771531,0.228333012935213,0.13416467323391,-1529.1597417577
762,0.115734432181667,0.437635122653464,0.0194256971495486,0.0477802634020373,0.158541864003251,0.0278143482072879,0.196905394679102,0.111965919868763,-1532.35521564733
763,0.0773644263907334,0.520883422637754,0.0265357216506257,0.0546966204908978,0.144735339827048,0.0251532181075364,0.194317114024056,0.136993851564011,-1529.98839309111
764,0.0615327276257355,0.513646181098244,0.028486194690476,0.0453909284108946,0.190346434421349,0.0196886959010926,0.297703860848598,0.129895297012358,-1532.29052377184
765,0.0354084748993266,0.559164854679464,0.0134057387975539,0.0505791388007356,0.175693305805186,0.029705009256209,0.275750139403642,0.165689868988886,-1529.39559566939
766,0.0426507280199356,0.546970598913139,0.013484862284005,0.0508582562906634,0.142204232767837,0.0228840986574381,0.249239167204086,0.152038140522461,-1527.90747636797
767,0.0487907720985446,0.600791788779808,0.0203820770117571,0.0179898637506673,0.185137393713756,0.0276944148502309,0.2614422479588,0.137095595502684,-1527.8696681479
768,0.044869688320523,0.5622755254542,0.0163467593742638,0.0264901924877019,0.176815820731684,0.0180816789795343,0.26866694639688,0.145804740743665,-1526.54560510871
769,0.0586713225771865,0.576915991270699,0.01236239761061,0.0254926371069752,0.161882680983084,0.0292726259311729,0.265099869010035,0.123681276552715,-1528.45538181219
770,0.0640691858632103,0.615900257260758,0.0142828125210992,0.0398048453598051,0.149091644903162,0.0215954394225496,0.23214990441275,0.173139453414188,-1529.17676091829
771,0.0605644539237179,0.550713740950765,0.0220270380189808,0.00859299540501073,0.166221371409097,0.0198416861815383,0.31830519682039,0.171096712258858,-1528.14733849567
772,0.0729477820915599,0.547677564432094,0.0316307398927607,0.040474968981636,0.162583373063679,0.0208855255667351,0.271239078357885,0.169694945807448,-1529.050692892
773,0.066404602799204,0.54140118504536,0.0249398351319572,0.00815987841459529,0.145739285443648,0.026648489895531,0.276950698634271,0.16269468516673,-1528.2854245489
774,0.0522195885028469,0.570925369475368,0.00514923026641922,0.0510105222546541,0.193764540290408,0.0188542492649191,0.260176538271791,0.133430703331166,-1530.22643865398
775,0.0423575985461519,0.493170973706828,0.00852721632856147,0.0275419762591549,0.175404112186653,0.0203941423505896,0.231520767119199,0.142509727142573,-1528.31064437249
776,0.120072764075415,0.508758810066656,0.0317963664031569,0.0392220929796539,0.159445847837701,0.0225897268755936,0.211180834399668,0.124631075586656,-1530.77794811639
777,0.0562443599643936,0.528239020137856,0.035825892520496,0.0289499963619946,0.132678355957105,0.0363273665716309,0.245197253270784,0.187325355633014,-1531.84171873247
778,0.0451542408485648,0.557947262901306,0.016875534538021,0.0534232519638658,0.14028043880541,0.0194693459925887,0.276295561530681,0.193484699864814,-1530.82938557887
779,0.0965111711446413,0.484727670324865,0.0264673988434952,0.0318809294042471,0.171257981531865,0.0404264454296876,0.281080093239143,0.187983450107141,-1533.50895292093
780,0.143184553366358,0.510953580346046,0.0188421931816875,0.0339739617984689,0.12987848853247,0.0433916962006529,0.288958161481438,0.140541300692108,-1534.68690200471
781,0.110675547105207,0.589510555236041,0.0250703301032328,0.0242209968630102,0.155213296553409,0.0332769039111308,0.254615952132432,0.14315346090416,-1529.10938531791
782,0.0425309834074539,0.543866945220493,0.0220283505202505,0.0435402487958551,0.145382736290987,0.0255252032745926,0.244489848029152,0.153659859591873,-1527.54618823452
783,0.10677809555384,0.503005473538722,0.021198933626933,0.0242053488492587,0.154721147606798,0.0232664958036146,0.260321449499822,0.13679635114231,-1527.95928993968
784,0.015220035683716,0.623465515317922,0.0102052637204628,0.0347699233528813,0.170182433479529,0.0208794445942131,0.247830866888599,0.173361221896539,-1529.32833841159
785,0.0986384029282799,0.534059105718389,0.0207383684243255,0.0204990789746346,0.171376041998684,0.0246292553701179,0.26934228425852,0.163470986732552,-1527.30307180495
786,0.0605629778514666,0.578792294893953,0.0290188632456175,0.0330557497510519,0.173473519349984,0.0176824825661982,0.255896141794782,0.171767204144418,-1528.99661648556
787,0.0342053774427244,0.504136529344505,0.0295004546073378,0.0135188060510076,0.147493995360375,0.0271828020818526,0.276584868434789,0.14082014279396,-1529.28894287286
788,0.065915572175696,0.62916220191114,0.0261309657455582,0.0110784544005043,0.14295985914232,0.0245653209884606,0.254108152240495,0.160148538764795,-1528.74684059508
789,0.054262773510267,0.503256607354077,0.0182078828693852,0.0519982397430208,0.148694449960523,0.0199374751309056,0.262810460370288,0.16626723924451,-1528.67936319988
790,0.0804511199153228,0.612725701968374,0.00210146458969132,0.0374282564072734,0.178355415765795,0.0287307668137634,0.307694417168603,0.179206203456963,-1530.4830871546
791,0.0913175868747708,0.599627292962939,0.0115683847580314,0.0315818807939328,0.180941099086973,0.0197045891526645,0.26787856275369,0.1706866001126,-1527.91792649047
792,0.0420597334233586,0.574241553053941,0.0153607548304776,0.0222439502272883,0.201804422574231,0.0136310177104769,0.289762349991194,0.177286887870752,-1528.97718591487
793,0.087104083454198,0.468554665446019,0.00861902297165672,0.023079924330536,0.201086032215041,0.0231183126984794,0.25890004390755,0.150233193808318,-1530.58625293913
794,0.0754860160944372,0.59132167731639,0.0248254632887246,0.0269794695030932,0.158282822609594,0.0195931386345514,0.222140848751842,0.168506724551662,-1529.19331846185
795,0.0588413057812535,0.498076884134713,0.0290942615734031,0.0243471075287119,0.138009355702205,0.0312399874846584,0.233199183921564,0.155125259888023,-1528.36392555886
796,0.0654649454194246,0.489203252632097,0.0259409022068895,0.0476042781695407,0.149996963591169,0.037599197413624,0.240377093860346,0.141778940675371,-1529.82171963532
797,0.0365548741346115,0.586835578963442,0.0109783877091659,0.0342599945749446,0.142041804631273,0.035728282063266,0.210813793918589,0.134109538396644,-1529.63442308659
798,0.0768828609429933,0.641654603467655,0.0209473956622561,0.0288935411155164,0.198666240662793,0.0256649457133463,0.224014378507851,0.131166410279807,-1530.23927366462
799,0.0690524415875407,0.533478003202322,0.0138452938752475,0.0306714214565686,0.117112033796853,0.0299818663869523,0.195109777586553,0.135588356830777,-1529.92808463845
800,0.0493190227743534,0.473649042313575,0.0425161178399328,0.037533507293086,0.116488055069691,0.0302884929784158,0.260088070773156,0.186557212397064,-1533.472175355
801,0.0865983925083196,0.468457657883309,0.0265601421503802,0.0188349321034795,0.162855463680931,0.0226620337056325,0.30888229192648,0.181379721617409,-1529.85087216835
802,0.0840312674077097,0.508521368814603,0.0292215110074706,0.030358275773221,0.14699729886142,0.0209645735015623,0.294164702514616,0.185861975892286,-1529.35068112636
803,0.0797848147928555,0.559364138409145,0.0105889424623829,0.0347076899937934,0.152981091640018,0.0286816084876808,0.277025912067244,0.163587267968747,-1527.11264362394
804,0.0885586741514286,0.549160731466913,0.00196982039143613,0.0436145533827021,0.145176114910383,0.0159244604891745,0.258201557292669,0.144467242123939,-1529.42581774282
805,0.0978188156309297,0.550752147555762,0.00451726332564681,0.0427467364061802,0.164791170894929,0.0140373879363449,0.264976100070676,0.163975716694109,-1529.1151226181
806,0.0655046823002842,0.558127363206075,0.0167960924573095,0.0312243810604853,0.167316162984938,0.0293503667213673,0.311187693777409,0.156614350380477,-1528.28996217537
807,0.0650921309020065,0.545675150152649,0.0217429089386957,0.019949630148966,0.169804766120881,0.016512387171015,0.296944076580855,0.158661688823413,-1527.09912835046
808,0.0980460092357951,0.576715663959071,0.014628068249103,0.0361046962333129,0.170630886370706,0.0278100478652749,0.241820911829657,0.125491758242825,-1528.59922215939
809,0.0620420303043918,0.62027639255579,0.0149312370664171,0.0290905414656119,0.17440629804617,0.0117795752447214,0.225358912754522,0.143659006852762,-1529.79688643478
810,0.0167147148937257,0.642709262132601,0.0368874554590564,0.0308407093410413,0.223684572221188,0.0253323349252897,0.226880714491869,0.150203155133966,-1534.58304157063
811,0.0186597683085992,0.605122652901998,0.0219811768565809,0.0357378443862061,0.164952153419724,0.0285780664083748,0.272268185063756,0.160167891700998,-1528.35574139714
812,0.0599065591985737,0.592925329357579,0.0176797938632394,0.030877847919552,0.122944345912192,0.0199891091451315,0.254628397235345,0.175580070576113,-1529.53459121256
813,0.0767633787891995,0.606080642888441,0.00654797908451787,0.0266324937374357,0.122292187477181,0.0208580696073565,0.268036422396758,0.151481919848188,-1529.37487628949
814,0.125471631514764,0.624192855121855,0.0126921282512181,0.0422309740350463,0.19436367818713,0.0239741439801661,0.266098149448475,0.153105776042414,-1530.98655548588
815,0.0788822765744718,0.514663604272096,0.0308285991553005,0.0507421463432349,0.167441400079109,0.0306485027209081,0.242781554161507,0.161020550789571,-1530.18558360517
816,0.0667533946086145,0.533156978416534,0.0266200985132692,0.0350983486053128,0.131732246813961,0.0200597023951245,0.208682379764342,0.146639437932209,-1529.35272773357
817,0.0364421741350128,0.52098404041171,0.0131387004994194,0.0308540843397839,0.133343612737179,0.0215701887486374,0.223344125134164,0.143190731985254,-1527.93703014993
818,0.139641652562022,0.502443744746183,0.0157725556200484,0.0188453063165315,0.150730797788855,0.0220615685023562,0.252040227073449,0.149071013080097,-1528.25958129324
819,0.0995665909757434,0.56557187509668,0.0202893468640429,0.0313553029587117,0.151789305643725,0.0292037710280232,0.271225328033392,0.141388467022028,-1528.03344715308
820,0.0951800359912534,0.512829202822692,0.0123500895264454,0.0402756062823181,0.178785694986204,0.0278850770748856,0.228519130305387,0.117934285294429,-1529.92651766846
821,0.0545241580854795,0.660247069026399,0.032580062570841,0.0184670307061584,0.153865937562213,0.0279470537264914,0.228709758894381,0.145823682670731,-1529.99157821859
822,0.144954055000705,0.453065860204234,0.0340163685563863,0.0511488393100481,0.13915401950819,0.0281878953303339,0.245465678792184,0.14834076228089,-1532.68005946941
823,0.137953862370929,0.530543263040172,0.0334452644349823,0.0568046068920757,0.158639062835931,0.0342820886789518,0.224333713663408,0.15669371073655,-1533.20559728192
824,0.121465716877209,0.444525230651061,0.0191471384573029,0.0317369216524496,0.164464473818524,0.0314910183431317,0.235468215946694,0.160363095458483,-1531.21579160453
825,0.0927463323479094,0.462820527902381,0.0263530384189794,0.0367986863241962,0.14020250156466,0.0361515339229318,0.237172852819283,0.148102997922646,-1529.95085604696
826,0.141476225749629,0.488432802129798,0.00484327348920084,0.0333234058800124,0.144448285331056,0.0165245103092561,0.264423824689672,0.147755106948898,-1529.80967307059
827,0.104627342430399,0.460490096490384,0.0170572438936883,0.0249226340532705,0.170294514885942,0.0301987785862748,0.257182463150739,0.151829837032767,-1529.62235592209
828,0.0582548672163555,0.64401105488502,0.0280143425987677,0.0148732359231086,0.172177703538314,0.0228299190032887,0.284290602954207,0.140284873537119,-1528.98412942983
829,0.0986884581846737,0.579266588026224,0.015690786576718,0.0227123677680552,0.161813645401646,0.0210108046459924,0.290203927671707,0.165620497489253,-1526.73215408461
830,0.111552247985028,0.65210856745184,0.0257494452679676,0.0167136280978782,0.178936849214076,0.0218583598578371,0.287488295873181,0.138264038619887,-1530.73478922005
831,0.146902222533294,0.581344117163177,0.00915829255577505,0.0192585037119358,0.1523972784484,0.0236523196343448,0.294688733734942,0.177370717822191,-1528.64293288063
832,0.168274963710985,0.553802874851598,0.00358609282991333,0.0254496698874952,0.148365396349285,0.0180415317238862,0.240322463646478,0.173234326247817,-1530.70470839103
833,0.0299713177994145,0.589488649540983,0.0254853615500948,0.0251566648229873,0.166651894617678,0.0212989357054841,0.363478852365986,0.198266782357678,-1530.55140775023
834,0.0779613554363797,0.606957293722921,0.0194383721220873,0.0204098939274956,0.170270516550805,0.0225283459075878,0.265436727175563,0.202726154794153,-1530.39691879272
835,0.0602902091478169,0.609772243697155,0.0206658354084568,0.00982344235038507,0.134586738120415,0.0210874997728501,0.273905271366848,0.161276608673436,-1528.47768612266
836,0.0669005949959778,0.449441591870351,0.00133261039333465,0.073721108012062,0.136013279927827,0.0230950039819642,0.289259836739873,0.16230220567605,-1533.35880808117
837,0.0539525979910154,0.507621808774916,0.0291616195433846,0.057605964554728,0.14293456914493,0.0159392860359999,0.254696080489073,0.162651940001316,-1531.34146123908
838,0.0226978408659036,0.553047690480894,0.0185780843794743,0.0626128496238083,0.156468048496233,0.0298538903316348,0.24643158423758,0.136419611004924,-1530.03490765079
839,0.0617390500367974,0.516824294089426,0.00151513430981094,0.0748099473951277,0.132732876884727,0.0274382935045586,0.217450919465525,0.161700766326759,-1532.20149608369
840,0.0648133378345557,0.513946778843134,0.0242822859836889,0.048748164447128,0.152408780767881,0.025369012565631,0.298734495700977,0.158967396230452,-1529.37826668177
841,0.0566861618109424,0.552396255096656,0.0091934704890881,0.0178569564491872,0.160020352187381,0.0250636170616352,0.248652686010735,0.146131179615073,-1526.23425103743
842,0.0669263982738419,0.563198574663153,0.0328807848642962,0.032044125987841,0.151424320756532,0.0193717608821468,0.253503361076714,0.175085284437767,-1529.25663512755
843,0.0684187910470255,0.604921523933879,0.00857122376686342,0.0274849911523549,0.158135337837772,0.0172160147920485,0.323004149231462,0.194298166339496,-1528.51954005399
844,0.07534059049398,0.611635127324135,0.0137534328544615,0.0213247810782316,0.225071536365905,0.0117706691860945,0.346708335956878,0.155144837974402,-1532.70356484509
845,0.0391413457410528,0.592452593273675,0.0116046777571746,0.0122386769206589,0.216323569118849,0.0113311210554295,0.262167711375522,0.157524457187705,-1530.86378775001
846,0.0421218845545538,0.663588691224004,0.0133557607521686,0.0213688635689828,0.16979183866109,0.0100632284574218,0.257810379254363,0.153269128420326,-1530.46376740828
847,0.082959570158813,0.630976263079366,0.0116702491655702,0.0144242208916269,0.153320668907294,0.0265410124286444,0.286454428783829,0.17335861160799,-1527.7073116217
848,0.0433505515528191,0.483412643703661,0.014671887102837,0.016704566921774,0.154143739070334,0.0267153827235541,0.277232450398697,0.203603866185319,-1530.42243376543
849,0.0167792007033607,0.50400646085019,0.00879845093253997,0.0613088005140973,0.143911320634585,0.0253793078043786,0.286270798344965,0.20684423020022,-1533.98747930535
850,0.107838837932437,0.508088114895629,0.00353849393799891,0.0435225460343789,0.140459166130673,0.0173456368230347,0.277315478870214,0.21296903952469,-1532.59795509114
851,0.140792108296922,0.537942212568581,0.00933726622682505,0.0658957724753975,0.166985306353838,0.0139739179004464,0.332215532457807,0.214363952512953,-1537.32139643306
852,0.0433058721616396,0.519666616122852,0.00319017529966735,0.00690761647008134,0.187002648216211,0.0201904897121245,0.331149713688108,0.153916981479624,-1533.30320451252
853,0.109187605140653,0.606261376694103,0.0226329111112678,0.02218190837202,0.158739040219545,0.0227010849554664,0.304824519466975,0.173529219496672,-1528.59101926781
854,0.124285079061064,0.573443270338974,0.0259966844548554,0.0262642567943803,0.144004371753359,0.0338306000671629,0.293044942345174,0.154546010231873,-1530.60273822479
855,0.0205559213404325,0.513925643638841,0.0287197081854027,0.0172287532575051,0.156913582024013,0.0232271790275418,0.33018049503734,0.199199408998529,-1530.47791001197
856,0.101480903356436,0.521566654008253,0.0182854929333567,0.0387908135342845,0.157049721689198,0.0364637903285305,0.317631847944923,0.21055695098468,-1533.24038404301
857,0.115694434079088,0.554745860681625,0.0069699383598466,0.0357789506549919,0.1276328408422,0.0319706684775565,0.305121627698713,0.17727981611472,-1530.39767541315
858,0.0222292777955153,0.576967095480152,0.025207650641177,0.0248917001464656,0.151805659554105,0.0157627502275143,0.301168746081017,0.190515509169696,-1529.35063156711
859,0.0675606836829522,0.523815621605114,0.0132055899005758,0.017689521193052,0.158457219102549,0.0194724155059737,0.277908128597924,0.159089749252478,-1526.03949278291
860,0.0656244124388977,0.483609650125611,0.010095749715831,0.0119185966976389,0.149723086993979,0.0272076862981318,0.242047787334332,0.146231399959081,-1528.0749276908
861,0.111952606147959,0.463541968363239,0.00448484615614636,0.00939208052788203,0.154275302263557,0.0208668630992989,0.272770772108692,0.164613439700702,-1529.86675107814
862,0.108752764556666,0.662925166914183,0.0215465653525071,0.0334120418237476,0.164097588284629,0.0223645434130036,0.281657065568543,0.143596850634505,-1530.3669525006
863,0.0830533155191098,0.695441156395497,0.024540198967388,0.0153412283088431,0.162703571351078,0.0211570048794216,0.263853295503772,0.169655562305519,-1530.40498791083
864,0.0599200161126517,0.602889999061629,0.0254262822790205,0.0113533793289169,0.183110529516133,0.0226378723618389,0.267186502121945,0.139864029568492,-1528.36222863607
865,0.0249664835458915,0.581757828126032,0.0156220622330317,0.0321544441770809,0.182601753292887,0.0238054887407381,0.320430524615703,0.167543947411613,-1528.68736150054
866,0.0329265234483371,0.625010290996859,0.0126704433576138,0.0253286602451521,0.2315856693694,0.0130984357227932,0.346429072836399,0.161534580042305,-1532.81713035586
867,0.0353758485397304,0.725947400119825,0.0129041034071623,0.00878396327255112,0.173436505028216,0.0286658627367392,0.362362075233798,0.180741556188749,-1533.62981980027
868,0.0541274705997157,0.701163152010079,0.0157636298666147,0.0389667040402752,0.155100935002271,0.0320439020700664,0.28936141285757,0.179492262840044,-1532.01875981952
869,0.0531715413202757,0.439252184421192,0.02232547902772,0.0480052018745033,0.157603024222564,0.0307114205549369,0.247081071562881,0.175260503740307,-1531.23550347605
870,0.0667704805502178,0.637377292029108,0.00573131027704605,0.0585165310802691,0.156861136627099,0.0263974258934506,0.305376561373362,0.159654075636075,-1531.28923614223
871,0.0806775293826071,0.487219052167196,0.0205531318361025,0.0508866556577944,0.188823443215947,0.0142182547706289,0.283296115646707,0.162083482417827,-1531.47668180399
872,0.0770600409353992,0.620282254410807,0.012149370564232,0.0115733129330777,0.198717119775624,0.0245007982419799,0.289897727069491,0.160892976785239,-1528.84543333505
873,0.0605236510845563,0.586807379402192,0.0178031552525111,0.0206493494874502,0.166761887235832,0.0205431703821763,0.241716634099864,0.150780829746479,-1526.15702228969
874,0.0629715966392262,0.436793131352067,0.0275219332674458,0.0342652869625218,0.134798604732395,0.0323042530092201,0.223489268658553,0.139987950490758,-1530.13562058445
875,0.0550802388371223,0.49530776958483,0.0326839561990167,0.0252327823677646,0.144990890367647,0.0326470915676225,0.253227527989956,0.140620363879091,-1529.00612938549
876,0.0582902438126115,0.584884978680903,0.0279028572343775,0.0201004526941319,0.173569756616987,0.0220627929617678,0.276972673771755,0.178390179005465,-1527.95099862655
877,0.0425575784876921,0.531327674889122,0.0242621229956899,0.0191747821755289,0.150011102192452,0.0326006000196881,0.268067779521295,0.136795661696289,-1528.43397130035
878,0.0214259407879975,0.626949592111081,0.016262355170197,0.0172846862747608,0.2039759470754,0.0321381088491236,0.231109997285321,0.137320917702181,-1531.41642873618
879,0.0202635596115685,0.575680273253483,0.0262396971746111,0.0179657998351533,0.178133706806907,0.0105279507060241,0.253987606917046,0.136313261922043,-1530.47055970887
880,0.0287432533165856,0.581758739821995,0.0234769478706434,0.0614308915733333,0.162079047603666,0.0124546460010044,0.224639894796125,0.156031566237228,-1533.26052677542
881,0.0528827634750479,0.434561833674396,0.00715187889753707,0.0462903945872905,0.136767519459717,0.0178728333446015,0.234144961956037,0.162858046268796,-1531.26894792325
882,0.0834219564625261,0.624163807917236,0.00960620380060486,0.0288948066195768,0.167182610201714,0.0194395085768153,0.222033974124812,0.134439879882391,-1528.08911995007
883,0.0346300292709941,0.614249279785828,0.0107388405111262,0.0153007104288129,0.166202597610276,0.019889452596644,0.237278941891626,0.136379255600344,-1527.46849751477
884,0.0750135770568165,0.544439519389579,0.0152029191388174,0.0142527873300452,0.181387239722811,0.0201773370497102,0.254760882987929,0.143499205292686,-1526.85318202804
885,0.00665277941460075,0.560395078091105,0.0195945621769165,0.0236542746662295,0.137911507903787,0.0289520501180186,0.235979467819618,0.157462730567383,-1528.92316700298
886,0.088407056623903,0.53448627276456,0.0167818704574522,0.0350800359318943,0.145870317328789,0.021593655591134,0.234131064370744,0.155936706938945,-1527.12375922717
887,0.0937683500924528,0.497122935377578,0.0118540786440681,0.0245662561665674,0.154919500802665,0.023229648807647,0.315620413928428,0.168855834647832,-1527.9827291436
888,0.0361532471986991,0.653228948272239,0.0125942435415445,0.0120603931068789,0.180544928484911,0.0129724291122662,0.319501738732482,0.210196328064738,-1531.55989990082
889,0.0662206912587956,0.657656882052228,0.0110500562981753,0.012324689070524,0.179407395699658,0.0191037455751958,0.313813123663879,0.123606371107045,-1532.27651429817
890,0.0615917273076555,0.7023598075906,0.00887594524459302,0.0142463196694867,0.156618281570144,0.0366644708376279,0.211535465169067,0.137660977998264,-1533.48619677711
891,0.0418380495192569,0.441730690214925,0.0352946790963317,0.0820740946298265,0.14794577058184,0.0393162114837941,0.18267312690464,0.116779241892687,-1533.07325058153
892,0.057443227734043,0.473133246352744,0.0252957692586879,0.036530790952743,0.143593211886858,0.0186877292398107,0.25267072961367,0.120803602279487,-1530.7785566677
893,0.111661971193487,0.502077881422831,0.0369412350389029,0.0180686907840909,0.168216625477471,0.0186314919605502,0.210132452916455,0.159070726258782,-1532.75095896278
894,0.0142172386350275,0.542793744294164,0.041898565703707,0.0408168434876487,0.150421395523514,0.0353990022153557,0.297292540340819,0.1475954898388,-1532.75117846562
895,0.0340478720768378,0.519405402772462,0.0383589539899626,0.0458442201798057,0.159873778960905,0.0170004103081646,0.204882997943484,0.137097934395424,-1531.49934925486
896,0.10538056792928,0.499200417980439,0.0103711661690264,0.0356940504132543,0.145028207770701,0.0308752907699001,0.211243601126035,0.138560394138875,-1528.4185826654
897,0.129104586043202,0.532431691296713,0.0117877179594176,0.0397565394862395,0.14148827950294,0.0136101129883052,0.225061595611038,0.136409647070741,-1530.95178490286
898,0.0894974975093736,0.420921189153966,0.0161928934451573,0.045696677833121,0.161570293793416,0.0193561602940244,0.245966097903298,0.134218863583331,-1530.90602678067
899,0.0498378508164424,0.588482968601811,0.00336152126217896,0.0547680369756003,0.164996921018541,0.0322570909455341,0.24883023602644,0.15274917881159,-1530.16321994181
900,0.074521001579118,0.597764600751499,0.0233428600158532,0.0541869977580941,0.162405495720111,0.0269719875215636,0.247658812185869,0.13333265541708,-1529.798426334
901,0.0645011344547451,0.61506200730853,0.00442499684444729,0.0327010287551402,0.163555547689926,0.0169336806899935,0.252245579436866,0.153685920179359,-1527.87232568421
902,0.0888837510860063,0.543384660368483,0.0101207349409382,0.0437588476246314,0.16903876994546,0.0300861550844649,0.246691832112311,0.150352149089029,-1528.2325269881
903,0.0817659549524497,0.537279484597837,0.0127073182621856,0.0194137250323198,0.130393389074282,0.0232179055323611,0.249561956133834,0.155088586782846,-1526.83868439551
904,0.0674144360083504,0.523662571770804,0.0121795778727359,0.0223562856939485,0.152947783414884,0.0177987990772671,0.264865044790441,0.141242336010038,-1526.63206446507
905,0.110049245341268,0.501532731619416,0.0100016016114384,0.0245702085118699,0.156751585359448,0.0268785437509901,0.229560460663183,0.124947613404168,-1528.24155786073
906,0.0926099478658622,0.540114057573794,0.00941987855840331,0.0187627886902699,0.123535046360239,0.0321947829037977,0.224710887706383,0.139208599292862,-1528.72760771454
907,0.0795454960156808,0.441988267938133,0.0154434226788912,0.022449371704395,0.142410639900079,0.0161985714885877,0.227247217089061,0.1528384711035,-1529.63237711793
908,0.0746344742068924,0.708407196383439,0.0081845286623283,0.0148959143320203,0.182952184770669,0.0121454355051216,0.287731578730618,0.124757303202844,-1533.72612184217
909,0.104846950812814,0.530144973956292,0.0121449878201725,0.0253120403320634,0.177278259092427,0.0144943570295725,0.293204753590329,0.18807152974149,-1529.05626183351
910,0.0369139838612443,0.536331912439613,0.0338005563864766,0.0214177221607299,0.179651979221758,0.0272889621005613,0.317784946331387,0.20805060568745,-1532.07338702717
911,0.0410856325606383,0.550331197961585,0.0258955579861791,0.0307012141329752,0.143126392038892,0.0251402828016481,0.315004120432903,0.158057432771933,-1529.00016947563
912,0.0190726443047885,0.568892204284237,0.0100532968883444,0.0155994613234037,0.176024498677472,0.0244248930915795,0.312307115833936,0.187304836875397,-1529.1659530443
913,0.0673479275538301,0.634570231461569,0.0103498791256385,0.00813858380031709,0.158689656610154,0.0293917439816308,0.327724329845195,0.153673741164932,-1530.66811710422
914,0.078783972996572,0.626390152664851,0.00949147030999972,0.0604940168418007,0.168838636312467,0.0238920103025318,0.270863957949479,0.127296689616373,-1531.77211336669
915,0.0812965021607785,0.623707411633764,0.00811124398822184,0.0347542024162644,0.1727706086837,0.0237131303746571,0.283900611911012,0.18236581628621,-1528.67322599386
916,0.0505765083096502,0.624048773492647,0.00763978724120756,0.041227514625135,0.159560315877431,0.0186741127027516,0.30050983042047,0.18449952790253,-1529.03687175554
917,0.097800433068667,0.621672401011048,0.00651197738483059,0.0155755870267873,0.145498882755959,0.0257545550397595,0.324254238709581,0.146048589615219,-1530.51084376546
918,0.0648547592282746,0.594095790993354,0.00886499238459163,0.0143939055768734,0.153091922239789,0.0170964835248505,0.225881336391366,0.14303703252826,-1527.66754882302
919,0.0454528262217444,0.573769974507942,0.00737729883961626,0.0455742661324653,0.151821566168249,0.0240586803050037,0.271643007938922,0.167890749954453,-1527.78916197784
920,0.0325717213876519,0.565741260190786,0.00916492106448425,0.0412965079505982,0.141724099274056,0.0183551044728723,0.227895513475789,0.15831703538984,-1528.74274331784
921,0.0768831735964504,0.54429478986139,0.0187266150481468,0.0293732423921154,0.134995547599135,0.0258394517972923,0.224830332322279,0.161038579634558,-1527.62091284369
922,0.0683816998848105,0.467024437107452,0.0185262497353021,0.0366045845586887,0.156668265242387,0.0240597109354305,0.24163448755132,0.156450987455708,-1527.83173850282
923,0.0671471265934025,0.555839111722025,0.01505415680126,0.0121249462338477,0.148211354584755,0.022082257916082,0.239098782989926,0.150339349234071,-1526.49494994567
924,0.0630349989496735,0.573466387657022,0.026744082787817,0.0518911721360418,0.168970991599664,0.0213953237677252,0.233240230312211,0.140954903349929,-1529.19298936136
925,0.0523204862645508,0.50576118212408,0.0334929459658708,0.0507474224115501,0.177944474312898,0.0307874607654026,0.21830709809958,0.131697599109119,-1530.47118501233
926,0.0352255448789483,0.538497207772788,0.0452681413587509,0.036815283962103,0.174660023264039,0.0216511180363629,0.30719082393215,0.115398252074562,-1536.41168914437
927,0.0490996731100622,0.623074905469233,0.0136841953608743,0.0137556709568031,0.174666654908254,0.0348810090868154,0.247545466657347,0.12538573274289,-1530.4933969219
928,0.0566426819970924,0.631946247946565,0.0101652282284195,0.0288129663006611,0.148436111082199,0.0120923664871929,0.223590963617127,0.166080287249425,-1531.23819483332
929,0.0941589535121702,0.45892738518076,0.0127352647048238,0.0437042826547744,0.160003589564401,0.041617535249667,0.282828124409446,0.159539132424231,-1532.72122546228
930,0.0598054806653198,0.435889142958839,0.0397809345378034,0.0458144462372267,0.121388319760978,0.0216422753095658,0.282095865234503,0.174974679945873,-1534.16950189308
931,0.0443108064707267,0.543601347220064,0.0291197314787184,0.0421276432194399,0.165503663560686,0.0167023513287253,0.290075203873689,0.157281864072201,-1529.31045720987
932,0.0370751969732784,0.609025132970835,0.0323323488755088,0.043167367494893,0.165718023117976,0.0289177720315197,0.25668781211948,0.122320989119403,-1531.02883592331
933,0.0905526495228885,0.483834870434996,0.0366385402377189,0.022727579804071,0.154089441182671,0.0335559950246483,0.213557801183584,0.140788814123755,-1530.87107977287
934,0.0545466529639136,0.577484343685034,0.0222641444955567,0.0257556175653082,0.159610521607582,0.0386284985738233,0.277497565139571,0.155472384831816,-1529.25712543532
935,0.0467387715919852,0.572420505479915,0.0163359283426104,0.0410283637149618,0.158659444797099,0.0250730788013579,0.24116467185017,0.165594979994877,-1527.60836303043
936,0.103161672430933,0.559314453483158,0.00791589876958685,0.0129255700863606,0.167520463298713,0.0121796862968583,0.332698565281565,0.1954290982938,-1529.88162697305
937,0.103162549900063,0.479768181552679,0.0144685240904042,0.0419114287005658,0.159844525327548,0.0331646191648459,0.327217565929388,0.187032049813782,-1532.08686305066
938,0.104105997588541,0.450201993004461,0.00895165943589812,0.0100452882971123,0.158096136061723,0.0271403948397224,0.241769735591743,0.173519518945701,-1531.32260695349
939,0.117559275217531,0.578677710527475,0.023798226265527,0.035389624472795,0.158621833063425,0.0266180580145406,0.351697290521189,0.1817916551077,-1532.11698656005
940,0.000934513747920657,0.616390636607729,0.0230113309242993,0.0328970254399507,0.166071918037052,0.0331272273042873,0.300236522788983,0.171214009608623,-1531.08264463903
941,0.150813620444106,0.529354892947426,0.0197671697505688,0.0216322530767206,0.122111729980968,0.0308462596033848,0.234692486163356,0.121758896002989,-1532.08851563057
942,0.0470227029588985,0.576435440833937,0.0128941620314556,0.0271558089992295,0.145073696161188,0.0302213234202522,0.249247046408272,0.193531650807825,-1529.58334561969
943,0.0214624525871461,0.603364134363557,0.0130014418167616,0.0325821140800103,0.165662546500443,0.0191771439957205,0.27698186617526,0.128010791116475,-1529.29880064954
944,0.0965112713555692,0.63046831233991,0.00775486278957311,0.0126728018012954,0.15589693387972,0.015287204995036,0.280144441033806,0.126818308641534,-1530.74345196704
945,0.0157853376522528,0.512293757362616,0.0314525240207504,0.0105599002710944,0.19500071100716,0.017781307708824,0.250731470882079,0.164359395624653,-1531.69879471842
946,0.000592666453985523,0.532690577877545,0.0263676752831247,0.0115403303488662,0.166578211863307,0.0234962943692145,0.31376682573149,0.15606533078767,-1530.67013719422
947,0.0118136006671708,0.639030494919799,0.024301029737352,0.0260113345023485,0.176888426065745,0.0196011541433163,0.2588987613827,0.152189839527163,-1528.38154494089
948,0.0353364976699813,0.62562758551266,0.00809047512274793,0.0188125481423629,0.165242547761408,0.018096417940517,0.276702269894282,0.146994953157192,-1527.59784226071
949,0.161909753657986,0.567288448933286,0.0226404922873414,0.0162200239977776,0.153032258290198,0.0285585934766404,0.264288129134666,0.160674498005812,-1530.37227626415
950,0.238453365328698,0.582032243186856,0.0202650303793548,0.0334401329012993,0.197382744098923,0.0153500882722733,0.254905632707824,0.134266386513687,-1538.8611261875
951,0.182868981520027,0.556515538903008,0.0429647300266406,0.0307092035365441,0.169222805680077,0.0420687903773738,0.251408279380228,0.168551660319043,-1537.64539321397
952,0.136504893695002,0.485259540697968,0.0167783340315821,0.0454821611277654,0.121817220101582,0.0225709255007737,0.265659833123649,0.13194724459245,-1532.64893218985
953,0.195106537673941,0.560273512820854,0.0146139273336325,0.0436212140036221,0.133116338498127,0.0361557766292164,0.235035039213189,0.125855120105294,-1534.39113908656
954,0.0488721932208121,0.481403513127459,0.0197324942354896,0.0244538800707662,0.178779340903016,0.0305873242328709,0.231246940731787,0.132062536872508,-1529.4357020482
955,0.0645684750023112,0.583020665715316,0.00934930238676358,0.01972449952147,0.168386947316295,0.0393832625655607,0.259610481076766,0.137582985055935,-1530.27770406914
956,0.0428705392738026,0.568661254472448,0.00996633916825551,0.0292908296846067,0.161119672110972,0.0350216423007224,0.232973340548625,0.13823848477339,-1528.61665298841
957,0.0435591223038813,0.56809336064557,0.0160195055237527,0.0356638759838551,0.156237291790525,0.0152653818890629,0.223473804103655,0.14723941279378,-1528.19875402583
958,0.0258340836205473,0.54499127998235,0.0192175221930823,0.0255713452647015,0.148103373940704,0.0189176437500005,0.2211948070666,0.12990731340339,-1527.97115604378
959,0.0529532553667405,0.451855686639055,0.00328563603153533,0.032804848277743,0.171718726534655,0.0192655106279408,0.262597669190837,0.14995611856906,-1530.58297721239
960,0.104850376238211,0.537434595841959,0.0227995345610631,0.0233878656684432,0.158349506157399,0.0182684812686895,0.216072704071344,0.136359773471815,-1528.3549343559
961,0.110652132612391,0.516122411028263,0.0180829401755532,0.0349787943039158,0.149763777378707,0.0246123607966128,0.229339079201654,0.146437070069847,-1527.56383143362
962,0.078209442996459,0.563934319518625,0.029970708455671,0.0266219155501118,0.165480923369153,0.0213128828531586,0.280912673552391,0.147181449935007,-1527.95937807563
963,0.0609647018057226,0.516436055648149,0.00671733969324189,0.0249020161039229,0.155879484038622,0.0301554302901606,0.280811111757938,0.146696894270283,-1528.12781791985
964,0.0377742563340926,0.607408038218497,0.0197993056534513,0.0272365451244193,0.175961220290566,0.0140007275526448,0.279903506178661,0.155308969836352,-1527.89801619551
965,0.0459901153909395,0.534294194692546,0.0120636930867617,0.0285170730530645,0.2084738707799,0.0128718973621866,0.272349676051686,0.150736371179706,-1529.74554454305
966,0.0450519191042809,0.498029321338189,0.0149543607393139,0.0332623791197131,0.190721647051954,0.0308764753757983,0.263298568565956,0.151277705562305,-1529.7959425786
967,0.0815901581312611,0.546853623743946,0.00746242705514132,0.0329314817171415,0.159666042569867,0.0207501808573414,0.240303433815508,0.1372945941689,-1526.89461676351
968,0.0713971376991225,0.553082162556393,0.0103245506952642,0.048524364301834,0.156245952505012,0.0182449312688748,0.212508094693755,0.134191633468497,-1528.64815152408
969,0.0765726001340261,0.57635468217823,0.0259280860463813,0.0395662659583898,0.163840249540023,0.0184210476375842,0.217551328163022,0.150774771389203,-1529.2453515908
970,0.0128388813853668,0.556774996241199,0.016539303652354,0.0127608488048055,0.175940287988076,0.0155161433895477,0.305004588341124,0.130067153644857,-1531.10342035787
971,0.00781000974425546,0.537953592370774,0.0194083708124161,0.00918445799678361,0.171274801012672,0.0163909683606676,0.266477018184745,0.168634409623936,-1529.43586662424
972,0.063977456381013,0.52210941331001,0.0135886782742201,0.0158275795526291,0.176905706878175,0.0158325320814398,0.314499601850789,0.154358808097162,-1527.97952547912
973,0.0530109230483865,0.62121985672046,0.0121240910660886,0.0177507664426615,0.178517491738472,0.0141448148379776,0.299838118092103,0.160136557546012,-1527.59704613531
974,0.0852697473585241,0.556630542539368,0.0158890643919428,0.0227140344455481,0.159301445710252,0.0267105894599281,0.298045018666569,0.147035137105264,-1527.37944570117
975,0.05091545705786,0.602803598365955,0.0170972197395953,0.0603393100664519,0.144513217993525,0.0337831093867458,0.198485829545413,0.131084929627495,-1531.05948303837
976,0.0805269782713802,0.617445921593548,0.0230287697310121,0.0364922064052697,0.128714542179721,0.0210194643891503,0.200351871033754,0.155057170593781,-1531.76049604575
977,0.0871967433795954,0.599803617704112,0.0199528041227181,0.0186133281207714,0.116184272787263,0.0311908247000937,0.209026991451284,0.115142235855742,-1532.2843219368
978,0.0487016332405019,0.603247301733753,0.0241442114727564,0.0415472469972102,0.161125778559954,0.0314776906851617,0.209332349300864,0.127449545910454,-1529.39300169159
979,0.122690930872576,0.487936928399185,0.00737795896979434,0.0256739077029494,0.138283330558855,0.0306554475136943,0.266046238357465,0.136578360878495,-1529.44785578676
980,0.0801953925008444,0.624101713193114,0.0295815342510702,0.0666172417529893,0.184660119185322,0.0293606791535475,0.26004562514612,0.13912984164123,-1533.81549034603
981,0.0114008278370071,0.531811415384403,0.0228272391701428,0.0443645215543125,0.169791083793824,0.0208686881508924,0.228575035095386,0.128430052319664,-1529.50034682273
982,0.0222135646196619,0.531053754855946,0.0190418639615801,0.0158196959066201,0.149285292035741,0.0201506245142428,0.278204841516044,0.14697402557216,-1527.61287670171
983,0.103684849727004,0.529567054908435,0.0303489729692771,0.015763098919011,0.155802816401864,0.0216696834998389,0.273335626918913,0.14585413188858,-1528.84947673682
984,0.0085575596569275,0.493312812454276,0.0168928858830128,0.0311932026396712,0.159088930781451,0.0270124083064059,0.289686276099459,0.160069135025843,-1529.9521697662
985,0.0390482020313718,0.648847276446293,0.0131596953208345,0.0191789619242986,0.162901593801731,0.0248824028769961,0.271773412715983,0.149979219319249,-1527.29208473769
986,0.143351623621707,0.434140629629498,0.00883648727053666,0.0477444183113872,0.159640893743436,0.0181827375196226,0.259499364850344,0.152311680312556,-1531.75084204196
987,0.154505203022342,0.457548624483134,0.00684379902719914,0.0138463063446262,0.174205023107082,0.0263530895460726,0.259335084893655,0.164548938199946,-1532.50085440513
988,0.0691433918732122,0.579741531334346,0.00644990255203535,0.0238547481982029,0.134633413872754,0.0206716997865544,0.28688868581119,0.15320386644,-1527.94107999064
989,0.054596098226173,0.592068371323528,0.0246830877485894,0.0222720141283045,0.218426521508521,0.0253581845613705,0.2385144722941,0.129867211060003,-1531.11960368819
990,0.0182073766816706,0.594422315526493,0.0173360547079605,0.0192655831068751,0.167336960256947,0.0223324473932333,0.278120317886259,0.144771839174439,-1527.10372357855
991,0.0269361245509022,0.55643079624026,0.015610528328011,0.0256343243414993,0.171563732336177,0.0215318238427217,0.277636541643425,0.148163001207551,-1526.77663372776
992,0.0236809297556302,0.577709105596372,0.0202096905489496,0.0165858298881871,0.181241568039033,0.0209530646731308,0.263658654238896,0.144003362550296,-1527.06448337929
993,0.0640366933576726,0.579816450939143,0.0128400225003427,0.0222385772351499,0.169104624642281,0.0285815484979757,0.221598852382019,0.135274589772107,-1527.24732439954
994,0.0435621395059672,0.571142611427228,0.0215247570834647,0.0263795130381143,0.159695019245466,0.0244869917945594,0.229853095385482,0.13790945869787,-1526.58256212831
995,0.0512857591278705,0.543712866025788,0.00969067561698585,0.0456413576639648,0.154599587785971,0.025495937085495,0.246953266677537,0.156262860855872,-1527.2564897862
996,0.0487156957242142,0.524727755322865,0.0187127676060914,0.039548998981616,0.159848211086994,0.033484071182038,0.261253302621279,0.170991697484253,-1528.76892055842
997,0.11707704497697,0.573005609704408,0.00737991603289161,0.0209346992083142,0.170275497534699,0.0204757880667691,0.289431647414152,0.130238205944331,-1529.18815343015
998,0.134434308442144,0.543026144891779,0.00776800359874235,0.0295190995825076,0.177159810559362,0.0205882177764386,0.190838803949042,0.12199391922827,-1531.21506004185
999,0.0242577842794918,0.62479307336568,0.0321121989822003,0.0286086380497333,0.187463028700118,0.0255237347524268,0.258657764137145,0.141000269809741,-1529.34748736311
1000,0.00134406052569613,0.605536912327061,0.0138012816989695,0.0349167006327319,0.175377498894959,0.0196498000207133,0.245215419303452,0.140432771098648,-1529.33962190972
