"i","asc1","desc1","asc2","desc2","pol1","pol2","tran12","tran21","p"
1,0.0698261512417175,0.0202226574101109,0.0244404621525604,0.0106414048528316,0.00762214694123088,0.0151459683502845,0.04143279942073,0.0138080083639257,-1023.23035238847
2,0.0349699650774137,0.0150960337695324,0.00948344629321814,0.0087309006865554,0.0123267096995452,0.0136445436569543,0.0224998144194255,0.03096135371479,-953.853632004672
3,0.0261639099618932,0.0167189690964925,0.000718516580740863,0.0148242681062343,0.0115778989696458,0.0154658907894131,0.0226621681397732,0.0290637665086407,-944.151358526318
4,0.0108398552159792,0.025689437797214,0.00495899652200585,0.0193382505303457,0.0133759878202797,0.0200747684996674,0.0163189875989353,0.0248898237241232,-935.432361113305
5,0.00675079733214995,0.027337913339223,0.00389254850739828,0.0256310204674612,0.0078575940888766,0.0144344698658286,0.017913984849483,0.0196931939695311,-936.38675896767
6,0.00729951502585768,0.0280939731434371,0.00349353006389774,0.0223498324322935,0.0133016616631132,0.0219672062383082,0.0159922822537704,0.016946303711342,-935.935303978656
7,0.00803931449478994,0.0269622521393902,0.00506961109106343,0.0199512333413316,0.0110935432417763,0.0139328613495336,0.012058477397803,0.0186988491058688,-935.59459784882
8,0.0105389850811743,0.0175198455823463,0.00320283058725533,0.0301811769747865,0.010512112916097,0.0200906138657777,0.00928856437801788,0.0187455619660024,-940.340866654092
9,0.0140351596334364,0.0199682735337302,0.006787525933876,0.0199965164913392,0.00881255515379782,0.0196356243471075,0.0207077242151298,0.032001710935982,-936.794955499377
10,0.015669324611785,0.0233313453483139,0.005960045689065,0.0196707960935771,0.00959642639348868,0.0142969749979967,0.0186072670222172,0.0322236932495966,-936.632020442911
11,0.0177787327625774,0.0205391506300081,0.00713229732289408,0.0240298067734727,0.00776517417084524,0.0157251681451424,0.0176425316925343,0.0173354678172239,-937.518554839481
12,0.0115641040751806,0.0207429626119242,0.00384628260772803,0.018355861228242,0.0126434887209467,0.0144903383730606,0.0147460891442095,0.023138994592202,-934.848007803569
13,0.0104169855172423,0.0251267323391827,0.00221124144170904,0.0240491211230987,0.0114258570834665,0.0182246866082508,0.0140671380760473,0.013481559624753,-935.184563228848
14,0.00971202312238484,0.0239444156515298,0.00239840157780573,0.0256433844144574,0.011853474930231,0.0157541963989747,0.0146054678124458,0.0285377932429716,-935.316529495504
15,0.00884826012855282,0.0229320650695691,0.00179306853019738,0.0213335112483333,0.0132622308590498,0.0232569332925856,0.0154109177577474,0.01366181850653,-936.602994180036
16,0.0106512862941981,0.0198847313440185,0.00380445412897798,0.0299004205967252,0.0155301596808887,0.0186287788426014,0.0154408868994232,0.0238697576010868,-936.94540195256
17,0.00781319550590962,0.0212248345414346,0.00812675640429074,0.0287384900784354,0.00714824345922052,0.0139631186225475,0.0136846121718221,0.0110778806049997,-940.297401140697
18,0.00800452880032447,0.0224357241665709,0.00724458157495469,0.0305263861425601,0.0102825484839489,0.0241228996066709,0.0133997629179919,0.02171665964591,-937.100862683426
19,0.00725575059775972,0.0269096577169036,0.00660212986997749,0.0210608209761957,0.0104404010337329,0.0139612575971712,0.0131281309242889,0.0217833443593563,-935.340489941943
20,0.00670255575250506,0.026986964339789,0.00415880484563902,0.023290998333086,0.0112557096199259,0.0180158921918534,0.017834303558901,0.0302541648105207,-935.186286375246
21,0.0140054978841148,0.0252902111829673,0.00409791548841641,0.0256011189836714,0.0124873017159582,0.0170937820072012,0.0149457146929994,0.0279757504628668,-936.080164626775
22,0.0103156813222515,0.0183251999055296,0.00344958637997118,0.0243737200723891,0.0113710196819227,0.0173915517315081,0.0214386024861095,0.0386256181061721,-937.203152445165
23,0.0116360579281341,0.0193450077131929,0.0147726304687903,0.039828571118643,0.00934313562198257,0.0179443968499894,0.0203583170507754,0.037367247500634,-941.039315607142
24,0.00880596501088956,0.0160158527091377,0.0034028032811704,0.0264630775455194,0.00734465404351554,0.0106919213911792,0.0194810313426536,0.015239760820534,-942.319582665116
25,0.0187469232404467,0.0206971720615669,0.00192857867250422,0.0254677040562668,0.00844418090319585,0.0112104529476815,0.0114590664680701,0.0188739691513867,-939.524447206734
26,0.0181052900335145,0.0170764823605975,0.00612568508016448,0.0204499658207757,0.0109371661033064,0.0100307802591982,0.0138240342096703,0.0188904421995505,-938.7036389916
27,0.0118420120933495,0.0202142552667986,0.0129027294896738,0.0190682868987764,0.0116920669357581,0.00823197385299755,0.0176123440071632,0.0268653808922528,-940.043995470175
28,0.00951940168958596,0.0357705684835135,0.0056333217444641,0.0204746874857645,0.0105183670837054,0.0191369388824708,0.01429192574224,0.0275945781988765,-938.179119489627
29,0.0119141177055261,0.0364672555152014,0.00804805953792175,0.026897809357057,0.00867637049816591,0.0194284926070988,0.0111175611723583,0.0161845475213385,-942.500625834766
30,0.00779897541896045,0.0201616871491745,0.00597211533054487,0.0266623858289033,0.00866892817606463,0.0223777037404181,0.0169075717139789,0.017655719860311,-936.102135211691
31,0.00656558647581198,0.0303371453503462,0.00354849782706619,0.0247077153021548,0.0108766631957534,0.0190333156524301,0.0139487366803575,0.0224588608095423,-935.418405310236
32,0.00824118502683964,0.0218194062629505,0.00531285155655249,0.0221920660747613,0.0114759418251366,0.0136171950156948,0.014451274490594,0.0183966162390797,-934.835608308251
33,0.00925253715475065,0.0243249575526059,0.00850997264500004,0.0180386302163796,0.00983537753184416,0.0134419989381615,0.0148697223591955,0.0183347213324252,-935.412937160644
34,0.00549512854170313,0.0269915945951702,0.00863675210163188,0.0271973894328914,0.00914754284147771,0.0146008122584895,0.0197099578794752,0.0196964383448488,-937.218543016521
35,0.00262014370215709,0.0315689023040533,0.00282782787354527,0.0205164609123096,0.014321939223985,0.0163255751062451,0.0167455690523668,0.0239491081341911,-937.393733817494
36,0.00335148045858693,0.0241745048426847,0.0060520982771181,0.0216873925994168,0.0141866339565582,0.0164640106243093,0.0166185982092463,0.0215573034251783,-937.443424658193
37,0.0065637041884046,0.024326590728184,0.00610844888207291,0.0199005256476228,0.00853194002063988,0.0217724208505778,0.0156118133292149,0.0114639600314844,-937.312279780129
38,0.0133724662959757,0.0196055280677376,0.00248469724661082,0.0184740629051789,0.0103534461355277,0.0161666342664098,0.0157247813798086,0.0333437728531644,-936.521229366186
39,0.0191306153041134,0.0206232448795647,0.00338851178795368,0.0248026794101387,0.0117095636835426,0.0188730352653645,0.0142748527875551,0.0123140697053827,-937.811518711737
40,0.00903760451032761,0.0199358371572055,0.00441827657703437,0.0257358555395339,0.0117445588780623,0.0190239415023186,0.0134221279446558,0.0223600550604636,-935.223682068343
41,0.0170962246965664,0.019117666832239,0.00351207972449474,0.0169479134527051,0.00856599352055505,0.0191523296189156,0.0135345327892171,0.017610547907684,-936.433776798778
42,0.01263011555681,0.0273432065884917,0.00567541156198982,0.0229398703882444,0.0133137272018538,0.0157365259845939,0.0200405921242485,0.026748059791308,-936.592132289058
43,0.00987958411090835,0.025236894312967,0.00538284751325323,0.0152481281906488,0.0095409705187819,0.0215349657245611,0.0212030274548544,0.0208047809002219,-937.172532138981
44,0.0118892837894046,0.0299422433039109,0.00871541763972991,0.0191693699560024,0.00811974081232861,0.0243749054596237,0.0169611997205879,0.0174208544389439,-938.675569389445
45,0.00936278419793164,0.024438020844887,0.00441135703912072,0.0221334108511775,0.0125469437534777,0.0231932271809437,0.017409799024458,0.0273813857893595,-935.578318274261
46,0.00589454171739284,0.0237635373970332,0.00555394560357432,0.0297906792798789,0.00782914444838929,0.0137815362404629,0.0183951782353002,0.0199279132502438,-937.887597568556
47,0.0158258910439758,0.0215009972493003,0.00337138590814053,0.0276352088363501,0.0135730072275957,0.0101044346605106,0.0149717719573471,0.0220140971593231,-937.812835710938
48,0.0163326805698178,0.0208059078331179,0.00250826770850382,0.0216575922112872,0.01258847474112,0.0129674596462707,0.0143288093404867,0.0211651243659769,-935.760344421748
49,0.0147989943565731,0.0162475090888246,0.00621167837680018,0.0225592292820119,0.0123263310654289,0.0226495562749181,0.0180749288598992,0.0257739287586955,-937.107488867973
50,0.0165835514638316,0.0264509880004569,0.00384431340666527,0.0164131971881001,0.00849304292005073,0.017502658416997,0.0179476716199584,0.0259665989587956,-936.652603536363
51,0.0144189121391372,0.019809369003599,0.00167741487825447,0.024370005118299,0.0113145829277878,0.025705701171705,0.0185718463414306,0.0272674054000301,-936.354809950223
52,0.0116964212696071,0.0217787658998892,0.00239071912156709,0.027019713352128,0.00853094939775744,0.0270791357266966,0.0161297826727226,0.0216301090476785,-935.7228193516
53,0.00905950421452382,0.02053193333223,0.0019473666187056,0.0273705907259268,0.00889069986018023,0.0130781878179868,0.0175724071776379,0.0312800637317735,-936.736814845677
54,0.0208867735338932,0.0206781052978466,0.00635659861909431,0.016349786080366,0.0124849818514904,0.0102073916100468,0.0170672391944481,0.0226937975418711,-940.258994574267
55,0.0161565228356163,0.0228147900066781,0.00407624511265005,0.0160326581063985,0.0130727711225106,0.0148298468922427,0.0200858272360667,0.0296468069155284,-937.478227127026
56,0.00715611665405112,0.0328451510155054,0.00330185048509643,0.0242580481377925,0.0109284700721798,0.0167590382254136,0.0168280131366428,0.0243235638233635,-935.402485351119
57,0.00426869972443995,0.0348444580791328,0.00583199204757732,0.02278279725214,0.01194537172593,0.0188760579194764,0.0168252440067064,0.0247843428364516,-936.654237991727
58,0.00339207699085687,0.0343124714745228,0.0103080118005358,0.0192948513004443,0.0115050819824218,0.0191645794178502,0.0139212443249,0.0243667891350347,-938.05338155904
59,0.0107821877128577,0.0360655624449676,0.0103335427436973,0.0092066124883332,0.00705062248131096,0.0150383267819583,0.0163261478702464,0.0222421618563391,-941.746418856561
60,0.00898536202508288,0.0270649775088676,0.0123138841754824,0.0265522195071864,0.00732136716302477,0.0181108715818454,0.0148353036413243,0.017267634916146,-938.355900151136
61,0.0102311867054634,0.0273998361660327,0.00670567837860238,0.0249089077020758,0.00994692256801671,0.0165933172669692,0.0130803817877721,0.0198907399929665,-935.44059396443
62,0.00977890317367047,0.0281973076237203,0.00765863909160721,0.0170964898096502,0.0113001181204878,0.0186935319233273,0.010281097258119,0.0152248599811357,-938.828811621237
63,0.0103609997286766,0.0265825794332594,0.0016654609373919,0.0241879861638551,0.00910281841852597,0.0161210491739074,0.0135486358452777,0.0256819677188065,-935.839034468332
64,0.00868054594830226,0.0266542767967567,0.00768119732185277,0.0171689818229863,0.0130050615580533,0.0166534226045918,0.0203545635351783,0.0245418240584313,-936.606031863578
65,0.00830434133975225,0.0309248228619575,0.0138883381849577,0.024037821809974,0.0111210733345796,0.0154254633658427,0.0107656782979218,0.00428483891115175,-945.114732632344
66,0.00740229814970726,0.0232297903078085,0.0128635271850117,0.0340682328098241,0.00916566010856944,0.0190289998067963,0.0203957885107619,0.00994152789887558,-941.385076523323
67,0.00626307462864481,0.0229768276065489,0.00677669698463674,0.0265548899760637,0.0130770256660754,0.0112627779541839,0.0194844742363248,0.0190844231078735,-937.739407406433
68,0.00808013022234507,0.0254565245554326,0.00709871408936108,0.0207614076893549,0.0122457984312171,0.0221868972342353,0.0194540642242446,0.0322528574868832,-936.984783543119
69,0.00482732720586195,0.0295009883601377,0.00276462703122701,0.0278439196652445,0.00889921949017232,0.0156672383091341,0.0161373073677729,0.0304038742390121,-937.39520478724
70,0.00911027602614644,0.0262315642133188,0.00357281664655224,0.025733875550464,0.0108522820914593,0.0139542963932696,0.0181403342351896,0.0311321696873704,-935.365266592225
71,0.0102118241649661,0.0217342834681255,0.00678922385378658,0.0168907443317962,0.00891847616894932,0.0203589769843891,0.0165614491105585,0.016587974691855,-935.708853186394
72,0.0127104500810561,0.024855174249795,0.00617702217406191,0.0288928766063307,0.00874829375511514,0.022351965545887,0.0133934805659998,0.0266632068625653,-937.430606528909
73,0.00987577254723773,0.022527155002687,0.0059770783876272,0.0291480480973909,0.00950730957800956,0.0193888310900853,0.0179859451062665,0.0199711818875671,-934.702367264788
74,0.0150935212419778,0.0231412793368067,0.00822211628915135,0.0229685277855669,0.0111158925448026,0.0198844737915544,0.0127861195945462,0.0206820174952005,-936.780785413063
75,0.00704646085357149,0.0218931977384899,0.0108212751582008,0.0294071951347523,0.00844933913599335,0.0205939529599907,0.0147983530331746,0.00496648159794055,-940.471536751154
76,0.0100627100566472,0.0199906052781825,0.00752120605368214,0.0321196623871133,0.0107703920691946,0.0210574289451069,0.0135728370307251,0.0157668016626935,-936.396500248995
77,0.011975693281937,0.0213718644192979,0.00820055445233497,0.0355098391874086,0.00963336627439323,0.0156372649005754,0.0203446735590448,0.0187884549762225,-937.510059787372
78,0.00989853272762151,0.0236476008419488,0.0018673352112893,0.016466626080898,0.0124077243596005,0.0217952071325534,0.0189657419912888,0.0213883761871508,-936.047370091691
79,0.0103772245650694,0.0244595742108711,0.002421696304542,0.0140007908697508,0.0127798228950629,0.0161510904012148,0.0160618804706652,0.0196863706715628,-935.710536123122
80,0.00948178628946241,0.0259315311308214,0.00252051592343286,0.0346527055821444,0.00896873235404456,0.0156719238517116,0.0206991309842945,0.0276380773377433,-937.41590963837
81,0.00922164610436707,0.0266436443802635,0.00744998345008837,0.02226662929663,0.0112613074425485,0.013186371380339,0.0206585834248779,0.0257356449578512,-935.975844225001
82,0.00784086052215379,0.0291010173456868,0.00107939625238815,0.0209312700708299,0.0107400618761057,0.0215698397024668,0.0214424269254671,0.022278331828073,-937.56084382074
83,0.00780750543184075,0.0284011667351591,0.00224915264679956,0.0266020791357064,0.00968507709953485,0.0123424194819718,0.0130014068900378,0.0256813058771344,-937.148547355681
84,0.0155721799866984,0.0287341425134073,0.00288581699621317,0.0272254470962972,0.00958765954233515,0.0162424576552312,0.0200249998096112,0.0223923895863912,-937.4238514391
85,0.0128315930364925,0.0188629070043971,0.00544435205976502,0.0236853921370852,0.0104159759607072,0.0168316214176203,0.0188663830575384,0.0306813017847881,-935.097967023927
86,0.0183880646338214,0.0183073548641098,0.00129079906008851,0.0191439503525762,0.0102725031960668,0.0134939642881487,0.0199524258990852,0.0222366528811281,-937.297552828448
87,0.0154329744367635,0.0264703905270596,0.00836717726178062,0.0172933109780048,0.0108744332205697,0.0161244792155516,0.0214981369408381,0.0277545358090083,-938.195092296341
88,0.008281213666431,0.0242653047723928,0.0107962254244605,0.0166562995075845,0.0103749542085154,0.0155863201952119,0.0169271636590825,0.0246650792705437,-935.892795684046
89,0.0127176692271731,0.0246013109756009,0.0190410787001494,0.0161552677833431,0.0100407469779326,0.0150050651806852,0.0196110233939748,0.0310153821352014,-940.305337184987
90,0.0104935204716186,0.0229095517797076,0.0102221533597095,0.0347385770762677,0.0126134175167354,0.0144058746195979,0.0189669227338818,0.0304825846787701,-937.953497367522
91,0.0106154971081403,0.0221252129451802,0.00663122182391602,0.0231095296729215,0.0132261784157992,0.0131325319676393,0.019461716278276,0.0280880755236294,-935.85167775103
92,0.00861127484348186,0.0264612323427506,0.00492927155589069,0.019708072297093,0.0138984646270062,0.0128455869332467,0.0217967012700298,0.0353520597411853,-937.978082695377
93,0.0100035802301848,0.0274212879611728,0.00761100985240365,0.0267687756964994,0.00814943995631306,0.0212118683791775,0.0225743436196078,0.0196438473472096,-939.35506048898
94,0.00957158936786255,0.0299908198993137,0.00452385249419891,0.0212692852278134,0.010521523491553,0.021309859926062,0.022004234244111,0.0166830508794836,-938.670455357505
95,0.00847923876868675,0.0274750535248949,0.0066827342760791,0.0174253850728877,0.0101297906186971,0.0119263746602875,0.0133486009549491,0.0199140576487751,-936.03851202798
96,0.00843366380097049,0.0290627605311758,0.00339968168897415,0.0257143867278583,0.012742165282647,0.0157632867874193,0.0139864539135218,0.0264665889882165,-936.055609871957
97,0.00906121838635302,0.0266290199865459,0.0101653224349414,0.0212618643822698,0.0131533678590912,0.0158297336372917,0.0155827630364274,0.0291329520776337,-936.98871998395
98,0.00942401160480987,0.0208134189587343,0.00203047308268234,0.0206125427936393,0.00978295951582828,0.0207769292457285,0.0203299203056312,0.0192305311057251,-935.855977796273
99,0.0106636971522655,0.0212564849828794,0.00269800705120337,0.0252721951681603,0.0112961548938269,0.0161578224214788,0.019184922124063,0.0188918769276214,-934.535255982758
100,0.019125361709603,0.0152012505008908,0.0020632642933925,0.0235860783079064,0.00927731090774298,0.0176465941775089,0.0167606747230724,0.033782973620222,-938.13473756149
101,0.00946503003673804,0.033711841050476,0.00772665048394267,0.0138428761587799,0.00982880985724854,0.0148375383205504,0.0135857773008085,0.03164310133955,-939.812545240385
102,0.00292931853611315,0.0259525393922639,0.00636856936852875,0.0246314449330629,0.00939781447068943,0.0263857483959552,0.0123466886427406,0.00680963276689378,-942.478001991979
103,0.0144075393520242,0.0236497301513341,0.00619597159099462,0.0238217554934152,0.00819199885339672,0.0258459598575625,0.0185926030944394,0.0111517889125642,-939.252613403261
104,0.0143844081055069,0.0269559659366841,0.0034152335471623,0.0199965259357702,0.0114024711625771,0.0232167686144982,0.0137214826830926,0.0181627058934805,-936.584015864984
105,0.01081360800921,0.0246630949554363,0.00504357325747523,0.0229494207625042,0.00920005819260515,0.0265137786106124,0.0155089128116257,0.0288105125297597,-936.83109502462
106,0.0127038795835849,0.016818649693992,0.00156046688829703,0.0320180608928813,0.0110286010844005,0.0151386346711165,0.0197595263578992,0.0259021523759431,-936.341049294955
107,0.0182124414371119,0.0153330188229872,0.00518394776477204,0.0182134660445311,0.0114167862391669,0.0128679467693715,0.0177196041917284,0.0325318825087387,-939.277401997221
108,0.0124775684458836,0.033546607022098,0.00590326227575561,0.0284277255172315,0.0105863522563731,0.0181767953017391,0.0182634152136523,0.0361628486626131,-940.61180486297
109,0.00122343574507659,0.0283996404403975,0.00719725266675708,0.034878790211525,0.0127833346787021,0.0182746844518325,0.019997887846112,0.0179263126390762,-942.006305546089
110,0.0195926480937977,0.0323109649529031,0.00188152699138657,0.019135446434662,0.00924107040382943,0.0220013632733788,0.0133670718624673,0.0188604334681974,-941.167843210387
111,0.00924786541520972,0.0195055768770544,0.0060739506503697,0.0219821855503277,0.0103381839839116,0.0210514120019231,0.0179777476584613,0.0165801853176311,-935.547019877532
112,0.0144887213516858,0.0174982978847016,0.00197523412899483,0.0242264450578334,0.00928557348098069,0.0213810575759835,0.0134922256413327,0.016508106894252,-935.620755004839
113,0.0133921902316813,0.02650931686023,0.000735326877310632,0.0216027716856717,0.00979451280550796,0.0190990261946694,0.0189332395284441,0.0147141037118208,-937.458164870187
114,0.0102317905855759,0.023346418552769,0.0118183035171144,0.0328982483703745,0.0103710358578316,0.0247469819640575,0.0184513505215208,0.00902358182293104,-940.226999149592
115,0.0102997876779929,0.0225115264680388,0.00998025818258619,0.00891937856606617,0.0102369006428171,0.0210096002086934,0.0137020485137735,0.0322879569334086,-942.379217810423
116,0.00869798826916718,0.0322871335815419,0.00211611272087811,0.0293534157036041,0.01251540608218,0.0169359949194005,0.0187330385142372,0.0198330160732333,-937.610628762218
117,0.0015613751557921,0.0322272514343049,0.00774287093190052,0.0291449753962401,0.0113688518886883,0.0204705417472076,0.0137162898106728,0.0239450174861885,-939.402355038115
118,0.00357390108151585,0.027333364890655,0.00422004785570732,0.022442355717984,0.0133825824125718,0.00878205465775296,0.0155347445075465,0.0230579970814371,-938.670706140325
119,0.00870688910716534,0.0311815530182767,0.005834586391252,0.0246650453568565,0.00967190517005746,0.0243316465946185,0.0201717066506573,0.0226933867543439,-937.928713922639
120,0.00594082104789681,0.0325310974500092,0.00101962761495597,0.0222295107274162,0.0160865936651007,0.0256746838703385,0.0118475903551812,0.0188379269631603,-942.846496044304
121,0.00389797381689871,0.0282440763348882,0.00607290458096351,0.0293147784017526,0.0101895168730703,0.0252901852552561,0.0172104071718779,0.0244413796472809,-938.122473894072
122,0.00345594644835023,0.0230353926179029,0.00601503277124585,0.027247993570856,0.00874729514978178,0.0214186587539332,0.01768532355853,0.0178251653625338,-938.846699188427
123,0.00727926958925889,0.0265065438776639,0.00239459574158545,0.0286312544291453,0.00975971428164991,0.0142820507367538,0.0153340614704092,0.0156289349483882,-935.817310207767
124,0.0156765237924725,0.0253661345025498,0.00691188119142618,0.0265060654298457,0.0116508900809726,0.0171271625800892,0.0150661910246924,0.0182038373778279,-936.282780625478
125,0.00585172343972998,0.0298132688714267,0.00736752113819879,0.0163284443245606,0.00977554282425984,0.0165663781928131,0.0164753882366867,0.031806777214551,-936.979338023103
126,0.00744097375316466,0.0264644343270857,0.00685793107575133,0.0148890500934566,0.00968107980765331,0.0128766474372922,0.0201783322222495,0.0232772419987902,-936.999351678143
127,0.0037616672589337,0.0324167385987716,0.0144598449534963,0.0181412398294802,0.00970968443362148,0.0126505948372917,0.017863136823088,0.0326269434297681,-939.366333201475
128,0.00743284631164387,0.0320864424113101,0.00757799723416755,0.0234857038873219,0.00967035517839904,0.0117838411609394,0.0222918024638695,0.0231290212956573,-938.814193820205
129,0.0125156502729698,0.0213242857999744,0.00361227912467988,0.0189742973471072,0.0129602900660517,0.0193809705103827,0.0208448170690478,0.0252054638833575,-935.892039471034
130,0.0101168678391064,0.0220838096586407,0.00471845404213565,0.0192398840535367,0.0128323748840298,0.0143242998890709,0.0119408488402741,0.0286895162974603,-937.799039854507
131,0.0127293547660864,0.02455042067786,0.00525417146574532,0.0203195188659908,0.0113277563924183,0.0122248324293245,0.0183921337414188,0.0296589123348619,-935.692859120918
132,0.00990003943041757,0.0297220551564834,0.00269320892908102,0.0140785652971416,0.0126935590905428,0.0124254566075046,0.0180019101818845,0.0282755189013255,-937.18660521602
133,0.0103186935909094,0.0267920828686194,0.00618408293323603,0.0185082350169498,0.0103834633348193,0.0137313591828541,0.0179663591337767,0.0185668356826644,-935.207031692785
134,0.0140610646817056,0.0186215885440064,0.000724884589314549,0.0165434442217778,0.00923412871369195,0.0253064352234062,0.0159304209283411,0.022789303111345,-937.43092971692
135,0.0211011467039613,0.0170880855941197,0.00549660058834189,0.0327753097920014,0.00854455434694956,0.0184252221608622,0.0147435661970838,0.016450234315673,-938.877984304604
136,0.0223666160708019,0.0183710577302965,0.0101846102356764,0.0163736365586625,0.0105866807267667,0.0197064546622938,0.0175651707096514,0.0177114339716013,-941.095018346383
137,0.0177905100291839,0.0210786666317483,0.00962015497234401,0.0294980312489906,0.0114427579488801,0.0185920640708936,0.0159891202611443,0.0239670575180757,-937.746556111219
138,0.0155773420414915,0.0117563814563441,0.00927353253906739,0.0336554603520577,0.0106284609342375,0.0178015783003939,0.0210268471721629,0.0225665481768019,-941.04034767105
139,0.0144495831132437,0.0299630070878704,0.0118368345949077,0.0346649740218878,0.0113159832184354,0.0149787468380617,0.0212532470207106,0.0282859440508062,-942.037838607034
140,0.0121828913656398,0.0175409780711521,0.0103546174648608,0.0198813624343174,0.0136486202634994,0.0127095776642251,0.0195988580224027,0.0194227572405784,-939.214800280799
141,0.00997454575655707,0.0207309894843667,0.00552380010622908,0.0196833728614176,0.00984582233358859,0.0240345914816856,0.0188689987073936,0.0291518707381483,-936.065035005123
142,0.0131490945039585,0.0245247964961251,0.00228442221433399,0.0221755167471798,0.010404283569136,0.0181716639269023,0.017808016624453,0.0176409235377752,-934.468039448691
143,0.0120270501986502,0.0193547764649878,0.0033360261555576,0.0219781387124256,0.010957294137669,0.0176709505413432,0.0158091153807468,0.0310540242462589,-935.229789356229
144,0.011531040646301,0.0232414006315164,0.00642100646265256,0.0255901668187017,0.0103677711630871,0.0199019862186367,0.0223515509040759,0.0209404915557964,-936.766138667196
145,0.0213946645726793,0.0238420530845462,0.011493220938376,0.0284119138236922,0.00901953641582024,0.0293130513012599,0.016502799462259,0.0284891912576557,-944.418808894007
146,0.0049991225500208,0.023046247228877,0.0107527716752604,0.0128697841531689,0.00896380213324508,0.0304757196514003,0.0171781648840278,0.0118586207640418,-942.485454791144
147,0.013079545738421,0.024241277370313,0.000962806797913804,0.0356520655542658,0.00922542185727909,0.0277382516502444,0.0174671261659678,0.0321614296088343,-939.906807365471
148,0.0130019722769559,0.0194186148801017,0.000537358434725273,0.0189981908392265,0.012953327444666,0.014546575214832,0.0218029957832099,0.0316502884615518,-938.51725894017
149,0.0111745819230654,0.0301991480660708,0.00374624478748125,0.0176748239786608,0.00941057339185861,0.0153545096155126,0.0176701624182872,0.0164254524137434,-936.225282621029
150,0.00646364783194045,0.024965381729877,0.0016157450832211,0.033005885020316,0.00981547725733614,0.0181084884219882,0.0180331612578863,0.0152719864320571,-937.390490290168
151,0.0131690576409675,0.0145571011138351,0.00521341432733663,0.0196843353995327,0.0126420327441485,0.0180798575339292,0.0196870438306045,0.0218163091145469,-938.026763730811
152,0.0148850388858634,0.0187433305391831,0.00656140209553141,0.0213987533108203,0.0119325316840671,0.0157041485382115,0.0173631826942268,0.0237894567221612,-935.356478450898
153,0.0156926960304687,0.022489100116315,0.000489613623628055,0.0225093308422177,0.0124241274963593,0.0136056313799548,0.0203633290108859,0.0307650033353128,-937.994930640997
154,0.0188320982656444,0.015787683094242,0.00373298322430398,0.0219831282509644,0.00950290790720231,0.0146363245302469,0.0178756395263731,0.0244800731371607,-936.397727118404
155,0.0130034854847035,0.0291233776716018,0.0116347690433331,0.0274300332129653,0.00926753684146251,0.0199591307938526,0.01265689675699,0.0215567147706444,-939.545652886502
156,0.0149683064234527,0.0212599801723548,0.00411896244328231,0.0297891021672757,0.00985141210538651,0.0166734558103929,0.0145655759101442,0.024983453744312,-935.223679526381
157,0.00962449051917082,0.0296038505752277,0.00441741816862952,0.0284751579461813,0.0112530624308434,0.0166774420106652,0.0149620619910782,0.0295188578637843,-936.777672158497
158,0.00882805314571204,0.0198688231656342,0.00486548293688926,0.0206512575175378,0.00761757289791074,0.0154639056117866,0.0210383660217315,0.0257051212389839,-937.441015653008
159,0.0136625789329601,0.0150256712899213,0.00709227711437353,0.0263513344479646,0.00696434746374805,0.0166018062222761,0.0172962946638821,0.0239420487006806,-938.24257017039
160,0.0148340825494207,0.0176245912896142,0.00294831634032831,0.0326596979534853,0.0101761111060899,0.0232885286468387,0.0152661339671545,0.027785230499289,-936.802711570526
161,0.0142458188833249,0.0210056119052443,0.00481739368398952,0.0385835594021025,0.00722738598629385,0.012747425617734,0.0209204750153241,0.0278824603762596,-940.224776583146
162,0.0153256621262238,0.0148410976396605,0.00246664698198728,0.0196888933386436,0.0148129074017923,0.0236376074369045,0.0179931095165923,0.0288791840481334,-940.115278152241
163,0.00766403537271101,0.0338542814348173,0.00387622920276076,0.0190702461833634,0.00902313506056487,0.0184579536983332,0.0172482120000927,0.0256732281480121,-936.00101003465
164,0.00837109720536926,0.0264425436198222,0.00322617048165669,0.0176482897519275,0.0146256542320005,0.0139075336403535,0.0211118313479912,0.0254286240354278,-937.153522718249
165,0.00802689588986177,0.0297185534569262,0.00312553282707897,0.0172548679948684,0.0131831720006626,0.014868895498644,0.0139979200160775,0.0225735826137083,-935.685304767046
166,0.0121883508622346,0.0218059732351806,0.00157970911692499,0.0154794712564162,0.0125060466481072,0.0163379942543597,0.013136779149591,0.0196027342136406,-936.052958371327
167,0.0121644347977761,0.024881167940827,0.0045532786320367,0.0253146588377008,0.00736736697301403,0.0197469340316775,0.0198987575992935,0.021683231171144,-936.397925897228
168,0.0125430695370159,0.0223262227318593,0.00211860181374659,0.0290852816303694,0.00902885419959986,0.0257256954782561,0.0126990074698359,0.0223975891702253,-937.094220776789
169,0.0101966100209203,0.026183956040595,0.00423164159873006,0.0221521891962056,0.0114539946901444,0.009759849741209,0.017406436645074,0.0202796753468782,-936.071594358191
170,0.00710925370280114,0.0234555705468099,0.00845623939249899,0.0220694034244175,0.011376997384144,0.0101527605452453,0.0189659872353642,0.0289397817451737,-937.29730426453
171,0.00664881455551565,0.0327647786874743,0.0048900731371718,0.0181415697033576,0.00864973883604647,0.0183311613316778,0.0148115828179277,0.0260773738600378,-936.356159596628
172,0.0104624223726649,0.0228261575872449,0.00396216462843934,0.0279290899214041,0.0138328547838748,0.0135288648000672,0.0155146700166305,0.0225572124465998,-935.339479088696
173,0.00778569512255519,0.0252455655987713,0.010130359905681,0.0196416997394254,0.0100564953739661,0.0204560250582909,0.0153239250214451,0.0291349238119247,-936.812344010426
174,0.0116824803351549,0.0239727071060213,0.00896591445999088,0.0225160739001139,0.0111728006584522,0.015386669243945,0.0212605263722939,0.0253272887804548,-936.26969706885
175,0.0123574682003088,0.0209763088143738,0.000835734367617737,0.0261899050295677,0.0105482068451495,0.0132943985403164,0.020344661176355,0.038564158742568,-938.162779933027
176,0.0151744385839394,0.016533870311444,0.00340084423661871,0.0193929620824044,0.0120523130990386,0.0168350370858564,0.0231349082350578,0.029536818102973,-938.110472028783
177,0.00954047333951132,0.0322836900368351,0.00230897638520586,0.0208110867946891,0.00966314653758847,0.0184916231554188,0.0140141492369663,0.0161530809439366,-936.124542925262
178,0.012304212374484,0.021463624088608,0.00445412610751131,0.0211762169322401,0.011306438043758,0.0207272653307106,0.0202356407686346,0.0124764179466814,-937.506674607804
179,0.00644905725340806,0.0216698284533005,0.00323073251733312,0.0253667825965055,0.0112855312338457,0.0197914042767526,0.0135218425223204,0.00971692515079425,-937.738497213668
180,0.0156097017693883,0.0205083770092062,0.00462935207388511,0.027268894113668,0.0110695904854036,0.0178652475825457,0.0148523844811888,0.0318909934582365,-936.837743228935
181,0.0159339910740469,0.0179016597019967,0.00172467533814452,0.0201785470254016,0.0138365915364928,0.0183656071315928,0.0209343094279993,0.024550502253695,-937.725433460363
182,0.00699734955857424,0.0199928195773099,0.0113831321826837,0.0209366729835009,0.00939670366201742,0.016576893278809,0.0177433255723002,0.0263142751191015,-937.190359223602
183,0.00982816303532781,0.0241191856405594,0.00139566877549075,0.021616285677799,0.0110719634207274,0.0221426964959504,0.0220905939495953,0.0321048454869431,-937.000011838049
184,0.0122037609816763,0.020054721203091,0.00517274851910392,0.0330550133305315,0.00965295016615227,0.0265530930171476,0.0158298520179274,0.0333066111577036,-938.320464714103
185,0.0075654974880495,0.0316288339065852,0.00336280308263346,0.0404025509691177,0.0129337419453944,0.0126753969192561,0.0187437907397551,0.0287219456991876,-940.911808316994
186,0.00656587924069811,0.033636904467381,0.00670838040446347,0.0059111143506109,0.0136747594764011,0.0145891448380023,0.019988977606303,0.0145477047923864,-943.285919662595
187,0.00644253657988183,0.0243781670025036,0.0151876568391437,0.0145892173976127,0.0111191143876231,0.0151898297407442,0.0134614570162027,0.00903299305174592,-940.482839663567
188,0.0072698581313275,0.0257314531671862,0.000939269533948216,0.021552738410398,0.0110190773087132,0.0223547721021959,0.0175965957558108,0.0205784831879953,-935.91242462624
189,0.0142531671458818,0.0195927510028146,0.0125140652961352,0.0160629108546281,0.0110028602789061,0.0162756364261865,0.0148674837658279,0.0201678168405109,-937.975313271835
190,0.0137118098627842,0.0309553087669224,0.00871663929622757,0.0229155754300548,0.0100490283695809,0.0194005086697219,0.0174076232599772,0.0199407222351498,-937.848647139596
191,0.0114406033877026,0.0163618284439056,0.000387196271619763,0.0195515171454197,0.00915064939852169,0.017559962704944,0.014907252627014,0.017114162559409,-937.732568312138
192,0.0104244024845979,0.0168813899970783,0.00500377788614919,0.0176749164909766,0.00873525297173792,0.0150852245691473,0.0151426410395429,0.0142850062487841,-937.560327906562
193,0.0159654371805912,0.015927006128441,0.00445119814276708,0.0253101180704715,0.00957112752742606,0.0230165556864446,0.0128501629374152,0.0247070021693852,-937.590780722244
194,0.0133316966365477,0.021105989854276,0.00489930534420456,0.0291868886969796,0.00863051640931612,0.0249422371915905,0.0247430360392644,0.029934982576311,-939.154301565488
195,0.00926437754935366,0.0222695573830581,0.00685443167803462,0.0150487342875491,0.0117904099069587,0.0100076222992077,0.0164000910966487,0.0289284520346879,-938.109627593829
196,0.0135727605863912,0.0255256471753107,0.00754702273629294,0.0157746937639135,0.0112086804508646,0.00870961328182444,0.0180166660928389,0.0318640639032074,-939.737807920294
197,0.0125473538832537,0.022686351438291,0.00564653697751735,0.0290987567745122,0.0122267220136686,0.0167714316499174,0.0180500211126246,0.023841208390584,-934.939435092719
198,0.0147285786874456,0.0181078411141392,0.0101443686041755,0.0238597110685376,0.0095413847889065,0.0109825889478687,0.021778985663915,0.0236115546886393,-939.551491604575
199,0.0125028386435661,0.0197133282313058,0.00294922372948155,0.0269902469520584,0.0119022868884794,0.0201855113074599,0.0216351084050004,0.0273522105097291,-935.824787749696
200,0.0102477528230004,0.0200292491057952,0.00765688186369328,0.0304551699530337,0.0108089421047715,0.0224973046880226,0.0189309863510135,0.0264664021769267,-936.012500898037
201,0.0136366763516328,0.0228792428151015,0.00383159247297378,0.0306137322778735,0.0109677573936428,0.0198708072382694,0.0200603355332714,0.0226921881542104,-935.657638646039
202,0.0149909171333374,0.0174964824176465,0.00501058307076773,0.0333179856625145,0.016755229421941,0.0180077819007425,0.0135815927960955,0.0243256526821537,-941.168207086336
203,0.0165398813709988,0.0190751137015415,0.00595725273574003,0.0255562087331326,0.0150625614264295,0.0244386179074018,0.0137960579522636,0.0136268549624845,-940.531110380785
204,0.0131395093159993,0.0204834731265086,0.00581266808085966,0.0166318673996001,0.00897274893204918,0.0140124276610009,0.0150005946637688,0.029152631301675,-936.86251717397
205,0.0134789481464338,0.0247319259101722,0.010814350120956,0.0306933241867863,0.0110697086702864,0.0154548946568187,0.0154098849819836,0.0137270331442536,-937.876392682989
206,0.0151740165714713,0.0256459649774765,0.0133926597221453,0.0259186555595913,0.0101353690571977,0.0149693997165881,0.0155200278317113,0.0151647227267747,-938.747053611683
207,0.0169031529610975,0.0221547797926633,0.00119063666840876,0.0195918475802341,0.014299986779477,0.0157610674461387,0.0140220754470741,0.0186110505155879,-937.319622815083
208,0.00483292048061542,0.0416515706954784,0.00341155809029471,0.0207571856907734,0.0126840194066322,0.0156048478233618,0.0166602423235143,0.0215625575453174,-938.847798102648
209,0.00433616396349782,0.0384793798017641,0.00450858975864889,0.0223618359946018,0.0132529158719474,0.0152466785595842,0.0170199647084302,0.0197896120205986,-937.949727924642
210,0.00724662317657952,0.0214537473306048,0.00689619355462498,0.0246316909902822,0.0137374065787627,0.0140583559270662,0.0167622930043865,0.0235135093136326,-935.966519343226
211,0.0125559854877622,0.0194273708010696,0.00514019514618982,0.0187020753398984,0.01134953700301,0.0182540343261027,0.0151404232106986,0.0198265198266942,-934.537506021694
212,0.010724846711202,0.0199732978888309,0.00206785139874882,0.0276192889999926,0.00917159448575215,0.0190164954314146,0.0171254053291753,0.0338492664103895,-936.013061014
213,0.0143108827385507,0.0248467790224528,0.00272340228099606,0.0199345394982052,0.00834013634362784,0.0218859330141474,0.0188049162427207,0.0233075837146225,-935.628507581106
214,0.00667293952645662,0.024741140510296,0.0110754669220346,0.0199276298949081,0.00829470624691685,0.022856252650992,0.0135188725945484,0.0210920456167613,-938.134521646309
215,0.00387955386585491,0.0327710229344964,0.0107748274308367,0.0223339817818719,0.0127230351945617,0.0227487385713011,0.0166590245176544,0.0106088964212795,-940.203624721787
216,0.00475512450236499,0.0322091561030439,0.0118880264442185,0.0176492446077678,0.0129957576219714,0.0287535939436583,0.0199803815353208,0.0367392757324026,-943.899802775464
217,0.00488177970767116,0.0262227810655862,0.00140591181609953,0.0318928349855103,0.0123289361415877,0.027368171569335,0.0172496018679458,0.0172422488861621,-939.556580976071
218,0.00860082638705515,0.0233050838935373,0.00414826900199202,0.0219613715410185,0.01211546326863,0.0272615937732543,0.0149510468045825,0.0173324297464454,-936.408269701167
219,0.0105234793258397,0.0178739866721156,0.00535187885486474,0.0318517209991749,0.0166568169698163,0.0238532399086097,0.0167101626471703,0.0141678311742143,-940.856584442654
220,0.0120118491919395,0.017643450359128,0.00548312161083111,0.0273339976042582,0.0166036060738535,0.0224139908098405,0.0170743631284521,0.0209184751408736,-939.036237314808
221,0.0103281242170438,0.0251311038329232,0.00646574988863901,0.0242707379626717,0.00632968031848324,0.016352807059592,0.0161859529942747,0.031828160391921,-938.745591973386
222,0.0106756240455163,0.0219671362787651,0.00265279650322563,0.030662737095628,0.0150077363922868,0.0146592431625532,0.0248894296918195,0.0300750392912801,-939.69236557732
223,0.0113026463160185,0.0217036047762126,0.00455863822059719,0.0226040360267326,0.0137034795836445,0.0175617805412763,0.0165297735651489,0.0348225897990369,-936.934358836935
224,0.00722270356597851,0.0196180670349857,0.00477272812256293,0.0299497277944401,0.0106046566887489,0.0182152989836713,0.0219649294421475,0.0225051046590824,-937.359181082865
225,0.0154536790443602,0.0214733579226357,0.00605300761628797,0.0227956853754134,0.0103431100549418,0.0158033865227247,0.0173801108592319,0.0185867613830395,-934.904990588574
226,0.00796011296711414,0.0212725195596562,0.00752517360380148,0.014741380461688,0.0100003710220027,0.022679411186017,0.0146297778029554,0.0131988283331817,-937.930697744445
227,0.00988820703294967,0.0339639346338376,0.00412074137429658,0.0189976152663578,0.0134862646183929,0.0144975336040241,0.0154810728329594,0.0213631624171763,-936.9340575709
228,0.00183098752544315,0.0343952237407384,0.00371834086146321,0.0161915686381402,0.00902995449608558,0.0133039137566587,0.0170686596907962,0.0210893582536682,-938.446877397169
229,0.0116980256105127,0.0339231902537412,0.00288826287099454,0.0206031929479606,0.00957366780100176,0.021540647912786,0.0158928780994971,0.024263481050195,-937.423358607237
230,0.00765942735303983,0.0344051104574749,0.00518674964653555,0.0159324219938635,0.0128100157647954,0.0187593868252049,0.0162547345129292,0.0173024168077067,-937.423249346765
231,0.00558502440137329,0.031123023072003,0.00328044469330979,0.0190390370219074,0.00846836777396576,0.0151907234906526,0.0124316861203909,0.0180434417532878,-936.708820518058
232,0.00371686656249013,0.0309530696792889,0.00579738299215632,0.0217084098446579,0.0124079191212489,0.0100467434694521,0.0188924121665462,0.0353140671616306,-939.13301690497
233,0.00428812830811078,0.0317108841932857,0.00298401248865333,0.0199345853192777,0.0131620512060988,0.019644462991195,0.0165458341071476,0.0351039869473182,-938.837513967582
234,0.00971705802233198,0.0171137709530429,0.00219185523964136,0.0226986787674406,0.00864976680911864,0.0167018614154765,0.0219847294185477,0.0279849585045529,-937.344578639571
235,0.0198699343752926,0.0320743766615632,0.00496695083522419,0.0161278034357638,0.0102131470450562,0.0286919818254152,0.0188445275197752,0.0247579013857947,-944.142564144818
236,0.0104394530134023,0.0289795000513777,0.00606266920232694,0.021210877463523,0.0114716127757772,0.0109522903672893,0.0204137628438302,0.0232635844376886,-937.075881681195
237,0.00609413777774372,0.0304152556933595,0.00357682553800144,0.0174741783087332,0.0119919774988505,0.014965780756032,0.0231776138024756,0.0290458643036104,-937.673067976587
238,0.00570765233963883,0.0253048289049782,0.00344280399854867,0.0163642227338433,0.0105100403029111,0.0149507369562316,0.0190290227251194,0.031235819360686,-936.809593562647
239,0.0158190617401175,0.017872826696581,0.00321377524819954,0.0246695035018988,0.0104100634166986,0.0288661830118976,0.0163488800472347,0.0249414867280804,-937.243619454941
240,0.0114430048291422,0.0280106852585499,0.00318922155863218,0.0252308938366901,0.00897991302099591,0.0213815532820122,0.0170493232889023,0.0211913202035569,-935.335905204925
241,0.00383838050321392,0.0278901503910217,0.00322707754505041,0.0163619581217228,0.0101854307555477,0.0239437826587181,0.015233729937968,0.017393284979438,-937.690720106123
242,0.00667931552933657,0.0274959039008351,0.00420183839730918,0.0218397042736743,0.0116153768227052,0.0129034005793152,0.0166340249594187,0.0279967129697586,-935.227758684083
243,0.0103252333506603,0.0199731413548034,0.0017038480857473,0.0174536330394957,0.012352056170628,0.0189102394660098,0.0197775987258739,0.0351407912857694,-937.457900227056
244,0.0115461725372956,0.0241503922253737,0.00463497155945968,0.0250661434584677,0.00793974905285691,0.0225210580198839,0.0183499708543924,0.0129188855794955,-937.130119422915
245,0.0123463191423055,0.026143185765742,0.00262992200312445,0.0290411841563819,0.00861998249558015,0.0166430573331722,0.0177240203016428,0.011487527788646,-937.705783969152
246,0.0138544896288714,0.0164222644065412,0.00210350158941233,0.0320151001756928,0.0146531115429756,0.0219341542757118,0.0163092254794681,0.0361612788471779,-941.051975368542
247,0.0185377339843841,0.015523746146914,0.00461463455897876,0.026168755620893,0.00626902358620646,0.0164601278066477,0.0192322024589321,0.0149442305637519,-941.430940901445
248,0.0191143534658093,0.0242135140008672,0.00513953937390736,0.0231489713816192,0.0125917788073812,0.0168015771434116,0.0123477604656404,0.0210890373183871,-938.36642434716
249,0.0165123981246272,0.0222469244366539,0.00627570521863719,0.0179661147857471,0.00934359988515584,0.00899174023085575,0.0177224412128093,0.020277033995362,-938.926895381299
250,0.00712276139788458,0.0221315729761357,0.00743568531029592,0.0301087749960248,0.0120346895586384,0.00952666914310803,0.0143504753945627,0.0175936640724957,-938.406383084695
251,0.0159874251869469,0.0230553721690338,0.00203981166397143,0.0204680575535903,0.0125127131952874,0.0227332395709596,0.0172947253271295,0.0352880495962212,-938.53762073454
252,0.0109475513731538,0.0198977916302197,0.00542921757564455,0.0231041902853505,0.00855009317457877,0.0120824808478931,0.0193289874334957,0.0223362243536423,-936.211148257442
253,0.0202256684475704,0.020764217965719,0.00175584459779425,0.0203331172381359,0.0119760167216976,0.0203098647959685,0.0191612055596563,0.0258266807917675,-937.594899751685
254,0.0160115830661529,0.0196365661370178,0.0040972384951799,0.0288691362398963,0.0147710070176842,0.0212399167487832,0.0164842124570842,0.0161397669948022,-938.317965249654
255,0.00847853016689985,0.0236552241164118,0.00691220748997624,0.0220698622757379,0.00700367681751492,0.0209417410313475,0.016610126674638,0.0160423859491781,-937.207928667625
256,0.0134890483866239,0.0266229289607652,0.00703671277980671,0.0170270074567705,0.0102617559941517,0.015729623123727,0.0167569679100302,0.0166529187663277,-935.998889914153
257,0.0118597260758752,0.0251128127399115,0.00849364546370631,0.0315640550186682,0.0106910602981568,0.0209524096566837,0.0144799274354245,0.0159750470780544,-936.739205468581
258,0.00701475261339207,0.025316540021527,0.00974312239511227,0.0202495673689641,0.00942357146263148,0.0219381956647009,0.013914616262846,0.0332686125886892,-939.224844915743
259,0.012664173588939,0.0211883792711221,0.00688497728468037,0.0207585397282919,0.0105610839174014,0.0182150805029433,0.0152331254700361,0.0284596323085537,-935.341641230704
260,0.0149808717399456,0.0206897827009991,0.00303363088502689,0.0244797386590666,0.0110632395006126,0.0180616591646976,0.0182492583318493,0.0260938543163713,-934.398409013063
261,0.0125110200361004,0.0208707351935144,0.00718687729440971,0.0341489612928402,0.011755882897853,0.0178633458618852,0.0157983690089458,0.0269272342765935,-936.324560874338
262,0.00721869980597475,0.0289755220426511,0.00581391719701547,0.0362845585364818,0.0138712222266823,0.0182556194484543,0.0185969630021137,0.0181254453211432,-939.059358944619
263,0.0106089144909504,0.0201509742610874,0.00672762757734775,0.0162152967160246,0.0113318502576932,0.0162331893966185,0.0166217912639329,0.0177858120472678,-935.571821456233
264,0.0125699977345589,0.0194828090311657,0.00575946742495727,0.0262498633511743,0.00892618982815279,0.0194177039821952,0.019250446896398,0.0178919638364639,-935.439955489226
265,0.0139464316974818,0.0174808268844664,0.00295682808681276,0.0308864077229488,0.0096248497699754,0.0187684457178795,0.0165568952680561,0.0180492088856995,-935.010756173807
266,0.0124334624600216,0.0220850339927512,0.00595874083783344,0.0313492859803385,0.00918280030958436,0.0209724348776012,0.0203815596572035,0.0290033507852575,-936.162803348534
267,0.0118416479443822,0.0265102331676109,0.00238899401696506,0.022417530917718,0.0133604057696,0.0249906200028855,0.0174569995030275,0.0195403482348722,-936.97414824522
268,0.00602316811432059,0.0222087468048298,0.00522191848102694,0.0251083731275619,0.0114717489368295,0.0146610034077712,0.0183154475168737,0.030221572488427,-936.0456684736
269,0.0109255745133251,0.0178950458182885,0.00227193510888187,0.0233130092736224,0.0098685856986105,0.0152515611386006,0.0189407868631965,0.0320246371995059,-935.818684008867
270,0.00802528990267823,0.0226695187989685,0.00390287329985529,0.0284179535657677,0.0101552907881338,0.0148893719092757,0.0193648951894583,0.0341325586134798,-936.201446232759
271,0.0121601520933014,0.0232661649514461,0.00327791912661334,0.0285422675684268,0.0133812529411805,0.0137747882831738,0.0207699390056112,0.0206075375191614,-936.771338226069
272,0.0123522386975569,0.0220697452887377,0.0116953287491476,0.0212240116365504,0.0133984136026462,0.0186718636850465,0.0141625532061231,0.0183276898207832,-937.461238588822
273,0.0137712316303486,0.0274218433703761,0.00358666695347785,0.0214566328279296,0.0110138251763894,0.02080603941246,0.0149254164518231,0.0181154290547056,-935.441451082649
274,0.00773762564337827,0.0228836140402052,0.00212429240223155,0.0270682038289264,0.00989431853081657,0.0136162616732031,0.0157913735413942,0.0259732373973685,-935.46292157682
275,0.00590588784926987,0.0252026219415588,0.00733274202752139,0.0265491617515477,0.0152045153832299,0.0149445347943669,0.0165022892747597,0.0133101965691404,-938.373186531123
276,0.00444915659711446,0.028268303612813,0.00394724419522202,0.0229951882777536,0.0133368706501209,0.0173396212281515,0.0137166015458471,0.0267549249693716,-936.875951706204
277,0.0107749371703817,0.0268674843314832,0.00164100806969731,0.0187320071070129,0.0143056769115395,0.0127733318081871,0.0221611579260844,0.0177644206092043,-939.62288643536
278,0.00976179372444434,0.0300990338153796,0.00341188945074933,0.0204648088139605,0.00876966957047329,0.0252800405541154,0.0218212881832213,0.0150365845447807,-940.368353352521
279,0.00710362010913869,0.0294848487516721,0.00178361816872399,0.025515027573121,0.00763633351285082,0.0166685052867863,0.0108113276853482,0.0202465542561758,-939.074563323241
280,0.0140603851471454,0.0214900548008037,0.00486648915637941,0.0204765552647528,0.0108535760566458,0.0203530390849879,0.0238993034135829,0.037011654907322,-938.070342481938
281,0.0116249943721571,0.0209607369666523,0.00548345345480538,0.0340951415905464,0.0111007280336582,0.0127185405431399,0.0167913894650502,0.0195216624357849,-935.860091514958
282,0.0119120768807454,0.0219358079245893,0.00574227745485459,0.03244808334967,0.0121721850425474,0.0124488268235195,0.0156856461337125,0.0233564320294248,-936.012127938985
283,0.0163498386510167,0.0190751007748563,0.00811524587474262,0.0258319161004619,0.00973256794165172,0.0330894236645178,0.0166512633548805,0.0188656036815537,-940.237678368128
284,0.00699666914369459,0.0272037466766896,0.00546619584908574,0.0196901448206958,0.0124094739346504,0.0246844866363853,0.0141398352882371,0.025365601119151,-937.240844241051
285,0.00722130424821167,0.0252565375959262,0.00891848571367951,0.0252199434069301,0.0131475119819859,0.0114158846137705,0.0140930167052647,0.0260786462031799,-937.21969094396
286,0.0101137064066583,0.0230852682915222,0.000621815645985485,0.0201566274840388,0.0129570964955667,0.0148969320211341,0.0168967716248012,0.0265571461760979,-936.072150974134
287,0.0104495862638757,0.0216072527884251,0.00954948658459048,0.0190126607211033,0.0114291598905003,0.0184558225821798,0.0160541188210853,0.0226931337417403,-935.363726886456
288,0.00526285242424752,0.033462674630829,0.0106249303758975,0.0226320076103467,0.0128935474006805,0.0132220133972541,0.0162638718126262,0.018010986477047,-937.791212871922
289,0.00607448512273625,0.0182447849131659,0.00280079110631228,0.0254776913863615,0.00978294741914121,0.0154585363124548,0.014983836494784,0.0131479589811518,-938.449133650784
290,0.0173322185334559,0.0208660659505862,0.00449683202610376,0.025116696527655,0.014545607139949,0.0247046333996046,0.0169428160334754,0.0165735924772917,-939.329048580965
291,0.0138607266663498,0.0205428841972301,0.000925688617052763,0.0256137180274076,0.0148609682047486,0.0217166315580296,0.0164788490597998,0.0158479858798098,-938.037936912909
292,0.0114795675972929,0.0137746791091137,0.00298819305433179,0.0255104100057769,0.00738111151886954,0.0138969235877877,0.0141832551250672,0.0194736744302899,-939.333457148078
293,0.0132146448884029,0.0369060637469298,0.00471049162380231,0.0234095913309394,0.010653506750654,0.0115758202773973,0.016171369094046,0.0187076616964101,-939.962788483491
294,0.00440051586704961,0.0302590970206237,0.0236826395268253,0.0222070143884233,0.0114258096522829,0.0142691369320319,0.0170423989955414,0.0331497010184775,-940.810962824989
295,0.00141016934912547,0.027415790374638,0.013545680088621,0.0208969280079468,0.0123804868303664,0.0134830564744833,0.0121546526482355,0.0178271952021669,-940.744329636808
296,0.0011686513877648,0.036640977880919,0.0037510102152059,0.0318838104452633,0.0120217775295303,0.0159450234431986,0.0190381679319414,0.0237357310239948,-940.773737063407
297,0.0134853433976996,0.0295198136081892,0.00748660897871459,0.0315517058074958,0.0110787369152959,0.015081154888934,0.0100629144514695,0.0254636113208035,-942.600722828834
298,0.0122884784363523,0.0138722421124415,0.00618384507467884,0.028045669867824,0.00885340463288794,0.0229948214315129,0.0203149200752871,0.0263667049858941,-938.25882589025
299,0.0101321922502132,0.0127964178279186,0.00305918751849508,0.0380165559576767,0.0100890237462662,0.0134320726311614,0.022507264534744,0.0252116004114316,-941.613997816271
300,0.0189766906189192,0.0144244695933008,0.00215191627594824,0.0133515673185469,0.00866679159784184,0.0152914232247797,0.0191168101015193,0.0237102082695496,-940.276719758994
301,0.0187255938687717,0.0301193262912463,0.00652959391927121,0.0257571634524348,0.00899946210263274,0.0188848162493531,0.0164940004691592,0.0176179272973965,-939.645395486875
302,0.0153584546127948,0.0143357072635701,0.0068274733119045,0.0262154790259802,0.00780374544327344,0.0236599936139508,0.0137521665649373,0.0210738233193511,-938.704204351701
303,0.014851136087184,0.0204542540213042,0.00823349165787525,0.0273352389592242,0.00887258688713611,0.0108917488351485,0.0155345995137856,0.0134575605599188,-938.597378405162
304,0.00854075949432699,0.0284308743407995,0.00392646655989156,0.0219697321305263,0.0096786463658483,0.0168549271759377,0.0141599795646857,0.030161432573774,-936.143576883746
305,0.00932489005721821,0.0247941882579254,0.00966122579706791,0.0123864601149349,0.00810410084013183,0.0127448024266545,0.0205381995413602,0.022648539439526,-939.434526966786
306,0.00453661834385419,0.0291073167956417,0.00508326719242909,0.0266080822120887,0.0119054953725986,0.0150042291214516,0.0146346361721378,0.0224350351069379,-935.691748752502
307,0.00258166356743592,0.0278768050796405,0.00530209248778857,0.0244096627827071,0.0110526271329774,0.02253378898152,0.0253062402003583,0.039626728510261,-941.921381271589
308,0.0146399985458256,0.0247209872872487,0.00199476699838465,0.0271177937191616,0.0095802923250744,0.0193020682116735,0.0248204697340697,0.0409117414131303,-939.639831514337
309,0.0113473026106201,0.0244327550294167,0.00533996028553999,0.0221859291664559,0.0114074234534481,0.0152825371340793,0.0189524424189914,0.019743303655752,-934.622095711788
310,0.0116360602475038,0.0240562971362245,0.00449440349538547,0.0186502987342943,0.0118901110633661,0.0172952143256137,0.0143078545237444,0.0126135271492289,-935.622322246945
311,0.011264018968137,0.0262292375120485,0.00415773705961721,0.0240409684096715,0.011572284408489,0.0220213802502709,0.0225387537270386,0.0403842156869536,-938.785002394368
312,0.00791164951935535,0.0229924480675909,0.00437794194315839,0.0193813918073122,0.0115395119793041,0.020969898807869,0.0189376855358057,0.0210301637513627,-935.193498657946
313,0.014210898227761,0.0196985050147917,0.00447402393174575,0.0246002719147845,0.0134574182399987,0.0221980012619115,0.0207158160206854,0.0219376018719042,-937.157110440089
314,0.00788782428444474,0.0288096656254156,0.00159001399517412,0.0219288864516872,0.0128106596264516,0.0167674900492177,0.0152698504639228,0.0259552534466215,-935.546183395501
315,0.00790697600432498,0.0287722112695512,0.0045243252882473,0.0345259772849446,0.010978706765873,0.0163272988943801,0.0152475774669857,0.0224705763559026,-936.621168165609
316,0.00786192746972467,0.0254237754147334,0.00398624606552639,0.0340096652666132,0.0156981468118152,0.0195099863569487,0.015770799859009,0.0234887444616307,-938.395427434341
317,0.00634942945941107,0.0223825239934072,0.00419310271832996,0.0287946132539216,0.0121730153213101,0.0183039004213264,0.0191381258342852,0.0254278832908878,-935.763213453934
318,0.0115491747726134,0.021705475270044,0.00831760273282123,0.0239346070646989,0.00896752685713269,0.0162390599103222,0.0154927588345001,0.0234007340596956,-934.880266816951
319,0.00786829738148177,0.0241002865683807,0.0107931509064126,0.019751640591818,0.00811990362331442,0.0223425546440309,0.0151632151093474,0.0216270794728719,-937.196584551623
320,0.0154857029412604,0.0221813802586479,0.0123944484001508,0.017753084138252,0.0121139704290505,0.0121531449306074,0.0147423056975365,0.01911289964193,-938.660931659009
321,0.00639034535352204,0.0223768746899198,0.00222228381537179,0.0224451365024899,0.0136220852738314,0.018577494679083,0.0163297191497998,0.0158671984729201,-936.212161284481
322,0.00984850846023444,0.0220982323170611,0.00411134454042494,0.023351858604936,0.0142768327375304,0.0179815242446692,0.0131308000183843,0.0195748846226518,-935.644195846749
323,0.00697869109984526,0.0232674580589239,0.00615639688936998,0.0208907404338165,0.0082557150497666,0.0164343971117144,0.0121326250890582,0.0176927254675819,-936.974640056491
324,0.00732218836089984,0.0200830925526795,0.00424912944917556,0.0204648242729989,0.0148533605562187,0.0231993607632562,0.0181665225189506,0.0314986153057587,-938.68982237839
325,0.0184445597124597,0.0212265365163985,0.00200125699898156,0.0167792869822331,0.0131394730604307,0.023046805494833,0.0175548805064554,0.0198775972340805,-938.301344787276
326,0.0141481533501902,0.0235946675139863,0.00426017444445669,0.0288859517287708,0.00788125419829461,0.0134459738905508,0.0155018729800434,0.019995005939433,-936.095180119617
327,0.0117805059978686,0.0249228581240292,0.00477751647022525,0.031029741946256,0.0148262198163367,0.0179378676236863,0.0160365778878763,0.0252487238052259,-937.215963822607
328,0.0119475146722438,0.0152737507225057,0.00338655983951507,0.0274058684370691,0.00902612575219334,0.0201816581819185,0.0178631186797547,0.0166939651161787,-936.368642347577
329,0.0112606015941123,0.0248982279905115,0.000306586947638654,0.0338349184097444,0.00917442755199419,0.0184610266113161,0.0156745351712791,0.0130016303404298,-938.440382082466
330,0.0108107628099558,0.0204991604382815,0.0124920803756552,0.0193073632543522,0.00925371231227132,0.019223049371767,0.0192587839227015,0.0315252771749777,-937.846061113817
331,0.0109683915458206,0.0230346368600294,0.00398689407932676,0.0254741356314559,0.00984409491200553,0.0126454905990507,0.0148985866843922,0.00925758942137097,-937.530903104114
332,0.00900838655200927,0.0232533883870798,0.00827020531720649,0.0231884298732037,0.00987426588003516,0.0161390105116497,0.0166969598014354,0.0131972133983307,-935.866169397772
333,0.0131497727725432,0.0219939717536804,0.0075728074518959,0.0261318377746259,0.0112624811497378,0.0210803336179837,0.0178569439388674,0.0330474212487171,-936.669844384816
334,0.0155156816174149,0.0198881464934379,0.00812061805973722,0.0181251151065489,0.0120504722567517,0.0123421274256953,0.0191127576933947,0.0277941051212336,-937.669302268384
335,0.00713147490197443,0.0342222125682065,0.00170104955074282,0.0256935569865719,0.00981951888284052,0.0170214477841042,0.0188920188777662,0.0257229054700337,-936.967760883457
336,0.0065226897783651,0.022930186976393,0.00298534125697462,0.0155573528517315,0.00982936540243219,0.0149827957864895,0.0177765265522742,0.0223397409025421,-936.336808504757
337,0.00890633359909737,0.0307101937662932,0.00344584515856678,0.0153212367953175,0.0136882191696983,0.0151563985780278,0.0147318669792803,0.0231288975521169,-936.46297647145
338,0.0050636640756032,0.0282393010398511,0.00400972364243824,0.0155334509540599,0.00881415453049633,0.0169109137897715,0.0156658096203402,0.0268618906983456,-936.705316704097
339,0.00535844900093073,0.0299710850819321,0.00807388241045928,0.0283365235885963,0.00823193258034626,0.0130821317463141,0.0197008832056543,0.0251631981580752,-938.132478778655
340,0.00904058382073518,0.0177437536977751,0.0108825322958612,0.0152337498899145,0.00844686584435206,0.0167169369959259,0.015146117730287,0.0195953165587888,-938.99014625396
341,0.0137561220413174,0.0257256455570607,0.00590425305607077,0.0398505129055508,0.0130107496452982,0.014292201924522,0.0134084291103673,0.0204288399565805,-939.959270651615
342,0.0166030509068774,0.023170529842071,0.00662725089911149,0.0136706267479454,0.00715691016247349,0.0191260297508098,0.0181051949105874,0.0141095946158825,-940.359994775825
343,0.00492517665090371,0.0347168516243001,0.00563682878461184,0.0253577417330756,0.0134693800688625,0.0173644609827328,0.0162818932624803,0.0164390494801086,-937.709409206204
344,0.00378798463789973,0.0374755056873799,0.00294734990674659,0.0191530938393852,0.00898777777724,0.014309677092294,0.0150917973149988,0.0197589368121362,-937.323617230518
345,0.0113723583911199,0.027120885476393,0.00344467620190493,0.0224361038614577,0.00964171009050774,0.0120981466742487,0.0169037691971283,0.0296151097127046,-935.941513852368
346,0.00230334961649773,0.0365533861623751,0.0115538831767211,0.0460905323793879,0.0127017354915033,0.0211125182667973,0.0197535512502502,0.02547351288784,-946.150116931585
347,0.00134845559821254,0.0274049673675218,0.0112759830715311,0.0322243836917194,0.0113686248069485,0.0183174693158143,0.0188442506894648,0.0272075797538954,-939.870740614841
348,0.00815975464577321,0.0273916126354467,0.00134147688453577,0.0266767904734393,0.0142558819564254,0.0172477754644431,0.0136125006591636,0.0241258934643217,-937.097495832828
349,0.00509240851716462,0.0264112423521069,0.00476643333594336,0.0198559899319543,0.00960056768645198,0.016603368491674,0.0152365644650659,0.0257603118628119,-935.57304045572
350,0.0124572551087215,0.024641658833238,0.00684633033467963,0.0342931275676001,0.0124174259460647,0.0206863812233368,0.0150903045349755,0.010000219809167,-939.064241207636
351,0.0109625909518048,0.0263451103902007,0.0064462403206606,0.0313229456694271,0.0149154581127228,0.0244236303344937,0.0152991891192327,0.0268260696001126,-939.948851232909
352,0.0122758706660993,0.0222413349358755,0.00679722811409898,0.0165909120873593,0.0119108874355259,0.0248619463875563,0.0170749839618491,0.0191346564391611,-936.774037580151
353,0.00953556327341992,0.0225502887442793,0.0126593067410153,0.0269138507188269,0.0105722294621762,0.0245858932296677,0.0139936811534079,0.0124719917267316,-938.593564544806
354,0.0088032274954645,0.0219474667385787,0.00693750364326069,0.0309042006819738,0.0110636306594685,0.0117399855116659,0.0192062531468164,0.0278145004963175,-936.512506640381
355,0.0118006023927794,0.0173076681904036,0.00276707578725581,0.028800855640424,0.0093830576707853,0.022154887022434,0.022851680447454,0.0284239987219488,-937.038088609055
356,0.0123305103512436,0.0237162780332122,0.00158975785458643,0.0166782427203978,0.0128739787538575,0.0118252300837507,0.0139670604731551,0.0302373565837559,-938.19002599592
357,0.010720417704077,0.0237659312776608,0.00954513130295826,0.0198803988980937,0.0087112519166331,0.0265587099690866,0.0167165303188275,0.0223391886309052,-937.320531767712
358,0.0117085155276131,0.0192936331150334,0.00928244623352489,0.0370650260690282,0.0076571915356769,0.0274399036813512,0.0163082032624584,0.021190127846011,-939.123483384543
359,0.0076278842337084,0.0287437686030185,0.0104118004697034,0.0181072220280476,0.0121745433085182,0.018814638112307,0.0167482049401721,0.0215115521873463,-936.38373254605
360,0.00995313996122919,0.0344349868706746,0.00557914349359915,0.0213500958505956,0.00875794232314604,0.0187331900012813,0.0154370656665337,0.0210507428795513,-936.853941979963
361,0.0131375008811087,0.017524451185086,0.00197700323528994,0.0276694453623995,0.00822105333079012,0.0199007344604813,0.0134412605463542,0.0160133884810345,-936.062620604243
362,0.0176957577517332,0.0199152097515971,0.00807160015958192,0.0250731526417129,0.0111240532805745,0.015050678303594,0.0187259759001949,0.0200882558417626,-936.944634418494
363,0.0131154903171745,0.020306646595686,0.010971154703468,0.02800875548425,0.0110416722575437,0.0166013373593109,0.0176032955934877,0.0299480276241211,-936.750140715768
364,0.00601368705933481,0.0315145507408401,0.010699574613999,0.0218799629632128,0.0116155123244756,0.0103134793464515,0.0183551556404608,0.0261306375376336,-937.957641251125
365,0.00789026814434204,0.022293735822644,0.0128767393094979,0.0403291257078091,0.0109004569798893,0.018787408674966,0.0180753102882525,0.0232491744831314,-938.854813839175
366,0.0142852194783168,0.0224115828048106,0.00483685089832154,0.0211091816713693,0.00778457776033058,0.0199816750270258,0.0198824583650699,0.0281844202638246,-936.037421491103
367,0.0104327140023741,0.0227197006921859,0.00361735539947046,0.019438123191631,0.00966808515315599,0.01541015057812,0.0146117852572987,0.0145515960398436,-934.673264245413
368,0.0167819884877936,0.0249742207425293,0.00246359730776132,0.022142456876716,0.0102387924633408,0.0184686663722784,0.0164332928981464,0.025110683240388,-935.327583265792
369,0.00621475359133609,0.0283568569471166,0.00693772205786779,0.02420867983308,0.0124086913094041,0.0230454174456229,0.0176767747169735,0.0283100696679827,-936.966052652123
370,0.0152806810847987,0.0257568044669226,0.00561599290539762,0.0349912060644666,0.0119278061785459,0.0143511078183455,0.0188535544825919,0.0187481957797809,-938.495072177147
371,0.0158985088250141,0.0264681945080334,0.0191711770939548,0.00389493136413537,0.00795357490689807,0.0165022409611031,0.0139307023858774,0.0184186008484487,-944.528053874116
372,0.0155092704705417,0.0245668522481136,0.012538338432476,0.0173144272788022,0.0108623549866012,0.0182271557431815,0.0195576603877023,0.0299529505624912,-939.117178763664
373,0.00483379951666594,0.0316205057529384,0.0191370271313283,0.0167591773404104,0.0123081020597081,0.0116607075222152,0.0138509681891146,0.0190620967652714,-940.470480944996
374,0.0039794277560592,0.0259988421918733,0.0050802986530879,0.0296672613244064,0.0118902794388543,0.0206508644391531,0.0176292736764268,0.0220692009362111,-936.807037769951
375,0.00905826932952829,0.024923685187438,0.00648831473275705,0.0290794599156505,0.0103057775168183,0.0174907490595651,0.0156143569064846,0.0211831810123673,-934.651295339256
376,0.0138510429788225,0.0199445453049391,0.00276303565848756,0.0190347659650627,0.0124314739824517,0.0166388562510771,0.0182551711400421,0.0275050365315031,-935.101570546582
377,0.00967917871263412,0.026184494086558,0.01131518734978,0.023034019401588,0.0116170767059712,0.0235624829644866,0.0164901477190138,0.00889183108615862,-939.091255156614
378,0.00609869324829783,0.0268428973948399,0.00772289589131588,0.0154470784549977,0.0117978455894797,0.028319122607595,0.0158193289243706,0.0143464867214154,-939.110680897656
379,0.00855310976590079,0.0275587698450739,0.00929100389030782,0.0233985949264825,0.0113427258755772,0.0170224234738337,0.0147555528826812,0.0161282583924127,-935.71238678318
380,0.0053827529499577,0.0240011225603621,0.00856578852176759,0.0279960164499145,0.00986131888894251,0.0134000610569223,0.0136848577862389,0.017766865575611,-937.108215238362
381,0.0120031671952385,0.0238572147231765,0.00949007384202633,0.031260815424026,0.00805936176819161,0.0152988832180317,0.0146877802861678,0.0222813975494612,-937.011743346747
382,0.00916352613933574,0.0214740086651289,0.0112229076314103,0.0164283926334179,0.00739498225822293,0.0182199881464634,0.0181386008255462,0.042537287731159,-942.15165575368
383,0.00912121227796961,0.0296527303041704,0.00314851454732683,0.0130292929837409,0.0143040057912192,0.0177666380864882,0.0206316063177773,0.0050033941341655,-944.727957415179
384,0.00725457655370589,0.0325137205558095,0.0121924470098074,0.0216371046455673,0.0110563014558443,0.0197858993016473,0.0141240895690281,0.0305504214816495,-939.622133287309
385,0.002475173685431,0.0227584097830054,0.00971784753701073,0.0283249498535698,0.0169215878095744,0.0157490471264488,0.0265925633686226,0.0335745732707925,-944.982112540684
386,0.014049301604648,0.0132793599959569,0.00369697452426584,0.0370287995469798,0.00672771947238148,0.0261615728931625,0.0225559752135979,0.0311176364051462,-941.902098351386
387,0.011465383801784,0.0164555635341734,0.00463056267442815,0.0277170421607023,0.00845607918888048,0.0207578060325567,0.0207110196695043,0.0333689422418043,-937.070996528242
388,0.0125936531797939,0.016448029424175,0.00252772072513852,0.0232502360436672,0.0105355537283771,0.014904227622303,0.0144545782611307,0.0171377962715603,-935.360723254368
389,0.0132121796812992,0.026469795339745,0.00300301483672983,0.0277742390906838,0.0112474090836512,0.0217231055367157,0.0142706567965118,0.0240031523380744,-936.255335477397
390,0.011448015688441,0.0290628803886412,0.00283742805363568,0.0261280695258124,0.0111430297162324,0.0144740350044618,0.0162689885046543,0.0168467630763936,-935.719528800783
391,0.00984778591551073,0.0295124684849747,0.00273666719533261,0.0298171281220297,0.0098545418605334,0.0185130542599244,0.0143411844592286,0.0169816002006787,-936.238300231075
392,0.0123640467703073,0.0147997408548957,0.010898115052209,0.0368590315028824,0.0117671200446232,0.0236983629492196,0.0171626668395555,0.0279254082748958,-940.227196234895
393,0.00925669502470523,0.0151243452475889,0.00891077312118572,0.0232747287909242,0.00916539689492888,0.0225428147345367,0.01487355435108,0.0161093601365436,-938.912170787298
394,0.0204329135174371,0.018052026909496,0.00365468474010899,0.0219851508491999,0.0111704807129995,0.0180191549882083,0.0163632813082288,0.0157095425721261,-936.952237069861
395,0.0120132372229675,0.0276214664729059,0.00567621437911959,0.0147591331997564,0.0105000076759396,0.0124669890020769,0.0144241553966136,0.0324101567506467,-938.538344263981
396,0.0164665839892508,0.0206911064646434,0.00327015811069387,0.0294914369274266,0.0123559538695285,0.0130454708155315,0.0168889908033669,0.0143205270855865,-937.434036593509
397,0.0108071964928456,0.0268105825253323,0.00347097419413377,0.0148488903770258,0.0125474103898814,0.0150617803097138,0.0148767092773382,0.0281438262198306,-936.409796176297
398,0.0131824887477183,0.0274966623365941,0.00327379285589189,0.0202599203677303,0.00840927235073795,0.0189388170389537,0.0128398385341955,0.0201726179552951,-936.083562194729
399,0.0106247450666527,0.0237805477868899,0.00407567857867489,0.0176944856445989,0.0140093222186437,0.0126493058274591,0.0189881979115331,0.0229835803987653,-936.086949964856
400,0.0100808544442367,0.0254071482535434,0.00214314576565949,0.0239499447326907,0.0127179747755341,0.0221523165988318,0.0153960395187267,0.0251622590959531,-935.551436878452
401,0.0134389859023671,0.0224785937681375,0.00570764609263834,0.0211653521953863,0.00976803670783666,0.0167915297797503,0.0173061074119597,0.0203300304070514,-934.12299751459
402,0.00786973863275651,0.022262298245347,0.00552226454424434,0.0228354481410341,0.0109396373647171,0.0158950553264713,0.0145079904184125,0.022658552491836,-934.524092646907
403,0.0076953325720007,0.0263873542371369,0.00223400670675202,0.0223892439586912,0.0116864935058825,0.0145703154810404,0.0146148948060638,0.0214563477723068,-934.442516876093
404,0.0134661528567843,0.0301874540778531,0.00160996656134485,0.0206573992553367,0.0102289974227706,0.0173458493573686,0.0160701255835856,0.0202760042252513,-935.904117138853
405,0.013080231607869,0.0175627824298713,0.00468481733589387,0.0217743950143559,0.0111266847791847,0.0220857145399673,0.0177863400483971,0.0256330770309154,-935.302393259759
406,0.0181117194381537,0.022916390713184,0.00681757121526434,0.0222809264376546,0.00986889255879752,0.0196140264177713,0.0181366272815158,0.0236263952311901,-936.495161258101
407,0.0176718195551935,0.0153292049233253,0.00312878939239212,0.020923526857339,0.0085818143739839,0.0189704585781062,0.0157206882328757,0.0282858060111459,-936.936407358345
408,0.00827293670482103,0.0411241210384415,0.00434024733150731,0.0187337077638585,0.00992825209376639,0.0145110823525257,0.0174459707842415,0.0229506271724654,-938.708501931497
409,0.00246337182156704,0.0382866353891066,0.00417135005062266,0.0168279746362264,0.00884247426224529,0.0172198601698942,0.0152490190664904,0.0191982121128947,-938.150114883763
410,0.00561479791608498,0.0391375642433839,0.00175418453392196,0.0204438105664233,0.00867540547590907,0.0215122921015881,0.0172536334172115,0.0320496432133953,-940.126979046124
411,0.00546106068796162,0.023324668937008,0.0059125307557918,0.0275881141749865,0.0126047060689075,0.0124467013092149,0.0171286136947254,0.0313779217605414,-937.233059507261
412,0.0153441335103245,0.0247432884368864,0.00672863717808721,0.0114554530250628,0.0102476403460618,0.0216604394729347,0.0198470675819611,0.0316678347964724,-939.688513656141
413,0.0152339756923715,0.0275858935463219,0.00589841191590868,0.0344269863444058,0.010020788814322,0.0252813846621649,0.0183475434324493,0.0184711873849717,-939.740055838114
414,0.010042804776183,0.0212521229609958,0.00171493928676044,0.0249099743615261,0.0106153071780802,0.0238422092070998,0.0179621836054485,0.028551172309057,-935.452791389472
415,0.0105261336944617,0.0233423273488701,0.0061972514279079,0.0215935359564661,0.0111628724971689,0.0123637834296538,0.0163795103435065,0.0178478409691465,-934.835277363461
416,0.00681752874322021,0.023650611749453,0.00235350337288949,0.0214979936157096,0.0103234551555853,0.0185187029627921,0.013081309824977,0.0175457014495815,-935.338820843782
417,0.00732506257998929,0.0195487745645775,0.00412388657292679,0.0427817497989617,0.0105729947683438,0.0167039408602767,0.0138514631590563,0.0201144341204126,-938.83883031902
418,0.015865988165527,0.0194151499895417,0.00695144372227091,0.0221339952485911,0.0107168579800423,0.0171245561109981,0.017098862003942,0.0255523560230435,-935.34674848639
419,0.00888582062307295,0.0214289545138274,0.00732249768357106,0.0153718651940621,0.0113272994978712,0.0116762720929796,0.0165872906345998,0.0164169163441838,-937.166850829748
420,0.00779883959937594,0.0263062888187513,0.00276837018708041,0.0252781199718261,0.0109732820602102,0.0165326651817406,0.0157098421962435,0.0206935641121452,-934.105817794153
421,0.0102222961544484,0.0190790647879142,0.00342672678949082,0.0203879335849287,0.0105779453776342,0.0216425902573063,0.0130162523789207,0.0201044234509826,-935.463994800367
422,0.0132060694035463,0.0245744349927605,0.00686844392326977,0.0287720952196382,0.0127682477012188,0.0146029177515214,0.0155270285083328,0.0228358290445078,-935.970000451238
423,0.00644893514291831,0.0295190832706224,0.00731468944114573,0.0223041152726267,0.0124231314604772,0.0125350846467369,0.0154975059816988,0.022695366192339,-935.673836828299
424,0.00398957723181176,0.0391887172051744,0.00369906408438716,0.019336731524438,0.00953626139173909,0.0131724022606613,0.0151759234933898,0.0215888916641678,-937.639210290102
425,0.00723355115655964,0.0268860787531937,0.00585044786665908,0.0281367771646742,0.0103182267031507,0.0176274827035511,0.0207482489410299,0.0321022795242923,-936.426518109623
426,0.00513815637574711,0.0240431067433148,0.00642880856947236,0.0325010146884012,0.0151138046504918,0.016749104185912,0.0241234308961834,0.0272489601776105,-940.778197280401
427,0.00835114875422164,0.0288254127065427,0.00499895938175069,0.0234277681441805,0.0110777938799031,0.017404101711728,0.0179961546527131,0.0187619501290143,-934.880720515106
428,0.00728430081535755,0.0294361573153542,0.00115209860165334,0.0198179331739704,0.0110255733475118,0.015106310425131,0.0199307134355687,0.0266505481237445,-936.180115976343
429,0.0077847237909503,0.0297009383878265,0.00261358149038838,0.0210279009692113,0.00948276497675079,0.0213675858322173,0.0188442315191804,0.024984456334919,-935.662417268175
430,0.0100994939722001,0.0275310537815772,0.0125446182730087,0.0365173915845112,0.00952343943335249,0.0246053068966976,0.0183197988331181,0.02704272948607,-940.44128293193
431,0.00276346595820009,0.0199758513591925,0.00434742351010715,0.028139159590649,0.0108264550334214,0.0238498348493938,0.0260421714254472,0.0262431377838438,-945.1694947935
432,0.00645560982596865,0.0197455228522544,0.00687292131765354,0.0278793836435195,0.0114205526063234,0.0182691104622072,0.013308799954299,0.0218236848225695,-937.034547002157
433,0.00857473619669936,0.0180993339368164,0.0105016092776898,0.0239432704802825,0.00999343213934535,0.0285968135194845,0.0157364998279128,0.0207778822015866,-938.981756268056
434,0.0123295036538217,0.0201876261249804,0.00633832699813385,0.026362244870222,0.0114249851659809,0.0140950340516267,0.0170382445701645,0.0148055675657812,-935.584937277926
435,0.0116164317077507,0.0243335722624085,0.00566320957363804,0.022224139612075,0.0102309786544504,0.014008568151195,0.0126449688189881,0.0206883877613135,-935.144915104498
436,0.0100740430892174,0.019598160876458,0.00462501269256511,0.0204622707994996,0.0111939850657642,0.02389194091618,0.0145863892236541,0.0187625080886707,-935.355416500665
437,0.0107324409646602,0.0210173691771763,0.00252783754204587,0.0189091522548748,0.0100479148803447,0.0220896818182693,0.0175135158384617,0.0262490236510565,-934.752331953576
438,0.0115286220829861,0.0222130165877899,0.0039747646588983,0.0229237191559811,0.0119274673145773,0.0173935012372987,0.0202123275872591,0.0206574683908355,-934.836195878842
439,0.012229285926703,0.0294885684508398,0.00401555129357996,0.0121982527308969,0.00702046338386759,0.0159329411307434,0.012579691516803,0.0189213953822576,-939.698965076037
440,0.00643534192259214,0.032015736159049,0.00962293550530607,0.0133751135198053,0.0130209299557395,0.0119560783461816,0.0185420502312665,0.0289765885008386,-938.69616996658
441,0.00551713023104835,0.0252106469357687,0.00807323030134067,0.0217284883240436,0.0167738172218554,0.0178911720023922,0.016313533888297,0.0205347970860467,-938.472500670461
442,0.00638005849619496,0.019845580581176,0.00156939522002994,0.0283544722902046,0.0133071390065868,0.0154812476002237,0.0176817352785349,0.029502517253048,-937.668310123246
443,0.00753179958096257,0.0236515867550699,0.00757183194932181,0.0223025920449818,0.0110179915881702,0.0209587413168754,0.016878946486257,0.0300861003801024,-936.001224695631
444,0.0123104547812879,0.0252619504693458,0.00727463772848134,0.0263569723044938,0.0106524460234306,0.0121521509392749,0.015537885331079,0.0123059839552458,-937.274568752311
445,0.00493051142431836,0.0262787535714553,0.00836801748536544,0.0291231538054334,0.011427567054304,0.0174481434638075,0.0135238712185439,0.0156582734564269,-937.064394445019
446,0.00451558520756694,0.0262793132686826,0.00259400376008738,0.0277073222743736,0.0145067124006602,0.0278453752250966,0.0173212283472321,0.011393510182919,-941.047279828214
447,0.0110869022923521,0.0245990520521126,0.00775415233263809,0.0270991713915443,0.0146451301249954,0.0176566525459086,0.0129502662086308,0.0207083704637381,-937.530853384765
448,0.0195998337943762,0.0195569590298407,0.00653654523355866,0.0171304057429147,0.00717636085674175,0.0199714074321308,0.0132193832189233,0.0168045370733958,-939.598005647283
449,0.0073231157566165,0.0316629378809949,0.0048888304440466,0.0222041170102563,0.0116741207648897,0.014632716633031,0.0174651181046047,0.0226855180974594,-935.130214780799
450,0.00490497760728789,0.03246947200113,0.00669255042327823,0.0254035273644099,0.00942662161726524,0.0206399799969632,0.0172760073523612,0.0185198596422188,-936.864758073194
451,0.00440016393753638,0.0248521960837973,0.00783547634172842,0.0203933091845671,0.0099030258583352,0.0129586227992417,0.0185649815008462,0.0243068311225764,-936.89989629716
452,0.0158484857844278,0.0220481002488039,0.00867738394004756,0.0201379641295527,0.0118428327695702,0.0130942906744545,0.0138089245176466,0.0160891708243197,-937.288202057753
453,0.0165568424238154,0.0232974696318769,0.0018609172149981,0.0279521450248071,0.0107213120414133,0.0254325511715345,0.0123270008526917,0.0220441155941034,-938.626072224657
454,0.0151449903296892,0.0210444527409986,0.00225765846806279,0.0251264173923849,0.0108542173862797,0.0102039420675512,0.0157179098562835,0.0197787793418254,-936.257084323158
455,0.00975002197774882,0.0275207472029621,0.00465857389591788,0.0290615794134786,0.0136406538120834,0.0111201393921215,0.019022291350564,0.0300855239239154,-937.748817407383
456,0.00564623547147151,0.0287011713260459,0.0042989178160801,0.0347120098636612,0.0157698637112623,0.0237477549181837,0.0167377722136876,0.0165621776850409,-940.785029163772
457,0.00454779228856128,0.0322999611577931,0.000843268985532372,0.0144131409071784,0.0119899910364139,0.0203741639928814,0.0138507740000635,0.0152167486883166,-939.249903646261
458,0.0110185101774844,0.0169331100308326,0.00283209048869156,0.0285215442868227,0.0136916462671517,0.017849729919259,0.0135069106166201,0.0145240930026986,-937.308717246697
459,0.015682758765479,0.0251912435144046,0.000385266523799776,0.0150023849006394,0.0167945388484792,0.0156429816543304,0.0151346467544971,0.0159954911264248,-942.017967851049
460,0.00893038144889364,0.018251636102669,0.0105575975619155,0.0388865922566487,0.0094180355759237,0.0119293480555625,0.0156476906293971,0.025690698233407,-939.370471617882
461,0.0126282664244798,0.0252310871564342,0.00658858744957791,0.0117947620716166,0.0121706039062385,0.0256320930741709,0.0198497502435599,0.0212064457168822,-939.83801474849
462,0.00990684793586195,0.0211885913182107,0.00644965123857674,0.0306344508078416,0.0101596118763985,0.0105181967156025,0.016285386566293,0.0206659969038758,-936.479954046343
463,0.00857917997393854,0.025984107787323,0.0111768797838249,0.026370831576775,0.0121302943969206,0.0134631929973197,0.0134921775498962,0.020867119571125,-936.811532357685
464,0.00728257878798586,0.0278851331011897,0.00766241811865159,0.0209550195524398,0.00871411532777013,0.0181587529502654,0.0197690857212528,0.0232937152495225,-936.102231797475
465,0.0104374161283759,0.0223344166923402,0.00369458938998835,0.0213067163003579,0.0100955983372107,0.0139974784147761,0.0157048540444036,0.0319450171233195,-935.636114271281
466,0.0107867645120302,0.0234474204590031,0.00532083777027717,0.0295740489889736,0.0102902694623133,0.0216541022322274,0.0253635368065091,0.0335430647543109,-938.780759350064
467,0.0212211062623711,0.0115431735101735,0.00342475302833516,0.0294415422719212,0.00847229461991405,0.0211422758335338,0.017144186241385,0.0383527853579061,-942.388563250421
468,0.00884988739782709,0.0378563338833789,0.00500771040736956,0.029136760603308,0.00910353108501967,0.0137211189700029,0.022958111585367,0.0303240758474126,-941.643749269044
469,0.00142085778743501,0.0296477906899676,0.0200737970593476,0.0248256173720498,0.00877516673254064,0.0286960627468685,0.0235332598775896,0.0231091977849105,-947.044857501212
470,0.0111984816809518,0.0197995195963299,0.0114147303590633,0.02415763849437,0.0131055642653692,0.0253589616623823,0.0143078185618414,0.026529423448979,-939.4912801943
471,0.00549905653407349,0.0278728192350971,0.00369966104734923,0.0242811009300985,0.00740497183231889,0.0257744434558399,0.0184628386593397,0.0344407187866317,-939.872977778617
472,0.0109733308719511,0.0254879130955214,0.00188251275690657,0.0319067943913612,0.0127417593294085,0.0133854456075077,0.0227447211039525,0.023156188511263,-938.684273106559
473,0.00768442528732857,0.0221580090763303,0.00508694056955181,0.0335953683877932,0.0124206782539197,0.0215628361836831,0.018512272728935,0.0211134895265598,-936.567045913462
474,0.00785563780648356,0.0266236232341798,0.00482405943484298,0.025672711762444,0.0104584975145882,0.0205222489943541,0.0162243784372921,0.027754747423589,-935.182374887632
475,0.00863115675879317,0.0227267270485782,0.00447241638566594,0.0212786462217994,0.0090510591187962,0.0268735989833415,0.0182829096618909,0.0174829080010346,-936.603750288149
476,0.0111311953395977,0.0207864303222873,0.00282487614684766,0.0223889633968157,0.00833457003801607,0.0111316479686026,0.0134204579946878,0.020046518355704,-936.609874768557
477,0.013772996922352,0.0259624440636054,0.00416669874512328,0.0183321909479566,0.00927977912471703,0.0238229379549416,0.020548434276292,0.0176487781180726,-937.746185033289
478,0.00545731693753652,0.0261089182364811,0.00355683108258189,0.017919053745689,0.0106761299714877,0.0200044965005321,0.0150615849783326,0.0185344475658235,-935.394189673013
479,0.0120529794164541,0.0206654936748024,0.00743610847204468,0.0276522176120492,0.00929366435048936,0.0213682062387092,0.0152082833345452,0.0288085387383772,-936.07185928406
480,0.0169357236083431,0.0260924273570159,0.0109096899063741,0.0223280837655126,0.0164899903063543,0.0180063983284167,0.0167445090804163,0.0188238452391709,-942.250021194486
481,0.00452092449763827,0.0251926744953877,0.0102731601102304,0.02458798856288,0.00783880506907758,0.0119520907074309,0.0167827411110099,0.0263186101215447,-938.776517779792
482,0.0128278599690747,0.0242975622553008,0.00503329836256963,0.0147761496987292,0.0104060648153834,0.0116721366499377,0.0192476569570017,0.0263633607072017,-936.663883094238
483,0.0165211492062401,0.0260284473437716,0.00290628708112771,0.0374212054049336,0.0132145075324817,0.0228020619147008,0.0179748317222438,0.0294267762172333,-941.364749619357
484,0.00370422366854974,0.0237420495274915,0.00889570254532072,0.0288128461183638,0.00965222409806391,0.015858714775778,0.0195769188384921,0.0326860125924541,-938.277217685117
485,0.00821164821555171,0.0213235290483965,0.00389291555941747,0.0231949103298354,0.0109069696551852,0.0158494457840634,0.0204376563236836,0.0312184194472015,-935.52896800988
486,0.0136518759181053,0.0209848005226602,0.00433250774122061,0.025417600833796,0.01228016311682,0.0162879899964058,0.0173689940804615,0.0163860363559956,-934.96941875096
487,0.0133593887748636,0.0233040400138852,0.00588731172106923,0.0169495991149236,0.00960609152086469,0.014338033670859,0.0134023681500345,0.0130608930271887,-936.619765884135
488,0.00781090834089073,0.0350204559576183,0.00638928003650534,0.0260607971099719,0.00966839576897538,0.0116380789213767,0.0165298025562,0.0227271067061672,-937.594275639919
489,0.00870096406254335,0.0211872470285094,0.0024859759558144,0.0212120572792042,0.00964313182589187,0.0149746053049243,0.0161575952720453,0.0235368328976089,-934.501030348981
490,0.0111668136560279,0.0278660374490635,0.00434579917899008,0.0172814175289885,0.010923500022974,0.0141377479805448,0.0149287914765272,0.0164908789456128,-935.231116632651
491,0.00638405446937981,0.0313976625315004,0.00701907834185765,0.0169302681477506,0.0128104811127168,0.0136938700694079,0.0156039887321538,0.0254562123118738,-936.39979141702
492,0.00978094312284458,0.0191602392960927,0.00604403739927456,0.0203615226431883,0.0111816113144983,0.015959329617819,0.0181997969764517,0.024048736932653,-934.924739890653
493,0.014227889901383,0.0195467605409272,0.00117382048708679,0.0202277036990933,0.011147157018676,0.0184748566555411,0.0112522713517943,0.0161541787758994,-936.959144870536
494,0.0124584111485184,0.0221142936571617,0.00455023762616529,0.0203106540751213,0.00937021155060033,0.0155856031706887,0.0170893305391475,0.0159645379339875,-934.604272391349
495,0.0118884642685384,0.024954753981123,0.00129799831244191,0.0253917952112738,0.00890865045130327,0.0170539535266802,0.0218705649368431,0.0252340916477715,-936.451727057282
496,0.0122365905159979,0.0187533558661334,0.00568195050345819,0.0260730122203179,0.0127092115083889,0.0141563786847364,0.0221334197768383,0.0270184013611127,-936.766124588798
497,0.00938325734171411,0.02211281490296,0.00260151015859704,0.029799260184885,0.0115165171771699,0.024086946401576,0.0184908561384275,0.0311224965813342,-936.495578834161
498,0.0143023247980245,0.0265106962698617,0.0030524944438743,0.0156465496331829,0.00703275185527199,0.0168492067142764,0.0156997285666032,0.0194760470429804,-937.131945937967
499,0.0110666109124881,0.0258156524124087,0.00752256296553451,0.0328438228015254,0.00756883603541725,0.0234628850605795,0.0151033560336973,0.0208950324725337,-937.891791857791
500,0.0070574537016508,0.0258124013862649,0.00512275932690368,0.0260529189160451,0.0135293941173984,0.0199692551563119,0.0180137304036688,0.0148033522985901,-936.679021411114
501,0.00963316425774119,0.0240342038688103,0.0065700239216284,0.0211338312001279,0.00958632775354726,0.0146942079063651,0.0140728858108471,0.0183365982327276,-934.639753509442
502,0.0103057568998182,0.0205035689173653,0.00464032531203517,0.0251187163426904,0.00991320461996646,0.0190016402090361,0.0189713930489937,0.0300953236579843,-934.716068650739
503,0.0115921978668117,0.0177389456125368,0.00531194688303147,0.0183586507023152,0.00778856676686152,0.0189940653215398,0.0197286042237405,0.0255585445223306,-936.931528795636
504,0.00865782847593764,0.0224348264199337,0.00209347141173472,0.0376578028910589,0.0136268632751882,0.0192965923091178,0.0210666829839764,0.0346346360479404,-939.41045629212
505,0.015104897132237,0.0162063647826871,0.00782801056166074,0.0286694963077654,0.0135294464657657,0.00994566160850053,0.0200232657693287,0.0360825110867786,-941.317545756299
506,0.0163029021105869,0.0196988728521493,0.00716507174293029,0.0219052602259332,0.0118626356303496,0.0209959872281425,0.0200613739782122,0.0376324012111724,-938.965949324216
507,0.00958905729405606,0.0190639275921974,0.00703258976972626,0.030643822736894,0.00993673790434832,0.0191728595305291,0.0188038567234381,0.0370233515733657,-937.327351095182
508,0.00772009762118757,0.0224330063876164,0.00808884538252342,0.0189703793399272,0.0103918933098328,0.0288247509768505,0.020934236165873,0.0379898242154039,-940.859320414189
509,0.00650084573515578,0.025893720228792,0.00468467329985784,0.0235134623693366,0.0103678226717539,0.0104470792620857,0.0198437504207708,0.0183140464127493,-937.397209468796
510,0.0063032024954505,0.0260767608000502,0.00424668020709093,0.0224890007102258,0.0100729021509413,0.0120946771128342,0.0188774003582126,0.0346334668470269,-937.114058275093
511,0.0161680998861557,0.0176681638581442,0.00461038718309462,0.0224508242548377,0.0109044013483758,0.0161985300576847,0.0159864176080546,0.023012487422895,-934.92160840028
512,0.0153068925539511,0.023880591382043,0.00231190231433084,0.0276834443623826,0.00800467011555319,0.020237573020364,0.0171915898483145,0.0240937570744279,-935.673589384551
513,0.00801781570332978,0.0198982490138792,0.00647498605779172,0.0425530283925163,0.0107931114192619,0.0180432053705969,0.0186596220884422,0.0286481182098009,-938.305200487503
514,0.0133769446430062,0.0175274946986944,0.00400744797129814,0.0343622552767287,0.0114493254500435,0.0232552339770284,0.0168325778845751,0.0110760620641917,-938.319878627086
515,0.0148074622039319,0.0154958122639102,0.00175964946262907,0.0423602997094094,0.00870859782862917,0.0157867847035212,0.0141895073728382,0.0225163693353341,-939.642404089258
516,0.0114651419541816,0.0213430552937435,0.00280702554097431,0.0221978165142199,0.00997615923722503,0.0219207740726864,0.0172844716799041,0.014722912627939,-934.862138008668
517,0.0128110938593817,0.0229572960301909,0.00385568372022832,0.0209991503520149,0.00939015984811413,0.0214752147627714,0.0175466735500747,0.0173712012465969,-934.592842622309
518,0.00846789168415399,0.0228191198930639,0.00283713110117561,0.0269501939522686,0.00693420016692364,0.0174042443696017,0.0175203111780378,0.0146629226750752,-937.564619088889
519,0.0140073596592899,0.022844459335086,0.00706737309239726,0.0161423921040601,0.0132395603291848,0.0212377822513365,0.0171407707353339,0.00718846395299723,-940.642021558733
520,0.00725674308918164,0.0196131546030886,0.00779390025333415,0.013189689529654,0.00877722158742903,0.0170060347464599,0.0141275792956993,0.0372945374678809,-943.241623639455
521,0.0123925127937215,0.0277298949682762,0.00228365061291487,0.0349381158925726,0.010221501394819,0.0147058620066689,0.026002175625738,0.0482911392507039,-943.673969576084
522,0.0132228682300833,0.0261257932533259,0.0147097826753058,0.0249011647771377,0.0115921062400558,0.0145334145991543,0.0148950622203612,0.00364530260039069,-943.074678667036
523,0.0136228476945728,0.0245473267543697,0.00954141024369799,0.0247615720332867,0.0104552086557892,0.0185504085810932,0.0155699992388831,0.00903167305329212,-938.387854440461
524,0.00603654705359835,0.0292610244986779,0.00322122124014111,0.0205393533033611,0.012605783898341,0.0151138095126895,0.0217637671128217,0.049490889136559,-941.624208710177
525,0.0107115165369425,0.0194640112600938,0.00527629965847169,0.0263472481397294,0.0110629001051878,0.0216550433497878,0.0201130643447461,0.0254478967963548,-935.288850762572
526,0.00877876706581257,0.0207154030923098,0.00548021048168741,0.0234904271558933,0.0112875206524382,0.0192332356114137,0.018233535297414,0.0298852947321958,-935.139935227117
527,0.01286032215251,0.0193736621616986,0.00199602823529785,0.0155713130066453,0.0111154425992573,0.0201968775000881,0.0153708152433485,0.0133539059129913,-936.60316254538
528,0.0166763584349734,0.0225693997197184,0.00572473824600691,0.0217989296386452,0.0101226319079507,0.0185725241547267,0.0167553499217362,0.0174613117267143,-935.421527536058
529,0.0107796491959778,0.0239692130306804,0.00241040193296568,0.0189346477339064,0.00829112810365347,0.0168093599845289,0.0169385301334476,0.0266360359438366,-934.889448232942
530,0.0110031453984746,0.0351713482988716,0.00542500965039839,0.0185603903618461,0.0113939213191249,0.0169432206132715,0.0177029470897673,0.0241963661050088,-937.39419315879
531,0.0063668778497338,0.0274651630943014,0.00334932938967823,0.0277487705269147,0.00947653076477989,0.0175043163564181,0.0208036291459951,0.0284547865562133,-936.356327546395
532,0.00493087042084021,0.0271274670125609,0.0136244003453099,0.0201648828413346,0.0128617116392156,0.0202675134561043,0.0202391853424192,0.0254092833021628,-938.88158689288
533,0.00488318711930574,0.0264760845805888,0.0146612336373464,0.0120005081339025,0.0105299403562261,0.019788838632228,0.0170339257094313,0.0248196200007402,-939.018541911982
534,0.012872399457285,0.0249479827771631,0.00295788218225244,0.0306160074717241,0.00923126633631222,0.0335314279610584,0.0152494976706014,0.0195333508237991,-939.411478222233
535,0.00881181142181668,0.0179563912914259,0.00540363363299435,0.0214112208687362,0.0111856865717912,0.0219291134493552,0.0171442027643533,0.0247857268047469,-935.859980809718
536,0.00701857867129775,0.0191769512114486,0.00746164859401545,0.0329095003463279,0.0102518559509987,0.0201229178408081,0.0190160452133292,0.0272522966135905,-937.157404598409
537,0.0165074088439835,0.0161389775992431,0.0032257807937346,0.0267602248347681,0.0110604588939336,0.014587202128554,0.018013572396961,0.0227046129223998,-935.756098927421
538,0.0161391758265513,0.0232509162563879,0.00297975382420341,0.0175569507385213,0.0158045998475454,0.020190476015213,0.0128076597639988,0.0148397212151696,-939.675156375654
539,0.00817776148128684,0.0224928613093495,0.00380998638504336,0.0261226862721473,0.0103134979596355,0.0211965847750237,0.0212364026163746,0.0429515411359655,-938.51240764589
540,0.0105354757197662,0.020644221641326,0.00386477248781957,0.0246758149013697,0.0132616865796343,0.0195992603142314,0.0205846040110458,0.0365062539317505,-936.995236413541
541,0.0153120221818537,0.0252259535672367,0.00304086444026525,0.0241309139317592,0.0101787366875125,0.0272086705802057,0.014849099545927,0.0301393983327838,-938.62316944426
542,0.0117547280876621,0.0300228105062694,0.00267682616439161,0.0326950764499095,0.00945922731213453,0.0241077149402652,0.0141552337733321,0.0216902821277119,-938.675560282111
543,0.0078502404744522,0.015140295249857,0.00328492051227069,0.038824055669403,0.00916980799390879,0.0225155208445196,0.01507373839503,0.0223626516891626,-939.315778039573
544,0.0188965772974914,0.0236401904742519,0.00237050880914989,0.0252892918695514,0.00816742720221035,0.0248418610013496,0.0135468968549173,0.0195206216980543,-938.319764773835
545,0.0144686413697946,0.023610524514496,0.00165843784099634,0.0190298515161886,0.00802283417997455,0.0132054561195818,0.0132845052032716,0.0201223150813476,-936.548614543669
546,0.0142993198982254,0.0242712610619207,0.00730155038088922,0.0194290986097775,0.0105250526277544,0.0122791435537035,0.0183459368451312,0.0126386470846393,-938.281256099648
547,0.00798894957881907,0.0272472917212183,0.00559790622111461,0.0260236627386638,0.0123316633633137,0.0138973661754712,0.0150223515301886,0.0145947501238677,-935.793363252312
548,0.00894598870458175,0.0176172663699369,0.00776290262059836,0.0293008005909763,0.00903323174748654,0.0109048718213613,0.0169964602279282,0.0309689026355633,-938.789556178921
549,0.00954366622841541,0.0262610988202529,0.0108729167016647,0.0200711297379846,0.0122776577302977,0.020149433369642,0.0124177296978826,0.0352910238877858,-941.793527850149
550,0.00536723312643646,0.0267692522718818,0.008054239481605,0.0205048853575552,0.0131948333539848,0.0195506895510085,0.0142652645290363,0.0161232612119221,-936.78775667029
551,0.00933832918517942,0.0209046360659942,0.00442456056439458,0.0293323722092674,0.0125978324430379,0.0164476421638731,0.0138505407206909,0.0299130125570349,-936.796985643515
552,0.0121005769888987,0.0241456790016493,0.00774016387873056,0.0208840753086308,0.00953344224744117,0.014491347347752,0.0159343604648072,0.0346325416474889,-937.257945898145
553,0.00620814348101234,0.0228703244773619,0.0080972579894682,0.0297896197674028,0.0136006694391138,0.014443105804084,0.0219533765773777,0.0235974363871699,-938.448917930313
554,0.00874266244057852,0.0219582583616488,0.0113760690231045,0.0269319540824521,0.0072811933729629,0.0209770890679598,0.012184367931317,0.0200628798874385,-939.416784681986
555,0.00896508254549178,0.0280990615814799,0.00067206891139823,0.0147233414735722,0.0134698910897319,0.0220120549271997,0.0146553331207723,0.0190530509245524,-938.385101756086
556,0.0118871865585635,0.0235549792635983,0.00420783297893068,0.0150464153888129,0.0085020714462896,0.0254110191450857,0.0168650380107591,0.016786946204492,-936.945493411618
557,0.0140785599790006,0.0240729387686127,0.00213314685974136,0.0340487337015221,0.0106894412487581,0.0191047959148011,0.0150171574479644,0.00851526318169827,-938.940518772587
558,0.0176458784726148,0.0194527015334283,0.00554949989835746,0.0150726061527742,0.00973274940474626,0.0145280670302689,0.0164168345023953,0.0352501772991059,-939.652645807622
559,0.0106307431149284,0.0194442337633924,0.00451941149458428,0.0346136267083554,0.00975626257658514,0.0170575771194365,0.0212339618459611,0.0335890726700804,-936.826976237756
560,0.00770475633418346,0.0234083523106373,0.00770418913784143,0.0207203973433909,0.00928291313452354,0.0127462044826486,0.0171905961633267,0.00849463955054222,-938.986281989067
561,0.0138520050637183,0.0348459426996278,0.00830578025035998,0.0179838475270386,0.010308434366782,0.0308248325724915,0.0149122853178559,0.0218177390771434,-944.020140598971
562,0.0182738809597991,0.0111996969030478,0.00472625485494516,0.0271829856092498,0.00766519155715678,0.0157483330847556,0.0152215659698533,0.0230829066363057,-939.961059144247
563,0.0189339542838236,0.026408653033574,0.00376151929785861,0.0278401213460482,0.00856121494371111,0.0228064926791183,0.0199368132558698,0.0230696482844889,-939.129988751908
564,0.0141633443859557,0.0249392050089429,0.00399292278793227,0.0212090839480257,0.00797721070490513,0.0154861216398833,0.0162134381472288,0.0156565297823937,-935.819565812596
565,0.00869212533852853,0.0273070196315241,0.00367150846239372,0.0215866866721098,0.014194350406769,0.025626004865743,0.0157313729360247,0.0149895537557744,-937.790591922016
566,0.00519179023530679,0.0219227184857747,0.00298589742662501,0.0181705032620485,0.0117955932240792,0.0175930610949774,0.0165907804689123,0.021093135653168,-936.392597252122
567,0.0148938851834597,0.0248076583351386,0.00381534450456776,0.0205408023905078,0.0108674506279732,0.0208114512032924,0.015026920469994,0.0160576753807221,-935.314502919359
568,0.00868672901429389,0.0238403634193621,0.00443457776873964,0.0176578610035643,0.00905154336083642,0.0248830317852404,0.0120699706962983,0.021286909855755,-937.64005218758
569,0.0110605889290558,0.0233967565003927,0.0062065824230493,0.0220364087003768,0.0110229023527618,0.0246088334254004,0.0155749014297779,0.0269166032229174,-935.95124863361
570,0.0178989324290083,0.0171747053015535,0.00609737555770589,0.0213138324070493,0.0124952497588064,0.0167190086634551,0.0176436208599793,0.0251436870981024,-936.821800400387
571,0.0113455385626804,0.018595431590701,0.00208443003114148,0.0248824025809425,0.00875907647905882,0.0236559570708709,0.0193444836182586,0.0295524780704686,-935.863598767421
572,0.00865096599477349,0.0336469648926806,0.00325113949381146,0.0195767709763311,0.00919104783757792,0.0218032829046661,0.0142444774834876,0.0225004077817573,-936.766144167284
573,0.0109068742287519,0.0161271797386147,0.00896916931814697,0.0234223281968923,0.00924910178531094,0.0199716979610216,0.0191129114317602,0.0245401512616729,-937.123017870259
574,0.0105050788651621,0.0216372593308594,0.0102275462673437,0.0315179730744663,0.00974612356454985,0.0220421057883364,0.0176550135265727,0.00850349529138454,-938.83734856819
575,0.006321288442638,0.0215095230652205,0.0020930535544695,0.0197453293916393,0.0111568741097768,0.0205690528704398,0.0201689898951262,0.035296130278801,-938.093542576562
576,0.00572862440304528,0.0284440948427383,0.00880270126868968,0.017404268745174,0.0105245442936195,0.0152010876781844,0.0202764953847034,0.0348453185846329,-937.616894605016
577,0.00838521966161447,0.0282757419681281,0.00659817302167228,0.0205896987157085,0.0106460086612954,0.0186750758047461,0.0180418447251584,0.0315201242915081,-935.846440888744
578,0.00767520787488398,0.0253944709502781,0.00358567122523107,0.030400103528531,0.0127984409614303,0.0142763260789937,0.0208721756680922,0.0285112303173121,-936.617950394363
579,0.00675671602490444,0.0239458800731312,0.00172009359018958,0.0256433203809789,0.0136589215324085,0.019381063309307,0.0220280275679295,0.0350349475422184,-938.267450168808
580,0.0112516603641226,0.0178272129906941,0.00690793678560894,0.0199264644069821,0.0126057471554241,0.0175049486290629,0.024011852341656,0.0301134021472328,-938.69552630262
581,0.0093776708077305,0.0264629147999487,0.00400675187385983,0.0237440798623534,0.0109882032200445,0.0188902315267017,0.0230607324690226,0.0266908215004227,-936.522783254251
582,0.00863951752237808,0.0214148196997406,0.00264198535926467,0.0250254687306074,0.0125144136789213,0.0157783256086951,0.0164589389827456,0.0176818299001739,-934.637393510199
583,0.00781056804762054,0.0177983405380355,0.00441561356189603,0.0215712899900499,0.0104900001258114,0.0179092156669601,0.0182007305315965,0.0198746902523862,-936.076027666559
584,0.007252693529268,0.0307709341804928,0.00679570797028233,0.015937784154026,0.00927612529825028,0.0221959984914491,0.0201008548951601,0.0196161894357664,-937.783219953266
585,0.00908935297753091,0.0315020889247976,0.00319187945984405,0.0246357991338939,0.0102711072073586,0.0246106862125838,0.0160951829915425,0.0159523759549818,-937.27821900651
586,0.00674933264529535,0.0354112988881849,0.00579945665999627,0.0242795259035974,0.0100668214964399,0.0269213399544711,0.013855479431316,0.013538565877061,-940.30643133599
587,0.00553470348402536,0.0205437693734,0.00531722552774016,0.0205283499663251,0.0138412058717891,0.024183600046379,0.0174697699119696,0.0299868251717251,-939.093773306501
588,0.010485394039593,0.0252897734091853,0.00394833418602489,0.0191326763201132,0.0151583510671942,0.0225376518049577,0.0161125374726267,0.029775178470747,-937.945315160303
589,0.00713622027821209,0.0191293007437482,0.00721768434757441,0.0190109161057486,0.0105419449784147,0.0185397824630527,0.0170210369248672,0.0308984915690453,-937.50627748605
590,0.00965200277817721,0.0234302616322718,0.00541422462594479,0.0239598731294961,0.00920223095712094,0.0178392235928667,0.0146556162247909,0.019239787545516,-934.135691476993
591,0.00803292570224318,0.0358250786143909,0.000650195830404321,0.02568243763831,0.00912118336324613,0.0162335489951063,0.0174284299768558,0.0248492195429933,-938.345822429663
592,0.0069379052694403,0.0354820380416259,0.0033800517799274,0.023083244070157,0.0114884857186626,0.0189520893450688,0.0148943208708909,0.024885650782805,-936.813813746091
593,0.00514201221463099,0.0281025738293418,0.00323813008917472,0.0196861516577032,0.00961580456295853,0.0188904603668683,0.0160203345954569,0.0250091307172283,-935.378089504834
594,0.00487824241813123,0.0287734331609553,0.00373539747638848,0.0229330526350196,0.00998295051122727,0.0162465507498586,0.0163138873053241,0.0146832985750005,-935.846652869149
595,0.0138143055668857,0.0210983412904876,0.00581821042058077,0.0265955808270459,0.0132296845344305,0.0165126594686554,0.0132854117123961,0.02411451422976,-936.323435798512
596,0.0148770055718306,0.0282569629495961,0.00866125686094767,0.0232159420680342,0.00914331374141487,0.0126858007112168,0.0135582347386936,0.0149602026846001,-938.58385047233
597,0.00841658334881778,0.0273572929398921,0.00548984639033652,0.0200026765634121,0.00826736304218505,0.0167940178681694,0.0138107530467209,0.015553414195048,-935.77812357561
598,0.0102413382994109,0.0247773984195798,0.00169716086270975,0.0207472346890538,0.0119657394872784,0.0233431851614377,0.0138903038108183,0.0181743748028079,-935.624369681699
599,0.0115070500518655,0.0202917769965153,0.00531740745260081,0.0211319117941708,0.00810587929237937,0.0253264737839746,0.015426419224338,0.0143940087256402,-936.49145276921
600,0.0197207199369335,0.0208193245521302,0.000135172021013561,0.0292123292192841,0.00841466238239049,0.0243224140526766,0.0157677730189289,0.0194870100313664,-940.128648431039
601,0.00638979162122565,0.0294679883296672,0.00288688556788584,0.0231070834636094,0.0100543655903998,0.0160919878035524,0.0156838265564826,0.0209545208568397,-934.55229484716
602,0.00817393242747047,0.0238437195786958,0.00540453147072643,0.024245507819197,0.012752864266911,0.0131687414365007,0.0145321666900621,0.0181854541337018,-935.105832618314
603,0.00657655431022053,0.0214336210946096,0.0135632265895245,0.0256283458964046,0.0101060090410617,0.0208626583800579,0.0148369657595517,0.0194611229145626,-937.70638289983
604,0.0125892408134589,0.0218505096639496,0.00217157987832774,0.0167845583565686,0.00963878603776551,0.0155948704582705,0.0118850003382323,0.020431729559854,-936.040797838009
605,0.0134868278295117,0.0202504240116039,0.00710422413962975,0.0234595639075271,0.0101016153388238,0.0156876894783066,0.0180037633369649,0.0178361563291506,-935.059822324061
606,0.00764654580347523,0.0208878614249999,0.00715403989320949,0.0193383123576128,0.0111979553217596,0.0146715519504624,0.0189939970588149,0.0290532697607275,-936.224479320608
607,0.00878657366403207,0.0216877420941331,0.00542086417662082,0.0316936189297535,0.0109584608477515,0.0194676868496408,0.0152946483867221,0.0158409990662612,-935.341886773174
608,0.0115074947078205,0.02057314780529,0.008597846567537,0.0358479717912524,0.0114095122685693,0.0189666094006616,0.0208160653143459,0.032301615702683,-937.794076218203
609,0.00954681883349202,0.020794447196104,0.0095797074906682,0.023253437170199,0.00914290770498989,0.0132141620249801,0.0223947677079324,0.0309527658554051,-937.864627612129
610,0.0117027614703896,0.0343771111063534,0.0019225387156029,0.0196096242437707,0.0105371615174251,0.0212367943412569,0.0246901956091848,0.0373301117051412,-941.777970303305
611,0.0100284756946429,0.0333384768524789,0.00153824451261595,0.0282589951588136,0.00800398696035034,0.0160586946589941,0.0159194270199192,0.0223385258486592,-938.013631641797
612,0.00895526680906674,0.0260499051930614,0.00744444766007998,0.0176266438608704,0.0112589575350461,0.0151107823155118,0.0136875574873724,0.0198784207320814,-935.186367026305
613,0.0129041304095172,0.0236094974689082,0.00480097544005154,0.0188552796383426,0.00917716106152492,0.0218500183204948,0.0158409553302318,0.0195319415818468,-934.693524885741
614,0.0110439456099845,0.0242193463509089,0.016803318069213,0.0244362413298615,0.0127700287483606,0.0199719895531264,0.02021244718335,0.0275953174944423,-939.808335496376
615,0.00878887704967449,0.0259062838044722,0.00550608832804032,0.022977894741427,0.0128456758771093,0.0204495335860211,0.020155994335004,0.0252261617362804,-935.852827893662
616,0.00940080911981401,0.0217817227997906,0.00193720010211084,0.0225615053146141,0.0130634235340199,0.012870253041435,0.0134512674744205,0.025244010482077,-936.142054178735
617,0.0101161533632047,0.0191555325133989,0.00675925564057538,0.020561492211503,0.010476067118512,0.0211845018283191,0.0162416879556685,0.0180438106445463,-935.172292698298
618,0.0136526700623843,0.0177330676523893,0.00234482610381514,0.0194436014995648,0.0131664780797286,0.0187826862749181,0.0139873071770083,0.0229715183071331,-936.105505104715
619,0.00996444580549496,0.01730013158732,0.0025732192040166,0.0288310076793035,0.00770608517876464,0.0267634102306935,0.0151702747693103,0.019488647890637,-937.265516918607
620,0.0112072207994243,0.0220684893440075,0.00288694311128813,0.0310916106100326,0.00884233374294665,0.0270125680624851,0.0166008448422707,0.0266918732148215,-936.479408257116
621,0.0127765694856454,0.023870595711866,0.00034876306789092,0.0361187197733021,0.00907530137637108,0.0236307171497646,0.016752397102687,0.0248923177793078,-938.461669962528
622,0.0115350192440975,0.0164430126979084,0.0120786504667384,0.0285061109315963,0.010809534793638,0.0138074936105521,0.0167573740929449,0.0172943786028765,-938.12419485329
623,0.0105235270916025,0.0168566133419151,0.00067081823781824,0.030520580360845,0.0101895634498952,0.0137776305360768,0.0208531456400755,0.0228750368512071,-938.0485519734
624,0.00879308217314211,0.017028462203376,0.00315981469076812,0.027836208586404,0.00990896973895922,0.0144118328897071,0.0116944648612135,0.0161501598460775,-937.969974738507
625,0.0186745926273547,0.0211692149042226,0.00273206644277615,0.0197130692209727,0.0108119734514887,0.0144046045710406,0.0131732717180471,0.018516004299727,-936.238977942093
626,0.0129359517088845,0.024043754599956,0.00295412922956185,0.0246960767269634,0.0093493701209054,0.0176157367313928,0.0158225344277982,0.0193513958032136,-933.877805809632
627,0.0069213814825047,0.024071292574767,0.00664623480930927,0.0176203311461297,0.0110182175579426,0.0131073975603092,0.0143272262547347,0.024281680263268,-935.92041883385
628,0.0102606304789899,0.0268961503723953,0.00610004288686426,0.0197971539267686,0.0109099516519853,0.0239365392855444,0.0177833939522323,0.0249771777820715,-935.92031880101
629,0.013384794362672,0.020259957772082,0.00218132645903098,0.0267012681112762,0.012174010761131,0.0184866426619148,0.0169677627049151,0.0246668658327173,-934.498252908084
630,0.0142180937793766,0.0238012821990271,0.00367065362106187,0.0286020965068372,0.0103038576305864,0.0175480311266709,0.015574597483399,0.023395093387007,-934.609919787037
631,0.0114792987257189,0.0261728761564136,0.00852289114921005,0.0209046347930808,0.0115920914237627,0.0173809648372404,0.0157400028938974,0.0190177477486207,-935.209026224726
632,0.0134546835352996,0.02460261557911,0.00370501874508708,0.0257346231509569,0.0120763080921352,0.0144658403030299,0.016884272802496,0.0211818742705947,-934.650589476808
633,0.0166787911343743,0.0158031833504483,0.00620134080490364,0.0318728191236534,0.00760009352358259,0.0189801384541828,0.0157924338875556,0.023938854897108,-937.660253178613
634,0.0184648906912722,0.0180654991416736,0.00824681402144614,0.0305053817728747,0.00742008331510858,0.0196303167652936,0.0150714435802596,0.0226418647065158,-938.586378406681
635,0.00825845638788543,0.0212824158469285,0.00726956410367217,0.0314417352837289,0.0141544050937207,0.0179524393397139,0.0178259578209526,0.0299128366374129,-937.273816986387
636,0.0117818429926565,0.0213664998456939,0.00776145776158592,0.0336970776095725,0.00993829010509075,0.0191073702316563,0.0164554746056627,0.00766109286062579,-938.41309785857
637,0.00862496703497767,0.0224941210851823,0.00385166380564594,0.0203500408802653,0.0108672147207494,0.0206834220256751,0.0158229588213113,0.0162804940910319,-934.519305675045
638,0.0115545063675046,0.0278546184556551,0.00784634406131029,0.0295147331940219,0.00954596547342648,0.0192422423298614,0.0177677082837052,0.0291258802609673,-936.971709911174
639,0.00823081391462831,0.0225952860970002,0.0112452599887184,0.0320150552053084,0.00979678391950038,0.0180947542629499,0.0209324560927295,0.0253226896346906,-937.555299554677
640,0.00635395803480277,0.0243772629848268,0.0167384967443554,0.0318987619408488,0.0102469927485213,0.0205402277225212,0.0199306746293905,0.0292954390456848,-939.402573748532
641,0.00473066386351691,0.0299260107311577,0.00242068492612969,0.0185135555130139,0.0101138615811428,0.0194540664223093,0.0174394278298966,0.0267382833129876,-936.063425979426
642,0.00868605835048465,0.0205767213841636,0.00183184314791369,0.0179675616771263,0.0101933871562423,0.0228367166817755,0.0141777291611934,0.0232536606234923,-936.243396817912
643,0.0177173090347065,0.0163363213374142,0.00326239557550949,0.0234336623833227,0.00937887144908943,0.0182842140268959,0.0167122791751451,0.017711203339697,-935.678264895847
644,0.0112608454159422,0.0190992916013846,0.00128463483205016,0.0228462378836063,0.00800230326630273,0.0166286608657859,0.0190253704266217,0.0243839961057041,-935.701205486435
645,0.0190340156371595,0.0197656803693023,0.00984874314653469,0.0227132077887813,0.00756121907703607,0.0188331120047468,0.0153886062805514,0.0177350126066668,-938.812252646407
646,0.0133011786432173,0.0286956598911482,0.00646777034381577,0.0262042498125713,0.0106429424693274,0.018187753561746,0.0137512590011661,0.0200239767380503,-936.49070768433
647,0.0105330050188756,0.0280614502629114,0.00604766001132135,0.0276166895408745,0.00816022687482172,0.0221574749733991,0.0166825259728026,0.0235131374533808,-936.50998060338
648,0.0105905311863509,0.0163259173408709,0.00498945830957786,0.0240007889213444,0.00952891471870535,0.0104990691795184,0.0179122202358627,0.0222581220431651,-937.599998355053
649,0.0121824636587985,0.0129094035339695,0.00307656279960889,0.0244281415356401,0.0117658289903393,0.0111787126865364,0.0158902733634997,0.0255335125408021,-939.544329077267
650,0.0180724316008321,0.0175332389238831,0.0023650974533493,0.0246575079826772,0.012055090781199,0.0203230836688748,0.0211784391998652,0.0259081627868866,-937.375165091867
651,0.0178012004990942,0.021909239323865,0.00196057465779803,0.0233489008002885,0.0117472590193418,0.0210246924001764,0.0225363795241312,0.024056642475725,-938.202373277499
652,0.0137737274431583,0.0238224893783342,0.00768134867410761,0.0207094345815459,0.00786211349948911,0.0172052877920264,0.02213260381412,0.0363669199714212,-938.615982842511
653,0.0134713407695984,0.020900724737166,0.00188105192265373,0.0237186827731075,0.00762835923611468,0.0178667208064287,0.0185390036220948,0.0270468649388244,-935.343627450785
654,0.0131234207609849,0.0274325856206302,0.00373858527119457,0.0159025909099234,0.0120035385768252,0.0207000259338481,0.0208432190283736,0.0225965859355735,-937.341994830714
655,0.0130093995146345,0.0327816168520533,0.0080893523238704,0.0160434636961346,0.00922750381169614,0.0144416261432736,0.01319001275746,0.012722283040913,-940.012967784777
656,0.0022520729217812,0.0289696071664945,0.00787633948013997,0.021763729816132,0.0128150025299604,0.0191128438647233,0.0125299825109884,0.0346900813431595,-941.838227817017
657,0.00554720215609738,0.0216056605347953,0.00883876151240309,0.0213917454503823,0.0156616487975097,0.0131484671738034,0.0259249130421914,0.0277373974244085,-942.954545774366
658,0.0165181571027534,0.0273874071166186,0.0069239293501757,0.0148941473518199,0.0101787130448612,0.0150514419562504,0.013743430906777,0.0244775409544577,-938.170433033694
659,0.0149494942799635,0.0197861867665104,0.00179238459372738,0.0258769568396143,0.0134512382090442,0.0149256092207765,0.0157158026648328,0.0235729199141908,-935.705265918048
660,0.0122686189480395,0.0222846520060345,0.00460384305230553,0.020956691780925,0.00881880051929524,0.0135608468216122,0.0152163176675312,0.0154914757717785,-935.106952722185
661,0.0121520522708244,0.0227090498599386,0.00393119576000906,0.0257838944292621,0.0132249896605838,0.0117499805874813,0.0150949451220878,0.0213738233606006,-935.460443331311
662,0.01172600226009,0.0221777048349011,0.00424460602274171,0.0241103831978588,0.00732196578803694,0.02079540208653,0.0172186561770298,0.028581514984847,-935.755432318403
663,0.0149190993514106,0.0200996458459776,0.00396385444947203,0.0257406540605355,0.0107830654509841,0.0198125849353213,0.016024481592136,0.0262461782102929,-934.670407833428
664,0.0106558567151713,0.0240524136388785,0.00296573006525661,0.0257473648357198,0.0124623836249106,0.0178176076010042,0.0184185027376666,0.0192266186467556,-934.6586570836
665,0.0105666596820905,0.018479197173385,0.00654704927712987,0.027874038370322,0.01010311469801,0.0229762297017881,0.0177067271983314,0.0240452314681468,-935.36610496233
666,0.0101461322486898,0.0210482646273641,0.00669473489113568,0.0249344773431814,0.00680433773600215,0.0215477650898099,0.0189067990729271,0.0231946021909906,-937.05427788957
667,0.0148936059013849,0.0245276180877353,0.00373677083268913,0.0306132559066241,0.0105834706743946,0.0220910197606126,0.0151164200726942,0.0211031326834867,-935.991937420433
668,0.0100148533391947,0.0175824626526331,0.00554506535878329,0.0268802011933537,0.00932416317421906,0.0131027320343405,0.0191934072723826,0.0271657927191575,-936.27013918286
669,0.0125502289977916,0.0233079410586173,0.00134618246846236,0.0163958144982254,0.0115874155176483,0.019013019186643,0.0188404441275168,0.0231935736617797,-935.481576324754
670,0.0130895959689723,0.0192811960222568,0.00117372365157602,0.028130170744832,0.00957283608678159,0.0189851232700868,0.0172438792914896,0.0191148158808337,-934.714193698322
671,0.00748157559501545,0.0245286895822644,0.00881813509696053,0.0157593333934918,0.011822844835606,0.017771883605327,0.018857153301253,0.0255068341779111,-936.395227198737
672,0.00917129147622915,0.0293996938836908,0.00177693385097925,0.0324313709956281,0.0125962789075898,0.0133269623406047,0.0181953405261336,0.0289337342410457,-937.943234493059
673,0.00712312388536686,0.0298146315316133,0.00723267336920336,0.0182276044800515,0.0123707382726884,0.0154118081238435,0.016299629492232,0.0280141487789435,-935.991045690474
674,0.00721160108668336,0.0221661440039186,0.00144209948920345,0.0285379854610515,0.0102975876465687,0.0167135168612472,0.0176524557355656,0.026322194836377,-935.654585629251
675,0.00868498030911267,0.0208716459995495,0.00813846527467952,0.0166031106067575,0.012587064448968,0.0236483529158475,0.0185829916618096,0.0148964322606688,-938.534732738282
676,0.0124995899988888,0.0200046246297344,0.0125380937823061,0.0218069730095874,0.012750986535562,0.02281088231043,0.0146235020472003,0.0141314497146644,-938.862686841566
677,0.0172710540185027,0.0206779798466338,0.00218562836502588,0.0277883868957707,0.0122816128283495,0.0158593252311159,0.0136255454904014,0.0236982065279484,-936.619388050186
678,0.014442555388491,0.0183024368672795,0.00199711661192538,0.0203094639849096,0.0108617046198363,0.0181397904929338,0.0137656850899709,0.0141659981376432,-935.62347094602
679,0.0124737993649669,0.0249462048123525,0.00201493963814142,0.0220121872947376,0.0126675681099927,0.015556687700539,0.0152552299986108,0.0136631472874188,-935.738835954031
680,0.00943972309969015,0.0215591403026918,0.00650999541743507,0.0191874763903184,0.0148489135032559,0.0172884974745172,0.0128794808927144,0.0180862364385264,-937.055468163255
681,0.0111580420624055,0.0184106722424555,0.00520782308573617,0.0321439379611844,0.0119735097532326,0.0163625861681854,0.0170877691546947,0.0188671919548905,-935.372633009005
682,0.00947911128697806,0.0177883154967853,0.00330773149638763,0.0285957422125177,0.0122385270150793,0.0168597301748619,0.0152679421195049,0.0282362665985161,-936.052718048171
683,0.0133862515474786,0.0233722304442094,0.0052709899870493,0.0149991553851798,0.00972437213338892,0.0234892212419031,0.0197691637893638,0.0300744641150114,-937.326124740163
684,0.0101737315135671,0.0206415802093197,0.00328335593467615,0.0199630832907789,0.00931120776209885,0.0232604704776938,0.0161105763031935,0.0228080395918356,-934.729149718173
685,0.0133821814437917,0.0234768474874188,0.00326465772357996,0.0234798650048189,0.00859803575240814,0.018767686862848,0.0188194737846772,0.0269579394556033,-934.675748283203
686,0.00785732734075815,0.0247970181875393,0.00201293092999693,0.0185389329079528,0.00849196999385819,0.0293408593262811,0.0182529767741497,0.0180603080701991,-938.37656939756
687,0.012422566184855,0.021235552182023,0.00195734546368135,0.0276567650627168,0.00700191735788186,0.0350475391047089,0.0185761146979806,0.0166823257063862,-941.024301661007
688,0.0154950802620039,0.0227438120855406,0.0023002666359917,0.0231754477618778,0.01213535295532,0.0265656574236706,0.0178265780584394,0.0251667855745488,-937.115428189624
689,0.0176366287232714,0.0196943627478535,0.00223021674568336,0.0229237797254868,0.0108198727749299,0.0178793815867083,0.0145778176306538,0.0155274325070295,-935.572994810211
690,0.0179335789820846,0.0194292504439085,0.0052393964639817,0.0257895405871105,0.0105525549373552,0.0212732882532235,0.0151338152967551,0.0171693052311895,-936.110364808856
691,0.0126972434543906,0.023225038944716,0.00109289853073118,0.0240084333519725,0.00914147321831536,0.0211656975497366,0.0159165643542877,0.0213317073581513,-934.658423434987
692,0.0112714528888518,0.0190771195075609,0.00627339435206895,0.0171697485081672,0.00918564641118714,0.0209370575400674,0.0164666894054676,0.0180144916133551,-935.768774490782
693,0.0205159577763491,0.0231338076251826,0.00711873172835252,0.0277234189245477,0.0101019048398839,0.0199230888032033,0.0132734549763689,0.0268832595107245,-939.946799255811
694,0.0149014768377653,0.0201681217095169,0.00172663388851163,0.0279790159883805,0.0100382155109297,0.0230451370057814,0.0241498070472171,0.0351531289064547,-938.543924554388
695,0.0121180425840385,0.0199408358793857,0.00515767935607656,0.0224479354388704,0.0133330175085118,0.0160941135660314,0.0225623946001223,0.0372919498310407,-937.810520197974
696,0.00983068526398759,0.0258721548086711,0.00491026365696759,0.0214305690690705,0.0136353950735639,0.0164454927344053,0.0226611585490044,0.032614364170913,-937.269478703011
697,0.0105395955166592,0.0204671193695426,0.000681451272200113,0.0259343267570164,0.0129158586868832,0.0146460742151416,0.0224503766136372,0.0116565877545336,-941.87850521396
698,0.0104236006278545,0.0278239013695474,0.00193558192721407,0.0199611964315423,0.00881219830443712,0.0227216439133731,0.0225519959942935,0.0112388111758822,-941.570503748237
699,0.00872108200029556,0.0212659001352426,0.00828447426092879,0.0190332899039101,0.0113611114441416,0.0119377392561315,0.0152215761057825,0.0129839033331198,-937.334407666706
700,0.00789778325699042,0.0200395540129416,0.00251875974716427,0.0275087404062998,0.010918687586276,0.0231445747843544,0.0133556076419999,0.018852323339942,-936.264047406488
701,0.0169107446515859,0.0177220419450565,0.00241829060817771,0.032280204537468,0.0105807489633258,0.0162006016864727,0.0156268661735961,0.0223459480799163,-935.942829523074
702,0.00966583248834808,0.0166997360130265,0.00449431712797765,0.0320410874387904,0.00856974482893368,0.0185449741542101,0.0170623038447901,0.0248704857000521,-936.08967773728
703,0.0185421153342316,0.0223377817855668,0.00573153226614904,0.0260162468722759,0.00846453605840617,0.0189307695094005,0.0158994598899693,0.018130414818194,-936.623870559175
704,0.0112818978021347,0.0250622214873968,0.00807125615329896,0.0229005485082148,0.012405653631439,0.0141366426538383,0.0176215100103947,0.0135687624165758,-936.869503432084
705,0.016887548647847,0.0198385395445395,0.00418642162211586,0.0224045905326834,0.00999820728547356,0.0185466058302057,0.0155388197882407,0.0163756152516158,-935.05751956734
706,0.00933222637625096,0.0227959817048271,0.00742050994181445,0.0375501822668398,0.0106672808569834,0.0158589281001563,0.0224095722082664,0.0443970550117531,-940.583861366106
707,0.00430121637857744,0.0249568908565605,0.017958383530503,0.0366136705399066,0.0103786396276136,0.012234578688008,0.0229607589789411,0.0266086710855496,-941.986239663639
708,0.00485259071513156,0.0228421789911879,0.0187293046780925,0.0244130891042407,0.00959265109134848,0.0191178839308021,0.0221954669288555,0.0323597512074398,-940.346897437374
709,0.0060919053981081,0.0276313805063385,0.012247186151447,0.0258907697443877,0.012359230689517,0.0191734294402743,0.0182618163867174,0.0355219273814056,-938.815925313476
710,0.0126180873419167,0.0174727742114662,0.0106239323844098,0.0270776499507027,0.00833765371859129,0.0144855992448449,0.0180477026719297,0.0318185058251024,-938.235606388266
711,0.00744503364891628,0.0297381951021485,0.000887051993052982,0.0235148552246594,0.0137174710574495,0.0101677910639475,0.0176138629748628,0.0168101114917268,-938.856540169366
712,0.00704283156716016,0.0271238535356422,0.0150971051328326,0.0213040010719881,0.0102179533931524,0.0238447161187701,0.0174952176450191,0.0128923505866451,-939.35271361535
713,0.00790092196301215,0.0277704274322264,0.0081594490731413,0.0162105230858895,0.0111718509004588,0.026670145054103,0.0140397430628254,0.0120888958303912,-938.836151809305
714,0.00791025112595098,0.0240696503524415,0.00838794391642657,0.0325835492264534,0.0139675345545271,0.021235354843167,0.0137303700133174,0.0384859511851089,-942.82343761501
715,0.0111414208070233,0.0226476202259009,0.00484105431254816,0.0322764743241902,0.0119492472818731,0.0110965799909658,0.0170086499224598,0.0200985147890269,-936.339719618587
716,0.0116263084679083,0.025572216485481,0.00582921475723576,0.034527678345503,0.00985059164613411,0.0142361422636513,0.0167251031577591,0.0226594175092331,-936.229748324011
717,0.0111220640551145,0.022940467986636,0.00948380329421065,0.0223150437710223,0.0119921389230184,0.0156292447147863,0.0212910567414847,0.0474811912846123,-940.779834795081
718,0.0128868527807498,0.0204171170266032,0.00434818536928348,0.0243046746416124,0.0110028379220595,0.013586744790651,0.0260910107006139,0.0370853159469541,-938.771039966848
719,0.00920140714249877,0.028092819871951,0.00528050056635578,0.02836476869746,0.0110720782197749,0.0114931926290036,0.0242998156249504,0.0227175760990967,-939.71311635997
720,0.0101277161433095,0.0294034686900075,0.00815454873369331,0.0276688547758294,0.0115196591853718,0.0133384635059645,0.0197103603273629,0.0262254647488285,-937.11902349869
721,0.00703673251505026,0.0246825619223945,0.00861035216416725,0.0175633249395217,0.00940978024275126,0.0167309506093895,0.0187215066639654,0.0268226548805722,-936.035162347894
722,0.0110190307238532,0.0220596625996527,0.00654864166602249,0.0291373100264326,0.0115411288106988,0.0103415693573616,0.0186838067109922,0.0203751004144036,-936.727718778343
723,0.00868719924674788,0.022918259109304,0.00649708251725999,0.0181920985187454,0.0103955571125573,0.0191449073987826,0.0152546561163414,0.0175115765230381,-934.807740744653
724,0.0147306856890829,0.0199209295981755,0.00612618438937848,0.0266628539316884,0.0109857204869722,0.0201482746917073,0.0153522347562566,0.0146372877487476,-935.596177845191
725,0.0107062719220263,0.0173353838838359,0.00294859961408253,0.0228675255802603,0.00952841978140281,0.0170809232871384,0.0149310921388358,0.0161689038860562,-935.053981641954
726,0.0130812420358481,0.0198935563016676,0.00480969087193463,0.0258573077146556,0.0107031670620553,0.0175994982951008,0.0168987778071174,0.026295739502746,-934.134981940555
727,0.0120660348186453,0.0200193098471429,0.00449372161430939,0.0194788735380041,0.00952255025663926,0.0174662584034981,0.0146174110657398,0.0222302328422986,-934.25343904325
728,0.0126376082591488,0.0283041443522524,0.00719613620321843,0.0230512079754192,0.0103819287831445,0.0131598345306438,0.0180057474415792,0.0225797792362542,-936.023680207411
729,0.0114867869917275,0.0241630959742421,0.003184016505166,0.018924059746245,0.0103827680213563,0.0204232704244642,0.0184525389252727,0.0223748895627607,-934.308982352129
730,0.00957224991128407,0.0297333642097771,0.0033258194428058,0.0193070841194595,0.010923457412249,0.0196726753620129,0.0176601417772631,0.0206448061946237,-935.022350646808
731,0.00531773983888417,0.023970104176749,0.00915676427816673,0.0234605729044208,0.00927131960540643,0.0175766831067623,0.0162037361367257,0.0299707655298312,-936.929847526683
732,0.0111585962646943,0.0241030287861753,0.0112470609981668,0.0233391618548187,0.00917481013138866,0.0154046643185471,0.0181340719884656,0.0233407841222426,-935.943256745963
733,0.0102542678395191,0.0205701379081153,0.00375797834995982,0.0206777064068641,0.0116013733149081,0.016594830732475,0.0145321859738352,0.0208927465910585,-934.035484457502
734,0.0196434084124521,0.0199819360613849,0.00777285653472355,0.0191791541768338,0.00748787010151542,0.0225723971081955,0.0138358873256877,0.0186283689122964,-939.400114380318
735,0.0155785715363354,0.0204665648100803,0.00215272605036047,0.0240505666352762,0.00806914796825873,0.0293441036835951,0.0144156709085672,0.0201182504184965,-937.613139116731
736,0.0135294032882532,0.017343559181193,0.00418549592488765,0.0279322533023736,0.00762811330915569,0.0219996789274116,0.0176028203010403,0.023573195201345,-935.860780224068
737,0.0155590671371442,0.0237583135302587,0.00331035279227196,0.021135231675063,0.00977975562766611,0.0130102216677026,0.017026454137009,0.0244793146773766,-935.067668898773
738,0.010790706943367,0.0213330675417595,0.00267284596393983,0.0236458928262295,0.0125461400891445,0.0239108224317735,0.0182962531821128,0.0216967486438244,-935.298484328959
739,0.0112997943522917,0.0213892051596682,0.00317488484832466,0.0234544946834943,0.00874772953182077,0.0196084943513146,0.0138378433232454,0.0245774182980693,-934.774953992349
740,0.0105093094839168,0.0291304615260951,0.00708689223090547,0.0166815012229192,0.0112049444006037,0.010841895018014,0.0184962769722628,0.0206848474881933,-937.098754255834
741,0.00560035810396435,0.0313621578175687,0.00216538925900044,0.0148919168089732,0.0091796733569894,0.0134546739756309,0.0139246855612307,0.0193011831139326,-937.034708549011
742,0.00831836801706911,0.0240580987188318,0.0112161483895897,0.02289620574284,0.0125087907109911,0.0172865470790715,0.0138926850814424,0.0239405485117503,-936.601907350474
743,0.00769325330588823,0.0222847661686597,0.0058867306768544,0.0174012856925872,0.011087800758184,0.0143379261417104,0.0127638957121626,0.0158004989615831,-936.379907281382
744,0.00975114515514098,0.0210284283439579,0.00537257774734466,0.0218432806241874,0.01038837051515,0.0136757459012287,0.0149595213012319,0.0170017940065215,-934.624169691438
745,0.0117573742706382,0.0165978083579595,0.00369520011811738,0.0310196163537942,0.0108249695839144,0.0131844480326866,0.016852541413706,0.0252910810267376,-935.925950659789
746,0.0164218699691737,0.0174379346086511,0.00179438154016512,0.0210792092821827,0.0120141969355637,0.0219222142603007,0.0162547664949589,0.0186776133798581,-936.109944581621
747,0.00923082683924434,0.0176023354487079,0.00654967659921295,0.0247393024012421,0.008787567766697,0.0256524741401271,0.0132498211301828,0.0178587856273887,-937.734001234251
748,0.0118403341548209,0.0194757915958343,0.00784398210168002,0.0158162064900197,0.0109137139094209,0.00975893418211534,0.0167368583034008,0.015505163479333,-938.862582367915
749,0.0107689985702574,0.0277840906696454,0.00366989832815882,0.0196956526301699,0.0115753757745587,0.015456814926871,0.0173800208653848,0.020997856444617,-934.426294459153
750,0.0121208234845964,0.0218526362379612,0.00425719739372156,0.0230848351929639,0.0113811475737591,0.0107263964240932,0.0141004819954617,0.0238210804041615,-935.725297651407
751,0.00939468068325983,0.0223685376282063,0.00370476096057073,0.0183345453488551,0.0141181858864775,0.0121697591714899,0.0188290362011502,0.0212856438363267,-936.37237702586
752,0.0154193645820412,0.0237641059810577,0.00315315533640115,0.0197488297651586,0.0124844266157956,0.016279217124275,0.0146245118565894,0.0187916138788094,-935.106775964943
753,0.0121746451078392,0.0244278335203468,0.00569845035244097,0.0247768590627044,0.0103759709235755,0.0170788309773612,0.0138309979006593,0.0162471125179988,-934.679963199862
754,0.0126411701928491,0.0261586718126283,0.00735666356743465,0.0188202587836821,0.0126060446581,0.0171977546301259,0.0165405138109422,0.0395412905953156,-939.6798317645
755,0.00834090478907294,0.0274203535432373,0.00598978748622562,0.0263009251901467,0.00900193760510731,0.017655097385096,0.0183644035329335,0.0328565600645628,-936.341946183953
756,0.00994671996859619,0.0233276541731572,0.00683508766801783,0.0180961635900839,0.0133490296144884,0.0299993187501195,0.0177739523894204,0.019545384434592,-939.110839139029
757,0.0112299043725133,0.0223626626632646,0.00884850336478212,0.0171787002144437,0.0135643645056254,0.0314178648107136,0.0122906501057475,0.0129032315466213,-942.578654674408
758,0.0094150201448436,0.0219825974494746,0.00222969140542827,0.0231476708077108,0.0143184091344076,0.025925080561434,0.0151741865376715,0.0270186583790114,-937.784074232278
759,0.0138153637179669,0.0215396426190222,0.00385716350250085,0.0162301098109323,0.00957684978939186,0.0158165580652035,0.0189117387953528,0.0227553442897927,-935.1382935488
760,0.0138660543674295,0.0219597708137257,0.00187999852262837,0.0273598607534585,0.00946051042224474,0.0198611784321173,0.018109892735366,0.0203825960989999,-934.540880776485
761,0.0102705844123545,0.0234915515704896,0.00636208202407641,0.0209307033817136,0.00889507619885565,0.0190127045027481,0.0146083264102326,0.0252234929010292,-934.988030758162
762,0.011045494134517,0.0220642717247306,0.00700754603091104,0.0256518531063255,0.00801555419774254,0.0184553918020484,0.0193436686130546,0.0180862264279683,-936.102092303494
763,0.0122168260517226,0.0200866521922709,0.00421126496471358,0.0242510351437217,0.00760552702066048,0.0224610804551093,0.0137402312938994,0.0243806361070592,-936.145006083658
764,0.015896570113296,0.020842564246293,0.0035685780331812,0.0184114747983897,0.0112311150716136,0.0206183520704134,0.0175569942441602,0.0240496122147378,-935.186306936891
765,0.00950314221299503,0.0271814301276568,0.00257297161025742,0.0172323613004824,0.0130069286868313,0.0114898440148764,0.01922544187688,0.0201105026580658,-936.711188473845
766,0.0107407969846443,0.0201490233007784,0.00570295635029025,0.02698898248015,0.0103653312682749,0.0149309327066102,0.0138706626494257,0.0195337149220591,-934.6262832528
767,0.01147365758987,0.0207861422896796,0.005867874508081,0.0250238614692476,0.0110533998681969,0.0215972127265978,0.0207465146402511,0.0220241196416653,-935.6450411945
768,0.0131892132941463,0.0181300091459675,0.00383469443638257,0.0252411536209973,0.0117872969963697,0.0163150942629505,0.0202280675804536,0.0295876880289861,-935.433809836145
769,0.0132045716033545,0.0178298702950859,0.0023993470387469,0.0166767065955558,0.00894978104726046,0.0175557184923104,0.0242630416812126,0.0249197376577292,-938.988807455172
770,0.0151671311233404,0.0278452883477763,0.0145602339481318,0.024586884478338,0.0107477315142826,0.0161630024209033,0.0148759381503701,0.0163927940189949,-939.598087683921
771,0.00194706979358077,0.0369045775291902,0.0121849147625305,0.00923884052978674,0.0113032372387315,0.00891324665583879,0.0134250959899302,0.0267235167540764,-943.895605788919
772,0.00754579283735134,0.0368700422685192,0.00474569673586599,0.00917568860940539,0.016821126344308,0.0185127807984982,0.0160738618719461,0.0222143059134029,-943.41229576481
773,0.00462440669971113,0.0223087443473996,0.00311930931823415,0.0451991712496177,0.00831201228270223,0.0197078368312867,0.0164116028937913,0.02051470674476,-941.338580239505
774,0.0101640048197109,0.0186864176487003,0.00489089721958497,0.0230445019716747,0.0119208908211111,0.0184725010202441,0.0171533624911264,0.0214734767268779,-934.471438352868
775,0.0137197533110162,0.0289904584691061,0.00595818273843178,0.0224272128873305,0.00765996257021819,0.0172018177218729,0.0158892933886347,0.0223384525669429,-936.725338251073
776,0.00655017422378177,0.0249858569123484,0.009459467150403,0.0268277293962988,0.0131662220670177,0.0147041050421575,0.0216847602029461,0.0211345815002381,-938.157595530341
777,0.0103158738734236,0.0150829790377019,0.0129363465006156,0.032656919267039,0.00934193964324335,0.0128246735036623,0.0208506353791162,0.0233398534412104,-940.7720521166
778,0.015095113420429,0.0233034644622364,0.0180134680884778,0.0370304218232301,0.00760846515069615,0.0148608446562935,0.0157490407038357,0.024523325779697,-942.42770608641
779,0.0124570868185545,0.0224886220355405,0.000106315607413014,0.0329437377392859,0.0117477703869608,0.0183653839349928,0.0178097490012666,0.0227746884148313,-938.081130576036
780,0.0090967025699868,0.0244720613237863,0.000754434190020397,0.0168222487010256,0.0123967523218655,0.0161283341870313,0.0155721676184206,0.0241366485018609,-936.052354843056
781,0.00951336565706667,0.0260785561084546,0.0102415088238586,0.0187553021888373,0.0120448658883676,0.0190822190268486,0.0168191000904309,0.0199028229598145,-935.999937634212
782,0.0114747377245491,0.0245036823946256,0.00512495311486935,0.0231278697458049,0.010607342061416,0.0162737740982237,0.017409862353261,0.0255498167222154,-933.972361909733
783,0.012252740767356,0.0238788274442439,0.00213855874195149,0.0268623767876467,0.0107870903189026,0.0178255509495192,0.0191198478429445,0.0220604808675293,-934.533056296226
784,0.00927502541232092,0.0245757682562375,0.00211561661634138,0.0295100243201044,0.00986139912695067,0.0163574499323573,0.0179063805485335,0.0209967674763909,-934.794168094675
785,0.0117996306260306,0.0201297704254622,0.00692673062181151,0.021985168458976,0.0129001110519318,0.0186416667574696,0.0137737610893956,0.0171128342273096,-935.645791982863
786,0.00879470410130069,0.0266972863769868,0.00944881281372231,0.0135541286671767,0.00856796724498566,0.0195244186789654,0.0148992242840484,0.0157591796934645,-937.363238996297
787,0.00782596248614088,0.0267118855290286,0.0102923319401926,0.0181694830181898,0.00843991019706854,0.0170573057519653,0.0137355530331502,0.0201746171081099,-936.50149525982
788,0.00857845601679858,0.0277325782005239,0.00749020957993907,0.0192236662173888,0.00759891989742509,0.0153816880949135,0.0134019855645505,0.021729797644683,-936.759384980852
789,0.00648838217351332,0.0225525753737739,0.00133796105375806,0.0278479750812015,0.0122677101143775,0.0140815976905588,0.0170893018432701,0.0359883843499557,-938.567579822323
790,0.00806664841134338,0.0245206666553596,0.00598561941221631,0.0208632606353426,0.00927933415299181,0.0115041528546721,0.0200003889808111,0.0234200210257661,-936.46355808938
791,0.00930351090045716,0.021943158526041,0.0114618961400439,0.0220762556616086,0.0114985452914723,0.0129207145606065,0.0119292270381117,0.0258740280696736,-938.224594948178
792,0.00348677283215586,0.0290412948098621,0.00827243069719821,0.0260560565322457,0.0109261271341086,0.0172542412258659,0.0154441065784966,0.0256091503088252,-936.469445189065
793,0.00640713707909701,0.0318583108959751,0.00267815579158944,0.0149548307316556,0.0109753745449719,0.0169523310984019,0.0177868682103042,0.038418800574568,-938.887145627343
794,0.00733295379975648,0.0312443209931698,0.00484040228916684,0.0182730266570668,0.0125713653325537,0.0207143090702892,0.0259156313952677,0.038925172351991,-940.991137083096
795,0.00878881593910091,0.0295885397647029,0.00251493219737537,0.0239771127589305,0.0109115593683217,0.0199993548902597,0.0186725660663193,0.00771242991015293,-939.440242936565
796,0.00850382005733255,0.0223970294844654,0.00658593599842788,0.0328906935657755,0.0113476257973684,0.0177032722320231,0.0168170028480825,0.0246509097584019,-935.446278613869
797,0.0108387928274591,0.0286522656888163,0.00891177178956242,0.0380615691630606,0.0103619276428531,0.0239661489329931,0.0179063888201064,0.0138764542670414,-940.682939122999
798,0.00455408150283798,0.0253035900614026,0.00229416717518286,0.0330672022788391,0.00868507006033298,0.0164986447408579,0.0124595075298682,0.0254770830790747,-939.978424092773
799,0.00963927915099332,0.0194111537543384,0.0108320465872399,0.0239396652807818,0.0123818002174178,0.0164009445096625,0.0240020138206773,0.0324062890535515,-939.011969904859
800,0.0131634822365519,0.0162776044106115,0.000633356863695257,0.0209035392328793,0.0105581005270259,0.0256175844527991,0.0180511651160617,0.0291213787377484,-938.168095109851
801,0.0211319953033865,0.0172079357480348,0.00196065951364642,0.0254962246867025,0.0096950136371212,0.0256823582187697,0.0162312822420158,0.0234498155835964,-938.048134099576
802,0.0179314703885495,0.0184023996972124,0.00701294525736651,0.0151729185350061,0.0107903222871297,0.0186080668412198,0.0160548167840987,0.018918199580308,-937.627302131527
803,0.0209972046823739,0.0188587677887868,0.00165425380682417,0.017668915943752,0.00996100903502593,0.0162597323914981,0.0198912518680947,0.0213698449650256,-937.87284783405
804,0.0114418160480062,0.0235380312820978,0.00233184499231348,0.0328963477947341,0.0108930492174522,0.0155513742729235,0.0158550424951323,0.020358148304952,-935.031508990817
805,0.0109919262140998,0.0186992791848892,0.00298663226155393,0.0321228193650359,0.0109461464469995,0.0188010476865033,0.0162568995060624,0.0218843461968051,-934.659340832569
806,0.0120489217664145,0.0188439837984628,0.00276803304290841,0.0256281908621852,0.00775357344325893,0.0151463854755753,0.0161367563966211,0.0179014783160151,-935.381750106549
807,0.0143452508640812,0.0198101374631301,0.0074182117400329,0.0293592072307935,0.00803103547237127,0.0194503639998598,0.016701537196075,0.0246880837575185,-935.976331767903
808,0.00805148974236046,0.0201783939056656,0.00955476784501946,0.0366472573233577,0.00896225319098578,0.0148350960778123,0.0165243011177047,0.0279298995349649,-937.977410643376
809,0.00760307598337293,0.0237968670572907,0.00850205156255828,0.0185405034062271,0.0104249446790192,0.0112930164022098,0.0160380383094236,0.026382280875534,-936.453219429265
810,0.00783052776428284,0.0232888179764645,0.00841435365850664,0.015595338520983,0.0130873079913183,0.0136934418741424,0.0143141068834337,0.0165962390374797,-937.087299361722
811,0.0124976912341093,0.0247915960755371,0.00602807897018819,0.0283981713007768,0.0124863175365856,0.0142663732825857,0.0209176198734464,0.0383982721337082,-938.305477095733
812,0.0134696866620479,0.0247303805736284,0.00187768718497315,0.0183318846609052,0.011095459903934,0.0253276708417507,0.0203052641696632,0.0198928257576765,-937.442018692832
813,0.0132581083916677,0.0254235811166413,0.00358532727222846,0.0204107415780619,0.0112843450991977,0.0187836738264895,0.0176398249734388,0.0204507715813639,-934.446941491384
814,0.0115830674407485,0.0247910492912351,0.00764332829838624,0.0218491332577579,0.00936937209792904,0.015599124080441,0.0154480222288671,0.0177691209177409,-934.798218777898
815,0.00770085204381829,0.0294395887724153,0.00670564392125933,0.0167606920765663,0.00898972915627651,0.021050973260468,0.0137116376508754,0.0234432088475925,-936.635700570817
816,0.00656422583014982,0.027802261908855,0.0165676950270398,0.0288547348835377,0.0123338618919499,0.0108731734856874,0.0179896396894281,0.0280490816298542,-939.340049314203
817,0.00310591220551978,0.0298140052337208,0.030213616074062,0.0347056426317006,0.00862296703668491,0.0115988530249143,0.0189190515383345,0.0309671721639286,-944.471627681729
818,0.00286424917366294,0.0188180755193891,0.0322257779646517,0.0250461909230812,0.0118086690443781,0.00752326570127958,0.014397394006848,0.0222924007701492,-946.166486609768
819,0.012162598882643,0.0231140294377712,0.00827394481114801,0.024019260543815,0.0100181293231867,0.00717115769899499,0.0113355498401293,0.0238099518796713,-942.036907683767
820,0.0126750350879291,0.0253123066617029,0.00209095358990351,0.0166220702461325,0.0110632402936504,0.0266651653275683,0.0213690432079231,0.0301621373916495,-938.565330948265
821,0.010772597974001,0.0242966616229922,0.00518535035731566,0.0211551953697276,0.0124196809694078,0.0149260794797704,0.0137535465227439,0.0273365600826699,-935.579326715962
822,0.006406049075459,0.0277747610568345,0.00443840055098571,0.0239009194484452,0.0112963074991693,0.0264287841383774,0.0131658900602721,0.0314075305195319,-939.904367928221
823,0.0062896843734907,0.025574515138441,0.00561015046835538,0.0249859350983461,0.00979020906009745,0.0140207746628571,0.0172191122554366,0.0223800567482263,-934.961085748387
824,0.00725983538598637,0.0244864492994013,0.00246702209079166,0.0244556745649819,0.0161648777990779,0.0161861164371449,0.0185582716309452,0.018251825197235,-937.448590653094
825,0.0137531758674531,0.0242142755574638,0.00391430163115976,0.0192112513988584,0.00916192834043266,0.0170161283817097,0.0169947313499198,0.0180825736141048,-934.519095626962
826,0.00922225137004831,0.0205870890733903,0.0044103566055868,0.0215027642515731,0.010939933898318,0.0196922062032737,0.013052172326548,0.0150019591997861,-935.308986020496
827,0.0140288085768836,0.0228612358291938,0.00334183471058372,0.0221352001469892,0.00947496933114353,0.0194864417232954,0.0135594880037977,0.0192382302123693,-934.45577113856
828,0.0120124609748434,0.0232081984827417,0.00419846328116298,0.024944893882376,0.0103954619953479,0.0108562872102588,0.0179306670169983,0.0223563226507552,-935.309774595149
829,0.00903936193039454,0.022405591147106,0.00504972219945623,0.022525785032795,0.0118500299853928,0.0150486828726296,0.0132934509359247,0.0171385564593184,-934.806232646283
830,0.0121704641645109,0.0206969294623149,0.00621374535483587,0.0333224900111638,0.0127548559703045,0.0166229085469303,0.0166400013628127,0.0280046341577147,-936.302112312469
831,0.0139775160022496,0.0268555364200638,0.00653021931500279,0.0131085446867635,0.0105336008309745,0.0173696344511933,0.0207525107897126,0.0334438390025158,-938.514541059012
832,0.00982530093438537,0.0286131400070654,0.0122746177469357,0.0156444537608151,0.0120265978143808,0.0180280275493454,0.0182826703067551,0.0250779807477621,-937.694672560314
833,0.00708249902819299,0.0252328985874767,0.00951976593090949,0.0180334536821412,0.0102231223861456,0.0166321674001416,0.0200732591906799,0.0274954695668544,-936.363123459587
834,0.00484521473320937,0.0284472107131372,0.00300445166795208,0.0247064986682533,0.00905718254106918,0.0217482164516663,0.0200192812407799,0.0258322275150205,-937.089842805278
835,0.0133942363210258,0.0160080737808438,0.00659095685667289,0.0244633971581555,0.0121633236257239,0.0170520209514608,0.0209824309700349,0.0258177929944428,-937.082017058848
836,0.0145442706694198,0.0177100360926452,0.00775622478387104,0.0298035585796734,0.0163700753088426,0.0179837591866607,0.0174043283488088,0.0185801510171039,-939.872132248794
837,0.00802596756523567,0.0265290521574396,0.0124731825688178,0.0286572085218421,0.0110766367528469,0.0140012662536657,0.0159752325072963,0.0307452509279142,-937.692633007428
838,0.0115652586958172,0.0163922305745649,0.00750904989010042,0.0287205299311701,0.0133189800056009,0.0111804402088247,0.0197272047800203,0.0323766899315315,-938.957520359044
839,0.0133768738328014,0.0213421932634947,0.00625858206244431,0.0179704696977547,0.00896484461988748,0.0120237531969961,0.0227821509954001,0.023841280901016,-938.412415634685
840,0.0118956927424109,0.0250186000048948,0.00255142647082252,0.0277304646584128,0.00844458805432104,0.0236193737692528,0.0130887518097579,0.0194483800604898,-936.377433958525
841,0.00975981176121925,0.0188826013702176,0.00181580982390669,0.0146773883164167,0.0119817330825999,0.0268729177912373,0.0165241759249604,0.0123171137693555,-939.695390775933
842,0.00978280654673451,0.0271266032207,0.011940944647207,0.0115966744209918,0.0145151368569697,0.0142084979238656,0.0125768059849581,0.0244506277159548,-940.581001346146
843,0.0113627420750537,0.023581739241619,0.00813091010149681,0.0409683630879223,0.00787493108272441,0.0150005651918729,0.0166268913824818,0.0251404753602749,-938.870857694409
844,0.00798851576594704,0.0255403306681674,0.00580752340878968,0.0106485241923463,0.0145170652557732,0.0190964944771047,0.0162186231313157,0.017742706143763,-939.133058816872
845,0.00612433424094408,0.0258044357514948,0.0052323654589304,0.0306619734931333,0.00952564033470929,0.0173574665273592,0.0123541944967416,0.0174023692976149,-937.024698829267
846,0.0182504402566009,0.0130737652811411,0.0020363529922947,0.0314192142341601,0.0106333864146572,0.0191085957748509,0.0198776860781222,0.0223666535404239,-938.359145895265
847,0.0156929107744004,0.0186981552427104,0.00408610659850019,0.0300037634391312,0.0129555465333474,0.0219332120716955,0.0175914004824081,0.0341853811573206,-938.394329649947
848,0.00928239006270482,0.0258076248455205,0.0061570352210722,0.0162941732535496,0.0124292154112768,0.0176943967144756,0.0177585572230817,0.0275863554399949,-935.636321721908
849,0.010300724365267,0.0316351399608943,0.00594456333822905,0.0320715357625012,0.00865064405806181,0.0144086205994045,0.0164098600282645,0.0228639951210721,-937.97762947911
850,0.00512466871611605,0.0272853346494063,0.00354276855496647,0.0270093722850627,0.00840624450445794,0.0222917134400569,0.0161312240258411,0.0228942832471437,-936.74256714568
851,0.0118613225451646,0.0146270311677457,0.00831063716989501,0.0274524588563893,0.0120455520277945,0.0180746245191762,0.019791447639473,0.0193936528251304,-938.441326689056
852,0.00854806780502636,0.0289007826261664,0.00481473685405987,0.0154898942295369,0.0116903581109504,0.00869760449423157,0.0162215536724374,0.0185591327557051,-938.050799232338
853,0.0104067255073715,0.0203400964449612,0.00650897157888975,0.0376727991330127,0.0111037685465175,0.0098873525252865,0.019352992071771,0.0222962475102824,-938.821689768209
854,0.0102469215932019,0.0194003811697499,0.0016207401388589,0.0247291112470754,0.0135309835554523,0.0156002046830718,0.0175870149161,0.0172783290652383,-935.811770059845
855,0.0110977113497355,0.0237303966224231,0.00790794509132053,0.0153810941775683,0.0138820946515201,0.0163278122264804,0.0178580513632451,0.0190556223068116,-936.968063009899
856,0.00806052131821509,0.0295041567345749,0.00824715098592446,0.0155409174432571,0.0148177726766,0.0207708675579498,0.0153309777031047,0.0259237468783067,-938.919362878005
857,0.00535020701833896,0.0236880255722324,0.00285535441824517,0.0338792701736818,0.00799212561844197,0.0236404855633185,0.0152932780940155,0.0280778193431711,-939.485543468712
858,0.0142834499331269,0.0119371065847989,0.00468411422038132,0.0214286310011968,0.0120585904559228,0.0235531250220085,0.0182395867806082,0.0314172076723155,-940.6880586283
859,0.0107692563049673,0.0227676765155975,0.00779901685255141,0.0158134024538901,0.0108162612047802,0.0208087345935234,0.0156806768879802,0.0148465438794407,-936.172813755058
860,0.0115514767226735,0.0222336762899186,0.00405982514963789,0.0212782549491282,0.00956011722233922,0.0190650441603077,0.0156798497943276,0.0178101880504564,-933.738411374958
861,0.00691571646133804,0.0306026392278823,0.00217897891666357,0.0214009019724607,0.0126654764627527,0.0220802566091175,0.0151870256505665,0.0240217906022179,-936.398258699916
862,0.00992098107962214,0.0164745545563581,0.00587815532839651,0.0251440663543337,0.00793243236095603,0.0263583638199274,0.0148522789758189,0.020917224386017,-937.788839610898
863,0.0135719736260739,0.0264243117732863,0.00484923330653935,0.016371810711779,0.013537999415675,0.0113841748948568,0.015116646536166,0.0203020575771973,-937.055066215484
864,0.0111907386605061,0.0175915781684787,0.0105271625187145,0.0205568726972072,0.0126962678673043,0.0223928130315916,0.0173072712044455,0.0207817583910869,-937.864642055364
865,0.014043850985936,0.0210109500811894,0.00668387824297265,0.0358543829680608,0.0138133922365636,0.0157796693214977,0.0164808075911255,0.0200475713086166,-937.697105079121
866,0.0147416492764352,0.0236205820729735,0.00694127348663492,0.018257992553647,0.010228487305927,0.0174714771676025,0.0204785157156579,0.0235049932284809,-936.23928887676
867,0.013217908716407,0.0228061545157422,0.00640510801183747,0.0315630439401663,0.0113047244248624,0.0228075817603638,0.0148385717904894,0.0160077940247002,-936.403824228138
868,0.0139620354138021,0.018083875593898,0.00415553387124564,0.0177676312794103,0.00901280238390061,0.0226016225608356,0.0147009932622168,0.0256927291128413,-936.35131842347
869,0.014368130637152,0.0187172402976137,0.00382301820366103,0.0238029027833573,0.0132412161207042,0.0263397898449184,0.0200538533411211,0.0298654527189889,-938.250570761512
870,0.0133377479953273,0.0156755905875646,0.00864027487562775,0.028951684252192,0.0074496481231875,0.0120895769014238,0.0167403130245409,0.0266810157732068,-939.542387875906
871,0.0170368466853096,0.0140224949454617,0.00487795198133584,0.0211635765633906,0.0130270603128454,0.0191023765168957,0.0166046216233671,0.0273918706242473,-938.258678295566
872,0.0106274228168649,0.0217777004336824,0.00179084491340639,0.0169924310749919,0.0130730338131816,0.0197268522174118,0.0197514551905292,0.0247294139557527,-936.098263639707
873,0.0136093376492641,0.0191737882511393,0.00538904835075135,0.0297317103407406,0.0102202219010628,0.0205065340224044,0.0208340897894919,0.0256046687693744,-935.804661619483
874,0.013065322393158,0.0209298487129634,0.00941206520088104,0.0288939730230321,0.0111439240974644,0.0160401376219583,0.017205301338181,0.0285280993960694,-936.06321670373
875,0.0100081939374259,0.0214492661604416,0.000717651857467696,0.0243700968386,0.0102793606585929,0.0190408756218613,0.0176716973076369,0.0184609213073406,-935.134905417669
876,0.0143627454218112,0.0211393459770958,0.00493134918244277,0.0276172330538725,0.0106513335288591,0.0183059296044099,0.0171962144469467,0.0230987568440763,-934.301898449755
877,0.0111128334206034,0.0230418367887269,0.0039139492472423,0.022531887019658,0.0170063787690739,0.0157208163149433,0.0180229871344844,0.0235868986062874,-937.182567207382
878,0.0101077194813346,0.0248119334196416,0.00402270506055637,0.0193423015508061,0.0167856725471705,0.0145793969079525,0.0142609076721231,0.0237933332347512,-937.374841738555
879,0.00650812139102469,0.0269269586780587,0.0049070767995526,0.0227952864674422,0.0105121017114715,0.0167967226732312,0.0183660423005387,0.0297564704667881,-935.107621108762
880,0.00565306706413886,0.0348808599358902,0.0096321896167349,0.0170171967151439,0.00838440876669311,0.0128008025426674,0.0166967281728911,0.0193357759223969,-938.419228502625
881,0.00485435031864378,0.026908366835733,0.00279238876932404,0.0146585627578481,0.014969016720891,0.0198319870955743,0.0160929851384104,0.0241328459773986,-938.081655955212
882,0.0116773563583822,0.0196009753051001,0.00307355213150182,0.0304492967643295,0.0106025820305544,0.0207560713314987,0.0149135020469246,0.0175713985913686,-934.611456115079
883,0.011650580338374,0.0228593507613444,0.00359602126551934,0.0303943938392976,0.00720255824912463,0.0151642092834929,0.0169314859696714,0.017554489254828,-936.45866401554
884,0.0111389067429545,0.0280579823543063,0.00326791272288772,0.0300093400571977,0.00955729242040682,0.0141772758302978,0.0143522213935758,0.0237563474168847,-936.281422747163
885,0.013360054762756,0.0248861130044156,0.00498787819490208,0.0160752649912528,0.0121314137151218,0.0112668169961288,0.0155102621605907,0.0232797729191191,-936.289855022026
886,0.00709283414688176,0.031756236501529,0.00487703229654584,0.0254090714547042,0.00915302580222532,0.00924671424195255,0.0147604552446142,0.0159998033787655,-938.588521206375
887,0.00707005975921163,0.0269035202405197,0.00406128228771738,0.0173860617332353,0.0142357627476166,0.0130623656080195,0.0145728500281732,0.0294909606989384,-937.407929529598
888,0.00993862623451567,0.0244447373805095,0.00155746240735902,0.0211606691037922,0.0136821670462703,0.0134534324687586,0.0199506388822387,0.0298351493107908,-936.397488065593
889,0.0125421955950181,0.0245374993140849,0.00364628905420667,0.026388668527461,0.0133046737516347,0.0130349831426514,0.0198224049711497,0.0367960438430732,-937.80807657045
890,0.0111800184985465,0.0211293055589011,0.00237443012105362,0.038337124014573,0.00897702462878796,0.0251801520322648,0.0238389182753955,0.0367421273800694,-940.257198362236
891,0.0125091900885623,0.0156216201126186,0.0056670481639528,0.0210841577730773,0.0074375099909424,0.019265120987376,0.015598446458076,0.0084052987381944,-940.600618098431
892,0.0104883740991566,0.0215513453955043,0.00279276859050376,0.0293946444853277,0.00926557484523147,0.0204479980346641,0.0137491501966444,0.0252831142420047,-935.463683589474
893,0.00705730939443024,0.0295502915226235,0.0030237007394583,0.0155857071540909,0.0105230667977064,0.0136511408150853,0.0203062770667474,0.0316819596401741,-936.926938478465
894,0.0123765729176036,0.0201318119121124,0.00258202030593754,0.0448957271561546,0.00991514705020763,0.0199104875903184,0.0169529988242132,0.0253371297023313,-937.969874642005
895,0.0119250114573767,0.0201373615504174,0.00474230682271125,0.0166413302118012,0.00963027391049466,0.0178234719093777,0.0168177595498316,0.0157172680980109,-935.330084923654
896,0.0109378753261275,0.0179908235989477,0.00486058883745277,0.0170090889266976,0.0134661975915863,0.0147903196505319,0.0169226634590377,0.020372502295714,-936.443382002987
897,0.00932101580897188,0.0321052741046415,0.00514669576812046,0.0232331511773701,0.0125774146219892,0.0258523661603902,0.0135507567769119,0.0206618229041856,-938.997234669862
898,0.0062963517085834,0.0209710362193419,0.00428619365746429,0.0246010977918382,0.00779286432547444,0.0214032217236304,0.0183445513479168,0.0391894409174257,-939.860877800744
899,0.0140229946338341,0.0223688893918184,0.00239363140770276,0.0213257235355993,0.00756594714212817,0.0155620502404099,0.0210913939760159,0.0270889775491684,-936.504612861383
900,0.0174136639297651,0.0210440606905008,0.00544061589258716,0.0154726734082773,0.0122383781926458,0.0170144219943348,0.022638619996843,0.0264040206696331,-939.044007142575
901,0.00534517406664985,0.0353865612059531,0.00395415332897798,0.0174709724423139,0.0103570244255562,0.0191172983952326,0.0205835929807759,0.0232617930849358,-937.501859449928
902,0.00768800687960575,0.0255630609403665,0.0056279929900444,0.0240148498136942,0.010795328363618,0.0153624078003702,0.0150059629965386,0.0187777286863728,-934.270015076237
903,0.00956326952087897,0.0268782212335184,0.00813579120948419,0.0214089479438477,0.0127248250170674,0.0275601183838745,0.0128079243305942,0.00804550556311854,-941.070515048153
904,0.005015933871394,0.0341037706733233,0.00349230308562016,0.0114884336207512,0.0143405223479899,0.0293886959683069,0.0118851982408538,0.0294710063835965,-946.799030279286
905,0.00298151358436564,0.0293006748400665,0.0116667637485181,0.0146033583278627,0.0124164264557459,0.00925757547928284,0.0229743815312334,0.0284258327669515,-941.730049386596
906,0.00641249408670578,0.0250943115429918,0.00812530179080014,0.0191811446318956,0.0132807255435699,0.021240514496214,0.01991946101396,0.0184633639184011,-937.817182925857
907,0.0105293166695525,0.0209796074785797,0.00148439240396488,0.0211129996408811,0.0105089507441886,0.027615943598037,0.0199930615729149,0.0270332118109194,-937.056247069031
908,0.0123920803733668,0.023452339348296,0.00131128440754127,0.0241722188719109,0.0071727666036693,0.0222975691147803,0.0152143467706994,0.0287000825753216,-937.165144944991
909,0.0106810576567513,0.02442553153041,0.00197289199058627,0.0224385657812062,0.00951649094655649,0.015180380327901,0.0207374102378439,0.0300587956503085,-935.466788968289
910,0.015827847106747,0.0190496061160438,0.00393361426707576,0.0242709577106786,0.0154136183029748,0.0136890986817467,0.0209850025960413,0.0312280325954051,-938.842622024809
911,0.00510892834005244,0.0254257946538476,0.00602966257088678,0.0238348312219126,0.00938349196502065,0.0180135183604301,0.0206639300609693,0.0336067288948529,-937.185114874463
912,0.0136180753993358,0.0224880996275359,0.00365751747034653,0.0202114832388755,0.0105724806881319,0.0190224284399438,0.0162437199657063,0.0245550992411239,-933.972237297948
913,0.01225098580028,0.02260103410699,0.00304984324834427,0.0220548838408435,0.0104525415743372,0.0149400748854393,0.0180201183124202,0.0290115493598814,-934.315646723891
914,0.0106104673538486,0.0230547450873427,0.00309084252021717,0.0219251078153806,0.0133131298490013,0.0209986202202618,0.0187280185164154,0.0256723445300427,-935.176815590872
915,0.00842173972927365,0.0192998491027921,0.002563553882805,0.0269424894832652,0.0114730714714717,0.0202401887496232,0.0197483676711021,0.0255673126763767,-935.568772138935
916,0.0114057083399142,0.023051067850856,0.0136212254917421,0.0246552793003346,0.0103551061037661,0.0182598255762655,0.0210577596739195,0.0291544858984214,-937.816150082629
917,0.00812032950393726,0.0208014668369107,0.00328955477306466,0.0335583642026058,0.0104319663335977,0.0169902933593442,0.0169463943822603,0.0212815575056979,-935.332607106147
918,0.0150714657963716,0.0225274732638366,0.00162582088197382,0.0300427592967359,0.010895794577006,0.0109280720989932,0.0151561993739801,0.0249127087733044,-937.187053910558
919,0.0129764008691766,0.0178304774063206,0.00165526435418568,0.0212681062814813,0.0137366203529549,0.0128980814634199,0.0204827901377277,0.033815501147332,-938.181732123431
920,0.0167147234992012,0.0258885270559405,0.00468834203994461,0.016930302542968,0.0122304645109434,0.0129438970841728,0.0197114714983017,0.0348134914465563,-938.849108434615
921,0.0194193193887849,0.0157891810374301,0.00427398401292921,0.0234089430114437,0.00864819322536718,0.0198116317134168,0.0188924788561044,0.022406878127442,-936.904750860056
922,0.0106737665793204,0.0145880685580583,0.00650044171501404,0.0272293277662378,0.00980138806026536,0.0229197447668817,0.0166217109265124,0.0251150111983238,-937.293891282891
923,0.0160148942040364,0.0164282004421233,0.00249490747246055,0.0394241872873991,0.0102360148087699,0.0212399800669925,0.0162773456858529,0.0219615428809702,-937.701233651172
924,0.0162423178753244,0.0159105356630398,0.00566262518091787,0.029419981169493,0.0116318907558627,0.00976267092344821,0.0209631450503997,0.0307649013733416,-939.907716390861
925,0.0169880352248287,0.0194336697885988,0.00065343134621851,0.0321337558607178,0.0091318515359448,0.0319149405423916,0.023912242020585,0.0389476011799754,-943.836241445612
926,0.00824996410459387,0.0220244692800765,0.00744348715427874,0.0242563317051067,0.0123067064770083,0.0299996308248314,0.0224445431623824,0.03302317444098,-940.647741963286
927,0.00841691783729394,0.0218138260522746,0.00708823758569197,0.0248783327918263,0.00974598696807484,0.0168545466844071,0.0224319564578102,0.033631805805617,-936.89335736302
928,0.0112624458242101,0.0251284565265579,0.00102224379823253,0.0243388069312216,0.0123106968972611,0.0150036179618501,0.0244020811457519,0.0266793538684441,-938.37731802563
929,0.0113089972967694,0.0217926034129162,0.00551706002443811,0.0216064747389079,0.0127288905932636,0.015677901256552,0.0239348633484794,0.0226797294468739,-937.782413359381
930,0.00497511010743413,0.0294992877831417,0.00530363997406254,0.0239245420626594,0.0109881209991121,0.0171640642732401,0.0164887003313793,0.0235022622120694,-934.990317086687
931,0.00589173653010869,0.0337842526558489,0.00118479813037271,0.0422536779583921,0.0109582730099335,0.0127059852434423,0.0176747032966076,0.0290047442309154,-942.667333211958
932,0.00538014071951179,0.0245012275429105,0.020425739390393,0.0223132653751322,0.0107740135600194,0.0177149106594066,0.0125966811570087,0.0241038332350039,-939.945647469137
933,0.00885004862077936,0.0218543583947365,0.0036286956121723,0.0254473143564555,0.0102153478209299,0.0142030479021501,0.0185340498662245,0.0228317127977204,-934.448756310217
934,0.00929416881365344,0.0240096222966451,0.00713818935198142,0.0245020271828309,0.0112972238793609,0.0232372372798694,0.0202419165777163,0.0269083733906411,-936.273456398506
935,0.0112038128174757,0.0165493587289996,0.00577868908906727,0.0315901567710266,0.00922368541210469,0.0158929973660468,0.0166370439112729,0.0274235154653661,-936.145951982263
936,0.0159807299444838,0.0244208846025706,0.0114624261580516,0.00883463252698426,0.0152701309571077,0.0130854022458607,0.0171871698360187,0.025183077426457,-942.709421146511
937,0.00292474308501654,0.036151450187834,0.00217778015139868,0.00790276172166529,0.0165147600946588,0.0190315467206234,0.0181170505317369,0.0274072870484025,-944.588987258662
938,0.00919997594890342,0.0308700889023288,0.0129972682358265,0.0337506665258787,0.0168055026457768,0.0111553917015793,0.0185168654679203,0.0188279266978439,-944.393401601691
939,0.00284012331302635,0.0269532416818553,0.0124941330428649,0.0177295867654055,0.0102239993960218,0.0210684612277397,0.0140097731342456,0.0211651517926671,-938.84040644375
940,0.00246821301038594,0.0344529788722146,0.010776024616592,0.022665763318406,0.00867812880828102,0.0140840894853917,0.0151974873221834,0.0207054690588172,-938.394389187643
941,0.00498914493126752,0.0328112220001369,0.00389055006500752,0.0236107409650085,0.0122970287735101,0.0129396893046642,0.0178704631340342,0.025210539978033,-936.162403720199
942,0.00510497579857278,0.0345258614492909,0.00294774711581073,0.0211123951139474,0.0121590750378759,0.0251534910533407,0.0189781435000489,0.0222368696368144,-938.757548780192
943,0.012746126049138,0.0336976701178412,0.0043538938247082,0.0219142138601345,0.00831985487838859,0.0244084532889243,0.0166124235892078,0.0220233070226469,-939.008488694685
944,0.00721820311073481,0.03064877057178,0.00624068128091704,0.0231028196569523,0.00987653652730853,0.0231056604783255,0.017914030424592,0.0184299603769636,-936.577366969478
945,0.00724911317894668,0.0218031890078946,0.00222740519829101,0.0213076183534492,0.0116956474378602,0.0150034961051521,0.0166841551085382,0.0190419583533881,-934.979463677555
946,0.0148839585474873,0.0206277139332215,0.00724323368257389,0.025467758611474,0.00907759584195693,0.0188339495971814,0.0140374127878906,0.0200872546413849,-935.40345733074
947,0.0122442800857883,0.0243109847978967,0.00391576924110487,0.0281366024682299,0.00788095408685379,0.0151023790086812,0.0166917411398351,0.0269596192767246,-935.707908070306
948,0.0167633539060592,0.0240909556716116,0.00745340978408525,0.0386652571502152,0.011016366598572,0.0180038980000875,0.0160535445462825,0.0164270541848692,-939.130976892736
949,0.0117535387987253,0.0201498435200362,0.00346054997181237,0.028416326571524,0.00880818613170248,0.0162978491827224,0.0189615515685689,0.0254963185767381,-934.61473590507
950,0.0152628038455633,0.0249487097909668,0.00276991467201,0.0127459420180134,0.00797350258399782,0.0145837841049964,0.019339379281583,0.0206345200716883,-938.34079654602
951,0.0100444228203231,0.0323090052442953,0.00862353004899235,0.0201699402913827,0.013171879244076,0.00722480534382682,0.019392509804582,0.0221664117464592,-941.701431029266
952,0.00327386931384709,0.0323586149124392,0.00495096068121421,0.0262916512527767,0.00901543524489252,0.00694716228730978,0.0136708715574905,0.0126052349170058,-943.704003028031
953,0.00958907092444259,0.0331064473631974,0.00496589899416977,0.0290479293907395,0.0105745926679351,0.0223148403460681,0.0157537785613383,0.0291006984080749,-938.850786332551
954,0.00618396327473764,0.0257894018923718,0.00750923047965845,0.0225644322849208,0.0109925116543864,0.0176902593992391,0.0190852790109043,0.0299846230928243,-935.771171087339
955,0.0107827907810302,0.0254874245549123,0.00469605735975126,0.0205391038638312,0.0111900752878968,0.0121078332580999,0.0179421441802666,0.0228870027672567,-934.779252598497
956,0.00555268112497989,0.0296988739642119,0.00470829303881431,0.023720473300466,0.0111065443423764,0.0180368394780403,0.0177518536111982,0.0218245652233564,-934.998730497183
957,0.0116564909674248,0.0225244471352785,0.00776884301024014,0.0238803545341198,0.00962800805098931,0.0294249625379475,0.0156767995349099,0.0127234019469978,-938.091574565647
958,0.0107015642639679,0.0269632036529426,0.00593376528586557,0.0288804132148098,0.00946409699110884,0.0276925727533998,0.0153664084466871,0.0244694451524158,-937.778236939015
959,0.0119667352845146,0.015263855747293,0.0019480461621208,0.0329646988437069,0.00911471421757014,0.0193508096056764,0.0187826454634666,0.0198745657820043,-936.791262022049
960,0.0103466186972298,0.0216675945268377,0.00851651270485192,0.0183832622545545,0.00685053758335804,0.0190951208835416,0.0183115174307885,0.027115288614458,-937.753070402364
961,0.0100874775362608,0.0265103679642743,0.006231431424181,0.026687503764013,0.00929353263550877,0.0168275940948507,0.0189257278177413,0.0311899963940917,-935.859035377955
962,0.00890237959939254,0.0169250464993671,0.00200340348347941,0.0270307713359504,0.0112661132674027,0.01941790377277,0.0188982793299689,0.0283351486881041,-936.245900824776
963,0.0178093649198355,0.0258762991596965,0.00276420191733326,0.0179461153149037,0.00824926002220189,0.0184278223171812,0.019295670422358,0.0188878642429713,-937.64188335781
964,0.0105688151817511,0.0223918820894185,0.00152192238400684,0.0247891733729463,0.00996235975135018,0.016885391028929,0.0181537535442405,0.0266253784293035,-934.330234177099
965,0.017200307198163,0.0146907712156207,0.00476881354254662,0.0299902886705325,0.00936557925822026,0.0190299531716598,0.0160182681681657,0.0251505145920827,-936.66553370391
966,0.00933475644832503,0.0159039148361638,0.00556002376706492,0.0415131288176167,0.00720603225190951,0.0180677504566759,0.0136949713937088,0.0173395050793844,-940.618909536266
967,0.0134012817253519,0.0211365556591654,0.0050028308626706,0.021365578470947,0.0135237933298257,0.0202005086880305,0.019376927093171,0.0182222286700396,-936.433323302569
968,0.00829018513093915,0.02237747963374,0.00485062419265514,0.0347266865314262,0.00965749677524405,0.0145119328593384,0.0174389662064889,0.0213467447154191,-935.935468120098
969,0.00959890963440195,0.0176552016464443,0.00225917383570547,0.0300024587241944,0.0104603794394074,0.026181709905588,0.0137587592492147,0.0201535955550951,-937.019406723788
970,0.00991542855471877,0.0272131737753265,0.00741845820851137,0.0286110382690834,0.00958588429050135,0.0190226658177784,0.0164306751152465,0.0244169563738995,-935.595621776498
971,0.00697611427906398,0.0187786277892966,0.00601392387908166,0.0303928362106784,0.00925284875171953,0.0187862484609017,0.0172656134188782,0.0177922371013101,-936.804510347769
972,0.0173303370093909,0.0196261254870364,0.00231747330692966,0.0189789502367462,0.00959545512367184,0.0141236611385566,0.0187486664214678,0.0200175937158925,-936.01415577978
973,0.00616876796103232,0.0291106354580205,0.00533076474864886,0.0226641656254781,0.0129046974338065,0.0151813121342086,0.0222222841914463,0.0346808191039763,-937.623358472647
974,0.0136212413441166,0.0175320078385483,0.00168262251107119,0.0284290622530509,0.00884559077959862,0.0149276093449959,0.0159891145855863,0.0213381180718496,-935.262382458983
975,0.0102386385759745,0.0252593700276576,0.0140437884749244,0.0215585250846433,0.0136072038896403,0.0142605275490103,0.0127735626287491,0.0285822450834962,-939.788076179342
976,0.00536846414050495,0.0233531411228366,0.00874384436674406,0.0202545539994904,0.0126706739704052,0.0161870091712958,0.0169653176905427,0.0202700611596001,-936.399539097727
977,0.00746409005289455,0.0255406737673852,0.0017491497785212,0.0208365582860542,0.0104862334977606,0.0169989108822166,0.014652771719405,0.0197613916375102,-934.463026225749
978,0.00593427859318762,0.0276882025327133,0.00230094587159916,0.0231135103826531,0.00998833140450537,0.0306034791088244,0.0146063087951993,0.0106272501774819,-939.695636359678
979,0.00752071862759623,0.0195955296526686,0.00472730036510032,0.0303525625271215,0.00930505095981285,0.025760179114551,0.015819368915924,0.022041990997068,-936.803029436994
980,0.0120796282001431,0.0230468834081644,0.00386811153761509,0.0168762017508356,0.0105873098179227,0.0164289820983705,0.0153525766418391,0.0191843635249339,-934.137105556283
981,0.00572394852630898,0.0370944559786785,0.00845303330543893,0.0177617953969292,0.0148687557630625,0.013265469401482,0.0150129702649005,0.0151834306201949,-940.376442748926
982,0.00277225813141051,0.0425254966052485,0.00766592802650493,0.0148865302726654,0.014404024614485,0.0235807161119815,0.01874922478412,0.0152985795775024,-944.927288354178
983,0.00276523380122159,0.0275118303157752,0.00756472494908028,0.0308495629699017,0.0102761368195892,0.0213633065429128,0.0150345655869214,0.0264390806627617,-938.63785542143
984,0.016073781641193,0.0202889215239647,0.00623749341287006,0.0299775036788126,0.011283542868425,0.0170701175681924,0.0225565048906829,0.0269812356099873,-937.615201543305
985,0.00916769960613849,0.0234065809273239,0.00735749471192526,0.0198397937806946,0.0101207989545515,0.0223471149489421,0.016776230109335,0.0173238159648478,-935.333103239019
986,0.00583392185364652,0.0221837107243031,0.00110931631672981,0.0319081196719394,0.0111442199195977,0.0143897505866104,0.0167455835629029,0.0229012806107406,-937.326173240809
987,0.010269674724143,0.0202178568249515,0.00752820294806785,0.0220623885059084,0.00876924650898338,0.0214910329862081,0.0178081319228986,0.0245956055086612,-935.42333736047
988,0.00910091008572759,0.0190763219387719,0.00553887669172593,0.0312815863390214,0.0105775406854041,0.0158362834886457,0.0166720148476176,0.0234682991997646,-935.083338905687
989,0.00955929470590071,0.02731747661024,0.00637139247746975,0.0282032493580126,0.0106433865703149,0.0174796116983445,0.0170546945006539,0.0317002702680965,-936.235515174545
990,0.010273180840641,0.0170038046165655,0.00193537058623662,0.0105580918989917,0.0141682285813049,0.0164174418859299,0.0214767242334613,0.0306133948980951,-943.371867776927
991,0.0111220566208885,0.0352168789310744,0.00199438104639861,0.0147575985337106,0.00861053218935348,0.0190150886624033,0.0169593145858166,0.0315117225458,-939.110737056625
992,0.0108695692398777,0.017128012015178,0.00347746187368138,0.0377773512475098,0.00963801714892518,0.0188595988333083,0.0198035722997963,0.0239126749163714,-936.693728339319
993,0.0128027635733705,0.017108611244445,0.00296376891785179,0.0390750033290727,0.00789710978416402,0.0172728687568738,0.0199887618616735,0.0301925014932017,-938.183291242595
994,0.00984922416560695,0.016949394647682,0.00655161377487087,0.040211053028576,0.00841824825589992,0.0221873034510945,0.0187117767007898,0.0188579577844042,-938.528612508123
995,0.0144715860873121,0.0172079953132523,0.0068643941534153,0.0414779892014407,0.00791630425252321,0.0257371395529312,0.0175650737965741,0.0327400867752376,-940.516808209659
996,0.00875871856906181,0.0203857820791333,0.00788907537746531,0.0364869486331772,0.00861340065295413,0.0164621061850487,0.0171840777906047,0.0246628119311789,-936.923843164361
997,0.0148680898495759,0.0268382228380995,0.000337195688868859,0.0312501387926491,0.00898375675970024,0.0197993024741816,0.0138148046152816,0.0145334428834054,-939.128744290082
998,0.013206619793396,0.0153488611331095,0.0116537812136689,0.0242462317050263,0.00987796082138369,0.0140534007420724,0.0147003888350988,0.0240987022389982,-938.556051640828
999,0.0127665539246065,0.0169613342982543,0.0158099506184658,0.0313334033695998,0.00941321770958382,0.0211569619826254,0.0200223674098857,0.0256690869286653,-939.881310013175
1000,0.0107719970670685,0.0190848101957244,0.0200038753354942,0.0278202647887467,0.0106534178959261,0.0189635624370648,0.0155187561285483,0.0329219262348355,-941.083645976878
