"i","asc1","desc1","asc2","desc2","pol1","pol2","tran12","tran21","p"
1,0.0450991869860907,0.0508258509989088,0.0139824318239898,0.0132550024476272,0.00920065583495595,0.0233563105674718,0.0209507404357885,0.0665971560740687,-990.070457686327
2,0.0211314775591004,0.0425612612914025,0.0115287245550617,0.0104728087069854,0.00876134535433211,0.0163082551692227,0.0286401822967231,0.0136573204985514,-962.336379217804
3,0.0169742823610252,0.0375355700210791,0.00820330486054734,0.0183458734439427,0.00920865339973074,0.0163869151129982,0.0261894502484342,0.0243785437040863,-947.519553061021
4,0.0153787597582567,0.0341518052629924,0.00758829631624163,0.018459651292336,0.0118144731068843,0.0136975992753842,0.0125649391376349,0.0267881292660162,-941.537458939211
5,0.00751201093855429,0.0312864809391577,0.00305618361644199,0.0237323706441475,0.00924219470482258,0.0174973275023482,0.0136164309731715,0.0147342129328021,-936.135412144473
6,0.012936302943772,0.0137694841397306,0.00204418735163669,0.030653687425604,0.0103212292449071,0.0125585838590835,0.0183622696605951,0.0334514155834901,-939.224676509182
7,0.0162899454737126,0.0205620855186246,0.00388271544459899,0.0221495759535499,0.0118925761471319,0.0129343614804986,0.0149869093572458,0.0308700019015572,-937.088072043454
8,0.0121337049152036,0.0203013833426888,0.00372467317384209,0.0241795742642773,0.00991423033518226,0.0190735067438066,0.019504310885528,0.0264651778998311,-934.227145716502
9,0.0130736241482115,0.0220485639407608,0.00378003137986142,0.0184452945168446,0.0098651820458298,0.0164113259036927,0.0213841214886433,0.0270516863723709,-935.432820264834
10,0.0117593660464911,0.0206138544845594,0.00618086833161952,0.0339186358981583,0.00938114529981214,0.0152326384255185,0.0230162192451288,0.021686069745911,-938.116605834261
11,0.0112474607656964,0.0174733549353395,0.00600999269487397,0.0211265070510662,0.0110770148900602,0.0201301987673209,0.0150054616633843,0.0209861980141707,-935.261121846159
12,0.0197945208569563,0.0241438718676473,0.00396410414110818,0.0264997688619889,0.00995704003923417,0.0202099404694432,0.0180756895040644,0.02497859982912,-937.319781304784
13,0.0118211662692197,0.0192287669270697,0.0083064686240596,0.0249809914678042,0.0101351032905367,0.0141221130140447,0.0155929921068477,0.0142483345058875,-936.050160029961
14,0.0103977096265938,0.0209875970339039,0.00868861408157051,0.0211437033812253,0.0113177390078617,0.028570214342667,0.0155390846188016,0.0244157169367245,-937.916581157674
15,0.0166676249207376,0.0226901626912276,0.0074139101230952,0.0206267488061872,0.0109420660354502,0.00857887269943267,0.0190440961838355,0.0233460509098207,-939.275887305171
16,0.00700041638238055,0.0351176862454596,0.00158392269180962,0.0248582341937732,0.00931207070487454,0.0136980052866882,0.0163271188072918,0.0140733554406638,-938.348028775305
17,0.010016561590085,0.0290160295666947,0.0056387520280539,0.031715859874638,0.0100803620298279,0.0159615474500413,0.0155191061474616,0.0223672395963338,-936.199415749892
18,0.00427416609106761,0.0337957553514234,0.00117346591062425,0.0217396887452541,0.0114896950298781,0.014099458830693,0.0184548247294129,0.0203938597351054,-937.336684866006
19,0.00484890080583862,0.0304725712773986,0.00184876418354511,0.0284345186983448,0.00754425339775836,0.0178623366704545,0.0167976166689991,0.0166157271839796,-938.547260158621
20,0.010260252155748,0.0160704221532709,0.00254093980432615,0.0305315287424154,0.0102846827072709,0.0197831226121299,0.0161622805825158,0.016960376008884,-935.919121040947
21,0.011941379288246,0.0265601197345156,0.00784319096550902,0.0328601449833117,0.00944657457977938,0.0186072108120728,0.0165613626772371,0.0261776487082306,-936.807344375462
22,0.00615154623949088,0.0203093383720833,0.00662416395133424,0.0359330614934825,0.0114215593574398,0.0208897441776956,0.0191285052666926,0.0367727142687054,-939.325823264112
23,0.0104338685308472,0.0207608708052636,0.00187814022488076,0.0188420779039467,0.00898120916544905,0.0212606513442785,0.0221957333731454,0.0277746566403673,-936.776948481768
24,0.0215458765648106,0.0159900723018873,0.00304203732334931,0.0198481189825458,0.00736821716010907,0.0221328108638677,0.0223865265538745,0.0293158403869461,-940.596465340384
25,0.0106504415965529,0.0299692058241786,0.00217958845695759,0.0152167659699822,0.0117653923391574,0.022112413107081,0.0180756104555566,0.0271865590670946,-937.116405326944
26,0.0140509562161178,0.0273191908840299,0.00432257845830215,0.0261674513064444,0.00845904319383988,0.0171858249571185,0.0242634820126119,0.0364216069222006,-939.393165736687
27,0.0162448239323253,0.0181950921819549,0.00654409925684131,0.0241658478018057,0.0119940086755516,0.0207857758844955,0.0203474463782324,0.0314979604299493,-937.548030969337
28,0.0134337509695035,0.0219709912598619,0.00272985351780916,0.0202008339268135,0.0102279806671615,0.0132327737523825,0.0241427554989895,0.0271297968096228,-937.401707720824
29,0.0129016662846285,0.0217436035829823,0.00565892946312788,0.0156261100467358,0.0107560574712869,0.01605126101515,0.0128571756409175,0.0193509558610077,-935.812349554315
30,0.0119878884837071,0.0213074791854794,0.00488155132874049,0.0327390742696026,0.00817242115417116,0.018228259980946,0.0173775326541723,0.0245463901384859,-935.33890203086
31,0.0133106349887344,0.0213854481439236,0.00495499907629677,0.0353171382344465,0.0123120683278163,0.013621743733961,0.0205715925496003,0.0230658566439407,-937.386091756646
32,0.00754266365181255,0.022242807481055,0.00359532426133249,0.0378466925668168,0.00892647848188557,0.0125473521565045,0.014237154735414,0.0198144822025056,-938.315566375631
33,0.00546661655156189,0.0256555183978767,0.00853336275488888,0.0214601272384601,0.0157804782736252,0.017708381722761,0.0148373637249839,0.0181302761004171,-938.024724367503
34,0.00149099991964922,0.0243528559050778,0.00750212759376751,0.0416451872884292,0.0171126334731861,0.0198268019962524,0.0199486715076402,0.0204558078378093,-946.465822469445
35,0.00155125513510289,0.0226438080129522,0.00703481471432796,0.0136892738409616,0.00758730433510039,0.0212928517324136,0.0159171857091443,0.0231427330641045,-944.986692075578
36,0.00778485779774302,0.0245861986917033,0.00297018220905188,0.0418522367724134,0.0148389918083946,0.0132631274652623,0.0172168002074436,0.0228698234974865,-940.109163174788
37,0.0105216477785934,0.0177844800317048,0.00643729471638542,0.0390056827990527,0.0081057395346419,0.0211544683278298,0.0132015795839417,0.0195316842801626,-938.439073416332
38,0.00889189966406831,0.0184358597993398,0.00824668497375694,0.015820787597445,0.0122354404840857,0.0134650162224761,0.015074967482646,0.0176256718752104,-937.836555756273
39,0.0136346427595382,0.0215839158577353,0.00657778356851973,0.0275177879928057,0.00693306373168042,0.0198818643286041,0.0137131690188489,0.015427211268305,-937.353005514006
40,0.015368239541378,0.0213116127090442,0.0031244411145594,0.0255553586574304,0.0101333930345122,0.0146930479716868,0.0135266221361144,0.0135869724198847,-935.778801445547
41,0.0117888650672892,0.0273348455839557,0.00216545776525561,0.0237974741067696,0.0100923246548494,0.0201376497668075,0.0195982914980296,0.0191058368305028,-935.818198672484
42,0.00648568165352686,0.0339266583099362,0.00157256880512613,0.0228851860401509,0.0126162309304867,0.0181777174274736,0.0107662098687522,0.0200680857214599,-938.98512703198
43,0.0126649085410271,0.024606083814123,0.00450153973616497,0.0214464577489654,0.00842117956315701,0.0188792474533411,0.0227523475725666,0.0289234862182412,-936.740688967511
44,0.00878169643117363,0.0281096611499131,0.00436811113681679,0.0327857133486403,0.0127686222019925,0.0168868297073683,0.0163030265696958,0.0285726685581929,-937.085521509595
45,0.00735505427928498,0.0239848630921596,0.00467409383460368,0.0362170259401278,0.0140292534241892,0.0214647041086423,0.0128633775252001,0.0307458524059278,-941.288070170297
46,0.0114131738253385,0.0235964764800913,0.00817234594181854,0.0123219869085539,0.00933508003271563,0.014412481356516,0.0192960865266435,0.0298409133843443,-937.904800622598
47,0.0114957343144936,0.0284530362064756,0.00361322677065157,0.0239738841139136,0.016008580933259,0.0225721007565639,0.0198523972744731,0.024990617423167,-939.48916600817
48,0.00724844458187566,0.0289094496781756,0.00828698508744044,0.0225552764661609,0.00887748294045448,0.0184107805299391,0.0138242404077693,0.0232694983181103,-936.125927513241
49,0.0119368891502711,0.0182288177109409,0.00774190142002241,0.0191252805245785,0.0112989202660378,0.0195826438046003,0.0144769938128616,0.0228714153154442,-936.061386680064
50,0.0124836265654093,0.0217282172969191,0.00104731608125862,0.0273828211861125,0.00875396025989851,0.0149589785765993,0.0145000360805508,0.0181387007316292,-935.30435866025
51,0.0138066667242501,0.0220001105576352,0.00501904147211722,0.0260866175470834,0.0128746552923031,0.0181302124192244,0.0165530647669395,0.0281222349175141,-935.499269530619
52,0.00821795346041687,0.0298205696010453,0.00284068979076065,0.0299929292576508,0.0108229711035178,0.0143438230233638,0.0208456781211742,0.0248312172039673,-936.999835988885
53,0.0128008709452454,0.0287388733027144,0.00368117330545588,0.0159691077796466,0.00752955802285839,0.0161790749398906,0.0183797049301694,0.0165980561812613,-937.882220892222
54,0.00741668219545108,0.028625161308878,0.000616929418021834,0.0202152099374969,0.00959145786587495,0.020808802620779,0.0161893115551733,0.0211225431719168,-936.283723277184
55,0.0088560217112027,0.0235399068511211,0.00708178038907259,0.0212558773438973,0.0109708762328832,0.0204113239302522,0.0157931846298023,0.0188464864909999,-934.608420930012
56,0.0128668658884561,0.0200316673182188,0.00739545254402055,0.027352261499854,0.00870378153635871,0.0149678341018804,0.0200361073178908,0.0207515437695884,-936.201470386584
57,0.0168303645256481,0.0236189352838491,0.00627425716617161,0.0164805156214355,0.0127094422651613,0.0127428969174829,0.0235325798741762,0.0356515015483362,-940.514082161056
58,0.00927477837982749,0.0244246502456099,0.0109107081687695,0.0176794854081369,0.0134738592682494,0.0145857188904261,0.0205431214884,0.0309037562071089,-938.044554819096
59,0.0116782460273857,0.0194916574468923,0.00498227411914418,0.032432706150058,0.00743861088004382,0.0233068419780842,0.0188869723472323,0.0208830792589065,-936.803887368717
60,0.00890113352310941,0.0209696457337656,0.00592494627696316,0.0370531238858654,0.00680674894693485,0.0229775079798736,0.0157485120411773,0.0244104049410521,-938.720989804151
61,0.0139382242306824,0.0217226616281526,0.00613585428642122,0.0349697090333475,0.0106513544350479,0.0188100284095462,0.0193907448150824,0.0276342536248335,-936.486098955377
62,0.012699117904881,0.0199018599782849,0.0013856283136216,0.0227192043502742,0.0117728705055144,0.0233754147980848,0.0132717515506135,0.0154793267812136,-936.167934973829
63,0.0112306166413142,0.0215109780759264,0.00338761008400945,0.0296444274816209,0.00944147080452334,0.0238903468867872,0.0146617675992027,0.0233775841124006,-935.241475077744
64,0.012034178342857,0.0289895679674753,0.0059169281630262,0.016942566521972,0.0113806062368162,0.0103118285165702,0.013058894444407,0.0263294868813247,-938.46866854723
65,0.00364368326893734,0.0355719548897746,0.00236176797417458,0.0235641425547719,0.0108914758893626,0.0230982122056124,0.0204257240663286,0.0250526761459746,-939.23515521449
66,0.00659930788361637,0.0193829437465929,0.0030052136534867,0.032087005155814,0.0109394568486478,0.0167871023079177,0.0209326692164784,0.0309081139613492,-937.569947513809
67,0.0149638624038606,0.0173898809925592,0.00284030056827845,0.0220256826743824,0.00813542152898235,0.0214993526002905,0.016256965109972,0.0258763900056544,-935.62313600808
68,0.0143220356686671,0.0219434620253425,0.00308801612124865,0.032228384314446,0.00809051327940512,0.018483822843626,0.0176961547026809,0.0266539347815112,-935.817907215756
69,0.00976374367769247,0.0223796099754065,0.0052080619200339,0.029334487383491,0.0162522113387707,0.0190960937287732,0.0139344878100292,0.022159522003309,-937.950649879658
70,0.00666665676871398,0.0237990264030456,0.00622374016820789,0.0278674305237229,0.0125682734281946,0.0139603088697622,0.0221640761145157,0.0268696154137104,-937.136622332321
71,0.00242413591618346,0.0226097594102999,0.010032106340159,0.0182913648162541,0.0113487842548708,0.0182418431512205,0.0200662347734353,0.0242118579549153,-940.164212121478
72,0.00776676940161977,0.0172300805025022,0.00763922689822359,0.0236611709291074,0.0108777148480595,0.0190701777570169,0.0181880346980266,0.026299162938126,-936.87554834381
73,0.0142957493690911,0.0222901170681,0.0146474160509986,0.0217282939255682,0.00965182507307698,0.0195617121598077,0.0153743093621887,0.0288259955801723,-938.879545833923
74,0.00581210315410496,0.0238143943089588,0.0075944613292181,0.0193487976792005,0.0145409308299881,0.0241761877371713,0.0148755968982887,0.0238265472940084,-938.652736017219
75,0.0122577782916312,0.0178780173664652,0.0144101351849951,0.0215987537765816,0.0136385094946349,0.0138385462197246,0.0179184845272254,0.0252246975162339,-939.190001113764
76,0.0147830510381462,0.0194124547409553,0.013593708915119,0.0219289312776916,0.0114281421356505,0.0212019877826089,0.0197131132813136,0.0180092983564949,-939.512659946824
77,0.00675178388747912,0.0316240297205202,0.0079470104201885,0.0407093193934714,0.0110549531820744,0.015804038353834,0.0162119571758773,0.0261327315600407,-940.011918549713
78,0.00387049587918461,0.0307166647693511,0.00745602900073277,0.0134585068492618,0.0115541316853816,0.0170769058466666,0.0153576460848138,0.0188058809462777,-937.040611672002
79,0.00432970317926236,0.028705988927199,0.0163651872396574,0.013986623989623,0.0104862838670559,0.0197306291668505,0.0131156962140224,0.0231753332056598,-939.780813078285
80,0.00149368179132606,0.0315755149797788,0.00638499902295283,0.0242970656783212,0.0118538687397993,0.0181854339929507,0.0197842936067036,0.0250252354175083,-938.224117283956
81,0.00279299170581936,0.0339319890345574,0.00726741495405961,0.0239023808630529,0.0119779434485761,0.0197107205839338,0.0187715810363082,0.0258410961568948,-937.604600817978
82,0.00328535088566011,0.0346749209351049,0.00413426833735792,0.0257433295143629,0.0113288854740312,0.0227461711194144,0.0200923253283537,0.0260195349184249,-938.860545686835
83,0.00287726341365492,0.0245504567351886,0.00290685294898161,0.0299318588890666,0.0108583463537706,0.0186503762154202,0.0151265618745092,0.0241553093325278,-938.280536388987
84,0.0125360413684641,0.0206238278670434,0.0031225871008774,0.0295171268061873,0.0101599388833391,0.0176796978682847,0.0181353715180116,0.0257581197043196,-934.222659217952
85,0.0140270913296246,0.0207809211331441,0.00141676983920736,0.0266243153879375,0.0097139672968331,0.0174015709954097,0.0188493860956445,0.0182626957814731,-935.079214881844
86,0.00813092241252373,0.0192421006225461,0.00201690290352245,0.029274863645515,0.0102495780797859,0.0207934719661144,0.0176337372362848,0.0165516285255752,-935.973791358738
87,0.0152660075558773,0.0213327072581464,0.00775462330885804,0.0268267982886697,0.0131247090121317,0.011215725020664,0.019766534570706,0.0235666754069217,-937.979225025422
88,0.00463689456976019,0.0340470988925951,0.00264703883705034,0.015629857160592,0.0108495553904591,0.0187431117800463,0.0165476738932271,0.014429250085835,-937.534694460322
89,0.00954785018819171,0.0309048711358163,0.00487242687514815,0.0246225738968229,0.010231794390906,0.020301674741167,0.0149634705947198,0.023112150580834,-935.807566290684
90,0.00680733383745572,0.0261337966223936,0.00598532082504858,0.021959905900552,0.0118018591105823,0.0262528498785879,0.0140504940447867,0.0236499295567645,-937.296300142634
91,0.0119694540989088,0.0218932001957126,0.00714998106753,0.0225765895066685,0.0106681895832473,0.0116681209852785,0.0203141738907696,0.0226104876429448,-936.17910226921
92,0.00812504291589593,0.0216835234533573,0.00474320549505475,0.0254048398689129,0.0119503039612053,0.0228233612403499,0.0132571539230433,0.0246542244075303,-936.499646875115
93,0.015995682123556,0.0253114131860084,0.0066713215983434,0.0247295894322472,0.0118132652652438,0.0115003869641783,0.0190596278811929,0.027508999191809,-937.587769451736
94,0.0172705260131281,0.0224457115137109,0.00664957781891243,0.0191996097575703,0.0120352012699391,0.0226985646300835,0.0207676152691153,0.0241229201911395,-938.493794955155
95,0.00952060473520203,0.0194642663781399,0.00479194386630038,0.0277418498762171,0.0100809341105165,0.0168400640808839,0.015983629794071,0.0195894332605824,-934.278926632582
96,0.0118907986217993,0.0241008007063944,0.00911903082064179,0.0275317605667112,0.0131962413931483,0.0171676459054911,0.0140442573603379,0.0140138846918244,-937.281391704998
97,0.0137091498097982,0.0174241200638178,0.00163166798318184,0.0236873567076291,0.00741275333296549,0.0149129671904623,0.0171186747125115,0.0107391359819535,-939.374942492928
98,0.0169333360981644,0.0169660620585594,0.00451481923316995,0.0303717061265296,0.0107579983657665,0.0221139449209531,0.0159130872484082,0.0366008477142949,-939.357199939206
99,0.018399889027835,0.0239951425972503,0.00230386655738899,0.0136652813916985,0.0112195112265901,0.0200806818823337,0.0191221707954655,0.0268333718331009,-938.24979912504
100,0.00681987077999679,0.0267703614323169,0.00281306859343488,0.0312933830878373,0.010412192365522,0.0232150455067609,0.0157846059548312,0.030635786221382,-937.726674807288
101,0.00817276851184718,0.0225547007995938,0.0108574764597862,0.0358901295265769,0.00786541330315495,0.0214566448280831,0.0232472955923386,0.0282914018426489,-940.726087536
102,0.0147717256525272,0.0225085723610137,0.00573800094031714,0.0157274172576722,0.00882617916330184,0.0138059475510885,0.0139536952664317,0.010209536740598,-938.903479599525
103,0.00795023754285032,0.0344717724914272,0.00613487891011303,0.0224459474487658,0.0100578865209797,0.0153158898064466,0.0145949585652659,0.0249502790008146,-936.45496825485
104,0.00666864464731573,0.0311416887494204,0.00449511644477509,0.0215613506489639,0.0110287394101017,0.0163321970333923,0.0141800718754693,0.0172622194339155,-935.060837147172
105,0.00806188230417246,0.0229703354340937,0.00375309365210135,0.0267110968681757,0.0119957259890583,0.0163014043550293,0.0162230409807341,0.0226150613215503,-934.241276119695
106,0.0134804858789158,0.0178827168279598,0.00437165772563728,0.01962081933472,0.00804661327489299,0.0226399601042427,0.0167286785411339,0.0199607936699432,-935.799693820517
107,0.01148990382586,0.0196948527939804,0.00377774394970278,0.03246840853307,0.0119137555814857,0.0143243659040756,0.0160472313892951,0.0181967492127307,-935.278649189423
108,0.0095823518310694,0.0214939025224467,0.00310388976540709,0.020410673690442,0.00791164630319043,0.017023834367382,0.0154204870260334,0.019058343690059,-934.955764411314
109,0.00977020245321384,0.02319557300119,0.00470095941566623,0.0193956971043461,0.00812113746642329,0.0150171461021206,0.0152884980043156,0.0215045773866746,-934.953746572623
110,0.0143413618474544,0.0207055367227103,0.0046368338183634,0.0201506076975028,0.0103584178469802,0.0236652606234698,0.0148909434272704,0.0225606546460132,-935.261393751696
111,0.0120110827161298,0.0201934741900582,0.00505347463552734,0.0114557178710575,0.0100928157293417,0.0188360057412227,0.0170745518265662,0.0236003623230473,-937.322472159849
112,0.0124098140336818,0.020276387153214,0.00337667253609803,0.0272322249943849,0.00961625968241686,0.0182290227953016,0.0194569632238835,0.0303235997986661,-934.768105649353
113,0.0105494260267583,0.0225522680951912,0.00483156466622806,0.02761180111525,0.0101462340768819,0.0151444467815054,0.0195615874013855,0.0283802870524393,-934.788638916137
114,0.00878908721931396,0.0226380652999758,0.0086565814728578,0.0227113934701223,0.00807424692981264,0.0174580253126962,0.0186969771584426,0.0181494256040053,-936.446601497199
115,0.00975464717786096,0.0252468798828586,0.00298795707197874,0.02523507968607,0.00986459631858835,0.0192908517851552,0.0143241152527816,0.0156763035887883,-934.555423512952
116,0.0110255118330851,0.0211149220580952,0.00345317928887928,0.02736676702745,0.00833504601011357,0.0182562814248399,0.0162498985491796,0.0280442625210132,-934.897088629173
117,0.0104315216334393,0.021537376343279,0.00687410558279318,0.0241162432267914,0.0103482977831244,0.0197942440423889,0.0167598120896894,0.0258812505106617,-934.45246984084
118,0.00606782409183522,0.0296350218769279,0.00335988268231301,0.0196395435329978,0.00913079043212455,0.0174765858025647,0.0159959445877851,0.0219595304359956,-934.899336543786
119,0.00904859630695402,0.0294200223476747,0.0038167423053437,0.0197317114521282,0.00931220302790487,0.0183310812039226,0.0177161226266362,0.020971612415238,-934.826502315871
120,0.00759741360285139,0.0281260822739552,0.00361902064550792,0.0238201533832984,0.0131081919359893,0.0204803000249147,0.0211867333008566,0.0308733749506569,-937.000341407075
121,0.01072590460654,0.0256989077878863,0.00747969258540946,0.0236372622758433,0.0134466461661124,0.0207947264866223,0.0191765594845869,0.0259449606758686,-936.641123455438
122,0.0114766076492974,0.0205891287160707,0.00420192794132828,0.0198101879613755,0.0128758308367446,0.0212573618720182,0.0178735565470976,0.023937163828836,-935.061320607172
123,0.0171243674639236,0.0245869158660825,0.00363203574993782,0.022594502561927,0.00881414806401505,0.0163197291024122,0.0146636853228787,0.0151047057731692,-936.211528692578
124,0.00886462286481914,0.0231078856116428,0.00690141653840214,0.0288553626995717,0.0135182798683545,0.0157155691413041,0.0149972238346139,0.0163342224895894,-936.019012476117
125,0.0101571593051031,0.0237829840377129,0.0129606567753287,0.0364611672120181,0.0080747087059567,0.012260266291358,0.0257441556531524,0.0530474188766842,-946.47751950988
126,0.00914080356929209,0.0165025634294804,0.00922509836831409,0.0328634804958908,0.00896917052502531,0.0285918444521132,0.0217651183512159,0.039933228601906,-941.853090069221
127,0.00925587918140274,0.0274316935908468,0.0038002362399721,0.0222392480908975,0.00861782033490104,0.0107810811366594,0.0156213833647651,0.0181956908259766,-936.387222225297
128,0.0102855476598477,0.0260136639692407,0.0048453914262493,0.0243777145583474,0.0134090656689185,0.0291639611731355,0.0151170707215554,0.015672462775751,-938.576753514831
129,0.00996985880347814,0.0208665331647973,0.00441856214493223,0.0289620373634674,0.0129260643543418,0.00925008200468606,0.0185376949440469,0.0344193919242908,-938.762325259208
130,0.0102724150984592,0.0186611953004481,0.00315778495866813,0.0233774664689768,0.0101095246164475,0.00981912962504744,0.0253155749824103,0.0390775952056359,-940.986955778229
131,0.0150765246252683,0.0237969402855464,0.00338994721248225,0.0189111093965385,0.0100703293075732,0.0206276477424648,0.0216229414674211,0.0191218730804421,-937.134038753529
132,0.0122697758847652,0.0203191787764538,0.00339861371375272,0.0207068934882561,0.012499677680574,0.0174049986535595,0.0136305481995067,0.0148395411258338,-935.125363818247
133,0.0103114460224664,0.0211916850794587,0.00415405188657317,0.0189712398602262,0.0143916447326308,0.0203114591698774,0.0137258827466012,0.0167220623636138,-936.292788819763
134,0.00728229589763682,0.0229784061074538,0.00460219687576828,0.0254506008153987,0.0138280660186755,0.0158675915006631,0.0141410884496739,0.0220032404672966,-935.530447364577
135,0.0153955881137098,0.0221677447859123,0.00183810838294709,0.0255572480369363,0.014602452664568,0.0164839632709183,0.0142045923316881,0.0194942149241829,-936.744262318725
136,0.00630986810078769,0.0341420665123243,0.00281322562410176,0.0203259353369188,0.0152305746787232,0.0155235673471788,0.00958411589577042,0.0230631208527315,-941.729899896696
137,0.00689483864741653,0.0191548959733652,0.00651178778550787,0.0333475923904127,0.0106929816523063,0.0124845318203783,0.0166031366296816,0.0223855973454558,-937.402542918846
138,0.00813619128437042,0.018027950112511,0.00655681083108728,0.0264774583882584,0.0125415678968022,0.0205866454336092,0.0155367250328822,0.0248712031044406,-936.531039465147
139,0.0108436928606296,0.0237771484412663,0.0141606015894253,0.0295166137707737,0.0128400088869156,0.0159156437462285,0.0145800533500983,0.0114431272707254,-939.527078817898
140,0.00935341967269689,0.0263633760024032,0.00847613841267607,0.0171961516288116,0.00987615861500397,0.0252529535284507,0.0154771776917564,0.0278989788963959,-937.754510555918
141,0.0124358560116258,0.0168946003294075,0.00689298485587398,0.0301348492249338,0.0103075985183643,0.0250489465062403,0.0184217787419631,0.0152325755928175,-937.68762000793
142,0.0110498195450491,0.0196547511954103,0.00172627981610565,0.0369282773658486,0.00841575028593871,0.021555774006744,0.0166159095367818,0.0184980752216488,-936.429500716718
143,0.0121941332791377,0.0184135951180928,0.00516794268495872,0.0381519443325325,0.0119755519811144,0.0231743785772495,0.0180113648206514,0.0294368028861053,-937.849814191109
144,0.0108156266718808,0.0200693847917115,0.00267490752813862,0.0314930274290335,0.0129608834492183,0.0138407887890228,0.015253182129808,0.0147266994910845,-936.406169144492
145,0.0123809817440916,0.0218208914118677,0.00909322577025426,0.0298078254439043,0.00991466667847551,0.0194840284178763,0.0138896089708065,0.0245394763496927,-936.340165272098
146,0.0139400089199983,0.0177804882643409,0.00421812849062949,0.0313688349524555,0.0100034718197823,0.0186074455537545,0.0212675456641054,0.0290634028516569,-936.190141177587
147,0.0129037528663067,0.0208538776267202,0.00573212354371131,0.0218358026201147,0.0101244785112353,0.0219396717785458,0.0173156239121668,0.0218359577546786,-934.463364147681
148,0.00894229586982394,0.0258033955087466,0.0104217756008883,0.028185537088709,0.0139475080361859,0.0211928746258627,0.0152719730787222,0.0233212083211277,-937.922940281896
149,0.0115605938316804,0.0229213130941812,0.0063578295189762,0.015539523037316,0.0177434800918696,0.0164790295754244,0.0190515236033885,0.0236327009352324,-939.95208225227
150,0.012894982850955,0.0212608794608635,0.00637405288287742,0.0323093429709389,0.00651010039391797,0.0218427165668691,0.0149984190603609,0.0235535515532268,-937.976864704552
151,0.0106935084812335,0.0238326409820054,0.00163738425162173,0.020099771841766,0.0113827824560312,0.0213565315818476,0.017703927380958,0.0175952868973197,-934.984761939603
152,0.0140208864006396,0.021291467261258,0.00113734296797562,0.0226685942938595,0.00913193276378525,0.0208253111446537,0.0203509739488264,0.0245670989318666,-935.578634041872
153,0.0116873326341356,0.0268580771075163,0.0138787815485105,0.0256184495723159,0.010113022112927,0.0207070328872879,0.0202724585197154,0.0288423205618156,-938.90299044702
154,0.00535804148730118,0.0252137853244348,0.0108247843493824,0.0198124912646753,0.0116883645798366,0.0241232643271069,0.019084243146455,0.0289186178093839,-938.516759279066
155,0.0091090755934639,0.0215718431964841,0.00446199653782455,0.0174268555128369,0.00954943266510102,0.0197158764394074,0.0137506335896197,0.0257122673095696,-935.914788064371
156,0.0112772521448067,0.0270372557320261,0.00220305973455825,0.0267153340852946,0.00970444577303498,0.0181987411468278,0.0169001860489162,0.0290835556818031,-935.482901917817
157,0.00562174802589775,0.0255971771320265,0.00758114906388561,0.0281057000159146,0.0115953676955291,0.0163513793353243,0.013933079756046,0.0281962657269651,-936.900669782748
158,0.0079727206967567,0.0229003347675815,0.00233847091136174,0.0272471039003722,0.00928956914743034,0.0143836992415653,0.0147932981989481,0.0280605149805765,-936.085486163619
159,0.0156576690885358,0.0200514869078359,0.00634235322733953,0.0208132987311549,0.012844856126944,0.0213471355902001,0.0205213642311236,0.0140225698093755,-939.458596387507
160,0.00824078574532961,0.0229162938658854,0.00359127871209986,0.0116390008732985,0.0131163983632423,0.0167242879548015,0.0197200562860923,0.0230018690883314,-938.286141961081
161,0.0102032504843594,0.0275761508340084,0.00744220853395953,0.0324157654536059,0.0134886221014669,0.0170924437126312,0.0209346339571315,0.029602406989041,-938.598257991572
162,0.00536276764178283,0.0310476687518563,0.00536060824776367,0.0328175113955745,0.01492872747094,0.0160701260800415,0.0164671162142785,0.00887275287857895,-941.554538710804
163,0.00487453676768893,0.0230549601696482,0.00715863672303581,0.0155902080816232,0.0144709502681031,0.0206268756175525,0.018004290689006,0.015252902616478,-939.758501522656
164,0.0145874528057807,0.0223002267602799,0.00812647965845117,0.0278968413960977,0.00805542811141703,0.0215008705109466,0.0133844793877599,0.0144993838891119,-937.533663477186
165,0.00715849162357166,0.0180119244776257,0.00748865847611441,0.0258313232579405,0.0139409690088466,0.0205775159912335,0.0147381411079819,0.0184106850976234,-938.067239781791
166,0.0126212003437823,0.0179333373405993,0.00372919155285123,0.0221841964318912,0.0115209618962694,0.0197588860445193,0.0163399458649931,0.0258763031100855,-934.713626099214
167,0.0116349008097071,0.0243870988494064,0.0027047947603823,0.0153493433137248,0.0133717837817796,0.0222438832997585,0.0211204175924212,0.0346889822672335,-938.6864363666
168,0.0125146062172023,0.0251114132701483,0.00493233950904715,0.0273839149044838,0.0104872155150714,0.0202258379737402,0.0184969446866506,0.0343832762170842,-936.516994345833
169,0.0116491944876109,0.0224139272837195,0.00190698454190034,0.0303791319780004,0.00983771853473459,0.0203790102996163,0.0208447654873828,0.0143281201144985,-937.571850045396
170,0.0131530912452722,0.0209882606572322,0.00450119056591157,0.0271400398877026,0.00978471634778732,0.0221116469437604,0.0146922640958673,0.0154138484794335,-934.891345184484
171,0.008743141962447,0.0246819535775233,0.00742741299222415,0.020487623579555,0.00871908165850752,0.0150548469662595,0.0158515860447213,0.0264651850420398,-935.375450458023
172,0.0109197559351594,0.0248650845260777,0.00544600736914478,0.0187764183961576,0.0110220578988471,0.0177766302132474,0.0145597576173248,0.0276282702691879,-935.186439609884
173,0.00659921662652022,0.0297873237634755,0.00271884579368527,0.0159174080457902,0.0116647992799562,0.0227648560227564,0.0198014991625557,0.0135445591401551,-938.801131881444
174,0.00763637271299915,0.0220730119652889,0.00438424061379217,0.0167705255034213,0.0108229394045364,0.025091961365723,0.0124793113133512,0.00878601572023646,-939.542070059902
175,0.0133739839560931,0.0233627518071928,0.00562482992124126,0.0200864049948145,0.0095135446958291,0.015346633345908,0.0108758196746817,0.0252123805047805,-937.849127256945
176,0.00771853124885622,0.0312485575919058,0.00516453458742388,0.0237746856222994,0.00785386809722359,0.0127621047541248,0.0208037467738988,0.0292874271586984,-938.131503430335
177,0.00757732517434241,0.0363137885112296,0.00778570568629026,0.0172306779467492,0.00932769397677847,0.0143489041953338,0.0165186117568615,0.0200510122559978,-937.454646955824
178,0.00271665570954102,0.0310372917332464,0.00325298574577402,0.015421578844357,0.0121199033828115,0.0175684399377601,0.015804108795323,0.019177518265884,-937.093670424856
179,0.0162211427244109,0.0238761367119208,0.00271672474712889,0.0162896788337151,0.0106339671773639,0.0170105393563254,0.0133504213553969,0.0212076711802229,-935.854030290779
180,0.0169089722966416,0.0222186773989803,0.00266568518312641,0.0153067370043873,0.00990433257821608,0.0139691742895037,0.0138574877978909,0.0204565639901537,-936.324235230945
181,0.018180993214126,0.0174953746783106,0.00565703124877444,0.0226443769252479,0.00974413070903613,0.0204540226281582,0.0174490432936108,0.0206949657150013,-936.029457764179
182,0.0153901756134579,0.0272817167294639,0.00197751622765223,0.0216919305684229,0.0110126770184276,0.0132892956349979,0.0197215789849704,0.0250697181992378,-936.554989573646
183,0.0157995407663122,0.017688812968201,0.00449393568661128,0.0269066680850409,0.0129112903954725,0.0261851306170724,0.0195523304580919,0.0231362756133245,-938.272811893781
184,0.0123796901033,0.0254226966505049,0.00436396419802929,0.0255981628162394,0.00906528194073664,0.0115051723508516,0.0177372620531801,0.0221151142713258,-935.792562769616
185,0.00895697963987476,0.026154485251001,0.00791007562076589,0.0257925230460702,0.00878575444218468,0.0147247292382663,0.0184727781013296,0.0247171336701672,-935.657618418218
186,0.00896395334205633,0.0243173970855662,0.00470089471996541,0.0280267148077054,0.0119435165850483,0.0178235407113816,0.017574856963995,0.0194107592207518,-934.580736245661
187,0.00773253445810102,0.0240027709641621,0.00902145622767024,0.0294238593099251,0.0095041233533024,0.0204556765807622,0.0163946965747845,0.0200236127698955,-935.847031896463
188,0.00943129276540601,0.0286336321244708,0.00392745034137607,0.0196925662441114,0.0116277639639456,0.0194448038974907,0.0161867175118144,0.0201277870459793,-934.621162952064
189,0.0111016328676697,0.025198004493385,0.00397855928728487,0.022300339975865,0.00917271114087679,0.0234484426621364,0.0193638661484713,0.0305429464989083,-935.945210896046
190,0.00884538105533801,0.0246762332551386,0.0063171655521156,0.0292144080552972,0.00908953886314475,0.0239017316664343,0.0141026708019903,0.0297869046952502,-937.894595124895
191,0.00917364653154163,0.022942612840012,0.0039236945260958,0.0138205494545921,0.0142413794646127,0.0174183807255126,0.0178275812656432,0.0159286710925042,-937.699280228217
192,0.0128310644431908,0.0248683803168909,0.00334970746388565,0.0156975611756327,0.0144236213147334,0.0187546374897821,0.010936555708876,0.0176195497967121,-938.712397507849
193,0.00973837119853553,0.0274476344467163,0.00297971829216728,0.016478762767627,0.00918013424188474,0.0147310922227908,0.0181565521428531,0.0191433891773393,-935.46213795124
194,0.0104022950166469,0.0247250742843281,0.00973423345811755,0.0221507811500795,0.00949083420981072,0.0162471076355437,0.0153993109886579,0.018819335143975,-935.127900518276
195,0.00866272657079719,0.030262540859225,0.0080542253461354,0.0191589992995456,0.00973419984183632,0.0153830221819544,0.0156903596521568,0.0213232035206939,-935.383855696859
196,0.0073884274479961,0.028037302821117,0.00649052432021097,0.0155911442723296,0.0117270338823121,0.016670030761472,0.0130911711081696,0.0226120712326576,-936.164872826819
197,0.0112144633893162,0.0208656445829796,0.00486188814392458,0.0199783450962582,0.00997247525473792,0.017197853011959,0.0154101344742139,0.0152139316033857,-934.407295641139
198,0.00706834355050403,0.0232581875182207,0.00448454146352835,0.0266127422838339,0.0107167973969492,0.0245360320033038,0.0169018502729341,0.022600711925778,-935.60369756233
199,0.0142316612357488,0.0229818515915053,0.00174906386900917,0.0279515046023516,0.00909407380612295,0.0216741702546059,0.0177521055046677,0.0240520779565111,-935.111291951672
200,0.012849631637431,0.0236828869076817,0.00287608913631305,0.0279091177663469,0.00797516448644844,0.0342700245961987,0.0165488284518258,0.0236828929221538,-939.419892937564
201,0.0153505776734546,0.0271225429880197,0.00100767402890743,0.0224341446522292,0.010053093126333,0.00586773776409385,0.0118930435556444,0.0149115207346663,-945.410411213552
202,0.0143411462878802,0.0218150314471632,0.0051437759625401,0.0147384383392184,0.0129555491271628,0.00714577962311958,0.0136856235923991,0.0146638304817394,-942.011604828362
203,0.0158245909936588,0.0231737766033409,0.00506319543527837,0.0275813330315395,0.0108110922581897,0.00982500636671861,0.0151858820535403,0.0319532144811914,-939.278575278125
204,0.00850370669899083,0.0224689532764116,0.0070339296402738,0.0203064881209902,0.0128129465937723,0.0249712647645653,0.0155747021282147,0.00962227583009194,-938.37923652699
205,0.0111415717029413,0.0207928593764828,0.00794068682132408,0.023218186628699,0.00751437106094754,0.0172060393765501,0.0184054251548311,0.0379363433922039,-938.483744530896
206,0.0175204265746122,0.0197906595324945,0.00123942506743758,0.0262701606551126,0.0107212632820724,0.0178028777547874,0.0179744176069338,0.0359709498359545,-937.837405709636
207,0.0151010674343419,0.0209441965188213,0.00561150719956325,0.0214110127502809,0.0117620676054823,0.023270095666825,0.0195667626081761,0.0313141292507666,-937.06670935944
208,0.0158978149364508,0.028237546550443,0.00153702889644084,0.0220084014016301,0.0118211714139212,0.0115682450856198,0.0223714088583048,0.0340434988874117,-939.873929635798
209,0.0123004388475397,0.020372275733127,0.0107757172530448,0.0279203056869353,0.0105864512848155,0.0182079474859694,0.0166664665052535,0.0137831396344366,-936.768457491717
210,0.0125079797339086,0.0242442307588749,0.00763416147287726,0.018067422210588,0.0115194268815242,0.0209511323306147,0.0145103300651154,0.0129301511534723,-936.737837548817
211,0.00996426625265285,0.0225123595766806,0.00779783179308908,0.0211604472133316,0.0115641069861842,0.0189411181112056,0.0139624332064211,0.0132108168328652,-935.862434594666
212,0.0136178928749894,0.0253137163714725,0.00605646880336008,0.0187988860186501,0.0120359796459893,0.0154682605662458,0.0140979063035812,0.0216384956033185,-935.376305850217
213,0.0137045942860125,0.017157093241004,0.00681850784812166,0.0338185539756842,0.0091767053583364,0.0271411457184485,0.0174293542366366,0.0259262457058732,-937.809130535162
214,0.0111738934168318,0.0277888600174224,0.00162424661844604,0.0236751138055703,0.00959049588392515,0.0249839348913051,0.0186341522567598,0.0291370526200239,-937.04302660642
215,0.00754487182972295,0.0245932691057473,0.00288537514296105,0.0246462346758518,0.0107855290635436,0.0119491522417942,0.019200689859413,0.0298184762932054,-935.952921983021
216,0.00938952234181599,0.0271153718719954,0.00649043502325884,0.0261124995311488,0.0120126046910114,0.0233484416905799,0.0194058967312126,0.0223008610396068,-936.692652744822
217,0.0100316270577998,0.0220175213488182,0.00143560992342359,0.0266198482075336,0.00779974426208496,0.0140093010024124,0.0191399975867966,0.0240069149894063,-936.397045654605
218,0.015315755260047,0.0174401468537868,0.00342252251998031,0.0182634332377365,0.00811601752848036,0.0124778461476637,0.018896781365165,0.0319702141407171,-938.365661727037
219,0.0159987660254433,0.0200398155833894,0.00345741421376401,0.0239648010992884,0.0121845513512935,0.0161459061600045,0.0178163997419694,0.0180235287754149,-935.30190744806
220,0.00744028682224357,0.0198473088097183,0.00818740357922453,0.0258643521304229,0.00936321966710347,0.0170582822269295,0.0153816520233547,0.0180519500855219,-936.041028046244
221,0.00651897337796311,0.0331566368193414,0.00391070907286831,0.023371970611107,0.00938113879008191,0.0162369090492005,0.0169716762324114,0.0203844104263865,-935.52537891924
222,0.00710163536225263,0.0211284183887335,0.0072610679971291,0.0268679743847668,0.0117433752288127,0.0165689277438556,0.0201940171821495,0.0272163342636371,-936.14180390373
223,0.0104144345626268,0.0225185656782767,0.00425343214277889,0.0194940949313402,0.00915629411770806,0.0197538739334297,0.0160794160755414,0.0245829041718859,-934.224067568494
224,0.0109512470582304,0.0207435729703155,0.00352868371278421,0.0222060287945064,0.0131730162566807,0.0200983740696745,0.0156145749054579,0.0180391398944254,-934.660588171229
225,0.00816079013148819,0.0285686940691853,0.00208870455157846,0.0193819613653862,0.0120380077105472,0.0200685437692052,0.0179575007852932,0.0244397815282917,-935.235624701754
226,0.00765786000056425,0.0283690543205415,0.00255076812704131,0.0216153647315256,0.0106217556824834,0.0126917359143995,0.0135112593497125,0.0162055734547068,-935.516531707676
227,0.0152174776041706,0.022100043824138,0.00194969958515331,0.0210276600730957,0.0109702666738646,0.0225712969521167,0.0135080376273441,0.0210587609106034,-935.641989805138
228,0.0150680456439823,0.0211003401748903,0.00200020755461717,0.0229445637666666,0.00973042598909993,0.0181788042191,0.0157519784852914,0.0182362715905483,-934.157719457617
229,0.0110279034766368,0.0175758446838728,0.00175441244500136,0.0232478329230023,0.00924812317713273,0.0199048925960803,0.014486670648882,0.0268505501907516,-935.829075694711
230,0.0151681290557055,0.0236921497488511,0.00439061911535968,0.0212101175963911,0.00949830234242854,0.0130090994514805,0.0170021365047579,0.0274610288388318,-935.476751680738
231,0.00612141508449823,0.0313664176354645,0.00471922901047919,0.0232028917019879,0.0139638536796469,0.0172359667876545,0.0172679218541648,0.0320280152781856,-937.415381173142
232,0.0101570203632079,0.0286674999524192,0.00135061326061442,0.0291162098954304,0.0135547074186933,0.0178359142071734,0.0172202462884181,0.0371761703681451,-939.744744924533
233,0.00818575716827266,0.0243837012921732,0.00244679247503088,0.0167855359269477,0.00785836821107302,0.0166201432699516,0.0188179313461658,0.0269661839886009,-936.503964635867
234,0.012895322753262,0.0346976986321324,0.000968273605344097,0.0198530891337343,0.0144115944813177,0.0115183303757885,0.0192822985956036,0.0288395172095092,-941.283220117188
235,0.00904440803642258,0.0252833325943558,0.00802239667064614,0.0211398081716182,0.0114120264803351,0.0210966797260391,0.0195412430916394,0.0183612675042287,-936.275987696185
236,0.0122562831688408,0.0273711847177275,0.00783807148145437,0.0203163404588126,0.0101722602277893,0.0128740982241735,0.0127343199156584,0.019559662671775,-936.535953004602
237,0.011826036844894,0.019337595283509,0.00936280876679976,0.0352980845223629,0.0111117728805496,0.0180392516966959,0.0176483977225509,0.0214474120857741,-936.453489732117
238,0.0110526492754899,0.0187789899194022,0.00156801304853111,0.0176122426650121,0.0154664523410358,0.0166092876050503,0.0166990291277061,0.0216826904375718,-937.195049029962
239,0.0129915865949909,0.0336593800094365,0.00282691386621403,0.0252423959736243,0.012464000276433,0.016766287460026,0.0177765775777011,0.0221686766056876,-938.194386843159
240,0.0137966639854477,0.0198180892565177,0.00445130882662396,0.0239486475879829,0.0100485245364713,0.0136212623799758,0.0191580967534127,0.0194527836645778,-935.121063017099
241,0.0107496468056073,0.0171404356257033,0.00459186945026198,0.0310430017244924,0.0131277575677423,0.0164258802547989,0.0150927372357436,0.014037248475627,-937.034945852666
242,0.0162809192751918,0.0229257744897326,0.00224876853204707,0.0235627331176026,0.00835785203493237,0.0184242114329792,0.0140297371610328,0.0230234957636375,-935.554234885495
243,0.0164871772728664,0.0180928253081322,0.00720748346222934,0.0250496019741466,0.0132081945904667,0.0116395100675176,0.0213888137973587,0.0334308269762384,-939.536175972111
244,0.00851037926216784,0.0157926111296349,0.00205576100555189,0.0362906775540749,0.0096519959686949,0.0103188508051705,0.0160777427745799,0.0122869896574503,-942.074844349071
245,0.0082731978219513,0.0216247768376501,0.00954371817410947,0.012793525414832,0.0131585114966407,0.0297471435065047,0.0196968841056027,0.0345830142453516,-943.716223055492
246,0.00967100193740919,0.0214346280806666,0.00193031604507769,0.0282739762093726,0.0149999335478308,0.0278749481084711,0.0201700315385773,0.0302591369035783,-939.874353407255
247,0.00975136227032515,0.0296236702233387,0.00458273489056747,0.0329630685608033,0.0127858046693545,0.0210543735556968,0.0171580129846928,0.0231595344119261,-937.776080863417
248,0.00662317234035459,0.0244642699691011,0.00468681097088797,0.0128239966283077,0.00991660875445616,0.00881744001388952,0.0225379679960483,0.027736141951841,-941.77718121006
249,0.0131972917031274,0.0259421581430023,0.00298861607238579,0.019926432243063,0.0104025399677949,0.0115502112423153,0.0148078055850042,0.0231201362752105,-935.457597685012
250,0.0115486878018895,0.0209794884288786,0.00267653861649226,0.0175618961900446,0.0121578666763363,0.0245026931639028,0.0156566957558899,0.0306637755561344,-937.264797276593
251,0.00886156698907038,0.0272854003043987,0.00337255239520479,0.0198844148997602,0.00846566203187382,0.015787821259676,0.0222880472119929,0.0255213086839772,-936.810359351982
252,0.0100159349099704,0.0290446783877059,0.00354022176262984,0.0146478889106857,0.0116350529761604,0.0158345411525728,0.0149642985033871,0.0186002997338128,-935.547268490437
253,0.006191547770965,0.0352444850415775,0.0143341993226626,0.0226702925849626,0.0111560977085656,0.0149649137647664,0.0162860695902606,0.0266802903335573,-939.071947524049
254,0.00708746785230715,0.017630276857949,0.012056844357094,0.0227095201103559,0.0131416944984566,0.0144773718297897,0.0164612887515439,0.014024631612162,-940.160544383606
255,0.00828498061116575,0.0234882859591672,0.000684287340136157,0.0201530227268317,0.0105289887723062,0.0219402063469828,0.0134544388250237,0.0194604293954598,-936.456810937751
256,0.00486542565017288,0.0265778994571619,0.00723986236669839,0.0232538538902387,0.0129999068780585,0.0123167170751678,0.0196704500274004,0.0245791696923607,-936.827401620669
257,0.0064130978392818,0.0308105114169888,0.00275594138558148,0.022201553480597,0.0136091303982784,0.0181400808742771,0.0112053859505618,0.0161751688136527,-937.856210030318
258,0.00970486022703915,0.0214855831157878,0.00231979909337301,0.0252823486319398,0.0131858251995137,0.0202356266863052,0.0236647626452157,0.0203524015886043,-938.452508713002
259,0.0129317156100537,0.0196467417888389,0.00457543118164717,0.0201367501068452,0.00821080757862344,0.0134027898814167,0.0122641652984309,0.0180301520503963,-936.663348319228
260,0.0143951968059749,0.0208901150922695,0.00596050784266049,0.0225537314903089,0.0129177516743842,0.0128201756687744,0.0168461950624643,0.0276529733145763,-936.025286547959
261,0.0117685049076789,0.0219160460923817,0.00635706542342157,0.0204907519175583,0.0075714672880177,0.0197715478572521,0.0174393957420284,0.0196915739535551,-935.575196150231
262,0.0126035576781553,0.020566538352762,0.00352322593673899,0.0295773304219169,0.0128428208996266,0.0195645901140638,0.0204078836074247,0.0319675629018925,-936.428802515576
263,0.00936680568105851,0.0212862771216616,0.000797855682858861,0.0305188084321876,0.00748107791197172,0.0193166385988933,0.0218864188947465,0.0278128362820649,-938.463349167696
264,0.0142533526769641,0.0262133315131071,0.00554892207703393,0.0246975024726836,0.00881275983787513,0.0239935862116644,0.0187117299927438,0.0237582478447346,-936.683483436293
265,0.00956858209984762,0.0176782167701703,0.00597358047825734,0.0324885323649263,0.0119619838776185,0.0248503896140146,0.0185704611907746,0.0248056504545592,-937.20660752953
266,0.00951046781743407,0.0206699740013875,0.00516042960615548,0.0273552997709891,0.00917731669791537,0.018839061651326,0.0161318685962284,0.0171672624892551,-934.527960403045
267,0.0126791132988953,0.0218389153534536,0.00293349009965171,0.0195955031696647,0.0129636948262325,0.020524514823197,0.0132284892596261,0.0178641383552949,-935.465647980349
268,0.00676692508585094,0.0266915670516551,0.00315156772760005,0.0212762830628087,0.011705338995411,0.0213449800264997,0.0136804953308536,0.0171628308091404,-935.37697136658
269,0.0143582272300614,0.0257964768301468,0.00567045433064793,0.0212426754317875,0.0122071947748353,0.0223371787965302,0.0171614758035898,0.0163905333957027,-936.771002892564
270,0.0128673542015086,0.0166968510861278,0.00577297493049429,0.0267258823464271,0.00798621362927112,0.0174411542078033,0.0160924237290335,0.0163164223758117,-936.227321337675
271,0.00934853922248546,0.0321517833391666,0.0134767323658464,0.0286018639855322,0.00806712732936578,0.0166656680666934,0.013781953205258,0.023128387937626,-940.059192300184
272,0.00841039086827658,0.0224919888342392,0.0047597506997052,0.0287708786527941,0.0107461583901016,0.0208873934770379,0.0180409955433087,0.0247423040754313,-934.826194528366
273,0.00808708029515641,0.0222642991640139,0.00406890603788121,0.0265891064135565,0.0110638558037577,0.0182880998587713,0.0152907048326529,0.0243698802713914,-934.437975930502
274,0.00643862454135864,0.0254584153730777,0.00236121390645636,0.0264962703774702,0.0116272087919981,0.010923051748294,0.01244560683226,0.0209207387014984,-937.333200199381
275,0.0128512895435217,0.0247914797059588,0.00448114182360843,0.0227101540917038,0.00980478951625028,0.014584931475028,0.0213601674096058,0.0289456426160395,-935.693399658728
276,0.0111422208178178,0.0242402740130248,0.00511193968240308,0.0165580301181672,0.00908266933287977,0.0166792707636627,0.0205887927795592,0.033958961237433,-936.633081808229
277,0.00806332466010864,0.0202124476671012,0.00789109132871906,0.0315678694197154,0.0117239302021933,0.00927438371019839,0.0228951225780543,0.0347030277327442,-940.332197542354
278,0.00948161538632497,0.0162279883007724,0.00959751934667237,0.0245066970688586,0.0118338501852216,0.0304519871913481,0.0211148319293491,0.0248559953835291,-941.538860519206
279,0.0139812037828586,0.0175664936632431,0.00208345022839074,0.0253092763156362,0.00917834539178768,0.018812205654891,0.0225671692419354,0.0296156502105583,-936.540520392724
280,0.0150737910617322,0.0278439970159496,0.00452230990257668,0.0336888173182525,0.0101346171903562,0.0184758499057069,0.018704166094319,0.031693204236144,-938.695164345036
281,0.0137088737405177,0.0234662915133186,0.004006740507295,0.0153671433124133,0.0102156929312094,0.0205567640812041,0.0200906072156162,0.031895649573536,-936.706966041101
282,0.00780896811218695,0.0310333598073435,0.00763373286283151,0.018828637060868,0.00967320881825884,0.0115751873700207,0.0132343624200608,0.0320893908014715,-939.406288329507
283,0.00748055491014977,0.0279638103592756,0.00441405783639708,0.0303089200241621,0.0134778003222332,0.014861643867733,0.0132039289754325,0.0150152928100742,-937.299201730225
284,0.00275555199534944,0.0300969434308445,0.00437446829745857,0.0155224183008117,0.00941067271540889,0.0165214562518258,0.0191312482899366,0.0369098565027323,-939.621521375482
285,0.00735908075496393,0.0254773729061067,0.0048413056746843,0.0325279918494166,0.00956517784822451,0.0209417721642204,0.0212642852577693,0.0306503046110818,-937.432592754513
286,0.00946929346101553,0.0191144739391476,0.00598236652174929,0.0303030226329026,0.0107029369078026,0.0182850227638913,0.021514745709577,0.0298448806103527,-936.285778117446
287,0.00615822973275896,0.026805465772985,0.0064702622716949,0.0219208892454866,0.0120495415476566,0.0145824476970392,0.0203469872998283,0.0294016317378487,-936.012799087062
288,0.00520123402644655,0.0254191356990249,0.00891211483193473,0.0190471240195171,0.0101199360955237,0.0139624443812807,0.0163004475973234,0.0182785958408352,-936.216534972668
289,0.0112245398545416,0.0271811788684254,0.0069769124841031,0.0264695598865338,0.0111583718793457,0.01037987531006,0.0187177746886456,0.0265024081310721,-937.06940984283
290,0.00727205459823675,0.0273652132271191,0.0163490400034845,0.0242846320978129,0.0118522571264568,0.0143323188927363,0.0138305540577879,0.0304539337601207,-939.327274329491
291,0.00825333319693407,0.0242272567842016,0.00475407928683626,0.0214473063307749,0.0109152464303557,0.0192220096144599,0.0139877268986368,0.0204583529679609,-934.349702227261
292,0.00959804178104661,0.0262600116734929,0.0020856097070122,0.0302698722330602,0.00903817852453774,0.0145451712711824,0.0177555232106176,0.0171271296916135,-936.21581784056
293,0.00963558407945673,0.0197229003637772,0.00832958400262011,0.0239309947694702,0.0133427376104174,0.0186122083987082,0.01187768658707,0.0216561128022206,-937.745144140322
294,0.00909151814005869,0.022184317322548,0.00205581933143049,0.0329895700346244,0.0115531400293771,0.015056059954312,0.015495718007821,0.0214434372206237,-935.47136843243
295,0.0102116232925133,0.017877863149617,0.000805289997012791,0.0284202462834583,0.011862863385681,0.0207403192309357,0.0156483450290011,0.0193837369241293,-936.110548167269
296,0.0162798788404656,0.020980751898656,0.00446957869458809,0.0189879961035525,0.00893998270082553,0.0176572811352555,0.0165759501168902,0.0211871697566945,-934.894079996632
297,0.0136999220325137,0.0274231305660585,0.00259517738259885,0.0273343373552535,0.0106923889612758,0.00969718709769473,0.0154286847500646,0.0187942247201959,-937.713359349778
298,0.014732925245516,0.0219317275585206,0.00394731943083655,0.0277772683538956,0.010293320624718,0.0265879683536127,0.0154541866474408,0.0149712472637455,-936.610517638309
299,0.0134019688219575,0.0240422547714289,0.00154476984870673,0.0132878809045498,0.0106640305635915,0.0212614529560567,0.0172907539554239,0.0141228376600026,-937.73992961792
300,0.012592393937938,0.0206384653859986,0.010790368835985,0.00802170619793082,0.0113270030038103,0.0196252076331226,0.0159485055165922,0.01836120390112,-940.353041211012
301,0.00845409209200394,0.025004310156871,0.0046811653324937,0.0190251138823134,0.0116972894169139,0.0222003419685224,0.0141742275138219,0.0169851233178247,-935.293988366092
302,0.0155885230976373,0.0259654056675623,0.00421335177660063,0.0267812255632028,0.0101923123653708,0.0218253805897448,0.0141493004585717,0.0178507348269663,-936.33594510467
303,0.00962290025260633,0.0311744120739514,0.00839977115885339,0.01760449570312,0.0110136428061967,0.0139946203720409,0.0166175212670961,0.0208966576828768,-936.156126624589
304,0.00299735696401964,0.031334372313632,0.00967037206727757,0.0166024392144323,0.0113742449700372,0.0158909831695274,0.0152445820725171,0.0201636397682234,-936.874348873889
305,0.00485888756938907,0.0287502839167522,0.00844106750913933,0.02102047181211,0.0106269095705456,0.0193313252130505,0.0154033386183931,0.0142680074235986,-936.49598793073
306,0.0130531768642875,0.0299950173432429,0.00700127175882568,0.0184728979010367,0.0098057805840373,0.0116963021841922,0.0124185212147762,0.021124097616721,-938.120384065159
307,0.0139944332162522,0.0266696708133336,0.00275468989999303,0.0241300544086287,0.0117079662730303,0.018613359394788,0.0215362481476385,0.0248290323641969,-936.670539720565
308,0.00602692440609673,0.020670602919325,0.00430344354429272,0.0244095633050846,0.0121714341077135,0.0245930171226872,0.023005475337871,0.0271135911743772,-939.16602015826
309,0.0182344456892522,0.0199411777460674,0.00191870594288494,0.0207281655192866,0.00930146743926754,0.0110459116797246,0.0209167769811192,0.0233104389708633,-938.326265285278
310,0.0165143292265798,0.025914373189938,0.0016034744664645,0.0200008562295022,0.0100696576801983,0.0133168788182957,0.0178379305036223,0.0256314638212203,-936.250603881768
311,0.00871783772271396,0.0244608227745287,0.00661238210875235,0.0260718644212001,0.00950225398411633,0.0135424805128473,0.0182633263978682,0.0272584841851031,-935.293581052162
312,0.00955457776258734,0.0232936009305695,0.00187302417337128,0.0299039355744728,0.011534967161078,0.0187286809927179,0.0167205288365189,0.0118685127908356,-936.437581212002
313,0.012983987803298,0.0241835366472283,0.00892537543484501,0.031486118455559,0.00978518970439762,0.0214349299866106,0.0162376109081394,0.0276388401837585,-937.025745302161
314,0.0134614139238602,0.014631280777559,0.00711866831459359,0.0152225485095709,0.0100779600336555,0.0211975971396018,0.0154242597540078,0.0271897511432691,-939.757810879036
315,0.0110146443341393,0.0166499964792848,0.00693427267905156,0.0170989296274689,0.010588756025472,0.0215258407550675,0.0196277937407279,0.0222227634354894,-937.741542796778
316,0.00995127077763748,0.0287559701945781,0.00212250491538267,0.0236488477525043,0.0115542299888172,0.0154645422004168,0.0172863456241669,0.0214378100396816,-934.762003046117
317,0.00780405614285546,0.0223170893024171,0.00605581023871837,0.0286549579536446,0.0131704667493198,0.0128404904849314,0.0155440951446968,0.0251438968892588,-936.03187136984
318,0.0110379485952755,0.0245255482432764,0.0115373884284142,0.0207832158127727,0.00975559892879553,0.0161962072287816,0.0174459688860383,0.0262894674242105,-935.948022499851
319,0.00585651630370838,0.0324695109491029,0.0116268241169915,0.0237039859208087,0.0092159127443014,0.0191467884662978,0.015197260561293,0.0137147968689997,-938.380889979501
320,0.00804872207425697,0.0240893254367101,0.00506626602822087,0.0224528693635392,0.0121470176201086,0.0167989955239712,0.0137572478162106,0.0265703802536482,-935.359433802629
321,0.00885758470466636,0.0224691963905398,0.00313063948128696,0.0252227131039344,0.0125380288563455,0.0151754834013871,0.0178957706028434,0.0321764501467217,-935.522740060619
322,0.00648649661462283,0.0199293009466138,0.00202837397141553,0.0247479201769548,0.0128641892941427,0.0154344732569655,0.0168172061324109,0.0258028865665479,-936.423012154849
323,0.01143525760064,0.0154100404728128,0.00409551842977345,0.0237945002922467,0.00844301694658256,0.0128232672837206,0.0163221939048149,0.0269236485489575,-937.486211709557
324,0.0187676621925924,0.0292685235701311,0.00597485693544617,0.0370370089764254,0.0126632092025007,0.0189821769231579,0.0170562203356663,0.0147569806282435,-943.360721574474
325,0.00618561197291324,0.0264177561301229,0.00240184026236152,0.0191048125748951,0.0127148022309699,0.0133076744173809,0.017388756548495,0.0272972382851016,-935.784252089119
326,0.0111487673943294,0.0207242069531702,0.00102932568697477,0.025191800870383,0.0140483215968491,0.0199800326095705,0.0200094987652283,0.0270828373052612,-936.744751719885
327,0.0107587134525999,0.0213376400741224,0.0069508325935586,0.0282546019890334,0.0101703093746732,0.0195014537542273,0.0218433011479682,0.015402022668176,-937.909158085316
328,0.0135720005015067,0.0211710541582046,0.00274398061712826,0.0289446304742401,0.0111771850428123,0.0184835055898241,0.0120401615071521,0.0193848469671583,-935.843089448507
329,0.0117240917720789,0.0196049689184124,0.00100518321028608,0.0292565746673157,0.010991481234651,0.0150442804974666,0.0160095788805828,0.0216494771629628,-935.028120831112
330,0.0152517004954742,0.0248644723348299,0.00414762675627832,0.0199223680825569,0.0103704823897281,0.0219941186794971,0.017882327676035,0.0218314765924063,-935.438447156821
331,0.0137435418585572,0.0183541752056123,0.00220376446368464,0.0322743709198184,0.0101581090331689,0.0192736599871047,0.0175787212920532,0.0235546434551655,-934.99123612484
332,0.00826178177479898,0.0218025383384314,0.00379036022478534,0.0245983106500554,0.00925170935026619,0.0106912338053059,0.0170742020245718,0.0219888942222056,-936.1981176206
333,0.0106910595719882,0.0269805569225853,0.00446163146268462,0.0250145238956195,0.0119369674232538,0.0285299812507143,0.0194939239112963,0.0189887480052354,-938.454524235114
334,0.00642234059317734,0.0216350635371072,0.00085451853465063,0.031853210385233,0.00940371055895397,0.0348151749793309,0.020639765064767,0.0349315780410526,-943.57122469003
335,0.00727458343539543,0.0210263429575052,0.00621992823431848,0.0360751696368588,0.0100380907785294,0.0127164238286764,0.0199319005183391,0.0361182190406209,-938.939512567899
336,0.0143064954437508,0.0187215263382201,0.00644758141308288,0.0274070440232727,0.00959616119545159,0.0120064604974173,0.0207677649765855,0.0267689610353283,-936.997056073873
337,0.0139778752779147,0.0245280330864617,0.0021602027576465,0.0293291993900704,0.00871739451348151,0.0221274189529357,0.0152686521012349,0.0270764189462111,-936.34631212511
338,0.0103851375574996,0.0185287951322007,0.00089103323648559,0.0326404972994164,0.0103254005123095,0.0220920580083809,0.0172075013806551,0.0223237982297015,-936.050332604217
339,0.00916794013026029,0.0206663165842613,0.0039541998782092,0.0231957640112584,0.0109022836240801,0.0144632079768799,0.0155514173028884,0.0231868051446802,-934.184261619011
340,0.0118202255557029,0.0161289428982223,0.00421721247082798,0.0200318596079421,0.0100128858598568,0.0127537367813181,0.015938473350579,0.0259278340833618,-936.629046219605
341,0.0129636940154752,0.0297049484614919,0.00847488091702059,0.0259332404097194,0.0132461400372033,0.0182407189086698,0.0173591922551488,0.0218503988096737,-938.085760989742
342,0.0051276388136579,0.0220535497690954,0.00984254503645011,0.0229447841603587,0.0116929747308371,0.0186061787175316,0.0154636752671741,0.0243488761563794,-936.954626910465
343,0.003965668042476,0.0306438524743964,0.00856814988443002,0.0245087590006931,0.0120959324796807,0.0182931126797117,0.0173442874584077,0.0206612117829291,-936.463794250782
344,0.00618532295673378,0.0257932092003875,0.0112324120105444,0.0239162069544655,0.0108665215667768,0.0194294687785553,0.0176976811931929,0.0175341876827441,-936.586221250113
345,0.00740061612580604,0.0287341191029678,0.00810474232477626,0.0231393543706732,0.0117003067767608,0.0143433430518988,0.0170116418622722,0.0318489079976228,-936.457737286734
346,0.00949578105816843,0.0234162731656589,0.00759852383766662,0.0204602638342071,0.00887010606275981,0.0204266646900998,0.0163432233796421,0.0145414064615005,-935.723238220115
347,0.0117052404499763,0.0182646556826351,0.00661667474986488,0.027971440235877,0.012494573465992,0.022798912186692,0.0156654229223879,0.0202487633683945,-935.997337106657
348,0.0201810359731713,0.0190450341825238,0.00418792579436532,0.0195266300571467,0.010915581552874,0.0196810228973256,0.0148810501824405,0.0154685711955898,-937.11183437046
349,0.014180535646645,0.0206638753756668,0.00538008432949526,0.0233872466353802,0.00918020343246806,0.0173767810342773,0.0136469562446069,0.0229713381723514,-934.90602515472
350,0.0153406131131546,0.0210359471662345,0.00434210862232254,0.0199517159593861,0.0118642037289765,0.0170625678157194,0.0193908817132038,0.0204735172870735,-935.40497236773
351,0.0115185358052509,0.0263814703111978,0.00345927934588457,0.0210339627225379,0.0117325831674383,0.0168072715961447,0.0135732795766326,0.0152555567066949,-935.017738850339
352,0.00749407161730294,0.0245273863608439,0.00570977793941655,0.0145199485584014,0.0106077480297672,0.0165980070662911,0.0124719234581738,0.0122749985588797,-937.679210861035
353,0.0133796801109988,0.0248372421776494,0.00248042730814165,0.028781949893565,0.00745556046370855,0.0160398970322623,0.0149565590093341,0.0226270379692374,-936.173878559185
354,0.0183314633118755,0.0248262335977417,0.00270720886167535,0.0223041398167428,0.00811745567025133,0.0182147428011649,0.0171993175821582,0.027507014434566,-936.782089274533
355,0.0140356640776792,0.0144539346889249,0.00812172837355721,0.0256526085310138,0.012594036926365,0.0167389833679826,0.0206446614096799,0.0206982054061228,-938.983888148227
356,0.011828450623686,0.0161638018314106,0.0092075613391029,0.0247563366865523,0.00850428797690689,0.0165848045700725,0.0158023978080762,0.0211453148363887,-936.86209500614
357,0.0130404226180572,0.0205372279051276,0.012708204141528,0.024036260535161,0.00879596837700862,0.0119644521789636,0.0154880850509792,0.0256547926617569,-938.054290728676
358,0.0105745929817538,0.0228642282290669,0.00713192382858026,0.0244990960629291,0.0120487488444048,0.0212754173641925,0.017432932048017,0.0234840623454381,-935.015369974151
359,0.00719106330114392,0.0254629018186344,0.00129417816612878,0.024849431726626,0.0124802845178383,0.0133841061327239,0.0211832193809302,0.0226311135007463,-937.01244151786
360,0.00774831287733619,0.0209741254689375,0.00429626088427167,0.0301136970540011,0.0118192827638288,0.0139351269402379,0.0155674474250073,0.0229388209886271,-935.435534803812
361,0.0153475137566873,0.0196785289663838,0.00299969475644474,0.0274541167911643,0.0089566236513546,0.0222953758930296,0.0163309086005507,0.0235608679716547,-934.963288016986
362,0.00945511695385967,0.0242286415217243,0.0084755001921181,0.0251789846349344,0.0109865454348532,0.0220805113265552,0.0196756348481787,0.024977787009321,-936.054101956201
363,0.0101647120569924,0.0244169014269084,0.013268064205676,0.0263715739872862,0.0116895327325088,0.0117026774053029,0.0135869048521799,0.0183954566865168,-937.834041224869
364,0.00607894759215859,0.0250717971039075,0.00965045175911821,0.019803149890527,0.0157541734898883,0.0210879577922168,0.0166509697746275,0.0190148239786519,-938.868494097202
365,0.00779553304146604,0.022546610661013,0.00839338566642698,0.0214388980180128,0.0158394834524305,0.0127395007800771,0.0151718189311836,0.0217119454716139,-937.806887488231
366,0.00744949752662404,0.0204288320071967,0.00454097603898261,0.0231426202448779,0.0119540716524893,0.0202502796883801,0.0163312550428269,0.0218980731004722,-935.032677021202
367,0.0170343515028371,0.0236270088608526,0.00281392991181589,0.0287191010620517,0.00926347575729125,0.013864846711335,0.0190809833355301,0.0321845519033802,-937.454002660853
368,0.00943112102367057,0.0250843197686281,0.00531698185100462,0.0224191541850677,0.00924428284922107,0.0188326256450449,0.0204650341916416,0.0296390092883454,-935.415544967384
369,0.0148721700804124,0.0139333164690383,0.00201969888280534,0.0224021818483147,0.0100170836814055,0.0194702004268299,0.013353470397684,0.0140741323465241,-937.746450916073
370,0.0169074536852188,0.0252486497038671,0.00251536708945323,0.0201595702906696,0.0117934531056637,0.0150278183946491,0.0159168243000282,0.0201024553591637,-935.619151592919
371,0.0153295928575928,0.0220759335129169,0.00592018036454366,0.0287633276353224,0.00902404210044655,0.0211004764674707,0.0176497291876881,0.0206221712384627,-935.568046508605
372,0.00708650712841252,0.0277904421484135,0.0126315376385575,0.0151616504342544,0.0088953162338367,0.0185099453794537,0.0143351928899844,0.0230087037492149,-937.543139073077
373,0.0106320640712202,0.0255465459684091,0.0098480584331997,0.0306750868465671,0.00988533981131313,0.0136632563734405,0.0204081492108514,0.02618145764807,-937.288441996293
374,0.0116640081462895,0.0211362109608212,0.00734617838119782,0.0176163481958258,0.00907082326420053,0.0184152415302604,0.0180720555667969,0.0172193219035722,-935.789731366042
375,0.0094945101113042,0.020582533978711,0.00500056944775542,0.0255494625068516,0.0108799455741761,0.02320691669627,0.0142295712171989,0.0212491145643661,-935.124499501004
376,0.0117204383831409,0.0280556040616549,0.00341078257802715,0.0196898566289813,0.00840453906609391,0.0121083312401819,0.0167022218239994,0.0207083964574929,-936.035647957431
377,0.0112386531419905,0.019659645612066,0.00440061282218344,0.0303879655177104,0.00842891664878511,0.0132259175771913,0.0139726434854738,0.0195902797871527,-935.981156601374
378,0.00712625299287917,0.0271791202089811,0.00167948727827273,0.027436448555534,0.00911878526105858,0.01579229692076,0.0171807672062156,0.0281842822373854,-936.040749280773
379,0.007132677224551,0.0258689679170987,0.00955128503748615,0.0293071677292417,0.0107589380266113,0.0163588651019376,0.0158432535145109,0.0205648381473747,-935.70212160912
380,0.00646827508144197,0.0215740370083455,0.0132294549744366,0.0195665011935166,0.0115554867849896,0.0157328411070898,0.016302331911624,0.0220090990422762,-937.127269490206
381,0.0113793378732091,0.0213235536046933,0.0114633920578374,0.0157582934000746,0.010163369563796,0.0202458595400271,0.0194976589330524,0.0240269037915583,-937.534815641932
382,0.00608024689587548,0.0281736153356119,0.00199087653612098,0.0217104045259351,0.0104219442565136,0.0212793839864831,0.0192106690789936,0.0245258412253125,-935.865905348115
383,0.00919193923338458,0.0389641766607724,0.00760543523794798,0.0241624376360803,0.00946569093884003,0.0205918082271843,0.0134487414097573,0.0165483260683782,-940.501806251847
384,0.00333003181819439,0.0314068197444004,0.0148929187107881,0.0285363298334619,0.0123380423050307,0.0137477753869763,0.015771793782959,0.0259041210920024,-938.697843011671
385,0.00675098421642457,0.0257017459460083,0.0137447008161921,0.0194144283082387,0.0135806757797926,0.00977386969557961,0.0159024079628729,0.0195929230075161,-938.975455190819
386,0.0207240296161533,0.0207220439890579,0.00230424469469742,0.0202120570515161,0.00947149985536548,0.0124934321687461,0.017813010259653,0.0201322540887556,-937.479972526666
387,0.0118457584750036,0.0207362182916178,0.00645422509827394,0.046448711738502,0.00984279226835484,0.0166648687011161,0.0169575116688838,0.0271883319537944,-938.820185195087
388,0.0148458167461242,0.0228509961370439,0.00456421600441015,0.0392359755277176,0.0110492104764638,0.0179382540934412,0.0133229163332061,0.0202391263334145,-937.999880784571
389,0.0118322889146991,0.0146522124338658,0.00785473646245876,0.023641112923417,0.00961759269554106,0.0214625238502913,0.0167171948694852,0.0181057925047973,-937.459279777042
390,0.0221808253156774,0.0215188115452349,0.00355600111774973,0.0186287909838013,0.00924055634491979,0.0282934958870279,0.0171630119300737,0.0235326154747735,-940.19016857242
391,0.0119290719205455,0.0176664629838117,0.00206995298449625,0.0372517757195653,0.0104067095312113,0.0115273406386289,0.0150523041913069,0.0222065420755254,-937.817169392445
392,0.0134293919991306,0.0186016276446309,0.00257691264095767,0.0301783548300416,0.0112076475316461,0.0228325387565627,0.0161139886167017,0.0239334220856913,-935.31686904993
393,0.00851089957215602,0.0220477167728752,0.00393885741546378,0.0191432977768617,0.0115818910196708,0.0233736647672194,0.016747874626157,0.0143885957214767,-935.962938841685
394,0.0139726525127201,0.021138579724613,0.00560680163225378,0.0190227341995951,0.00908879067277504,0.0167416683151164,0.0119355458192951,0.0213886538686817,-936.248928734664
395,0.014048498412235,0.0208761599334218,0.00665976935537247,0.0197061895914593,0.0116924730005658,0.0202524676417191,0.0220817536204601,0.0191547080427419,-937.897366441324
396,0.0127564539366575,0.0205996092198082,0.00487887387085469,0.0242775475705133,0.0102292565266008,0.0145753735362294,0.0119148763719617,0.0149494909896059,-935.856886237382
397,0.0106739460383421,0.0265394714214602,0.0025306364335797,0.0170373026215078,0.011247623975521,0.0110677519356446,0.0181475009692039,0.022358699557089,-935.892850354508
398,0.0135857217015014,0.0230309939810521,0.00623679878074362,0.0239177210735693,0.0106619507242262,0.0176944172666152,0.0139072199369978,0.020294571684391,-934.627346609802
399,0.00924374663610083,0.0268883822329759,0.00838190576124716,0.0181650597886701,0.00919233055197256,0.0204228287902932,0.0174190769513482,0.019132325514232,-935.779288533242
400,0.00966931146838436,0.0229945954381728,0.00134382922468484,0.0324990963684726,0.00867809319833956,0.015585086093663,0.0155937238038964,0.0152949053526669,-936.409561986928
401,0.0135500294233422,0.0207016444018634,0.00180467780647856,0.033257711145174,0.0084932532279397,0.019443326998957,0.0157379834411453,0.0153188538136335,-935.996914460828
402,0.022452359018298,0.0135170031834035,0.00203965110394742,0.0296144303958577,0.0112327749120189,0.0155221715710485,0.017500705037494,0.0364264652118895,-941.470626371789
403,0.0236865776237248,0.014614166218854,0.00127584345615122,0.0279911778527328,0.00971690974224608,0.0168558060955292,0.0197731318750228,0.0174759946767732,-940.638086865808
404,0.0227077466503791,0.0160548265409084,0.00758243844299369,0.02316630130329,0.0100802791234956,0.0136260836046725,0.0200309455143222,0.0186706174904832,-940.559838855895
405,0.0233054506683316,0.0215557425876934,0.00451252054973247,0.0267758406664073,0.0114957301497456,0.0123428421568864,0.0136358809975034,0.0193997483061545,-939.781722092505
406,0.00354842010023364,0.0233246200592274,0.00383533456974678,0.027151978215861,0.010945879134422,0.021510377410039,0.0217441050745592,0.04057611431989,-940.618964515393
407,0.00384445560222932,0.0258356185673483,0.00560949398213319,0.0166798473874295,0.0110407718711844,0.0175417262455743,0.0252799816407061,0.0224035325415719,-941.26003205026
408,0.00443080961167557,0.0345674259560515,0.0046474562338188,0.0155839188582369,0.0113724699546349,0.0124802374727751,0.016994265109991,0.0240041385413847,-936.753157945704
409,0.00687327428182823,0.0301920068683337,0.00284568416352834,0.0243752652853051,0.0107023025697484,0.0203650040395099,0.016565310573705,0.0188150471863161,-935.260495365458
410,0.00917412949676795,0.0264083991451036,0.00296155710548818,0.0275122065250935,0.0125555108084282,0.0253831064680729,0.0167362233146107,0.0255279046888959,-936.755339804631
411,0.00940031874264667,0.018807503814901,0.00326278017447613,0.027162060021277,0.00776502182365348,0.0189695459226475,0.0198869730707692,0.0263903104719486,-936.176054048744
412,0.0172289228197798,0.0196891439280375,0.00240854449916072,0.0249549824892535,0.0111055555558064,0.0141099130601072,0.0200162845422452,0.0295272888588456,-936.311450018924
413,0.012576614367661,0.0268787517669916,0.0077634277246712,0.0251025120348951,0.00833938652655372,0.0164696983662781,0.0187293978637806,0.0427406472716244,-940.251849544733
414,0.01502204071917,0.0204736392852784,0.00440076338165405,0.0277175293626855,0.0103516068517531,0.0165626630704922,0.0237405104458779,0.0224266381520117,-937.659877128129
415,0.00989413864821612,0.021733010995722,0.00595184093788895,0.0344277017121801,0.00988845228868629,0.0172296333468202,0.0233465552078299,0.0282338780481347,-937.63320200667
416,0.00693263639237065,0.0219754648658967,0.00777549406518819,0.030162990958223,0.0135570145454797,0.0141508748143974,0.0218134349499091,0.0292033920872178,-938.005369426044
417,0.0071595682917877,0.0270214306312357,0.00978251323355751,0.0307066613919757,0.0138105956885596,0.0191988284113476,0.0212631551828079,0.0202487432968871,-939.347785553737
418,0.00657764815270904,0.0193167192394119,0.00376469561820399,0.0250391239888138,0.0138017250789502,0.0211048173098384,0.0173405341781767,0.0186288481251805,-937.049915930327
419,0.0116859595015246,0.0206871887099455,0.00146558773449127,0.0224765399403827,0.00930717007589181,0.0177464404401331,0.0205732848129726,0.0285067637357923,-935.218485617795
420,0.0134340210962555,0.0192143072226417,0.0108222609220629,0.0233464342864778,0.0144335585785598,0.0117326150559506,0.0216501766856413,0.0359735084498571,-940.702767479896
421,0.0109379067458688,0.0252115054642018,0.00893165916399528,0.0197064066722069,0.013655296664142,0.0191931624869089,0.0239235185734659,0.0279655981241929,-939.422135479955
422,0.0125252694177158,0.0198982775631828,0.00559323471322472,0.0193464301311504,0.010631678210456,0.0188658529016159,0.0131327261011203,0.02554341739501,-935.855712610144
423,0.00951521744539037,0.0293119146684514,0.0090580286837507,0.0262733462382056,0.0112791079678823,0.0137861305171899,0.0161989211889495,0.0191143029177046,-936.224124223295
424,0.00525281004987286,0.0263169261045551,0.0111166702164729,0.0271064288445753,0.0125183446301188,0.0169301365153692,0.0156975616025343,0.0242340385381825,-936.724399701686
425,0.0120236430878339,0.0254595861208506,0.0117958067005442,0.0124753747715209,0.00919527362019048,0.0162268387049457,0.0158850846043631,0.0239208725978234,-937.685254841134
426,0.0137674748429051,0.0247082158986866,0.00828096813470761,0.0375109404564294,0.0101049823426639,0.0136823630032463,0.0152678247917721,0.0167532258725045,-938.191086492461
427,0.00773354655625785,0.0182427770631869,0.00989463255751286,0.0296101988461878,0.0100823518519909,0.0159051502960785,0.0157529547952655,0.0275657708824977,-937.256031622215
428,0.0160252396270652,0.0221580619321782,0.00413167442009914,0.0218392143655749,0.00963727467782249,0.0203170603064189,0.0224124233946465,0.0248044031679302,-936.796773071949
429,0.0157885329496364,0.0221473813795893,0.00217449857083766,0.0231163583455688,0.0107192833349566,0.0180827699625563,0.0115491172958155,0.0181580348746636,-936.188565582235
430,0.0170586221388815,0.0233484988194324,0.00540487671617723,0.0167131215720701,0.0117331702671475,0.0133567819088687,0.0157149519253114,0.0213281337432426,-936.438835879081
431,0.0152248846199866,0.0253895234192038,0.00355008949332019,0.0205298635958286,0.0105493322944041,0.0143248093409483,0.0197486106775367,0.0226024280962486,-935.596879817014
432,0.00925925677243985,0.0274598858644094,0.0097318340961354,0.0234431850928011,0.0101256505118487,0.0181441142289948,0.0177456725061366,0.0233358639104432,-935.53797171563
433,0.00787006823654319,0.0303643900761249,0.00615778076737201,0.0179589318943348,0.00861540995660802,0.0175726722168452,0.0146981748238366,0.025576589328326,-936.01263552389
434,0.0078587554248697,0.0265384876519727,0.00254133734307651,0.0306935590209136,0.00819549357635955,0.020094894197748,0.0158033228036978,0.0217421231605929,-936.197973493819
435,0.0165919169611369,0.0141988463842031,0.00553841212607608,0.0211593993864061,0.00820009741125395,0.0180534048381695,0.0172466171727818,0.024168826707706,-937.263312548317
436,0.0130921361218021,0.0259186376762833,0.00699030496533462,0.0259388796171962,0.00955078487238992,0.0148197654599283,0.0147768707064185,0.0209249626382481,-935.347223327636
437,0.00627573189483416,0.0274010754787353,0.00847885356317348,0.0175615363014515,0.010136865841706,0.0180809931243325,0.0148868365342924,0.0216908656860537,-935.535975044066
438,0.0109039620580869,0.0276343835920172,0.00808587997531182,0.018135516124239,0.0108077251541047,0.0252157760186187,0.0155556600699765,0.0181345092205395,-937.174180470648
439,0.010607905972641,0.0232757763430121,0.00556954409055139,0.0210323650002167,0.010663477984875,0.0177216857758756,0.0186326127269295,0.0275474809502628,-934.331412448822
440,0.0120728515061886,0.0178965926056121,0.00120967278898329,0.0267830447576154,0.0112191551512911,0.0161121687256189,0.0199140076978291,0.0294337305361167,-935.846112794847
441,0.0142085321953163,0.0179442987488099,0.00382021225918996,0.02290268751056,0.0100097239401008,0.0198156518105343,0.015302861042689,0.0262103151337703,-934.862732147842
442,0.0135226484316697,0.019000841688055,0.00294850249218732,0.0230631756453535,0.0112857633209141,0.0212323509681464,0.014338174055233,0.0226895941893501,-934.740694772545
443,0.00879421055357265,0.0270394854091222,0.00524082166565212,0.0180503616422898,0.0102818160066678,0.0170257593896337,0.0149953597645034,0.0157268124825304,-934.795138738154
444,0.0088139817801736,0.0318966741507339,0.00555465557841335,0.0296909551784079,0.0106688170285259,0.0220345484941844,0.0163406765691858,0.0179537940503218,-937.4479851984
445,0.0071232322011154,0.0342642279806978,0.00258678342808361,0.0288741115243683,0.00974441294302978,0.0113741603663566,0.0175778081276335,0.0179787376226609,-938.41739450743
446,0.00746105426096711,0.018752079834549,0.0241534422487652,0.0283063930020728,0.0119464564840646,0.0219483775213511,0.0178476347558997,0.0209332232424242,-942.397597867526
447,0.0112864585532594,0.0248369205197309,0.00435205026951432,0.0188722906182778,0.00965526355663721,0.0217330866514582,0.0189777813462841,0.0173086811082657,-935.548818775574
448,0.0109773110203654,0.0174113213383401,0.00254487528345237,0.0421946791829117,0.00684024273778713,0.0199347001054148,0.0173222527326058,0.0237669555601344,-939.151049499813
449,0.0128435485705216,0.020541477097048,0.00397106255101897,0.0299044077730177,0.0121174412640814,0.0203031854040958,0.0177714425710833,0.0246614042304322,-934.971779517705
450,0.0115934642697025,0.0196926090606529,0.0040157768567699,0.0316503109170011,0.0101461562801661,0.017878093339875,0.0176662489043452,0.0199464049167654,-934.458499141011
451,0.00982643045391452,0.0197005707330078,0.00271313015650765,0.0174029561324149,0.00898778300441933,0.0182297749624141,0.0139552020334404,0.0196380337335187,-935.433071139547
452,0.0139793806934851,0.0233819930818706,0.00329942235764607,0.0273768491681614,0.00961628077514988,0.0215861999038361,0.0133164525101671,0.0183897651188598,-935.321000740838
453,0.014035251441569,0.0221827159571324,0.00297354861791865,0.0237670251459672,0.0116120292722894,0.0109258190586986,0.0141693425888025,0.0184878638482547,-935.730726510212
454,0.0152516923787745,0.0226789218951582,0.00199790954100198,0.0319127311254778,0.0107711839683769,0.0115854062974212,0.017553755956945,0.0226934697226729,-936.770138773331
455,0.0102995476581207,0.0232449530719598,0.00249369385662903,0.0270473990140792,0.0141800617225005,0.0160895715917664,0.0152351648916821,0.02746852258099,-935.921669201034
456,0.010536890158122,0.0233668466930083,0.00149815585452225,0.031197461708331,0.0102781990663468,0.0206924389425861,0.0151720405874457,0.016308094883838,-935.3505757285
457,0.0109797639966108,0.0209545567315417,0.0016946939235441,0.0260308101558096,0.010238235801007,0.0251115099389582,0.0122728699093284,0.0202346211414881,-936.664064168737
458,0.0106759221418205,0.0216099214148344,0.00259799250390988,0.0225316851250662,0.00945805544121175,0.0272431310171131,0.0138479925579863,0.01343876580314,-936.557455145697
459,0.010112385856546,0.0269404705667859,0.00218774352129791,0.0191781951547325,0.011197314562486,0.0158883725658832,0.0129136802464217,0.0191172879442478,-934.899414204666
460,0.0129733083699212,0.0208660434310065,0.00395480631932388,0.0224273342503136,0.00948458982213302,0.0155993900786369,0.0193508266379156,0.0272685566320054,-934.442006538896
461,0.0113611192538598,0.0203047345815588,0.00246094779721108,0.0301446291138962,0.00979170016713785,0.0155021199840908,0.0155319923512823,0.0247633406890987,-934.593290924885
462,0.0116779164111788,0.0245219093630297,0.0025122834163178,0.0225315729648801,0.0101814015693022,0.01582498731708,0.0140539257829424,0.0190616111794848,-933.986343457969
463,0.0121221351687484,0.0250717677454456,0.00438027804892742,0.0227471084224449,0.00937722697298596,0.0264927838672933,0.0155263927207431,0.016182950608196,-936.074398583414
464,0.00865927088478813,0.0198517577112392,0.00715615079725976,0.0362619600939222,0.00937723658653814,0.0113661870795769,0.0166963018297251,0.0288684724559019,-938.41812158496
465,0.0104209688074999,0.0220456876927453,0.00651986103898711,0.0361551190625457,0.0112647319407174,0.0171772935247692,0.016031538719925,0.0323902750598547,-937.468620286509
466,0.0130583764619514,0.0246607713110271,0.00518512717108309,0.0121307173434907,0.010089727333557,0.0160333984892967,0.0168722458493907,0.0242570054933648,-936.369116185529
467,0.0172103128565156,0.0262025129425237,0.00673797859555181,0.0237705929156369,0.0094991317484452,0.0198970175001945,0.0150112991064575,0.0150425010459948,-937.457220889801
468,0.00345512967084599,0.025980908689015,0.0054670815330066,0.0158028651482875,0.0122057536553072,0.0159180007830854,0.0148458444932251,0.0370647266348648,-940.898614950631
469,0.0166777519326124,0.0252101581711909,0.00647574048630214,0.0202306744643853,0.0137829076735495,0.0138432881377944,0.021356530170673,0.0244421737362994,-938.902078619818
470,0.00905424665250412,0.0256362540727109,0.0130303194085814,0.0220134302034597,0.0104195720212696,0.0137231758570401,0.0178337172427491,0.0248301069986899,-936.388544927636
471,0.00415860591528371,0.0300617905443567,0.0171959219407893,0.00335280112485476,0.0114324898838424,0.0184100375368354,0.0186528503759125,0.0244767262829814,-942.766099696825
472,0.0132684899612393,0.0287706989835486,0.0160502239076472,0.0239405666937098,0.0112405822313901,0.0187295416959495,0.0204586094123656,0.0280950902982302,-940.744217231287
473,0.012592900063479,0.0267579157160918,0.00834942057837242,0.016335105403779,0.0113021151903921,0.0213396033586008,0.0140028267197542,0.0128266045309685,-937.899204707953
474,0.0121986511687656,0.0229364720256488,0.00156738730143139,0.0150208592875976,0.00921493958274028,0.0146881141178497,0.013011330551927,0.0166952603166643,-936.455994696783
475,0.00962946943959311,0.0220111215274465,0.0101769242208557,0.0208354839405126,0.00827713441112153,0.0166178702520764,0.0154237457386559,0.019009093079135,-935.975684502885
476,0.00759853755892279,0.0255335353663428,0.010563517809368,0.0194320987188769,0.0113117401423967,0.0128876437174046,0.0155813870593967,0.0184971602791079,-935.9641274687
477,0.00921543279457708,0.028881511379633,0.00626970746776667,0.0215379046695502,0.0104156672681167,0.0215959451255842,0.0158121411984274,0.0350467176237915,-937.985520139867
478,0.00638766674369099,0.0220218810997343,0.00467038629072115,0.0233801054394077,0.0114469998524387,0.0167815909502332,0.0197532014746217,0.0199532030116649,-935.854960831825
479,0.00689047763687811,0.0318729014298481,0.0118080925676086,0.029679795951516,0.00954480822149167,0.012188167401877,0.014162666357116,0.0127298581317273,-940.014804657854
480,0.00882154235115749,0.0308497667247113,0.00351175853843784,0.0251970948164558,0.0141680852659751,0.0248967692478185,0.0131374945734948,0.0143903343355417,-939.627642592345
481,0.00768968620339025,0.0212085626626204,0.00270568704762778,0.0251683102027327,0.00873488631856149,0.0238665539391597,0.019849121488969,0.0266691582220325,-936.522461052886
482,0.00807799302573484,0.0203094550643874,0.00906034345844137,0.0275496017565638,0.00807545566045476,0.0204169323921591,0.0152892584303146,0.020276197203981,-936.734035449192
483,0.00960309156212034,0.022435738433322,0.0126697303269988,0.0166338028753463,0.00921836613116079,0.0115768769169998,0.0152892814028863,0.0179770260126208,-937.803376841027
484,0.010728141888785,0.0269624242152615,0.00893995355070375,0.0254139172694802,0.00828353989510505,0.0163457829767817,0.0160177687415685,0.0177813359176136,-936.20932627511
485,0.0147274420584969,0.0238851956139633,0.00678234547681601,0.0256264967181475,0.00863993171978203,0.0174067808444495,0.0178069517255502,0.0286384614206905,-935.916349481566
486,0.00979442197890951,0.0231255381349981,0.00360354856363873,0.0205030280368684,0.00978182087644218,0.0215544248176428,0.0173040631708558,0.0225938666957929,-934.134731944008
487,0.0115374672632952,0.0284360390814114,0.0051654240521229,0.0333904504044686,0.00983959698557239,0.0110021485171463,0.015865763497279,0.0198495244113401,-938.058264260357
488,0.00678709788525256,0.0325300610033565,0.00697065095951915,0.0282881544318163,0.00858417076436152,0.0130906169251566,0.0198306994581329,0.0319461796169129,-938.665076278885
489,0.0112653945002055,0.0281993906142676,0.00716821629517025,0.0238052986811398,0.0122612153695403,0.0167567551924678,0.0192002046396934,0.0245360844952762,-936.061966459252
490,0.0155073728815634,0.0141725424743067,0.00445430942992603,0.0268328541187507,0.00718017537767317,0.0191164653986396,0.0153667391314769,0.0186003371078974,-937.809716556181
491,0.0144515709849642,0.0150817880919247,0.00208865434699365,0.0244842146657238,0.0119988174655616,0.0131814173290577,0.0142198314043103,0.0210335677027163,-936.884174605667
492,0.0100368307320682,0.0287002026517169,0.00517181786349883,0.0276021886545853,0.00987275255118118,0.0141405187703548,0.0197352593103291,0.0166213092746885,-937.136810411011
493,0.00742000523557692,0.0222737315902028,0.00316939474045075,0.0247411106029641,0.0097372125236845,0.0284977799131338,0.0161607230579336,0.0172749113035644,-936.823963060292
494,0.0139116316070485,0.023264857659691,0.00164830552621215,0.0231663867023282,0.00901163780196494,0.0233646748919639,0.0150893249075338,0.0294452581538192,-936.402356151889
495,0.00764551360741448,0.0287465305613675,0.00411679922904941,0.0258174293421507,0.0115642156639606,0.0240434862400648,0.0157147014561032,0.0351091319702292,-938.799179863237
496,0.0107851982761279,0.0179937713426203,0.00198088868099616,0.0219303986341757,0.0123444715453858,0.0140910897690495,0.0180198148245263,0.0137877728514121,-937.018329285845
497,0.0127189988634366,0.0230546923136001,0.00222538289631898,0.0275460988726017,0.00990257551913394,0.0162576574620486,0.0114975293071894,0.017086986403162,-936.05321771477
498,0.0111378078191358,0.0181398487998386,0.00224169234159448,0.0281336793802591,0.0103582951206269,0.0211265609513195,0.0181570162935711,0.0301925338971422,-935.378292575541
499,0.0126880010983935,0.0186647982093885,0.000700804590187339,0.0413776649336498,0.00974847234385135,0.0163993138567451,0.0165051260946459,0.0279173340288106,-938.527196739158
500,0.0135275429499511,0.0233799139563566,0.00540907203690301,0.04423308979694,0.0088213394746519,0.0169840077063425,0.0181852557296042,0.0190248720475622,-938.917229735237
501,0.0135676952930508,0.0228271824633496,0.00324462016517149,0.0132722014907299,0.00983670605976592,0.0130473919994842,0.0160175663054537,0.0234780966128328,-936.304825686237
502,0.0119558921383958,0.0331611672109257,0.00373697602728733,0.0273422464478664,0.0114818263528732,0.0123165035030585,0.0176637023502706,0.0195400194214038,-938.218655258201
503,0.00805610334768104,0.0167655643316046,0.00393202148482218,0.0306170892303809,0.0115087302590225,0.0205667213977819,0.014275995311925,0.0143325409644002,-937.508356376089
504,0.0210390409158842,0.0251599442757905,0.00063605031830261,0.0218340336364744,0.0075643615054178,0.0230676704522698,0.0152902125305542,0.0225773064781271,-940.041075555077
505,0.0076816501015954,0.0207805039338711,0.00529377562123385,0.0175883961331488,0.0141413608653407,0.0226364926675681,0.0136845310432606,0.0246247767467096,-938.286780216522
506,0.0110095206873835,0.0228525271797269,0.00168772377935608,0.0203577608460589,0.0147875387648906,0.0183153736034566,0.020857800941693,0.0209337517312962,-937.188441156937
507,0.00959454134033397,0.0220480702971754,0.000607806779759511,0.0282550045797261,0.0122094963703559,0.0180455376315805,0.0123801962850683,0.0162452112352484,-937.227719006554
508,0.0121798936165092,0.0214497681045383,0.00688945119865532,0.027449867141624,0.0105822150114363,0.019332664461887,0.0147874506035452,0.0201884700050762,-934.541883971467
509,0.0095913459320879,0.0221166431220121,0.00458600050092057,0.0202995200507209,0.0118639491353524,0.014785145764971,0.0188985748560783,0.0322450372689278,-935.459982701307
510,0.0143594085236495,0.0217928786649243,0.00766064894458005,0.0244584142636352,0.0130600380265438,0.00977592648691137,0.0161944372070164,0.0251700050859688,-937.715317904294
511,0.0134415586987923,0.0209985392069436,0.000677299144368016,0.0179880481757915,0.0103186391290027,0.0144082482288545,0.0128784528983292,0.027520424284201,-937.788959025245
512,0.00607894589839867,0.0249422838826705,0.00902766775574547,0.0320413166896165,0.0117180383729592,0.015046761466112,0.0225879235532236,0.0271162982424745,-938.310953178772
513,0.00611682941492149,0.0274535104258191,0.0129976460259408,0.0184813124670794,0.0116133519038522,0.0143491144987044,0.0141550162194097,0.0313409731409077,-938.423048217274
514,0.0130819830954179,0.0248840712891212,0.00658191269675266,0.0226100646944695,0.0122828161392598,0.0157024756266722,0.0196694679392691,0.0226446760129615,-935.645391710586
515,0.0150505195681512,0.0218422588145887,0.00575392113996811,0.0271429592346301,0.00991708962011253,0.0238710746345012,0.0138648701262485,0.0151846608568552,-936.408990172871
516,0.0127274765365011,0.024905239961756,0.00199140915044855,0.0270797469628392,0.00889120500187749,0.0277108023816995,0.0143181088744829,0.0193511242052994,-936.93065964868
517,0.0114194404085186,0.0249229001206742,0.00870090008975194,0.027969031028881,0.0117307308052422,0.00903656682615832,0.0174237003043688,0.0234648395958283,-937.902238032261
518,0.0094836145080624,0.0229381084139016,0.00469170184444903,0.0189760794386884,0.00956719627627643,0.0274484344224057,0.0158535522365531,0.01230088853754,-937.158999663177
519,0.0124840262822868,0.0177150629538036,0.00317518462075184,0.0361971155028384,0.0120485179475239,0.017694409990116,0.0147574538565408,0.0270910920727074,-937.110901822511
520,0.015578588103783,0.0196448945737584,0.00350009792047718,0.028193336971994,0.010967057782665,0.0143277900559459,0.0138107579454431,0.0242192148511597,-935.700793872892
521,0.00845828674382247,0.0338164128950286,0.00672443102171942,0.0232558073536591,0.0121627561205517,0.0112481208630766,0.0158529484949135,0.0164804609897919,-937.827365358263
522,0.00500571417357349,0.0288676996270011,0.00489427180320179,0.0243413234588977,0.0115328136348059,0.0200387840954709,0.0182874164696764,0.0302204373009563,-936.289461253915
523,0.0104662805181198,0.0318021543212805,0.00482540249916711,0.0221029561456858,0.00875222533358005,0.0151371204264717,0.0199179673261445,0.0186339213118395,-937.44648535743
524,0.00707337886394535,0.0269551796621271,0.00486480166652647,0.0229069394077139,0.00647198791362209,0.0182006856490663,0.0168426342437127,0.0207738055305968,-937.400622137951
525,0.0103933987682536,0.0257796149090325,0.00497585314493407,0.027579383185885,0.0174776732110341,0.0159727403560795,0.0172559793766022,0.0286470686402176,-938.973476902479
526,0.0111719688570318,0.0223783507813493,0.00276533416659088,0.024987927883798,0.0177077169476507,0.0116131290379518,0.0159763536694268,0.0291002561968701,-939.313360558946
527,0.00626973125697151,0.0284173522529574,0.00422646084079206,0.0294472266412574,0.0113562893221568,0.0225503912268979,0.0168486714323352,0.0212275968876649,-936.186334224083
528,0.00630016048974613,0.0299567083246037,0.0118349490794996,0.0266343866311745,0.00770406190840903,0.0214940469040257,0.01773932360131,0.0255410075159972,-938.789369316928
529,0.00821637722778639,0.0279911473690067,0.00768471557060204,0.0167323514878935,0.00947895270303249,0.0307985472674922,0.016134165767404,0.0387036654613272,-942.979743278608
530,0.00984197110874972,0.0265860229210158,0.00576384075589835,0.0264815373496135,0.0117169408097688,0.0214844867342785,0.0168140996043499,0.0286150821559783,-935.9346745495
531,0.0129714630306217,0.01531837152206,0.00817296644782359,0.0262771408921826,0.0102040893346308,0.017152491199163,0.0171022449873431,0.0212850113585238,-936.369404173177
532,0.0134654897834756,0.0210787549929535,0.0107651508368313,0.0282878673048539,0.010669450577345,0.0143765583725489,0.0171251644299761,0.0152739725218831,-937.004202995893
533,0.0172456605505108,0.0208001241425844,0.0103396533878022,0.0184653153404904,0.00802312777933024,0.0201573490106719,0.0132453995597928,0.0190108513184136,-938.984874393059
534,0.00866924096593513,0.0215745223176857,0.011983452427172,0.0199772401005021,0.0086438681763259,0.0198837816552269,0.018458681140102,0.0264973341134358,-937.142649019574
535,0.00827453134622187,0.0228073089294654,0.00913345393654066,0.0239686938041616,0.0113891315729996,0.0160935552577367,0.0191447611134583,0.0220035058987857,-935.486811847974
536,0.00983094046610741,0.0218356119980379,0.00341972502448669,0.023437553671504,0.0113614026063164,0.0221441658444361,0.0174213297986229,0.0223895308214677,-934.238186094674
537,0.00613655967288333,0.0326759974437519,0.00622821107697037,0.0226367030062638,0.00839181132870423,0.0154606758821485,0.014756180082205,0.020994724592563,-936.147840489935
538,0.00487985742520198,0.0314830670004193,0.00405771573341001,0.0172559913717491,0.0110229332740016,0.0213122805092122,0.0115838737922145,0.02316233992102,-938.272519530793
539,0.00871541778050219,0.0307034683567934,0.00638175529769459,0.0205375847325936,0.00843779232269673,0.0188017345644311,0.0167270897129834,0.0256686901503482,-935.935099893097
540,0.0056602282665922,0.0239853445127383,0.00732459670116437,0.0303751564695365,0.0125017490973389,0.0203316658232692,0.0160027637590549,0.0174875847302883,-936.677825688672
541,0.0192557544887516,0.025150765983205,0.00672670453533918,0.0161186369922036,0.00932495563618576,0.0200053410382705,0.0170034405117158,0.0227013870064515,-938.207989278663
542,0.019942947596212,0.026710271054884,0.00468233085759989,0.0321435386527209,0.0088723783655222,0.0145015034129229,0.0191224035068106,0.023903236354005,-939.903588579255
543,0.00600883824616445,0.0243567575872022,0.00260118869334381,0.0213074310212288,0.0115518806571409,0.0211004744208937,0.0148296478463114,0.0210443316350546,-935.285583098608
544,0.0138231495331855,0.0240749242815485,0.002599664145516,0.0241216148420483,0.0120383020496318,0.0174005000025707,0.01764129530238,0.0270385915957423,-934.765757000168
545,0.00723282972698695,0.0214391138421675,0.00519371355647255,0.0235828647911031,0.0100509981581831,0.0209572926287467,0.0186893467435602,0.0299292608695025,-935.836162685148
546,0.00769523621631274,0.0243050920122391,0.0037655481703559,0.0233606504447557,0.00969062330842083,0.0190537904542495,0.0188570993039346,0.0190339017178026,-934.840398357418
547,0.0122619913760488,0.0185870076963398,0.00334530332269499,0.0298889720877982,0.0103419655968357,0.0166331841161472,0.0163999755433814,0.0140246955515726,-935.298824731393
548,0.0122230690496397,0.0157492891785011,0.00449161529986232,0.0260401608011307,0.00983900658509357,0.0201985269234573,0.0152943428285873,0.0126200796525899,-936.659481480385
549,0.0136705686717684,0.0236447902265871,0.00366759441804782,0.0197437616232936,0.00916686150878121,0.0200275256146261,0.0167262954724346,0.0267215354361147,-934.623746360077
550,0.012273467276538,0.0245821830738315,0.00429487082885439,0.0167830858274856,0.00978099655625386,0.0189193630838123,0.0173863659078847,0.0271553481470841,-934.851641579095
551,0.0150188282876345,0.0181917947050705,0.00674096419943031,0.0309929495135718,0.0102801405984504,0.0125019412851417,0.0181900208808388,0.0186018923460656,-936.922697557892
552,0.0135496844116326,0.0208407464416308,0.00274850451498505,0.0286861975095515,0.0101585344774377,0.0137444105846446,0.0146673362145277,0.0216005157772896,-934.6893416341
553,0.0123141718443089,0.0227844111749811,0.00295857159931602,0.0214220374668964,0.0145625421376059,0.0166373962809225,0.0183043548892391,0.0265500371374111,-935.551502994743
554,0.00869536113570074,0.0191926667129951,0.00627193738929938,0.018581082789147,0.0125508013726948,0.0179335966111944,0.0179376642106845,0.0183764333124682,-936.243372547907
555,0.00922665742064373,0.0263913194816245,0.00560069439428175,0.0256634929820758,0.012480765813644,0.0161059596396972,0.0158480296529347,0.0233889092636157,-934.661833302341
556,0.0112878848075896,0.0191827651684492,0.00159340234237002,0.0276589248730845,0.0113265471442568,0.0262150793513189,0.0167079794141374,0.0260421438514133,-936.212803849979
557,0.0124727417849655,0.0155456388754058,0.00655958532429785,0.0161899589195818,0.010246486044039,0.0231129738089518,0.0153432300657458,0.0260281423598538,-938.695311046215
558,0.0204559418228734,0.0156458660532587,0.00263656567573091,0.0350896247743528,0.0125437511648767,0.0126597175000692,0.0129943894032938,0.016877731926316,-940.791067338552
559,0.0190924799834968,0.0228577784424186,0.00148901032021167,0.0118832115300534,0.0102209801319145,0.0123452774202996,0.017018675457953,0.0188414360452544,-939.741238178468
560,0.0128211486919235,0.0203179156598037,0.00214453673471165,0.024873422307101,0.0108874978914565,0.0262669398613002,0.0154711258289541,0.0198350752462548,-935.383389080738
561,0.0144607223039403,0.0240927611936526,0.00447963357979419,0.0191393369345294,0.00906133084132353,0.0211174904544904,0.0168046911396707,0.0256907273550964,-935.141362711634
562,0.013414684166827,0.0238690456453366,0.00691115975213107,0.0348537755854836,0.0101297409172533,0.0196691841983865,0.0179113442452686,0.0155445703117789,-937.128819748086
563,0.0157127624729593,0.0106798152383691,0.00086252426291808,0.0359824376355964,0.0102833066076435,0.0152344162555031,0.0134899242650699,0.0145994230847875,-942.706084189245
564,0.0169250117861163,0.0240332949327548,0.00983825767391434,0.0347629057117602,0.0131870348491445,0.0170673814795309,0.0144944009089867,0.0232225982670291,-940.171362320186
565,0.0110057484639865,0.0197101220524762,0.0127378102548203,0.0164668183090488,0.00904803919949433,0.018680730661738,0.0160865209658642,0.0355504208502164,-940.148883949832
566,0.014557506370754,0.0197282756700917,0.00313997095549267,0.0252536372912163,0.0109828563705112,0.01724153666902,0.0161881911808707,0.0158289032007619,-934.536202685834
567,0.0102411743480689,0.0212700955909742,0.00577811386202683,0.0181720711091315,0.00824653411933236,0.0179496134576118,0.0164625851294486,0.0164438730208346,-935.5240929359
568,0.0110828788645743,0.0206458411071275,0.00531426621412667,0.0285432544868339,0.0116550972800564,0.0279703837671815,0.0143164710950447,0.00621728839327083,-939.515893826406
569,0.0108563925146669,0.0223772716137601,0.00647210780901858,0.0161228489959206,0.00822620989346725,0.0129499642517551,0.0151438576959252,0.0148653939711432,-937.073452299355
570,0.00698643396954218,0.0232605416180187,0.00448504177575526,0.0203845332525522,0.0133187796450185,0.0159887960837824,0.0158263888580099,0.0263609868531298,-935.382296129895
571,0.00550126137674748,0.0270543279054179,0.00432606513621244,0.0291798570733767,0.00948414599200551,0.018187268213468,0.0162911712381439,0.0218170031564874,-935.572614400598
572,0.00601014445320877,0.0267095859271019,0.00550553088129323,0.0191768556840647,0.0156527927742106,0.0176087098692706,0.0163908771069414,0.0182873462797707,-937.00696932661
573,0.00821572634217154,0.0255267190779807,0.0038158935114132,0.0162812304699173,0.0120364890035728,0.0173218750807791,0.0185849326667743,0.0287518544527856,-935.476028443794
574,0.00899338155002936,0.0317640721590434,0.00966637626021514,0.0321607214527468,0.0116308283522819,0.0191213292598346,0.019843696714823,0.0266506763748436,-939.261476536176
575,0.0087212240469756,0.0287447768751626,0.00330321548997105,0.0119544863219033,0.011347972075423,0.0147568228091171,0.0132855765584966,0.031293818117367,-939.328100802844
576,0.0117948535639387,0.0258216691243276,0.00847885229873061,0.0266573299350584,0.0122625862435397,0.0123252692104214,0.0201930839343401,0.015480409779046,-938.661738542774
577,0.0152299524937978,0.0168303865474534,0.00252145432009158,0.0228321168542377,0.0103132380296521,0.0232160074108411,0.0125934952452997,0.017702883896622,-936.626319754537
578,0.0138856142484489,0.0251038250141913,0.00413007526981419,0.0237437528309046,0.0111863379968604,0.014709594498588,0.0181420852769974,0.0169194128211614,-935.342563319336
579,0.00668797139976288,0.0257892880442896,0.00525754442560165,0.0248672590268077,0.0135857140282826,0.0124941006671562,0.0184202392351583,0.0274115968168757,-936.051276241351
580,0.00445135319625158,0.028232074685456,0.0066857669794242,0.0333663216205782,0.0128874057380284,0.0146996542932519,0.0180444600879681,0.0186243130026337,-937.82591277653
581,0.010617906580102,0.028492071957608,0.00204925941643317,0.0256477816012418,0.0136002285748264,0.0182774145619296,0.0120554800685998,0.0157502750550381,-937.61331225407
582,0.00542556950266742,0.0264146131503867,0.00632828041022776,0.0218817914085554,0.0142852705229966,0.0124760285347757,0.0198872651849273,0.0291899784240715,-937.32973667045
583,0.00591836914725683,0.0300921372056928,0.00435819851903792,0.0189463958476378,0.0111321531293474,0.0256463236430349,0.0161704529889087,0.0238257881175025,-936.904387760765
584,0.00627984089550876,0.0248190964195375,0.00460420982889991,0.0182015175011935,0.0090660531361529,0.0191885559824508,0.0185183504634112,0.0222278386392435,-935.64974318171
585,0.0131336507403222,0.0212751886843657,0.00194488790032477,0.0210641069708393,0.0113190211897502,0.0116910298610985,0.0146518606678291,0.0232712772426094,-935.288742691184
586,0.00932515325638743,0.0207950187385916,0.00976458544472132,0.0232777354099671,0.0122662096487566,0.0152840145375479,0.019550876326781,0.0268158838372041,-936.147449738486
587,0.00800477907165253,0.0229100423032926,0.00512994158295949,0.0215400600731038,0.0141374020637658,0.0188374133133097,0.0165373997646211,0.0265206363327556,-935.654970176179
588,0.0135831951534388,0.0193734920136976,0.0047957050680137,0.0170935836509762,0.00742667303305381,0.0182471589119918,0.0175591916931102,0.0269566667082922,-936.551493240036
589,0.015272906191781,0.0259519079610896,0.00184435977619848,0.0118654061324549,0.0127807394677596,0.022502098517778,0.0198407558748723,0.0184279941068186,-940.338310330041
590,0.0116058037015721,0.0221393971779091,0.00693828910221845,0.0336368446886359,0.00783803935420699,0.019912449879212,0.0155868373749411,0.0224447715547274,-936.285523477126
591,0.0122568444290669,0.024653289100186,0.00463958481003717,0.0207885129173975,0.0119175051221314,0.0206465393931543,0.0141415962889742,0.0184267811518475,-934.859810360176
592,0.0118126563736,0.0213508297008477,0.00923535086022232,0.0217590007714438,0.0136213843481523,0.0171047610257902,0.0161900711754016,0.0280016704371342,-936.625218285008
593,0.00827866564146738,0.0282587866413997,0.00489758738185088,0.0190706340599593,0.0124008263552493,0.0194027061847314,0.0183230821122159,0.0214481559760644,-935.236426171719
594,0.00865955906149067,0.0219664038504709,0.0055600649896833,0.0280138452176849,0.0149033216094774,0.0164712419067514,0.0164379329427923,0.0142036548651428,-937.098604811668
595,0.00985722974617143,0.0296590846561144,0.0047445465204693,0.0262617025213816,0.0131065778027002,0.016611856055896,0.0128392169098397,0.0194759422072137,-936.619231082278
596,0.010640619132648,0.0180943744252403,0.00769898142998472,0.015894388072397,0.0104408329673079,0.0169794696424155,0.0125578236729735,0.0246315289536148,-938.224727798602
597,0.0115470964765803,0.0291046101836751,0.00476178669965082,0.0175312929219108,0.0115451530656574,0.0178931545716167,0.0178980751657788,0.0249537770979754,-935.465633161897
598,0.0119246774300914,0.0243620005464915,0.00350654986916454,0.0220247479064429,0.0102146932976405,0.0184565528867688,0.0175311291222995,0.0161808518165744,-934.378755187986
599,0.0127981473254793,0.0195854176454209,0.00396990619190809,0.0312229941811069,0.0103183774784373,0.0196447734036164,0.0158160355469438,0.0228275228350917,-934.472514914309
600,0.0117226470794252,0.0166220474594503,0.00317451488291079,0.0209560055930459,0.0096173345884795,0.0206674417517147,0.0129129876741885,0.0252612804534778,-936.801961357779
601,0.0179617927422988,0.0188820137506208,0.00166780176614577,0.0207021195456758,0.0100159119398516,0.0260440732505551,0.017016001268889,0.0207933648565082,-936.88251653199
602,0.016380455468654,0.0220746510146584,0.00828982666675033,0.0215216435337072,0.0099875437651259,0.0251968542328402,0.0179530385109527,0.0257235589997615,-937.65240339157
603,0.00818380289787737,0.0187091366094049,0.00173645066330898,0.0206982391333634,0.010740247883374,0.0201638729557417,0.0158067800356437,0.0264421879952289,-936.121668659773
604,0.0108737459772634,0.0256518976019074,0.00582150519898738,0.0214271931410424,0.00889181617378808,0.0251401864064683,0.0191204970955485,0.0267101701522076,-936.447086697372
605,0.0138018951932072,0.0139968058148216,0.0025522342088942,0.0208550694100366,0.0102282649758099,0.0186678255475762,0.0184330346564097,0.0269353128780531,-936.842658114304
606,0.0168738705534492,0.0257801636536488,0.0038234470234895,0.0205174181905501,0.012539019439623,0.0169247596062927,0.0217312698955538,0.0264664038851003,-937.76604688016
607,0.00532099891934393,0.0344704732733031,0.00570415007723066,0.0189374084088894,0.0123628356143568,0.015218206385911,0.0117714312804866,0.0206480319610347,-937.507946657143
608,0.00649225583209596,0.0328775112443664,0.00923020513427624,0.0236427515523143,0.0102388722029264,0.0140870891383368,0.0168595023982185,0.0230872325481951,-936.381638587409
609,0.00436980735527576,0.0319597921214002,0.0102731050850378,0.0241441004000041,0.0103741313558871,0.0173221240953426,0.0172991896486875,0.0241580746437734,-936.601189025999
610,0.00529788432522966,0.0272005533663307,0.00316639363982901,0.031262361071191,0.011802228694731,0.018537840053883,0.0173531259485839,0.0213111500077671,-936.125756751143
611,0.00560020837753825,0.0239412119696359,0.00356033574077491,0.0281368603265561,0.0105041886684485,0.0182564266057002,0.0170481482166874,0.0195445883789656,-935.348174682063
612,0.0107654126328158,0.0205494704645226,0.00300634180759071,0.0301121450685118,0.00736214102128568,0.0192587346315415,0.0180624488563665,0.0199056547747186,-935.784286231958
613,0.014185178263936,0.0188734056739638,0.00487321332701928,0.0271514321830982,0.00743706054621453,0.0240317999942226,0.0135485590281759,0.0207783478834101,-936.95901214603
614,0.0124551309947911,0.0187950058167345,0.00682605304134765,0.0222227790706014,0.011676639680784,0.0124577950847621,0.0162879408021589,0.0212634947549465,-935.431294964759
615,0.013870803006852,0.025364969090972,0.00834386163811647,0.0313645031921033,0.0110295158384827,0.0171477218798281,0.0165040387093323,0.019407256142073,-936.465726789917
616,0.0153088569936225,0.0204337800577667,0.00396581213852328,0.0256766093595812,0.0113534476987865,0.0173413118501681,0.0140678358106158,0.0233925994919577,-934.923866802132
617,0.0144865154755062,0.0193895540000863,0.00427614496614145,0.0226782863292879,0.01119724249717,0.020192345177838,0.0159297451342728,0.0201245877304501,-934.327009289747
618,0.0118792649275825,0.0165901262399297,0.00266075160324628,0.0211960716483104,0.010516263111752,0.0117666315349823,0.0128830890429602,0.0226060059531262,-937.321809631397
619,0.0126468619516902,0.025270280455068,0.00545041086199565,0.0181570738059983,0.011244681595473,0.0235683568487353,0.0204912828898094,0.021343151279534,-936.970456992804
620,0.0110551781023849,0.0237467045981028,0.00246383428397285,0.0248256065525782,0.006671926046614,0.0179810217245927,0.0145316646396853,0.0195589393132194,-936.29557958368
621,0.00789034473910496,0.0206040573397038,0.00405790429684014,0.030389055691877,0.0125264210218204,0.0154696530864236,0.01256998107507,0.0220200583405585,-936.778329613017
622,0.0147661978329889,0.0233725337401711,0.00151372788675732,0.0178466394375812,0.0121803490700863,0.0193728508425686,0.0163306016794215,0.0224102428390644,-935.315994410289
623,0.00610049441907593,0.0348457118752733,0.00678546823082417,0.0154243789464344,0.00849322406267597,0.0164776583752311,0.0163689025146527,0.0225473448727158,-937.023503505094
624,0.00762539044530646,0.0276679828287987,0.0118491855771667,0.0250578094481666,0.0125713133950733,0.01185475276372,0.0172456204358473,0.0208038352304519,-937.205128213349
625,0.0044038239303114,0.0278746368279252,0.00209060710218403,0.0243784944062399,0.0167164692141972,0.0188622653889903,0.0138605226438418,0.0186053055641169,-938.92333076238
626,0.0139288712982343,0.0173568725606334,0.0041054463275228,0.0265385354564561,0.0184834727712599,0.0114973459097262,0.0178853666876005,0.0198273774388715,-941.419447700475
627,0.0111237997384535,0.0301183188753179,0.00851077597644308,0.0132657506829817,0.0159507009473375,0.0170156365691183,0.0179921294402714,0.0226300397256282,-940.377719313288
628,0.00757391195993764,0.0290309867111974,0.00319150512692748,0.025224628291626,0.0123129702809513,0.0208122626312805,0.0160096610786354,0.0196828994330079,-935.355027333423
629,0.00525588492226635,0.0259191703276697,0.00308458983197367,0.0281588343090703,0.0123147653118337,0.0151414675342033,0.0178873782490073,0.0230552593492283,-935.6703274514
630,0.00661213596508246,0.0236223746407789,0.00717014072749034,0.0253083575919387,0.0112492394560942,0.0166537424659253,0.0179563699923935,0.0286089161235683,-935.399392025948
631,0.0122010648357297,0.031503489852134,0.000706097102080998,0.0312808488580801,0.00945115061993624,0.0165480889431762,0.0145551933013258,0.0116522663782271,-940.481017999524
632,0.00476160955474171,0.0346104852344018,0.00247816700788824,0.0334031672167238,0.0093647722309814,0.0175254059566097,0.0149095177924058,0.0260278701142506,-939.208329217744
633,0.00715205015891969,0.0197259347691118,0.00922546225544746,0.0355242228895327,0.011720986297695,0.017364282336596,0.0173320526429308,0.0293563237180966,-937.775181053477
634,0.00849327010900362,0.0180452153808733,0.00989016962576511,0.0339987046820563,0.00976779039881793,0.0164970579532612,0.025023920727936,0.0209368990847396,-941.67460708761
635,0.0108985283631476,0.0199302645308264,0.00235408377015631,0.0335623806427389,0.00932562383645377,0.0176657780181903,0.0114697277211735,0.014270681899966,-937.484282253841
636,0.0128090725497315,0.0210842573073088,0.00549476636698632,0.0244168542449246,0.0116907917146701,0.0192123712711909,0.0198098401249828,0.0287122742226306,-935.133764528511
637,0.0153613743120676,0.0208473943525271,0.00176779690435492,0.0238455354593929,0.00722841405301833,0.0162611685557029,0.0173065060262297,0.0195772669127784,-936.018194891786
638,0.0132529376153732,0.0200310980032947,0.00281465840970594,0.0318176197960967,0.00793072287927479,0.0174433154450015,0.0159517185239777,0.0234272382280673,-935.3466818108
639,0.0149733183596037,0.0190811930533841,0.00269576612298565,0.0293319226644228,0.0127501910724372,0.0112477089182019,0.0193419204122925,0.0230250181665489,-937.166849637952
640,0.0123864753707473,0.0242632427995075,0.0101166751773057,0.019289332133042,0.0139031156860522,0.0127724295240581,0.013635270754538,0.0211099005096697,-937.599990354892
641,0.0123976525331818,0.0250146659887309,0.00217134645550441,0.0244384169103958,0.013818865503039,0.0156945761715455,0.0152840697300266,0.0235185818142442,-935.351224705504
642,0.0132797058226914,0.0200278608647924,0.00498372148976255,0.021779407339443,0.00687340043867775,0.0217233676329759,0.0148182455463013,0.0317741795222534,-938.254883744327
643,0.0157577972670394,0.0235057403326811,0.00181999145608634,0.0226584721211905,0.00776561712816709,0.0270880833461274,0.0214224299143151,0.0280664909636373,-938.758187914199
644,0.00956222558477252,0.0203285578248827,0.00584289053845654,0.0249803716917087,0.0127638984018828,0.0146469205031173,0.0165650218859782,0.0276874990932187,-935.21544824444
645,0.00976143356284063,0.0278627520374397,0.00475622537011873,0.02736497798927,0.0117245007520554,0.0131820709562734,0.0161101953121966,0.0314775581165806,-936.633454858137
646,0.00907017268973997,0.0176171095417904,0.00445942478262826,0.0231730870071584,0.00850793307934438,0.0198331332054087,0.0175061076633825,0.0361499769060062,-937.939694184184
647,0.0178588493375125,0.0217270790150829,0.00715929660528675,0.019725966760312,0.0122339859272043,0.0126794712578247,0.0227520454057121,0.0200186331938508,-940.27850688999
648,0.0107529176369304,0.0179296901560932,0.00172653894360925,0.0191836456635656,0.0137517000032925,0.0153786734921309,0.0196098227910002,0.0235552025352858,-936.77098988434
649,0.0181053884192443,0.0170851311969909,0.004803857512103,0.0294883974452465,0.0140076299437115,0.0172119190863456,0.0146654895648516,0.018715563824114,-938.121765974266
650,0.0116055353564217,0.0238733484941608,0.00647597817899042,0.0300848073298937,0.00686356359380554,0.028167059973594,0.0150864547848868,0.0303087617578746,-940.163400327613
651,0.0147144748199964,0.0185699124521396,0.00163895203594437,0.0242750257386053,0.00849089220980936,0.0265177552004237,0.0154968416686663,0.0352840249757235,-939.014700575849
652,0.0118698656633028,0.0184339700119049,0.00356716133304953,0.0255118175266718,0.0133076687769732,0.0271249051877961,0.0160261850628767,0.0316279002632321,-938.596796107835
653,0.0103632509308293,0.0158137335794716,0.0057464168275793,0.02586458453685,0.00756589677137617,0.0258842583677334,0.0289898729542129,0.0400320227356419,-944.376638177393
654,0.0177963187775223,0.0215100236137023,0.00549076917729617,0.0250551938028398,0.00768914941983617,0.0237521413133487,0.0312088638988105,0.0355167547723767,-946.053044752413
655,0.0135584765614778,0.0186978570622971,0.00326834311955369,0.020883749587339,0.0106145947384101,0.0257967201262129,0.0224868958649239,0.0384602885759558,-938.995620917698
656,0.0128165039807758,0.0165822306916355,0.00249732596469666,0.0268533923398304,0.00917050457395719,0.021621453680991,0.025144599708284,0.0323111205686964,-938.652408998331
657,0.0156139056723837,0.0281633059106426,0.00696487906045622,0.0248571812816531,0.00842105066101002,0.0227319967527853,0.0203597589297894,0.0372145338774983,-940.425941317784
658,0.0132408547895094,0.015056224260701,0.00148386189884827,0.0345545175891874,0.00990004693092828,0.0179744197767558,0.0189187812784901,0.0218876876891389,-937.043533442473
659,0.0111634715490934,0.0180471257604852,0.00543216234673291,0.0233253651618721,0.0104398730401802,0.0170356758010142,0.0171715935804909,0.0168687679023233,-934.832713083889
660,0.0127382998643584,0.0261379485672209,0.00589451825420033,0.0224338600886386,0.0111606522642788,0.017660867587726,0.0155189384834748,0.0251295486668025,-934.88082875974
661,0.00972098367305838,0.0265779714947223,0.00530427656691259,0.0258801127657878,0.0150872725909053,0.0200428419424116,0.0150570326734989,0.0203098421786402,-936.76286418046
662,0.0105179316524086,0.0237713385682237,0.00566636437832926,0.0228062801872787,0.00727455067251891,0.0151333134667977,0.014888243402145,0.0208312879287072,-935.794468566187
663,0.0143489985787189,0.0260190496006508,0.00924264260067633,0.0202178750323972,0.0118705798023458,0.0167415138524458,0.0169137714550649,0.0244577815030387,-936.460035293449
664,0.00631964192433706,0.0284232193877236,0.00708800041560387,0.0287141351685211,0.00961426542303999,0.0168443059246451,0.0133880307467014,0.0238779679067741,-936.543871983924
665,0.00889786431655032,0.0189062969237524,0.00508868916368421,0.0239249894661447,0.0112120815883157,0.0181108324790525,0.0173468944820183,0.0150814366228833,-935.517544676079
666,0.0152122521671235,0.017482737952453,0.000364791143358972,0.0334246033162584,0.0110975702933024,0.01823445362234,0.0150992184233895,0.0198822430511516,-937.466078623781
667,0.0110498248538974,0.0153701703081098,0.0110004570335359,0.0236114098645495,0.0113509587798862,0.0204131909130548,0.015420563407578,0.0213230257005281,-938.128046041519
668,0.015895871540479,0.0234686144145162,0.011482279109033,0.0190929193596449,0.0103170812036127,0.0202795091028448,0.0163850296337656,0.0156754050986454,-938.098030716711
669,0.0188117010557327,0.0226063261468251,0.0105635245050509,0.0116920781464226,0.0105899800057345,0.0182489903487284,0.0165827821480089,0.023419865040702,-940.424081396126
670,0.0160237473227584,0.020624533326645,0.00719893507468524,0.011435348745638,0.00999461688498994,0.013929616066273,0.0163043691998645,0.0271295449727849,-939.247668986035
671,0.0130176116188713,0.0356143351407884,0.0119047300427666,0.0188909611544612,0.00702365640345405,0.0154000472007659,0.0176528403124137,0.0226864643221072,-941.92607888373
672,0.0062675048183299,0.027714451434127,0.0134323632216844,0.0222693365381398,0.0155720336540577,0.0165662100922884,0.0169750657079632,0.0203873595561623,-939.220873469944
673,0.0119580456197174,0.0173214360651011,0.00945729659013777,0.0238000019278305,0.0104520152521411,0.027207694854124,0.0154192292599094,0.0240086400607578,-938.092954363984
674,0.0107185501409173,0.0215898966474972,0.00408008509830231,0.0231574877989935,0.0120319442685132,0.0238597609748494,0.01941202035292,0.013854112798993,-936.993118332612
675,0.00949613004176623,0.020494943014116,0.00176203572640848,0.0253408202044095,0.00946433728703318,0.0157819657077101,0.0194057666760629,0.0253030904222639,-934.985546223049
676,0.0145953297809353,0.020652784850167,0.0060073155898586,0.0277086583511967,0.00967733194696734,0.0176497894679451,0.0131427433994789,0.0169614924810881,-935.452002886764
677,0.0145597396377155,0.0181172508473422,0.00243091235960629,0.0290921564965537,0.0112357156449676,0.0169197046577132,0.0198653708377255,0.0223193634648168,-935.485341101163
678,0.0234135618372974,0.0154497940779693,0.00194633742402043,0.0267291775711353,0.0129282274520238,0.017360230802649,0.0160708344084785,0.0235219826476106,-939.245631007159
679,0.00551894778240756,0.0287626024518443,0.00389721601198383,0.0202129911783182,0.0130521455159813,0.0221248917024439,0.0183962577246028,0.0287890867589739,-936.813245789386
680,0.00982644908139348,0.0233273940328979,0.00710862869410605,0.0265974515308221,0.00972426263469179,0.0225706626029208,0.0172929058618158,0.0262534643207166,-935.310495523465
681,0.0116591907717286,0.0306358655823756,0.00660975200182028,0.0217989984640546,0.0136021999741271,0.0190417676630487,0.0215462365647115,0.0208997439095182,-939.351360187184
682,0.0117406038760571,0.0251921035415421,0.00676573532860421,0.0195690776084783,0.0119040050119361,0.0131473791816904,0.0121540556245636,0.0211314976964648,-936.322276056304
683,0.00751129154456331,0.0239131100366696,0.00410377177891119,0.0315939659608638,0.00947491210953191,0.0181051330746025,0.0213180640468281,0.0255011522874781,-936.565022148977
684,0.0143507276305966,0.0158554277031714,0.00755989487936537,0.0252813880609899,0.0121508605760649,0.0164045170061069,0.0154866947044498,0.0231478739377999,-936.562401042814
685,0.0193230948035448,0.0180951298490818,0.000769592802430413,0.0259669284572875,0.00853373388399122,0.0169993253145703,0.0164457201935605,0.0250769702852542,-937.01912068284
686,0.0116688291284206,0.0205451375549217,0.010315150336899,0.0161775875781237,0.00761680329359537,0.0119731342353262,0.0173387099548376,0.0250514597804131,-938.908403989893
687,0.00862976712400485,0.0284645384252451,0.00962984548577909,0.0405363359905341,0.0121425632012273,0.0191425292254229,0.0161378008556324,0.0111769247271797,-940.998771194628
688,0.00563844700805994,0.0242240207054432,0.00569839944712564,0.0131676318936449,0.0106978275616245,0.0163836682702739,0.0144031757401464,0.0300612249222803,-938.763884284488
689,0.0147462092464299,0.029128947187401,0.00965127966845207,0.0313840316849294,0.00714990980512601,0.0160094203120581,0.0297997365032543,0.0327573784894319,-947.677922525088
690,0.00801841588920722,0.0291916179103266,0.00585834466749914,0.0348877994662172,0.0119768521982031,0.019898483274849,0.0193284712973902,0.0267386021634932,-938.005529580868
691,0.00668428165567483,0.0303104290867674,0.00315514555402278,0.0178870311683938,0.0124926406206515,0.0197456188677921,0.0176238546313812,0.0157307319314409,-936.451658959629
692,0.00778863265079756,0.025436843990465,0.0017699043102533,0.019401800852482,0.00895160440688712,0.0177128006629157,0.0139719144972766,0.024352994775609,-935.560478269325
693,0.0162882221823923,0.0183919221348782,0.00640042241216275,0.0178427208077084,0.00912149274451329,0.0201546280612913,0.0180243771248426,0.0211543156950916,-936.39717471475
694,0.0148854143517239,0.0245751523303785,0.00416053839827941,0.0256233612390777,0.00865078247369912,0.0121834410214503,0.0172889626857328,0.0183707736176667,-936.28973673411
695,0.0171486814657388,0.0198465617553699,0.00348250500168798,0.021541642396117,0.00994006298856671,0.0278855091210704,0.0150752416063653,0.0145375479712724,-937.716308276633
696,0.0103494650927243,0.0226866262309226,0.00526854934825595,0.0221127095082464,0.00941800063399864,0.0168049144242984,0.0174285563336549,0.0286400143898823,-934.425039285437
697,0.0131571629775892,0.0259991532691676,0.00219219344341888,0.0248487208257593,0.0114837320926707,0.0183369826744969,0.0135607184645789,0.031242703987076,-937.504415932013
698,0.0141469884411726,0.0210370250516526,0.00439079604089476,0.0235065343858951,0.0124483422025929,0.0205743427182473,0.0186479774262552,0.0430863915872537,-939.413901550203
699,0.0202463162217781,0.0187992455735136,0.00701035488760116,0.0317332334758529,0.00944702989563703,0.0166176518808756,0.0280214287851353,0.0275524134542088,-944.156903303466
700,0.00555151936686569,0.0304722079127917,0.00946904173380252,0.0224195909407166,0.00976367110908634,0.0107244738632635,0.0296880757843372,0.0471018761766168,-945.096494384664
701,0.0134950136432332,0.0290333028457006,0.00740588229427851,0.0230699361939317,0.0130072426394654,0.0110970760283798,0.0240488641813572,0.0315323930275756,-940.789654218159
702,0.00911936000838227,0.0254000056030031,0.00415354396013716,0.0294311848681038,0.00931460769444465,0.0159032983878214,0.0182051990997969,0.034788590551036,-936.625380939008
703,0.0108637040852516,0.0194303142706698,0.0031552469350163,0.0155370122084736,0.0145219562427043,0.0147232015190417,0.0183641141213655,0.0339357329976479,-938.65903758873
704,0.0116143915093432,0.0317397740010908,0.00199341117433174,0.0177201109173061,0.0150134856867542,0.0143856393510368,0.0185522352939696,0.0262095703621109,-938.345854538293
705,0.00848076282838661,0.0350262135982027,0.0084765067321405,0.0150352368580129,0.00815586739087481,0.0168784065669833,0.0133910228046733,0.0193216132228714,-938.443294602087
706,0.00870442145656432,0.0310474690030358,0.00252746859816206,0.0252323222804844,0.00946933267277944,0.0240290535744307,0.0138913023326068,0.0190488058164068,-937.069337301943
707,0.00972874640696383,0.018107185097487,0.00271721092332785,0.0262685524592584,0.0100035788978101,0.0158338048848871,0.0145754958513524,0.0163266207246695,-935.09966163013
708,0.0192627561520945,0.0204798581981098,0.00260253110721944,0.0161918528747707,0.0086914268324114,0.0150151812285272,0.0174049631156591,0.0177842707286237,-937.319047474069
709,0.0163942652627284,0.0169834033151468,0.00256447297915371,0.0310194893358448,0.00756155069667709,0.0155507922635302,0.020046544000162,0.0172924263242781,-938.716428394073
710,0.010342126114071,0.0159037889415233,0.00211038287177671,0.02158612309958,0.00751517691699394,0.0159082066812951,0.0167360232889271,0.0175198340765589,-937.684455177706
711,0.0148315940079127,0.0185653436964292,0.00371463112106494,0.0273350347059281,0.0118634731954374,0.0170511471010952,0.0155641814534782,0.0191252060455531,-934.75056570992
712,0.0165630384592542,0.0221465773186947,0.00196179783230706,0.0276534859798823,0.0107955632075782,0.017996266530383,0.016224995600369,0.0210120702762022,-935.038963166737
713,0.00861356113412627,0.0246591611502883,0.00375403981009977,0.0292677676369096,0.00996087388142375,0.0181803302588396,0.0199495208001917,0.0273688791797738,-935.290585189015
714,0.0113915577665341,0.0186994484869053,0.00284701783881555,0.0202825530677939,0.0153497302652341,0.0157673546694803,0.0201277020150766,0.0308720418591228,-937.573847184084
715,0.0123578037040405,0.0254657336585996,0.00767985867862729,0.0227651403488463,0.0109214520052752,0.0144358764523863,0.0144357424621581,0.0122581514589214,-936.580689841248
716,0.0115612199891902,0.0247905791754651,0.00584210974856362,0.0267276603818263,0.0117304135636724,0.015081599427084,0.0150712151192262,0.024967863853472,-934.921364714002
717,0.0136537371732553,0.0214568189365713,0.00186147972819031,0.0208077172692122,0.0118505870851497,0.0169922068506618,0.0222845162044808,0.0248991982736618,-936.159118601727
718,0.0163258823583319,0.0180382308438275,0.00190825154904488,0.0248013126832118,0.0105907530718498,0.021689550391718,0.0130457013892165,0.0141368655575736,-936.657044454632
719,0.011763542392241,0.0308387772903326,0.00435173052299936,0.0281984516672732,0.0107088833470126,0.010793264835415,0.00890574771130674,0.0186333742316204,-942.712769703384
720,0.0132442632211431,0.0134530592528076,0.00593594329814667,0.0189305124837532,0.0101526022567734,0.0245456665475676,0.0211316040553193,0.0322875000939162,-940.722974981998
721,0.012794070431453,0.0178359425713894,0.000860811660989787,0.0296670113877524,0.00865236989432152,0.0198225420686323,0.0208616352721638,0.040045509395138,-938.728845570959
722,0.00636613553235899,0.0279347481003894,0.00588065960349875,0.0271655308807593,0.00971702312899029,0.0242878946154134,0.022669875843792,0.0181769956389397,-939.735987533251
723,0.0112360645877333,0.0280077937644624,0.00598167353819953,0.02115403297031,0.0146467486531277,0.0104562923701251,0.0152330911083243,0.0198486843954298,-937.66978092195
724,0.0101517906335563,0.0351014027144517,0.0028887019181087,0.0191716793155228,0.0100121590036148,0.0141414476113535,0.0191900964050968,0.0220556317224135,-937.212346739941
725,0.00850318560487537,0.0299077035741417,0.0087577283108036,0.0206622470222756,0.010977696403905,0.0184737858576028,0.0172669328040798,0.0245923981950555,-935.751042438484
726,0.00931899650610371,0.0186048329755035,0.00134926272025553,0.0184382517537879,0.0115358542180293,0.0219444677748621,0.0168804343156541,0.0229188908571174,-936.173718768303
727,0.0168130198853467,0.0193425895267028,0.00032191464985642,0.0223962826938656,0.0088325725602653,0.0258603976764644,0.0170762154414491,0.0169910710194627,-938.327356042183
728,0.0127793151059218,0.0211547443675337,0.00214484450641951,0.0309368343242066,0.00883411044133763,0.0223754590033558,0.0151418584246755,0.0130078985594475,-936.117189652457
729,0.0118857040807617,0.0192432283279131,0.00685963604861047,0.0258419787946762,0.0116581610852386,0.0152981922282155,0.0169942112621723,0.028049418626878,-935.141904822357
730,0.0102607047739396,0.025380158044952,0.0059361122140167,0.0198379100220521,0.00983978578574471,0.0156122606927604,0.0200001224882156,0.0270077052619794,-935.047158118934
731,0.0106055511556462,0.0297148848418228,0.0195877819766031,0.0119175894943068,0.0118089340411711,0.0168621506895955,0.0143978816215129,0.0290720710512333,-941.760998809643
732,0.00539285738634169,0.0291167448911448,0.017875951502073,0.0319911470181973,0.00886607558787191,0.0144208386552011,0.0141460598917131,0.0306705160322567,-941.045745487581
733,0.00441433139338167,0.0183341468135317,0.0102327733834593,0.0441606376425644,0.013244504659926,0.0185274675284102,0.0198228988020378,0.032968889752162,-942.775108192708
734,0.00265535615288623,0.0299134882455362,0.0121641937483791,0.00563794717459975,0.0129148642042734,0.0189009503240623,0.0186199535730945,0.0229404403458375,-942.333626630711
735,0.00508392971107962,0.0259879908830683,0.0161758910216387,0.0120320135917949,0.00835484356888153,0.0169594246367404,0.0152389458667569,0.02406807775398,-939.650510985192
736,0.0122086861221899,0.0249724767542511,0.00886452374768129,0.0254765698420769,0.00893674307336621,0.0145135401429724,0.0154102823195368,0.0243766628606295,-935.816002695557
737,0.00960523202543648,0.0173176344084041,0.00476858461265924,0.0341553942902292,0.00939756296508589,0.0123874313932599,0.0186983811053518,0.0259197113281409,-937.278254653629
738,0.0083701805483339,0.0218904202771436,0.00782993274104959,0.0381006055891166,0.0126823258289048,0.0125428965546677,0.0210166945245513,0.0349120705548921,-939.463252194961
739,0.0110441546982468,0.0226641750654423,0.0105880728498393,0.0134831864538808,0.0110648112606989,0.0110430555800264,0.0197029849459688,0.0309710990974533,-939.074984365059
740,0.00877906451431768,0.0284889771461486,0.00822078142883306,0.0278402728762828,0.00981524659030653,0.0213687926374138,0.0175342473080328,0.0078335817574157,-939.141211177118
741,0.0042243652627363,0.0235204648368516,0.00797166753157013,0.0225198384068359,0.00964385639653366,0.0155699389043738,0.0174449514960339,0.0333527933530841,-937.914985678346
742,0.0147073492230847,0.019667860773616,0.0071749104246532,0.0231912410414215,0.00997126657072884,0.0189301216215601,0.0181539424838833,0.0298585213358215,-935.706082701885
743,0.0116781319210986,0.0243333415681504,0.00574791166445761,0.0116107348637474,0.00924081190288808,0.0170003674165115,0.0220398214028685,0.0282689434340939,-938.413622609618
744,0.00957288020434905,0.0310315089335372,0.00270422476701237,0.0134009351896575,0.00757833364088442,0.0165030241271553,0.0144780946870253,0.0314146466456593,-939.379360058497
745,0.00727569744601216,0.0405735340297879,0.00500295516301428,0.0186849641896955,0.00820956493636261,0.0145560522827154,0.0156224313960613,0.014543575028407,-940.066468339353
746,0.00303674426457075,0.0260162604685723,0.0269715155366552,0.0216662611566387,0.0120655097763905,0.0182071326544316,0.0173014576244299,0.0449075060865504,-944.326359850273
747,0.00628689308645433,0.0254779912053462,0.00170482987522693,0.0228728561377967,0.00894445212302829,0.0141770158913249,0.0165509837764941,0.0392028728121288,-939.609670361199
748,0.016628510185674,0.0209295737025858,0.00255689821044314,0.0159865046345303,0.0107644760890148,0.0147136357623985,0.0170180274514623,0.0359799442132059,-938.359436241349
749,0.00861272131517566,0.0248429048550857,0.0072471101999088,0.0194875598629078,0.0112115925103988,0.0229107992467214,0.0194081930545284,0.0258668454413212,-936.134433431022
750,0.0112844711898884,0.0203919999076022,0.00837053756361167,0.0162159740877784,0.0142056748568843,0.020668818945626,0.0183533949450589,0.0163075738678694,-938.553800829224
751,0.0122079563786708,0.0252668089466178,0.000369034629428689,0.0320434437302531,0.0105503217655214,0.0193967576819496,0.0146035260571301,0.0248030120626108,-937.645328586083
752,0.0141930287391764,0.0194118031055621,0.00921469343031753,0.0227403465940882,0.0109853966667261,0.0223233617207815,0.0147812669530333,0.018550984299987,-936.422100312939
753,0.0158437813083988,0.0219877643059031,0.0096536458284744,0.0342405026482944,0.00958836743136287,0.0242044580479779,0.017010881127169,0.0160982244715966,-938.82496821867
754,0.0173456450112121,0.0159076770473828,0.0024856648559595,0.0243869807678832,0.0079836494037319,0.0249119749956844,0.0154475112221166,0.0214306218733792,-937.030488568278
755,0.0149537810718849,0.0170132792637662,0.00196676257615054,0.0174978855602264,0.0103885247561933,0.0224634889637035,0.0140232811212406,0.0165163009434137,-936.614795248046
756,0.0153458886717436,0.0191648293250721,0.00459019309366146,0.0141925477279259,0.0103995175268578,0.0169056457700998,0.0162974629597207,0.016187601806952,-936.708916110616
757,0.0148900060384987,0.024903471822255,0.00295207189994363,0.0308944902328516,0.0106716928764275,0.0223111125786629,0.0192250065041274,0.0330828123001616,-937.736658569426
758,0.0117769153680583,0.0228773516287362,0.00771255514476727,0.0151447930929836,0.00907410814507472,0.0192184524424399,0.0158861198197262,0.017193131714171,-935.977633348317
759,0.00758440425933722,0.0330382313728644,0.00160717538476851,0.028716919115202,0.00945003738834472,0.0164365231727395,0.0140073443137884,0.0161603704034798,-937.454471344696
760,0.00750242249294489,0.0233338954273882,0.00120978286162831,0.0217117076816438,0.010368463027545,0.014384599818928,0.014473824697852,0.0229959624930975,-935.473593077794
761,0.00692281844632501,0.0347310128351013,0.00727170539946645,0.0179064573350869,0.0137028140721179,0.0176656187702055,0.0181131034839956,0.0195463524422777,-938.144347340953
762,0.0108600345635237,0.0260041561372622,0.00202532838413371,0.0246802010157321,0.0161750367994139,0.0175115055496136,0.0129136596111665,0.0190034635669403,-937.769806640001
763,0.0105333580133275,0.022750988359152,0.00423081819754343,0.0217281052823583,0.0145226014315827,0.0197589672769456,0.0155056879743634,0.018881651010158,-935.386712304857
764,0.0122041666164906,0.0261063303036682,0.00515236556716399,0.0216256498378846,0.0143002400208704,0.0176164851362998,0.0152093892342311,0.0167724342705697,-936.168411705383
765,0.00611871862961134,0.0219360717061266,0.00512574593664896,0.0174106097926819,0.00792302035476829,0.0169593926971224,0.0143624329118517,0.0171532390229668,-937.604974422663
766,0.0212071202079233,0.0302163767429185,0.00159790202532686,0.0297675656019477,0.0109516114198075,0.0144792968558552,0.0183064148636869,0.0291266106369157,-942.136839065378
767,0.01846837185564,0.0250625256955972,0.00192059711596678,0.021058732855568,0.0113485008122077,0.0223957523262639,0.0166526736688405,0.0263707231026931,-937.438694356256
768,0.00741479395725856,0.0300836028740025,0.0024389404579519,0.0248325567554831,0.00836384348571634,0.0140434491508735,0.0152091480275544,0.0186344576433809,-935.988019112437
769,0.0174898240412032,0.0294212994830472,0.00223700746364727,0.021946799028044,0.0102782121623474,0.0208969077435134,0.0166390539415724,0.0186051772313984,-937.782741815185
770,0.0170938167333105,0.0322179464258528,0.0025808850594292,0.0213738193224708,0.00794017263504744,0.0268692939608261,0.0142483780021982,0.0157192369892913,-941.729592832186
771,0.0189603520254778,0.0158188533046633,0.00316465518810821,0.0269831853049857,0.00863424803997047,0.019956554440526,0.0170549433372809,0.0251335209272886,-936.440851558033
772,0.0110906436514108,0.0305665299364181,0.00402532027186723,0.0198276112759898,0.0126240364591071,0.0192209214416397,0.0150765743686207,0.0223037421028016,-935.98680587708
773,0.0133782028214656,0.0293523016764854,0.00239421322539667,0.0195418540840527,0.0101652522766516,0.0165518497264585,0.0177636659067896,0.0262334147266085,-935.632448244121
774,0.00742007281882031,0.0309485207281266,0.000434180326651351,0.0194555173382275,0.0121453567690318,0.0147877903462404,0.0185945136442537,0.0283543845439033,-937.656835290836
775,0.0109987770618744,0.0266491511861259,0.0117197475426647,0.017977528118044,0.0105069077146353,0.0168646359551885,0.0160450564391685,0.0228283782744681,-936.179528419945
776,0.00832653144870878,0.0255309484622551,0.0070657101181844,0.0293591818561377,0.0124753873362993,0.0164908280278319,0.0167397934427808,0.0192321851560901,-935.434440720609
777,0.00877642891434239,0.0208144259957957,0.00926935461737609,0.0210744578572003,0.00935837578259947,0.00937541365894535,0.0140672397279153,0.0267487441064468,-938.920461172571
778,0.0102240766548786,0.0190429213362911,0.0107370859775769,0.0262080025703694,0.00989072527919872,0.0217263718545497,0.0184942099274167,0.0225173946032121,-936.506702531227
779,0.00983378959378572,0.026501695569365,0.00832548686426206,0.0174829630529802,0.0114531596877206,0.0222779453042955,0.0144545536491391,0.0137686745505519,-936.963445908635
780,0.00555995112052245,0.0268089903424036,0.00838768915099284,0.0160981834357922,0.0101130890512392,0.0171821805125521,0.0111704704078085,0.0188271903916025,-937.947903635879
781,0.00606485380611875,0.0315935292308221,0.00807207499519299,0.0214746067988648,0.0126092215308368,0.0206603332851743,0.0131152996479768,0.0197405277347458,-937.427549542973
782,0.00797303715587453,0.0183271538367658,0.0124544710668658,0.0318928293736336,0.0131726180839677,0.0184240858836285,0.0190846047738466,0.0335640807623198,-939.426005412096
783,0.0110423848498723,0.0236823342820997,0.0116512030693565,0.0201876506200516,0.00699104796013816,0.0196928511851096,0.0201923181410872,0.035733300414123,-939.931284229804
784,0.00614753861320605,0.028398577847609,0.0120458973871985,0.0232480875661586,0.0112751357132055,0.0146224265234542,0.0234430625153941,0.0354550487087301,-939.155300295992
785,0.00908304125236641,0.0222393398937741,0.0138853496670418,0.0222824963131025,0.0148586745968203,0.0142429108211139,0.020970805476878,0.0347860891146176,-940.205362322692
786,0.00780100105344795,0.024990357754689,0.0140471426176717,0.0183136895677557,0.0130342328096559,0.0156701788941478,0.0210192628791889,0.0326795065929138,-938.995953145968
787,0.00355754112216244,0.0296206453608637,0.00902688378386387,0.0290007129921804,0.0110916109844358,0.0197692041243957,0.016002249758237,0.0327143481307952,-938.617986935743
788,0.00330857082688917,0.0223734455547761,0.00839647147549993,0.0277345142581206,0.0103143906819216,0.0178728479853577,0.0203532943793745,0.0329756802166007,-938.89339880008
789,0.0100469825565102,0.023949525162687,0.0107256916294454,0.0210558774977208,0.0124471893997605,0.012063457731766,0.014061968489082,0.0279083410813897,-937.409390344468
790,0.0113620007829227,0.0245303981483678,0.0173757995339517,0.0209504879753232,0.0175722299504149,0.015219034585119,0.0155588158719614,0.0196238247978023,-942.959329974146
791,0.0141007541985738,0.0126492992544842,0.00706471494816243,0.0279900843024774,0.0150463270099291,0.0169098949349824,0.0148815449476703,0.0200039881166571,-940.770661242692
792,0.0140354716780005,0.0325307692552792,0.0031307562080203,0.012619434337029,0.00807393116630328,0.0100742414212117,0.0152420861092994,0.0194917363328993,-941.081930936066
793,0.00664128746144507,0.0249349878663201,0.00813783998198416,0.0346237056118267,0.0114000974160934,0.0108250451497496,0.0140737987791811,0.0208466468917589,-938.297419652573
794,0.00903643213433314,0.0242096518930482,0.00381097427917255,0.0165795319225205,0.0140853879649094,0.0160957729295742,0.0142727295639659,0.0174798646896211,-935.817326591236
795,0.0110566808955428,0.0228870001451755,0.00298073767769208,0.0144949228760686,0.00766635609820568,0.0139641187012799,0.0137514426533682,0.0218623540253189,-937.238802252187
796,0.0240795567783507,0.0186638980896425,0.00191817029652672,0.030729511428882,0.00825195065664932,0.0135562859690566,0.0146069090862883,0.0274293454713481,-941.172747419148
797,0.0138123555971978,0.0232227611113922,0.00463772401622554,0.032526526721959,0.0124781618111066,0.0138233988095875,0.0151342163461864,0.0131895094391375,-937.38916009346
798,0.0107496784919741,0.0213223992378656,0.00489583099747755,0.0255699678729968,0.0119419406355056,0.0209568508486453,0.0160599038047049,0.0296872705043349,-935.373230031922
799,0.0105800723722815,0.025008036368038,0.0068073254657609,0.0275305601064745,0.0104048032160284,0.0108244213674157,0.0185008485677274,0.0254378655455909,-936.28763495277
800,0.00967758065072123,0.0267878314562768,0.00663432942285866,0.0165270237956342,0.010567964901912,0.0274431697818556,0.0153033191355799,0.0253804507437636,-937.895986604754
801,0.011290144434498,0.0230963467867266,0.00775361293273451,0.0364655090309315,0.0148382488538174,0.00913056613766522,0.0164379004272255,0.031699423853029,-941.657172009488
802,0.00496328434421828,0.0230008237554935,0.0189451550874144,0.042032678800236,0.0131387229318008,0.0139411648010795,0.0205846670050175,0.0213131105641024,-943.118709196342
803,0.0104612749323428,0.0210123126590654,0.00259568307381494,0.0107725991633812,0.0107547406821247,0.0213597838527286,0.0140491018845066,0.0279581781431733,-939.618302835406
804,0.0102517304172477,0.0198905631239261,0.00644591307674625,0.0223304589230161,0.0082026632861611,0.0166914299115867,0.0179106677937941,0.0113106804617243,-937.62324801743
805,0.0131566659263972,0.0233429166522121,0.00346733304033715,0.0263016774003235,0.00779354679177193,0.0123501915481314,0.0136936454437074,0.0275300480608218,-937.604552419983
806,0.0150912578228766,0.0171680233458215,0.00241738285697841,0.0247255935804579,0.0125310558047557,0.0134692895572286,0.0136508977889394,0.0152559883226039,-936.741449965685
807,0.0131824544043507,0.0190715125872336,0.00533780818634824,0.0247906556576655,0.0141975176778952,0.0206678560584359,0.0146304137196646,0.0154488262897674,-936.763026350779
808,0.0128273819662952,0.020154109544028,0.00512849024469364,0.0312186200899196,0.0100523914307889,0.0238592367050693,0.0141651553284264,0.0302255583530072,-937.467548610787
809,0.00760102595511618,0.0212697955573179,0.00792305601587548,0.0330534329852699,0.00817809918828247,0.0205599345011187,0.0231944841915191,0.0299891118996583,-939.261263922931
810,0.00773636651996702,0.0227352920659101,0.00856840463655633,0.0266178163897172,0.00942518315467924,0.0152696223653922,0.0164781765813794,0.0214237064359731,-935.280347158375
811,0.00973873878343865,0.0251119032841302,0.00605667388492861,0.0259031455513914,0.0091518248158216,0.0152865995062897,0.0151742457425746,0.0248392844632672,-934.84366069944
812,0.0131459217400972,0.0263956452286779,0.00315307118329041,0.0284416538782219,0.0101129205446016,0.0247677653680142,0.0196810900690151,0.0293002673172806,-937.30312052413
813,0.0150057357376976,0.0235822071310572,0.00289466940052957,0.0234444859647576,0.00974269546743952,0.0119811482909835,0.0161035873058468,0.0283873001575387,-935.999858184457
814,0.0137304856537848,0.0189483808968324,0.00105563766012444,0.0280944925181214,0.0109119948025912,0.0183011274676176,0.0188030868829119,0.0189351648831355,-935.495890692993
815,0.0127201983644559,0.0198717527929835,0.00476840017832177,0.00872146137856055,0.00959637082994404,0.017856612373507,0.0149978674367168,0.0142844339916921,-940.385315183728
816,0.011422807918563,0.02544182834259,0.00643974946566325,0.0128163087204928,0.0105753400027777,0.0179010776733354,0.017506919563924,0.0303494325071082,-936.93600440694
817,0.0135713712720618,0.0260969799832494,0.0128456091845496,0.0242879450462104,0.0109055399608344,0.0158054773305948,0.0180218095762998,0.022012303200678,-937.393743397917
818,0.00365421846862341,0.0308792955577023,0.0113668393876103,0.0226616666489959,0.0101902044685423,0.0171897812533681,0.0154571232898715,0.00485455387223301,-940.329757441545
819,0.00925058489324456,0.0284474156721233,0.00948017190479496,0.0211698533017475,0.00964213542803466,0.0266468519498284,0.0161629175794243,0.00956733604158667,-939.187543284239
820,0.0103054909136781,0.0183288557141804,0.00932273742848943,0.0349947953315052,0.0124130007571558,0.0281035258726026,0.0211432298317019,0.0341796043253418,-941.018712932631
821,0.0100210718317064,0.0191223377162078,0.00506232546139342,0.0347144674489645,0.0103634492557661,0.0176593930769394,0.0149123075980473,0.0393657343431536,-939.882566040286
822,0.0150074389383311,0.0155617139684363,0.00626200877506128,0.0335938514703443,0.0117593154727536,0.0139416695916519,0.0242923856202499,0.0369778652697459,-940.489601229739
823,0.0114755861972056,0.0136838760271767,0.00356510849467149,0.0285446448107396,0.0121400088854285,0.0229181126933212,0.02422872302441,0.0338630964872558,-940.619387398166
824,0.0126638277865988,0.025960781217567,0.00691812818240557,0.0219788279317135,0.00917870996415513,0.0166000301772444,0.0242687659709463,0.0275297147055515,-938.157888224643
825,0.00590707276765658,0.0224641858740553,0.011725913453354,0.0207488668625032,0.0103481953934723,0.0170070648208357,0.0210869625230027,0.0222526595985886,-938.088815986914
826,0.00418642521298567,0.0311833114600744,0.00957216188472722,0.0216660969885001,0.0106691518923581,0.0162776625114535,0.0120437417394434,0.0247769846936888,-937.931969890749
827,0.00441404475309777,0.0259827474965113,0.00590355898311781,0.0318145860368065,0.0116834175594088,0.0157998954382248,0.0192446843421297,0.0219397559496527,-937.010577084239
828,0.0150464748946418,0.0180144096211638,0.00523817865836246,0.0218214513616685,0.0119654315361472,0.0245118862128613,0.0183744792590391,0.0220567717710652,-936.625146483821
829,0.0138609902366045,0.0188844619244585,0.00686983532117233,0.0267625901861624,0.00723852591266383,0.014488276678602,0.0154608538672438,0.0224815871998868,-936.796198269704
830,0.00750828589257587,0.024729400039119,0.00247831052645084,0.0261261720125656,0.00879690906486665,0.0164602435307075,0.0138240540373299,0.0175653797585393,-935.385274584639
831,0.0102068727675756,0.0228312512281296,0.00715824718040795,0.0189940987766744,0.00845422873611961,0.0178100592356673,0.0204415159167375,0.0324706669116926,-936.644379063947
832,0.0103395690819025,0.0228799328733084,0.00384077776488444,0.0300751123955817,0.0138370341642898,0.0201136717957743,0.0151545715167064,0.025228856577046,-936.162849571765
833,0.00885578262623,0.0213429319843029,0.00391671452661776,0.0209330542324753,0.0135041230781808,0.0198951419940151,0.0203622303285037,0.0287403227292905,-936.130032833502
834,0.00722602994372924,0.0286454030289787,0.00387514318147546,0.0312846358241302,0.012231768364623,0.0188111550623319,0.0213987042157505,0.0232672969796854,-937.574614316242
835,0.00756418933245372,0.0238277748250252,0.00966245111959109,0.0217937132125936,0.0122337037244944,0.0127687114803826,0.0130955378668418,0.0229089469616168,-936.638703825773
836,0.0121237306485634,0.0199153742775244,0.00565895019216621,0.0162049898725046,0.00928620229946189,0.0181604103430496,0.0128143861611416,0.0184672539419966,-936.115170136974
837,0.0111608321028482,0.0224672421340908,0.00938849489461839,0.0253709857517508,0.0112619252145242,0.00948942533178934,0.0183580363835162,0.023019137639431,-937.304813421169
838,0.00526537173989549,0.0260437909171364,0.00227872799274655,0.0231148198763554,0.0140912945386904,0.0164748446981415,0.0171742977253057,0.0149316311863112,-936.916322711386
839,0.00842587078136439,0.0227991548487413,0.00383211832780963,0.0189734798675214,0.00801640098011415,0.0207005167780499,0.0158810783617496,0.0190608062612102,-935.4158965568
840,0.0151285637036636,0.0248383937557819,0.00458676657942415,0.0104476720579632,0.0095227024115925,0.016516962592617,0.014590081663838,0.0275623098117128,-938.939220156188
841,0.0115784487830595,0.0238103396515666,0.00168827150327726,0.0132143188551945,0.00970326092029593,0.0172418194092342,0.0218450563947471,0.0242615087733158,-937.657949693904
842,0.0144602108791282,0.0305499528840146,0.00850763546049537,0.0219984577112987,0.011537066699256,0.0151874741838708,0.0195214844559633,0.0201132655913827,-938.622110013149
843,0.00374658905447207,0.0336931551221377,0.00536737195879531,0.0223031825454643,0.0115086626223212,0.0162812948816857,0.0192979272232639,0.0282007871078925,-936.645985803724
844,0.0081417656526991,0.0269579294175527,0.00229262636947992,0.0248286166514124,0.0120079735608717,0.0138383246563537,0.0176892923121488,0.0250131804381023,-934.848670101494
845,0.0132574996909886,0.0295434992229106,0.00108785134615804,0.0238597519368858,0.0126399535508967,0.0165562989367634,0.0137329215837014,0.0247821678304937,-937.586124880639
846,0.00426593112354564,0.035808261829669,0.013792428498182,0.0234695885257625,0.0111670404079997,0.0153324543758114,0.0179813213196627,0.0203856991149118,-939.000900597131
847,0.00492932085771726,0.0229753352579531,0.00543127637992334,0.0261989211164248,0.0111185936332646,0.0147641398583012,0.017745432933901,0.0211987977766921,-935.961079337399
848,0.0137803531933212,0.0217696999785053,0.0017931667191955,0.0238215251016466,0.0108030358379573,0.021523563241828,0.0172205884186851,0.0235503278617281,-934.392548938302
849,0.00884783037378759,0.0179994727807706,0.00737878134551304,0.0286974276246549,0.00984071696595839,0.0138677412718371,0.0146607473501292,0.0251825953380313,-936.600291219339
850,0.0106124182782744,0.0198489154243306,0.0129223930526248,0.0246889011493404,0.0115672570321922,0.0194203881821543,0.0147895057090844,0.0171675956270565,-937.014107462434
851,0.00938213261797376,0.0275560626161442,0.00654917197850001,0.0218790721148467,0.0104844459237765,0.0186850384963736,0.0168527664555396,0.0281084171359017,-935.106801439976
852,0.00729351105632643,0.0272711926767687,0.00468015256628948,0.0184633987966236,0.011104758633846,0.0196952553877345,0.0161775469708922,0.00710648895956537,-937.785646769509
853,0.00831050429553438,0.0224330309891392,0.00313814160620513,0.0160110265382458,0.0113387918233138,0.0168911810058824,0.0122058450133046,0.00502822261138966,-940.954995151166
854,0.0102026422612832,0.0274202305878542,0.00621296289037393,0.0166381319434883,0.00988167026081647,0.0185458399359112,0.0151019749913635,0.00350045024093749,-939.742059687779
855,0.0100004757775006,0.0265827074310355,0.00807991807636041,0.0165153380401867,0.00969198602960112,0.0196429044602863,0.0156102638285065,0.0171491335244332,-935.673038694654
856,0.00904499405208244,0.0271509132940425,0.00546384922934251,0.0218979220361519,0.00963593861040065,0.0170724150025545,0.0151132925986372,0.0305114208991734,-935.742184632937
857,0.00946141210644574,0.0262428964420245,0.00638913966197455,0.0277123186193235,0.00724417622129998,0.0210842968228378,0.0191683034724901,0.0217971319105534,-937.244877550977
858,0.00736405767689266,0.0215817850092744,0.00451163795649101,0.0192540437939712,0.00916549619435796,0.0155469256330278,0.0172931310178205,0.0160465969736729,-935.977486057462
859,0.0107314622244266,0.0278579501995914,0.0104207755917765,0.0237309639065844,0.00904330101460812,0.0198833583818458,0.0136786819636755,0.0233369853922094,-937.183693781842
860,0.00963132931025861,0.0275310305261596,0.00706278674397373,0.0191816246590697,0.0156705995848548,0.0150517338316839,0.020192573622509,0.0194100186982724,-938.688879520162
861,0.00826451086775832,0.0235315489861191,0.00110595523058683,0.023048797713482,0.0147622137237996,0.0156377000089803,0.0120672082542625,0.0254607934846326,-938.27052773098
862,0.0162336257614827,0.022425571663014,0.00224006013844847,0.0230067876845835,0.0160699942299036,0.0154834961727985,0.0150073538096321,0.0202627986206859,-937.768465460482
863,0.0122197412441006,0.0217516760121321,0.0026185862613685,0.0289659212284237,0.00719473636094004,0.0214595366690108,0.0127820953548846,0.0183067887787445,-936.807416851359
864,0.0184855298267025,0.019720707944426,0.00249520290726589,0.0209728411636525,0.00771805814472863,0.0185238814842773,0.0188049350420226,0.0213518753020695,-936.584308788891
865,0.0128006263971657,0.0220890588982263,0.0113785672155716,0.0209815983637295,0.0115290451022717,0.0179458669448709,0.0188765208628951,0.0255038798915093,-936.525781022038
866,0.00749217390132213,0.0310640002455472,0.00775925933604488,0.0281572786469475,0.0103929819174097,0.0165942916668719,0.0158747728334102,0.0209268558369728,-936.00345133862
867,0.007506560511767,0.0296714237920467,0.00301988038361949,0.0333007173740458,0.0114311389003263,0.0155573062117823,0.018322439233977,0.0238156897090145,-936.74950775812
868,0.00586241599358848,0.0276836609700358,0.00667104108099973,0.0120819791811446,0.0104666549071303,0.0127284311471429,0.0161954208995426,0.0257648476443518,-937.479917580905
869,0.0026966328963832,0.0278345710137724,0.00964476509424735,0.0321554927000537,0.0131905880407008,0.0166740970142368,0.0152205231269679,0.0172135873006027,-938.869591938505
870,0.0111271718966722,0.02146942688661,0.00893430786570866,0.0258347898275004,0.0116284549030397,0.0201471523825184,0.0151827030497224,0.024460913899621,-935.551307346965
871,0.0138560797708352,0.0237502088124023,0.00300015882592922,0.0204766826278589,0.0120745932557428,0.0207479517138922,0.0178465173815568,0.0187750433459783,-935.08069115136
872,0.0104581983983041,0.0218417766982969,0.00657348574421984,0.022071266237569,0.011657381602411,0.0161295833616588,0.0169052916041488,0.0208973517686937,-934.117338032413
873,0.0127125657568217,0.0253114930275674,0.00350078457588349,0.0249757575170858,0.0105244126175502,0.0217029653520647,0.0166893762263694,0.0243458815381143,-934.698513547023
874,0.00965866589883267,0.0172052639346524,0.00837215729388883,0.025202177293577,0.0105926914532359,0.0188718400729052,0.0177868502012335,0.0269998804917187,-936.148727262253
875,0.0111478958481399,0.0258355057824868,0.00648686100344205,0.0235212122561022,0.0104344597966048,0.0268608035055393,0.0140091345810446,0.0217451233255484,-937.014104913116
876,0.00715862050400629,0.0255975523323191,0.00682000655859478,0.0292140827485163,0.00893208732188978,0.0193930219668233,0.0156633952600746,0.0242507472350139,-935.790262374574
877,0.00835225593298778,0.0269964173087612,0.00858074213386232,0.0287673251413574,0.0080072639198648,0.0197599777059197,0.0186609656322057,0.0241178535345599,-936.973017989401
878,0.0110972761524744,0.0167190229246359,0.00410953966659581,0.0340384049675888,0.00657425806154599,0.020529754231667,0.0207470258263898,0.022764988485824,-939.049681173134
879,0.0155984282902789,0.0195916284477344,0.003838088726052,0.0251631032013505,0.00624665853026764,0.0194856941978264,0.0170858852521822,0.0171114623161053,-937.743398583414
880,0.0130223927035097,0.0231213666946909,0.00448310450815454,0.0261238644742494,0.00680917074502978,0.021739290496135,0.0181760588657963,0.0177399261865446,-936.904081360364
881,0.0126697690676756,0.0211713923374159,0.00483487425870886,0.0229559887080758,0.0147610213448586,0.0148766189883324,0.0174241978409824,0.024058352424863,-935.680804274857
882,0.0132761943204037,0.0195844076278891,0.004819844832587,0.0152908520374015,0.0160188710969916,0.0161630179847036,0.0131049816202727,0.023849774865518,-939.188365373692
883,0.0174650707163164,0.0233872454609974,0.00874505858496884,0.0228030877068855,0.0159675334100011,0.0152902174414083,0.0121776422716343,0.0221732810273906,-941.296998608532
884,0.00654657970287727,0.025131346841823,0.00846689391425992,0.0221728704645888,0.0121929820597913,0.0180072913913752,0.0208490237810391,0.0385323031600052,-938.16573530487
885,0.00516906408396747,0.0288129600192387,0.00392685529731932,0.0203446956155571,0.00807689465640698,0.016735622108778,0.019870307966421,0.0384653901316007,-938.868670609848
886,0.0144746722916545,0.0260961526493783,0.00303073222196811,0.0254159102208708,0.00947856870489158,0.0153675133586047,0.0206580223669047,0.0163221070017601,-937.441282012678
887,0.00725501466741269,0.0292978167687051,0.00910859380665784,0.0295355442277776,0.0130018610240546,0.0200982596727881,0.0116893221748237,0.0158960388930266,-939.446482241582
888,0.00691385950433066,0.020261568710342,0.00391629983751527,0.0227772087633694,0.0121197780164805,0.0162533694822965,0.0181344064366001,0.0223554155615879,-935.408937508841
889,0.00656379386355242,0.0212418947859084,0.00266805805957101,0.0284818650232099,0.0132748603658925,0.0185307079325541,0.0145508283378318,0.0183771212617051,-936.287717035582
890,0.0130351930832402,0.022645268203494,0.00871225478792357,0.0181357291163851,0.0100333182810082,0.0138680930484311,0.0192267800991056,0.0278515258213938,-936.246249046849
891,0.0112387950900873,0.0242738085947747,0.00296904254361698,0.0186212039721451,0.0098743590149453,0.0205277214175488,0.0137763650426029,0.012219537291202,-935.770933102667
892,0.0105164486355886,0.0220405772222699,0.00312992469090752,0.037477758398176,0.0113550204353678,0.0192617166689273,0.0180543059919584,0.0106981776163299,-938.262732611165
893,0.00716660725901113,0.0254061935729124,0.0063883601349443,0.0321944630466989,0.0110442480149632,0.0161770093876373,0.0140699995024306,0.0139095671996968,-936.669862939518
894,0.0139905737635913,0.0261190219125473,0.00818100090735678,0.0201533130851098,0.011047708663042,0.0316110028711922,0.0185123933702707,0.0185188000368437,-940.666176363991
895,0.0129030916638485,0.017952383053895,0.00925850512096619,0.0169438319439876,0.0101478606531528,0.0239810782506065,0.0142638375864107,0.0157621153365316,-938.247279402217
896,0.0141231717112441,0.0251593579766186,0.00953139777348257,0.0156846059457805,0.00831216316252965,0.0186892596376095,0.0151082249722415,0.0187407348103206,-937.316611686959
897,0.00371551802930079,0.0239421636566063,0.00796497046797574,0.0393018593469282,0.011242222146059,0.0178952052421001,0.0162326477959619,0.0202051724171557,-939.275312632353
898,0.0158819140073421,0.0237298112531568,0.0158468022719709,0.0315060414078804,0.0120610993170176,0.0224670028474293,0.0171792004811916,0.0230026265357112,-941.124777478497
899,0.00743788339258546,0.0297905236876693,0.00433100460782356,0.0264278008700732,0.00895201479404894,0.0203263878162507,0.01583495420416,0.0164750689318558,-935.945971922007
900,0.00924053932500203,0.03253560776353,0.00487533499117517,0.012846324040075,0.012397833840725,0.0150790815410656,0.0158163417773716,0.0245239064308079,-937.141860631855
901,0.00795772824151195,0.0268200686141131,0.00607848021927912,0.0097842050740777,0.0120247339396854,0.0180615581983281,0.0146348824112059,0.0245275482613112,-938.303275642925
902,0.00779143181676182,0.0308258415656182,0.0100679342193774,0.0248699920546491,0.00758271398206842,0.018120320535652,0.0140869941424991,0.0290963862205012,-939.097974577147
903,0.00785357065357323,0.0289368311538117,0.00803265674251639,0.0245760588617131,0.0133455417229647,0.0199298867760858,0.0162569069244885,0.0316826023229128,-937.890242242248
904,0.0076692887041359,0.0224869749546059,0.00532315285526658,0.0284822839653448,0.00775266346191185,0.0175741867151558,0.0167550849482458,0.0166029912933967,-936.377994850418
905,0.0168172070022031,0.0181260536508496,0.00175546907052865,0.0237407579627119,0.0145691345396323,0.0221229585749975,0.0145196530310692,0.0169941422228372,-938.285017855475
906,0.00702313307108106,0.0241943768780255,0.00227568077006234,0.027343307027544,0.00736987107784612,0.0208486090655882,0.0168292080712171,0.025374797469927,-936.899253985091
907,0.00910890222165586,0.021173268095743,0.00398796497739075,0.0393206556240213,0.0138072666001024,0.0131056898404307,0.0146599334229344,0.0127699096268657,-939.694067808561
908,0.0122488106231211,0.0206769820604708,0.00631652490725093,0.0306765550303006,0.0116808300632033,0.0138794697194362,0.0120220499613843,0.017309456935553,-936.798642525923
909,0.0103264819404778,0.025375395433967,0.00408232612778398,0.0174480109021784,0.0112033210253376,0.0147429241336627,0.015056333722941,0.0229558675810091,-934.338384787371
910,0.00985250997760569,0.0213557568769374,0.00843877873272058,0.0188471828268298,0.01483160247538,0.0151465213320128,0.0148379810722988,0.0157164158461287,-937.444399145959
911,0.0136367431868266,0.0212431754808093,0.000591039812212704,0.0148543833063792,0.0132250414528236,0.0146098974768969,0.0168891449465466,0.0166530949122078,-938.157990524166
912,0.0105311533984574,0.0283649502826202,0.0135773613860987,0.0284841458951366,0.0113681390928322,0.0296013035517288,0.0172910193485691,0.00933101536337675,-942.80029776376
913,0.0101905586064839,0.0263232716767216,0.00370991924304527,0.0265673439869919,0.00998843910870688,0.0129930839589986,0.0132198159788643,0.0138926383389012,-936.223776492403
914,0.0119509733874641,0.0277645761514255,0.00251079559013117,0.0208933552959305,0.0105193831848679,0.0202737182756369,0.0127463590393198,0.0193376583208416,-935.677108478762
915,0.00981032401658029,0.0230501194963855,0.00665599068672203,0.0245964972804918,0.0113115542150661,0.0170594156112953,0.0169523748427186,0.027011273686588,-934.441366913211
916,0.00927255466247846,0.0222782825933086,0.000858171982410452,0.0292379738455566,0.00969624345885319,0.0193498747899785,0.0151031704115177,0.00781106153558452,-938.420757919936
917,0.010299531858179,0.019074816996716,0.00724509270220317,0.0173289849312387,0.0104254483393955,0.0173049340324332,0.0157083118117535,0.0293896059688915,-936.575406891099
918,0.0189506184242135,0.0191304886962213,0.00331988996879545,0.0317768391710076,0.0108460329789993,0.013598457344836,0.0203750976193565,0.0269690483483738,-937.920910804039
919,0.0156882069694091,0.0197823759262666,0.0034196101780208,0.0198386055241159,0.012582623682711,0.0221406026113567,0.0203583038366465,0.0286516558492907,-936.974970424905
920,0.0177429009844365,0.0237543998980038,0.00373833766839265,0.0254503344846538,0.00735484327460633,0.0185388731512441,0.0204817724529692,0.0294792238089859,-937.915740893952
921,0.0149275247682221,0.0207995421338632,0.00190801845661828,0.0237956034238889,0.00935583051940745,0.0281809548257611,0.0218654018178375,0.0294517018248164,-938.228967730594
922,0.00740991806956092,0.0220153338069921,0.00301052591204204,0.0272072749747063,0.010338292528011,0.0135208400500017,0.0159376241714949,0.0140535616286823,-936.068770450795
923,0.0112461351678526,0.0244389649602388,0.0025603696339727,0.029942642177345,0.0103751322665674,0.0241934587724779,0.0187297065793635,0.0260603716651487,-935.925790623898
924,0.0123992173382251,0.0186594830557462,0.00362088578024364,0.02657249837999,0.0109258555513996,0.0149755393685753,0.0162550177659505,0.0285369531813496,-934.866027030146
925,0.00835125633210091,0.0276268369504237,0.00289884251020566,0.0265986305569205,0.0103471238554201,0.0193564118406059,0.0164032106305295,0.025849747683086,-934.901644567151
926,0.0145450928277115,0.0215758223684338,0.00591697617250893,0.0209184034403213,0.00946383290195549,0.0190911253848491,0.0140206923578888,0.014534869759895,-935.432849430318
927,0.00688960579909436,0.031147450009838,0.00102203442578738,0.0189366299308172,0.0110839851184324,0.0118058354494044,0.0154141279407952,0.0241769915863279,-936.709604828655
928,0.00725276675675649,0.0319063488628367,0.00765898185615505,0.0197186706581773,0.0101764864243376,0.0231980271409207,0.0180145834154661,0.025195998294093,-937.099620598254
929,0.00628569558593009,0.0238205917500281,0.0109330569323849,0.0306908001818303,0.00848718621447789,0.0180042582435094,0.0176805827789788,0.0203536322093928,-937.447973459871
930,0.0117950618681062,0.0160255820339418,0.00044023959435987,0.0303298527090214,0.0126601732225309,0.0138424516777111,0.0126581767186813,0.0208887310152161,-939.478822931843
931,0.0199555097582772,0.0179498261384571,0.00173737452622227,0.0144432227073651,0.013356836486679,0.0192622140421459,0.0175513527644242,0.024439419656978,-939.284124920441
932,0.018627876989874,0.0273386042846766,0.0016956820990168,0.0129720902204983,0.00842956584804891,0.0247012839259785,0.0204840340356885,0.0340822447872532,-941.960724267668
933,0.0070484756849045,0.0349571580387505,0.00164847937635051,0.0297644917346587,0.0116916563393777,0.0152776697677228,0.0246052042197167,0.0314087674444474,-941.282758573114
934,0.00613038282840775,0.0294387751091,0.00803470389897641,0.0207745043945131,0.00948764263948433,0.019294987601871,0.0211997661442503,0.0263105697020131,-936.981535307235
935,0.00402191313361296,0.0280687739407305,0.000976927144258733,0.0302406121319259,0.0110394450046079,0.0189101296340488,0.0204794799073294,0.0305631447621022,-939.009080321021
936,0.00753025961817297,0.0257485086955225,0.00883127969184147,0.0259771635937724,0.0112256842939462,0.0153984483493661,0.0128295803983897,0.0244463781677889,-936.436817958257
937,0.0092383566765482,0.0188835313924107,0.010392842832015,0.0200106038509761,0.00869602701317685,0.0157042759415627,0.0181463967225644,0.0222608401381013,-936.980945721575
938,0.0122683808842015,0.023528065380837,0.0020241747634595,0.0209732687345257,0.0111748331567157,0.0178119395841191,0.018045741088288,0.0247018110314836,-934.028649343285
939,0.00870770535682575,0.0247874524866131,0.00345306193484364,0.0212982895510628,0.00976725171114565,0.0218757514050155,0.0166801574747905,0.0182955946768596,-934.469784119306
940,0.00891599876298678,0.0228436755991618,0.00454906270308553,0.0215870936288622,0.0071017561619551,0.0178925339990247,0.0149810187171017,0.0174678400765429,-936.098559990998
941,0.0178963185135284,0.0204638060602913,0.00166986596357489,0.017140308126625,0.0138053999868385,0.0212217187306053,0.0151423915351888,0.0261295925095006,-938.403145403573
942,0.0177161347990948,0.0223207607438187,0.00427727392305215,0.0278711346217433,0.0151139800657313,0.0196024119280725,0.0165330253005797,0.0225061554326575,-938.634379710969
943,0.0191527286321957,0.0249408524448698,0.00511250549639133,0.0233024946969796,0.00928473105986247,0.0170753790119289,0.0194536326172307,0.0266104770907598,-937.351091721448
944,0.0118661143525545,0.021541345831842,0.00480229758346672,0.0333409993039163,0.0115940910855782,0.0141067814809984,0.019211847069094,0.0192422395685847,-936.06748320686
945,0.0126396785043746,0.0237772344277816,0.00497634137116893,0.0204314651473134,0.0100998558508722,0.0128636258961385,0.0206840807862354,0.0279755360020928,-935.667718904599
946,0.0107242787367445,0.0244021528425023,0.00638812363610476,0.023158055226704,0.0110574849372181,0.0200153122880418,0.014955478037976,0.0219034109231418,-934.436642889567
947,0.00660493388099622,0.026786668230167,0.00768511719811373,0.0431858875748847,0.0113537931423204,0.0306569150024157,0.0176995060927766,0.0258267536933317,-942.763809619636
948,0.00781358784080997,0.0185216584742511,0.0039248063630245,0.0410410115809206,0.00945085709859002,0.021335373738799,0.0173054953616513,0.022395625734761,-937.823622498795
949,0.00726045293303491,0.0159175055600969,0.000725034439994866,0.0303329411851567,0.0106503228050887,0.0201889035792917,0.016375928967479,0.0332113198595044,-940.415805271075
950,0.00730765730748707,0.0357597000084777,0.00524270663729085,0.0236131948705355,0.0115292083777158,0.008428970596988,0.0199106079060116,0.0168680775449049,-941.24361704336
951,0.00642864460480842,0.0292303789555826,0.0034659096241084,0.0251952156541819,0.0146919838887954,0.0286966473295072,0.0138392843350926,0.0173479422296142,-940.091504385071
952,0.00789858164372251,0.0291939224435177,0.00349646803487713,0.0179785564645186,0.0140660513575908,0.0204533413444666,0.0162273458477504,0.0270875219868097,-936.628630432218
953,0.010385923951028,0.0277823362399544,0.00110567417517911,0.0238373562958184,0.0110820525904961,0.0126258657319422,0.0188061168809903,0.015981074250288,-937.161153291369
954,0.0114314302659639,0.0294400642006023,0.0024637446500164,0.02263820681818,0.0109051758044617,0.0191950124602476,0.0179647404811653,0.0222333179726383,-935.30344569634
955,0.00820137616051909,0.0176459536115294,0.00255925925125406,0.0249716114011077,0.0105940293980914,0.0160712615620018,0.0190095427084092,0.0354298083096269,-937.4134854451
956,0.0127301327121288,0.0173557040116074,0.0049839417580188,0.0335413144792822,0.00963895112718684,0.021580212199164,0.0209645589170936,0.0180748959576688,-937.569875907946
957,0.0131172865013613,0.030677247334588,0.00274398361124986,0.0288910582558063,0.0117058710204659,0.0177033883467339,0.012761913519301,0.0130506258804034,-939.060539199667
958,0.0137525476271717,0.0282985989213134,0.00290229217475513,0.0168915252462809,0.00927680515216223,0.018074350033427,0.0167595453184533,0.023007178724373,-935.484838787624
959,0.00801367591776395,0.0291200333436514,0.00303560404368504,0.0258265591251938,0.0126352697008222,0.0176637646956644,0.0162446896372976,0.0270712825217981,-935.547840741313
960,0.0102296918346199,0.0207265868235292,0.00810640384284705,0.0283273605171561,0.0113059732712453,0.0186348267745389,0.016302630253373,0.0244166861007433,-934.993807890588
961,0.00912516107945763,0.0303113828678808,0.00584793603993232,0.0275740688337181,0.0114288594427077,0.0134075658126789,0.0162109812037798,0.0284097309400253,-936.523564343915
962,0.00471176498855536,0.0294487103379985,0.004256839067352,0.0179872658075222,0.0100009089966925,0.0176131739422771,0.0167690564039093,0.0324693064176455,-936.849130198215
963,0.0121100394047575,0.0221173513044574,0.00539299003353852,0.025843743358145,0.0152234875831497,0.0181986056284745,0.0202684129199971,0.0293040848284363,-937.273701199635
964,0.00545799775722946,0.0328236621991706,0.00626153066004685,0.0275277895733212,0.00898955595989186,0.0224545438578869,0.0145331221861446,0.0164337699903631,-937.9101130628
965,0.00928785923627935,0.0218158134597394,0.00439469824946594,0.0201901631960688,0.0109242475565942,0.0249163811685506,0.0164099986622577,0.0200188325716771,-935.162985021806
966,0.00892870855127324,0.0199746276147177,0.00562424993262804,0.0220728707211122,0.00971103155747705,0.0214513294662314,0.0144362653375246,0.0249529206670175,-935.544453232447
967,0.0119628326500447,0.0240886504119124,0.00422778431885445,0.0198911868267182,0.0109789260710557,0.0133019342896985,0.0174563704244966,0.0154711618916448,-935.203634677383
968,0.01423381420416,0.0203991607731663,0.00660795753977899,0.0293739260629942,0.00918707192008332,0.0143202085913504,0.0158261976795078,0.0211764348532456,-935.270815337073
969,0.0165475667828792,0.0196303830733297,0.00588794677584861,0.0269152393427812,0.010027516801747,0.0194606452068896,0.0116883065402488,0.00931674308918379,-939.614128818361
970,0.0147735156704346,0.0212368821822537,0.00563653898950137,0.0157945486648947,0.00852974181454427,0.0189204433839838,0.0166646522566728,0.0280476207251283,-936.431989773475
971,0.0145412920007956,0.0205316113684821,0.0108212287158716,0.0228924050867912,0.0114525740774062,0.0274421039649554,0.0150963365811307,0.0169360992605368,-938.908513095077
972,0.0103060411493478,0.028084723545658,0.0133807868994505,0.0318092407279328,0.00920539827609526,0.0263833064071981,0.0176183123536619,0.0214263012368131,-940.279221400299
973,0.013330875632294,0.0160552026936235,0.0143487797333229,0.0309998025316613,0.0106401398794935,0.0132841660717188,0.0155685562821072,0.0201144538720958,-939.260550075905
974,0.0117774969968335,0.0215587795064551,0.00491871759819881,0.0192553262913331,0.00905491394936985,0.022686775778761,0.0166150627553505,0.0192069055158889,-934.746727266281
975,0.00668134869892986,0.0226873031197944,0.00448731024519286,0.0373697983127929,0.0113246535494649,0.0152217772601641,0.0161772779171874,0.0212495961673422,-936.887053703879
976,0.0155221226871696,0.0186566281106533,0.00655420907873575,0.0202023226221221,0.00969538077538532,0.0174145200710433,0.0177038208584053,0.0196681716157011,-935.440772239904
977,0.0165980801208832,0.0241438699604959,0.00331137284027423,0.0240753974692344,0.00655193122301015,0.0215222136680224,0.0185469209316023,0.0197164542536068,-938.005357117395
978,0.0121954295494556,0.021680975769768,0.00447687962227739,0.0226418377552606,0.0140157513477804,0.0133697515510205,0.0166159522606296,0.0206794931003176,-935.183013821445
979,0.0128018524976917,0.0178648037795746,0.00505913932272375,0.0257904353878518,0.0139749287702525,0.0150272588344772,0.0150657962426134,0.0213263744161867,-935.93590760174
980,0.0113391247724275,0.026490264330429,0.00382856272488465,0.0250931528539256,0.00999172959194447,0.0186335232039489,0.0187483756820346,0.0190160346853023,-934.895119987019
981,0.0114093491215548,0.0210369825442858,0.00667121008974,0.0150320791496078,0.0131966075335437,0.0176778748065475,0.0184964685067933,0.0364483662785346,-938.776164289394
982,0.0131482946071568,0.023580716403892,0.00454364704594167,0.0240371853595769,0.00815553145680943,0.0217048738762168,0.0201858311311436,0.0186693738405899,-936.374822386423
983,0.0095098272093241,0.0227481466387524,0.00291352646873365,0.0258155559008473,0.012950203329036,0.0114604971173942,0.0173277575129766,0.0234113009137477,-935.407476419692
984,0.0109960178995843,0.0276471592399176,0.00323034527462287,0.0230089681042217,0.00896251142255171,0.0249740739954672,0.0168113473512415,0.0201849304506879,-935.92174444928
985,0.00994156829899638,0.0163455129651929,0.00298460078593776,0.02469013669091,0.00783009833356203,0.0247049198527359,0.0165885961133863,0.0218886395334952,-936.84462604204
986,0.011945330053543,0.018942609326507,0.00698319846296924,0.0382684458403098,0.0127551036413617,0.0226076995992602,0.017258114743068,0.0274400987501547,-938.236507248488
987,0.0100533969969179,0.0199295034484578,0.00469989429630684,0.0198575173033974,0.0102244545220364,0.0119895176207117,0.0199824888805671,0.0349308993105705,-937.295641128102
988,0.0112100926896558,0.0195549894816622,0.00657981245608779,0.0191212380290873,0.010680619865944,0.0228480949281016,0.0182420789464451,0.0191801775468743,-935.78215376434
989,0.0128643187243381,0.0242971494460902,0.00457910211477645,0.0180566268473128,0.0114666814821168,0.0153275447869017,0.0188015102647876,0.024994054767664,-934.748573135668
990,0.0111076537136425,0.0203485497082119,0.00233482112232291,0.0207317867290055,0.0109262055844597,0.0183827583140577,0.020328037537627,0.0352656012130817,-936.04046418326
991,0.00984160309004069,0.0263882396632347,0.00873805970169691,0.0308001806223823,0.00979991823713555,0.0214043898834466,0.0192110551828019,0.0213873292931348,-936.925370037141
992,0.0192742711876288,0.0183009696366065,0.000967573793928962,0.0173947090114111,0.0103957020492261,0.0157399029959091,0.0146534001075499,0.0211104019315565,-936.89814543352
993,0.0145398205132197,0.0263737312295789,0.00657424558950614,0.0195821707635909,0.0086119022943717,0.0189926568921509,0.0139839180765803,0.0184476251293278,-936.204756404597
994,0.00888441215858042,0.0242073633028177,0.0012742951154137,0.0302781913841148,0.013102109386123,0.0251190990786275,0.0158640838971858,0.0246474979885609,-937.589759195871
995,0.00716341006390229,0.0224514506506789,0.00932617814239629,0.0193641030811613,0.0109874948178258,0.00754574162451653,0.0130460468726921,0.0130421106437854,-941.543372077007
996,0.00709395216328676,0.0268454207129797,0.0114024305113616,0.0168215491003735,0.011854576844154,0.0313506146225157,0.0189494689725338,0.00988181630982658,-942.181118744875
997,0.00452725961475155,0.0243351524091134,0.00652915483406301,0.0196276817997428,0.00915718029818269,0.0238187392900765,0.0169086049924768,0.0325557384234527,-938.861036947515
998,0.00421027801232229,0.0265936359944215,0.00577716478764478,0.0172205461783247,0.00887708333641934,0.021867542009111,0.0173246234115391,0.0298451073159963,-937.977218172431
999,0.0164649790325445,0.0162890946061338,0.00157004417244982,0.0261864484882092,0.0102457092737955,0.0209745199255082,0.0181346292225896,0.0242203425105889,-935.791091823572
1000,0.0137859517474638,0.0232168905057437,0.00336146136649782,0.018102108181956,0.00777772921526917,0.0142368887655685,0.0135160372839686,0.0237119183988031,-936.358374074749
