"i","asc1","desc1","asc2","desc2","pol1","pol2","tran12","tran21","p"
1,0.0317042829973955,0.0682299027592842,0.0153943785662165,0.0279368523996268,0.00637510063894934,0.00735540911882984,0.053149049274379,0.279451352046071,-1054.45778328762
2,0.0103589186044299,0.00945485760235443,0.00344497120012069,0.124418591389652,0.00789440801438859,0.0337759920397027,0.0718849149950558,0.102171153273632,-1001.13791759266
3,0.00531860088702173,0.00768656534995398,0.0173967850383321,0.0224195267545227,0.00778303233074573,0.0109706398719878,0.0402228305709504,0.0761912313999061,-971.693794978258
4,0.00462001115697427,0.0151544715294403,0.0110574402980721,0.062700471434454,0.00917115700449226,0.0234890317406017,0.0313656540016523,0.0482584974886453,-952.440052034597
5,0.0124806993361467,0.0192112264248497,0.00186807306422276,0.0446033631002264,0.0108032637307228,0.0201746199285007,0.0241468241418599,0.0349635666519647,-941.040014772488
6,0.0117963322902532,0.0165947961214785,0.00803517930457324,0.0544811840555636,0.0106209710269916,0.0225476137785785,0.0206885599582813,0.0239607462065292,-942.700440818895
7,0.0140535220902735,0.0225742178236585,0.00839297026885317,0.00748425968906023,0.0107878046370658,0.0239891464231052,0.0160961225136205,0.019971812288787,-941.190681087872
8,0.0113027774461059,0.0207564621238043,0.00563232675083391,0.0445392844592648,0.00851934058509637,0.0282341087152761,0.0172690835998135,0.0240022468881846,-939.707046230711
9,0.0140810769331461,0.0194517108004847,0.00895614605183181,0.0211673115992388,0.0107713290825198,0.0256465206923315,0.0173066662496285,0.0255434151968638,-937.384308860689
10,0.0127209117813516,0.022441270158047,0.00661565636673146,0.0152772681531059,0.0124772131635218,0.0153691973922222,0.0166382389631422,0.0282056075138098,-936.383165151063
11,0.00816613473828401,0.024766959471958,0.00802165694860724,0.0327257334449232,0.0105224850318584,0.017190612318616,0.018669784516944,0.0178540309811052,-936.504640637396
12,0.0114458790683653,0.0238296096093122,0.00563497769439082,0.0287364995089935,0.0105625723099621,0.0171415516943688,0.0175886417903619,0.0240799477468527,-934.38312892277
13,0.00735414293644955,0.0239100494710894,0.00535107748389357,0.0252830082452074,0.0117773157176257,0.0196841275411015,0.0182584046769956,0.0243129064449568,-934.808313400068
14,0.0121971375922682,0.0219875592958215,0.0035957892940957,0.0248203166423371,0.011327668435736,0.0154931111674022,0.0154756673254681,0.0293160692005648,-934.801150878694
15,0.0041291238150949,0.0336048742238582,0.00581340394188312,0.0193766685998414,0.0135865138082698,0.016300804901787,0.0180959920193472,0.0112171893331744,-939.403112119322
16,0.00268935614427118,0.0355576330741108,0.00445883857323883,0.0159876952333765,0.0139697717831527,0.0189027502527957,0.0175917607116876,0.0304779990091702,-939.079142624204
17,0.00851483847591323,0.0232407542373612,0.00236233472597654,0.0132541086265566,0.0139583000019363,0.0153495639859793,0.0190848475669071,0.0183517647220619,-938.13153549371
18,0.00918139925919713,0.0257075865914985,0.00628143201537882,0.0333768761161463,0.00866142334444561,0.0205824854315042,0.020805650461951,0.0268990073745776,-937.461363537796
19,0.00843739536758603,0.0213194858820612,0.0127174353163311,0.028065683681039,0.00919452694620282,0.0157293934848634,0.0209711143883096,0.0259637646206584,-937.742693096866
20,0.0142256008305526,0.0208374313064539,0.0138568922123294,0.0199307873566432,0.0116584892433207,0.0114173197025143,0.0194859553177106,0.021625445553831,-939.213380060115
21,0.00948743016841683,0.0271235986929444,0.0132286016446192,0.0148434304208574,0.0115163938127916,0.0189425446743664,0.0147758987383421,0.00975423918556639,-939.116870908871
22,0.00464577070134842,0.0276348246083123,0.00341484367364892,0.0306265623131824,0.0104964385093123,0.0216355849555312,0.0147361037687856,0.00848448480742052,-939.060416065535
23,0.0137302650726493,0.0176340657756708,0.00771414138436183,0.0273689390506644,0.0110512212216026,0.0252409055613695,0.0132726018426066,0.00958421336754712,-939.499741659798
24,0.0123425555832589,0.0188892646146263,0.0020510510335208,0.0387653259937722,0.00857563179524455,0.0201836128646452,0.024503963060039,0.0353257213958347,-939.758171465327
25,0.014329856810612,0.0243416767595379,0.00327243793587685,0.0212430367056123,0.00913846684688107,0.0155102286801249,0.0145262581001805,0.0258993985678282,-935.054675914983
26,0.0217311877718384,0.0165380039948915,0.0025122405544213,0.0195575849718245,0.0120047820552853,0.0142094904722293,0.0202357733588989,0.0270054276252895,-938.702959587338
27,0.0183564159009518,0.0193820121808933,0.0045557867713656,0.0219062491264891,0.0131524202204168,0.0202230024121239,0.020178215262281,0.0283140725513685,-937.904297297588
28,0.0153667830393959,0.0250530694770945,0.00447960479046165,0.0218652613729948,0.00691689082794282,0.0170653666928985,0.0177105109366264,0.0244255886924004,-936.688086587608
29,0.00947752016094789,0.0265974874977195,0.00352043555098221,0.0220513992245585,0.00833566241135026,0.0127099551730893,0.0177769423709653,0.0178572161229662,-935.979204187433
30,0.0110650603636669,0.0232225889898059,0.00361296644710179,0.0167275804276523,0.00946386154550542,0.0184052554899333,0.0159362643490411,0.0224041284342703,-934.254632909221
31,0.00950913421266287,0.0229541042966317,0.00273523249931164,0.0171452461347984,0.0100621104682713,0.020903918828009,0.0183547941669031,0.0315260063493131,-935.879125216442
32,0.0144270579735887,0.0236777900599246,0.00298742470853706,0.0194228113404841,0.0091790324960677,0.018756322824908,0.0198510457822041,0.0272638442972874,-935.172351593327
33,0.013452389407044,0.0195827969184773,0.00494064830183469,0.0211656092249219,0.0111061144347357,0.0172316998318072,0.012492769531979,0.0246062264880915,-935.873703665884
34,0.00629105380908786,0.0321920327111217,0.00522166495973724,0.0205833449254669,0.0126202604589626,0.0191654693072085,0.0168575669484137,0.0234230271364389,-935.86190172542
35,0.00394153543352869,0.0280846270059246,0.00357487473087729,0.0158763684542186,0.0159387264687786,0.0278624301669049,0.0139511669725205,0.0183795800687506,-941.608814617096
36,0.00182690394147444,0.038880864107869,0.00509994843107011,0.0195241190411131,0.00781652526589273,0.00848612493059738,0.0222339241293582,0.0387154804983792,-946.4394713485
37,0.00973027743898882,0.0259222106951262,0.00339600193100511,0.0238788212801106,0.0139298909052256,0.0267431398906492,0.0192266732362017,0.0341886288441013,-939.19406253503
38,0.00787593810384298,0.0193544023097089,0.0161564292306659,0.0297364298951005,0.00946658026755422,0.014731154475134,0.0212101202665387,0.0224701350132122,-939.892329208837
39,0.0100154823181643,0.0190262134423168,0.00483445106166562,0.0280206924248965,0.00806215252195695,0.0131286371084765,0.0222302977175235,0.0347570050770605,-938.395108392134
40,0.013615434651839,0.0191506750061144,0.00451555941093543,0.0269748440921977,0.0097314445977278,0.0239377241780452,0.0196285249444396,0.0453936983219362,-939.849902874132
41,0.0100675860031411,0.0150400618332938,0.00770270568806864,0.0275354657596694,0.0101957527078311,0.0280719589343807,0.0207699482564001,0.0415398678052824,-941.886385874399
42,0.0191706166254391,0.0194424110854005,0.00535805081452198,0.0340404979498209,0.0105158988532285,0.024579982699397,0.0189798798348055,0.0477431338147663,-944.363797603542
43,0.0193697369424799,0.0216031978933527,0.00201930903311085,0.0266181659624694,0.00889894798571229,0.0167472716465334,0.0251013199298478,0.0372651274549075,-940.452586525253
44,0.020151174199718,0.0228923516732732,0.00519911308176848,0.0192408987172115,0.0118367248311804,0.0190049651513374,0.0302195630019883,0.0352520378661146,-945.356398438983
45,0.0205596517093541,0.0193289522611465,0.00139313268825569,0.0249848502368764,0.0101161414571026,0.0148416307250088,0.0258887899654616,0.033665089053334,-940.998384183236
46,0.0235202221665068,0.019322783032738,0.00442705509196882,0.0274880156931487,0.0110526172497076,0.0153119252722956,0.0149802152111579,0.0248414722797886,-938.805576167073
47,0.0143287293019037,0.0215109362561187,0.00466316007431875,0.0365169573302814,0.0111399261992779,0.0170782876829349,0.0166949231990535,0.0223385850627874,-936.04246532742
48,0.00669976691328581,0.0214084504004406,0.0110301546150654,0.0320743829961975,0.0104872812175195,0.0153437842109426,0.0152256679596871,0.0119242725925289,-938.625241793867
49,0.0104945284148815,0.020881738994621,0.00725512114955033,0.0323831253176393,0.00959510121969888,0.0236150154800918,0.0177807635419339,0.0252559832032801,-936.031897891754
50,0.014153242620062,0.0196191420317064,0.00488994178175697,0.032004274763748,0.00994814365181731,0.0241747781917911,0.0157241346886572,0.0289636095702667,-936.755690881119
51,0.00876992082242739,0.0193894685528676,0.00654803132240102,0.0161595252863062,0.00848510257763331,0.022329734710052,0.0171871190854557,0.0149509648813294,-937.930564547132
52,0.0099935463536313,0.0217055322761117,0.00502410476946936,0.0219703423909795,0.0113311867460727,0.0153517481828635,0.0159656227796062,0.0220132537871389,-933.787306186919
53,0.0128729375211957,0.021639502380253,0.00913440331220095,0.0363020296914848,0.0114526563009283,0.0160728046626994,0.018287193805976,0.0237311979586118,-936.981253052197
54,0.00943419634640657,0.0225990489256558,0.000647348508647852,0.0118991192014958,0.00998306521600581,0.0140143420681354,0.015471199710519,0.0198576354168506,-938.859425267358
55,0.0153603919721525,0.024527614590788,0.00330760493728993,0.0141219779910991,0.0100634763174334,0.0241867172747666,0.0164447888688125,0.0185281421742477,-937.114300327904
56,0.00812680907631956,0.0307586422051143,0.0021217770506286,0.0146908486310923,0.0100154744311936,0.0169793050663262,0.0128969971133035,0.0180882921974398,-936.473585212044
57,0.00689813102113334,0.0316822508104527,0.0124083568366422,0.0113474275703058,0.0113496425035035,0.01810067630601,0.0182812425303761,0.0187925778884903,-938.86288352091
58,0.0102949180883782,0.0332831110441018,0.00813392752649468,0.0259922998769391,0.0105278093757866,0.0188021059631687,0.0156883831213578,0.0241277929722025,-937.612974546454
59,0.0144410862428563,0.0127906309532638,0.0011489367209275,0.0299050679958357,0.00927405007892435,0.0228567064417062,0.0163850536608932,0.0179274309347837,-938.383073858118
60,0.0234351886018841,0.01491107060648,0.00454079849511196,0.027698214136846,0.0088630368787471,0.0185638299194329,0.0138259772444229,0.0202750682641653,-939.129832523958
61,0.0107872287866012,0.0294242503812744,0.00538404393801967,0.0314955382416734,0.0131241772604142,0.0107890448729539,0.0174146281629441,0.0238428582098088,-938.350902153113
62,0.00791804135400581,0.0357845490663943,0.0101849395826772,0.0159164009360294,0.0128658286332649,0.0221180829215974,0.0141892952956084,0.0130197370640117,-941.331767729931
63,0.00497746473989916,0.0213508816176238,0.00369177680820621,0.0141744225827161,0.0104392405195031,0.0196132749406807,0.0120719763830102,0.0153928871057976,-940.194721460962
64,0.0152794111031372,0.0241881894406522,0.00249096957811867,0.0331089185454894,0.00894024181027202,0.0151981554958375,0.0106661096304147,0.0208801642900218,-939.38755277191
65,0.0141439916441039,0.0249279811491578,0.00174203712623181,0.019126095510688,0.00892326571983677,0.0190869622906932,0.0210665189924767,0.0296011741301944,-936.341059378547
66,0.0121299524572461,0.0225829101262563,0.00713601686644761,0.0203169508137549,0.0113132885343512,0.014905690804388,0.0193961599894385,0.0237265488251418,-935.034391069934
67,0.015312832184369,0.0223735627327277,0.00488680619376948,0.0236095147589271,0.00955825350130947,0.02077015836108,0.0200870492867372,0.0209386112441023,-935.718005445466
68,0.00723769672775086,0.0287482370475962,0.00781738910945145,0.0235464977295149,0.00703582786712087,0.010767448935172,0.0159420112557918,0.0219331437406852,-938.863078487369
69,0.00483236435664757,0.0280592497206324,0.00819340990383634,0.0229209546103168,0.0160386123217266,0.0159442984365079,0.0140331938304738,0.0188960014191115,-938.257778017105
70,0.00837400334236587,0.0214359830894955,0.00527962879821824,0.0311034378921286,0.00825428601530597,0.0159900352271995,0.0237973607596416,0.0194316635288182,-939.765100253977
71,0.0108065742482591,0.022289193696781,0.00264841963456801,0.0303286814307687,0.00912719376714271,0.0199242521524746,0.0108424688037942,0.0177020630182062,-937.367646531067
72,0.0182668844972828,0.0214560068822515,0.00325670456489802,0.0156284708765243,0.010330058571119,0.023362844541855,0.0186554536780846,0.0307245218000284,-938.244437824742
73,0.0163597586596561,0.0214274261614236,0.00277493805793417,0.0338086031366721,0.00913704394202812,0.0247459772705883,0.0202494729435517,0.0277609753237074,-937.970839613972
74,0.0144408652343546,0.0181564030134838,0.0056785789192243,0.0169376693812838,0.0113527398738793,0.0234304615577598,0.0220996196681624,0.0250973328158206,-938.64237328084
75,0.0110584068229147,0.0174845734502845,0.0031154544016933,0.0303701746376017,0.00743078050596302,0.0128763020424823,0.012582240527501,0.0198814806725356,-938.493155614524
76,0.00791759810800992,0.0373307377066353,0.00652939457609236,0.0199035680898897,0.0107235537055855,0.0177977171445473,0.0197297901492277,0.0235765928041997,-938.176250930497
77,0.0020795934729922,0.0343224372302714,0.0103383342238041,0.0230347257693666,0.0105664358783654,0.0192705472351428,0.0177486121556581,0.0287462461245864,-938.330628572475
78,0.00795139520753986,0.0295169295220597,0.00658813584551215,0.016868717627712,0.0105319031087915,0.0215260273169593,0.0168712693280769,0.0276767694365142,-936.292512732035
79,0.00680865564064336,0.0278112590888868,0.00095021345561428,0.0167248194803629,0.013311129510597,0.0193648135334814,0.0187789731302754,0.0319712167082004,-938.137522305157
80,0.0150712393217211,0.0304749371930381,0.00436807418405469,0.0260775599197076,0.0131695087005116,0.0110698730535183,0.0180794818004759,0.0318083990011595,-940.13727503405
81,0.00824075607750042,0.0346575806227544,0.00796899071858462,0.0222817926844584,0.0129796097464574,0.0228051984892131,0.0195971412021593,0.01701350763322,-940.537090435368
82,0.00127558423903645,0.03534268991281,0.00966397281072247,0.0209008565375006,0.00896546179566656,0.021824085991888,0.0118920848047687,0.0230307816309695,-941.467185653919
83,0.00121438385645708,0.0302093729461635,0.00605808502054546,0.01862042249859,0.00924487795552223,0.0186032219577121,0.01224531264553,0.0108395010493798,-941.848923458476
84,0.0117276599450165,0.0276596252495423,0.00267089853386995,0.0363540923298971,0.00914202350450951,0.0134582288763028,0.0154282065886048,0.0169469341140279,-938.005373169539
85,0.0130966396685352,0.0166899586304468,0.00281302682946809,0.016527637915368,0.0097816646187451,0.022774725330496,0.0240327968550611,0.0244661011140579,-939.806293018159
86,0.0145048212471853,0.0259316776409406,0.00378081969783787,0.0228987907242516,0.0072248437504099,0.0116200982255898,0.0190731242837507,0.0187897989181864,-938.548952108993
87,0.00652986416956424,0.0185537605845202,0.00437777922961864,0.0373307703625835,0.0102789957894368,0.0123076491004077,0.0141094487283044,0.0230427805790564,-939.347761095771
88,0.0169219718432335,0.0198330933103155,0.00294603383224133,0.0205069848346235,0.0117074577183051,0.0123406043528097,0.0173589748110798,0.0174638891013057,-936.277299238025
89,0.0204898711873222,0.0132811176539787,0.00229400564623346,0.0283093489482096,0.00957732743454389,0.0182127844537503,0.015108028247043,0.0249632408274009,-937.995764488144
90,0.011195432162977,0.0143964972070699,0.00437968730570115,0.0274408742592788,0.0131077672161559,0.0129188738662428,0.0176665660013334,0.0237936493995945,-937.844439797698
91,0.0209345642155028,0.0163762816074844,0.00395294415408717,0.0241050814132805,0.010296691065027,0.0216919155233709,0.0204563101498091,0.023135210775963,-938.074335211905
92,0.0154991444951421,0.0160076191688915,0.0047978125914092,0.0263840011077802,0.00894818662478452,0.0200068738072386,0.0170846741375267,0.0233630884146299,-935.515046941787
93,0.0113592423266836,0.0196989610901948,0.00527037255917409,0.0358379162616822,0.0143820268306967,0.00900783501586404,0.0164331968302684,0.0228463226676955,-939.782763910268
94,0.00960053215811892,0.0173168659484328,0.00680259998938384,0.0292775300022543,0.0089795048960428,0.0120527077044892,0.0165837978691724,0.0284165488145206,-937.547353262796
95,0.013868293021767,0.0210049578795235,0.00131016060060248,0.030344780814574,0.00790226451360367,0.0368229945008689,0.0157497139328534,0.020013509175618,-940.970435313093
96,0.011153112420583,0.0251576674739332,0.00946408013448129,0.0339263280511057,0.0110239277408005,0.0323731310254915,0.0169043587263512,0.0146057924110494,-941.247381604326
97,0.00817776335457294,0.0175683480995659,0.00539305091329383,0.0200694027879242,0.00958525705270778,0.030609160889186,0.0186081853988063,0.0328407004750572,-940.562779051123
98,0.0121186932226571,0.0178371925794207,0.00786861294639976,0.0280669032964961,0.0104930839473965,0.01668784683346,0.0185033304579951,0.018599178595857,-935.768248084347
99,0.0111233369790275,0.0226547870410657,0.0161387484076245,0.0157391885331129,0.00917157481517128,0.0102137422679934,0.012240337883237,0.0255510548400796,-941.362545579673
100,0.00522206293051589,0.0352511773040597,0.00642651149386203,0.0207071764125301,0.00887774259460978,0.0152608855590146,0.0206085453558296,0.0240431220778238,-937.781647666538
101,0.00525466387272633,0.03357648686744,0.00214306348445243,0.0221254117480861,0.0120751360657369,0.0154849343892677,0.016182836424965,0.0236711791927945,-935.902902672388
102,0.00428240174780466,0.035608767228251,0.00792947903211733,0.0203970011137871,0.0138395695085287,0.0124911337053317,0.0142628993701247,0.0241092939391197,-938.201512792784
103,0.00411069555688804,0.0260268569732233,0.0112703226995349,0.024020362092117,0.0142979359931459,0.0157465115820725,0.0195939094595089,0.0331610043105042,-938.74850343618
104,0.00845744264089328,0.027406710588909,0.00491509504239998,0.0276188072855217,0.00942243558969414,0.0178137289583766,0.0170442566360467,0.0213127162622447,-934.801683817944
105,0.00969516475830644,0.018234909177989,0.00334904419768923,0.0236211701799824,0.0101666506409863,0.0138080586493515,0.0164633641369329,0.0193593417450714,-934.924616208623
106,0.0124701354408735,0.0212131474562972,0.00454644123410449,0.0203959618075572,0.0118587690885032,0.0154743269674231,0.017308079334053,0.0226318340525798,-934.027250696191
107,0.0139684694532466,0.0207985462915208,0.000688309515091558,0.0223666932633907,0.00921522807482109,0.0176174808510036,0.0147028327868781,0.0155835912506323,-935.509342152882
108,0.014483312282365,0.0181217270928673,0.00747545812794198,0.0212390832800689,0.011003307293254,0.0222736567536194,0.0169022202719656,0.027027210632127,-936.442763988475
109,0.0124305254744457,0.0180234661194967,0.00771559954870904,0.028950395103375,0.0100384652295865,0.0158173668905344,0.0144696696376174,0.0291567050487502,-936.751093797312
110,0.0127778900924071,0.0244000661546005,0.00548417242144797,0.0232008769851488,0.0134759475596291,0.0240548366101135,0.0208201813451742,0.0166888309128425,-938.894697159563
111,0.00874698972251379,0.0246956873138304,0.00243315789646461,0.0171434019092408,0.00970734820359452,0.023646436435137,0.0148221432162239,0.0179093483081965,-935.603025717553
112,0.0154609680972667,0.0181306716513866,0.00378875083992852,0.0187218241990524,0.0117342598715632,0.0201764173868434,0.0171113743310432,0.0299245623624883,-936.37594509693
113,0.00949703030696369,0.018482344219931,0.0023867470424557,0.0330702324660264,0.00938337461203401,0.0206193493246139,0.0196044619284068,0.0253465664116132,-935.978539026166
114,0.0117024690940695,0.0248762672826194,0.00317726170647858,0.0273308969907614,0.00902131554502722,0.0243650424034927,0.0172492833211345,0.0169029756977009,-935.70114380064
115,0.0152749085007422,0.0188833313627991,0.00460997213925772,0.0250900461357787,0.00789019435508128,0.0276390810600958,0.0160397669800377,0.0105468559765919,-939.10741363902
116,0.0155282179864633,0.0206453508951171,0.00434559731158586,0.0245833065430852,0.011358324212897,0.0278235618670882,0.0154072229853069,0.0169531073601387,-937.07077947184
117,0.010627406568569,0.0200235215603596,0.00506846623896391,0.0238809661131297,0.00942865888913596,0.0238695545137534,0.0160512844233273,0.0207550906134196,-934.703158466729
118,0.0107388560253887,0.0251586314649265,0.00552245006360067,0.0218757942054177,0.00901225279386072,0.0240342364349677,0.016222568308622,0.0161885386496195,-935.569444198558
119,0.0085624492520061,0.0220142969283965,0.00582330137603828,0.0209439824866868,0.0119262967638822,0.0162261127238396,0.0188128296063945,0.016191530552062,-935.65281732265
120,0.0133486214642079,0.016939745474813,0.00190540717169246,0.0226417698678864,0.00852473130179761,0.0249122220548384,0.0173219135413439,0.0205089016077642,-935.990520947604
121,0.0153438402959343,0.0140885422360771,0.0112735244503529,0.0233614942391693,0.0115091471523096,0.0292586127849118,0.014162234641967,0.0188584986500496,-942.169045795739
122,0.00987223893217612,0.0309339969189234,0.005783494410283,0.015093589433017,0.0119496669351485,0.0154666774939102,0.0160819019674151,0.0189637682738398,-936.141773533837
123,0.0125600991187573,0.0196823310405955,0.014517000185862,0.0173267539999284,0.008257189939363,0.0177003910678981,0.015038436480279,0.0317752888445618,-940.423618887395
124,0.00993318723904845,0.0207338041799003,0.0127092615645499,0.0289288261394942,0.00811541042889105,0.0181931481313299,0.0223714897898524,0.0378792939078662,-939.833307704362
125,0.0145551633738135,0.0210165544782152,0.0116191690865302,0.0347739710438746,0.011837127318319,0.0123604511308803,0.0200598833950587,0.0186813381869942,-939.923778220078
126,0.00879168475628021,0.023712574136192,0.00344111439093736,0.0298658793230157,0.0104475060233628,0.0261573529989208,0.0112836338492281,0.0210292068820676,-938.861326027095
127,0.0097061791680903,0.022918131081533,0.00410054309496244,0.0171479274157205,0.00844479228664835,0.024838932417361,0.0157657898066997,0.0205738206532935,-935.961672362914
128,0.0114135149024446,0.0192803430507881,0.00279425362975576,0.0245453770333137,0.010091534509877,0.0139730477094975,0.0138085013030632,0.0206340583988141,-934.612626701279
129,0.00735871901652595,0.0223803844348716,0.0187246135568875,0.0250117913598903,0.0146959601444547,0.00788062210904988,0.0145292360230988,0.0264683288474367,-942.226172480374
130,0.00398757437859137,0.0262714141844582,0.00682637929795817,0.0224847562439382,0.00997104279775441,0.0130127163354467,0.0188354917724046,0.0242196583520288,-936.666964058179
131,0.00394098667331204,0.0277336253317601,0.000245240097175271,0.0266500910240242,0.0112175254859423,0.0176710080762634,0.0187635395225721,0.0275753152678836,-939.306659309243
132,0.0069465745905481,0.0213561317922696,0.000299881618906298,0.0284296344812473,0.0121144119463519,0.014506474816116,0.0198532403445324,0.0201464991464561,-938.826681594111
133,0.00959604426456025,0.0211183220065562,0.00699347208574907,0.0345212958651116,0.0138768558537556,0.017878770532187,0.0177694547088996,0.0252018077049652,-936.949533946037
134,0.0113888075038655,0.0268737824172737,0.00826842126460973,0.0128869616258447,0.011894503216248,0.0127839155574613,0.0174360767239526,0.0343565079800042,-938.95368573245
135,0.0060771182095089,0.0319205330390275,0.00387444771206589,0.0296389109116922,0.0150782839262347,0.0175143134564681,0.0203740438224021,0.0349915288549988,-940.152841453954
136,0.00211756224049522,0.0285544138739646,0.0117832357272118,0.0465625532809595,0.0130549428033471,0.0218038330970096,0.0222641900977455,0.032923855666329,-945.230303560732
137,0.00506335316910097,0.0172159124013146,0.0132380704607862,0.0296018760494121,0.00886866686840401,0.0193839591633606,0.0163632680532088,0.0319058657924035,-941.297633545874
138,0.0147271669252356,0.0176276348034615,0.00789011200769475,0.0225995507932189,0.0130837021775192,0.016752336111953,0.0135623795649026,0.011684446758872,-938.682820213151
139,0.0108900148830663,0.0157192558130039,0.00907870120720969,0.0170983878019258,0.0105204330308211,0.0186175035324615,0.0135070220712112,0.0259153591964327,-939.447285022843
140,0.0155528411378907,0.0262761749342794,0.0050152069621973,0.0283547196109627,0.0111620953569628,0.0219806990254568,0.01823958410397,0.0252049687625924,-937.036234319219
141,0.00823422142231257,0.0282168457827138,0.00311136705939909,0.0261073499418475,0.0113847208089947,0.0165929101813266,0.0182041149807751,0.0213394516894265,-934.777946520074
142,0.0116101756326881,0.0289521005061635,0.00382948986216052,0.0204288401452586,0.0162282192510459,0.0124964647269482,0.0126195923187311,0.0129636151812401,-940.236398390272
143,0.0111722892840867,0.0287870953441642,0.00316148272241623,0.025113782205859,0.0141788380997277,0.0154061681149353,0.0131115599723042,0.0245584308526788,-937.226799283248
144,0.00353297008940757,0.0254663935548226,0.00285558794708506,0.0140087395141536,0.0126738656158321,0.0220942274338562,0.0206722531097183,0.028608936201705,-940.153453892619
145,0.0188502672096032,0.0186667140172927,0.00388146176738947,0.0162162989480255,0.00789655039591186,0.0267458365953667,0.0142266057317826,0.012173531631906,-940.636482076057
146,0.0113410282912258,0.0266875208715042,0.006651726766541,0.0179310356375214,0.00695897652451265,0.0191321183470695,0.0125182260362627,0.020475558700903,-937.99425661307
147,0.0101547651132932,0.0320820837585804,0.00183512015258671,0.0183870022540407,0.0146053056239828,0.0133107065864988,0.0124405527446406,0.0187428840733901,-938.323613467647
148,0.00720359135226499,0.026767632093172,0.005416875664346,0.0200401371782107,0.0118745056167686,0.0215182813514157,0.0137294038589341,0.016103672903828,-935.736863095218
149,0.0086478042111759,0.0260913534989964,0.00659496883952967,0.0225899416492235,0.0109750198946604,0.0183824310849734,0.0176268068427435,0.0189105069181747,-934.594006892604
150,0.00702888143558354,0.0249402606963966,0.00121586814867864,0.0295462451843082,0.0087834971012185,0.0220318038483879,0.0165808491648311,0.0238058847032264,-936.633781334103
151,0.01124461930012,0.0223529307951899,0.00470858100953572,0.0324039541773951,0.0117689901646546,0.0237272161395595,0.0171500753845046,0.0204029478322288,-935.844693230678
152,0.0104313363721023,0.0190416119181933,0.0055513524463601,0.0325621166800071,0.012715246360071,0.024607182364958,0.0198950963568078,0.0144810554679882,-938.835245773117
153,0.00987551116002134,0.0203880795142685,0.00406706542250964,0.0248437785159478,0.0109047004881944,0.0181694898916222,0.0162699065084639,0.0243775170318314,-933.860412311552
154,0.0132788252104175,0.0224079885008449,0.00459163777189773,0.0170743537293228,0.00901188506057711,0.0153854318441862,0.0188462359628672,0.0277761341305855,-935.358586269962
155,0.00869090282174274,0.0235071386194165,0.0045725725038754,0.0180070106417321,0.0100475461677041,0.0199026727228021,0.0200477954278756,0.0212722774360074,-935.4408911675
156,0.022093335512741,0.0233147703168655,0.0015780221408145,0.0230602389239566,0.00926369207810761,0.0166678108098422,0.0127593067590638,0.0162245171469482,-938.80889043647
157,0.0132062824436865,0.0206464968383711,0.00819762684772943,0.0144039327145087,0.0119470756964737,0.0162071582834106,0.0125314668036011,0.020074540836935,-937.727142723631
158,0.0131231853916374,0.0260598462739846,0.00351526125471985,0.0191626422721683,0.0116616581861506,0.0168058640947798,0.0126143866686647,0.0216770461754857,-935.500049843891
159,0.0112250764377869,0.0224560027938255,0.00822010368829999,0.0151263603959328,0.0114941800189587,0.0142272910075411,0.0134524983043303,0.0242169819898526,-936.711547996605
160,0.00612397264754585,0.0233091724429324,0.00709129976210093,0.0318840744823506,0.0138527564813103,0.0132509606637796,0.0144196485539417,0.0190851374400958,-937.589514902941
161,0.0137914763635989,0.0255051722122158,0.00279451637990608,0.0276946934655167,0.0148871190066398,0.0280162038150055,0.0136653554171701,0.0187318818304635,-940.578195724316
162,0.0185595464238707,0.0151822849646724,0.000467927556972244,0.0211603193487264,0.00982581642187063,0.0370057144711181,0.0205122096612473,0.0305253403403733,-944.935648365001
163,0.0136880777525589,0.0250420854377366,0.00846095393115605,0.0264789159689262,0.00611518707877394,0.0378469307633561,0.0195591881741449,0.0285396189626251,-945.583627879035
164,0.0108572670165542,0.0260058920834101,0.00851077185760788,0.0198588538113783,0.00888322390256894,0.0262517843077864,0.0192637010526265,0.0265672175113664,-937.825531952362
165,0.00914169043233706,0.0237379622828003,0.000615464252407234,0.0219984185001032,0.0103741190800191,0.0262759347827701,0.0140879241064839,0.020100107033693,-937.142309678898
166,0.0132080091197625,0.022376985614251,0.000694510306515134,0.0250675549779412,0.00978409974565585,0.0258244749983426,0.0178247969457602,0.0262761151768925,-936.511256363861
167,0.0123434909915233,0.0215036560136046,0.00561858335359606,0.0271063352470092,0.0102228522052433,0.011191722443874,0.0179013728001268,0.023088618370384,-935.493980225851
168,0.0100769131128898,0.0205827730430743,0.00333165083249974,0.0227234404586183,0.011274093703307,0.0144428041771184,0.0171041237165644,0.0262096806911827,-934.199005324053
169,0.0120669138948063,0.0214973313854891,0.00554923034485505,0.0255785266568816,0.0128460888338916,0.0184019537973861,0.0207534416886937,0.0239565902854002,-935.707508470242
170,0.011875978573894,0.0254058371789639,0.00683605757296295,0.0184030696782016,0.0112746174084409,0.0104775325266378,0.018913124738183,0.017491633767931,-937.287449754707
171,0.0122975027357082,0.0243725321174645,0.0060444950849882,0.0186855680465914,0.0113472537350196,0.0206735393387304,0.0130905258983165,0.0189104123545676,-935.609720046957
172,0.00920054343677379,0.0223564522931005,0.00771449622997914,0.0270023096473122,0.0131266797971029,0.020043542236039,0.0154379356616676,0.0163604877083924,-935.934140879485
173,0.0143526952020564,0.0190827756081784,0.00496300274796485,0.0220492505603223,0.0106762151942616,0.0201626460207842,0.0192763825025651,0.0172096182994841,-935.697184760131
174,0.0116384605782747,0.0217488356413458,0.0042316013667417,0.0171933249944063,0.0078268595413708,0.0143895631746374,0.0221519872042315,0.0412612590629247,-939.706825965178
175,0.0119180983130982,0.0374295120691253,0.00430701580991755,0.024075604881019,0.0128564069773195,0.0164968912516835,0.0200045769344213,0.0373037758616048,-942.265753517453
176,0.00228654768562322,0.0310125757460064,0.00386360369611242,0.023004311937044,0.0070356384510892,0.014483242500278,0.0223430707725999,0.0221716290765974,-942.204733840127
177,0.00817630312285406,0.0191293083922856,0.0083717577306217,0.0265876328427905,0.00740949306889652,0.0202038224165721,0.0141926412116337,0.020702746715994,-937.756578078291
178,0.00900171495329448,0.0187196530980885,0.0108331636963841,0.0281504791868002,0.0105347684411462,0.0224374823546696,0.0153940546343335,0.0126746172028341,-937.944423052159
179,0.0104001353631907,0.0203532593357638,0.00636888590578056,0.0298540034109614,0.0106665512042716,0.0219897584109514,0.016283701432728,0.0204808814566376,-934.909637240098
180,0.00984231050995375,0.0261186450351389,0.00479595789706987,0.0155470660296865,0.0111479422123195,0.0138525023189884,0.0188916484210343,0.0271227060379121,-935.521046010951
181,0.00802834434541322,0.0272232060053736,0.00164397751468591,0.0304267202760865,0.0109385720228113,0.0192560244555772,0.0159275266152586,0.0321780508993011,-937.410675643368
182,0.0093194069161211,0.0194609876346302,0.00428409933941453,0.0202394682290102,0.0117309161585663,0.0194252597031082,0.0195151603777147,0.0171020772411988,-936.018865192485
183,0.0106540997122405,0.0275224325034048,0.00161689355228386,0.0203188066154488,0.0103395805914005,0.0164237050996544,0.0185577966857549,0.0160343530932983,-935.814274632525
184,0.00815588741037217,0.0325823601087513,0.00706537447637222,0.0217562880628054,0.0102925205137849,0.0164436595114373,0.0141218538151555,0.00912336161315894,-938.708250812331
185,0.00488721040132539,0.030243915890647,0.00676268049781389,0.0233815066672124,0.0100534388218257,0.0131196313423499,0.0115852292719853,0.0279651746133548,-938.775541838345
186,0.00846069174475607,0.020672551782024,0.00582880195711819,0.0201440008141534,0.00835578512058733,0.0142926699469198,0.0128131727598356,0.0146443517856644,-937.206017299357
187,0.012742778992425,0.026782833900806,0.00539481554268038,0.0224207377753786,0.0114896388915179,0.015573475884808,0.0183808484592698,0.0171540200682651,-935.646128644369
188,0.010591423672006,0.0295087756196286,0.00582314853641204,0.0206771805203858,0.0105744428959669,0.0186127539921853,0.01758271090456,0.0164274705675196,-935.815724352209
189,0.00906636324240554,0.0291089403171026,0.0111398300282273,0.0117498438398498,0.0131491476814033,0.0152658283168562,0.0175949121086163,0.0216911892733674,-938.339718073895
190,0.00532315007096117,0.0267443895579345,0.0102413504068831,0.0222654986629116,0.015869623564597,0.0159210099064587,0.0221063979711785,0.0370345325949447,-940.718219950827
191,0.0109483346307647,0.0303431273214385,0.000245304174274909,0.0200850910031769,0.0140326148614109,0.0174825708015116,0.0197266694034708,0.0220813964984094,-939.532564438112
192,0.00688546802245873,0.0315483872963703,0.0106151604134574,0.0307874311216666,0.0138805463181908,0.0180378967916256,0.0137780842120785,0.0185682531773866,-939.423021476021
193,0.00567001989378687,0.0279559073745868,0.00362687104174044,0.018630989438538,0.0150460613839071,0.016847044572475,0.0158495442633445,0.0182299339092338,-936.427858366875
194,0.00595403664017544,0.0262659114450796,0.00267805886134149,0.022542249962037,0.00958594978438843,0.0111635148393635,0.0165088753410885,0.0266832838894676,-936.522382661386
195,0.0127874186955173,0.0359910164419738,0.0046658028394573,0.0158293836362075,0.0102420953746792,0.0206512215242756,0.0184138982800292,0.0229978150693658,-939.203601672649
196,0.010027901687417,0.036663883471795,0.00283671671738346,0.0132870214399616,0.00979735874565005,0.0176913912636462,0.015525982108744,0.0184021573564687,-938.2066024662
197,0.0103047812346637,0.0258581111740425,0.00192462645172517,0.0321231906025119,0.0120595915889123,0.0176656800789708,0.0179903755899124,0.0227069920306564,-935.860011466164
198,0.00984174186108958,0.0219850932970666,0.00467021526798426,0.0268227646009489,0.0120544158144037,0.0197657888683414,0.0186861415247775,0.0264231865105264,-934.700164974748
199,0.0156244700819687,0.0224963345950529,0.00184573227614375,0.0202686121417149,0.0114015814126428,0.0181047625055492,0.0197719269171661,0.0207513128675982,-935.587586205872
200,0.0203568573014912,0.0140445459060508,0.00292223195279879,0.0193404677716897,0.00758432441991411,0.0195922426143216,0.0156146555181585,0.0138951487855748,-939.766614547774
201,0.0154540685145039,0.0277968760859213,0.00549808188242315,0.0224422875472698,0.0133144698298832,0.018706456869601,0.0155348669747599,0.0371126391527481,-940.786291310954
202,0.00450050851734884,0.0292507147370265,0.0150288530067714,0.019974305292288,0.0144007132350524,0.0137940884064443,0.022354256954005,0.0215279087734073,-941.384921019406
203,0.00804096471880605,0.0284025270478323,0.00705114751559985,0.016332397547742,0.0100932874994485,0.0141113277052763,0.0180647925793803,0.0273139114432172,-935.74224303226
204,0.00624442796078832,0.0230032861756554,0.0176313875974836,0.0353371857204238,0.0113609510127653,0.0138810750624541,0.0131298147442172,0.0300831009621302,-940.985999440542
205,0.00757331445555698,0.0206573566916212,0.0107522374469312,0.0186252282250195,0.0109168005880908,0.0141814439283714,0.0175139907471815,0.0175938239870095,-937.07844214234
206,0.015888786244417,0.0196248849787401,0.011365769855185,0.0175145795140473,0.0114654744421533,0.0143396245849672,0.0115280978561494,0.0179465501699352,-939.735599016858
207,0.0126690207761208,0.0178979936737316,0.0094437002514782,0.0274069907142128,0.00683723129594364,0.0233534256674666,0.0120664119413315,0.0154168118739836,-940.362719731698
208,0.019858596642094,0.0159416041738815,0.0101755326646052,0.0286159546820091,0.0136863006561468,0.0148508966810341,0.0198814144157472,0.0364343333969963,-942.462824007779
209,0.0163198646859946,0.0187085901521984,0.00158248760357783,0.0370555220382883,0.0137226683368207,0.0209129571937295,0.0197646370673497,0.0355537417947612,-940.95814523484
210,0.014113607114171,0.0184362934635817,0.00101628570157731,0.0343365926864816,0.00716951186763992,0.0198838249638581,0.0221298786654742,0.0262657090597327,-939.087275434612
211,0.00919592943226945,0.0206338800293717,0.00145830026661854,0.0180005799292385,0.00732199716016272,0.0109192276384054,0.0183970168531591,0.0271965172012259,-939.64311012645
212,0.0144366345078059,0.0253131113516445,0.00564703475337932,0.0193338577255917,0.0167407188859412,0.0149099521814341,0.0185658984024064,0.027354707535994,-939.055558622683
213,0.0111608902088227,0.0220589427004572,0.00549550135873482,0.0302485375245676,0.0173718496994628,0.0167134301236411,0.0152684333006146,0.0213886679411536,-938.65800519364
214,0.0110802347747243,0.0202762653480089,0.00493623115142824,0.0332372058315238,0.0110083700369949,0.0139978447995131,0.0185206897156536,0.0222784726525244,-935.39424424689
215,0.0124763369777322,0.0216516068753314,0.00436781654519372,0.0364240985492068,0.00982518122515951,0.0108263109478233,0.0151168631326665,0.0199198725920289,-937.41864481489
216,0.0101021116631222,0.0150985191230288,0.00410016647267692,0.0359038917279927,0.00923376767835045,0.0178883065883483,0.0168336562400246,0.016026053515707,-937.720406424748
217,0.0104497001758342,0.0176896024758309,0.00743714083714017,0.0289859503489403,0.0109087786820901,0.0195314903566225,0.0185732416778563,0.0149856987406836,-936.779352838724
218,0.0151095080769589,0.0216031936639518,0.0081055000703948,0.0288087731072658,0.0134519540597763,0.0170723556458186,0.0135897369980689,0.0264026397645673,-938.215966041715
219,0.0103330385462845,0.0235603132907923,0.00214400395209973,0.0184893788945336,0.0129514213087659,0.0174586241439286,0.0176104695850494,0.0195184005801953,-934.773373587087
220,0.0133136015559518,0.0283858257854988,0.00388850837115909,0.0258842316405888,0.00782618563221305,0.0155117364024237,0.0130679525559774,0.0210134061382216,-937.13716400328
221,0.0121234076930183,0.0149485172964108,0.0102343604145028,0.0208283451285608,0.00766767659514471,0.0174618189756885,0.0177486418910981,0.0191432246960802,-939.457416440967
222,0.0152484081337705,0.0129645830256401,0.00373641531492955,0.0263604680277377,0.00865649330868578,0.0224901010349391,0.0207156566594924,0.0356215578075421,-939.255841837565
223,0.0118853321978998,0.0124759314155316,0.00590761273986138,0.0211578180345886,0.00924774840281594,0.0186227207080362,0.0151846016400082,0.0145350239082457,-939.827437374826
224,0.0128350293979891,0.0365997943449584,0.00202468409933381,0.0198534037763966,0.00874211288187587,0.0145817090764756,0.0132933784338614,0.0181162882104715,-939.076468352106
225,0.00965210157873042,0.0313303431736269,0.00575489000167862,0.0197554962835805,0.0136342711984702,0.017672058230282,0.0183526807066501,0.0198744917209232,-936.973138044964
226,0.00586187940168958,0.026342464788302,0.00875388547805455,0.0192724395469237,0.01338225486502,0.0125833517480584,0.020007899738431,0.0213694518419946,-937.518715796541
227,0.0156866338644489,0.0206790082471847,0.00739921866823317,0.0195729435846164,0.0142515615479902,0.0140228169804054,0.0149793634286768,0.0309146025729782,-938.944216436615
228,0.0031753913741156,0.0223250861582181,0.0070591253225663,0.02115593891086,0.0138081798240335,0.0151555270266842,0.0203280732365518,0.0258518597090136,-939.282935320856
229,0.0157541671091412,0.022818634799427,0.00780992501536692,0.0181881367426178,0.00777480620205411,0.0152178727069087,0.0196042750811498,0.0219990727234442,-937.696666372062
230,0.013386865351322,0.0253782301330832,0.00863443533732009,0.0391440751641698,0.00796258804598186,0.0162233746637325,0.0183205338716296,0.0248418283009581,-939.177349642334
231,0.0119079189529024,0.0321842084824432,0.00921355596623673,0.0296009132491208,0.0130028949158146,0.0206705241479694,0.0208547109890437,0.0298437830487034,-941.459908518779
232,0.00731195296318785,0.0241904203140724,0.0162425960686696,0.0330525001513477,0.0109738507022665,0.0176796199310721,0.0135669347177243,0.0298644989391759,-940.15924890269
233,0.00710569057632572,0.0196198461516444,0.0159975627035386,0.0339650484984789,0.0105827233966651,0.0164209134159755,0.0149208073701089,0.0171088377004574,-939.473631509922
234,0.0139493331763177,0.0226053461241358,0.00456041125987051,0.0187398778457007,0.0106378809445192,0.0209358471671829,0.0132394689378345,0.0207339042852185,-935.284593422321
235,0.0140402325633283,0.0210599456389985,0.00544745648258526,0.0213894013696938,0.00999662271368813,0.0130451866516887,0.013116684943736,0.0182255229063445,-935.410126501372
236,0.0157071912403763,0.0230280710348251,0.00185121995519648,0.022109826022352,0.00935966304020604,0.0115112603679346,0.0159149840508198,0.0167385838589677,-936.319176470982
237,0.00631033596272332,0.0332733918238865,0.00381580702418849,0.0281236347462442,0.00960724290763013,0.0148025692174128,0.0144622041315135,0.0232492834797894,-936.556494743703
238,0.00758109882832596,0.0309398810307234,0.0051439054889821,0.0218211055097639,0.010345495639569,0.0234799194430452,0.0191709489932586,0.0227046730726006,-936.632676698578
239,0.00738597133255667,0.0225745148654488,0.00888228079950852,0.033316667263652,0.00967082211256423,0.0205296523854638,0.018759124948324,0.0238174934466857,-936.820026266441
240,0.00910425263745964,0.0229585413322753,0.00807916030860534,0.0152560062686941,0.0125908498975759,0.0134551393429822,0.0160840785845024,0.0275941923513476,-936.773135253465
241,0.014910090981662,0.0300594273101514,0.00964257277394807,0.0208691869150244,0.0113352202672217,0.0156947583439066,0.0185083507762558,0.0166969156553233,-939.109384861676
242,0.00870573926379562,0.0227713404010688,0.00811282090653658,0.0253187691877475,0.00670929127487958,0.0331031873743251,0.0171016747713082,0.0134234430985606,-941.736198716045
243,0.00920317369530894,0.0220221111013008,0.00266557097919682,0.029502239965374,0.0143389055011117,0.0105562196321633,0.0140675439533293,0.0306163779568534,-939.200471765338
244,0.00904109213021768,0.0175865490598527,0.00625300584402826,0.028726419247028,0.0112509372044716,0.010965144147971,0.0152158560431924,0.0249718965759547,-937.295198117884
245,0.0118226628208764,0.028084392305646,0.00757257604490217,0.0226637802155345,0.0138717431472452,0.0160677768265556,0.0178226851163929,0.0224734939092786,-936.728202180482
246,0.01332067268988,0.0182665916677125,0.00175159531575702,0.0232173337889974,0.0152777156940801,0.0175252809847628,0.0192603353196333,0.0313936799078181,-937.800674086792
247,0.0137925097946116,0.0244461764969668,0.00229829844092488,0.0176329964450692,0.0154125252355546,0.0180661381186249,0.0149716539857518,0.0273243631854505,-937.642393102062
248,0.0144973646247528,0.0247957429553496,0.00309770053283165,0.0321430929106363,0.00817548113582886,0.0176865968966944,0.0157447915318209,0.0247897635736316,-936.332002186172
249,0.0100387043792026,0.0253241089558982,0.0012690861526408,0.0363419679144791,0.0114178913200226,0.0199415568117101,0.0181786069912275,0.019947659173767,-937.219323186797
250,0.00842562734378976,0.015897326297678,0.00789956653503321,0.0292741979375258,0.00927139521589248,0.0149524508408876,0.0134530248243285,0.0215383360745411,-938.371588904767
251,0.014021067190496,0.0168265860449821,0.0082971747040016,0.0240516369856486,0.00851871655617404,0.010958274157749,0.0193850947236028,0.0363765140421247,-940.346336859077
252,0.00835744994388755,0.0302325778929952,0.0157133168423319,0.0281513299687967,0.0113666905303506,0.0164291140783745,0.0204251450246796,0.0123648660678589,-941.897428910619
253,0.0080466294802739,0.0287777799951463,0.0114746228363662,0.0289190990885233,0.0106845709570579,0.0252163830537454,0.0184903088680579,0.0106427663894426,-940.48058617947
254,0.00942438966292489,0.0189365557746078,0.0019348151930985,0.0331641402870185,0.00952289725599564,0.0148377213319222,0.0135089138318335,0.019101685117693,-936.46583972324
255,0.0138599064612182,0.0290777244245872,0.00336354671266741,0.0322199263139461,0.0105287096032831,0.0229440591890232,0.0175475617077932,0.0198236548888381,-938.104401570493
256,0.00453040802168614,0.0271595998655665,0.00361751988242881,0.0279760004448119,0.0148874265239205,0.0226533801819201,0.0132974482702192,0.0184563962525246,-938.786222145029
257,0.01034997690172,0.0254507886199477,0.000770107362123932,0.0267511088330148,0.0162672307692474,0.0162069515823068,0.018109160422922,0.0183661583225263,-938.704587875858
258,0.00503474383028675,0.038927945647786,0.00714623744037169,0.0163450439405369,0.0109203783998765,0.0148193220278603,0.0186437067555327,0.0284565810964543,-938.430014222059
259,0.00815557114293807,0.0206849054528025,0.00401913195056881,0.0326494308453922,0.011220289109778,0.0198237663505441,0.0183530417474219,0.0207017934921598,-935.585780096206
260,0.0145383896650922,0.0191576221198679,0.00345867705788011,0.0164862506780523,0.011352800098344,0.0178812500446267,0.0141388826442787,0.0263248663260489,-936.141039925397
261,0.0144579770517763,0.0207717711014157,0.00203412725234362,0.0153347639283474,0.00976259867844742,0.0142765353074032,0.0178844340615617,0.0221286071723026,-935.671306754685
262,0.0146177874771884,0.0247756351236952,0.00342464479875396,0.0149882967725093,0.00999277177118342,0.0113637256654133,0.0168535059290933,0.0172459926771142,-937.004457312364
263,0.0120285012445157,0.0269920955632483,0.00246042149718754,0.0249372273515171,0.0117209703052571,0.0231119783022289,0.015125260855164,0.0133652877556152,-936.71937927644
264,0.00712629701134522,0.0241050068015075,0.0063415518354109,0.0228704672691758,0.0150460925353904,0.0127970398912436,0.0139317942963146,0.0210430513234983,-936.829738057629
265,0.0105205132909283,0.0201415951603694,0.00651202784179208,0.0300847327738552,0.00897154784798043,0.0174542892851456,0.0138823040965794,0.0175433562714111,-935.352860644158
266,0.0105849980473242,0.0195162000721514,0.0118205614855156,0.0307689505357114,0.00987806397768014,0.016091970311649,0.0196479275643619,0.0165217498633957,-937.981699580829
267,0.0102845062389692,0.0181179751042045,0.00797234383920712,0.0153264584801459,0.0107670929337756,0.0233938098669954,0.019639173043597,0.0186149704145687,-938.810512335011
268,0.0123678806109652,0.02025272488603,0.00591249270322828,0.0176048789485931,0.00884066165115591,0.021612389389586,0.0192264950004818,0.0216157471579218,-935.937636726822
269,0.0138003205471358,0.0188516923629228,0.00516674501543101,0.0189691525927377,0.0125994571163192,0.0168304112810535,0.0136557482043316,0.0210310010424658,-935.670762067915
270,0.0107701198621381,0.0287986715397925,0.00574196745878947,0.0199475159204204,0.00950127840458907,0.0147097285198451,0.0172826040630391,0.0214630358769792,-935.01954792493
271,0.00886155496125058,0.0316038236421765,0.00455362497939444,0.0153165806974591,0.00787569625916753,0.0169601071293333,0.0121752871818177,0.0249245822629878,-938.352412730314
272,0.00929107656038871,0.0321257126639695,0.00685167500922464,0.0247958776885264,0.0132526157913868,0.0185436290400986,0.0132114613030951,0.0268789781362032,-938.701838411631
273,0.00721898418924658,0.0248074295595918,0.00115647030949336,0.0189561321353103,0.00908807376038502,0.0178273597104121,0.0197243050725347,0.0267364022712237,-936.412141114217
274,0.0075616946478872,0.0241041135300931,0.0122342716365211,0.0301573303073989,0.0109536677919179,0.0155238596557361,0.0157283062808114,0.0161706201642065,-936.992153346614
275,0.0116487741544745,0.0212349355456681,0.00777137954752376,0.0240696408254389,0.0080950574876873,0.0179555219004008,0.0180905244692173,0.0240519136706947,-935.303835812736
276,0.0132072913316124,0.0211989158352802,0.00712818740713794,0.0315601393014142,0.0124256877257979,0.0237750736039013,0.0177827222415408,0.0179799476637441,-937.173259747207
277,0.00914766351643609,0.0206691908034145,0.00340148226662871,0.0238520133023815,0.0112209169795261,0.0157697014988561,0.0147380053386016,0.0243547196751378,-934.361814151805
278,0.0102375150714737,0.0187842921519305,0.00440934363902526,0.0225795103605248,0.010943814998686,0.0149565010008526,0.0154559366325782,0.0210028603949437,-934.313987079899
279,0.0146893848518898,0.0197832501349304,0.0034213894821465,0.0260244723251174,0.00959118793971782,0.0186813973081269,0.0211300836853334,0.0299158651375943,-935.529969628813
280,0.00942058774031817,0.0238559781182946,0.00415726177242574,0.0303551157940703,0.00774508656841508,0.0163867135358907,0.0142133614689982,0.0178043073513331,-936.052565267857
281,0.0155898496991666,0.0199015114284721,0.00296682931088539,0.040476363602196,0.0105700710233018,0.0221680279138821,0.019419241321879,0.0296415923322762,-938.5844267527
282,0.0129482771997004,0.0182532641557547,0.00391078689977994,0.0198427816419436,0.00868650394515815,0.0241521948169484,0.0226737962759688,0.0246576528933755,-937.851952039061
283,0.0104002337922775,0.0292676509272872,0.00170075858143194,0.0206326988305791,0.00944833410821579,0.0240867452871765,0.0172595155625669,0.0177711310282672,-936.587476504252
284,0.00603956314157354,0.03395638111491,0.00687378973664628,0.0224883665623475,0.0116409810193799,0.019937606710377,0.0139286203732105,0.00473415723104207,-940.868459949149
285,0.00950241789048246,0.0215513042414382,0.00449213933390386,0.0359905035851203,0.0102777498229294,0.0208285292771877,0.0122535758124129,0.0337680706690149,-940.912528968573
286,0.0152270117141803,0.0214485975991692,0.00375755890064795,0.0150893665925267,0.00967376887024056,0.0203785755703784,0.015857230298121,0.0349005826271116,-938.303618026099
287,0.0123787491248043,0.0199414328449239,0.00711027353789547,0.0302532776180481,0.00896243822825431,0.0147475030379559,0.0194887258739881,0.0179116734942587,-936.478268347656
288,0.0102798269309244,0.0347143111800672,0.00634388141402107,0.0113005678165152,0.0102921554514245,0.0161586155859425,0.0140531210304979,0.0251389465284472,-938.803904258548
289,0.00429770386464776,0.0255897253726041,0.0102094761064594,0.0109725975178335,0.0138095868102525,0.0228150270401887,0.0212899527806519,0.0295298173609971,-942.433248924724
290,0.00787313461073824,0.024229120447489,0.0104758111210592,0.0114328636154422,0.0123381243000165,0.0231835476463277,0.019296161140618,0.0198866091459009,-939.747035289901
291,0.00917005922695076,0.0217442555808528,0.00745615474823708,0.0329925522210833,0.0148657845266223,0.0243601039888585,0.0177907516255951,0.0225991402181803,-938.703161975458
292,0.0105754378393495,0.0223588105325852,0.00752871186454049,0.0191298850080397,0.00911792612245422,0.0222868729934338,0.0172922211607753,0.0198619810136473,-935.407228129258
293,0.0116563230199791,0.0235880615129045,0.00987845969867501,0.0203358571146105,0.00866736826369828,0.0139354373775909,0.0162994732350405,0.0226510640059117,-935.854880147225
294,0.0104024184548169,0.0234699706092823,0.00273738770002553,0.0266471123559287,0.0127598913275155,0.0133346961839722,0.0172631149969617,0.0262347365631983,-934.955181377339
295,0.0112235228949067,0.0200826342015471,0.00378744145687935,0.0257994659117268,0.0111163821049608,0.0228187996261913,0.0177217804315564,0.0168727285550467,-934.913921895153
296,0.0180300233965636,0.023384978915153,0.00365793631425193,0.01928305062747,0.00818388407081215,0.0321160055513561,0.0140365585577,0.0308235446313267,-942.441379278176
297,0.0139166438676785,0.0181285701790545,0.000745513547974317,0.0239161888633767,0.00791407376952037,0.0153791728486064,0.0168593560079962,0.0315148707404973,-937.532979700665
298,0.0128428965266242,0.0148490916979285,0.00356268426874177,0.0234516320517818,0.0168994249716196,0.0144895736596206,0.0160099747022091,0.0293669834292351,-940.390264305123
299,0.0119647498210048,0.0230185243553178,0.00491643748263234,0.0221225517764259,0.00819222062075289,0.0170535304238892,0.016350133080278,0.0245457867107767,-934.455960629081
300,0.00628447686528654,0.0257341562746224,0.00309210013607064,0.0201802603143304,0.01123446632845,0.013665062510308,0.0173349279080849,0.0215985511781975,-934.802324838081
301,0.0121452576968482,0.029344709296243,0.00424994926646491,0.0263397050051266,0.0095894522788578,0.0161340313359335,0.0169028119099499,0.0171982325311642,-935.943460564829
302,0.0114266552667798,0.0127176415360865,0.0058998059795325,0.0259154173511849,0.0100189151022316,0.0136362156265354,0.0176806702612561,0.0174093121274541,-939.412806543029
303,0.01789193864725,0.0176089772946941,0.00404925757484415,0.0212818849744756,0.0116666915220691,0.0206144512969109,0.0164312064290238,0.0193053050528304,-935.983015755484
304,0.0102286125165909,0.0172145490458959,0.00214379484801667,0.0293957185781506,0.0111704484970784,0.0144532337123241,0.0179342302458848,0.0265741219832629,-935.709935307926
305,0.0164541079310885,0.0226313906416447,0.00406245657661626,0.0196800311823504,0.00906504571601295,0.0140093343063124,0.0180921304777876,0.021690221886005,-935.46778067082
306,0.00909932533578881,0.0323535674455432,0.00388124721394721,0.0226288949953908,0.0118199585339136,0.0104496679590684,0.0172733227300766,0.0291801893257823,-937.457292385155
307,0.00323341967073123,0.0284123852469274,0.0248118796332823,0.0186897598590153,0.0119800645466531,0.0200715176726339,0.0155201234502611,0.0258654484902242,-941.335549819763
308,0.00356558395544241,0.0278883301895751,0.025137894704721,0.0272919219568414,0.010363963626151,0.0147972745783873,0.0159739552756994,0.0239879302721926,-940.262079251117
309,0.00378214220742626,0.0274597518555392,0.0182597577844152,0.0275913893034763,0.00962618604868625,0.01643147606801,0.0166744770250443,0.0112142578150895,-940.941621687797
310,0.00895092210320853,0.0203086691886339,0.0151417266426821,0.0232116638239063,0.00736609927176873,0.0236515186108601,0.0189599707948387,0.0308022422240218,-940.493542913929
311,0.00785772726305671,0.0237734772858293,0.0116814566971642,0.0277541956388331,0.0139515811377388,0.0128464949774617,0.0162721406612033,0.0337801303556373,-939.014782178139
312,0.0115177810873714,0.0235723586587223,0.00886153405639619,0.0267559364493099,0.0111972444038927,0.01905826882376,0.0195519009014432,0.0325209777949922,-936.558576878453
313,0.0117645359849042,0.023008924614563,0.0063309997223144,0.0226420459993401,0.00656689647146939,0.0168605599626237,0.0184055192224797,0.0208791207181024,-936.970050788677
314,0.0113814830092185,0.0164480405008244,0.00526743906516621,0.0237319027700343,0.00814831184668132,0.0214224605587313,0.0207145184951315,0.0287490021957397,-937.079256290388
315,0.0187934465536583,0.0228606783506701,0.00734051031718066,0.0206025078046068,0.00777813007302303,0.0215457785745478,0.0132455824843084,0.0283175040755748,-940.086376654836
316,0.0154660309388312,0.0272539089607539,0.00716735901820776,0.0188262041030703,0.0152327463351803,0.0180664579046554,0.0169829715009198,0.0258984986772586,-939.171033926629
317,0.00562606963048826,0.0266871423333473,0.00281691315396463,0.016920063870288,0.0122006899637234,0.0120281699537326,0.0183008877135576,0.0196545522473803,-936.647701394481
318,0.0144091978371462,0.0251220540289208,0.00496713077291642,0.034113815281668,0.0111352518105631,0.019730152856675,0.0141346520012893,0.0200916333037413,-936.93080051844
319,0.00385413372351665,0.0226003374690261,0.00355388898809468,0.0291948996955653,0.0122477500469603,0.0156794319348098,0.0124550610247709,0.0196816857959748,-938.608874309533
320,0.0154475999966115,0.020568030147716,0.00358544671109997,0.0152844002040167,0.0141634950145064,0.0128199685465224,0.0166264783898475,0.0267509118021262,-937.755510926376
321,0.00919122278976962,0.0225842153553683,0.00236864501733822,0.0165874377232509,0.00773263138118529,0.0173151501230741,0.0131324205166553,0.011089082272057,-938.393373496939
322,0.0132127658625185,0.0201522155253427,0.00326872759555455,0.020601476123902,0.00751505324595877,0.0164399112255784,0.0147745376381623,0.0296732103878006,-936.639035453587
323,0.0130295775703291,0.0254785025219266,0.0019561478930805,0.0264093929729118,0.0086927650668264,0.0151152037697163,0.0219212814948965,0.0248710907960569,-936.84003194231
324,0.0125440365188155,0.019077485359025,0.00657926427644833,0.025614184311557,0.0118765537196385,0.01755490680716,0.0172790754418603,0.0234035684581228,-934.672936062418
325,0.0124214898950298,0.0222926013120737,0.00390332652324471,0.0186281365076192,0.0107093169985608,0.0168547564915016,0.0132246326599183,0.016879937850914,-934.555648747417
326,0.0109966618434649,0.0227160067842574,0.00206763274702477,0.0184964637282589,0.0149971364806388,0.0183881257579575,0.0122952053354792,0.0207974699263575,-936.984893858566
327,0.00696700737737464,0.0309499480848055,0.00275746309760243,0.0156078459603892,0.0125184708518773,0.0137766216577094,0.0159382884806197,0.0265228532823021,-936.217314660625
328,0.00595410428942324,0.0295388820043749,0.00483888590613787,0.0200111255174353,0.0147149163259484,0.0139839208690482,0.0188040827145024,0.0170224627904367,-937.485878295703
329,0.0113213602202072,0.0186425995643278,0.0137929262092053,0.0165801718801412,0.0147260947965186,0.01790709704335,0.0200414703065263,0.0311589638406088,-941.184180266286
330,0.00926122606529576,0.0203664323992871,0.00654677423282229,0.0187391590427791,0.0146584421301944,0.0232980987645877,0.0203972012760457,0.032196652547989,-939.113344108125
331,0.00921311722399055,0.0271482066239354,0.00732610644102009,0.0287288124825053,0.0152961110232794,0.0166474863975891,0.0172117462929022,0.0308670383385462,-938.387352930712
332,0.00834942231422432,0.0293947489334313,0.0022634141131112,0.0181916327248383,0.00785189868005416,0.0165704495445273,0.0199177578203323,0.0313818209184296,-937.197300633268
333,0.00953975897471059,0.0175502501352354,0.00554614576103602,0.020677611975993,0.00826346728002718,0.0160178725977745,0.0177518427527249,0.0268234621755258,-936.538539002693
334,0.0108637233614062,0.0218638637151712,0.00460610055454015,0.0277271584555936,0.00927416246529288,0.0119301704512571,0.0144849632518403,0.0177091118301978,-935.498483285863
335,0.0112203962768667,0.0259035202393729,0.00212428003809036,0.0232230293417007,0.0122341962856337,0.0199908189050182,0.0136839954833925,0.0167293807439957,-935.271169847579
336,0.0136595795399544,0.0251003653886627,0.00308589058254999,0.019531419408889,0.0115284877579135,0.0164089971345556,0.0163903168191136,0.0227828104704805,-934.2540592884
337,0.0065356048414722,0.0290049866225905,0.00523651651452082,0.0213368544275378,0.00999616385840867,0.0119726835780672,0.0171142788470616,0.0245521490776147,-935.401702576172
338,0.0096505574692956,0.0283313374713595,0.00535127355289431,0.0253560498128103,0.00914974399468231,0.0220912003105241,0.0234411773228679,0.0249081161353997,-938.481369273053
339,0.0118940921377946,0.0155352368229631,0.0114382456999607,0.0398103922305623,0.00844231991146161,0.0155382139646799,0.0162174371971046,0.0261781001574402,-939.923778599646
340,0.0150727011562432,0.0172653865099829,0.00790066907555456,0.0169499984388884,0.0102269138568224,0.0181872657239833,0.019540622352021,0.0279118579772681,-937.633569166657
341,0.0140685811685076,0.0306290647533806,0.00126416954582995,0.0189441708796315,0.00790769686153088,0.0176008406756856,0.0243521475843851,0.0283867718818035,-940.643061132333
342,0.0075894857745196,0.0228822090635561,0.0102005970960472,0.0286766156552692,0.0110285334459818,0.0224743070733575,0.0135282105117138,0.0148251525582474,-937.519520103088
343,0.0104650770960049,0.0224748709322435,0.00437205374889897,0.0201012243978732,0.00909921053872279,0.0158742463727852,0.0161684453142955,0.0243391544229227,-934.076757527593
344,0.0129880044854489,0.0170530033035431,0.00627113783587704,0.0348328468841591,0.012757107761587,0.0163377056063666,0.0173955812473573,0.0185632695090249,-937.107229685597
345,0.0111656498205213,0.0176981871457531,0.00583773612747227,0.0219989546657895,0.0102126435915848,0.019877238982563,0.0172919002890023,0.0176991552794197,-935.140757924945
346,0.0124017868709125,0.0258300054667953,0.000539300377826298,0.0171969771447092,0.00884716605020101,0.0174206277665287,0.0152644659288392,0.0200309573807603,-936.251435590412
347,0.00948637002631847,0.0239278463358255,0.00491628434475911,0.0131389497559162,0.00981615797369014,0.0202657384446884,0.018411658823977,0.0185670578902853,-936.464656783285
348,0.0101230421255508,0.0248394292086273,0.00597739485593848,0.0251549884149163,0.009723952895353,0.0194745348959278,0.0146230879027563,0.0187281712441907,-934.422220772775
349,0.0103022030427025,0.0207332554653567,0.00551623547143303,0.025541165539055,0.00959119436641419,0.0181583609131397,0.0175671542928989,0.0242943667759975,-934.044946236146
350,0.0120428322388272,0.0190547154670416,0.00431307598228062,0.0310939632429521,0.0104959159993769,0.0178191951595501,0.0138619179646349,0.0161065424082326,-935.093172932972
351,0.0105478729885753,0.0211163824469156,0.00852547949365186,0.0270913324986148,0.0114940126422649,0.0149799357469867,0.0129074375623984,0.0152718003503058,-936.27259937691
352,0.0132160279597468,0.0192496442309398,0.00467608656483031,0.0315976434728599,0.00826736917909431,0.0179298864828523,0.0176899104909261,0.0173618884442077,-935.666332703922
353,0.00738518182099739,0.029275135618994,0.00362314742079847,0.0248513241687653,0.0140890904342202,0.0180686649978987,0.0167138098447275,0.0267446156367667,-936.11852761192
354,0.00708376697540435,0.0263456262730292,0.00188237648561191,0.026052397770206,0.00767822568442553,0.017169336110735,0.0186082355028331,0.0276092692167792,-936.767784219865
355,0.0136575430455062,0.0249278427138921,0.00435294083082056,0.0169564183782999,0.0139421397646986,0.0206362487803146,0.0149224502717324,0.0232364909799022,-936.718097220385
356,0.00481085957615291,0.0239518446573121,0.00511677770469164,0.0146075721451924,0.0130181752927889,0.0177765015151263,0.0144040818490227,0.0229574685785532,-937.77899754452
357,0.0069341756548304,0.0236720547691109,0.00925869579293242,0.012871636186718,0.0116033575798617,0.0154884422062807,0.0190539679596502,0.0244622470210507,-937.631789816914
358,0.00996318321923043,0.0267776944782027,0.00930924659366161,0.0211283138444506,0.00766894629010733,0.0122559647193886,0.0141186395185659,0.0236940610283261,-937.693932392164
359,0.00955249628467953,0.0233410682179714,0.0111555349985381,0.0250171806782891,0.0145135680672336,0.0124671171370358,0.0196889374547245,0.024693968690399,-938.083257659823
360,0.00579102863267222,0.0251268295646673,0.00712450874488424,0.0296548892321099,0.00805828065729461,0.0183226233072842,0.0147226392871853,0.0174643181299756,-937.133333274868
361,0.00390062519929713,0.0242987954114082,0.00962899124481042,0.0221490816766716,0.0146400820445943,0.0204051794812445,0.0159508606612529,0.0155750216834222,-939.112538873372
362,0.014635899071848,0.0199377794904345,0.00710542184979891,0.027300112627717,0.0128222655914922,0.0200954553652546,0.0193132747358739,0.0352637187892468,-938.020710763071
363,0.0118087906485342,0.0282524366296536,0.00298074687888049,0.0191022981419478,0.0127793009481429,0.0201630785738338,0.0200241631340287,0.0410334689338991,-939.452181268129
364,0.0108445916573728,0.0227466498380027,0.00186373032653764,0.0181374519874158,0.0131115880321455,0.0136913686384547,0.0220371614644464,0.031703575167848,-937.192215886599
365,0.0143562917154505,0.0274386245021096,0.00146815891168988,0.022686561347986,0.00856967549961042,0.0120663542520364,0.0219139623770108,0.029452094490483,-938.659482919079
366,0.00732172640689076,0.02309704697378,0.00972812920582226,0.0185322228320435,0.0116493035199701,0.0124218466542724,0.0167244112617791,0.0242035024814628,-936.228725724466
367,0.0134904569025748,0.0253287378641942,0.00202677735508362,0.0143418588309997,0.0115523197471862,0.0238979064326852,0.0156873825646231,0.0259536035539343,-937.325791250471
368,0.014302127518282,0.0328863182127242,0.00306614323307682,0.0263459850426622,0.00820200037643769,0.0205619336649249,0.0170304771512507,0.0281681437672336,-939.228956645077
369,0.00817081873751964,0.0189000551252363,0.00765653461276618,0.0366599148869824,0.0139268158608444,0.0192843830526889,0.0132744721706065,0.0368113324739916,-943.02169541767
370,0.0133907632171702,0.0150475120392512,0.0120523938809819,0.0169225152022093,0.0134656519292365,0.0182669753612174,0.0156973320988277,0.0234740976339689,-940.653999349168
371,0.0126773738609009,0.0217823902699574,0.0058068936057386,0.0374327995359852,0.00784603202450381,0.0230527128267112,0.0175138001934768,0.0253259642361286,-937.408016272498
372,0.0104529513382863,0.0191901355416919,0.00326816806249122,0.028424347358418,0.00759417044905214,0.0190836248370593,0.0156440846803623,0.013993906010575,-936.21632953465
373,0.010783652974611,0.0178352681199894,0.00448460333169645,0.0312635260337559,0.0127705901094261,0.0172178483012463,0.0156081131608672,0.0181846930445665,-935.687923885688
374,0.011501245882921,0.0256596387768924,0.000539312629241483,0.0178367374856593,0.00672847468471837,0.0198276547616815,0.0151312467473095,0.0255557130767482,-938.539133607204
375,0.0119052702328901,0.0200463663099031,0.00793768043169619,0.0356264860313238,0.0104205453171822,0.0192279359397913,0.0178674495633677,0.021001774226171,-936.039478551133
376,0.0113417939334417,0.0213782840209467,0.00648960061889797,0.0378561381849118,0.00985258569282772,0.0208544581064382,0.0169485931066595,0.0202130302988101,-936.191495356174
377,0.0125145322613001,0.0189367812651804,0.004676630656012,0.0279759046816655,0.0110748566248982,0.021648664064621,0.0154341181219833,0.0235224290156215,-934.771796970817
378,0.0145853995387892,0.021644863334947,0.0024245671401421,0.0318799522588305,0.00840284950790932,0.0169347332768498,0.0154708421206583,0.0281138126475022,-936.266727205222
379,0.0125415397035907,0.0195403827459178,0.00700144113092568,0.0319482322277684,0.0139655053444169,0.0206600100219316,0.0196057628332438,0.0238561493277154,-937.559678957135
380,0.0108281828573178,0.0223544828693752,0.00340408699340085,0.0167003544470686,0.0085350496113381,0.0178316174342357,0.0153740670268836,0.0223055522640074,-934.781389209704
381,0.0080433894345895,0.0195671976856049,0.00385417184504642,0.0164655407510507,0.0167642003982617,0.0140627574146159,0.0162435081194475,0.0211402267171084,-938.927407744248
382,0.0161621388122269,0.0190736030303277,0.00135363401036621,0.0276772459049072,0.012427297155152,0.0204375459663968,0.0165169501914651,0.02648904498129,-936.411626663701
383,0.0192997677471709,0.0171207161360804,0.00793220460586962,0.0321893684617547,0.0143540835063481,0.017993201665552,0.0197573255465414,0.0283562530543887,-940.880370166168
384,0.00526117305116453,0.0298526996684471,0.000946158101139078,0.0294169184175388,0.00943036266869312,0.0198607280365773,0.0188979455745003,0.017523142834344,-938.373733034729
385,0.00551405237097316,0.0239167848954556,0.00923331979830815,0.0178331217854565,0.011975268736634,0.0176952380173775,0.0152524723323058,0.0260938688259842,-936.840255785918
386,0.00843280084720652,0.0270170979465113,0.00879999362771457,0.0170586492795121,0.00786066753617647,0.0155037698193984,0.0189618233937429,0.0354772787077513,-938.491984052892
387,0.00604153219770035,0.0226033683810652,0.00349868036259437,0.0235866406895253,0.0166332844109961,0.0157034280645639,0.020067779472097,0.0337495435798583,-939.205383937732
388,0.0117631090786733,0.0255864373000398,0.00318321816992941,0.0210946628768328,0.0130912631749757,0.0124529946367753,0.0166927929258825,0.0288154700315487,-935.772614669823
389,0.00265550480804837,0.0263316373709116,0.0145282529256279,0.0226657194497629,0.0126417407883714,0.0172804117602882,0.0155591351923341,0.0351500679859004,-939.878526642701
390,0.0116221132273761,0.0183628549183061,0.0121526240879029,0.0253633863725979,0.00971582765959568,0.0174859371540329,0.0185822564468031,0.0247963592911469,-936.742117492312
391,0.0117787232330261,0.0186673970720691,0.00368754437600604,0.0297180243910865,0.00744987544552312,0.0127701622698105,0.0173643740242261,0.0249726870069206,-936.884880034874
392,0.0178488688987367,0.0265624605295661,0.000686561132325883,0.0274678665133438,0.00797113469760487,0.0219873429877198,0.0174237634649061,0.0112148275799362,-941.356004920798
393,0.0148175069338244,0.0148045012118838,0.00629129130868646,0.0220384313792383,0.012283830951634,0.0147444534053831,0.0156094227245607,0.0352887354941364,-939.916421205273
394,0.0140998024410977,0.0301425034481541,0.0062666105255099,0.0153843970844294,0.00799157101209506,0.0132680406762443,0.0258663705687994,0.0287026027859446,-942.428582598012
395,0.0126613832937085,0.0258132739981841,0.00893794025459977,0.0281834871569273,0.0129365044616814,0.0132583522215134,0.0180553983328734,0.0299582323708544,-937.647672180004
396,0.0108524663624562,0.0229691366011222,0.00364948373372869,0.0168913215594409,0.0108559041093235,0.0170590659423038,0.0173859070897227,0.0235383685123308,-934.158603364928
397,0.0119646861892087,0.024733199231139,0.00188450001317496,0.0195204322196619,0.0108489819554548,0.0161254440923301,0.0156192259373661,0.0197790999692807,-933.988340925722
398,0.012645259429862,0.0190403238607253,0.00182572469272557,0.0250264645445399,0.0092149327475708,0.0254502437366354,0.0166088775308847,0.0238408109043709,-935.26856036986
399,0.0134855577427865,0.015581200830538,0.00580409129904599,0.0260006147542235,0.0108559328635102,0.0209684399560755,0.0158078379810621,0.0175522357813273,-936.020939900879
400,0.0106092351282605,0.0168910627216945,0.00322346461917163,0.0241398542245915,0.00887090419852493,0.0272385012825269,0.0174679831893354,0.0196461828031075,-936.639385571827
401,0.0135642985344043,0.0180013151395993,0.00386167482011324,0.0264047409227065,0.0119946598208546,0.0166416195825192,0.0174090126373393,0.0223184655529952,-934.579664287513
402,0.0134419880184369,0.0207545436885887,0.00234889017744274,0.0341897527601815,0.0120331901217796,0.0149955835072267,0.0178206423450884,0.0294773649401725,-936.473108106668
403,0.00868843366947636,0.0222788316104982,0.00726544612850916,0.025821859893088,0.00777435556967099,0.0221383922509233,0.0173750222530066,0.0297938709808266,-936.855136099086
404,0.0154522252153733,0.0182012050588292,0.00487415615266605,0.0239217189735074,0.012764695352903,0.0132525877653291,0.0182214894412094,0.020927606647604,-936.092403633578
405,0.0128814777947535,0.0198957030545412,0.00502432129632462,0.0281685173018186,0.00967530568461713,0.0165052516237906,0.01538609003691,0.0207637587378585,-934.118613956216
406,0.0144094207242248,0.0218464546223245,0.00602254863600651,0.0308296341508869,0.010197281004191,0.0166229458027578,0.0163857020507822,0.0226308693959569,-934.973937105652
407,0.0108864458768022,0.018587290191851,0.00527472052506591,0.0169121514817402,0.0131639323102076,0.0178046475180149,0.0168060494108495,0.0343273308997936,-938.152101704879
408,0.0119035705932287,0.0322227007763985,0.0016870847584381,0.015027013146875,0.00837145516036624,0.0178798615802024,0.0224849653479056,0.0272202986729545,-939.372444672432
409,0.0101874793534727,0.0182856055243282,0.00191093017487455,0.0316664014431192,0.012454871403128,0.0275072673586841,0.0168991112839902,0.0236212988484178,-937.577943541541
410,0.0107390649988704,0.0248787531810793,0.00266615050459496,0.025695415876922,0.012722703887216,0.00908914035535119,0.0178056185823651,0.0301702071773065,-937.760791516106
411,0.0111161904543622,0.0234927088153211,0.00542207083163745,0.0303396632208975,0.0130253584015575,0.0216534669277353,0.0167804080083568,0.0279410575373114,-936.44874688476
412,0.00763128329321147,0.0276711653094603,0.0088528044486858,0.0206221445806904,0.00854571416209707,0.0127758981532357,0.019258209845737,0.033864696621063,-937.898987439828
413,0.00640501068736356,0.0280596178956836,0.00117295458275741,0.0228607918220732,0.0129629265682989,0.0116823475522242,0.0200050634124629,0.0305782536475173,-937.792500886352
414,0.0122658437142391,0.01500956936199,0.003120644230402,0.0191558541492279,0.0143410636594905,0.0168131521683665,0.0184060577532679,0.0172060970250546,-938.714570719054
415,0.0154374078490994,0.0231795880044769,0.0102278203150425,0.0277987944515848,0.0148967718481394,0.0141608651874451,0.0164922728492896,0.0248008899512289,-939.089372107316
416,0.01154723224433,0.0288531536054333,0.00122124978823228,0.0266081084396147,0.0126546639634974,0.0185639379974702,0.0206140896191763,0.022038226839407,-937.701437485218
417,0.00757083797767642,0.0204461656632514,0.00824457130041784,0.0329096391556988,0.00844976426577534,0.0253226703943427,0.0121747559992933,0.0199364383337495,-939.779608102519
418,0.00693712626227846,0.0268446526248375,0.00520003847562171,0.0275485066990716,0.012953034285337,0.0126077576281827,0.0122378936666923,0.0222691325220375,-937.017532066832
419,0.0122620536228688,0.0257816706957211,0.00357459976456093,0.0286617030693918,0.00974025931907482,0.0131162006706376,0.0162031482510304,0.0190479915415924,-935.271145879171
420,0.0110259474473439,0.0220321541407934,0.00516510880162988,0.02654225443177,0.011668531484073,0.0173728463831971,0.0181001214847669,0.0192606147887605,-934.30351929495
421,0.0126893654077088,0.0194901272517851,0.00237998582990855,0.0222513254240809,0.0102134390597376,0.0162792571192722,0.0110410189920831,0.0204791468276978,-936.292733409157
422,0.00888737747109172,0.0319757945961185,0.00240600728412571,0.020521722417757,0.0125180282698189,0.0189535803902657,0.0199542539951713,0.023614143913204,-936.717411744307
423,0.00564662775046445,0.0219267264989483,0.00513639159959661,0.0251294893244635,0.0120326297143141,0.0184631825788717,0.0140936825717514,0.0237735140237796,-936.183991554342
424,0.0172576207766093,0.0158198855268619,0.0051513891842531,0.02330397425747,0.010490994999344,0.0166290514492386,0.0176236190702098,0.0204237331863119,-935.892385617187
425,0.0160614940397926,0.02891776672663,0.00192495613421978,0.0174308292320335,0.0105275777787076,0.0163790189865601,0.0132930424675235,0.0213372484465577,-937.052467538823
426,0.0051105832796681,0.0346572919310529,0.0108076773754196,0.0284553174118827,0.0114064107194543,0.0202949306818639,0.0141683613683145,0.0195782193558771,-938.960742724501
427,0.00501522519496953,0.0358147975116622,0.00646593026034463,0.0218074286825333,0.0106540124088797,0.0149605939818809,0.0119243098600016,0.0131064702918164,-938.630558921015
428,0.00641360640153385,0.0304031587633945,0.00109057121659026,0.0224571055652494,0.0122691480908349,0.0184010550996327,0.0120504728431372,0.0266022601425501,-938.422359529281
429,0.00997122684735175,0.0268133927212131,0.00487188213305059,0.0190971123934671,0.0133144523474055,0.021792259784615,0.0133863970967239,0.0235780724959306,-936.692039632445
430,0.00998680039550971,0.0205055727917377,0.00315876338747504,0.0222788556893811,0.0137418899533695,0.0127434052068033,0.0202090438276716,0.0304110525190752,-936.46534422999
431,0.0137612039991391,0.0234889442911095,0.00419054298582985,0.0214628296327187,0.00882736154554486,0.0156837072130059,0.015570395733053,0.0292113017557746,-935.330303194548
432,0.0107442206193696,0.0253811920903557,0.00629269783192845,0.0205004473920755,0.00928827007898796,0.0176430494235954,0.0159000156000453,0.0144793638196663,-935.111888998571
433,0.00717172205008176,0.0223597316734911,0.0056878966915685,0.0222623096794708,0.0126407627694595,0.0192593757084626,0.0171693214692678,0.0148062704849234,-935.944865818718
434,0.0137347714175559,0.0248600362906722,0.00356755831412727,0.0278787152925853,0.0118014328783509,0.0180797728718266,0.0151309340210476,0.0231943865968308,-935.085899118005
435,0.0135976885356851,0.0170434196833022,0.00416256375332812,0.0280731944808076,0.00819049829654567,0.012986888971034,0.0148709804044294,0.0164008984188126,-936.762221046333
436,0.0153669811718029,0.0170962934872555,0.00533826092089947,0.0184794622642116,0.0135895537674639,0.0164932676842429,0.0162985985433933,0.0289659910942739,-937.657458861347
437,0.00931614444752182,0.0383048657249506,0.0023059156348979,0.0207832741735503,0.0107117482501328,0.0160562436798639,0.0164520035771339,0.0334467396779266,-939.508494944735
438,0.00537099574086671,0.0202755128628786,0.0102518111779961,0.0249081008865064,0.0107583271375759,0.0116244559974329,0.02040149078159,0.0347378996288892,-939.397330103306
439,0.0102231433007066,0.0179478779698655,0.00471354160403581,0.0226633699255643,0.0120524368531449,0.0246951015972574,0.0151264516857919,0.0108064108430334,-937.719883966465
440,0.00984365474002985,0.0280091895389241,0.00622206162088386,0.015963894214381,0.0111738957676535,0.0238177367057028,0.0173554979413518,0.0241398620824087,-936.607775091834
441,0.0127372102142975,0.0240536084392501,0.0105565294919701,0.034936465410364,0.00847805217420191,0.013625022412436,0.0200105799432554,0.0297129530960018,-939.073251795147
442,0.00673056521717473,0.0233515574085807,0.000973345191389032,0.0226324202860186,0.0111236266686719,0.0211737585899984,0.015487067374433,0.0131509348302627,-936.836406515019
443,0.0104923289193254,0.0237223442145618,0.00101283159232041,0.0351972702269231,0.00875800456626675,0.0208415067266388,0.018244609885499,0.032686505565727,-938.011851882336
444,0.012363235073363,0.0179160859912402,0.00596256765444383,0.0347346535944696,0.0118256049578907,0.0133435705954687,0.0185243872840185,0.022115186298252,-936.664397841276
445,0.0122449229978031,0.0184211087490726,0.00104582780897639,0.0260912412417509,0.00989020021203914,0.0228647180788249,0.0133974267373009,0.0167416569548066,-935.97984366072
446,0.0137275653000873,0.0254731900494296,0.00772369930450541,0.0174338902307706,0.00994952220380915,0.0203424765770915,0.0130369617455448,0.0199949654403552,-936.664668333686
447,0.00925725652266205,0.021788504677757,0.00939463328658601,0.0239234207982345,0.0110768684853461,0.0129555436166008,0.0110484312984483,0.0226866078060031,-937.984849994117
448,0.00841523955940776,0.0237583123936409,0.00349099366231944,0.0205603267354088,0.0129391267696803,0.0197848650834079,0.0170442121837069,0.021310987813149,-934.568331911068
449,0.00751745589758249,0.0254874526859994,0.00419847593077324,0.017213242371641,0.0129519796650391,0.0126479701574117,0.0135959687174731,0.0264565333383926,-936.680173862462
450,0.00891825812174785,0.0251955845047263,0.00206390746976916,0.0262021953077328,0.0132887959607861,0.0180261935464299,0.0218426986198855,0.0204605032746579,-937.177824628253
451,0.00649961320088861,0.023998456467521,0.00163080065513051,0.0246819762239334,0.0148012488132201,0.0149061471911019,0.0133403093808376,0.0190396853908307,-936.969689855829
452,0.014896953463773,0.0216637451444066,0.000811262199041644,0.0220859463315276,0.0138138798307367,0.0201972902585143,0.0149273886135136,0.0175167956646629,-936.833227375657
453,0.011391800798012,0.0169654455726865,0.00574348295222635,0.0280675126454649,0.0136960323487372,0.0116792055385164,0.0170152609496564,0.0222841645700812,-937.154029537964
454,0.0161649116351518,0.0239128831212237,0.0025333177321275,0.0258698068271633,0.0115501912929514,0.0206014231355856,0.0166525070702756,0.0235550988247658,-935.543527021089
455,0.0132101231374738,0.0212390688882862,0.00583001696952913,0.0272368160250775,0.0073755766399119,0.0177227822131558,0.0160928549145133,0.0252048586057969,-935.724091537675
456,0.0129968009193741,0.028092251069292,0.00276833456139255,0.0283504058157921,0.0137297596347011,0.0181353330885731,0.0151698794612517,0.0204838186013736,-936.998399841686
457,0.0146500506302625,0.0170561546809466,0.00144803541012407,0.0208016634685292,0.012768953126142,0.0170981133613514,0.0135744864902314,0.0166845336813869,-936.498397207349
458,0.0173298058636596,0.0215609496940972,0.00651012502024706,0.0193437610785316,0.0099616947577038,0.0142466103209978,0.0142897953157803,0.0249581068319421,-936.572282071273
459,0.010767996522387,0.0278941218113262,0.00294070688735191,0.0194997483403192,0.0111092636099176,0.0188425647325673,0.0195212225488483,0.0285383006251644,-935.357521031222
460,0.0093078358005155,0.0296638058082611,0.0061194248359462,0.0259389631565492,0.0113519406335416,0.0149460270137021,0.0126390300267955,0.0229605734987784,-936.453902696229
461,0.00209018560875213,0.0303757302759935,0.00700834929171059,0.0268348008727762,0.0126940555215128,0.0171100053242624,0.0132864568428565,0.0160515600104818,-938.325271073346
462,0.0168767564702475,0.0164143472865788,0.00930995388861846,0.0343880242852635,0.00901363038168714,0.0181035602331376,0.0150469412968674,0.0253052568553928,-938.472432873281
463,0.0140191844980544,0.0281148078482872,0.00536394606004682,0.0247423453983589,0.00964580142560075,0.0139833676177603,0.0187242858112046,0.0355297865401505,-938.007790858667
464,0.0065394691483749,0.0249777383019368,0.00362346749333745,0.0248332198438724,0.012653908165919,0.0269460942762228,0.0189925934230731,0.0319350059854466,-938.208625278345
465,0.0184033237057235,0.0261272082514913,0.00440246277874464,0.0176571904102043,0.00924322826822126,0.0186676390110676,0.0172721268410659,0.0304281482195402,-937.776625662644
466,0.0180226814663444,0.0211666997908805,0.00242986807577742,0.0224262823729305,0.0122813018283129,0.0180636871489915,0.0160432487570226,0.0146717936207727,-936.595307975564
467,0.0292137636973458,0.0167143247117626,0.000423077290783741,0.0178983449468393,0.0109773292468588,0.0160362921440607,0.0102651012734296,0.0171499859014658,-945.660137725527
468,0.0187799158047849,0.0198714320946086,0.00842954061356107,0.0348127833084253,0.0114248682144342,0.0153899559720253,0.0207917124653671,0.0361538280074597,-940.841207366807
469,0.01770919398945,0.018759446626701,0.00705155417183308,0.0187904279293948,0.00833387209135117,0.0206087552167202,0.0222853883732918,0.0285550724440425,-939.02106378865
470,0.0082291836941779,0.0276019509763251,0.00802831023434431,0.0283954362510057,0.00963076340139838,0.0150806498719404,0.0127238464931159,0.0167111469132549,-936.700426331439
471,0.00823617706172273,0.0266096985505787,0.01256443154441,0.0264209493433691,0.00925922928752763,0.0184442022753329,0.0189854800813054,0.0254931492657228,-937.022080111794
472,0.00642818392273462,0.0190651032481438,0.00787145575325318,0.0280276871725286,0.0128984565725599,0.0148129863751837,0.0154564139157002,0.0256650267834082,-937.383164598177
473,0.0135430549783707,0.0209452124406568,0.00451126746269884,0.0202281076248028,0.0116903111033254,0.0174444432698481,0.0186582510848546,0.01862142027846,-934.808991718743
474,0.00768485439067457,0.0234674043623468,0.00260901397459322,0.0221893092475882,0.0108181618419461,0.0145187855610281,0.0155318555692057,0.0140787198942455,-935.229092629491
475,0.0102645486997085,0.0261057813214538,0.00420455517924363,0.0274037530216769,0.0121244109183064,0.0166709711927512,0.0170739777144766,0.0121866301343989,-936.479228061359
476,0.0111291624403198,0.0218668530592544,0.00764458446565089,0.0253747515474693,0.00797621723756471,0.0213727145163051,0.017916469227303,0.0352464939374675,-937.467831663004
477,0.013937885961715,0.0195097202848533,0.0109229590243415,0.0306647951186579,0.0104905154331875,0.0153480186928427,0.0235846359387016,0.0233448062808515,-939.490266326466
478,0.00902556419728693,0.0268298586202127,0.00919307928258959,0.0132939158929624,0.0107968725234558,0.0151731714425416,0.014295930973226,0.0169283996279538,-936.616569009657
479,0.00770595569353292,0.0243967395396355,0.00693924910799407,0.0169748615522781,0.0111660065849744,0.0166756670893414,0.0186702822382921,0.0242933446975019,-935.320413253922
480,0.00844684409540609,0.0301161746536599,0.00334793508852724,0.0227852219811674,0.010769120822195,0.0159047562010142,0.0182943455269232,0.0250314310556614,-934.817405047999
481,0.00954190670963661,0.0298051488539273,0.00636683327777541,0.0203144935960683,0.0105939070193185,0.0178152917698657,0.0188356296422595,0.0191261605997923,-935.735875470862
482,0.0117126782251866,0.0218570025985904,0.00647449631161616,0.02037952713255,0.00847761418679583,0.0170035968139093,0.0172865495921368,0.023590973823178,-934.666783481594
483,0.0107431173027668,0.019996298589991,0.00234559337965365,0.0199067146185348,0.0107923653766547,0.0169596885369135,0.0141422272634676,0.0220709495357407,-934.342501007277
484,0.0143149108929049,0.0235859929202474,0.00232562040006446,0.0171386909103795,0.0106111754447106,0.0213693362909561,0.0200244346145303,0.024880654058068,-935.854537918643
485,0.00867751945176806,0.0187469656810125,0.00254299830182141,0.023734528411318,0.011015991793156,0.0189120224549664,0.02008471875156,0.0232962749712522,-935.524162733407
486,0.0161439559440721,0.0204531227984968,0.00456773959420896,0.0251699527005998,0.0119097889742885,0.0136841720812659,0.0196796529407512,0.0290913625965024,-936.183278994683
487,0.0185365583774517,0.0223320220866598,0.00425410448121437,0.0234442576903975,0.0127587610955653,0.0147332678760198,0.0165778153901141,0.0298293182734465,-937.445686233479
488,0.00882890302439826,0.028628021329964,0.00164165719472092,0.0131131871830651,0.00904989792450119,0.0101174594226457,0.019416469834938,0.028082120303013,-939.515430777626
489,0.0137459065417184,0.0280350026637144,0.0119721372857038,0.0156304255127003,0.00933925166597149,0.0105381506068839,0.0194446434459157,0.0264039295600846,-940.030136796351
490,0.00622186157356498,0.028801689040664,0.0172398789070257,0.0167144879346974,0.00745458193015444,0.0234671212077988,0.0172802571913086,0.0155814831941094,-941.415776369928
491,0.00587752611739072,0.0322065064217778,0.0153385931513177,0.0176044142241287,0.0120878464645481,0.0223859463829289,0.0167219449607313,0.024723686861251,-939.910605629461
492,0.00263239674612267,0.0280923875211649,0.00120640971994414,0.0321302803256137,0.00855612968126301,0.0180559415794567,0.0218240301623678,0.0326501516716731,-941.930325669484
493,0.0144485344578116,0.0265382285666342,0.0059002417770254,0.0234519731667501,0.00888883904282489,0.0170232155922819,0.0138531775087621,0.024272122454168,-936.143720723566
494,0.00711249012116751,0.0237208624703753,0.00642673925536605,0.0241340012776615,0.0139376843210421,0.0176985372451668,0.0172128258849892,0.0284841386285615,-936.04416056006
495,0.0108770532136736,0.0233270875562147,0.0055086979850359,0.0208324099815839,0.00728102732997871,0.0206418537550855,0.0165702383487019,0.0136328813368929,-936.757026090299
496,0.0165489234621834,0.0199859775285629,0.0113714277257933,0.0282499392506168,0.0127180284938698,0.0155645645657119,0.0178458978351236,0.0232747353128918,-938.20201964399
497,0.0115268657157337,0.0227878615337469,0.000703465789133143,0.0188931109141948,0.0112261187986915,0.0167633965969598,0.0190528465576832,0.0242790124302378,-935.467292665224
498,0.0159845532370535,0.02405461573392,0.00841425051873354,0.0180506579756955,0.00864050686395491,0.0157479396430484,0.0131884650337841,0.0209419819343424,-937.368877673872
499,0.0169578777766929,0.0276175849231762,0.00245484886944669,0.0292759346643312,0.012379962378962,0.0147707257629362,0.0144524493507557,0.0180418003731037,-938.111271953141
500,0.0139705624412283,0.0283235116114008,0.00290996041729432,0.015332981715199,0.0120584679070942,0.0175728782717374,0.0162144054306791,0.0290376658847497,-936.966777867258
501,0.00282523454018251,0.0336585603321388,0.0102632140157857,0.0305404324769214,0.0115247863901887,0.0178976251439741,0.0180227695039635,0.0218590679315565,-938.527682742973
502,0.00869869390787688,0.0332527863362317,0.0103177707829854,0.0279336896682487,0.0101519270374702,0.0139045343392515,0.0165800307978856,0.0211429427864634,-937.862742483432
503,0.00188834522775246,0.028299176919445,0.00512422080993648,0.015283836360231,0.00984256385677295,0.0208692423157994,0.0190422543186791,0.0281688605488458,-939.449827455707
504,0.0153081802639922,0.0293756901664112,0.00837928124924468,0.0167216456522001,0.00970518193967896,0.0160471070436845,0.0138291313361859,0.0196160746261902,-937.88177177244
505,0.00835897909538837,0.0293912561968543,0.011620007324739,0.0223977325278761,0.00736624425595539,0.0156485926894579,0.0158299396164368,0.0292689148370698,-938.640490269837
506,0.0075611056786502,0.0323615357586514,0.00962463756252965,0.018748825141964,0.0130509136203118,0.0131352764090017,0.0142946072139441,0.0174041182231292,-937.629929624639
507,0.004761717165923,0.0238769341519734,0.00432783036802269,0.0262577942723801,0.011990530356454,0.0125094761485254,0.0182852865142147,0.0262983221073966,-936.535211361092
508,0.0151726875523453,0.0218247586175242,0.00498617035159101,0.0209931700578869,0.00874280853627971,0.0219485953222717,0.0187887401225409,0.0223148979347397,-935.46339173188
509,0.0112866467868618,0.0204677320888985,0.00465439900814749,0.0276757389555447,0.014419297458614,0.0121952361773901,0.0170994742659676,0.0269254909827767,-936.431681872463
510,0.015071424837912,0.0216847492051759,0.00503218760765512,0.0168154916371749,0.0138083672756874,0.0195428810012674,0.0167260313119243,0.0216988845171226,-936.540493180121
511,0.0111268356344426,0.022860201201211,0.0049042433056797,0.0301743705636852,0.0124223794100721,0.014366770241739,0.0181952419312523,0.0305687572278404,-935.827699336431
512,0.0119604380525428,0.0185835883945082,0.0130657652074728,0.0299728832702324,0.0088489549155308,0.0150687688846841,0.0188071682703437,0.0278378246550299,-937.893139150324
513,0.00737216847327746,0.0261241868705138,0.0100340037903507,0.0129132171170147,0.009463490742673,0.0172425524905894,0.019466985161993,0.0247081178624091,-937.442534868278
514,0.0109624609522377,0.0229720370358658,0.00329897838094491,0.0157296706411551,0.0118157098532234,0.0185315802953127,0.0148699561490162,0.0164697140433406,-935.050056661808
515,0.0106894099105906,0.0226657357183265,0.00350210853861395,0.0250235388052942,0.0106212151635489,0.020394077231131,0.0166467810759254,0.0190739755149181,-933.758255472871
516,0.0155256266721046,0.0157006338482108,0.00367351146625811,0.0233162018552894,0.0119306664240888,0.017750493871848,0.0171758028398791,0.0275546951468691,-936.052936821721
517,0.011660667667022,0.025179752328135,0.00736400487986013,0.0175793556790084,0.00891854451779963,0.0132133345530829,0.0186638425384441,0.0212449811479568,-936.065685427573
518,0.0111032102575039,0.0242270653265499,0.00488580867776351,0.0178044198087293,0.0144510052020777,0.0174951315599983,0.0177033483311196,0.0221708329119366,-935.761855642283
519,0.00761330749629454,0.0217455695938305,0.006103531182674,0.0188086646275297,0.0114067909312911,0.0165417704563139,0.017246751051268,0.0187133958506107,-935.180882147899
520,0.0101329538125297,0.0271828382103832,0.00435291156138504,0.0206681830577052,0.00925165791715894,0.0158072435184376,0.0123865278915089,0.0237590473754283,-935.797056276562
521,0.00860997537681183,0.0289921521950853,0.00718830747064651,0.0217313523663495,0.0102199639240237,0.0178896018707881,0.0199616778786725,0.024179249959527,-935.710123830688
522,0.00695081903109741,0.0333536473421142,0.00161033401508664,0.0185525898409827,0.0106420762081027,0.0147045311181386,0.0163830918679564,0.0268318954998731,-936.140750905584
523,0.00796270126603213,0.0346435616246031,0.0054464841504352,0.0156107030758961,0.0120717442865895,0.019214354035146,0.0180077643740445,0.0225804494702155,-937.225075512218
524,0.00189475055765552,0.0339716927523237,0.00523043694627795,0.0171396416570542,0.00890955510699942,0.0181015520491502,0.0175240089531663,0.0204404719849892,-937.954376732933
525,0.00694966102445259,0.0272411769498568,0.00573541912128724,0.0216010199537402,0.0138701566240875,0.0181359502308659,0.0167870682505193,0.0166638170030522,-935.902146781036
526,0.00863836811364401,0.021749754051824,0.000518937725514277,0.026306836401234,0.012554773397013,0.026558082233852,0.0148382902468984,0.0203913676576824,-938.015481061954
527,0.00905648932078213,0.026760474556654,0.00977390640252201,0.0206314283461037,0.0135532694747476,0.0251345350023115,0.0155357919947319,0.0146430119834078,-938.780189329441
528,0.00692823870126793,0.0265891000378596,0.00957194012966225,0.0222350592719504,0.00673149118762915,0.0207944058755408,0.0159787169762616,0.0189715387092628,-938.263295240456
529,0.0116684599177211,0.0266270056691891,0.0090238789201978,0.0229874108136512,0.00718643358665185,0.0229889018261736,0.0156804003260604,0.0216687425492122,-937.729277552208
530,0.012730653302643,0.0188242277372174,0.00637315369953328,0.0325667952421181,0.00803470766845669,0.0190232181537421,0.0147610642618752,0.0251298801627397,-936.410717497044
531,0.0112109808318689,0.0246381336493276,0.00425620002687392,0.0265860443731576,0.00965082645640055,0.0172896456788348,0.0185406310041384,0.0198716047771047,-934.423037518891
532,0.00942726047852988,0.0224946341887835,0.0060560583773952,0.0295914654668471,0.0113972798109712,0.0174945482533094,0.0150676776864712,0.0317778303057325,-936.443944407314
533,0.0127936285557496,0.0205863316074242,0.00527311347174566,0.029775286956216,0.00751148185278245,0.0303620487743292,0.0147221554097947,0.025799218243611,-938.823978720541
534,0.00925807697943355,0.0215413051767947,0.00732836183815144,0.0227771663296104,0.012538954294195,0.0284246067430581,0.016722122529586,0.0322182411864789,-939.085818172097
535,0.00328792884706888,0.027849432017858,0.00439720904812343,0.021225169315151,0.0130019605619613,0.0107632716932848,0.0161711151718841,0.0139750715918663,-938.559747633077
536,0.00620728518962205,0.0271063631892106,0.0058284735876956,0.0225953740788143,0.00976327919258858,0.0282521456518278,0.0145787574561858,0.0299708736985982,-939.154085328247
537,0.00525142999918241,0.0245210027159051,0.00261410745666175,0.0215342723122555,0.0101230468677204,0.0123213588854846,0.0153194070721371,0.0252783547329238,-936.445237302982
538,0.00517763228095743,0.0352700072362693,0.00525446174710852,0.0184960803237223,0.0111998580364114,0.0230538767952637,0.0176494950399885,0.0224775032704102,-937.549156002701
539,0.0048569133352532,0.0338369358835305,0.00997598627094679,0.01849150865963,0.0104308426243456,0.0159008712844508,0.0101691096760639,0.0131342584827475,-940.635791119463
540,0.00487743229820817,0.0288364548593525,0.0023214912096256,0.0197406195261904,0.0119083002801137,0.0169850506047367,0.0200038034974152,0.0107086868862854,-939.438492686403
541,0.00206876470268475,0.0319695586319562,0.0128355427666786,0.0266781391724432,0.0143597624752515,0.0151518770866105,0.0120504790671084,0.031428647707329,-942.469286205262
542,0.00221301009299054,0.0243672775732472,0.0145605733553338,0.0201651799804142,0.00888539573496591,0.0133071949712391,0.0190127346640141,0.0338805466857994,-940.144999546633
543,0.00509491866889057,0.0274381916814852,0.00760164870470009,0.0239838793281846,0.0134298450726736,0.0108273335538114,0.0242696150894651,0.0185719775403181,-941.732406525597
544,0.00590161115859036,0.0246234844036448,0.00443999813375676,0.0241087237076348,0.00941799695355237,0.024220117639045,0.0150491734644361,0.0105156883541073,-937.573533898269
545,0.00726987485588596,0.0237091557236735,0.0030816318050705,0.0285830876096585,0.0124075232493311,0.022427845812006,0.0160377456016578,0.0103991056602498,-937.457801285287
546,0.00635934510776988,0.0275957672994689,0.00632658879854852,0.0209331983006358,0.0083341605739412,0.0202222208372399,0.0158445349177118,0.0138713842997894,-936.596642024284
547,0.00958497503881874,0.0191612446959382,0.00167459991630587,0.0365384118365852,0.0126694929984281,0.0218930568925514,0.0167133551844426,0.0199097953304941,-937.202702280144
548,0.00970628046108435,0.0214336141787367,0.00702036166279396,0.041189513972257,0.00983124235206853,0.0101689635781788,0.0172787165831452,0.025473711627877,-939.448016117553
549,0.00666765460345198,0.0194261914611415,0.00943161322704777,0.0275765947506394,0.0108252061440484,0.0263283544217325,0.0189264665520671,0.0121969652936649,-940.202467556858
550,0.00889046023783149,0.0272197817247675,0.0106070023346188,0.013371226490744,0.0125106319226615,0.0159138670388439,0.0187803760533501,0.0244779501007647,-937.449489769545
551,0.00664743890117708,0.0212856512391451,0.0098428277033973,0.0352184315333317,0.00862457329969533,0.0210775002966333,0.0163216262724381,0.0204512483906837,-938.094904928085
552,0.0120431027964092,0.0307713670879662,0.00959003915893429,0.0272681797642996,0.0123166222966005,0.0112776106655749,0.0137212913250105,0.014652051456187,-939.975461556852
553,0.00858035168915089,0.0206918220518554,0.00992864513011695,0.0188646468105713,0.0130342824595915,0.0131957142036004,0.0169388475063022,0.0318969209274224,-937.92755194359
554,0.00703362746701708,0.028487926031802,0.00205199745484286,0.0214058744431303,0.0128019139721404,0.0161556993143537,0.0192698604250528,0.0299879515458182,-935.961605990053
555,0.0064702896628611,0.0293665898166093,0.00233870177829552,0.0275688099235662,0.0082928038884606,0.0213999146897115,0.0171519112124108,0.0299589914516023,-937.476104729179
556,0.00595985395458383,0.0258551831093734,0.00508451735910923,0.0238330028427102,0.0103214882332065,0.0152053733887631,0.0162243739864412,0.0230779305708364,-934.585206733081
557,0.0133220041974212,0.0163761403109811,0.00385398866114374,0.0197153452959419,0.0143208294922601,0.0167207071029597,0.01646823216929,0.0183053380429082,-936.956281047121
558,0.0119999268158962,0.0331178058912586,0.00398489005549589,0.023695482794925,0.00885616897774347,0.0142177516886227,0.0164728011970781,0.0255923778140535,-937.174585261917
559,0.0146393526457875,0.0277969120103099,0.00303458358070683,0.0305461732444319,0.0121018721586105,0.0126470760211637,0.0167321619687233,0.017220527062529,-937.828736436203
560,0.00634588245575737,0.0234513035445377,0.0029742292091841,0.0199877834867439,0.0107817429633898,0.0124042526137406,0.0167462426813314,0.0228359404952566,-935.542684433262
561,0.0214173726987218,0.0192790019372406,0.00390112879605167,0.0249625469543984,0.0110659793280617,0.0146586694167324,0.0144814067104279,0.0187416786149751,-937.132063475437
562,0.0155056275484788,0.0221596249346155,0.00466666875429015,0.0293690697767735,0.00830843175408654,0.0162462102303077,0.0125643988852257,0.0137603505077785,-937.263673309351
563,0.00649714225358156,0.0350887929109989,0.00765180020684703,0.0118214273020383,0.00897927314928357,0.0148065336735005,0.0157205973811922,0.0269043476036721,-938.40749355807
564,0.00896197027994224,0.0210399296291263,0.00433533932266749,0.04654641424536,0.0129123233870009,0.0143730846961562,0.0169065651664166,0.0194701095702551,-939.715386492482
565,0.0123861603176988,0.0189378190647414,0.00989952914658785,0.0426669445171763,0.012637932056388,0.015019876765357,0.0162386987171801,0.0240847111415216,-939.276318065247
566,0.011174547136948,0.0194581258064627,0.00301006280518293,0.0324897790021158,0.0110105439185067,0.0128090599475464,0.0152493216775201,0.0168785631192543,-935.776347212448
567,0.00963940717909209,0.0255617956585123,0.00360594790647524,0.032594785716596,0.00883154344344496,0.0208889822107119,0.0197531978515369,0.0304180606137855,-936.857180607329
568,0.00548536885216856,0.0200063011908315,0.00918925513320303,0.035979838640262,0.00963177083036688,0.027492856549208,0.0200935343432145,0.0291669432521246,-940.977972336786
569,0.0152107326822598,0.0140589131074096,0.00133575309643498,0.0313535438259724,0.00757459808833055,0.0228327039856937,0.0184506065315997,0.0257139016671125,-938.308245438261
570,0.0171740880432037,0.0228808280393291,0.00726305552503612,0.0346407166391059,0.0114035964444704,0.0142777214709792,0.0140742863799085,0.0163074712117903,-938.518763847704
571,0.0162097175514535,0.0209006899606674,0.00341513645032088,0.0302991915306114,0.0164295694995478,0.018824150731036,0.01667421241441,0.0297876332954086,-940.106558186023
572,0.0132485183043124,0.0198975784036793,0.00332569907701731,0.0259815408461107,0.0073503280035571,0.0172476259517072,0.0146451427587594,0.0233421332522071,-935.497848240874
573,0.021855373359884,0.0195428688370954,0.00399639347535411,0.026536937211906,0.0132047346177659,0.0167451043877589,0.0179444334281231,0.0359995871243743,-940.820512432377
574,0.0176205569358665,0.0172024386110259,0.00230206325561598,0.0142707771862414,0.00852868322644732,0.0195290426661666,0.0196092866281553,0.0326645887032188,-939.205214553297
575,0.0105200385549859,0.0288121480043671,0.00800524869609156,0.0229594699164641,0.0103631362840519,0.0141351501845482,0.0219957397743952,0.0451392205555692,-940.522369356495
576,0.0088014186382005,0.0300514937603564,0.00922911289460629,0.0316452125649813,0.00798754188353963,0.0156360379073742,0.0206158477567928,0.0332426268005629,-939.744960969923
577,0.00350339621373849,0.0316869009431238,0.010611723072326,0.0249378483979601,0.0135721295627822,0.0208923356434478,0.0195263644246706,0.0369413331968521,-940.605031651542
578,0.0084391396575261,0.0235265877342122,0.00826174376469692,0.018862572828286,0.0103355343957874,0.015279606565701,0.0228813075269854,0.0317352269094515,-937.367248321909
579,0.00947478909917578,0.0230613446996702,0.00173174783726856,0.0316755249637724,0.0100634710738017,0.0161954479723721,0.0243188048827858,0.0278283936508378,-938.143083681355
580,0.00822385160395626,0.0254453497932311,0.00797709734836854,0.0197108166731647,0.0103103362287344,0.0141791292906396,0.0262013633828362,0.0285206358265296,-939.530549192442
581,0.0063511505424611,0.0405651531625152,0.00528517657291779,0.0116990328257585,0.0103611662800481,0.0159858388250656,0.0226193323220219,0.0213056414336194,-941.98220915763
582,0.00542326246781538,0.0279113668236982,0.0177305777775929,0.02543557000854,0.0110723196075167,0.0175402283067073,0.0226158650239675,0.0414568871663212,-941.198337145743
583,0.00381702339686055,0.0200112015818802,0.0139412087064244,0.0361655210471976,0.0122465816239922,0.0152096848177981,0.0173567687021909,0.0151638820319428,-942.178950796662
584,0.0059764988822491,0.023703551893692,0.0117804268386985,0.0337048329948194,0.0144843441094417,0.0216766091189102,0.0106035636593952,0.0167077914857238,-943.28150754611
585,0.00774613497392287,0.0284243406669501,0.00138587840973083,0.0366321115154382,0.0072990723696158,0.0205289348704748,0.0156286690744034,0.0211682257776855,-939.499874457966
586,0.00637112746958356,0.0262411722576419,0.00466019130181777,0.0188675213147045,0.00696632378913343,0.0190526560948017,0.0130688397440863,0.0208030507384503,-937.792949584023
587,0.00888402287679532,0.0254358901475373,0.000513979390472763,0.0255469123670398,0.00751329802509944,0.0217489090279335,0.0152399425131446,0.0198655586852622,-937.431338051507
588,0.0129442966970308,0.022372191052016,0.00586202629836574,0.0311784935977097,0.0115170169948257,0.0232933119797558,0.0140663977404304,0.0229998782349972,-936.551951926757
589,0.0135528824286268,0.0221964628128323,0.0137980550848996,0.0269517064251599,0.0087110717058241,0.0234105057430604,0.015028544280558,0.0165369482752876,-938.562730850337
590,0.00793376768304855,0.0219307365280544,0.0032566322636817,0.0284076142689909,0.00858671820426195,0.0176662105146926,0.0115552446270919,0.0140787390726053,-937.573513880379
591,0.0192900279170905,0.0151036077057176,0.00508041054198308,0.0180015884658138,0.0108263386164106,0.016261699317543,0.013959358819475,0.0200186442162686,-937.519829018371
592,0.0198387228509182,0.0195070372502068,0.00323636952859571,0.0250285940686917,0.0114092795242019,0.0139711385417098,0.0191346692883196,0.0219822596285921,-936.917158681731
593,0.0182695372901282,0.0151887480641315,0.00589033158205934,0.0300936175542826,0.011000611978439,0.0194476875286425,0.0187745315254133,0.0226473444712017,-937.35642262705
594,0.00739206075298143,0.0257144659010997,0.00563021218659514,0.0289791547720175,0.010492688818039,0.017471156502791,0.0173137187279488,0.0152451888260183,-935.616865276718
595,0.00972238255499528,0.0212771312655344,0.00292698240147098,0.0212215155535638,0.0128253986811705,0.0180740271413173,0.0144849450083836,0.018024997410103,-934.497784315503
596,0.0131371471892462,0.021206863138826,0.00833452372304785,0.024973250644414,0.0126727767757645,0.0168484442244541,0.0146832622573311,0.0165445664505441,-935.849168956335
597,0.0120127341945475,0.0215780963135285,0.00644430615654084,0.0147685322684494,0.00878976879778839,0.0167971797059169,0.0172169126479388,0.0272129768194985,-936.203227769888
598,0.0132454496477773,0.0207337689429964,0.00749578505948302,0.0304159990807146,0.0108248632639269,0.0192393171114693,0.0198388902667713,0.0260206735720094,-935.854462879554
599,0.0148906705813463,0.0205535423309663,0.0129625279621568,0.0176006407601733,0.0121759126148542,0.01847380546434,0.0170779767594625,0.0259527020354616,-938.529773716506
600,0.00277118709910181,0.0230255303966713,0.00557898750812505,0.0221469219651799,0.0114332633841459,0.0228009450017545,0.0172793877862828,0.0191614105172612,-938.787608642579
601,0.00404917484813861,0.0226124652166291,0.00401010282485213,0.029591097227477,0.0114224736760173,0.01603982371966,0.0160004676727422,0.0161445973527075,-937.440698029512
602,0.019181991727773,0.0208501946392065,0.00476679988987041,0.0279431454070151,0.0102621739785364,0.0245815679228111,0.0156681030922148,0.00699491269040751,-941.366791627399
603,0.00554210131316173,0.0241146430192712,0.00789751530161787,0.0104462584628977,0.00891226564590175,0.0159263238888041,0.0154920094119927,0.0285100306703785,-939.974907203217
604,0.0113897711106518,0.0364553259224897,0.0013366154651287,0.0194412926612383,0.00683418198355878,0.0221427097130283,0.020285716224745,0.0296767465750925,-941.481668390305
605,0.00740398068247911,0.0270110847723664,0.0127871176056467,0.0199129620348388,0.00849515008856969,0.0123494780271288,0.0157762462691731,0.0257439928158184,-937.622827113159
606,0.00597852622703301,0.0264103655507283,0.00171596369195137,0.0266465792492936,0.00940146169297891,0.0208914347610409,0.0152732696863422,0.0199860004133676,-935.870086414774
607,0.00975127459446309,0.0227257688632851,0.00712635058202233,0.0228086898899775,0.0112646176191856,0.0206388147367191,0.0145856754155487,0.0158429725834961,-935.028904264989
608,0.0146581294580838,0.0236973715345716,0.00552279433995355,0.0225065510521638,0.00846710025828015,0.0121753296769303,0.0133456134138738,0.0312009191251417,-938.861331952471
609,0.0182833778277909,0.0210597178789996,0.00515939310722364,0.026908849963047,0.010421131170184,0.0154248733927011,0.0138949456638702,0.00933528853889073,-939.292506216135
610,0.0207074522295501,0.0166549138094231,0.00708789002121479,0.0295723090389473,0.0095985193352229,0.0180000235508743,0.015000579577088,0.0256097177181843,-938.264253958412
611,0.00758811437385794,0.0179576820330946,0.00337040228283168,0.0267158321865081,0.0121025167622167,0.0188804746361459,0.0163444800148195,0.017394898911875,-936.105160174728
612,0.00955571020532567,0.0294929429901624,0.010612628292198,0.0220329622713724,0.0117316583897756,0.0201751507796968,0.0163898495483448,0.0283780881323028,-937.53779511322
613,0.00474088738583806,0.0268664983449929,0.0167824974013094,0.0139800971448802,0.0100130817725522,0.0208714649906744,0.0131013632492263,0.0135596339365256,-940.819321336886
614,0.0105945477936994,0.0279123132988133,0.0181402545596069,0.0310342882422727,0.011088871999866,0.0151018552446243,0.018554204891982,0.0278099117277011,-940.14275684028
615,0.00177562136822537,0.022001977985674,0.0276077035283746,0.0290071739037791,0.0101546902644194,0.0145726934817445,0.0180397389520528,0.0259230746998208,-941.834420064976
616,0.00184082454231143,0.0230739961216611,0.00395671515335872,0.0197825347057984,0.011169873474378,0.0277387038503514,0.0187655161096447,0.0189600251439785,-942.524465727014
617,0.00415211267380663,0.03266387083932,0.00492536305464328,0.0247602377574768,0.00950803177973791,0.0321133654111247,0.0151500698647863,0.0228372174889228,-941.119840204857
618,0.00383089062139592,0.0340406998258058,0.00366049796321869,0.0255289870795221,0.00829505576317881,0.0228608128108167,0.0177905248315135,0.0136579778630592,-939.821970009012
619,0.00870459110142506,0.0172350790706881,0.00546238097254683,0.027538843431317,0.0134675718669922,0.0255420776014496,0.015483321172988,0.0118016864949047,-939.178979026548
620,0.00948193462925019,0.0165989000348346,0.00267079442330906,0.0177332147678583,0.0109469474588299,0.0248002432896096,0.0103969892824329,0.019268818159887,-941.065164145837
621,0.0209700645862158,0.0184178615414806,0.00186573561292225,0.0293847737724026,0.00706905889733148,0.0203737938199794,0.0124985826499263,0.0137291074344802,-940.759680898259
622,0.0175894069125672,0.0223527243633272,0.00457772471771086,0.0318316696652269,0.00993936626013361,0.0245700234062972,0.0150215086077367,0.0227917090241302,-937.663586351486
623,0.0120294406916636,0.0165600475194791,0.00355302439531248,0.0156044955711288,0.00988419709312154,0.0135533913424224,0.0160441970164713,0.0218190902866518,-936.969063813361
624,0.0114510593359523,0.0228580198849443,0.00823201310011985,0.0234740848312111,0.0110852435132802,0.020483050446756,0.0174476003811187,0.026416338695077,-935.173861771322
625,0.0079986856472136,0.0226241608392997,0.00565204691287909,0.0238800924220991,0.0105232140163472,0.0117811195598259,0.0198893518110632,0.0280905943649202,-936.02771781504
626,0.0139553590029906,0.0146343742633072,0.00796449488595121,0.0298486386045939,0.00974892312195502,0.0160405040863976,0.0215955314096113,0.0286304246217288,-938.332648802942
627,0.0162940884151121,0.0141892641833204,0.00205350868120956,0.0305418278292584,0.00938893549464764,0.0226981418752364,0.0146119391915048,0.0284189304704601,-938.228004192525
628,0.0167051903074114,0.0221855342710102,0.00162814801985329,0.0309444702794034,0.0112798108756505,0.018019151757346,0.0125749607391903,0.0154530653327569,-937.397454827744
629,0.0159747469974267,0.0242313939028899,0.00371024478305782,0.0305726859530811,0.0120149566409145,0.0238958233775175,0.0141384929224389,0.0168368012870301,-937.80742362211
630,0.0136511441902379,0.0188173488590347,0.00443955394763853,0.0165568495500007,0.0113170779218446,0.0195793710855599,0.0174324110889282,0.0206550192924183,-935.402802751563
631,0.0132260465940617,0.0227064065848676,0.00802592852249427,0.0165134727592243,0.0104346158907835,0.0194925942601998,0.0149559816505628,0.0178109071441685,-935.75584338704
632,0.0131170012925521,0.0235336992117246,0.00364533473442898,0.0279187664374124,0.0092996392769981,0.0180785945864508,0.0159583748942118,0.0260526538481047,-934.559052989673
633,0.0139665239544825,0.0245669429234715,0.00399003213242288,0.0281657815868899,0.00897936765190293,0.0242277370971149,0.0210873028339933,0.0313363695656986,-937.487499999183
634,0.0134136006616521,0.0246586385531517,0.00924263782555859,0.0197554407566174,0.0109281327602243,0.0229711740444658,0.0165193106831991,0.00991718592746323,-938.63167316049
635,0.012639894681354,0.0256120840289991,0.0156673696136124,0.0126754470116731,0.0107625377821168,0.0292044785587558,0.0155692137286003,0.00746260437438608,-942.814038377034
636,0.00460945149366501,0.0276327291297278,0.00580291413582664,0.027497628768138,0.0122433294756474,0.0232732219018984,0.0165056639277542,0.011263406643376,-938.337046535295
637,0.00540209931293805,0.0320892582379817,0.00530754625660832,0.0113617037441432,0.00774902470646924,0.0219916663738232,0.0159356322438871,0.00401986186888813,-942.013567159142
638,0.00811955696757045,0.0303892157170404,0.00564873821189128,0.0113620205900732,0.0130059679329437,0.0147591683446387,0.0183026435498494,0.0500400052460219,-944.934848125135
639,0.00909159545953014,0.0364964739308094,0.00393061308730522,0.0272069634481185,0.00754179989631765,0.0140212511753742,0.0209409266162452,0.0430810628717886,-943.341257471565
640,0.00872382595458723,0.0239211183213931,0.00639031830015251,0.0184909698775624,0.00808758355284519,0.0171342796359876,0.0179318647600935,0.00599245327488204,-939.663064359982
641,0.00965686072264545,0.0229934300044837,0.0023704205595631,0.0234235316524876,0.00856960349400065,0.020024271800586,0.0160784613609071,0.0202501111118487,-934.273453849727
642,0.0109824106758772,0.0203151877005194,0.00517309348519119,0.0386565107527221,0.0107834948124885,0.0188484175089519,0.0158782631519644,0.0195925784287126,-936.020286431255
643,0.0151508174432517,0.0247022943166387,0.00103942658428972,0.0302179412072967,0.00835850599601439,0.0186024403681579,0.0141179447665169,0.0198337698681673,-936.737524966797
644,0.0111178657924212,0.0183048972116805,0.00628883687100447,0.0222628221047743,0.0105487191978772,0.0185607215876456,0.0175121307892902,0.0222243531802891,-934.611738534912
645,0.0165132360494241,0.0164687926188613,0.00867063302941935,0.0249906829674602,0.00993067133047455,0.0158196986827845,0.0156471424727846,0.0196511630872823,-936.591473096565
646,0.0157785659962876,0.0187889305027782,0.00427143471822851,0.0258735315824976,0.0124925258414592,0.0237038736850882,0.0149914626019198,0.00510560759248253,-941.036983068837
647,0.00749645183028272,0.0268378363786497,0.00733459551319307,0.0129293553859793,0.0103461255035892,0.0285171864723645,0.0165791697047145,0.0328268008119447,-940.868581108724
648,0.014362094662657,0.0260673502237028,0.00355994370729051,0.0179545526069114,0.00919140369091174,0.011426629139598,0.0190146452080102,0.020710158816063,-936.818458071671
649,0.00695364576562696,0.0271998943242741,0.00303011168733768,0.0192889415184053,0.00921158575653275,0.0200958084056651,0.018627354663943,0.0309199075951629,-935.990767516058
650,0.00888908551937163,0.0225363783381782,0.00278412156488917,0.0186446804837143,0.00940297936839196,0.018859022807255,0.0215306922339537,0.0364590548369028,-937.165647755136
651,0.00876986854391892,0.0176518692725071,0.00232742229412021,0.0238508673155231,0.00867623824429632,0.0233381249948728,0.0188573345554435,0.0121739357784871,-938.581470614095
652,0.00855893059177318,0.0293073467597669,0.000944049322473951,0.0177299781824781,0.0142343308368377,0.0181953790221737,0.0169347200080835,0.0225457098028029,-936.907524242593
653,0.00951293796031138,0.02495797048323,0.00649092689364044,0.0144181850753811,0.00879128359361272,0.0187769376185593,0.0198785033349185,0.023077461100143,-936.57617572961
654,0.0140974178336427,0.021350019931478,0.0041760514747303,0.0290337578722404,0.0105042346052354,0.0167059093519405,0.0238866234682046,0.0368118866768254,-937.732550498946
655,0.0110247216523894,0.0226680673481034,0.00167566598825855,0.0240983733278219,0.00900341831017707,0.0136861444910218,0.0243857102782444,0.0199900773732915,-939.13286987913
656,0.015139399279626,0.0204663204960749,0.00434276616681033,0.0226727157431237,0.00818038084728908,0.023991442228655,0.0267842390352115,0.0271709543325953,-941.04194663146
657,0.0139791337015156,0.0160757301395915,0.00130875254379218,0.0341830108685247,0.00799150596501754,0.0155438793050152,0.0171771279915045,0.0215205526472347,-937.388143856047
658,0.0150198032647354,0.0242916545008469,0.00208887553785603,0.022571986446907,0.0107832187018205,0.0143720443527129,0.0170584169826526,0.0298940618068108,-935.569977945599
659,0.00903476696156927,0.0225935894601986,0.0127766699105405,0.0202789163307488,0.0112016151466769,0.0181195925576526,0.0179776435170327,0.0236210317928304,-936.338299572587
660,0.0117192307065992,0.0302955738580989,0.0115429423041373,0.0194594320623656,0.00971855827746872,0.0149479938134456,0.0156670499210518,0.0203484066141465,-937.284001632889
661,0.0108211524397072,0.0195631225232356,0.00924976140788053,0.0160353714888367,0.0105480079131456,0.015107936870315,0.0145542015125292,0.0152801920807597,-936.937546595581
662,0.0130549983741193,0.019779921266394,0.010952059052623,0.0251124898136443,0.0107299032405818,0.0251511717651226,0.0162024936126865,0.0204252496084243,-937.258878588037
663,0.0146830846041155,0.0255449936927473,0.00865081769972744,0.0225188008279533,0.00861525611945428,0.0178167221202856,0.0181242365641354,0.0258486348016367,-936.489128747272
664,0.0142111265588243,0.0240419444592712,0.0063968783730815,0.0252829339530536,0.0122997823014152,0.0121447659435796,0.0176076450298268,0.0211484226160372,-936.001389062952
665,0.0124571403620631,0.0262979824073505,0.00530954003821514,0.0279039885416922,0.010590931032871,0.0184151207394791,0.016725238701743,0.0168286099265168,-935.288320900636
666,0.012049592917565,0.0248497641435962,0.00460958334016044,0.0198953540443018,0.0122104869568355,0.0106496492554817,0.0136827375267202,0.0158995759706257,-936.46734208215
667,0.009464998025489,0.0233228352430106,0.00608262776821243,0.0120197448412307,0.0119331123468265,0.0195501740357944,0.0197800866932862,0.0223734446212394,-937.618714752684
668,0.00767568972055857,0.0227802355922249,0.00663133549480532,0.0323771091939978,0.0123122958194857,0.0180236407888662,0.0180853936866067,0.0102535192162868,-938.362762189328
669,0.0060163171695361,0.0200261386474549,0.00447710413203486,0.0164609146170901,0.00850575404389958,0.0226935617245713,0.0159869691644986,0.0177799114491298,-938.587441653577
670,0.0190262330477535,0.0167181019875286,0.000920448758195021,0.0192953071321,0.00968105915819241,0.0178116405397941,0.0144519195629783,0.0281670164705608,-937.909945019035
671,0.0130751828862403,0.0283035402744779,0.00125029183021074,0.021409750186691,0.0118964214056503,0.0182097399855465,0.0137265571415224,0.0306244108967484,-938.143402162221
672,0.00756496966742052,0.0204579771011601,0.00846701456419398,0.0200700524296365,0.0118081143875415,0.014153459947179,0.0235081332377138,0.0383833903127344,-939.465934968771
673,0.0113444871946633,0.023015180872647,0.00201022216835534,0.0269220330399236,0.0101744931996535,0.0219080253699305,0.0234393328497319,0.0299192734040349,-937.050228533372
674,0.00878665734646382,0.018533006349691,0.00984097679479717,0.0304653454885638,0.00994831086486792,0.0116094546242293,0.01607473071753,0.0166075253432709,-938.058787125484
675,0.00809740307548359,0.0267805724186626,0.0117129110344803,0.0161838103548949,0.00921978197091464,0.0223709301603742,0.0187487522004642,0.0210319343751923,-937.752606548535
676,0.0100442464434289,0.0289257105368681,0.00492735726313301,0.0256246584521027,0.0121706831768294,0.0144564593421318,0.0170028087596359,0.0183943153830793,-935.47836388277
677,0.0149831817998267,0.0273265778101467,0.00422745438698848,0.0163924657689688,0.0103864421928989,0.0225103749280925,0.0145091050989415,0.0139655610422531,-937.542821866246
678,0.0102731696356187,0.0281468441596467,0.00764442271333267,0.0204556516681615,0.00842629985130244,0.0162899114463316,0.0169199238256048,0.0139661188257756,-936.814786637175
679,0.00889240670848673,0.0305500806159712,0.0014041654583544,0.0209078876603224,0.00832566082770957,0.0193995451480611,0.0121344245424217,0.0214474264689585,-937.36882974499
680,0.0112201136163118,0.0304071954989723,0.0050649442595638,0.0165260611978027,0.0136928319413837,0.0189180067004493,0.0158167183345333,0.024111966110248,-937.078912217162
681,0.00594448920090429,0.0242795947037698,0.00382980595843345,0.0345127843597963,0.0114738254785148,0.0180028576723948,0.0159761280691007,0.0399972332262115,-940.376294115181
682,0.00395924666695788,0.0254215788186055,0.010570126592091,0.0302690001555143,0.00813369766800754,0.0190038891045658,0.0205888147204689,0.0354810572864778,-939.89795195042
683,0.00470196071323258,0.0228857326580662,0.00986678814644257,0.023583340106361,0.0147943274868711,0.0171954856404047,0.0204938495995161,0.0309715296980722,-939.111265111037
684,0.0156653903252953,0.0193956335785078,0.00890852346048799,0.0272816338950037,0.00993861048142972,0.0142688684346781,0.0177558335648195,0.0305841651066615,-937.084837521001
685,0.0112691374538015,0.0305453382170517,0.00526363041603575,0.019092536074651,0.0105616887573711,0.0162690447121555,0.0176178376969602,0.0203688944031705,-935.512767631423
686,0.00570450082440999,0.0213773521743512,0.00309047930875634,0.0174540524908321,0.0147536370086032,0.0181596424728907,0.0169075010857376,0.0243618633632583,-937.67687690491
687,0.00539763756124278,0.0235174438598958,0.00449036153125414,0.027111176229763,0.0169911764008118,0.0210142162049261,0.0168106130647623,0.019445999644818,-938.927745576615
688,0.0112892847004428,0.0173201245216284,0.00433048990492316,0.0269214094259337,0.00895378569156925,0.0166146219499017,0.0163207555701637,0.0144310980353168,-935.702805385771
689,0.00974821504711431,0.0194033405723056,0.00457636147963289,0.028191971350619,0.010428396481476,0.0216533600375059,0.0151377233800219,0.0175086674388368,-934.77360130653
690,0.0115673411726173,0.0160876887680592,0.00374334470155149,0.0307621474897551,0.0119691564331011,0.0161932218169144,0.0172645711337307,0.0351811354999521,-937.665674257565
691,0.0139077690971755,0.0206396267461115,0.00310892063128052,0.0188729958324919,0.0106208394203394,0.0154286292883371,0.0172887102870195,0.0182474301441885,-934.402859437735
692,0.00950631575194526,0.0294490894595043,0.00266511795879787,0.0138080771896474,0.0113663083891351,0.0163968963040216,0.0168943277545464,0.0246554098601567,-935.791308586679
693,0.0193768077172132,0.0271664530561039,0.00142369770248905,0.0339437767452788,0.010811656045681,0.0198464029880954,0.0154941358911244,0.0244470817186245,-940.188723876941
694,0.0125249773159294,0.0248176724295158,0.00669231921515207,0.0339040326124961,0.0154689638969308,0.0126200886002523,0.016291166668693,0.0232577378030947,-939.12636564515
695,0.00583222102629324,0.0223517485920862,0.00271423059770581,0.0331696861427225,0.0161866807323912,0.0128266273551441,0.018960969362333,0.0221048542885527,-939.686867754715
696,0.0154439435987248,0.0217674349844704,0.00600884103628671,0.0145265747444438,0.0170893197966849,0.0171711716828409,0.01425009951507,0.0276556816836006,-941.321132646328
697,0.00699102889055544,0.0206862148459823,0.00307668900670932,0.0261876405692875,0.00685613579479551,0.0198920720532331,0.0213135448883257,0.0307562542540631,-939.110009065308
698,0.0142182848115399,0.0228013139217866,0.0021362047188283,0.0336235113652956,0.0101851934895985,0.0174505463402376,0.0194004433503794,0.0232155599586956,-935.930689038083
699,0.0102894907675822,0.0158391838887562,0.00466168496019112,0.0192142490732444,0.00973712214932086,0.0206938892259454,0.0228253588049816,0.0252170239130006,-938.78053222655
700,0.0184422833694313,0.0319325318608164,0.00811035639855042,0.0212896062813704,0.0119863060236227,0.0203696780702556,0.0124652168486344,0.0146859361495716,-942.838464268927
701,0.0215723496106213,0.0178332702142396,0.00978472608217883,0.0157580685017067,0.0111677272102078,0.0173614341285221,0.0128103962262926,0.0190203615644931,-940.929532762717
702,0.0181251285217412,0.0265274260498535,0.00693705331568102,0.0157727267060733,0.00904633706385943,0.0178349779625341,0.0184762201445851,0.0331434210245523,-939.447142739181
703,0.0184967649846811,0.025177887224163,0.0063819843527496,0.0245617412497296,0.0102767823477446,0.0136305227157988,0.0196981966011645,0.0318896431419332,-938.529085479451
704,0.00809510494819748,0.0245020065157654,0.0070482266319026,0.0154429737528527,0.0136854147490143,0.0247060621638339,0.0185802602759232,0.0219768308688028,-938.278737648692
705,0.0115742364800788,0.0237808872682688,0.000591011867570699,0.0140988364054234,0.0132776822300335,0.0250130608066923,0.0171160032611048,0.0264420868234269,-939.413844893995
706,0.0102290638686788,0.0250124702458524,0.0111332867212491,0.0304989003622353,0.0143801546823877,0.0256813469668088,0.01601267456479,0.0145566169465596,-940.510822172941
707,0.0111601071912212,0.0175441274834491,0.00736755517335042,0.0235107193592736,0.00794627217028541,0.0125171771297087,0.0149243330029268,0.0119943142586392,-939.029080726895
708,0.0124423382560215,0.027235061673281,0.00757337105433862,0.0250395947403629,0.00870287537241943,0.0150411693631932,0.0175019701046738,0.0334751278602909,-937.496365197045
709,0.00613770748366362,0.0238803171840096,0.00221115255343738,0.0215460056413428,0.0131452315052794,0.0246975714751523,0.0141198674759641,0.0320413598293541,-939.471472427044
710,0.00764272805080898,0.0236412599084956,0.0034354527088018,0.0229119816887443,0.0105693326350078,0.0222433686609242,0.0199534455004511,0.0178975214694187,-936.004668451706
711,0.0135172944001391,0.0199845152506436,0.00160881374480908,0.0303451427106816,0.0100926676809995,0.0178421069746959,0.0155009431219608,0.0200481514687748,-934.548905810018
712,0.0153797761476933,0.0190495216392431,0.00423074775541261,0.0257548674267656,0.00926585618488369,0.0161369664876911,0.0164657138010763,0.0298068720387218,-935.464192147354
713,0.019487011718483,0.0195379386699362,0.00305251283294935,0.0213514058458391,0.0139076776597858,0.015656790292092,0.0171426246445189,0.0182434918937907,-937.61218404288
714,0.00858815281831084,0.0209174857227457,0.00200260794489995,0.0176104616205284,0.0117823320390011,0.0172353623206005,0.0175873923674178,0.0177981593077482,-935.514433605246
715,0.0146095913305203,0.0215455735006966,0.0039415676762203,0.0215526122994225,0.0135026350081256,0.0166748907962464,0.0143120293342388,0.018166924479491,-935.321742529347
716,0.0145061429386089,0.0252443251719768,0.00128168471133008,0.0245859930319652,0.00998612390553099,0.0183421364304202,0.0144429048861318,0.0190715062903579,-935.148174873707
717,0.00691335871092207,0.0239088365701001,0.00195994736506176,0.0220169265020311,0.0107318201047827,0.0163047057495021,0.0186103178112965,0.0271419554148356,-935.083553363715
718,0.0170706968786059,0.0200795354889883,0.00635748928771259,0.0265788692081568,0.010294144160541,0.0134546500813182,0.0146994712079824,0.0139504811935467,-937.010534209667
719,0.00839799156525712,0.0270858959994622,0.0070234416520239,0.0315713863221986,0.0135771643018864,0.0193300040607736,0.0158284502056529,0.0241118153914785,-937.037250281792
720,0.00888406998227127,0.02465385322667,0.00961752753053016,0.0228057503775511,0.00963889664575891,0.0198898661859848,0.0224639435222242,0.0256812715080114,-937.407301736428
721,0.00724351601550756,0.0213277628396068,0.0141912925412199,0.0239354184418374,0.00953930813791258,0.0192169828178397,0.0174046771370285,0.0187577074143795,-937.516452784779
722,0.00470691154638582,0.0310893948735417,0.00334333548704275,0.0154491749329626,0.00970218507565734,0.0194313281902205,0.0147705882571998,0.0211456844441723,-936.283554229927
723,0.00257106652062755,0.030442846482555,0.00509109412143992,0.0314151851438259,0.00938396789146021,0.0116215442496213,0.0207247575081588,0.0134786793535872,-942.367166439831
724,0.0126450729112365,0.0259054423237305,0.00551280116750833,0.0381503188745895,0.0122323150444716,0.0212782579536699,0.0193360474110015,0.0328660258748547,-939.742542969739
725,0.011129951136425,0.0230408060216505,0.0179565736709538,0.036013130815855,0.00800628984275056,0.0175498063912134,0.0184641135079388,0.0292873027943966,-940.744580258297
726,0.00755945502379502,0.0251404767258738,0.00776381506017132,0.00985455339981985,0.00811637561170859,0.0182066379889538,0.0187496630329056,0.0222823581163436,-939.099725808856
727,0.0102015009943859,0.0276321725373011,0.00630758017042289,0.0169417025254085,0.0106003803027801,0.0195070934653245,0.0193550800553156,0.0241185057731876,-935.677191668158
728,0.0157167418754558,0.0267180619324016,0.00325160272993746,0.0177850570431974,0.00882311709798048,0.0155074560642791,0.0212121476648688,0.018207127124297,-938.181298683259
729,0.0077768478727178,0.0201157107179594,0.00365623662072351,0.02088153600144,0.014703390135572,0.0194079908075393,0.0137847223690586,0.0148908728376696,-937.232734197617
730,0.0130849098321945,0.0235222875372632,0.00368842140279005,0.0255532426602146,0.0118247525244424,0.0113832037713108,0.0157524179941479,0.0232184392436333,-935.277536560926
731,0.00972264458563281,0.0211878160514602,0.00772907602002865,0.0171484681692307,0.00940931791575539,0.0260344460613882,0.015510687954747,0.0225206916337875,-937.073604429121
732,0.0120472961918577,0.0252907323872506,0.00245402233496038,0.015681403391821,0.00877426171098482,0.0290544036495005,0.0192891706173159,0.0306406187653081,-938.940988892683
733,0.0125268632150273,0.021200442702078,0.00428927573491847,0.0211809871423346,0.0125652782756293,0.0130006894921768,0.013492548121408,0.0173750054993553,-935.263649025891
734,0.0182284374473795,0.0233496835351426,0.00307991491940687,0.0213143351700037,0.0117032740199826,0.0147229566857827,0.0133322946138286,0.0174287438253159,-936.435470236444
735,0.00910766893190226,0.0305133739382093,0.00710138793882852,0.0138150879674436,0.00976082063124002,0.0179967017451919,0.0161457402404513,0.0276523183314086,-936.751713369599
736,0.00823647116702446,0.0271820231637417,0.00692649655660465,0.0220296512158095,0.0122309586994415,0.0151348785184282,0.0162470741786844,0.0155821805782426,-935.386511341164
737,0.00808484274762449,0.0212061900318641,0.00354419645935286,0.0233625952168,0.0141636341807992,0.0175231859838399,0.0147580355852867,0.022421897995522,-935.415917817701
738,0.00800324643300026,0.022263937928089,0.00232523737228838,0.0176873887299392,0.0117284159534714,0.0142004126372774,0.0160251546650539,0.0258547954598192,-935.428486348754
739,0.0122004618218885,0.0211637840576271,0.00890278554096142,0.015839310646812,0.0123154826650583,0.0147339476663326,0.0147777034289898,0.0180157768636612,-936.51447297438
740,0.00866807428686222,0.0251797693746653,0.00635102493591907,0.0311556671169745,0.0117113466790206,0.0270823625727684,0.019603780950456,0.0302473375532915,-938.535538624766
741,0.00684405094772499,0.0236345611751246,0.00497882385400225,0.0315431839977009,0.0135632854124282,0.0260032136214636,0.0158816286502643,0.010651138872937,-939.284457214293
742,0.00864173931795118,0.0224678378239367,0.00824408260292569,0.0264049614130208,0.00755494850127319,0.0200586165833814,0.0157813051762796,0.0170289686447168,-936.57543563211
743,0.0153398396139609,0.016035528570093,0.00215967052206026,0.0208711345879302,0.00946073361770763,0.0197529725004404,0.0122452006175879,0.0174494335092067,-936.769565244646
744,0.011363961261712,0.0311964987504324,0.00426634634630896,0.0179348293474605,0.00675689290235222,0.0146379490977932,0.0175826979863161,0.0243874639413308,-938.011246330884
745,0.00996434541960151,0.0299094449029914,0.00577101621656315,0.0204500673623988,0.014574094269024,0.00844963386379638,0.01539878616026,0.021634831253253,-939.094084791845
746,0.00399898061231857,0.031034433521955,0.00370590658147391,0.0222453285402881,0.015760671233846,0.0151254151049353,0.0148605141438146,0.0276723095335021,-938.210710460028
747,0.00634739789788359,0.0315390956226645,0.00385348133135163,0.0183372218525924,0.00744441179565887,0.0209855890065053,0.022640384172527,0.0306509597576297,-939.287652980373
748,0.0104884498728344,0.0208852526248811,0.00464450897944047,0.0257726376712077,0.00697634388820199,0.019797303210922,0.0187156047646191,0.021201178423012,-936.162079292415
749,0.0059098147591207,0.0243512914268861,0.00509026494125063,0.0200618638125194,0.0142426999637813,0.0124511038685601,0.0149383098419115,0.0180815575505763,-936.628002044858
750,0.0119995532624485,0.0218537044244148,0.00111503504625486,0.021492560242707,0.0107144855228482,0.0165906117190914,0.0145447644815518,0.0217897284645998,-934.353535796777
751,0.0107845011362583,0.0206614104610771,0.0026382095478581,0.0202356219159164,0.012891159744849,0.0181001169526838,0.0171857162103179,0.0273750581929444,-934.804288550101
752,0.0151679841907544,0.022739941552503,0.00662862068634052,0.0229096682587832,0.00901261762406838,0.0152395058989998,0.0184003274423629,0.0198920654562645,-935.530428912513
753,0.0181017623800768,0.0204528359666003,0.00309767502479227,0.0223079678666954,0.0114322828534911,0.020870974902289,0.0143118847473025,0.0137198083680367,-936.806205994592
754,0.010801899826742,0.0276509146687668,0.00244540288755821,0.0290704275856833,0.0127156572663111,0.0111506028007239,0.0178683155151775,0.037008594720092,-939.411924194098
755,0.0109385355042583,0.0224947742585162,0.0072640854182949,0.0298436545573666,0.0135521434508937,0.0171472115914446,0.0196317576401681,0.0326749121418273,-937.123478502866
756,0.00758683814589398,0.0161654526314658,0.00352384453662193,0.0323533627956426,0.017294519316558,0.0154392472528198,0.0179438021515867,0.0163107490689308,-942.033418495927
757,0.00893308228246872,0.0220939626751084,0.00318316401994522,0.0202162047650439,0.0156696082752746,0.0144155170462922,0.0142098093819076,0.0166232169452975,-936.667389868989
758,0.0121586173951093,0.0238632763975002,0.00290513596351673,0.036130468713295,0.0127471838048831,0.0140716649354276,0.0132921259425005,0.0203305391444695,-937.645263637079
759,0.0110933998766619,0.0239833784497526,0.00793602341880897,0.0317411755715861,0.0130180000199646,0.0150430978947415,0.0162795383074466,0.0176559973929449,-936.496184998754
760,0.00593522459307803,0.0226331011764247,0.00660511419335468,0.0325234657041219,0.00933438596788526,0.0201188451787569,0.0154125988600164,0.0292669232330444,-937.64342362269
761,0.0157723068146625,0.0157399293870167,0.00285602866227994,0.0324580493087569,0.0108230750510446,0.0172785257448784,0.0202706938898362,0.0282269941435212,-936.91673255252
762,0.016112193014491,0.0172501509157469,0.00728716397742729,0.0225978214368068,0.0108339639182751,0.01324285153503,0.0213446600498112,0.028605424688528,-937.770592156413
763,0.0166962274555497,0.0203435080222244,0.00741090158671514,0.0273730379976719,0.0103835036108685,0.0158987897741573,0.0138552110666198,0.0161549394583352,-936.417803331572
764,0.0134590101271686,0.0234166880905257,0.00307190647987411,0.0279380774250048,0.0114577579642619,0.0195688598610025,0.0155814577140947,0.014935268748502,-935.144884822753
765,0.0123325617431001,0.0197772891690075,0.00470082582332193,0.0354964638565928,0.00676883987249813,0.0183881711437523,0.0160676253218457,0.0149049360822787,-938.070342062327
766,0.0143245376248245,0.018456038048286,0.00424088759064712,0.0253714200351618,0.0138696995166929,0.0108938409925215,0.0159127776861181,0.0200396137914395,-937.030176045472
767,0.0085722728632025,0.0187649368700633,0.00513129088630812,0.0284067681228041,0.0117259730046761,0.0153680491602951,0.014775949095895,0.0297860299893343,-936.5851661306
768,0.00551183319520002,0.0240094342611292,0.00310088431413389,0.0244974323963796,0.0140886058962703,0.0189440325570677,0.0196907036206772,0.0305872016259469,-937.106899598257
769,0.00374771603752041,0.0256433553353972,0.00476128653570358,0.0277925982319325,0.0121855741224555,0.0151595475946851,0.020103081880921,0.0203532294137656,-937.465325958665
770,0.00452935564855033,0.0285765070828258,0.0126534949699547,0.0123431029923354,0.00922346429498526,0.0170946112177648,0.0145169775059918,0.0208154219389463,-938.401885666048
771,0.0110849087974579,0.0245642067022091,0.00736208468769027,0.0369892392510191,0.0125669689220217,0.0143604395082282,0.0174677297306297,0.034984720898212,-939.270929816241
772,0.00946181074941014,0.0222422270483624,0.00169375267916957,0.0290947453053035,0.00852472255746185,0.0135254628838766,0.0207070000391709,0.0388775186777464,-938.741568738401
773,0.0139466521017233,0.0211853892246949,0.00160225088097107,0.0279722664503901,0.00913336246842062,0.0199120346598001,0.0172006410789557,0.0337752157728273,-936.34968569271
774,0.0097333305997196,0.0208691308900202,0.00634452459831198,0.0154432174174221,0.0125498881356672,0.0115305870242756,0.0149578946331302,0.0272978935774133,-937.608109289963
775,0.0103937648122946,0.0250028842151924,0.00703538251549489,0.0161891624661331,0.00974144262584374,0.0197592131114182,0.0194734665571601,0.0318576037170572,-936.552294392612
776,0.00894360410001801,0.0226268100042104,0.013230437209509,0.0301553417886373,0.0110654391569572,0.0205939215071556,0.0200162973933097,0.0102234357876217,-940.365582377867
777,0.0143252611847851,0.0209265966291019,0.0113471821584565,0.0397090153554523,0.00873565475920374,0.0250840952848966,0.0195430627721681,0.00546458773998203,-943.982674677675
778,0.010776648855302,0.0194562610334933,0.0038163959557512,0.0315437840489619,0.0120293140492288,0.0199275534968485,0.016920838461486,0.0272045460185699,-935.327515426494
779,0.0111780351904102,0.0182619220685206,0.00211413101602314,0.0226803129882958,0.00971220160040712,0.0195503579702954,0.0155247865563883,0.0116320654118945,-936.037790491445
780,0.0132741928099547,0.021525962764367,0.00585731657736344,0.0264447226390382,0.00821017578003284,0.0200658153380031,0.0150589724326588,0.0194047484074704,-934.918940843464
781,0.0155936644358543,0.0200235840799469,0.00474215013972667,0.0211882132913277,0.0129619361239078,0.0196703884592769,0.0160790142222026,0.0180125274401311,-935.679619376969
782,0.0140473592644221,0.0215445476076985,0.00649921549925736,0.0208598601909734,0.0105438833654858,0.0195334709041188,0.0147050283792875,0.0266943217397309,-935.447315437065
783,0.0110428967352161,0.0226287280775783,0.00363289497036918,0.0216615188830348,0.0133206622365155,0.0130083811793996,0.0203986908051843,0.0230633909318353,-935.731850678423
784,0.00851064061410709,0.0273230485197548,0.00464667986522625,0.0208078767754025,0.0157661316756723,0.0167776486111836,0.0214082163760554,0.0214920894090096,-938.25319121867
785,0.00476853514612014,0.0383912182412261,0.00641489707946966,0.0182623817307388,0.00918430452868971,0.011167047710558,0.0144420967062818,0.0193549893173226,-938.738989344458
786,0.00540172141410872,0.0376909891173056,0.00478185759866099,0.0197034586267371,0.00946023464141849,0.0183300576432468,0.0149561707585813,0.0183035513820609,-937.103572251799
787,0.00556237601668236,0.021331068010308,0.0107158972649566,0.0207100129535512,0.0111067247859374,0.0185806938910999,0.0177955016376696,0.0256736393531527,-937.239828546463
788,0.0097437333177915,0.0146859279227461,0.0109388685773111,0.038211157876215,0.0118719461967369,0.0173238838517963,0.0180561002683119,0.0379245846589375,-941.376562079846
789,0.0100452689760567,0.0184973830377142,0.00214101091335731,0.0154470136160705,0.0111543877884056,0.0171740057917889,0.019860658657735,0.0308075985197274,-937.388040759725
790,0.0135714725764368,0.0309365218653365,0.00553986189966986,0.0288540855677211,0.0100114860365993,0.0125064355872054,0.0174281758103198,0.0164379370792292,-938.723281289038
791,0.00224480939431421,0.032155430565412,0.00709978327677886,0.0200075256308004,0.0116512568952435,0.0124615726570613,0.0172485236971049,0.0153855873706256,-938.011939235238
792,0.00677746987826738,0.0356133038605113,0.00696733829123869,0.0175272451283217,0.00954525711775189,0.0207352402544455,0.0154003078770528,0.0282638792743472,-938.025718615725
793,0.00467406561129119,0.0213466675165448,0.00920101279861027,0.0323469255541069,0.0107992261981605,0.0211192859911068,0.0196820578157157,0.0225999003869495,-938.724203837356
794,0.0127483771910474,0.0207252561331848,0.0039219939409582,0.018060230301131,0.0102531147340365,0.0178784361342989,0.0144299105644476,0.0238413443360777,-934.496378140255
795,0.0142769184972023,0.0221092726617162,0.000898242294921422,0.0280580788101241,0.0100895247404812,0.0136574479135165,0.0192153917913537,0.0208367256265585,-936.112759375053
796,0.0107760990330034,0.0194598780834189,0.00177527461261144,0.0248192724359049,0.013213003389616,0.016727187840779,0.0207190448586095,0.0286491144740313,-935.988714808112
797,0.011979040368035,0.0271366669478669,0.011075006557554,0.0213114893278435,0.00892465882673816,0.0147461785385882,0.0149295329202829,0.0267354553881408,-937.203747797999
798,0.00665363475135881,0.0284811894967082,0.0136425236813369,0.0177709023506742,0.00899826181064069,0.0199853849678156,0.0198161786005026,0.0173547730700992,-938.964678899207
799,0.00475436420122529,0.0271207405613007,0.00992972924252942,0.0189911674753423,0.0127720026304373,0.0213035883905594,0.0148209550507007,0.0208611750270375,-937.421186131649
800,0.012432542347437,0.0246725215852681,0.00283414369401949,0.0226252802785598,0.00727211898734676,0.0181391763939762,0.0137834881980742,0.0222928694527518,-935.85126308835
801,0.0175545305722821,0.0144300048080547,0.0020795895488596,0.0224480109353452,0.0143648242718091,0.0148000117737657,0.0173289665127466,0.0180518243884141,-938.791030634484
802,0.0135956927582821,0.021653462618583,0.0048096547842509,0.0242211368070823,0.010019093850947,0.0179920558763702,0.017675337383767,0.0209634790007472,-933.892542980842
803,0.0080173231129137,0.0239596824945268,0.00208937392198364,0.0255995300980399,0.0121429337052823,0.0156700621241045,0.0195147588896304,0.0219110242284846,-935.134233000916
804,0.0138814515929432,0.0219373296975126,0.00590742371388183,0.0224948237207565,0.0109933229882786,0.0146861398251354,0.015629853567435,0.0220883309101437,-934.304644784903
805,0.00440941590272212,0.0251682182845135,0.00417616691545617,0.0232750834617389,0.0135621585804641,0.0159306983327223,0.0185219742813631,0.0290119675398209,-936.62144075226
806,0.0097027752293991,0.0233296591991897,0.00504685409600053,0.0142202918255705,0.0123969074358975,0.0131885079462222,0.0177409809609753,0.0219027054608886,-936.079984219406
807,0.0111078652697091,0.0230160152251162,0.0066881294810493,0.0155955574770192,0.011166719971145,0.0185676184664629,0.0180132065401136,0.0242282274170042,-935.325363540927
808,0.0102360046584292,0.0299994584740152,0.0109329687440174,0.0265527159958946,0.0102434430251618,0.0159679303853628,0.0148906631203616,0.0232750354227757,-937.108227506424
809,0.010850348837267,0.0200537647628123,0.0107919366512712,0.0260940648318456,0.0153467393958547,0.0151626523268514,0.0175799402475242,0.0256531273627187,-938.063775619318
810,0.010032460906473,0.0203574318209071,0.0075493345099393,0.0302765938987412,0.0105497969531657,0.0177483899323461,0.0155733042074947,0.0255071530848384,-935.210237860814
811,0.0183704884417678,0.0165929302934483,0.00862382274344833,0.0249817363368903,0.00973292579311227,0.0257563828840732,0.0170695670215131,0.0185077931198496,-938.717459758729
812,0.0081179127511028,0.0267145589664691,0.00696234370127117,0.021653997725053,0.010653282571526,0.022413118172049,0.0160736098197617,0.0245954458234719,-935.413835892575
813,0.00915948917290189,0.0201266121288799,0.00480175312435081,0.0285297995845622,0.00715735877887154,0.0185075270034612,0.0162923987159065,0.0251598657846359,-936.335347050646
814,0.00925897650002525,0.016728323297038,0.00705182910462876,0.0326877075096795,0.0138155749517284,0.0120100685550804,0.0186308953216964,0.0309283880123627,-938.883534541356
815,0.00827043699041489,0.017254753991023,0.00737939418054549,0.0349261936325888,0.014221808184612,0.0178808241448519,0.0203510418116225,0.0268643061394827,-938.974606424296
816,0.00618389492259262,0.0186582278649413,0.00217954455761033,0.0350205674973228,0.0124944785739226,0.0181711674443663,0.0199141473628788,0.0343237910897687,-939.399350126897
817,0.0147693702178252,0.0198895834726517,0.00286009808856469,0.0248477714291317,0.0102029041173239,0.0169652558347164,0.0183175128068879,0.02597025619143,-934.258989483378
818,0.0127967865610666,0.0201357917206085,0.00131363842105993,0.0227516414187028,0.00875599516897431,0.0218752627172318,0.0176140496859261,0.0257357871935449,-934.926316114657
819,0.0139408389097278,0.0191107456099417,0.0034315549259723,0.0251135759855558,0.0100233285200007,0.0143987274025454,0.0228437627598777,0.0265470822667506,-936.405717743639
820,0.0130923212274179,0.0235235222306913,0.00583538666701115,0.023179466074294,0.00857490655350575,0.0222182807903485,0.0141152792353336,0.0247326734166476,-935.815231363977
821,0.0136639760938195,0.0229543234884348,0.00239142466826855,0.0206772185435388,0.00978648033367494,0.0189547525510412,0.0170039923047417,0.0288630905637373,-934.607351122745
822,0.0143943190729592,0.0226839764743156,0.00270059705764784,0.0259817152673903,0.00964705943964404,0.0249423976496662,0.0150735683359385,0.0205368684660381,-935.349776527406
823,0.0157179427019482,0.025788729032497,0.00300286169300623,0.0238335183631062,0.00997655497928597,0.0239804685037232,0.0161372942799802,0.0208220289080091,-936.062562439609
824,0.00644834616239888,0.0237681517640244,0.00471252276025144,0.0246906721374733,0.0110941409218583,0.0141757862506571,0.0152082978310299,0.0233542599398021,-934.84816038438
825,0.0149515375883574,0.0244342271688604,0.0014065204447053,0.0281828979937488,0.00838119173168773,0.0174144028442615,0.0185638807951875,0.0275588775789999,-936.203624003477
826,0.0155115676864157,0.0170538346415681,0.0106989769113028,0.0308122158740054,0.00669411532137171,0.0230344024589309,0.018389719844719,0.0343997358269688,-941.224660461927
827,0.0154225899492929,0.0304476194378947,0.00590977371533966,0.0336965072373872,0.0130419204885537,0.0106251911627928,0.0186573736687354,0.0160468158662654,-942.806808760309
828,0.00722084452037058,0.0239047697152094,0.00591531020307352,0.0140158549217846,0.0122455845657522,0.0180240967015147,0.0153998905851736,0.0192564744766081,-936.28502948199
829,0.0117927351504836,0.0193799550454744,0.00506620335643668,0.0314114134839331,0.0137973066215901,0.0180592249066729,0.019884062911947,0.0189365236559987,-937.07979813783
830,0.010341574682009,0.0227325410342234,0.00347389076364893,0.0244396745064167,0.00841507623952159,0.0174911169414014,0.015056166779753,0.0212992695902655,-934.169813936512
831,0.0119231952933876,0.0198306432042642,0.00410558785812884,0.0143474543950865,0.0107762152854244,0.0173987710557946,0.015983356941917,0.016094030672624,-935.913346446782
832,0.013593331568839,0.0269471988609823,0.00310022126031732,0.0181414923577865,0.0125060462896258,0.0175249972664126,0.0122081743453499,0.0207930229989471,-936.493723220757
833,0.0112788481241969,0.0294825037799118,0.0162346127438667,0.0142040826121577,0.00929187672465942,0.0111682390994712,0.0135556980375543,0.0230722009319415,-940.469502700661
834,0.00562157456792165,0.0234187922595974,0.0128461051949312,0.0284771734778406,0.0107627260850762,0.0176213713373522,0.01712557842203,0.0251154470984271,-937.002551577171
835,0.0166270922217857,0.020991964982999,0.00669936367487007,0.0222382152804558,0.00993598158795411,0.021713102036324,0.0151672461230962,0.0241906035504579,-936.040661184571
836,0.00960884951302351,0.0183434933540408,0.00170763122602403,0.0234059579248976,0.0114604295860831,0.0196272340925506,0.0164751692580177,0.0178317538994921,-935.052846880319
837,0.00957158686018498,0.0250964907771637,0.00713667030344398,0.0207693910688097,0.0113978921991423,0.0133152900023428,0.0157872292093065,0.0210869533091557,-934.60771940978
838,0.0055121699528488,0.033512433585037,0.00245343241277775,0.0282994008676663,0.0156672119348901,0.0127033723798201,0.0163418792757264,0.0207803359677349,-939.057137764277
839,0.00385907040917861,0.02348918815788,0.00665624555049994,0.0188708107402669,0.0151340293523784,0.0111868047412496,0.0158929658595098,0.0306760742574188,-940.183531506177
840,0.0184353052567476,0.0266396629487399,0.00306426167278081,0.02111729604121,0.0150329347993405,0.0194441046689076,0.0215338495836719,0.029617768477843,-940.990203265493
841,0.00873953713516688,0.0222993696686551,0.00386802153089037,0.0219312611985795,0.00790877136136839,0.0198048785012132,0.0151440985314776,0.0159213728945113,-935.44327435683
842,0.0148633032828458,0.02359905480969,0.00710856092301813,0.0205460304034303,0.00963238514052484,0.0233427193015659,0.0175282076876975,0.0211369146327033,-936.08221339281
843,0.00699820077052148,0.0224361867782159,0.00992157847477607,0.0242420851604221,0.0102403409055443,0.0189620562581804,0.0201486588223656,0.0214479100072605,-936.706931650591
844,0.0129822141152983,0.0150716609998318,0.00367769260366088,0.019422865915203,0.0115170257885884,0.0143203058874472,0.0151423087231221,0.0192693071392782,-936.600338904295
845,0.0197716417647708,0.0170684019201664,0.00873802451190287,0.0293020853139905,0.0112643515521779,0.0148582314032336,0.014817395486946,0.018610362175545,-938.378323798103
846,0.00883368448151363,0.0248096844014125,0.00768233764386649,0.0291065808787856,0.0106292415265703,0.0142203070699206,0.0185785655535608,0.0295774937490767,-935.857242176291
847,0.00391445329304112,0.0312140302449802,0.00645132550150921,0.0152967858621192,0.0107486993009575,0.0110232077066344,0.0211087900332948,0.0249760344161499,-938.663238789273
848,0.0104823310706377,0.0316013232230206,0.00907022973761636,0.00974886783443819,0.0146320571110379,0.0124961776632894,0.013233178317537,0.0142941974561779,-942.242730471996
849,0.00765034300673524,0.0277792944006973,0.00980768332884021,0.0259796022948794,0.0161944585099843,0.0172095642899695,0.0151816274287106,0.0269691398062223,-939.192083266148
850,0.00852243955281009,0.0176112329355503,0.0039717487239147,0.0268549036783691,0.0104538822997785,0.0183276024157949,0.0168118982223731,0.0236300928883337,-935.169728018987
851,0.0173944228355166,0.0183832543717116,0.00418496456722728,0.0264365874249348,0.00994927536596783,0.0209316767261795,0.0180883601881466,0.0127004575327369,-937.577802494852
852,0.0106403820109956,0.0262964275790218,0.00385740446957896,0.0186714712630395,0.0109270817499644,0.0164344083087504,0.0100389269450721,0.0132718949143489,-938.128501573307
853,0.00712474680404532,0.0247206932416111,0.00890700575478543,0.0169252158576004,0.0101294795416051,0.0219890426438656,0.0230090274324692,0.0250881408615003,-938.832393880426
854,0.0099550593745895,0.0230223538281262,0.00743125559679417,0.0313505079623175,0.0100073384444931,0.0164549269812347,0.0177520873655804,0.0198795136040761,-935.207273743663
855,0.0105741143460752,0.0198706672318474,0.00863292841298338,0.0245993585263199,0.008848881731389,0.0193832242535393,0.014731321789061,0.020187211182227,-935.382018650747
856,0.0227518494262767,0.016095049842931,0.00346175333753274,0.0224408733631351,0.0113282529619942,0.0199402633751195,0.0195431122459051,0.0275823298328912,-938.622844713327
857,0.0200993688536977,0.0241926909284461,0.00363729360396737,0.0144964438159391,0.0103810618040661,0.013020971078796,0.0126430198806771,0.013451837393791,-940.151784445062
858,0.0109700416772147,0.0224407517408974,0.0030496167703275,0.0153795737413339,0.00844433734906026,0.0223867913934637,0.0204621221813802,0.0146127455032791,-938.419140574961
859,0.0104154908026098,0.020981020520473,0.00645877173784627,0.0340022073542219,0.0149924308649288,0.0101181026142405,0.0199944555583694,0.0381693767374598,-941.155153681555
860,0.0112883326393223,0.017347261764981,0.0138440195609086,0.0200322613479264,0.0173100024358995,0.0114588931428633,0.0224145157179842,0.0253037145825128,-944.567245911908
861,0.012370926941841,0.0224312972611203,0.0142002759428154,0.0301854650841782,0.00802663431971191,0.0263663458562188,0.0152695787645348,0.0239826194257619,-939.942630411764
862,0.0118450453640106,0.0230210369148778,0.00371451893287589,0.0180565289049333,0.0135844703857502,0.0213945602217709,0.0172285833024282,0.0193247275140944,-935.640994223079
863,0.0114718996516456,0.0250978445961445,0.00348015718858164,0.0243605443875473,0.00927477678133774,0.0133192300830153,0.0201377301035999,0.0321675665794731,-936.044107878953
864,0.014617749231869,0.0270942334563205,0.00265619974593119,0.0174771691485737,0.0122393225548187,0.015965871915515,0.0168574557347761,0.0126215286030139,-937.681567526738
865,0.00334906815792146,0.0382347759044594,0.00720785851828026,0.0163111396646873,0.0112410129626367,0.017133556294381,0.0122999956879376,0.0248565778867355,-939.23234839643
866,0.00503424007125237,0.0229392141632251,0.00789143543836411,0.0406682314305455,0.0120855995801903,0.0161429466823682,0.0231183400514659,0.029822781173231,-940.706541949584
867,0.0106587444280725,0.0259620284735296,0.0108171257857348,0.0237216780961544,0.0118301430194115,0.0179041715470074,0.021547111834592,0.0224850038180785,-937.698239360736
868,0.0117476563187083,0.023634416862544,0.00282745117303154,0.0234424364695989,0.00939208445426085,0.0163747607855501,0.014074310768979,0.0206071611621395,-933.979252101556
869,0.00817070372745849,0.0292004510027981,0.00307436134217605,0.0273769124647224,0.00991193778171017,0.0140956092148758,0.0181441892364745,0.0158345800615022,-936.392714542122
870,0.0086618913560069,0.0195772928777822,0.00385340104986229,0.0187676633510461,0.0143083480246612,0.0173335392336465,0.0153407009748095,0.0279152742820987,-936.854014966005
871,0.013529462404672,0.0234304321408937,0.00736882685034708,0.0222607611494779,0.0109606347588103,0.0182751795379159,0.0169961442302251,0.0133440511190074,-936.092596478565
872,0.0164700741842094,0.019651683619879,0.00705412922770081,0.0221070882256015,0.0157812132023792,0.015671790525933,0.0171006208036933,0.0140499993787589,-939.9787204462
873,0.0185823858736657,0.0204702773893781,0.00409820914595943,0.019388924244553,0.0143182566264847,0.0166944968589117,0.0143455117561479,0.0227335013246583,-937.653522772848
874,0.0159851672876235,0.0210683221733339,0.00307747824812095,0.0199830343511709,0.0113999918215742,0.0154886064201544,0.0181950277163567,0.0187471998293639,-935.119058490209
875,0.0117155258013315,0.0211860109173225,0.00261334192917795,0.0182034789806545,0.00950477026655058,0.020074338558719,0.0170387282597528,0.0263564758695632,-934.502892053365
876,0.012845758705761,0.0164678880863856,0.00128793947284001,0.0281644165392206,0.00875743986126586,0.0170750147900023,0.0205661161693894,0.0309912260422142,-936.825142424177
877,0.013731467842053,0.0192111042351123,0.000795699813709229,0.0277261411722947,0.00834578588585186,0.0220468712247568,0.0223798000099083,0.0226792301803137,-937.929252454694
878,0.01421892375146,0.0195644469506209,0.00515618126621031,0.0276256118847556,0.0120607653031445,0.0185662863186715,0.0203597561846872,0.0155034513230274,-937.239199249897
879,0.00991130083407472,0.0251489695710721,0.00440937430174509,0.0317855882392083,0.0119491350155169,0.0208555840289865,0.0220756679761064,0.0359905354041319,-938.192247063799
880,0.00977961610623172,0.0162795106520084,0.00419378214063783,0.0292779655413218,0.0113669366857965,0.0232245590357849,0.0163785041667231,0.0163953255526419,-936.603565092263
881,0.0139884168833144,0.0264397804826209,0.00347596964728621,0.0173421074778947,0.0107838371199271,0.0215136527284553,0.0132275684211542,0.0210588869816784,-936.202218193125
882,0.0155739122784496,0.0216386374256849,0.00289334127763295,0.0293324476128685,0.00961114753986361,0.0223570925841172,0.0202016494959912,0.026530104415037,-936.149976342782
883,0.0159857741492716,0.0201126173818398,0.00141955659048881,0.0197545222911618,0.0098017264617542,0.0125750624037973,0.0175914434553942,0.0190631379915968,-935.990202074952
884,0.00563394250423386,0.0230405288693992,0.00287147816597013,0.0325897562963468,0.0083484369726013,0.0183680314345309,0.0149726557526118,0.0298478369122794,-938.611164544651
885,0.0053607460869909,0.0225584543823908,0.00753111330220677,0.0324980964607127,0.0102064129248924,0.0118196284087378,0.0136030943140042,0.0225390373282944,-938.356548294943
886,0.0189938131737623,0.0223004247640828,0.00168932861012051,0.014562858220952,0.00896027719612346,0.0229484409614439,0.0192102390014455,0.0293127071882219,-938.878535777628
887,0.0136214055861894,0.0300388995698991,0.00144598888213085,0.0205160695151479,0.0101304801736447,0.0136622614754644,0.0151203682607081,0.0108050401993119,-939.094990072228
888,0.0103025630362786,0.0272861040008771,0.00936696223615661,0.0244029513913908,0.00906025793537528,0.0118287617460013,0.0132244296630731,0.0139276462367662,-938.052119584573
889,0.0120675572271436,0.0191682157584886,0.0133287611129653,0.0325419783312864,0.0116809484624789,0.0248176480022997,0.0132484431725209,0.0211892826242201,-939.990759732664
890,0.00779393852272298,0.0213859666131721,0.00267418380812552,0.0237617261997439,0.0100608384624313,0.0120545526827285,0.0183869370191097,0.0242203192631187,-935.730595244684
891,0.0128166798671255,0.0205937997396529,0.00399048128655728,0.0427537435263912,0.0143276630979917,0.0142454979999663,0.014295112598304,0.0131469234765696,-940.963738962113
892,0.00763377086374089,0.0239412586354873,0.0109807660954157,0.0415672706654709,0.016513569298757,0.0158087235251042,0.0157272344807295,0.015796910796454,-942.685374722587
893,0.0118684043104743,0.0152557368774481,0.00587896491571768,0.0237310244165591,0.0133341036928256,0.0164435731678155,0.0166330284873403,0.0329505774592912,-938.402044560128
894,0.00743369815892711,0.0368573346434476,0.00826603155164118,0.0142700050345415,0.0122243772644282,0.0154902161361916,0.0199604968649848,0.0292757132009552,-939.324864711107
895,0.00742216594112922,0.0299752792028539,0.00125435715819067,0.0240387646638255,0.0128256879313235,0.0117466763551825,0.0193190812489763,0.0318083832471435,-937.876994251853
896,0.0188673824581349,0.0151303271463642,0.00546534154832875,0.0271105451159073,0.01063103778223,0.0170834946104268,0.0173625543865265,0.0410278284146692,-940.773569744326
897,0.0166644225330628,0.0155274751987616,0.00164482289349331,0.0230576766732245,0.0104883152254368,0.0166731891129637,0.0243919801312446,0.0297578187087972,-938.846347494014
898,0.0151316946805429,0.0192521141710934,0.00431119606233119,0.0250061743313399,0.00896774914555873,0.0161938662768013,0.0227139749151841,0.048806168248854,-940.679774125899
899,0.0135622121955837,0.0220356355740199,0.00342295323986383,0.0251856910337633,0.0141122212903319,0.0128499136676874,0.027465173246244,0.0398018992267428,-941.311537773839
900,0.00990552429377215,0.0232429155887381,0.00903086204104129,0.0255731822505637,0.0141024709831196,0.0201465560904871,0.0180241759028826,0.0276509092135237,-937.014540352532
901,0.00715318471261102,0.0200682332214454,0.00987753801404161,0.0215709389143278,0.0140327751733252,0.0200809330233219,0.0173104271562984,0.0254250056287429,-937.932299543735
902,0.0150433844027991,0.02093869970356,0.00495188824701533,0.0178990797601103,0.0138195492341511,0.0200166205937713,0.0138918533098398,0.0245210512438719,-937.18461487308
903,0.0130757211577844,0.0223580785426228,0.00265416725457936,0.0194811675705662,0.0107816802870492,0.0187527499753337,0.0157949106145291,0.0288240774978322,-934.777314786237
904,0.017198499584411,0.018387905363921,0.00210779862181836,0.0187058848350789,0.00689740162536645,0.0169687670946492,0.0191070190811571,0.0208623400292252,-937.829498894103
905,0.0156526710284193,0.0185751112783042,0.00638368829948472,0.0282235846352019,0.0141143027513513,0.0164955244485004,0.0190932109528439,0.021307001652341,-937.517968997039
906,0.0137515759240502,0.0193829665896409,0.0061354832655984,0.0293173834535311,0.00823536037176941,0.0225049548460785,0.015081200543337,0.020485158579634,-935.752624216253
907,0.0129192502698043,0.0266858763114175,0.00278383010598064,0.0259610612390711,0.0124503288651791,0.0326679805770887,0.0175936385774287,0.011373673379446,-941.755863638241
908,0.00533020428009252,0.0258562772421969,0.00251572259745687,0.0149946094032859,0.00813062531328843,0.0183715546976804,0.0155308027481206,0.0299358782605154,-938.654443145779
909,0.00964354050362881,0.0389023178214437,0.000261703607645416,0.020665522683067,0.010263775016424,0.0192566500075713,0.0148753837157171,0.0173626066386533,-940.659897884137
910,0.00634237396867647,0.0327374427493323,0.00122388097784444,0.0163333514376683,0.00920940736993208,0.021814721494977,0.0158186136022243,0.0190334940526902,-937.286414606767
911,0.00464201775499088,0.0338665153024709,0.00973688436131646,0.0391553266911995,0.0104376720111495,0.0177632374556377,0.0134655635580923,0.0178809043667936,-941.119639713399
912,0.00854031662319686,0.0233487225759532,0.00689710588263816,0.0397572601618919,0.00953899434946226,0.0141031446914206,0.0173914913714703,0.0175194732662987,-937.896611088717
913,0.00972420493501128,0.0216817089374007,0.0068521235540917,0.0382747775752773,0.00991322206380461,0.0143333874014214,0.0158150842530194,0.0188443513078963,-936.711952248105
914,0.00929320542654636,0.0202951291993437,0.00336389946274298,0.0348223247071144,0.0126541915101587,0.0171927790754038,0.0157051377814557,0.0186368576049473,-935.974046941791
915,0.0113993440439345,0.0213483994811302,0.00890589197673593,0.0156051447947182,0.00931160868912591,0.012759003382864,0.0171568959368203,0.0261543262525306,-936.858496806927
916,0.0143163055606948,0.0281128897784486,0.00474129223390369,0.0189835289568504,0.0105395864248202,0.0194115824108526,0.0143968851684354,0.0289717407929102,-937.114311895114
917,0.00774308164703889,0.0254341703057892,0.00707311983378697,0.0225579684987959,0.0104796163107882,0.02214993071387,0.0229325612332067,0.0328307477330011,-937.776137371046
918,0.0140843025341674,0.0170347973533537,0.00169030727577107,0.0225521192558476,0.0100592544665921,0.0225808204943437,0.0215079993671558,0.0279585957393339,-936.731902497442
919,0.0191239617866123,0.0200569298791446,0.0031919148317991,0.0225602829282446,0.0101312734294512,0.0216105728645262,0.0206432426382745,0.0316225986276815,-937.514199313556
920,0.00899554146874718,0.0234916946956155,0.0119631375465507,0.0419383747819931,0.0108167398874394,0.0228560307986493,0.021195134805978,0.0227988572219158,-940.851450431977
921,0.00890314542856711,0.0231063921260298,0.00496469404198516,0.0398232768045714,0.0107820365035359,0.0223466150015532,0.0217213563335644,0.0230615575838525,-938.864036574126
922,0.00788977183640943,0.0198838117216948,0.00509836571174767,0.0121666485862157,0.00867422121190807,0.0273661011996677,0.0124894500856286,0.00990992073378559,-942.544105009877
923,0.0143319354579157,0.0265117489875308,0.00798825274851696,0.0335806133266622,0.00898891293880032,0.0278041619235079,0.0156305699092092,0.00991957400804524,-941.221241456157
924,0.0147183911416359,0.024171281188409,0.0127439273037364,0.0371716313948088,0.0127735747705696,0.0207836952087987,0.0162933457434858,0.0195659229668914,-940.501917031551
925,0.0033200646879823,0.0219944417025114,0.0135356763343883,0.0188563009685465,0.0118386344914706,0.0226472798529822,0.0165376547338139,0.0301668289837283,-940.729730949583
926,0.00651115041162999,0.0242433387142695,0.012667951506479,0.0222835324971918,0.0122217515077446,0.022251723629677,0.0205378200505052,0.0313282255946475,-938.886564467153
927,0.0121421267574418,0.0189338521746909,0.00940109269210163,0.0206663612784632,0.00961120045843156,0.0167894648782255,0.0184514933892492,0.0323476316073406,-936.884549294762
928,0.00850991514043198,0.0328424260487572,0.00299576401042734,0.0249252394273458,0.0115452064784516,0.0232714627171431,0.0256043250067017,0.0277840149676715,-941.611499623741
929,0.00838449494858013,0.0288591634470714,0.0034392745770623,0.0226478107311507,0.0119091221065729,0.0201192558584186,0.0240608947311228,0.0266632006531954,-938.066562817994
930,0.00849691699933056,0.0273379797865042,0.00915861799897874,0.0225470730140985,0.00898864573883722,0.0151658028046845,0.0137243900649418,0.0168138819158124,-936.046687294847
931,0.00901130217027473,0.0330399709546833,0.00279328603783016,0.0190694209119853,0.0121491166506742,0.0160852722173071,0.017468883090954,0.0298761778041075,-936.565671584476
932,0.00478281903673956,0.0371465263075899,0.00572487004228529,0.0225595219290149,0.00968539282974433,0.0186061775381913,0.0163427849989364,0.0175385861124675,-937.385134892364
933,0.00128653008249349,0.0363436856837941,0.00839770110425293,0.0170219985888716,0.00865312431300972,0.0196335262981268,0.0165840754377508,0.0310909155263319,-940.307537246289
934,0.00211293644818996,0.031578364388746,0.0100120997845595,0.0328144115399172,0.0135683558205672,0.0216942082044073,0.0176399764519752,0.00322057056539571,-945.061367707106
935,0.00255528904425837,0.0340825339089529,0.00888877631451038,0.0201290018637648,0.0102670077249691,0.0215999097029069,0.0177547741291557,0.0189480592294337,-938.169559314059
936,0.00600613274519326,0.0349310473822884,0.00228002903588103,0.0265334410069183,0.0118642289863055,0.0128771168347265,0.019314864837691,0.033549612168716,-938.791093341743
937,0.00743984425455817,0.032297083161836,0.0026874523942731,0.026782425229073,0.0107724280500239,0.016205618266824,0.0256511187409578,0.0236693967778995,-940.653129931682
938,0.00494714050159222,0.0272543441139807,0.00505622429528927,0.0168497496286087,0.0138002177321337,0.0123092258354174,0.0242861836766269,0.0282380621191771,-939.886324071484
939,0.0112529912846375,0.0272537545854588,0.000908575973426217,0.0269974458816764,0.00937425843516485,0.0133923726491434,0.0111471733504971,0.0169114486577802,-938.500504946591
940,0.00828681824690668,0.027202563963528,0.00831413128283105,0.0180348925581557,0.00990916157918637,0.0134916244506606,0.0143871742824455,0.0185769238457161,-935.533002518816
941,0.00890939627761292,0.0271046461024974,0.00259861887219267,0.0227710206594145,0.00829703382185438,0.0174369444585397,0.0167788179485731,0.0187417918784779,-934.967326656412
942,0.0111331768688363,0.0311336359715837,0.00712966098068984,0.0227979239864811,0.0120450325826961,0.0187696318312538,0.0160691144040778,0.0219434039746021,-936.566250428251
943,0.00567635071901696,0.0238155521314831,0.00988362868266295,0.0229535744350093,0.012088496236543,0.0166842213356807,0.021661306037055,0.0336121618119587,-937.900227087603
944,0.00781482902629851,0.0241433521667577,0.00859874751737225,0.0193199220890305,0.0113818429614605,0.0168165077325619,0.0184467106604268,0.0230381047675618,-935.275798096773
945,0.00899079915934021,0.0426407914572397,0.00607701780626623,0.0233106705940737,0.00618536559439318,0.0158277159975014,0.0140443206570573,0.0256061772736095,-943.222863314004
946,0.00596430975906621,0.0325985708510013,0.00603839518185525,0.0180574642659041,0.0163025717137223,0.0183491093257218,0.0172282356092458,0.0299570163704158,-939.49740719215
947,0.00787666881429299,0.0260432192587411,0.00565243900962942,0.0144584508601927,0.00949268585700349,0.0171421275753248,0.0177254223107215,0.0159710872465837,-936.269624026483
948,0.0121381597138549,0.0212741010750932,0.00257130043308312,0.0356819379623584,0.0106832704235551,0.0149523031364048,0.014402378901963,0.0281594183122172,-936.950835894175
949,0.0119219214351893,0.02361046957849,0.00904981256744262,0.0228245580109218,0.0106161467728162,0.0169464061327063,0.0212441298738596,0.023216976381757,-936.299913858176
950,0.00987676182599389,0.0223017786914081,0.00212919788584301,0.0328191962177549,0.0102243418404301,0.0197323882073519,0.0150191213680964,0.0297044301048007,-936.46379286156
951,0.0127467345519534,0.018822504836641,0.00735294303493847,0.0186254465073091,0.00901196195699429,0.0200977949917664,0.0180125802344776,0.0337500975076497,-937.344477299178
952,0.0110537536418638,0.02242816699562,0.00146385924190289,0.0194515758866257,0.00874326061701904,0.0191321514517073,0.0197014327127004,0.0280918903075886,-935.439579359555
953,0.00881893318408274,0.0240475474592127,0.00177608458850054,0.0234827190663565,0.00777056819147318,0.0222327485999589,0.0236778013953133,0.0348942733022314,-938.964266081546
954,0.01709597842554,0.0199846665449227,0.0030577838034092,0.0234569719502541,0.00910336468122961,0.0131982535364488,0.0124631365611599,0.0289567315641002,-938.454861537339
955,0.0188848211161143,0.0202878822484517,0.00782253450292473,0.0216694855694963,0.0105861128510015,0.024393043885857,0.015190796535307,0.0229823035360631,-938.16877847053
956,0.0145607492500755,0.0247137734401027,0.00447598843142774,0.0280119421763995,0.0090108108380884,0.0257050912547826,0.0133078580979174,0.0226054935438447,-937.519094631788
957,0.0075847719405032,0.021821432983541,0.00188429737007473,0.0319445822857416,0.0101390554779873,0.0252024848279436,0.0174787312246077,0.0268022899014081,-936.979000594603
958,0.0154743188904281,0.0205616973026688,0.000565108508233098,0.0314645108974179,0.00984814449153476,0.0205657123517974,0.0200761065461402,0.0252647474589173,-937.102045982547
959,0.00884129937912996,0.0224412669759286,0.0228223286683574,0.0403350540027841,0.00986145618975988,0.0162915511805081,0.0188458731685974,0.0217704253933055,-941.941452296125
960,0.0116726329133309,0.0182714372109586,0.0225304990122062,0.03314938983498,0.0144546755059329,0.0153500613606237,0.0130391840877612,0.022097451785511,-944.028422776241
961,0.00750319178798858,0.023085912192401,0.00294622645332076,0.0395644714677541,0.00996085078884822,0.0177016884421289,0.0176757169340471,0.0168377243509304,-937.530490426039
962,0.00734649944582321,0.026943122084999,0.00695708673799726,0.0313663777239492,0.00747513560533091,0.0204457272377431,0.0148705025533095,0.0187222672602936,-937.672656631644
963,0.00636598338340767,0.0296666551239724,0.0045396884290826,0.0279044268580471,0.00868193123800968,0.0216322430458194,0.0149659811347823,0.0252470368949527,-936.845738450563
964,0.0145719841525208,0.0193363961548596,0.00280514158403068,0.0311434373105656,0.0104985377159232,0.022552857911626,0.0198974618168496,0.024723967424424,-935.946478969335
965,0.0146349536295688,0.0205707322322987,0.00354655045361151,0.0296143042572256,0.0126005928737764,0.0298432520171807,0.0196444242852364,0.0223437551092043,-939.132957302496
966,0.00756549786465594,0.017626690099005,0.00321744566013181,0.0161176866559502,0.0127566494258782,0.0162016959672845,0.017665014984766,0.0162853419809253,-938.611331332057
967,0.0117300490598522,0.0207528055160344,0.00237947274906361,0.0156769818629108,0.00832890026524333,0.0103617305071975,0.0139261856455869,0.0169205540608075,-938.360972270774
968,0.0116087974784643,0.0193777303324458,0.00606221671766814,0.0145422852396149,0.0144332279268887,0.0123932835791621,0.0140586883877,0.0225906302420304,-938.502921648675
969,0.0117119286498645,0.0245293005467629,0.00431009493241217,0.0104762530092186,0.0162694910766933,0.0230409294013191,0.0169257252676754,0.0245229870648588,-941.504056218846
970,0.00655168400723243,0.034425628112423,0.00415329375681405,0.0306862471323008,0.0120736573969531,0.0221799297968907,0.0192573998577785,0.0130484388637755,-940.932410936073
971,0.00807505263478626,0.0147792990957337,0.00410827073102474,0.0277662176213701,0.0112800669137524,0.0227650190931492,0.0123969813932209,0.0135057913583574,-940.211601947482
972,0.0128862285215828,0.0194638864895194,0.0052302399238497,0.0197217305949765,0.0111655779532721,0.0191819090781421,0.0156347315823102,0.0264986798101991,-934.93070427866
973,0.010490227783932,0.0267562636774801,0.00569762240755614,0.0178171254541997,0.0114107050641322,0.0132647761586848,0.0224045054674504,0.0334257575159461,-937.330834315618
974,0.00740420297647307,0.0320256087488937,0.00271402308313306,0.0221034296139818,0.0105024822977515,0.0163311633322402,0.0180137744940221,0.025856562773716,-935.272041105615
975,0.0121891696465916,0.0293455368271088,0.00575525222619121,0.0218610792762231,0.0120023935940892,0.0123083008476293,0.0138454513747538,0.0143618673764297,-937.303332282757
976,0.00819543176102869,0.0335700042920926,0.00324645752152266,0.013154704437731,0.0106452810437376,0.0206713139762947,0.0126244866132914,0.020217976025527,-938.105967493917
977,0.00827536403209326,0.0319312873898645,0.0073730666259691,0.0296370993815869,0.0107553384430555,0.025646871146747,0.0145284824694218,0.0219770321451626,-939.117756028294
978,0.00804405677762133,0.0193401983759832,0.0020441422627336,0.0289866150354023,0.0102971008277293,0.0158849614187801,0.0162509175318337,0.0234181703442084,-935.365323670883
979,0.0206840487809558,0.0235554412665529,0.0035909911702959,0.0257358936108999,0.0107613398272025,0.0195179597511664,0.019096051556542,0.0211414484833932,-937.902325456627
980,0.00751067204244877,0.0205754948315264,0.00616199318475657,0.0221411708945673,0.00910500583814621,0.028168233289166,0.0169418205873684,0.0175141216476151,-937.636987059533
981,0.00515374417870734,0.0228319227549795,0.0117682836260745,0.0152803609868336,0.0144406158484113,0.0218322515420526,0.0121475534004837,0.0210147182781943,-941.918396478043
982,0.0145930122135682,0.0264261983373033,0.00888450689587917,0.0169977463487667,0.011331029018144,0.0139442530652903,0.0156881800400827,0.0119098034715597,-938.617546433901
983,0.0089997952770783,0.0239610060777614,0.00917114236299887,0.0267552241325094,0.00905488165564836,0.0183861733595674,0.0137607728931052,0.0147153400748737,-936.255337948762
984,0.00767823429110972,0.0231864246045964,0.00880030572591035,0.0331782535746256,0.0101009781207274,0.0215068168988854,0.0190517331667343,0.0156039320396853,-937.764597735337
985,0.0100388408426998,0.0223981355480787,0.00337116983388871,0.0355662602025533,0.0108065375353483,0.0149689236347931,0.02001206065982,0.0217878063139159,-936.332314637675
986,0.013768489289393,0.0239905636022543,0.00178707193811585,0.031423444496812,0.0113203587417725,0.0120247576344601,0.0126087069951255,0.0215983061029925,-937.644188619299
987,0.0101635090160759,0.018086813277921,0.00744860190068162,0.0307833621345343,0.011845613020275,0.0134239761430348,0.0189667755938225,0.0347460197820491,-937.561595723427
988,0.0135993550981113,0.018132246850928,0.00568587713838952,0.0172722803625206,0.00858160812089769,0.0209119721697328,0.0198343155406106,0.0241746620721297,-936.776011276756
989,0.0169997971827058,0.0212119077302485,0.0020958981400642,0.0309393811547687,0.00713132183707533,0.0245613226628549,0.0177312718009237,0.0238008279310765,-937.968727949074
990,0.0145323191546966,0.0166373650499366,0.0025300630432568,0.0306363842119,0.00799198188708709,0.0270976055995269,0.0141730214266658,0.020401120366263,-937.726635283977
991,0.0104849839474565,0.0199680094024803,0.00365401070723712,0.0341075903867044,0.010134923023201,0.0178585718998485,0.0138489744882251,0.0226122420307683,-935.541398436637
992,0.0142877427582065,0.0194563166599137,0.0051067465892052,0.0191337117482741,0.012806291284555,0.0138889725648223,0.0193378260455672,0.0396909846821583,-938.938984050161
993,0.0139159071882688,0.0257680233221637,0.00324649088583781,0.023239950345829,0.0135961205803215,0.0195296124912793,0.0227416999643001,0.0289301206698993,-938.087768912351
994,0.0136768127036169,0.016422323686067,0.00328222055641311,0.0241459809714611,0.015111757621848,0.0180715716576426,0.0226811061738948,0.0266073346245598,-939.106196294402
995,0.0097155267589317,0.0260974502273535,0.000662434805073789,0.017003565502833,0.0143281475803855,0.0238610327616018,0.0226867518861887,0.0345474992356442,-941.20564819299
996,0.00848760797581618,0.023691221585046,0.00799060642013047,0.0289266918421256,0.0111187360862887,0.0124456241389105,0.0199871205419886,0.0227906996458512,-936.42660152105
997,0.0107134997321226,0.0260053842121568,0.00425904955640664,0.0265554498910153,0.0129582807387451,0.0105660211910212,0.0228339182814435,0.0292520708392314,-938.330777570542
998,0.00609589306754666,0.0252113419860696,0.00915479681712124,0.0192252415896105,0.0183310002946272,0.0186350930668694,0.0168540121985233,0.0228359884238332,-940.598633071888
999,0.00674555877811514,0.0249360768415065,0.00124722326384502,0.0157399218904566,0.0136273581899894,0.0185881081264621,0.018326454077457,0.0204082027822377,-937.206955606861
1000,0.0113905935785309,0.0233441984667225,0.0127133513288884,0.015123883646328,0.00939754785311418,0.0185570572604523,0.0135069023222313,0.0068417256512642,-940.035062206527
