"i","asc1","desc1","asc2","desc2","pol1","pol2","tran12","tran21","p"
1,0.210010331680675,0.0403116072230011,0.0289933609419406,0.0261991671260887,0.0142951756769503,0.012735288058818,0.00908597304210132,0.0496724112341876,-1143.18486869546
2,0.128774453954041,0.0279020521407541,0.0135957134451267,0.00833141551189797,0.0126465793410405,0.0153445342812429,0.0307224301757341,0.0256620974873911,-1056.31261534655
3,0.0559564575011065,0.0133719421107951,0.00820566598628367,0.00939028466375808,0.0100409703875502,0.0171682536483738,0.0233704684736673,0.0279489206250334,-972.100394340822
4,0.0464083672854386,0.0160519285053338,0.013309600755505,0.0136032069731769,0.0150991204285928,0.00886360666183818,0.0140609221059195,0.0289474479372059,-965.887202793447
5,0.0298092277544774,0.0176444415949574,0.0114670547939348,0.00935723402267086,0.0111111854835133,0.0185585531075398,0.0151480340763001,0.00653450042498288,-951.092666374302
6,0.0246498409928657,0.0159936835315336,0.020513201248351,0.0338273410212562,0.00727720428371955,0.0228803520175973,0.016877341602172,0.0213975527224347,-948.389557470745
7,0.0185575856446525,0.018537597380554,0.00359076487530371,0.0157966927244412,0.00892905679584245,0.0210270425796123,0.0151935430187235,0.0174878879765832,-937.100545802827
8,0.0117680794423796,0.0240008495552622,0.00336069700329434,0.0275540534234778,0.00948049872554707,0.0237422600409174,0.0151873347700073,0.0135088944644428,-935.735543953679
9,0.0120042399883602,0.0258370043219961,0.00631982084322355,0.0263850044078035,0.0107060680221105,0.0200440415278206,0.0137230323871887,0.0158951531397288,-935.658827566188
10,0.00952915123170387,0.0268647491915388,0.00146335367286561,0.0332348481397555,0.0114890690665738,0.0187888045222782,0.0160389432246442,0.0167461025233,-936.600343215581
11,0.00763664589641309,0.0272639462355735,0.00391157731656627,0.0324584325615278,0.012405639938109,0.0189582232963015,0.0212942749480956,0.0111503938056005,-940.593854342644
12,0.00759693864149396,0.0169382265977027,0.00531001404085768,0.0329639849444275,0.00854181093393997,0.0195239624751481,0.0178238327055654,0.0260907119128679,-937.507424270152
13,0.0142194756092402,0.0209038972319948,0.00379145982695481,0.0249979152957558,0.0126862575829727,0.0150467502720984,0.0188061133799053,0.0214151715643105,-935.039372926099
14,0.0243453635020866,0.0211556836429234,0.00396134415150293,0.0260129159089212,0.0129134813673482,0.0244343749510639,0.0177950369083931,0.0214417634627548,-941.698752107996
15,0.0134462008971342,0.0258455700244315,0.00300510837143668,0.0268856467817551,0.00849914867467279,0.0209887008779119,0.0199111337460756,0.0291286555695289,-936.339600959113
16,0.0139818397401151,0.015095697219994,0.00597616735204939,0.0220830028538954,0.0115514365440234,0.0118308686060909,0.0176435683213333,0.020121732132415,-937.560757970598
17,0.0138159246375754,0.0239777697365207,0.00390013509047645,0.0256618302674074,0.00920286057226493,0.0260986093419134,0.0162382207437293,0.0261619793501807,-936.186012263625
18,0.0180152551183951,0.024052849683851,0.00436750640214738,0.0156939410995306,0.00956231307051613,0.0109489686794197,0.0169181820994366,0.0222046131826836,-937.924204631405
19,0.0049748132166162,0.0247414834667304,0.00944745714962212,0.0158581515518985,0.0130241036874905,0.0181539942033513,0.0155807773067361,0.0266780341371275,-937.882395972504
20,0.0102336435249669,0.0218001872111449,0.00762446168925019,0.0317553274156863,0.0127193564886198,0.0187479983564529,0.0166860688289385,0.0178144617080877,-935.981824985444
21,0.0155036105903046,0.0202364549880488,0.00333223913423333,0.0291216663100026,0.0133249046408665,0.0169920988487153,0.0169072076514104,0.0238612769456094,-935.853770644073
22,0.0147125088246153,0.0198369336443433,0.00643769214557675,0.0290610002225019,0.00779904069689354,0.0119537255154577,0.0133934862649505,0.0175282562984482,-937.949740302122
23,0.00739297489851918,0.0240641548789657,0.00432510606622523,0.0183734604222306,0.0110372680427555,0.010792886074435,0.0169316016160225,0.035008332790328,-938.193571686984
24,0.0164349148554516,0.0216155004600496,0.00617449752193642,0.0263955933086052,0.0109969778401327,0.0264537314460935,0.0235002851247972,0.0332566651252845,-940.304195779626
25,0.0147386234672779,0.0228984157964779,0.0067747377615857,0.035574485563932,0.0105465366498676,0.0246630474610504,0.0175675082232845,0.0390111632378202,-940.951379364315
26,0.0160491155732632,0.0154335707349357,0.00390960483680901,0.0237055164058984,0.0105719105484297,0.0220705609960198,0.0179322174271626,0.0354714488929706,-938.035142836525
27,0.0128109716162831,0.0299346778777815,0.00362054357912236,0.0223532421215841,0.00862349969021992,0.0213210370980403,0.0193586213598175,0.0165267558179784,-937.855061323447
28,0.00274388333368134,0.0336980895930818,0.00453761092988391,0.0205562425045334,0.00602066714979129,0.017225345753019,0.0181598157257745,0.0283367579016252,-941.201767063604
29,0.0123490754456673,0.0368056912284918,0.000887635328950479,0.0216755884002536,0.0179833343987892,0.014534831129485,0.0170682024288113,0.0183687121057257,-944.59499009612
30,0.00440482053924917,0.0354678122342794,0.0073293137527501,0.0230941771499025,0.00622488982313703,0.0168387403041455,0.0135311804124343,0.0194858958323017,-940.484530331496
31,0.00920004691535814,0.0313255374019614,0.00670713839084321,0.0398143684855564,0.0131334513777122,0.0148882958361747,0.0204939367222946,0.0251811187072528,-941.21799863555
32,0.00268350191112263,0.0254613204543622,0.00660092655408307,0.0184471200585214,0.00993030765210418,0.0199584025088575,0.0213289069148099,0.0326706297084375,-939.603286230707
33,0.0206862513331562,0.0223721960091994,0.0031354331950108,0.0285200598854133,0.0104597109721301,0.0168748835634345,0.0225825367299864,0.0295989590354854,-939.290535352943
34,0.00420545096933315,0.0333602652216664,0.0109715775571753,0.021387092784298,0.00790931536323653,0.015351745672237,0.0166565213987239,0.012762587475111,-939.942740184406
35,0.00264627046637039,0.0280095977992169,0.00798764178769484,0.0166110916880117,0.0118457473173873,0.0181112341676001,0.0179208176492897,0.029665605821519,-937.925456517739
36,0.00579895725526896,0.0322220760693657,0.00879126704248776,0.0225047222154679,0.0133937156487749,0.0151855954958259,0.0189921293725715,0.024875078403808,-937.197187339101
37,0.00627104499911032,0.0251192060762837,0.0129594585597495,0.0202275013256332,0.00952081223844224,0.0198000113403338,0.0163439743886108,0.0193075086089268,-936.871164422896
38,0.0116983191541678,0.0260298866147132,0.00630269842583944,0.0256633187908238,0.00723139952316201,0.0193559683584602,0.0176639860241565,0.0211923477873419,-936.357732697232
39,0.00794905514659106,0.0287822951897904,0.0155406003186133,0.00648336847680096,0.0134382501366454,0.00974029518847097,0.0156292119889352,0.0252986455982663,-941.80157040425
40,0.0108460467845619,0.0295141923144479,0.0247214508538467,0.0129288706338703,0.0140226347718088,0.0157762853638332,0.0152030907889997,0.0163710281359459,-943.955709899497
41,0.00679510638717046,0.0278346948877667,0.00442233435896782,0.0305390393146865,0.0086167756755741,0.0233220113165616,0.0154872500634559,0.0199338935543016,-936.882046868451
42,0.0129644975111945,0.0203040466948561,0.00520303208994569,0.0330376650328753,0.0103504910509883,0.0291694988166679,0.0183505149414378,0.0276240044095104,-937.887459996425
43,0.0103833976333141,0.0164116662772672,0.000278816110256787,0.0409096978440957,0.00839889716394357,0.0163556999131763,0.0192428087055116,0.0329214738904302,-941.097117612841
44,0.0105033106423354,0.0172288911088213,0.00325322185824751,0.0365662703025117,0.00850878009679175,0.0230647214584327,0.0198950058683303,0.0284138105693011,-937.342234893483
45,0.013306937001711,0.0211160242958875,0.00332182810739034,0.0362661019085342,0.0101346359061255,0.0119430627396278,0.0171331459521084,0.0250667357316617,-936.83246820183
46,0.00904579947327331,0.0217215490891909,0.00710255523228013,0.0354950731535877,0.012663719208979,0.0224582540504812,0.0148021388484334,0.0142639200608964,-937.818415937366
47,0.0108607961046705,0.0209540657153971,0.00444067008474879,0.0187582131508492,0.0132302422493404,0.0141442231748143,0.0145387242307423,0.0231328383506329,-935.197273909036
48,0.00720773949521107,0.0288638848866812,0.00760333795352715,0.0204635580076163,0.00927561955592599,0.0172032684006439,0.0155122651845297,0.0180441965353094,-935.224836520327
49,0.00787839168501973,0.0244690809605869,0.00242788390459438,0.0277045737051158,0.0119450954054749,0.0158789206215629,0.0159964210232252,0.0273970228565374,-935.135878736205
50,0.00774279667227921,0.0264170616442523,0.00799337907897801,0.0210534925715552,0.0141833538033702,0.0143158855057342,0.0209081087066975,0.0257975882857419,-937.226260968085
51,0.0119916220951474,0.0248449521426105,0.00270273686098429,0.0243523710489355,0.0105820419616754,0.0246314799093306,0.0189826174786895,0.0244507378170829,-935.572660120241
52,0.00737934051724332,0.0245673070161724,0.00637703218358324,0.0209801735869744,0.0103970905985488,0.0141010783816269,0.0165223711128652,0.025164755200594,-934.710870051191
53,0.00760331668813997,0.0298722736080271,0.00281074170195143,0.0223642030202206,0.012460431626805,0.01886182259126,0.0239708613731355,0.0332298880880324,-938.352215496042
54,0.00810346614399343,0.0181927098546966,0.0117418024629624,0.0227616370771273,0.0129796137887321,0.0162001837832601,0.0139247498283394,0.0241949639731057,-938.333082341969
55,0.0117164948454514,0.0236141309817793,0.0138742964611785,0.0275016821252045,0.0102086893255344,0.0129443071516585,0.0142215219778177,0.019345457484136,-937.521358567014
56,0.0115662721630582,0.0167427839963929,0.00957489062488465,0.0198872836047759,0.00784262549967008,0.0194333620197863,0.0171150722921243,0.0233987741529768,-937.800635210025
57,0.0123849685738698,0.0184037935085436,0.00462202095109313,0.0239004620643596,0.0120620118563679,0.0145766743209649,0.014770047550824,0.0153240541360262,-935.28045911309
58,0.0133779898240578,0.0193905199756194,0.0021978927529675,0.0256866285226764,0.0116984846308376,0.019187791351796,0.0152968736160933,0.0235258882809376,-934.434786607726
59,0.0129005199381977,0.0234863574952852,0.00457322033020767,0.0173726632381049,0.0104974588689632,0.0198559690589127,0.0144046996779508,0.0302469485647047,-936.380565488123
60,0.0126371288117783,0.0176894760980251,0.00386993051202677,0.0166217329281327,0.0120692615921308,0.0170163382508201,0.0200064665552037,0.0260879086600253,-936.513981767639
61,0.0160223244941018,0.0192828001369455,0.00195782518510626,0.0264935494796325,0.0112563095778159,0.0202415142163604,0.0141306291539155,0.0253318078542647,-935.910555039246
62,0.0114084772426886,0.0184741158457645,0.00218643022100356,0.0252517469554278,0.00809027138887759,0.0152908569951611,0.0224056700993062,0.0309817626767325,-937.192385715446
63,0.0199501264110969,0.0208536551946735,0.000859539154262561,0.020605437335583,0.0124541109044504,0.0185299641723314,0.0181736749948667,0.0167740623649315,-938.460075125113
64,0.0224807066490126,0.02396866485807,0.00615016199016337,0.0166640751056522,0.0153913275075683,0.0142883015489741,0.0189651790458936,0.0232464291618189,-942.592079442212
65,0.0219245713519456,0.0178627158774248,0.0224210610120248,0.0198958815228633,0.0160427483736806,0.0159177232871962,0.0140773876760214,0.0135392649584793,-949.212310951404
66,0.0221437222158665,0.0162512150897279,0.0182422272644049,0.0246942034697429,0.00994806822305475,0.0123787157408724,0.0161962084342307,0.0218442177078704,-943.67137858609
67,0.0113115397787264,0.0248996680581189,0.0106845839299004,0.0300528425194821,0.00798006854257097,0.0174240866435781,0.0142323442487648,0.0220639799381959,-937.377935206204
68,0.0062979002454964,0.02870229262322,0.0126987874658513,0.0257489957348175,0.0120150791072843,0.0156135877373384,0.0191141919219946,0.0306856999339802,-937.669760337751
69,0.00703921388395933,0.0266851802666329,0.014489678292473,0.0250069552072163,0.0125672267881149,0.0113997867748444,0.0173303809142851,0.0316393736696981,-938.608063555782
70,0.00279165867748178,0.0248382393440433,0.011561102538523,0.0366171451124014,0.0102120181836557,0.0174885393019121,0.0167026179228569,0.0274679543134952,-939.413842936585
71,0.0046138776251328,0.0276492411518651,0.00759756981635878,0.021338452677443,0.00796798829309601,0.0206219187722909,0.0182009963609668,0.0269225503414487,-937.419919901407
72,0.0121646761936481,0.0315639548190639,0.00662142480895254,0.026908515825081,0.00660054308096622,0.0187164244234563,0.0164119897672471,0.0197188857524075,-939.300428295152
73,0.0128954429427354,0.0206921406850828,0.00157002274715584,0.0213826342846066,0.00964516526148815,0.0227344447343501,0.0144693633165316,0.0196876586427557,-934.732376557933
74,0.0129078460101857,0.0253632869135625,0.00245514100321623,0.0155884847088996,0.0129009191763244,0.0216034708138833,0.0146924349428821,0.0221922834602033,-936.40576388851
75,0.00411861552939848,0.0236128169896139,0.00598663744476533,0.0141225453018054,0.0112434075736091,0.0255282533888736,0.0140304734417691,0.0307983313895649,-941.969518186993
76,0.0161746121685474,0.0278149153827085,0.00285505451852236,0.0259465339778862,0.00843638898155044,0.0295423541336129,0.0205211550206649,0.0304278122688805,-940.925868907345
77,0.0146523063828572,0.0132248700428634,0.00332105604707494,0.0328634464380306,0.00900569344961616,0.0216048811504411,0.0196523705944361,0.0294456231312076,-938.095866551793
78,0.0103046145694359,0.0231054771425336,0.0110502871258269,0.032705645775482,0.0110459789541698,0.0223577577897538,0.0201863268266963,0.0277858917636299,-938.010182959122
79,0.00920967651996711,0.0235422551980565,0.00976200623464987,0.029547417692947,0.0114164766419583,0.0219551666182269,0.0139663056999241,0.0271647198355392,-937.651154328084
80,0.00947791912117014,0.0187319116541722,0.0105440151883538,0.0262372973984573,0.00886510307481224,0.0156916045991005,0.0167650611624442,0.0264533261448329,-936.589122041102
81,0.00965502615325834,0.0240739799644497,0.00287030104853094,0.0234251044737024,0.00929007675423497,0.0169927181180953,0.0195843090118411,0.0231481207561012,-934.480849582524
82,0.01468652222582,0.0251295623016391,0.00523461368291025,0.0131426160927183,0.00947151634841564,0.0108823060900674,0.0156861377271404,0.0153617132122617,-938.708079660511
83,0.0157408398226629,0.0279408526325893,0.00603836660192104,0.0139772309422653,0.00949327233615035,0.0161166693567541,0.0116101813630127,0.0244745932740133,-939.623666214667
84,0.00629461847702926,0.0248639949801323,0.0102258902016568,0.0153111239935304,0.0103969615044644,0.0139812385670893,0.0224874347344082,0.0295806605488981,-938.660458897755
85,0.0052948246175042,0.0329834623045346,0.00463085204687362,0.0152830867928925,0.0096536617923717,0.0129775941184271,0.0191787439878921,0.0209872344990423,-937.191700494066
86,0.00507616418555816,0.0371400776088921,0.00257783329130862,0.0169495859964477,0.00922049481698749,0.0192049295046599,0.0143488865610626,0.0250958798246367,-937.663355892764
87,0.00701698397281458,0.0254720925632098,0.00312715457696755,0.0239861509015956,0.00922111106139237,0.014740989830844,0.01108374300679,0.0168888879194815,-936.982792748732
88,0.01308373406413,0.0169059191123942,0.00367821059859899,0.0247569755687578,0.0078279846479682,0.0243621316882466,0.0197128868867491,0.0345419114973785,-937.732381264997
89,0.0125273687080357,0.0249277309236023,0.011304201812453,0.0302605147777536,0.00797298908401093,0.0143110988941681,0.02015414490191,0.0372467893722706,-940.190095320542
90,0.00875618358035548,0.0194488886585885,0.011023691276351,0.0272775924081296,0.0101294198599122,0.0160046036340231,0.0171602763493862,0.0212920354028072,-936.135864173128
91,0.0124022031232476,0.0199701910798176,0.0108238888837938,0.0339760730131401,0.01197545046066,0.0175181719901523,0.0142681757825056,0.0172205856433899,-937.464609627078
92,0.0118717551933512,0.0218220360441663,0.00328863473794172,0.0323104779847676,0.0110242922183977,0.0205293540351463,0.0142415171612319,0.0235817462088501,-935.413885368392
93,0.0128961461498884,0.0196080038563006,0.00535888531622314,0.00962058225681643,0.0119817407524976,0.0143034503462051,0.0209506364528853,0.0216841882832273,-940.88008230948
94,0.0192991437706353,0.028308854825772,0.00161879581143901,0.0133939400417312,0.00919222197031786,0.0214096559075787,0.0152454939531842,0.0220895949582354,-939.642286591912
95,0.00928117785854132,0.0364296448103841,0.00956907101517365,0.0195011668109485,0.00901391063098744,0.019393621141707,0.0153607222414265,0.0193496202493985,-938.742699958237
96,0.00502036231967999,0.0305342593754291,0.0100681932282152,0.0177796564648786,0.0120143646810768,0.020261485758538,0.0156568617882838,0.021967338434428,-936.990974619537
97,0.00952588014065335,0.0191255137647707,0.00246577113611129,0.0191065266188548,0.00854142994269109,0.0252019944651902,0.016589752628825,0.0204944438614268,-936.251633569891
98,0.00950438951248007,0.0184622870225051,0.00341743150538648,0.0291388210420177,0.00919185959539928,0.0242296802034952,0.0200078895114057,0.0302914602343376,-936.557475659467
99,0.0130885936432348,0.0183289162428126,0.00464966168901917,0.0317397513857578,0.0106004086921816,0.0173265134926506,0.0157206276227941,0.0242690674710114,-934.931161202822
100,0.00477947667441769,0.0262127407822245,0.0157245784821928,0.0331290032788144,0.0120387820055691,0.0125014531978985,0.0152370954798156,0.0285370182776301,-939.196332338149
101,0.00422006886297364,0.0211944150372429,0.00755757180031477,0.0344216925291722,0.0142635376855502,0.0159806833312038,0.0199420939051684,0.0319774158099763,-939.918082405579
102,0.0131209196274102,0.0316584308469278,0.0014790181016932,0.0375794846338103,0.0137442733337254,0.0151346007082127,0.0208900343264251,0.0238366100193775,-942.839530024465
103,0.0115945700102855,0.0250696860383545,0.00801426521830657,0.0142676303243987,0.0105030454419266,0.0142462588890292,0.0204024404176339,0.0261301748195233,-936.909400596408
104,0.0117859933006353,0.0248057279066069,0.0015797978741499,0.021335042712346,0.0099368483817351,0.0160298095546311,0.0236216195560597,0.0312391222002019,-936.986726588605
105,0.0103349333471917,0.0276030215789736,0.00260665843671791,0.0158922214064859,0.0123043634462892,0.0152020490004654,0.0230703469918213,0.035687654580625,-938.220922119014
106,0.0100170248951173,0.0265019493232267,0.00655807655369837,0.0269813890664623,0.0125021754505848,0.0147821675814693,0.0183028917211017,0.036641265364825,-937.57965399145
107,0.00546477637945519,0.0318787732639247,0.00360325784864511,0.0287671255092062,0.00927196235134085,0.0190656791082956,0.0224118128179941,0.037474716291124,-939.546511268077
108,0.00752680630662693,0.017529799825032,0.00276591576378749,0.0409211861178427,0.0100074033590862,0.0192658284572944,0.0227966233965365,0.0440864103519245,-941.670620731831
109,0.0153181795879418,0.0188277641569787,0.00311087947859622,0.0409189130465837,0.0103517656913508,0.0176112491930887,0.0226537290161485,0.0127061946858536,-942.541526227421
110,0.0103549885030856,0.0218186625848357,0.00699813373190102,0.0303590368805982,0.0110362242450716,0.0173997236841469,0.0154389928445273,0.0200624224020046,-934.712530284426
111,0.0128534309230436,0.0234533206043216,0.00220995971956893,0.022959977262831,0.0131162804011941,0.019618332780566,0.0146825741148427,0.020225461234391,-934.921626100321
112,0.0082976210502266,0.0196826702600906,0.00451833505257332,0.0247750797596661,0.011561920977994,0.0199757193062643,0.0191739033232674,0.0289736581361748,-935.501901238023
113,0.00890369879955188,0.0179198550254122,0.0023662638978524,0.0285304115650037,0.012086063466201,0.0146023758809968,0.0188398363181136,0.0214536028929501,-936.032405867647
114,0.014441701364695,0.0233046295157859,0.00116168068171667,0.0198093959503187,0.00859028095482145,0.0143972348583923,0.0156552234959214,0.0217563409908875,-935.349717333885
115,0.00822477431849234,0.0308502318558131,0.00379169405108938,0.0185745947566294,0.0111575998911798,0.0199383533421487,0.0176937334368506,0.0251635318387804,-935.366540298898
116,0.00778672360119495,0.0329359577431383,0.00292496327824165,0.0130584820250593,0.0103567959197585,0.0148235422096056,0.0170869439702517,0.0183031589691214,-936.919185639337
117,0.0123534788724403,0.0308190545876587,0.0104711884224911,0.0176502910421673,0.00851299790702687,0.0228322456234665,0.0133322390694422,0.0193274269884248,-939.555130988278
118,0.0108299659361449,0.0302444774435291,0.00508805989668788,0.0180072511444394,0.0122068926540857,0.0157005611359561,0.0195673325976209,0.0219042556267889,-936.312236996071
119,0.00357083088050635,0.0273096707147152,0.00220617073073138,0.0244367045293235,0.00698940825073677,0.0204670216536181,0.0191234425541889,0.0219884058052244,-939.923954969082
120,0.0202414622530611,0.0123127063825365,0.00130080275602828,0.0259957421300867,0.0131550973986326,0.0213107991517286,0.0163875700535477,0.0273052429055229,-940.464020447625
121,0.0168568594287273,0.0189189204872196,0.0054695685172123,0.0280165452678423,0.0105496065338945,0.0238990046981977,0.0184667795002139,0.0283601727999412,-936.915764827014
122,0.0201351052318186,0.01804057780099,0.000823047970787857,0.0220714216583207,0.00803594115701338,0.0213993888924684,0.0247671759681216,0.0384543321412006,-941.73063146138
123,0.0146605852470174,0.0194773235857657,0.00499020735764052,0.0296479677451781,0.0127410595529535,0.0141614376695767,0.0282862282934262,0.0387263554486362,-941.591286763037
124,0.0191554355740127,0.0175372124360168,0.00316770356389463,0.0297018025411238,0.0108832743311593,0.0143216339526415,0.0279501928947115,0.0626092363832898,-947.74882099697
125,0.0150076892687558,0.0199658783722859,0.000439775886833979,0.0243670251248092,0.0115780437278683,0.0168790313079664,0.0278899584137564,0.0400208066557976,-941.850105713625
126,0.0106631277999945,0.0241955696803039,0.00745170171550514,0.0227060638822755,0.00949539743140119,0.0109813169448324,0.0270559039268792,0.0292250468182651,-941.06378376688
127,0.0113385082476736,0.0241277439288566,0.00693358442766855,0.0237201329861068,0.0100510276325951,0.018492677194906,0.0285929040341581,0.0315476079074427,-940.879219150062
128,0.0084111684548431,0.0224337887432784,0.00502092122419273,0.0265843257103807,0.00901510559224292,0.0155555831738195,0.018198190854425,0.0304408918571906,-935.474058049392
129,0.0141292212903097,0.0239822198250564,0.00499326023621213,0.0229159031493143,0.0114580870230828,0.0193520759466644,0.018222862322508,0.0198767948121505,-934.909588755908
130,0.00594033844587648,0.0271291139047889,0.00428946131131131,0.0166614543160586,0.00992967143354687,0.0134861249709758,0.0131072131393512,0.0225166467574016,-936.297255000553
131,0.00799843797333478,0.0292189500656621,0.00281030868356439,0.0307517044661893,0.0136119757493929,0.0224403924008297,0.0147844975190884,0.0205425563913518,-937.742468167483
132,0.00694755791937467,0.02123653784154,0.00379146090121184,0.0325886486644024,0.00937794598461812,0.0206540747163316,0.0154527567479339,0.019025975787204,-936.103149475367
133,0.00869486058657834,0.0225392070963908,0.00702554347871719,0.0209888986360233,0.0127182092430567,0.02016291264463,0.0150826278690639,0.0211395584115834,-935.248953700398
134,0.0146231789880772,0.0223807117561074,0.00724426660680857,0.0365877371111921,0.0076843616942209,0.0203307379336727,0.0195314941655426,0.0158508988738027,-939.39073310182
135,0.0145880859913133,0.0187165205086328,0.00778019138051902,0.0317901277466078,0.0130577735762365,0.0110448864854282,0.0189545254331993,0.00965709171578901,-942.363686984917
136,0.00787752322185309,0.0260880996441568,0.00790879849671742,0.0163706394422859,0.00923988345740308,0.0273783935850303,0.0148791693364967,0.0155143461772552,-938.074165860437
137,0.00806688389751098,0.0204732379221134,0.0123036916672634,0.0302052396581333,0.0118276168141868,0.0159574967843006,0.0170983762734072,0.0321601693629491,-937.8230583841
138,0.00909491296183523,0.0249481746909833,0.00567639716518773,0.0237531857023105,0.0110251982574101,0.0165515077663354,0.0236087424755786,0.0291597679572256,-936.697803422004
139,0.00992931489851551,0.0246763352544216,0.00500581430902757,0.0216011346403619,0.00989557829683662,0.0228778230812403,0.0163304523757552,0.0134831818770127,-935.538107614506
140,0.0102108546237416,0.0221723710840916,0.00889473394900007,0.0296521754664178,0.00873648763971947,0.0104293431441873,0.0139336972876186,0.0206820308498782,-937.947065828443
141,0.0101444081946748,0.0190152966940582,0.00826753588182963,0.0207452758192847,0.0118333134501301,0.0187332377569976,0.0139193552203223,0.0206841133279217,-935.92450376275
142,0.00985047014673969,0.0222612607505196,0.00962153482410056,0.0236446545231943,0.012419056089922,0.0186408642353569,0.0191690403933355,0.0186408990341171,-936.326929276394
143,0.0107964222520758,0.0220458854622303,0.0013272843166495,0.0233603246613693,0.00899812631470209,0.0176287294053417,0.0147815203096615,0.0226861671194394,-934.474952760982
144,0.0114524150215874,0.0229956142081373,0.00844582744284204,0.0316787366329651,0.0118899315502424,0.0160427508533475,0.0182239450303074,0.0254554269756205,-935.933734083647
145,0.0182267259067409,0.0141844296588573,0.00495615837658028,0.0295831004016805,0.00847845843573228,0.0160190280676085,0.0179815053201401,0.026008763339825,-937.593423550918
146,0.0102280965046051,0.0338785263053262,0.00609150683051081,0.0283822063844469,0.0103445014615251,0.0143415352370129,0.0198704991254719,0.0240248362042349,-938.30785636143
147,0.00574852494019448,0.0298795554750155,0.00935831404819637,0.0289336759368788,0.0142218868397125,0.017269105938069,0.0197288408229139,0.0197790412580226,-938.7740281095
148,0.00406305516058957,0.0345795668661486,0.0032502799418583,0.0182148898801221,0.0145055864162831,0.0191573961157737,0.0173653040544608,0.0235528907455667,-937.861148654256
149,0.00562092820679176,0.026852686515149,0.00475393886225503,0.0203102822095533,0.0125828176092728,0.0171257971043724,0.0143743032328258,0.0162300135592014,-935.416736660673
150,0.0166830087351214,0.0252075928019598,0.00490160172496432,0.0185427428295889,0.0112373744618209,0.0139896986484014,0.0129881045152096,0.0190011437491404,-936.586331959724
151,0.00530852101825981,0.035998800905416,0.00335794919143681,0.0223880132038505,0.00991258920719909,0.0186673603710598,0.0177562974064684,0.0286781635441949,-937.060476116524
152,0.00512644684329411,0.0317290725287468,0.00544197730850309,0.0179753923491839,0.0173717907256857,0.0122439462812816,0.018282485716509,0.0141095504924369,-941.585573941325
153,0.00577553786112265,0.0279191122455765,0.0126430022843429,0.034955948951144,0.0120975487109734,0.0171129068648109,0.0149648086682018,0.0146515582224124,-939.209020437562
154,0.00650612799221396,0.0196208729857014,0.0034743404337761,0.0302692129072826,0.0101879372287002,0.0183686727042772,0.0130397787069199,0.0166501129237283,-937.199556662902
155,0.00949440805513443,0.0253044514027271,0.00656706136392872,0.0316460524497912,0.00951931251706836,0.0152243611284536,0.0183955920511149,0.0315312541666021,-936.522654997446
156,0.0116342101770797,0.0284296330766784,0.00343383245775448,0.0274014113260112,0.00930027036462384,0.0183825017384003,0.0140561109449864,0.00934370993653892,-938.220834191097
157,0.00913258820956651,0.0217794118557704,0.00413374467520047,0.0206309272387731,0.00838414657481062,0.0188578834939599,0.0158982622772256,0.0219595191091035,-934.573937926849
158,0.0120478936803185,0.0250621264009292,0.0100404924440285,0.0167919121970136,0.010940037961368,0.0169945050939565,0.0160395863005764,0.0229245725960909,-935.850265259824
159,0.00637241276540036,0.0290882040633641,0.00523354376753419,0.0281668057642021,0.0135454530787245,0.0206889359445689,0.0148277040510041,0.0230661469956001,-936.852542155984
160,0.00389443231202764,0.0228320990209201,0.00237556741790502,0.022972394486776,0.0128684215064064,0.0127268240368519,0.0155064464515227,0.020015838291469,-937.766658015337
161,0.00918384036261206,0.0200404310259899,0.00620618252428848,0.0278940983679047,0.00924475354355696,0.0176738303896001,0.0120349957524682,0.0114824952913297,-937.632908547139
162,0.0138463645678225,0.023162845582712,0.00416536329342741,0.020874918907302,0.00690628864211282,0.0258922313987321,0.0106716446455154,0.0100222118176954,-942.0928602542
163,0.0141843517164568,0.0177859617753835,0.00694102562308841,0.0276797824286401,0.012053496288076,0.0164122905518746,0.01514877356342,0.0239761457701522,-935.822287975952
164,0.0153875089757529,0.027737479490271,0.0105768813953078,0.0229248769534593,0.00779373151663279,0.0142603808612979,0.0178388921563058,0.0213372003239128,-938.865087272291
165,0.0147827575511006,0.030116396322417,0.0045507725859459,0.0119193938642424,0.00945998901538577,0.0165485439574938,0.0162705971217957,0.0215038567501205,-937.901910290923
166,0.00962283563373508,0.0329039354250856,0.00502048885475768,0.0255911721008689,0.0128195965288759,0.0168256028293385,0.0141938050243053,0.0202452310573433,-936.949175969082
167,0.00959533064747638,0.0223670743371753,0.00247414836650108,0.0280276306086078,0.00957235572756363,0.0171414317141506,0.0149392988787217,0.0265930859012325,-934.880841653742
168,0.00659880333447965,0.0310697112341501,0.00379370593727234,0.0254532022557115,0.012000017846648,0.0200148271246835,0.0196280605198633,0.033277037483577,-937.366223201844
169,0.0122158162102692,0.0264874891702764,0.00185197178971827,0.0131500558552457,0.0106926126873054,0.0206849514208978,0.0152942605599845,0.0155169970174886,-936.973794257667
170,0.0136036547259982,0.0263771015202724,0.00470738243799188,0.0203460901592311,0.0096145832392948,0.0140551840472457,0.0104756518616686,0.0150976520506267,-937.992885437377
171,0.0127621552438801,0.0239938521983296,0.00150747945423668,0.020726524325713,0.011292905712667,0.0138836454581721,0.0152558478201542,0.0253910722536535,-934.867444746347
172,0.00765799812212597,0.019651906527876,0.017083458305,0.0244822990336981,0.0119637858855439,0.0139507393893114,0.0191914359790469,0.0267549653033398,-938.815423573514
173,0.00356584253810878,0.0234905348587863,0.00909720753915146,0.0307306120147148,0.0116793014941499,0.0141301776787352,0.0153520586114875,0.023025700966828,-937.820031577679
174,0.0158020165349815,0.015681476555455,0.00765661990041328,0.0217059188743611,0.0112289772820254,0.0234498183789634,0.0165416389082346,0.030811554026337,-938.757672753356
175,0.0181252068651804,0.0239252825464855,0.00231093265379073,0.0212950173344885,0.0147543476354666,0.0150735211953833,0.0177422569815621,0.0263515476206707,-938.031457968576
176,0.00885334340516349,0.0245902144912003,0.00394868900045459,0.0142194617639997,0.0138519026911568,0.0171444438387151,0.0175934629721327,0.0231016681439987,-936.27996353276
177,0.0123238357866063,0.0285691948551213,0.0018637420442303,0.0313253559368315,0.0078390554688242,0.0144007057661502,0.0123831282074197,0.0244675128958401,-939.596740095099
178,0.00836796108007622,0.0299236692570453,0.0069377276805365,0.0133914707508135,0.012495456044272,0.012905728996336,0.0124148411180587,0.0191051158049024,-937.831074710585
179,0.0121506226558299,0.0245756557405541,0.00192619160615627,0.0356210998001392,0.0122666083991363,0.026534007810567,0.013401712805324,0.021691642347238,-939.434599517457
180,0.0087793604846214,0.0257151183879636,0.00618407799996047,0.0260735061871625,0.0120212037727462,0.021369253165964,0.0229470577137823,0.0314110199700916,-937.642172441024
181,0.00518432168075819,0.0256638370174674,0.00357758207040885,0.030581257470783,0.0141315342892541,0.023880086669174,0.0136494273430395,0.00864947123690085,-940.581479650734
182,0.00732076107891058,0.02684756397458,0.00458603605037283,0.0227483146939274,0.00762635505304316,0.027233234094128,0.0172891120235701,0.0107386177028928,-939.287078556624
183,0.0120732916195916,0.0241367593372514,0.00491900109477087,0.0246065326012458,0.0120579747310682,0.0150700193475146,0.0128725726322689,0.011724600062347,-936.63270973166
184,0.00952331732649117,0.0224634248896557,0.00246814327581095,0.0186847872959477,0.0134824978636533,0.0109909493527789,0.0130245041726367,0.0277679609778809,-938.032066190484
185,0.00774881727542968,0.0205044050795843,0.00422767188028247,0.0258272168774248,0.00900880790308168,0.01740608255373,0.0170813968733283,0.0199133878216389,-934.984945224321
186,0.0165779448928623,0.0223420224903771,0.00308973820940684,0.0153791299572447,0.0113833361334349,0.0135630397241214,0.0133955109083598,0.0215801483238947,-936.615696581107
187,0.00547947425593639,0.0311785922198195,0.00830581230519718,0.0289495746308916,0.0113978816349164,0.0158638095356835,0.0152578829439688,0.0143118515858192,-937.273734873912
188,0.0111311278867873,0.0250816638925731,0.00263790252650299,0.0287115453921287,0.0167534492036023,0.016969764544671,0.0126487206896346,0.0209090508858657,-938.942279309162
189,0.0107514414910471,0.0217655393288895,0.00330029391835294,0.0170600940589824,0.0108066796373256,0.0173434664017966,0.0231656019600942,0.0287237264750583,-936.703429448482
190,0.00593929145734322,0.0278275455830189,0.00676237331584131,0.0142362727968868,0.0124596223354322,0.0153626400526609,0.0121186083476587,0.0187406985652989,-937.513189773234
191,0.00580462296085445,0.0276092797141866,0.00735422863462046,0.0338854209822368,0.0122886173640117,0.0158027906170406,0.015250471462361,0.0213280143674021,-936.949985642477
192,0.00202093102398864,0.0379266375997762,0.00618394328874048,0.0110472653560374,0.0100845461023514,0.0232805653833308,0.0166752784163494,0.0240262809809509,-940.477474432322
193,0.00494503873505677,0.0262512782810362,0.00858218738126542,0.0268529381090657,0.0137316092282335,0.0108498233578071,0.0164725166427861,0.0172915414871821,-938.090918570327
194,0.00532547787696571,0.0265031604947452,0.00208718496321894,0.0163491604311835,0.0134273970285127,0.0291668424785841,0.0130365214612206,0.0167625592644254,-940.481597266474
195,0.00498262703745532,0.031794325778735,0.00307002531353178,0.0130098324917587,0.00851796477769961,0.0134478461157517,0.0157787219613752,0.0285442147930612,-938.612952710372
196,0.0139111862364141,0.0321494738673074,0.00721082183231818,0.0188484560079812,0.0135676392757809,0.0171558619044321,0.0198456143389979,0.0214642533697296,-939.776407664254
197,0.00866347026503352,0.0326388597130261,0.00164744368394162,0.0214540930194828,0.0111696709884871,0.0227479933852954,0.0219939951076765,0.0233771426638481,-938.890763666094
198,0.0138599918080193,0.0152715021408396,0.00247372026513981,0.0311076407564292,0.0111234855711517,0.0238422004765938,0.0138600146137761,0.0203284152912682,-937.31516400113
199,0.0131451413312009,0.0253239120217711,0.00621178814812357,0.0199382479158354,0.00836654192142593,0.0281755325231171,0.0178259308870529,0.0256761997838482,-937.851663575106
200,0.00570261008606856,0.0242743260481172,0.00831935028261595,0.0128552631676168,0.00915685000060521,0.0315766226010852,0.0236252508957621,0.0214004308786087,-944.534885016755
201,0.00869474138510508,0.0287936010494049,0.00156254401790807,0.029158971861257,0.0120737477302465,0.0306612239732792,0.0243669054877374,0.030410735535144,-943.209219039254
202,0.00674327795659947,0.0281363128072476,0.0114351646906526,0.0268936501334699,0.0114681627641301,0.0118057150286378,0.0112963846554533,0.0241690972879638,-939.254948971851
203,0.00827230203088129,0.0205094969560329,0.0107799523696834,0.0197432511018481,0.0104949143677454,0.0194102186970117,0.0196085895683522,0.0317264603268007,-937.490163397641
204,0.00785186680843964,0.0277153086579174,0.005390084942076,0.0225302578028534,0.0113229836963941,0.0169397324747908,0.0165902399974305,0.0345371944123548,-936.435998294754
205,0.0101884751199801,0.0254557239703852,0.00603784265309113,0.0235419101635508,0.0109832117219238,0.020477280642163,0.0206328604206071,0.033898201941006,-936.423772288581
206,0.010333477753314,0.0222593052889663,0.00630135842976131,0.0213238647301513,0.0104396586615481,0.0204711975341287,0.0203389490446144,0.0295473320283394,-935.459276986777
207,0.0125192332554292,0.0209141246875852,0.00708113773276195,0.0172421929116247,0.0111695947857611,0.0220264855572782,0.0234556435176642,0.0358637498724426,-939.074967835126
208,0.00978503090309442,0.0312267040808238,0.00780775319305146,0.0259433352605028,0.00879078134849843,0.0120640646919848,0.0216461596031382,0.0251798897060687,-939.038379296328
209,0.0106934154415263,0.0265566491046574,0.00245345701724406,0.0320892318671968,0.0135762229468158,0.0212814767703773,0.0199757041160437,0.0212611087243381,-938.045334081313
210,0.00908997981050911,0.0241525055290194,0.00431898227394867,0.0203204545888146,0.0112318807707464,0.0217746209708174,0.0165406817652514,0.0292054543158188,-935.26087999109
211,0.00564271641097496,0.0244991828599095,0.0050264182687395,0.0315724063192048,0.00833757641846977,0.0174776592916799,0.0171947324902432,0.0166210365363789,-937.276938802954
212,0.00555098127999896,0.0276969845151036,0.00907081041975151,0.0210141361586026,0.0111782483526758,0.0176971512897694,0.0143710164013179,0.0160797962026666,-936.008315439684
213,0.00525582779641519,0.0229363519030269,0.00516303454830409,0.0192490483383594,0.00756666738926543,0.0189570932098508,0.0176056871396123,0.0243192732318399,-937.712330386797
214,0.0141211714783486,0.0257816714784748,0.00471628055352788,0.0175119515173405,0.00805265216283542,0.0198737489782217,0.0144712694371882,0.0266495150529915,-936.665902116906
215,0.011791135028354,0.0200867333700501,0.00130518744544289,0.0359538552152884,0.0113892187919363,0.018349854711788,0.0199091148331591,0.0263349405153011,-936.631303119791
216,0.0141918659260418,0.0173797109669129,0.00164684646802338,0.0271414433839316,0.00976929982821167,0.0195913477683729,0.0189560912917798,0.0269245733230369,-935.236711691644
217,0.0196377901157931,0.0186627352007671,0.00300584804836096,0.0169867495178579,0.00917383112708842,0.0204636167446043,0.0227150454235867,0.0200334681583201,-939.823399451034
218,0.0165117528928776,0.0248945836617266,0.0030951301659865,0.0226203387126454,0.0111785006682228,0.0212198227143377,0.0166321989197519,0.0167027047178443,-936.072800546522
219,0.0122472008827392,0.0224902634485758,0.00271831149414092,0.0385856345287172,0.0103636177577479,0.0118768946907968,0.0183108164871153,0.026828866904387,-937.780556674615
220,0.0149837032576055,0.0220812475385588,0.00172295906055767,0.0334603997073903,0.0154188361803501,0.0113841089359997,0.0202855988095224,0.0195963787572107,-941.010986403249
221,0.00751261909719976,0.0210985884016745,0.00199613017802613,0.019254430300653,0.0154111191394096,0.0170337035848372,0.0170112755392836,0.0206478465465232,-936.881282151881
222,0.0125610197854556,0.0240383135981401,0.00200835236052439,0.0149222038953425,0.00879149893866475,0.0202965453004181,0.014018617013733,0.0207904885087632,-935.880821303381
223,0.00621094943586746,0.0320015426827595,0.00807763972382148,0.0233347186727222,0.0125727890107513,0.0254314914970207,0.0162105596933452,0.0213667049672807,-938.454691537787
224,0.00618909222008953,0.0193714850157133,0.00587646671834299,0.0313745698912706,0.0104102942895695,0.0138732636777797,0.0176324816058547,0.0172977472931116,-937.710373602422
225,0.0205883734611945,0.0205194795682402,0.00602082127520451,0.0235426050722871,0.0126291918155642,0.0150206733075613,0.0138147629264928,0.0179006440139402,-938.090615333118
226,0.0123888121317371,0.0215355447235292,0.00350927108442842,0.0208075263379662,0.0129438863831618,0.0147263584699173,0.0172104977408717,0.020369584742287,-934.416878800254
227,0.0143563638441388,0.0207221528987156,0.00381538764402401,0.0180726025715366,0.00889357251823841,0.0154597983315395,0.0146167169079134,0.0191143794391835,-934.815637177925
228,0.0120188832229681,0.0266605002948979,0.00624662535333151,0.0207108303589926,0.0113854597799027,0.0166418233993857,0.0165690762220371,0.0237015407663183,-934.665191909904
229,0.0109901742816385,0.0273175660013918,0.00341493352987062,0.0221995281840338,0.0109789330687496,0.0194688735246933,0.0141657393319786,0.0267210133989934,-935.417947555932
230,0.00698118279320692,0.0213657110689063,0.00539489702110309,0.0251310490742003,0.00966382912234538,0.0142291594516453,0.0203990033292739,0.0295948399756069,-936.399505795339
231,0.00482568467270714,0.0227056564522558,0.00314543098316623,0.0241781472849806,0.00942531430376705,0.0241338922914819,0.0142043808879659,0.00607870538122174,-940.131832336088
232,0.00550483378166724,0.0301386145347657,0.00915829774058102,0.0207188268742162,0.0106118945095155,0.0248928641483703,0.0146468453129866,0.0180522874266514,-937.68037540514
233,0.00746515470145325,0.0229881192710742,0.0060569528790895,0.01827993967196,0.00722241800363588,0.0219418026641136,0.0146747827625722,0.0106372548045951,-938.97660340446
234,0.0160806517079375,0.0253935406602904,0.00206780356033913,0.0266932573888798,0.00735492629462041,0.0205942324824695,0.0149641414363839,0.0338924439484175,-939.511978658489
235,0.00432662522079548,0.0218163289302466,0.0166858643174645,0.0214624112750149,0.0157329071942366,0.0095162839347631,0.0225950609068272,0.0348475711445379,-943.195967404579
236,0.0043192428691529,0.0290897517999796,0.0183884433401119,0.0249052471998374,0.0140879024319766,0.0148155855968486,0.0241304233804013,0.0324362946828943,-942.157734750777
237,0.00733918189424943,0.0263872810913904,0.0119877717621787,0.0221927073458947,0.0121904256676087,0.0127134306719673,0.0133258275859835,0.0127453428205272,-938.339043509317
238,0.00960051509325489,0.0229902669601407,0.00896920857776026,0.0109655930734749,0.00975628179238164,0.0161804905533853,0.0203715648022886,0.0109044426578393,-940.515858588663
239,0.00898175265508015,0.0216563017452328,0.00611685183290108,0.0217495973655422,0.0114264002313053,0.0213727455914677,0.0124524727904299,0.0111917183463296,-937.243483313546
240,0.0110620622857936,0.0245585374402249,0.00406089805137942,0.022312365992795,0.0112516914309243,0.0173970031008156,0.0162095725336342,0.0322459575415657,-935.341898171634
241,0.00871259170817706,0.0186097564343098,0.0120771031282781,0.0220660737075729,0.0102754137683563,0.0124054396196724,0.0175975039571743,0.0240869489616634,-937.464024699083
242,0.0139595310405366,0.0241365161390572,0.00944291891530487,0.0292408302685265,0.00999183361273319,0.0307349298899995,0.0187663568084219,0.00953813310096626,-941.98742901577
243,0.0138390990937413,0.0234843728147507,0.00763314406654833,0.0279254726831111,0.0123843951658771,0.0332333719405427,0.0177862695001425,0.0286088965246649,-941.476389779962
244,0.0125282963204025,0.0175499314636231,0.0028187521176604,0.0238006148283137,0.0136829361042369,0.0284545256156652,0.0182931399450927,0.0221127627919423,-938.267824848051
245,0.0107119620827072,0.0201672764567779,0.0062749292764016,0.0201636014542348,0.00653257298596057,0.0227202388068809,0.0163898068438758,0.0206427730811719,-937.466071538892
246,0.016198061095791,0.0213766946185434,0.00314989457051596,0.0204538438984338,0.0103243888986847,0.0121148210512319,0.0134052110334491,0.022709327602567,-936.043008571112
247,0.0187469066054493,0.0217029695958667,0.00604052990979475,0.0212256616140034,0.0107157474761246,0.0158135068569881,0.0191306226288566,0.0229954016125989,-936.584629512181
248,0.0198097657527482,0.0239490064082262,0.00396082060158925,0.0156258684774712,0.0106449744473955,0.0145968210866649,0.019834229439285,0.0186722780064421,-938.808147769331
249,0.00486552917362856,0.0304796437217991,0.00612865354080498,0.022454482489766,0.0145284447638762,0.0212894714281441,0.0179040801159201,0.00847571743191304,-940.579149281577
250,0.00378129917471934,0.031181037491491,0.00626448514475108,0.0175308556968937,0.0174962412393084,0.0119787259054828,0.0165843533978525,0.040953656708289,-944.099927524669
251,0.00473970865501602,0.029776606263178,0.00607511165859824,0.018039181818905,0.0139805458041172,0.0136586400497223,0.019006827837929,0.0227337175140898,-936.935178509012
252,0.0073977062189238,0.026464098798266,0.00369041572687661,0.0274693686400041,0.010293326815689,0.0163144988056947,0.0192970282398932,0.0345645065893093,-936.308685642433
253,0.00816990871510192,0.0222469570568428,0.00506008774941433,0.0271973826422344,0.0110033126144056,0.012417730770569,0.0213257501646546,0.0312090749110355,-936.584646428963
254,0.0135273123145813,0.0199658672464114,0.0110639219088017,0.025280369955764,0.0099448965288481,0.0244209117299843,0.0225932025812384,0.0323653128626827,-939.521842728414
255,0.0128052862351269,0.0254190186923243,0.0104061583849621,0.0333731531649207,0.0084245078966885,0.0118150002550687,0.01352825227913,0.0152270032962798,-939.77560702727
256,0.00589026553437938,0.0259833946990292,0.011129505583657,0.0189483853152396,0.0135452404700798,0.0220178635737671,0.0198672626177292,0.0286601042768491,-938.920107406477
257,0.0123109180774539,0.0245106885651374,0.00355983020319063,0.0182836068832463,0.0100141121458566,0.0168025684950744,0.0211520308107589,0.0203152834854705,-935.784962335876
258,0.0101700851922253,0.0228432750699709,0.00601942119805835,0.0161689888809562,0.00971689212150468,0.0147119876561681,0.0189071685751359,0.0259419206498547,-935.429530783277
259,0.0111257402301117,0.0179665696159873,0.005354776644581,0.0163310998965747,0.0104911803426275,0.0232178618462631,0.0139981046785952,0.01177801220784,-938.026198242247
260,0.0119010439218349,0.0262221857029156,0.00190451924084563,0.016532985263204,0.0109966452361085,0.0184544150985908,0.0154442700422358,0.0178820574547553,-934.96427132324
261,0.0156919474394402,0.017686132946629,0.00871368403602136,0.0237489624652601,0.00975037759782098,0.0318824440926011,0.0155187594343171,0.0332966853115924,-942.049732029893
262,0.0137533614260047,0.017799268327898,0.00198173756052903,0.0279446591568789,0.0074308377993254,0.0160228041228597,0.023928636475704,0.0309133726219157,-938.759929706207
263,0.0127906025894172,0.0186675114949636,0.00264880244046515,0.0252886308618123,0.0122933758242597,0.0171385849061711,0.0260520604038867,0.0346434407063729,-938.709670956668
264,0.0109859725649291,0.0284636679529555,0.00672035469233393,0.0298207459315818,0.00932291915325815,0.0148444502041729,0.0267387571875607,0.0437366665130058,-942.162840941376
265,0.00773895426497437,0.0232065761166259,0.00555291566634027,0.0311970930490761,0.0110060117463389,0.0147847639610886,0.0178380970799049,0.00581155074926335,-939.661315285285
266,0.0112531633865314,0.0180039853132111,0.0104506098010135,0.0299380377158365,0.00990515343518653,0.0195330244580297,0.0141012595648178,0.0176837216522471,-936.771684975225
267,0.00900837419413185,0.0182831977190166,0.00989934192668309,0.0223090309569169,0.0148711807018408,0.0210228621425538,0.0167935511435818,0.0200939425456379,-938.505424449351
268,0.0131587042950179,0.0176683465065062,0.00583470959607557,0.0199043970055373,0.0121864424162928,0.0162075983349799,0.019944043189929,0.0254684826051483,-936.125096314313
269,0.0106027302297834,0.0184672181453528,0.00165025026487035,0.0238004876297645,0.0114494454157271,0.0195357372069147,0.0129159965622603,0.0169672166206075,-935.626996505662
270,0.0126713103471116,0.0265315368686641,0.00716411011098297,0.0246050489172861,0.00862387605878002,0.0138032632178175,0.0168216803919103,0.0214041513872294,-935.807162598029
271,0.00623440242106257,0.0262419618485658,0.00478649356764799,0.0182130797452859,0.0123511066242165,0.0148631877123176,0.0172376391461968,0.0336406853700261,-936.755879816831
272,0.00987858553595918,0.0262799404765547,0.0028431022921482,0.0240747948899775,0.0128529143937572,0.0256801346329366,0.02012862758065,0.0195328297707622,-937.63278812564
273,0.00774626150824335,0.0240832025621728,0.00257466312955508,0.0300046212516657,0.0129688383516192,0.0236591103934962,0.0147281011783159,0.00904134927184949,-938.678420521209
274,0.00815584385997262,0.028660439461393,0.00680548448162852,0.0286470196008641,0.012520917530066,0.0259271378295489,0.0164512294427406,0.0347102705971471,-940.244625984169
275,0.00807514571016883,0.0256370385759793,0.00913305457578622,0.0272856160554694,0.00962994883337145,0.0124691333810645,0.0211652827890977,0.0226452745475341,-937.49336053132
276,0.0055091038446447,0.0244007539938826,0.00308933233760116,0.0348645261442272,0.0111753868015222,0.0271123495363857,0.0208549721311104,0.0255685138657922,-939.687754003635
277,0.00691239587746784,0.0179968483830172,0.00526335393057829,0.019355895608091,0.0109680726024256,0.0281397982063068,0.0210992940392985,0.0261558978761708,-940.330974788803
278,0.0174945523392974,0.0181472154851964,0.00061689495394513,0.0219365180064398,0.0104118451996166,0.0280626101573215,0.0196144958269738,0.0266018396145501,-939.063900257711
279,0.0198506679194379,0.0195015723340193,0.00264530441985327,0.0214106550161016,0.0074461224142755,0.0214671757383739,0.0191274281137302,0.0334060806439158,-938.709603242226
280,0.0181583954616704,0.0212711159706913,0.00863751034408889,0.0366089450706545,0.012642554406841,0.0168784192204077,0.0199805162241503,0.0303272237668627,-940.564100018294
281,0.0150611176644486,0.017508280659198,0.000952321835506899,0.0185857463616394,0.00945565684210855,0.0221097435331875,0.0188063829060153,0.0185158773973522,-936.934792783824
282,0.0171063035047305,0.0252565085332858,0.000985770688324213,0.0229114633033789,0.0105652243761176,0.0268774115590162,0.0199754440713723,0.0297644012845386,-939.408782486206
283,0.0100936869691364,0.0229313147626271,0.0115357526146681,0.0221699398487437,0.0104787876877976,0.0162908086179436,0.0156204098719461,0.0296426949906213,-936.47509875251
284,0.00986391039741905,0.0245959826610147,0.00244065709011626,0.0217146514533794,0.00902318899005348,0.015241857732812,0.0156372536166157,0.0308463796858611,-935.642226131258
285,0.0137129701106623,0.029773368897884,0.00936146404416677,0.0147125690246774,0.00893351587349426,0.0191766470299667,0.0175174860130228,0.030621501973826,-939.031016235678
286,0.00682566998521888,0.0274532903140691,0.00148962079805136,0.0217478030750935,0.0157323979741881,0.0165181728458315,0.0156829411670332,0.0177674346760434,-937.031525714224
287,0.00729191775988585,0.0300782243119068,0.00625275817328652,0.0308730820516878,0.0110919061984491,0.0192119091633149,0.016236038411589,0.0133137717337115,-937.395970556628
288,0.00429900886012903,0.0283939483905533,0.00726732891316367,0.0190427346951396,0.0121457369191723,0.0200471420704138,0.0174533940612601,0.0153610766823856,-937.017629283349
289,0.0162384070148405,0.0238131598953028,0.00618929336838889,0.017394739898738,0.00923770901418452,0.016614113547869,0.0159391955658716,0.0250404666111144,-935.965223942318
290,0.0168206303557747,0.0277657456157453,0.00141966789888773,0.0318019032989887,0.0106612658214759,0.0156693952212391,0.0174359733958969,0.0201168073639037,-938.16464401722
291,0.00658690029577803,0.0275146202357991,0.0096315131539271,0.0266622005729384,0.0127850476524868,0.0176367248740852,0.0163892299208341,0.0222369208666896,-936.164587527098
292,0.0111975710318873,0.0207958920927701,0.00321969800564652,0.0207087997851111,0.0101929919343958,0.0195236238441234,0.0168964992894564,0.0231654051708961,-933.684442956906
293,0.0118054468575663,0.0238212564008095,0.0114317399597562,0.0173924964096878,0.00902272981252294,0.0188558646372374,0.0187406249838818,0.0249464376249603,-936.845425304432
294,0.0113474844235801,0.0220995325577188,0.0115767854674887,0.0191303535057704,0.011485159876108,0.0151215529302299,0.017047353460492,0.0221449907903094,-935.962835088237
295,0.0156351308650716,0.0211656327572392,0.00839669145838807,0.0160547448957304,0.00978964865975527,0.0159557187158256,0.0155880328840091,0.0151872635482747,-937.157610102463
296,0.00922044497541294,0.0294183718793123,0.00191658257198155,0.0191557115184738,0.0097616107868616,0.0183274679085962,0.0141989625145416,0.0219062715967113,-935.077698713762
297,0.00623644265735291,0.0301388172964273,0.00500263390658168,0.0256076053784745,0.0138553269889918,0.0144124653661546,0.0172129512980762,0.0283899669237467,-936.491919629746
298,0.0119167705358253,0.0152572975623118,0.00396487435994518,0.0180572613586378,0.0104935674468552,0.01513476280945,0.0169342742025006,0.0290461244257623,-937.412099223086
299,0.016393519034552,0.0191121373031212,0.00385912032788195,0.0168009068449291,0.00962787137487386,0.0151047562453896,0.0214270078654532,0.0233011242032733,-937.170543658919
300,0.00864543803258293,0.0259841996935328,0.0111244031921437,0.0172380896396941,0.0140270830751119,0.0208869280184845,0.0165383869297975,0.0245560550528694,-938.147247686739
301,0.0102160590713734,0.0268539636616082,0.0071327925212221,0.0307137779378738,0.0155125364194994,0.0188873650162473,0.0177485570268399,0.018435033462977,-938.71335237673
302,0.0103393811163337,0.0217512482135988,0.0118330759477622,0.0322224171702959,0.0111323374151984,0.0184996947258641,0.0184684370541546,0.0255520119519971,-936.803637984263
303,0.00986109497543049,0.02390216351667,0.00628263172510905,0.0262467092378067,0.00786456543434854,0.0202362366709853,0.0154683378647985,0.022147825648905,-935.367093957427
304,0.0119771040727848,0.0202726218744271,0.00121741576485018,0.0225003209655684,0.0115785478798165,0.0123509704697631,0.0147678673372799,0.0239698752579811,-935.538462659089
305,0.0122058183768793,0.0238663282284852,0.0040890258078998,0.0195823118188782,0.0135449190591631,0.0112892936620643,0.0149831689935307,0.0254718163161745,-936.174249609177
306,0.0123717985530488,0.0202758791076947,0.00234951838135593,0.0204798451623009,0.0103424864260541,0.0128997354171751,0.0161977075394296,0.021840059026082,-934.401804949046
307,0.0104130762988709,0.0191243127765157,0.00843311541380231,0.0207589087884465,0.0109785520867576,0.019009884737936,0.0174434670285924,0.0205376101638751,-935.363720060054
308,0.0149404478139329,0.0274492080230704,0.00697552570975866,0.0205448764478003,0.0087628615991301,0.012548616854572,0.0135705794444383,0.0243229311942402,-937.740510140213
309,0.0176140541433755,0.0254384357936291,0.00966128158239439,0.0278283877605422,0.0120299984673485,0.0108082016928593,0.0225162906486493,0.0243739727507146,-941.700743569307
310,0.00118139366203817,0.0335385138377097,0.0165661379356194,0.0223140623838581,0.0149888405118902,0.0119532462955532,0.0207352596887692,0.0235236930765143,-943.166669532302
311,0.00486858845715662,0.0291088639730245,0.00862156958455423,0.021550415307658,0.012348692113474,0.0247772236406327,0.0232855104500527,0.0223623288255442,-940.712495527032
312,0.0151104810379706,0.0160186940979245,0.00190458194749151,0.0276526823712692,0.0124447768857594,0.0250790022902173,0.0226348956278032,0.0205059403660457,-940.063484719947
313,0.0189517614963866,0.0174212056990468,0.00482540762511461,0.0278722487293324,0.00736026451776383,0.0237212206051842,0.013391425240103,0.0191424846981123,-938.724177261312
314,0.0151051491023532,0.0182392382361784,0.00545915541070675,0.0197706119864306,0.00673658945527753,0.0229752850095984,0.0182881178356803,0.0250718748470256,-937.816352390714
315,0.0105026367864219,0.020165420173815,0.00237258048125783,0.0230459907602179,0.00683272213039674,0.0181204342505647,0.0168785467412835,0.0170210883487323,-936.429135503107
316,0.0117116043859821,0.0224392444963416,0.00276186477712085,0.0174785264491521,0.00579030044436516,0.0244535275032486,0.0159443864747182,0.0266794822166511,-939.213958876316
317,0.0150346881920918,0.0150736433055556,0.00130453044134587,0.0220093148132239,0.0115366797384386,0.0275163342255503,0.0158918457456552,0.0228677218026506,-938.316362333826
318,0.0110815014377958,0.0291569954688662,0.00549037302622262,0.0219442544689268,0.00773444567227589,0.0207345790021273,0.0175584912590026,0.0184557272527486,-936.696917232644
319,0.00625391957410052,0.031268149535271,0.00624492218445927,0.0136036797376902,0.00832186054180493,0.0181885252040333,0.0187634889894629,0.0150204522527043,-938.452146961215
320,0.00762273669418078,0.0319219637148586,0.00500539988247594,0.0153363818450519,0.00859292116135475,0.0146937162862957,0.0171970727052911,0.0321016417627111,-937.505152063224
321,0.00400181142301288,0.0293300855074129,0.00491931266065084,0.0291766369691551,0.0143093496056922,0.0157735685501863,0.0162208244807945,0.0241044747798839,-937.187606452244
322,0.00534369439544856,0.0313100768437213,0.00450130876135564,0.0178166620659494,0.00909022639432715,0.0174031208111973,0.0186831788948253,0.0239991204670052,-935.906990451772
323,0.00654681671427676,0.0279867103114853,0.00536814172594327,0.0263493838823418,0.0112426034822758,0.0153742606850919,0.0176605998672625,0.0211877353213214,-934.860966460481
324,0.0131488497572612,0.0224904417541249,0.00320039145486961,0.028473047954955,0.0111315063558467,0.0130193907494383,0.0199753088888421,0.027754143750919,-935.576934135296
325,0.010023746562133,0.0231454024446092,0.00390778336891954,0.0280790672961056,0.0154918365421168,0.0171067194498664,0.0144999133729272,0.0211424041105195,-936.433784474726
326,0.00744564633851651,0.0228626098245406,0.00710244034878286,0.0196167398643978,0.0127228120849651,0.0221805533281078,0.0180911293742374,0.0225144127852192,-936.231612871054
327,0.00962965170553818,0.0162238155053382,0.00837623675709809,0.02744995189219,0.00886990194022825,0.0163266758746462,0.0148475022153225,0.0196413973672964,-937.040638044534
328,0.00942035651385047,0.0178865593454707,0.00748755736828801,0.0292303245911824,0.0152609843655131,0.0213213228104083,0.0178908033572842,0.0218258253391709,-938.280623639186
329,0.00935052952833046,0.0277829897568022,0.00591915393052255,0.0279069813709505,0.0142071070029306,0.0175578187459226,0.0165854252655206,0.0204690155747278,-936.358518942599
330,0.0122708321337802,0.0201792042769973,0.00557656514083682,0.0247064926122399,0.013730532812742,0.0135685996288897,0.0154751813278802,0.0255606071994864,-935.693108885821
331,0.00906191513696563,0.0229079812594068,0.00553377128775479,0.0246958441857746,0.0110014519545856,0.0225142050634641,0.0189740507341224,0.0224690974160388,-935.041797731056
332,0.0175363678443537,0.0246973680022032,0.00113065551563409,0.0246622723540061,0.0105277704432309,0.0105753595957324,0.015118651427986,0.0179788441493524,-938.050234726558
333,0.0141551224187455,0.0244411361593124,0.00808175924981961,0.0253650641261074,0.00908060188003828,0.0302426305059208,0.0174932316982223,0.0215536853459281,-938.822531267072
334,0.0124305121526298,0.0204364736747061,0.00478667359461835,0.0213537126575946,0.0102180126432266,0.0274038348591299,0.0212711741527405,0.0282414736355202,-937.375292305083
335,0.00988028592434456,0.0266173074902659,0.00507800594015864,0.0164776236564926,0.0109726741372564,0.0239589860155672,0.0132487754518214,0.0169556162808657,-936.642234107078
336,0.0127958489815679,0.0203812908096055,0.00738172891019292,0.0305627812376901,0.0123120160777704,0.0160961368768885,0.012152454279155,0.0140411959426317,-937.566058168789
337,0.00849378859589622,0.0213979271208065,0.00241874036263324,0.0187408764465804,0.0156301209027399,0.0172261795543262,0.013430851114839,0.0194150719748943,-936.987389933527
338,0.0119596224055522,0.0301258376312244,0.00194167278599043,0.0278928490545475,0.0108863506169148,0.0213336960681044,0.0154145483328978,0.0228092991164257,-936.910254477671
339,0.0135201361485697,0.0179675860418417,0.00354883160663683,0.0192438746601405,0.0108069669700085,0.0140363780480151,0.0129043713529166,0.0147274463008122,-936.227054793088
340,0.0126850511961002,0.028134390929201,0.00261413762233772,0.0195894631177807,0.00913125621319495,0.0214030830704091,0.0123424117898648,0.0268558510169089,-937.891744972473
341,0.0145621844025227,0.0184897846734441,0.00447722188757642,0.0266462355717034,0.00863198722552128,0.0151194455329968,0.0184627102190544,0.022646284428277,-935.165876729585
342,0.0132934878195551,0.0230169116539372,0.009051616089142,0.022926440001233,0.00948938333147179,0.016889535773776,0.0170129327833645,0.0232960548365227,-935.127068082546
343,0.0146156921454495,0.0180222981304984,0.00904364160073463,0.0295713212030388,0.0103204026008895,0.0128980733307253,0.0158303585898957,0.0283012004781074,-937.442405616073
344,0.0155450498521719,0.0241133447642248,0.00718228652558449,0.0221001129864013,0.00919552644173534,0.0176452500302836,0.0198052758230195,0.0280178169091196,-936.33109100963
345,0.00805197357177063,0.0233038254734736,0.00218729059528401,0.0296532898883298,0.00940168672558286,0.0215610216658049,0.0164350066895812,0.0247077936758246,-935.394232827822
346,0.0079145520389138,0.0222208654360351,0.00347775034379432,0.0184037723393984,0.0154431311847463,0.0129377007851248,0.0129635709972186,0.0161035666530955,-937.831269935769
347,0.00657753518735963,0.0279953529148169,0.00419910399230332,0.023596904828463,0.0090889822981107,0.0147369706348221,0.015599692761874,0.0175298743349945,-935.064012834398
348,0.00791309483137635,0.0296469187488361,0.00500385238669631,0.0236223993483783,0.0115553907459003,0.0225369123941142,0.0161386617293182,0.0169295907600374,-935.936384880722
349,0.00767597799937148,0.0320264207748545,0.00433889222811742,0.0242388066906924,0.00997156504631342,0.0183559349591018,0.0177212050937844,0.015905335576199,-936.275684875121
350,0.00452965418250699,0.0261726074066441,0.00767657279743281,0.0267890024006077,0.0110336918965737,0.0158083635315464,0.0132254986241908,0.0162614505117201,-936.767638564726
351,0.0129160795197735,0.0263360754916128,0.00547079765072479,0.0229004772376615,0.0114021724351502,0.0162333247737788,0.0143421580041795,0.015092323677938,-935.392054594914
352,0.0116046448773283,0.0188302835672209,0.00641665593253355,0.0317334292812517,0.0102402234854891,0.0109813828620644,0.0176724737872941,0.00905982944494575,-940.225162541423
353,0.013548720598175,0.0269461576009121,0.0143392153206298,0.0300539757919551,0.00857204022577923,0.0281164276567513,0.0157974352607108,0.0127518019234976,-942.242101936841
354,0.00455024417983732,0.0267688283535615,0.0141740119381706,0.0270194026222362,0.0113547098237677,0.0196584507310037,0.0176142907726016,0.0184893912243719,-938.116283773686
355,0.00644012647485103,0.0241137559898664,0.000360659204419253,0.0167020265853143,0.0111788819230423,0.0260253496432653,0.0186385804771833,0.0216774246007201,-939.670481705724
356,0.0133795976774955,0.0241181103911344,0.00146426232320437,0.0310150789374731,0.0111278299272342,0.0315204835477791,0.0194870381749405,0.0276113307770223,-939.953759458206
357,0.0126464047548367,0.0213791060732054,0.00523900502155069,0.0227041217529137,0.00832644019568784,0.0291100749939266,0.0168083783397709,0.0131381326239534,-937.874923419293
358,0.00940669264667752,0.0161569882834319,0.00810364850325295,0.0378473996628418,0.00903176942062807,0.0166258489691735,0.0167362155911811,0.0175410524767171,-938.293050732682
359,0.011102062378719,0.0200687180997394,0.000544013230380464,0.0247877024744278,0.0111446665078331,0.0153143390912414,0.0168294507721827,0.026504564341164,-935.637370881899
360,0.0143292785212915,0.0253998614644638,0.0100966261674868,0.0225175927996345,0.00981169746839934,0.0227088329976134,0.019444075209382,0.011138591082894,-940.093141660988
361,0.0166900798682554,0.0273331280736212,0.000967157576754979,0.0206789669178283,0.010302459527351,0.026718450295245,0.0190242998580714,0.00966021231443012,-942.628227571112
362,0.00824507806173078,0.0178100538295528,0.00702735010293944,0.0213689402240673,0.00985853325094351,0.025024772792564,0.0168244351278589,0.0163836276127479,-937.588126282572
363,0.0146138833676735,0.0254330015509316,0.0105066308303472,0.020065462693899,0.0105529228145007,0.0226510869546116,0.0167595274096579,0.0172548469790722,-937.752863678102
364,0.0171377837950229,0.0226079300325984,0.0100481964471548,0.0159905072898341,0.00948592982381996,0.0237890341736651,0.0177210449461878,0.0148865948564237,-939.899219748734
365,0.00527479307581789,0.0259544063791587,0.00815733563844582,0.0276425734249903,0.0126914305506206,0.0155759314411025,0.0167246675129421,0.0273640830066421,-936.278889574343
366,0.00830539180354709,0.0317940203763089,0.00299772174483053,0.0164667616246858,0.0109061631841665,0.0222774175225273,0.0167057462220695,0.028361442160255,-936.851703146371
367,0.00379235676633087,0.0265180885442346,0.00189220340741867,0.0250217408233247,0.0134277869870731,0.0215678748068527,0.0179187941702557,0.0292815898887637,-938.224097573867
368,0.0143858295513511,0.021808783312866,0.00430466290007738,0.0250238691943946,0.0104163491832989,0.0198766972791784,0.0209767663217509,0.0351188386536447,-936.405996442426
369,0.0111629888563285,0.0241728921359534,0.00100922933856853,0.0191324789335309,0.00958871151267499,0.0178420334381771,0.0195757998964519,0.0245066732919607,-935.309315693767
370,0.014976928817638,0.0264322457891552,0.00252395777789561,0.0181452344683485,0.0104545527594338,0.0165248396662487,0.0149215650998717,0.0271648117961176,-935.802916653527
371,0.00641059889661341,0.0309692267919876,0.0065554677602339,0.0237892924720527,0.0116590778082735,0.0222406484542502,0.0136076543587802,0.0133456351066851,-937.565036923198
372,0.0093415732844205,0.0149216798960661,0.00184602757825421,0.029520290851393,0.0109369055223806,0.0219612109142058,0.016708185478002,0.0225228697198165,-937.135612910307
373,0.0141184204043629,0.0258058154470993,0.00410477089581833,0.0160002371776589,0.0065527387356153,0.024891016557222,0.0137839780657104,0.011151777405481,-940.719122089588
374,0.00727124315772938,0.023958164959792,0.0177527230928739,0.0164362232701594,0.0115337257468126,0.00996410263133711,0.019177200050433,0.0262473586210199,-939.879820989769
375,0.0083858117209579,0.0319505294275709,0.014392227502739,0.0191985595954467,0.0175732835649726,0.0169662511630407,0.0181213867489736,0.0336676874707168,-944.468627356272
376,0.00246269484898921,0.0345636305852667,0.00374750059903139,0.0206848589791639,0.00464630858347415,0.0195773327596319,0.0193534499064843,0.0319031873578238,-946.050688310394
377,0.0164296534116666,0.0309568228973902,0.00472158760878419,0.0170440638216443,0.0149641081427897,0.0175560172625369,0.0168363667401397,0.0273131162217717,-940.404619010354
378,0.00909874280291655,0.0309280025760693,0.00746011153683672,0.0168212972089507,0.00654984732916257,0.0207621788167509,0.0169742449215193,0.0308911310737313,-939.533406831737
379,0.00885364135654816,0.02106619362109,0.00835857170404105,0.0271064716241417,0.0109728821620667,0.02169821919753,0.018092669947302,0.0274652412691694,-935.863043493843
380,0.0124201139004329,0.0191408086541245,0.00343799151304648,0.0350205155725679,0.00775832650127573,0.0220096314020458,0.0176927459784334,0.0286047765245127,-936.697920477564
381,0.0110326376044905,0.0170602704488905,0.00407703533169462,0.0222640181961507,0.00890649374590241,0.020289004894647,0.0172354631076878,0.0188795139988587,-935.205857225104
382,0.009681725400079,0.0283254267025547,0.00764700902701224,0.0268950674898697,0.0115306431436654,0.0156978741572544,0.0186920138647264,0.0238107191483298,-935.803833579979
383,0.00292741706717706,0.0291976054903052,0.00962338205743118,0.0189988061962749,0.013860112621097,0.0159098808873497,0.0166345111309236,0.0252701156000344,-937.536785771086
384,0.00476772128361099,0.0264484315161748,0.00714078214901818,0.0249192291536988,0.0179488176834386,0.0149619467566194,0.0204193874016421,0.0256166971479354,-940.229626838465
385,0.00280110867040201,0.0244154202527241,0.0036159581051406,0.0242194010301025,0.0185574851983903,0.0267073880010269,0.0181684132035783,0.0356929570329279,-945.738344923355
386,0.0101158333533824,0.0234162053334645,0.0023543469203848,0.0209429833191797,0.0177708306970366,0.0314384447374491,0.019960797040094,0.0211914993724062,-943.600503311378
387,0.0113144639241916,0.0208240216936218,0.00409782952295303,0.0252687102899027,0.0169958810231581,0.0194381810163113,0.0134438442099594,0.0281576332338676,-939.321110259457
388,0.0105678085666826,0.0256249830193879,0.00721661852409281,0.019932894958666,0.0133686180891907,0.0250676049300109,0.0227832291930561,0.0346692994112315,-940.132355927316
389,0.00762700208428253,0.0268081042629806,0.0137891938309018,0.036074515080907,0.011180978260327,0.0136236814383772,0.0139154363193804,0.0340096368071581,-941.483156108766
390,0.00591449925155381,0.0209267762115812,0.0126843518493395,0.0221847697827049,0.0099120764633407,0.01152304956033,0.0170210772972063,0.0361275646164333,-939.870777165611
391,0.00495744374838353,0.02518518749111,0.00988349696201516,0.0254389252559003,0.0104566685391387,0.0164854993956805,0.0196319656891903,0.0163292388036643,-937.711620847289
392,0.0145235161885806,0.0233291264204132,0.00153608490920929,0.0184984822181044,0.010388222741061,0.0200939522775728,0.0187757237685921,0.0346484235449464,-936.789813267923
393,0.00852990830973372,0.0243993638330434,0.00256961693578535,0.0348803309113508,0.00944770647744793,0.0180241647386567,0.0208784672860963,0.0187007129644864,-937.601621845441
394,0.0135829251427535,0.0240118802788837,0.0032098026375749,0.0154138241685352,0.0118340941718755,0.0183984459756999,0.0189761454559608,0.0228810211420708,-935.569132256353
395,0.015056435177646,0.0242340425002359,0.00222770794922956,0.0185675221261401,0.00794961888713056,0.0198078436107337,0.0146171028405301,0.0223653686280658,-935.689898856473
396,0.0138947304475515,0.0237874935777491,0.00234855444997257,0.0260788659662719,0.00712003241223671,0.0173571799098675,0.0196094592542985,0.0287985681047608,-936.664251244947
397,0.0122532885914893,0.026190048900316,0.00851313469882171,0.027070208034579,0.0133446843989505,0.0144702053130312,0.0193767912626107,0.0246289918793127,-937.139228590981
398,0.0101666382270763,0.0222285748588604,0.00461048808072764,0.0154572635316497,0.0115399457340217,0.0180549663915254,0.019132375290417,0.0293807655712189,-935.838144408749
399,0.00920202584232701,0.0257044919157877,0.00220174827080587,0.0225877966547972,0.00871132188767418,0.0183646010727426,0.017647894295509,0.0274420655388162,-934.892748910895
400,0.0111405108013679,0.0178226649169009,0.0018562172989011,0.0207008457877842,0.00793268760016221,0.0170743896722919,0.0201190188615504,0.0266386701922656,-936.510907362193
401,0.0161941215127519,0.0271343681709695,0.000981048790468488,0.0232829573502791,0.0100368231131567,0.014255845728078,0.0190278807035739,0.0216454280605257,-937.067453917124
402,0.0057136822854943,0.0328161139668276,0.000248463693302999,0.0232133630454744,0.00847780410356094,0.0192558759567015,0.0120890702943124,0.0185993414428521,-939.872363364492
403,0.00494476856375148,0.0309694211524854,0.0183377276395104,0.0130186577704682,0.0126586239456274,0.0219799519906168,0.0201119373739633,0.0333060354044177,-942.491269410826
404,0.00489845862522656,0.0285615987901595,0.00656358809237347,0.0308046183570578,0.00912472921099375,0.0176667457666044,0.0173877901327237,0.00961774106500472,-939.144352392266
405,0.00458329920622306,0.0299726237767672,0.00499894600557997,0.0325412215876232,0.0113062749116226,0.0242149698944503,0.0197191943639223,0.00801521919338525,-941.829413700182
406,0.00465018378466362,0.0235235065645081,0.00385964198862356,0.03130833430447,0.0131916821309415,0.0289989059548535,0.0129015485389525,0.0151238089297674,-940.952856099594
407,0.0172498874864234,0.0210890902722423,0.00499402428128529,0.0265686740174529,0.00740320039043722,0.0132141423525852,0.0150230010028167,0.0220402427746287,-937.34223244049
408,0.0127528943617597,0.0227683802414368,0.00514077841915244,0.0257361880018522,0.0122884220474326,0.013438149254587,0.0152931315317294,0.0187121941905078,-934.798531148741
409,0.0157577674283612,0.0269543417324428,0.00363466020195309,0.0163915487225592,0.0125710206915414,0.0150911543277433,0.020449382371341,0.0212069803525831,-937.706742151315
410,0.012586363729557,0.0215562176393103,0.0095122236005718,0.0174214840088177,0.00876480904611276,0.0175404273259771,0.0193619339685636,0.0275287043565374,-936.751282585698
411,0.0128741226239967,0.026721019190148,0.00797145310006628,0.0265392889245059,0.010832221207279,0.0165691916236466,0.0199849431339207,0.0285366457553408,-936.600440532538
412,0.00846339775516852,0.0270699097051221,0.00421288567288014,0.0337784969562746,0.012024492462756,0.02165060274617,0.0134525600182236,0.0282523519420465,-938.795601924342
413,0.00828399486091479,0.019889288815193,0.00188274342912194,0.0276198106541598,0.00613628598803324,0.0201950894548431,0.015806620483975,0.0279290162997892,-939.130897856311
414,0.0114779482667157,0.023196346392364,0.00206746040361121,0.0251335017123751,0.0123994866983891,0.0121059007372506,0.0144146378078292,0.0262777980123512,-935.828773499373
415,0.00973761662673578,0.0228827597222922,0.00415325593170384,0.0204759762833217,0.00822953450912913,0.0137660971893439,0.0211229503209925,0.0298370689602583,-936.569023153661
416,0.00921718041163659,0.0197799512758189,0.0067809898892992,0.0341188579416472,0.00770405696402079,0.0212458069337957,0.0201242643803328,0.0217930764086822,-937.727175758733
417,0.0112467920218014,0.0211346760062974,0.00459882291278988,0.0168867575320348,0.0101867980872781,0.0159177153497672,0.0173887464480912,0.025829777881645,-934.647212578747
418,0.0173711596458999,0.0211687824561095,0.00682959192354012,0.0191690618368094,0.0112547981813285,0.0228073620809733,0.0183150715585513,0.0193612502964045,-937.403916333393
419,0.0100431037292388,0.0212872978136987,0.0088303325793014,0.0185512396984489,0.0110985160352519,0.0238281962958758,0.0204044931116909,0.0190810858448066,-937.752409852242
420,0.0100438454676631,0.0265385678904275,0.0037026655270863,0.0193915018733952,0.00893492181010623,0.0243006103268733,0.0118067248430829,0.020410445384486,-937.373731796642
421,0.0124783780620636,0.0246747417901242,0.00633208025542661,0.0222782392531887,0.00792205939548119,0.0150332415921746,0.0191669911767556,0.0245331276359422,-935.849656157631
422,0.0134160347293192,0.0199540221381119,0.0024385314199997,0.0282227458340975,0.013985385096849,0.0166350642599218,0.017316675257956,0.0264667896106849,-935.843611526239
423,0.00995937654357463,0.0202828291048966,0.00302637819827541,0.0257472632993789,0.0105184093906325,0.0217618383729978,0.0213642240851765,0.0272526069789077,-935.596473226755
424,0.0160963626516804,0.019964218218832,0.0030255035104753,0.029824098582422,0.0111301382177863,0.0184549259188789,0.0175916941082314,0.0193873693379574,-935.272636027242
425,0.00817220100329198,0.027967346896213,0.00628052498597719,0.0138206753635563,0.0112698692269024,0.0144043589846679,0.0151528123584272,0.02562913415932,-936.130344145201
426,0.00897616887197342,0.0279297972797434,0.00779998959930983,0.032077838181592,0.0113807201883784,0.0183154007959831,0.0187773646805261,0.036656868556286,-938.636565505689
427,0.0100437246261364,0.0140158868751931,0.00109800938656186,0.0242307360601938,0.00938934882474365,0.0211087193132025,0.0187597479205203,0.025947714134257,-938.211626366653
428,0.0204084373474769,0.0202105824624,0.0015356201009081,0.0240858974328539,0.00874221525974671,0.0168608556191769,0.0168823486641271,0.0186698110851396,-936.758934887269
429,0.0176278760281694,0.0198921609777582,0.00558703061086985,0.0249171495238231,0.00829367137445891,0.0139464235041878,0.0167073930554904,0.0254096875298455,-936.48200470074
430,0.0105047591118112,0.0207808719027611,0.00209180922212945,0.0185193302003894,0.00652061248663437,0.0101347035633572,0.0206397287023036,0.0210262789483007,-941.531909223416
431,0.0115446212989843,0.0251603607727536,0.00382424404667624,0.0150964464618682,0.0169565403194435,0.0234586577844391,0.013686346355166,0.0172159551076891,-940.421944763034
432,0.0106473735074402,0.0203344132563389,0.00381103809763658,0.0303808649290457,0.00795010279626195,0.0225965188859593,0.0186707292101632,0.0354667720133753,-937.264525159389
433,0.0131969747085264,0.0197758621114913,0.00391903378210673,0.0339029361881558,0.0108325568785776,0.0248460826243719,0.019865698667546,0.0209424462589708,-936.940847710581
434,0.00929928581019998,0.0218464507708735,0.00323680272531832,0.0233782203909621,0.00816150302869286,0.0182050709544778,0.011022057879949,0.0211611267318774,-937.296582496117
435,0.0118457891485637,0.0190281303992752,0.00897144771451114,0.02181920258862,0.0108980706033689,0.0164544005667517,0.016763595527223,0.0204857114618591,-935.212218077344
436,0.0087218860335232,0.0277050849474162,0.00960698914390177,0.0317992669654286,0.00903264299093205,0.0163338145182782,0.0166235313269911,0.0225090402325033,-936.780978471399
437,0.00650478795243897,0.0210197435829546,0.00249639436107515,0.0205166209579024,0.014281080463744,0.0147700700523873,0.0165498950128548,0.0205203482614873,-936.49328530106
438,0.014696333361294,0.0220459073182091,0.00137033177309577,0.0220485617520982,0.00687148539221747,0.0212550818939749,0.0140364891415767,0.0236875654028029,-937.041420407404
439,0.0108167751885268,0.0275068551360317,0.0028492918721739,0.017497444859736,0.0120569619337848,0.00993876965645906,0.0137763404860841,0.0288631312255851,-938.223440663526
440,0.011757379465435,0.0236429368579187,0.00664845843754197,0.0250436335722774,0.0122540436323744,0.0163332735827306,0.0223888825675454,0.0291510982621638,-936.545415498011
441,0.0110974669970585,0.0182424424058783,0.00282796308448096,0.025203025797919,0.0110002636578354,0.0197299992443771,0.0214366747813939,0.0296632461302051,-935.714446164841
442,0.00798177885967211,0.0211021739614734,0.00865940435252349,0.0258874726880992,0.00808785164581597,0.0145322940103018,0.0232689759916241,0.0275323506580511,-938.897982457294
443,0.0088162784448173,0.021281275929377,0.0143042156345054,0.0247138010824499,0.0150665913537661,0.0141255138822401,0.0156833157232678,0.0190989755397728,-939.062963598278
444,0.00657833224258886,0.0195619172070265,0.0135755669977039,0.0201699777201399,0.00823049986032302,0.0178173138085555,0.0161030251615107,0.0209439573148289,-938.799594288305
445,0.0126296364872599,0.0259678518020598,0.00923233037284359,0.0243257512971707,0.0113305822269682,0.0150553064687265,0.0135414053518831,0.0196963636097105,-936.175608782722
446,0.0135130308646268,0.0184133336120396,0.00690975347973778,0.0411955136928541,0.00963946251312918,0.0134412510593583,0.0121003275166468,0.0191621007491472,-939.72862516983
447,0.0090882862774901,0.0255013082310613,0.002086529458473,0.0280099535777858,0.0129685996783824,0.0165721960506074,0.0192688935186583,0.032734091671275,-936.477872756052
448,0.0137596225934814,0.0199906365841256,0.00289669932280423,0.0355765589817066,0.0126263674672194,0.0230687834097624,0.0211785383389071,0.0319611031393834,-938.650980945068
449,0.0116245585869375,0.0219805479297718,0.00158293155116309,0.0353201148855036,0.00871891142638634,0.0155527478110749,0.0223358236732476,0.031555108151484,-938.095710226038
450,0.0123467795678757,0.0175971810076131,0.0162286406373784,0.0242035361883593,0.0101145781175732,0.0155337588536441,0.0172150788136972,0.0235981158503424,-938.483088137719
451,0.0103906550272583,0.0270308287964342,0.0127695541038888,0.0200040712658352,0.0104026077417121,0.0144838071346978,0.0130615480680387,0.0237193058354158,-937.365843207203
452,0.0119345267023223,0.0266723535731277,0.00848483275457984,0.0238916839802793,0.009467456885167,0.0143497395290405,0.0183457687867737,0.0197637725602558,-935.974692615596
453,0.00543035008497066,0.027064519519492,0.00130696348065557,0.0224210798971111,0.0143594880708753,0.0137498865322119,0.0189186668668662,0.0242895927255126,-937.162780737623
454,0.00489168704134715,0.0281415367948342,0.00422822381299555,0.0229071913861796,0.012024610775383,0.0215371370210662,0.0186675176990944,0.0250460418302758,-936.08677222938
455,0.00990283812900969,0.0292650174737883,0.00449459835524878,0.0236519860920362,0.00905645127391846,0.0156352391752083,0.0162358737247689,0.027080852513852,-935.346437263801
456,0.0119942157786005,0.0269255072511234,0.00647414443156701,0.0194980510394895,0.0075335888838511,0.0204183398345221,0.0150044397536289,0.0130888416229404,-937.461932682207
457,0.00723194849397688,0.0250111595777092,0.0066983068063908,0.0337696295256224,0.0139042603983447,0.0164623311041914,0.0202641559518317,0.0313299754470332,-938.08827931756
458,0.00791143231258426,0.0204394449673452,0.014864291574653,0.0176376761564913,0.0149899986668954,0.0186940434563535,0.019761468546178,0.0224960786106706,-940.947713804705
459,0.00805609309192608,0.0286065486200727,0.0144168326989949,0.0222945486874162,0.0122142479159058,0.0144564246820568,0.0172004513540367,0.0239685768096659,-937.382416556829
460,0.0104195516899462,0.0168910123008656,0.0070646108624868,0.0242216930349284,0.00957038388123587,0.0213011340726319,0.0163825642912195,0.0244377931681031,-935.864382207453
461,0.0137957556795208,0.0153658308678615,0.00849604713210228,0.0229044701995534,0.0123434867228098,0.0107699991695513,0.0195839654673272,0.0266867320069025,-939.249715326432
462,0.00767376583859073,0.0208546055055181,0.0104571989536103,0.013654669316629,0.0112302012614085,0.0239222507143181,0.0166665028458446,0.0169255972114724,-939.085851547911
463,0.01409858383967,0.0233670075367926,0.00786811867190821,0.0340769250247592,0.0085640765493968,0.0247614530290844,0.0144475295823976,0.0246868170835475,-938.4308465587
464,0.00916301674831836,0.022264646754464,0.00597873193361866,0.0162537653526253,0.0082399703727237,0.0218160050911958,0.0188836774366268,0.022406532806883,-936.582509128765
465,0.00997946055025691,0.0236115269097266,0.004981678591983,0.0221564947230933,0.0068177397454546,0.024128894053575,0.018104522686989,0.0330906385816438,-938.211709048168
466,0.0130963230205353,0.0192042039770312,0.00314266298936133,0.0239834692694668,0.0103074092649593,0.0120379183517983,0.01885998235032,0.0321645556704179,-936.159938358931
467,0.0131579928578941,0.0248509307417089,0.00539374032025655,0.0179345657304923,0.0101163042474999,0.0203902910419688,0.0205717747755228,0.0159621884023072,-937.252991212881
468,0.00616596205508861,0.0293625430878061,0.00488287422062481,0.0160875746073461,0.0114455310342772,0.0254968191447449,0.0195489166527872,0.0132494159719681,-939.091825366742
469,0.0104499450797994,0.0186493211911161,0.00662121877774017,0.0324956491431602,0.0114122168230116,0.0213596095119774,0.016191627050336,0.0297590663980763,-936.661441219917
470,0.00957145718539795,0.0247611045570836,0.00276086850721192,0.0370262173004545,0.00899921155589639,0.0202667179425498,0.0161023466655265,0.0179318391511322,-936.519688403694
471,0.0122664732405734,0.0236344754311605,0.000964658720616623,0.0226349660977469,0.0092186426431511,0.020030040264531,0.0183376623908197,0.0265450345171984,-935.088485061014
472,0.010835699623446,0.0258018401409746,0.00210650207423439,0.0236973343232685,0.00823816698088748,0.0170775842920743,0.0162676380289263,0.0258381359445417,-934.991508551424
473,0.00744457560265774,0.0247164220459206,0.00248900636511851,0.019262411006696,0.0124354035309017,0.0196546829823402,0.016280971123796,0.0238249489545021,-934.824496939653
474,0.0137397158340595,0.0236746569579497,0.00404104357854805,0.0247861765589734,0.0122839428942171,0.0137348916375743,0.0162116245119926,0.0236648805432396,-934.734924405936
475,0.0117367334161263,0.0187995798080453,0.00488710169131751,0.0252059842930086,0.0106972424318017,0.0208793820668116,0.0162736277870379,0.0183542384930578,-934.312662216706
476,0.0143311479069175,0.0232448057393463,0.00183564992936847,0.0309551756764216,0.0118565069132836,0.0112280429000575,0.0132086597593121,0.014642769167065,-938.090379157633
477,0.00956258592740572,0.0213794755847749,0.00144201543751825,0.0295501423085488,0.0108768419454824,0.0178157543327826,0.0150705890235385,0.0272380185286653,-935.551746455406
478,0.00952881702161864,0.0182688031686143,0.00226174561361121,0.0257524827814626,0.00916466499206278,0.0243239768823639,0.0200325170289379,0.0293882878605878,-936.534384542587
479,0.0174717208177333,0.0217679399029735,0.002308779432746,0.0255571167881857,0.0117132241186424,0.019649397035273,0.017903501076654,0.02064679514105,-935.781987821349
480,0.0132192040421853,0.0203066086799865,0.00719067055065526,0.0257641566048441,0.00842432806988176,0.0163033396041817,0.0165132219536239,0.0188418596382078,-935.097961745175
481,0.0126025539532514,0.0209811013997109,0.00644446284042207,0.022953084133619,0.008530316497697,0.0163423727038153,0.0164874104245772,0.0182300794163746,-934.705493022392
482,0.0111928142602599,0.0197824867819903,0.00244832246281374,0.0254049608186765,0.013274994413354,0.0205891074090242,0.0160669561323631,0.0233837881248229,-934.984816733324
483,0.0138005469113462,0.0152073367647744,0.000892055376538387,0.0285405048289642,0.0136382009238704,0.0153788122883091,0.0168936003401999,0.0212874871597917,-937.875748587091
484,0.0173384965860088,0.0189503981525041,0.01285465177905,0.0287749927163703,0.0099908047656054,0.0160232857473448,0.0191123610290764,0.0296629113811103,-939.109899168539
485,0.0131579600566112,0.0231620015033049,0.000513236463217974,0.0189554011616796,0.010165712191043,0.0172683652240104,0.0220467857943601,0.0280846287649425,-937.217427564647
486,0.0128376223798076,0.0166361246945605,0.00116964197146793,0.0183715278009506,0.0101393522305119,0.0170460360952689,0.0191713096950141,0.0368820415103633,-938.516474917139
487,0.0121516069577878,0.0267178720510685,0.00427802982820042,0.0263573040826994,0.0127143271740304,0.0109408782933941,0.0174265868217992,0.0106907893692521,-939.522042321418
488,0.00531304986478461,0.0272448841940759,0.00323387913689047,0.0310703709607936,0.00937921755417164,0.0100586759981168,0.0150641240884949,0.0188070928903709,-938.476187937126
489,0.0148692742239404,0.0186565113204295,0.00580636155991811,0.0274172135702344,0.00977240709327882,0.0246012138643786,0.0144343836174553,0.0173417801363084,-936.163766477351
490,0.0169536488380384,0.0228579664453434,0.00399085590313141,0.0183763149824544,0.00966843666227918,0.0157813336852159,0.0193581323017399,0.0308676289387296,-936.369170469339
491,0.00816054206321033,0.0185649612855019,0.00836591180643075,0.026784417120857,0.0108046909440929,0.0241940028629289,0.0224597884949276,0.0295367206501469,-938.765322656189
492,0.00913611537528483,0.0230678006654475,0.00927423897450246,0.0307370052456843,0.00907603003375904,0.0153477388352373,0.0141768238948213,0.0265451631971417,-936.857960308505
493,0.0078031162798613,0.0246569781441886,0.00139459078078489,0.0254793547189738,0.0107851182893133,0.0146123111371345,0.0242619834816633,0.0292088893260304,-937.999941488476
494,0.0143733048308963,0.0225647288911775,0.00588683897893495,0.025125521776955,0.0114584864144567,0.0185597705625877,0.0237703282042168,0.0222959910547405,-938.060687184302
495,0.00470163555754825,0.0326223135879836,0.00672488304773062,0.010347877183843,0.00992502901134786,0.0190574759814247,0.0161056085442959,0.0210664089609493,-938.027613309056
496,0.00469414435989428,0.0317388298879093,0.00504917921697628,0.0250709961643498,0.0108162434418618,0.0134984293507546,0.0176030203875873,0.0230589888376464,-935.744722229952
497,0.00348433648210431,0.0224030642902349,0.00456157701564616,0.0250194205556836,0.011219264698557,0.0156101064015434,0.0145839654884338,0.020209977644825,-937.444753619066
498,0.00500913771111921,0.0340311495251617,0.0039866695480789,0.014993437813755,0.00946042993085175,0.0176345874077695,0.0145660475413282,0.019464202700724,-936.509057985064
499,0.00347299925134724,0.031827847339731,0.0064847422394283,0.0316844052849355,0.0105465171571904,0.0149590222966009,0.0140200476890148,0.0242346909634067,-937.837351188796
500,0.00447517410055199,0.0237503497570883,0.00391749329228621,0.0287267668653496,0.0088360100337986,0.0205040785026697,0.0168599580151712,0.0239029526920164,-937.072672071285
501,0.0188924006502161,0.0151402732275676,0.00791409965885334,0.0267819768039051,0.010470530579894,0.0168158684765375,0.0171905436328155,0.0226695342060018,-937.376924618299
502,0.0135956031818428,0.01480577089544,0.00279852336123488,0.0245465755649589,0.0104307525587629,0.0250676460179558,0.0161893555652646,0.0302072271823956,-937.706756000635
503,0.0148870779249291,0.0200104182006492,0.00295739930211234,0.0345803359742578,0.00817743640108847,0.0138642350045174,0.0205198980355684,0.0225712130549681,-937.729422533502
504,0.0103918620710409,0.0225916260749463,0.00429598344827749,0.0146049108824534,0.0120013660946063,0.0132235638599925,0.0149583824073218,0.0238757103174601,-935.876139525753
505,0.0149297882751656,0.0221968107836635,0.0041870390205182,0.0289910222178566,0.00963131892151085,0.0175391190893941,0.0163827676136827,0.0309746132368055,-935.862772319898
506,0.0135686372784184,0.0191023830744298,0.00976474123045723,0.0320333707807819,0.00931707865722497,0.0194174851462844,0.0144707249793631,0.0244346093112407,-936.94339997165
507,0.013003203072719,0.0215098786179313,0.00898066203511773,0.031769451219514,0.00950433459511201,0.0166386938553337,0.0140250308477764,0.0192940134337314,-936.102286242082
508,0.0122562806499245,0.0223153647291091,0.00290861560789972,0.0141282940942577,0.0126145177538058,0.0167379892992379,0.0135402431821651,0.0197161071104497,-936.083941320557
509,0.00949024742034776,0.0294587982376454,0.00414952498886485,0.0178539173413685,0.0100320616966431,0.015297946607234,0.0161167503378348,0.0281782633577225,-935.318535351001
510,0.0105784230790663,0.0271481417765173,0.00289290958918096,0.0248913266003558,0.0112247801828327,0.0168116816428484,0.020725114143883,0.0326211623483089,-936.04537428121
511,0.00989871856193258,0.0265261606560054,0.000649506493007771,0.0204270846548963,0.00991865069981911,0.0178288676685722,0.0208674381272113,0.032055804167997,-937.095546403499
512,0.0112717567511321,0.021487389538935,0.00842174458569092,0.0204032681563917,0.00946783739476162,0.0268319647604246,0.0221608379752037,0.0105196948327822,-941.725375682622
513,0.008302563346261,0.0257708605462031,0.00264256019193096,0.0445279380379834,0.00805888289219706,0.0248764507810313,0.0230133656934322,0.046625261403394,-945.25102675817
514,0.00944564459195235,0.0157836058323354,0.00814437090472779,0.038094684832429,0.0100340426430884,0.0171230590896337,0.0209727252821173,0.0183871705707364,-939.745316816556
515,0.0116906747704418,0.0246653134327461,0.00783589481905326,0.0113108560734165,0.00991053665299045,0.0159332310578603,0.0170215124940434,0.0176506522582374,-937.230338753351
516,0.0160061608534471,0.0250607701931018,0.00667735064094535,0.0275159153405083,0.00959383028468513,0.012081864909282,0.0146651117951308,0.0272572052446507,-937.859230396536
517,0.0115092563842218,0.0244086890368435,0.00383458816159653,0.0161307037437488,0.0105686749725867,0.0198056215334835,0.0216104983912406,0.0196100928635955,-936.81620210437
518,0.0136169802379425,0.0236703931955165,0.0041155625325473,0.0175196098715128,0.0120033244449844,0.0176393768098822,0.0203576976195822,0.0288529878279918,-935.820853693353
519,0.00912091155961343,0.0252242322347425,0.00461960514805474,0.0302159258215909,0.008838288080003,0.0172266350229768,0.0157072799871395,0.0248172248371426,-935.25872364543
520,0.0126716891945267,0.0286973684148946,0.00523951170119613,0.0280503692933372,0.0110961683046009,0.0144479497062455,0.020839342534491,0.0306778337194796,-937.486476613512
521,0.0049191957229049,0.0246201072347778,0.00511440114569823,0.0250421120572594,0.0116458228597038,0.0240950693621869,0.0251833150020134,0.033322967625717,-940.376082676009
522,0.00252992900679824,0.0264240853012861,0.0137756640849322,0.0279098863123014,0.0125361453340786,0.0120706156869759,0.0120627244757007,0.0263633836914664,-940.048627743435
523,0.00600079773751813,0.0247489403713803,0.0135268895262143,0.0145956625778647,0.00967830229948332,0.0164292667167546,0.0156983158330467,0.0165828004859082,-937.912802690522
524,0.0060428015599157,0.0273304040905509,0.00857556817794236,0.0177318592846027,0.010733813086566,0.0262267780110062,0.0152774768427552,0.0133885531919586,-938.150349866635
525,0.00792933184276462,0.0283674058207598,0.00551826632206602,0.0178161509053147,0.0106220930488528,0.0120171229232781,0.0168975914979861,0.0285368346525958,-935.901408887679
526,0.00668141388310612,0.0264457161119966,0.00414131533129728,0.0235470160222457,0.0130060500775162,0.0165559345619753,0.018677416757155,0.017116993026072,-935.703900692881
527,0.0102796708370511,0.0271089522186991,0.00342556171584573,0.0188562502083163,0.0146052542248656,0.014008848365804,0.0114026618523287,0.0179929490346471,-937.451635149437
528,0.00828114225498081,0.0235621016593816,0.00311311860420821,0.0261001027204623,0.00861805201948484,0.0198764891638129,0.0206692562580074,0.0327860261757483,-936.414790786156
529,0.00332620871391882,0.0267505173102076,0.0142039434021504,0.0191794436929747,0.00763607371137989,0.0139906878672878,0.0216086468119103,0.0289071754078081,-940.864173205447
530,0.0125848619922107,0.0173030407724454,0.00370464769274242,0.0298817597295399,0.00992642918168973,0.0176861604282573,0.0171626856911133,0.0191994496002594,-934.710504814115
531,0.0120726219479097,0.027824197069126,0.00415008795985546,0.0298014981343138,0.0119559447741033,0.0158559701455077,0.0157269245817288,0.022127680926939,-935.82800676983
532,0.0137531870071106,0.0217165855021843,0.00417292559652873,0.0203020243930185,0.00702353522859871,0.0170874265735738,0.0154622742107561,0.0214743939371129,-935.69250272354
533,0.0106788252599079,0.0209382664343625,0.00120614068834554,0.0259300759565516,0.00998503131663638,0.0222947413565743,0.0127295829023578,0.0279422701596586,-937.383109812287
534,0.0109041390289864,0.0229462632331385,0.00132206231381796,0.026640622667326,0.0144425732054214,0.0163376279704077,0.0133408085136147,0.0142990265480012,-937.145700944563
535,0.00926520005294925,0.026202690838615,0.0060178745245605,0.0143657889216368,0.013676333602692,0.0209609649045401,0.0126383883717971,0.0199020385768997,-938.002126151982
536,0.0156796980044694,0.0223324200751422,0.00726623517508184,0.0194839716482538,0.00964054111826173,0.0146528034379707,0.0158136775673758,0.0241118949432559,-935.642893518581
537,0.0161140857434115,0.0222884234899789,0.00765000694948585,0.0255804384291156,0.00963212553712447,0.0253394978106806,0.0176561392092994,0.0205743647677427,-937.144872199378
538,0.0135495944838364,0.0201532867623545,0.000297595716905649,0.0275440684536435,0.0103880374349051,0.0280373935932626,0.0163000085088947,0.0237577892195353,-937.98227615968
539,0.0135909723368995,0.0229033155970075,0.00451636880361363,0.0187949943620773,0.00898217704917076,0.0185676852156018,0.0186006764438869,0.0178547954406175,-935.163285279577
540,0.0119567454363528,0.0212479293180154,0.00401229265376821,0.0208975157823678,0.00739605043658065,0.0181672033202777,0.0192634547551435,0.0197789045000584,-935.842402151141
541,0.0130055381270987,0.0244055703644702,0.00533739161722022,0.0264808066458451,0.0128730850820375,0.0190276867000508,0.0147674592390558,0.0346255783007185,-938.392770130407
542,0.0087351888570357,0.0263912734410232,0.00499389375802329,0.0225940262617505,0.0104460335183387,0.0212205298847032,0.0212984344723268,0.0259881287474503,-935.926188858609
543,0.0107089397386832,0.0254747029869526,0.00407909431927408,0.0246663780007967,0.0110818200565894,0.0151116826931402,0.0195309916006848,0.0256074334884679,-934.58184835654
544,0.0159795599629165,0.0190646505676649,0.0055653420223291,0.0329001807554219,0.0106147779962897,0.0171982613601264,0.0216288920801293,0.0275528556284165,-937.24127004563
545,0.0129095802414086,0.0228895596503789,0.00945480253553049,0.0240438470714511,0.0136747626309816,0.0147195688126784,0.0228484637493569,0.0309462563562793,-938.671717211525
546,0.0154445582911524,0.0218252859796912,0.00633129482065826,0.0202557018429549,0.00872762897486775,0.0143529378905405,0.0151688095669715,0.0138666504026348,-936.551672265322
547,0.0101898498579386,0.0196934810202144,0.00272160580474525,0.0231700657691603,0.0111344157197386,0.0220411700081126,0.0127153909761314,0.0265887605132289,-936.622859819352
548,0.0147950439282177,0.0240997203310481,0.00638376058524326,0.0199309403493946,0.0106737083712454,0.0249541136251249,0.0158221840956213,0.0205842689650839,-936.417616619157
549,0.0111050953433923,0.0281171862417757,0.00175153928116459,0.0218080657065346,0.0105161053151169,0.0227279899231846,0.0146758660892348,0.0278031421600614,-936.64103383495
550,0.0208492820857389,0.0258431401407327,0.00381884669589917,0.0210542179338184,0.00825574430323088,0.0220108547597587,0.0184095064866501,0.0277678784999046,-939.095530441203
551,0.0049639472936396,0.0222407017393318,0.0121689907741339,0.0195242916463596,0.0105462866581114,0.0140112725952885,0.0210344260144957,0.0267599376013334,-938.638494762086
552,0.00380051127734369,0.0344801635530077,0.00720886449753192,0.0162271764227007,0.0130720082176169,0.0201488574757906,0.0165614130112509,0.0280532598462622,-938.284439607887
553,0.00214759418124851,0.029914065848543,0.00771596181826456,0.0267191025499264,0.0137505662985893,0.012462760242168,0.021979518602386,0.0347047050621839,-939.990131656042
554,0.00629202776418383,0.0264436762532941,0.00946844974245609,0.0256061313459217,0.0129371063348876,0.0186123391005371,0.01287967240428,0.00948435850972171,-939.220088604147
555,0.00778889669321214,0.0219343145241701,0.000689353432943176,0.0286551945899328,0.0108922289898608,0.0199579207331158,0.0167322455070121,0.00991490427245011,-938.400198991197
556,0.0123958856724133,0.021819949274424,0.0166822544810742,0.0222072290754266,0.0107802341422101,0.0169713403024901,0.0162153780767461,0.0169233605677506,-938.036765138511
557,0.0112803955494503,0.0197949729049839,0.0157873296528904,0.0254672425160789,0.0106753471527784,0.0147180856842421,0.014989814778907,0.0173690358186577,-937.86555153392
558,0.00989815786085197,0.020501807078314,0.00197331784170161,0.0253460855735485,0.00956557736041625,0.0244585178152087,0.0186484725627005,0.0236853510759303,-935.255206487788
559,0.0123718712277455,0.0189493289962204,0.00343635011290094,0.0233953130774098,0.0110765081854375,0.0157009905576939,0.0154977447978072,0.0186559473156778,-933.948119025255
560,0.0116781549643569,0.0238084658292011,0.00294088080201132,0.0224060490566289,0.0127829317928594,0.0205619285791311,0.0167662439539118,0.0185133540009694,-934.663338742
561,0.00899540412435804,0.0259859126660142,0.00746362429708681,0.0220152454999214,0.0130159165925738,0.0181855790374602,0.0158445628148109,0.0236350460946352,-935.255838568457
562,0.00809074793808136,0.027260270503876,0.00405138431079084,0.0241886689458642,0.014109398866455,0.0139473542322242,0.0179054121609416,0.0214975378035873,-935.536893589669
563,0.0112361105060842,0.0231391763401638,0.00481746718404248,0.0226301267509894,0.0103675327908167,0.0171224609677421,0.0173881347875197,0.0223890333283021,-933.562903222109
564,0.00948798802683289,0.0178838509730832,0.0114920909644999,0.0243996393093814,0.00954208119757402,0.0150698743832968,0.0181567656470878,0.0175263352737148,-937.585367666832
565,0.010297578651721,0.0262520974355947,0.0116643048027956,0.0247040438457239,0.0119611415828249,0.0248040028585999,0.0177626280415655,0.0229386603721201,-938.161374532623
566,0.0111088224866996,0.0170815472291193,0.0104601293202595,0.0387585368426889,0.0112666712857916,0.00668524982392831,0.0174749917373779,0.0218879655460392,-943.545772906156
567,0.0104327231302309,0.0314599890414353,0.00153741469673956,0.0248490212675877,0.0132345414187029,0.0178087389433942,0.0196042118940944,0.0178468092354806,-938.32686890079
568,0.00197568247490913,0.0279113217219709,0.0106514091348826,0.0190882121155306,0.00999315266724492,0.0211697181255239,0.0137127003160651,0.0253063536544566,-939.399629796463
569,0.0138359689363051,0.0258848431686074,0.00270538478155645,0.0188845235908311,0.00889503980108395,0.013972260743959,0.0188004643252965,0.0171368052024678,-936.286447377064
570,0.0090499702824418,0.0254134599376126,0.00366773958789823,0.0330970704742822,0.0125324543567175,0.0188990365553261,0.0147742056874328,0.0228757664576296,-936.163900960753
571,0.00807082505503864,0.019687949430438,0.00525626277604812,0.028994484620034,0.012996322488469,0.0189885945816545,0.0189336418072376,0.0320725419453099,-936.694981165494
572,0.00874963466029116,0.0201208295659324,0.00138116057851474,0.0211435360208157,0.0121079472288129,0.0183336787530153,0.018812189301378,0.0272337006363539,-935.651022526914
573,0.0165074895389963,0.0187543629511827,0.00532034118109853,0.0267081958366648,0.0118402695877533,0.0165167695113972,0.0180069176100877,0.0177946553746305,-936.007371956562
574,0.011628186425684,0.0251790859625361,0.0044157331106028,0.0190165507296842,0.0114667137144071,0.0249041586260043,0.0176035335937625,0.0185883899100631,-935.928597731641
575,0.00929559784438807,0.0302037252967721,0.011435549318484,0.0289608477562792,0.00715332718243392,0.0241681064638044,0.0128712589707109,0.0195677724234186,-941.346579736784
576,0.0118743248848733,0.0300640723491762,0.00659024713376822,0.0290409051206488,0.00859864956927873,0.0144943881623175,0.013513173674085,0.0181264725621529,-937.781683518779
577,0.00339146769743979,0.0197844197256123,0.0107459836687283,0.0206635686412557,0.0120276024782724,0.0185581922927789,0.0166125572812455,0.0244433475229562,-939.941494696658
578,0.0221367357115955,0.0186772178244216,0.00526000092046046,0.0186175697057044,0.0110762643543119,0.0199583620868861,0.0175846069503807,0.0322380172950278,-939.486371260257
579,0.00626466959319874,0.0401266538873557,0.0012951507232658,0.0147293210908103,0.00888436610266754,0.023146860585546,0.0169467299552318,0.0258145542236977,-940.392593163908
580,0.00290485035338987,0.0353291934573716,0.0144533720534769,0.0216495193611337,0.00933238152773848,0.02707687065771,0.0161197100470929,0.0126215408351727,-942.529011501826
581,0.00498305511358257,0.0187410510304963,0.00789058871445712,0.0189466467338286,0.0106571255832985,0.0261307121694513,0.0133970653993474,0.0139543681149626,-941.606352021979
582,0.0116763977629162,0.0165035157501769,0.00505467295240567,0.033977873059024,0.0083323802188448,0.0238850643123479,0.0148270369719528,0.015865553315992,-937.354885265313
583,0.0103091897957258,0.024796882882424,0.00899758861283952,0.0376887178587257,0.0101433225087047,0.0309261610372884,0.0160225995957342,0.0246983675821873,-940.702982415532
584,0.0105493607011665,0.0157287327491699,0.00409859755317149,0.0430387719424107,0.00973584561405647,0.0263297631191218,0.0197721338077727,0.0193537869066684,-939.997823827165
585,0.0121935618945172,0.0159699065675265,0.00379119156185421,0.0431233957565629,0.00931071633448698,0.0181878082979606,0.0159934803569478,0.0182013870418861,-938.147932758211
586,0.0115894523977147,0.0218920540591553,0.00636044094255574,0.0263131573682727,0.0106498116148172,0.0177828719632854,0.0150799359506634,0.00512918379633083,-938.470445663693
587,0.0163778885038828,0.0224622858065152,0.00662596822501362,0.0183670304577603,0.0119577431832125,0.0198598735587235,0.0151774684908204,0.0144970305553847,-937.062503045815
588,0.0098939781533593,0.0232206658424138,0.00534578945693381,0.0177948653333344,0.00942472973252051,0.0240950566638603,0.0158114767122966,0.0212306328440334,-935.365467716855
589,0.0162742885603024,0.0254922841337238,0.00275861009658807,0.0237205170249155,0.0120752063765342,0.0173259106678523,0.0160691082677524,0.0178884857322352,-935.766135411644
590,0.00629391176168181,0.0266351765033195,0.00496163082191546,0.0219063207152903,0.0118132489527261,0.0146966204280655,0.0184540261412672,0.0301625094161304,-935.416876578286
591,0.0103136230604689,0.0267540993240014,0.00421845577480606,0.0225968903727202,0.0137526721390084,0.0151625631687095,0.0185226197798596,0.0188573574723494,-935.698771727519
592,0.0115580514818484,0.0233444263215618,0.00404159542190445,0.0236848549022053,0.0112465765110177,0.0142467070710474,0.0201046504459207,0.0281014158381529,-934.782376226326
593,0.00978710000415987,0.0254735348963175,0.00276138350577314,0.0262613856039968,0.0167998252974374,0.0131153887846709,0.0179597107357751,0.0214550285258794,-937.804943806403
594,0.00639606941364193,0.0240641062454755,0.00808384697244344,0.0236744679154667,0.00943597321195981,0.0108520083986557,0.0138340996426262,0.0204760682922819,-937.143059501214
595,0.00708022112392248,0.0267441328534108,0.0116856205927031,0.0200786691780736,0.0103290461428582,0.0226817862628081,0.0195449353937451,0.0271601532737298,-937.658325971334
596,0.00665027802576895,0.023935255055442,0.00172911359194911,0.0194058864123258,0.00751363845640577,0.0159987698938385,0.0205497586768811,0.0338722435322881,-938.947816528745
597,0.0177575453770608,0.0247349789855834,0.00559398184153871,0.0198788837361006,0.013076806473751,0.0163031850121317,0.0186365139041563,0.0241539865524566,-937.341251495656
598,0.0130106519025278,0.0207018128030731,0.00178066347979178,0.0207893786539247,0.00978413192594595,0.0180089973494156,0.0128200900948331,0.0143792374635602,-935.324215286819
599,0.0108897603567709,0.0267118719102658,0.00224557349762079,0.0299993742716847,0.0113684788592567,0.0206565878620454,0.0134405325701247,0.0211430641574889,-936.317089581619
600,0.0136609016030212,0.0248689373573061,0.00158333203843804,0.0252105217851346,0.0126401846301013,0.0165345264580023,0.0155904036077945,0.0133688812161701,-936.452144644916
601,0.00474139700108954,0.0348203233987271,0.00667524927259373,0.0172212260162008,0.0127373158446172,0.0175420122619328,0.0138945581712046,0.0320342297902846,-939.405885432992
602,0.00582149529801257,0.0345037069038021,0.0037464683071844,0.0244999084553521,0.0113558336504014,0.0181370114112553,0.0138876608588961,0.0143522328704827,-937.107516474863
603,0.00508234577677273,0.035752009692489,0.00473312272560114,0.0262840269846172,0.0109875442199305,0.0199452680752258,0.0131206941659718,0.0243304478087292,-938.245152361778
604,0.00754214684636424,0.0347698505645747,0.00385835212863935,0.0210218130708958,0.00905743794007575,0.0138646961772877,0.0137272399307947,0.0281414298617494,-937.558706514646
605,0.00262223908057138,0.0282367352469574,0.00390721951218221,0.0200233932074921,0.0090490506845636,0.0198028785242235,0.0178236476316355,0.0213686273292315,-937.574809866289
606,0.00355588385731096,0.0256471421684084,0.0106129545519144,0.0281121832041303,0.0118079678544293,0.0151092781917865,0.017361802832821,0.0303152124796656,-937.487847445399
607,0.0038408849984852,0.0288898399343294,0.00567569438488036,0.0285418368063678,0.0104098341149532,0.0159045718522443,0.0188362119836547,0.0222631413954758,-936.499710004947
608,0.00630947463392488,0.0258880544614139,0.00601222443769635,0.0157881563708785,0.0120283791064297,0.0198348736191303,0.0159038843578133,0.0183749368265595,-935.912885850843
609,0.00739673887169435,0.0223441570895017,0.00277085320084505,0.0242050291911379,0.00886786733434974,0.0165586700409263,0.0138564728785545,0.0186989343816608,-935.290969293132
610,0.0158489880430364,0.0250375093280383,0.00605513419434957,0.0275116272118419,0.0105540745437467,0.0182682464784576,0.0158814924805816,0.0189640705232327,-935.780152358202
611,0.00751843778108806,0.0232781410228108,0.00335551984111257,0.0241477065083725,0.0105512373533778,0.0194289891881142,0.0172859745048164,0.0211673840647181,-934.213190161901
612,0.00704787582520845,0.0197925990064375,0.0108840329356097,0.0333454772128964,0.0101693064058465,0.0148381701939641,0.0211780703856823,0.0227236447105861,-938.791075814119
613,0.0145955310523316,0.0195062844740528,0.012002172031535,0.0314758275233504,0.00823887912375952,0.0293289750772576,0.016648752479816,0.00607898385906844,-942.737359171316
614,0.0116189229930427,0.0204126034297549,0.00386919944515663,0.0356662260348096,0.00898645641235242,0.0235056871111569,0.0141302614454223,0.0316407772914517,-938.467591205694
615,0.0102911202551661,0.0215139549008484,0.00441071936662497,0.0346983998313937,0.0122750718100582,0.0100331710798794,0.0179109756712143,0.0327980545606662,-938.695403261454
616,0.0149342407137209,0.0209319962936369,0.0062172731501052,0.0289688619890546,0.0102689401395048,0.0224744548880888,0.0224384516326755,0.0302733721090693,-937.633353023995
617,0.0043892207361768,0.027455374023528,0.00225763095147849,0.0216305844161444,0.0096110332505005,0.0140271043110816,0.0144726190490356,0.0128390856100333,-937.464698389827
618,0.016021137151754,0.0261126893491182,0.00642902995961724,0.0242124029811223,0.011178707891357,0.0152812673971324,0.0190093803536967,0.0353931505133283,-938.153484467327
619,0.00560504587315623,0.0311640211537742,0.00507642069379357,0.0233644786913449,0.0126318219605466,0.0182600033310998,0.017587833955581,0.0130569372981757,-937.319112281365
620,0.00801217648912061,0.0239086337497004,0.00604872589232236,0.0318709621453362,0.0116008773449422,0.0152254312984522,0.0150949794398107,0.0300544535801808,-936.669628371078
621,0.00687554493726838,0.0247473827094227,0.00564097212298004,0.0230212780485216,0.00962213203674519,0.0153935661169766,0.0141604613171303,0.0227299188972746,-934.933086064579
622,0.0139692274399502,0.0191542173932945,0.00349898694731541,0.0282764910177776,0.0105625327312492,0.0236922440809501,0.0198948016332674,0.029356842262813,-936.004724878013
623,0.00670691592578848,0.0197611111382503,0.00439534175577701,0.0272600595047276,0.0113837591458984,0.0170535242695539,0.0191805440360468,0.026718102737163,-935.978191905148
624,0.0111199393855657,0.0217549346600695,0.00391639128678407,0.0312138635315413,0.0092456238712803,0.0227038800556673,0.0170038596171161,0.0216974371485068,-934.828149965934
625,0.00653432067545716,0.0278063257590591,0.00700897983350928,0.0138092323908641,0.00925396574430092,0.0151616251381441,0.0157092400814717,0.0212355448744949,-936.188731852558
626,0.0109878269252181,0.0281321747198408,0.0138053620020991,0.0146629571229712,0.0115120655949578,0.0160469683227131,0.0140735173944087,0.0157940422045078,-938.410611516437
627,0.00460829522805036,0.031664679902795,0.00556301070076253,0.0164872229540759,0.010472926102088,0.0155496465053156,0.0170017525956007,0.0195386872638985,-935.806674031588
628,0.00707139048500725,0.0254419552800472,0.00389245382242592,0.02387589036005,0.00773236026970207,0.0150559924089884,0.0150010853091153,0.0267394341888878,-936.418990089641
629,0.00720019693387335,0.0308065787795052,0.0114049387335129,0.0183527639816737,0.00950635899201992,0.0189800095384349,0.0158564284553214,0.0131987202728193,-937.821868039223
630,0.00590524164535899,0.0250226010791174,0.00884793859078493,0.018467731492932,0.013996888869678,0.015771678483283,0.0167759518767206,0.039254700698424,-940.175895888925
631,0.00816451238366315,0.0210004299325589,0.0093110980557735,0.0233547158994948,0.00805234732665101,0.0184704056348276,0.0169309198387333,0.0321126896659324,-937.518224269105
632,0.0130712926329966,0.0212521430785653,0.00107174761998966,0.0164454486698631,0.0102090274439349,0.021314179033227,0.0203533856360422,0.0259020053220225,-936.493079539885
633,0.0123522285478385,0.0313221381492933,0.00105129089816356,0.0224018440727222,0.0112254629944802,0.0238369629051745,0.0196281566312161,0.0161935009233097,-939.847159771909
634,0.00218030114082334,0.0315247100027002,0.0125786401585336,0.0239435432131795,0.0116429747257221,0.0228540349083705,0.0196376094367321,0.0380600160220539,-941.250980943408
635,0.0118417515640862,0.0237380250787516,0.00565132834545571,0.0216160799076465,0.0129528479680257,0.00981709991984507,0.0197115285288109,0.0395071879045358,-939.584677262351
636,0.00754380232659564,0.0278187657754736,0.00332866773173241,0.0363696755670879,0.0143539123949701,0.0209397660380312,0.0166215735405912,0.0230076273241332,-938.754657508985
637,0.00790564831290447,0.0168552154764797,0.0127250265566531,0.0303964696854403,0.013486419455539,0.0150472998549022,0.0223220011637235,0.0389173864226787,-941.303337935709
638,0.00872845420389999,0.0272923801077399,0.0080358723153142,0.0131044004212166,0.00919732158729582,0.0152196454162666,0.0167923757996192,0.0070738588939379,-939.261206726603
639,0.00718286504620156,0.0278593854858152,0.00750941113547558,0.0226679816186343,0.0121638761997115,0.0190703491444248,0.0147142375170497,0.0208926059535258,-935.354208062396
640,0.00534341080771067,0.0264114219687297,0.00149770765067245,0.0221446217474976,0.0115709314239643,0.0195628928537885,0.0142677774376521,0.0256642367556399,-936.422801532796
641,0.00781614331227133,0.0210413010368285,0.00288474824674155,0.0173371802256577,0.00867211611764578,0.0191017861317255,0.0147628688853115,0.0221672168338099,-936.022563337106
642,0.0165369989028912,0.0215079074791385,0.00327983005985571,0.0373265200673445,0.0134269404816666,0.0188348581080147,0.0192922944686919,0.0209650942745493,-939.10528615119
643,0.0121801509429804,0.0144401358863886,0.00618211650390657,0.0365491546407597,0.0152315492119757,0.019218488323393,0.0158027714753535,0.0222089528246153,-940.537890122272
644,0.0120440105024931,0.0162711308984927,0.00644035727746509,0.0225001182831964,0.00863872500353913,0.0194786202128621,0.0171947316853218,0.0275085103064002,-936.286367405653
645,0.0139082363662003,0.0228459898691892,0.00280482092724821,0.018600042353194,0.0112522133195842,0.0151768569084005,0.0171091097942779,0.0150227809212166,-935.262956783749
646,0.00850875118886832,0.0272234177275459,0.00471453786793439,0.0270293509997146,0.0142514607679499,0.0253549887992488,0.0161157737383364,0.0253040246606994,-937.977347206971
647,0.00751670267659853,0.023883452231106,0.0035799405490346,0.0247803448292468,0.0072272996165341,0.0129047081575728,0.0224429973773586,0.0339656342085541,-939.56014841401
648,0.0101674852848931,0.023389323995799,0.00336332204334734,0.0294289480064794,0.0162884058119043,0.0205928157607805,0.0199416210729842,0.0251971105324091,-938.36767494234
649,0.00716626071297805,0.0193306302886827,0.00417669491623575,0.0182118488589439,0.0181683331219515,0.0161907130436027,0.0155150578843748,0.024674782663518,-940.275752940762
650,0.0113885442631418,0.0241385961307688,0.00195492152505863,0.0180873367314378,0.0110953779455631,0.0170788825497398,0.0198990789335873,0.0250255925907368,-934.896038252575
651,0.0109848338337747,0.024022882938084,0.003327229433212,0.0222273049368235,0.0104209821505282,0.0126416920957132,0.019479370526187,0.0315158261856928,-935.50274597294
652,0.00950896995565072,0.0219659199750266,0.00393497086650678,0.0309935700221453,0.0110271743409408,0.0177488790781181,0.021944512826636,0.0250504760183822,-936.088905976279
653,0.00904990555170963,0.02702995368151,0.0079122262790501,0.0254145905807989,0.00827520711791561,0.022728919224012,0.0242724222419907,0.0319203269239717,-939.718101574036
654,0.0121668205286094,0.0205321378142315,0.00306447186617964,0.0233283935450935,0.0130578647762027,0.0130467925440392,0.0229601516324358,0.0248943490118015,-937.120728386767
655,0.0118771977646639,0.0261196215938045,0.00690734985754686,0.0308811556058488,0.00830271404264072,0.0206678311773555,0.0218483723967748,0.0377787639597281,-939.310417245372
656,0.0102333858940111,0.025155756146914,0.0058746307579856,0.0126614272420868,0.0118035431345836,0.0182825374955636,0.0150098265281758,0.00381358532450192,-940.350128132039
657,0.00807818547461552,0.0259967891767986,0.0131881194881075,0.0239124244118696,0.0104840163576238,0.0206099958714437,0.0161643580609401,0.0163145904251536,-937.021707137298
658,0.0102336321285889,0.025744839919106,0.00405476196242961,0.0269340194449091,0.0103048667756887,0.0210514217518111,0.015438180552386,0.028557152465508,-935.522289494764
659,0.00635576089564575,0.0271626197701454,0.00837806647134232,0.0219268506700976,0.0120268245153413,0.0110073238099008,0.0138942386855263,0.0264566814781627,-937.079155526395
660,0.0142348039111452,0.0204832865438459,0.00680530925675374,0.0277784410001727,0.00777461639302058,0.0199180685950052,0.0145340713646537,0.0211324160671064,-935.968437250065
661,0.00882734618764384,0.0232820638116025,0.00591113192953736,0.0258410651537757,0.00954858800846602,0.0168503955059867,0.0137780655121692,0.0157208074484792,-934.968473175433
662,0.0136181851350059,0.0221076888841663,0.00776739352482443,0.0201931023353991,0.0145353448416357,0.0218355002586465,0.0145682959745391,0.0198271421271979,-937.654610310489
663,0.00762672938944054,0.0283541148049404,0.00351224304492707,0.0272846495073543,0.0112954662101378,0.0173782323266862,0.0155822379074819,0.0268104361244412,-935.266777265146
664,0.00426768993472918,0.0339428659498481,0.00909862324558175,0.0208069456516897,0.0102923563716908,0.0235521376605124,0.0200956005798664,0.0263776518311181,-938.932136910175
665,0.00537361907571046,0.0291557683102251,0.00146870904045082,0.0267910359529119,0.0152013508012797,0.0234485210430896,0.0165599889725114,0.0225414398170819,-938.907193989395
666,0.00936477485315824,0.0226154659572597,0.000999402026395587,0.0379584575627209,0.01339833390196,0.0120847339261201,0.0157973604212731,0.0236293346086705,-939.051340685222
667,0.0151966493874344,0.0175958707852953,0.00243963329527118,0.0155760523377423,0.0135709357465575,0.019739633672552,0.0170076764592368,0.0136564996001659,-938.830673950902
668,0.0112233721539393,0.0242480887155458,0.00337265322627842,0.0232962108348448,0.0133264040463739,0.0182076718965437,0.0147471648646995,0.0124217639216911,-936.048775822061
669,0.00527358603100879,0.0257738244375625,0.00553542334704187,0.0285395386953793,0.0126631243711796,0.0150661221962766,0.0149357078152472,0.0194549655467552,-935.843109723537
670,0.0161486461586207,0.025123736045623,0.00719287040409415,0.0190713315835246,0.0095505300858277,0.0108077331294086,0.0171819141409096,0.0241547302056667,-937.551398384764
671,0.00960586471236617,0.0252371963064304,0.00579950119592212,0.0235530828761322,0.00869347729909252,0.0188116176278429,0.0145197241663767,0.0151224171353166,-935.152577094017
672,0.0144661580682411,0.0206878489549745,0.000876858981653728,0.0238155294935428,0.0128122348892987,0.0212420537013099,0.0125111566655176,0.0199899732777097,-937.152034833252
673,0.00849341897616823,0.032237559502553,0.00404830739904998,0.0200878496844727,0.0125614929841555,0.0163180702234911,0.0127844896235432,0.0173796400264897,-936.322286025595
674,0.0144043245872988,0.0232338807571606,0.00226133651660446,0.0191165687121108,0.0104552986113713,0.0112414522537476,0.0187053890327996,0.0212313715568183,-935.948297660927
675,0.00809675258803309,0.0305566259417983,0.00737484204251588,0.0200049526729064,0.0158338302044358,0.00844352723024698,0.0132438243585892,0.0146586978640417,-941.749773296559
676,0.00580144414811924,0.0259759216837843,0.00351591320726467,0.0201570213793791,0.00914849326787981,0.0247078181491725,0.0166665390901957,0.0226859864207645,-936.309356462627
677,0.00790448352315593,0.0229142397092327,0.00410700567531609,0.0374812013386239,0.0122813264783435,0.0162556696008729,0.0205662000831475,0.0343053458705878,-938.249034692497
678,0.00665661184593916,0.0199315559643169,0.00468752180516748,0.0261872884230289,0.00974639819293267,0.0256392056941792,0.0204921819803332,0.0299332121662695,-938.050920186268
679,0.00728260030110067,0.0240801917301277,0.00297526973955097,0.0171635284458412,0.0104051895365648,0.0300399598662995,0.0165393883513874,0.0197837869618708,-937.892633021833
680,0.0191128843429255,0.022075318371452,0.00271357684792874,0.0228134684204877,0.00921105273670068,0.00931561106952712,0.0154946946568337,0.0120256314100114,-940.843437058825
681,0.0125807040572683,0.0240605297958634,0.00398256482149574,0.025279466810052,0.00847979169380046,0.0149407718112443,0.0189827075221376,0.0303412019193179,-935.553366300692
682,0.0155353877759662,0.0224490682516626,0.00482693235394978,0.0258737362231672,0.0126036009147366,0.0181182201437579,0.018308547331938,0.0245967671170279,-935.577894668915
683,0.0123177535724082,0.0162577472568135,0.00203772420844759,0.0194745238159992,0.0110524412495486,0.0140833254186564,0.0197107026146064,0.02888124307048,-936.836477323531
684,0.010729004149456,0.0268538748958875,0.00118653502512559,0.02737484160357,0.00959596579207418,0.0260589371947766,0.0160149643810938,0.0130632504241298,-937.791770518701
685,0.0107226593638519,0.0265531552158901,0.00609760716922798,0.0243493944810294,0.0101472489335569,0.0210931205502578,0.0154425349300975,0.0294551794998494,-936.038994502729
686,0.0119398573337356,0.0203329260036399,0.00417083830729321,0.0366980234895805,0.0103705715587638,0.0242693631600525,0.0220653264236266,0.0295206358468461,-938.044691097124
687,0.00667279711035776,0.0233217737833738,0.00872603714586143,0.0393320660462421,0.0110203851015147,0.0156082315414253,0.0142999413963938,0.031208234131216,-939.730903760764
688,0.0135388705028733,0.0170329803064614,0.0011689102442819,0.0332018164917028,0.00829596126128254,0.0188558462572488,0.0200214424480026,0.0131059725209526,-939.470964237756
689,0.012952163237693,0.0269956348235704,0.0039441464124116,0.0133862372492983,0.00967165604621466,0.0215647823639829,0.0171468261401843,0.023669082713055,-936.475260888412
690,0.0109598628721705,0.0232220478075555,0.00343770432673563,0.0130531341293317,0.00852397060402841,0.0179260866368396,0.017260686894353,0.0200495414823004,-936.196534679506
691,0.0113780035273932,0.0221005066593656,0.00603561634151745,0.0399342385043639,0.00937056762061031,0.0221589686021453,0.013969560132326,0.0249963444867163,-938.061237937164
692,0.00854773899917598,0.0169788756256374,0.00475979449278234,0.0186584339407324,0.00875855793704026,0.0243121788459624,0.0154404360340908,0.0163001392755636,-937.987417815619
693,0.0169109913609253,0.0203943031115995,0.00331604670095258,0.0270497315318522,0.00927341920836336,0.0116478072819082,0.0141331056041857,0.021082108039148,-936.565302629173
694,0.0122458880142797,0.0210734009642601,0.00402248090193486,0.0226277234533997,0.00769685057050391,0.0305313917842326,0.0161617453617203,0.0197584443088908,-937.440727212869
695,0.0113849090005949,0.0216600782452392,0.00423757982397281,0.015868176984286,0.00813894849045053,0.0265317259292562,0.0171665991342176,0.0207619147772066,-936.967504992121
696,0.0116408992401169,0.0236168509548257,0.00575684436464808,0.0249971877297967,0.00984751387041524,0.0184389740689527,0.0178073217593068,0.0131592658166787,-935.651082051899
697,0.0120983862070812,0.0206228713325231,0.00800275115464681,0.0314749097118031,0.0113523339124787,0.0185999862784634,0.0148813963819876,0.0119922783955527,-936.840534724054
698,0.0126821781312619,0.0229768955869507,0.00581202636131373,0.0289481529726157,0.00938929599500881,0.0217086720306491,0.0154601668601969,0.0268772094246579,-935.555536857397
699,0.0130949138407176,0.0166908964288044,0.00697028623221975,0.0277781140670168,0.00697658029986764,0.0219854396522802,0.0252181899673107,0.0289608806619664,-941.074510734518
700,0.0152632286198903,0.0200332081530842,0.00824957256469743,0.0228963308011256,0.013770324360209,0.0122756146976168,0.0119087101174426,0.0173340794652525,-938.928112208982
701,0.0161206932851755,0.022876103776863,0.00353796391069187,0.0406213509878536,0.0152880733948111,0.0183461768160469,0.0175550259357786,0.0206112773675341,-941.395737387751
702,0.0105873025560863,0.0293922616428502,0.00387700729780435,0.0155244295927444,0.00863823903275215,0.0228796728271832,0.0150267274495414,0.0238356429525654,-936.786565744381
703,0.00723641367349695,0.029655546084994,0.00834061789588646,0.0127675864840763,0.00880173644931202,0.0125099150873771,0.0138630613173225,0.016071667378206,-938.231293172381
704,0.00734094149826071,0.0326241995885424,0.000367385693388276,0.0175440438204095,0.00975839040901415,0.0240556746400894,0.0186058673260502,0.0259169111039763,-939.297358432073
705,0.00591971393747463,0.0332554634258456,0.00602774681182363,0.0215014826736789,0.0104227839687203,0.0224524229253314,0.0194865863842735,0.020792647977044,-937.418489242924
706,0.00409432973210114,0.0245054305122811,0.00190299027715072,0.0306106048783017,0.0106543291058007,0.0207784885711591,0.0192208249111968,0.0227687840187069,-937.922890582216
707,0.0219510086570694,0.0121907598597311,0.00507739202515182,0.0181086501671451,0.0106401892015107,0.0191357998730332,0.0195225419401549,0.0160785360681407,-942.034306539713
708,0.0201009590118808,0.0116427486525795,0.00383761722627475,0.0225356385185463,0.00851740580296622,0.0184375550713622,0.0125705333490587,0.0153188745743385,-940.456464707385
709,0.0189201043679824,0.0231433235139968,0.00275557308386819,0.0125255674882937,0.00983170216420203,0.021219986234629,0.0137839191754169,0.0300300883391961,-940.514465470735
710,0.0178030773374427,0.0276110843186309,0.0028307708038214,0.0199054665332466,0.0099137302552746,0.0128989410553257,0.0173430420241747,0.0289640385525466,-937.647306596393
711,0.0167911905530156,0.0281895099240224,0.00271590099924773,0.0213054641934059,0.0104595338086778,0.0142550584735848,0.0173574308128869,0.017141501038549,-937.008810063945
712,0.00476471029973521,0.0292133372571548,0.003764993359543,0.0187027050641307,0.0153388865945584,0.0132753251420886,0.0187648600467783,0.0350839464095096,-939.041230282538
713,0.00578982809869162,0.0351060351497312,0.00379620097160996,0.0273822776317301,0.0107491264474433,0.0207522277449616,0.0157673150221798,0.0249772417373279,-937.468590782396
714,0.00709347493866036,0.0248816746012913,0.0062342795955986,0.0273963336945258,0.0109288038388834,0.0227714223374786,0.019700356975925,0.0322536683536463,-936.879931575884
715,0.0120359122452779,0.0237631225388606,0.00831131029562165,0.0347641643405315,0.0134930698759545,0.0138792434674229,0.0181449497612577,0.0220546895728982,-937.777879923881
716,0.0140872407676924,0.0199565727432119,0.00925219650462008,0.032565699935786,0.00798049390521054,0.0146163906297565,0.0171919140962651,0.0259532752392732,-937.457964002336
717,0.00623604732465152,0.0323877500778394,0.00952356894314025,0.00973958519758031,0.016070299816227,0.0131337737714863,0.0165166978984881,0.0254952213986314,-941.249103093208
718,0.00726956315679069,0.0322562954512087,0.00257712345032484,0.0248232168004215,0.00922454971849002,0.0263480299964216,0.0179730865197793,0.0233740632648673,-938.028529773528
719,0.00560828013436016,0.0279627212054009,0.00658035195516002,0.0133846839762754,0.00962810200229286,0.0116753195010353,0.0153849518812689,0.0096992297354676,-939.727900547898
720,0.0132274601229159,0.0204653988521169,0.00743541731222929,0.0245577588743111,0.0126911462424646,0.0173532931182278,0.0165840876378767,0.0239131490305772,-935.20122646033
721,0.0172083467422054,0.0195087510865294,0.00187479814097729,0.0244946453624491,0.0126974481686057,0.0150002230957632,0.0161099048093788,0.0177766909542694,-936.01548905442
722,0.0164532804269356,0.0174152087304761,0.00385277825733557,0.0255951263550765,0.0108342245120143,0.0190211011653927,0.0193294240201141,0.0203861858182657,-935.700614025386
723,0.0165493903770596,0.0219229438124574,0.00607098722904745,0.0132855736407319,0.0135389224228966,0.0124387789237398,0.0134655320081748,0.0234983973812512,-939.549564493874
724,0.018596546488443,0.0228140087172794,0.00476957104714708,0.0278248168148224,0.00761253048105189,0.0216308881843499,0.0160295669865332,0.0273407394661164,-937.995260018506
725,0.0104777055771463,0.0247402491585379,0.00553924736399186,0.035288139984649,0.0108126727457031,0.0135166161205168,0.0157164952168476,0.0258269055084197,-936.591004233596
726,0.0119803703908821,0.0158655640612617,0.00207469380338788,0.0200725727733176,0.012009144007224,0.0195674623796064,0.0170057070787449,0.0278356960151646,-936.517419843112
727,0.0145886797052778,0.0216845534502349,0.0043466010751224,0.0304579918943783,0.010187749907184,0.0185206591242895,0.0164333015184733,0.0148240271301872,-935.436074692035
728,0.00997681927978586,0.0239495075508337,0.00725778787701881,0.0197740565655634,0.0100157335067781,0.0181048849546187,0.0149486617564824,0.0270778219725542,-935.142100394312
729,0.0149081735718111,0.0212760880285121,0.0120622602841687,0.0287812969731646,0.00944926243780652,0.0113049781771943,0.0176856486204304,0.0207327134830359,-938.442475119543
730,0.00922376015949733,0.0239231056872086,0.00676844147429125,0.0192079606944365,0.0120301964994501,0.0120398322938946,0.0174585140175976,0.0259379867605854,-935.44739689828
731,0.0104024541133867,0.0278682359132524,0.00618760771089979,0.0222535618516902,0.0130875274825715,0.0175473091853268,0.0181202717607272,0.0121440498740063,-937.781132924425
732,0.0101793620605248,0.0240543612653647,0.00139793392654165,0.021526901078299,0.00937258036983882,0.0188869851306136,0.0169528058388953,0.0371042043245489,-937.301934218941
733,0.0130894445026307,0.0247528763322336,0.00649785936863903,0.0227353017027068,0.00836539154324006,0.0158664789639684,0.0215928595444037,0.023101612115533,-936.79760744783
734,0.00928365218445684,0.0230096306690652,0.00286192059993198,0.0168325531223413,0.0138401617713593,0.0139468055882817,0.0168548460835766,0.0217959759172386,-935.523812358647
735,0.0100554457221496,0.0289112913804146,0.00446825472751588,0.0200556287084314,0.011937364558533,0.020491964746293,0.016016466187429,0.0280646625545201,-935.867218029206
736,0.00310532630757265,0.0270508465485735,0.00556981123859649,0.0214532820653561,0.0119466548630897,0.0180386425020184,0.016831216935703,0.0308970349169445,-937.258098701892
737,0.00543982378477787,0.0308043870058972,0.00453866509694689,0.0227758539966272,0.0106828367571585,0.0210221142001151,0.012940294467377,0.0129712847422001,-937.193728542777
738,0.0103884732979099,0.0301215610679003,0.00815935089778712,0.0130765292884353,0.0103160649074027,0.0140743181214134,0.0148324176452378,0.0194794014991407,-936.905689859368
739,0.00840014772571778,0.0283548524422691,0.00209641439526081,0.0200782523392663,0.00905123264237126,0.0174527778359226,0.0102383633115912,0.0206489864865152,-937.94042283234
740,0.0144538696330739,0.0184131232451743,0.00500594546998319,0.026697826230341,0.0147678424223774,0.0170089977250976,0.0132240495177491,0.0191794739282843,-937.385214319278
741,0.0161755468477066,0.0272497526886332,0.00247504638215876,0.0194420696254391,0.0115789427361148,0.0153591734407155,0.0162516414598205,0.0232571536307208,-935.838856553099
742,0.00968567414027182,0.0235074058783996,0.00855526835640982,0.02306418164785,0.012502213532178,0.014397312502137,0.0183326554359618,0.0323970861012981,-936.338249052403
743,0.0106688873257678,0.0252620907087838,0.00319982645030591,0.0236148529956057,0.0111595808701398,0.0222816682440011,0.0194216517964591,0.0242832347550842,-935.076226914247
744,0.0125861131229666,0.0187326122050983,0.00508154809211854,0.0253854943038812,0.00832638158487355,0.0212205688773832,0.0175959317107839,0.0225829811390766,-934.855224138035
745,0.0140144399609346,0.0246993030989968,0.000667869553822669,0.0218557972041622,0.00756801839456269,0.0168521300996438,0.0169978833766826,0.0231728298276141,-936.407350674538
746,0.0098029279466257,0.0270081694382665,0.0010073596089349,0.0237719899435,0.0107087697316189,0.0127253436012473,0.0178011413629212,0.0213202521709192,-935.662239273565
747,0.00633676531953838,0.0309323761436341,0.00579798385213882,0.0217347921304858,0.0156568595308338,0.0116391772401118,0.0190276191938639,0.0293361786144796,-938.517489970511
748,0.00463339746621589,0.0271697300344766,0.00483768727702749,0.0207753415960797,0.0113355157389667,0.0145083299460265,0.01895410672856,0.0214787979424181,-935.694142182936
749,0.00900512585640748,0.0244120567401259,0.00283030680568279,0.0203120206494531,0.0110574769737021,0.0224839876621814,0.0162856175551375,0.0243060338244305,-934.638676830732
750,0.0098492976574749,0.0222563392777494,0.00934567242972537,0.0242508885522975,0.0103304094896938,0.0182203766559039,0.0181899729470401,0.0215631077698096,-935.024716580522
751,0.0115674154979243,0.0239217407383274,0.00416115835584559,0.020455623717763,0.00904187466455734,0.0147878077106637,0.0187154259110335,0.0247325254661381,-934.471302796071
752,0.0129404932068233,0.0203601933667327,0.00445208838703944,0.0234930894719739,0.010289093684632,0.0144972992950349,0.017449645706035,0.0355160320879023,-936.231678900023
753,0.0106165895769319,0.0204298146694584,0.00192309048196528,0.0214169222995997,0.0113667524982734,0.017026701049758,0.0244195694258978,0.0263538626120292,-937.361487846148
754,0.0133695058244666,0.0275067285692313,0.00120867172590733,0.0175711799107195,0.0123496458494328,0.0181513439241357,0.0161714179687598,0.025721425958798,-936.257274328562
755,0.0125556286779535,0.0188698670849807,0.00250340062893433,0.0186663197659515,0.00890473529587331,0.0203126672414315,0.0208543271784621,0.0228921962442113,-936.013307732145
756,0.0114543670270572,0.0277921342464791,0.00259525022642823,0.0282696743424511,0.0103330798258506,0.020923231355257,0.0127911201684058,0.0172728259160049,-936.528255966148
757,0.0128268696684922,0.0200436088806031,0.00416899514921786,0.0298737234502535,0.0119005624814407,0.0165380337152392,0.0165477762708009,0.0274495214418858,-934.976512017018
758,0.0120409775715917,0.0221123757754132,0.00682635717513885,0.0266164091172499,0.0120641457307814,0.0143252727061023,0.0177527962059304,0.0269244659214501,-935.066552156916
759,0.0082768090104954,0.0281252952400207,0.0132902176347418,0.0136497615378038,0.0130367890120361,0.0133710609511577,0.018280502517208,0.033206577588164,-939.515194021109
760,0.00217881156601999,0.0374046480053609,0.0122632661904569,0.00933323646852941,0.0109911169636973,0.0103679834809491,0.0194578534910187,0.0224343891534382,-942.407225858868
761,0.00656236569148101,0.0264087553705543,0.00594605246711978,0.0383530942854944,0.0113368782830407,0.0151396865593221,0.0217978257171298,0.035938380653867,-939.568402877381
762,0.00888493560305676,0.0263369767050836,0.0030012296977547,0.0198374578674734,0.0105491559853385,0.0147892428560706,0.0199326106514892,0.0233283736099188,-934.858733192233
763,0.00712667636462349,0.0319272977033736,0.00465908418376887,0.0206381185795384,0.00910840999089567,0.0198298186165647,0.0167697935114934,0.0214008714098872,-935.476545520033
764,0.016686789810645,0.0153829771305433,0.00579457993449046,0.0271994581718959,0.00776215821560834,0.018020612525008,0.0147493831697441,0.0258641257088049,-937.561424883866
765,0.0171847505305027,0.0174895904196248,0.00531789220591965,0.0176176730782637,0.00723709614611432,0.0200366674486015,0.017112279940342,0.0184877546494473,-937.880497713148
766,0.0100435960228624,0.0160705337654629,0.00177251529210382,0.0339595281386531,0.0117003347238608,0.020467657609135,0.0150394356158165,0.025536262414227,-937.408762476721
767,0.0106211714833421,0.0147880566553391,0.00599370314872087,0.0340359478358865,0.0112877300563472,0.0181077554136734,0.0229273140668419,0.0284166618972412,-938.910233171858
768,0.0160094230252866,0.0137751580440956,0.00287586177577132,0.0206098551830345,0.0105866191164882,0.0197716401008414,0.0173639651963905,0.0290028185597501,-937.315207982098
769,0.0155601067431242,0.0257186738857284,0.00387378313385911,0.031325947324621,0.0138259957549648,0.0176783459558821,0.0178945204713931,0.0214198584350373,-937.938307035436
770,0.014434862945654,0.0164072834600505,0.00232706806437396,0.0406101342217865,0.0078105218381469,0.0213054480039336,0.0191780251492432,0.0217009048441979,-938.776122250543
771,0.00809106599652065,0.0204348641163979,0.00170251686916298,0.0348428409528609,0.0107317384952127,0.0224026494700651,0.0155987952907249,0.019484473001088,-936.557840819436
772,0.0099582454488507,0.0225920500209204,0.00530871488594938,0.0335712390231185,0.0114166394241942,0.0131987581182789,0.0143901678659738,0.0217899798478712,-935.978964255588
773,0.0106206709835888,0.0339268178892495,0.00742164547938125,0.0202729066135227,0.0109318977933222,0.0146257165239722,0.0185910018572772,0.023926520775114,-937.324331509508
774,0.00969296457051938,0.0313406974006852,0.00611487046502485,0.021287122098805,0.0095355415814442,0.0144663189459873,0.015788619558912,0.0171553640002402,-935.85905896777
775,0.0113303566416807,0.0196269809846166,0.00712387395410754,0.0244707376252355,0.0097891999494781,0.018491478346711,0.0165041040789672,0.024427153516805,-934.463531834793
776,0.00899237666297744,0.0210151616149662,0.0078746192954116,0.0256140729042773,0.015705837526364,0.0226454238847675,0.012703093512905,0.0178494259755228,-939.293934406149
777,0.0119079562055233,0.0183311173119845,0.00755488373045506,0.0220330086638365,0.00823865400130515,0.0207618556545248,0.015507179467212,0.0227160486803498,-935.85725801169
778,0.0134993610040913,0.0172904350130668,0.00490572628426218,0.0143584605431564,0.0101910185163035,0.0278359317100814,0.0149162379756285,0.0244036406180959,-939.331172010446
779,0.0133807947318532,0.0270562295809621,0.00311522650537597,0.0309672789739353,0.0102364912202361,0.00988556530677178,0.0155487704226325,0.0193430068900963,-938.040168340792
780,0.00662951328647628,0.0238415313463182,0.00509740893103252,0.0383202181030216,0.0109103155347706,0.0168165845726679,0.0144838547090446,0.0211462291319644,-937.353294890794
781,0.013022718489886,0.0259587273945158,0.00599230022444216,0.031334898378099,0.00899493046649534,0.0204212125310132,0.0169854690018755,0.029576416441244,-936.915555987111
782,0.0157984012855026,0.0239159557047569,0.00809373826591742,0.024430353994272,0.0103941643431091,0.0113262809406705,0.0210402049951276,0.0271799915468127,-938.143362627303
783,0.00499892556300542,0.0264406396076866,0.00842342620044864,0.0230556145001377,0.0150227669351918,0.0185557112839029,0.0131686595927621,0.0180441893183548,-938.162704237624
784,0.0122251057239705,0.0222667107948504,0.0144586344986801,0.0200963519158806,0.012294206231242,0.0175117012243617,0.0169965140940285,0.0267368734291511,-937.778903293474
785,0.0117807729869578,0.0224454988261216,0.00639102384899929,0.025296150631277,0.00874991552070542,0.0185086417168504,0.0174873367929291,0.0253725883751829,-934.536950532595
786,0.00752198403708265,0.0284589480483839,0.000878251119944731,0.0194213797864879,0.00906891668138108,0.017312031230914,0.0177972640717949,0.0316538722712983,-937.040049425665
787,0.0137261521346361,0.0267415049409779,0.00472575523805082,0.0254453338001392,0.00663007920905967,0.0227277591172783,0.0210854398097413,0.0368722544152181,-940.170495530817
788,0.00806401262685027,0.0197766967362723,0.00441520994371575,0.0314359284943218,0.00946531434375801,0.016028348732141,0.0209079067843875,0.0332541319484541,-937.003639886648
789,0.011932945671986,0.0221038318219408,0.00184594879412711,0.0221164729541229,0.00738776745127818,0.0169557322402356,0.0153244688672327,0.0312090852791282,-936.879217065851
790,0.011547622219819,0.0232526431173075,0.00685462994070281,0.0207563554000991,0.00795646789317012,0.0190971569559083,0.0206129325205185,0.0315128591543382,-936.665653823483
791,0.012076512831814,0.0227090951941718,0.00300996577765449,0.0291935314748128,0.0130859821428585,0.0131485222577522,0.0182005915280677,0.0210611926851493,-935.607442587841
792,0.0131242374694597,0.0275075155280913,0.00106280993991838,0.0263903756886409,0.0134047339755042,0.0143359215988742,0.0139359036397368,0.0212605212761532,-937.237337807736
793,0.0112653882288967,0.0154623422615352,0.00330734579584104,0.0306219601224694,0.00914968657124562,0.0240593569890878,0.0130934694065763,0.0197409703000301,-937.490195586492
794,0.00839347767816238,0.022652608063334,0.00664512081014797,0.0160744127881035,0.00894524789354063,0.0136325460512125,0.0175579560969655,0.0278973024769247,-936.53191739064
795,0.00854397020741019,0.0245088858865452,0.00597962183839366,0.0270379790029915,0.00770786667803008,0.0160521498561969,0.0173246949763253,0.0214456157043414,-935.761005244784
796,0.00801592260121868,0.0288126001590786,0.014351974350597,0.0346505467027538,0.0145502045246107,0.0190456167754832,0.0141706357523014,0.0189956154460019,-941.420538460394
797,0.00281072923063698,0.0274159031835964,0.0104509668819782,0.0304812688791321,0.00940644786022845,0.01017579717298,0.0114758758966502,0.0149709366613759,-942.518660503861
798,0.00817724210780859,0.0282767604519313,0.00966380831658139,0.028317111437869,0.0101304281253221,0.0181025372502526,0.00885231562852346,0.0163030205962787,-941.787309894015
799,0.00405422428823604,0.0337892568077069,0.00746603925523449,0.0212132776556964,0.00988849372850695,0.0149000102717933,0.0170854117452915,0.0278773315661608,-936.606254111722
800,0.00516582775037538,0.0308899930629469,0.0131390409598592,0.0201589981901199,0.0101861186586897,0.0170110477974666,0.0192387273384498,0.022470315019584,-937.610110090657
801,0.00404868293850266,0.0281963104090203,0.0072593836697537,0.0138627133394977,0.0118276221928978,0.0140960517275544,0.0166439202334256,0.022910483953047,-937.032821176093
802,0.0128367062422701,0.023531753861137,0.00697356410061312,0.0331714516913107,0.00818495802555412,0.015440240390417,0.0175697718037565,0.0184523148124256,-936.667055165732
803,0.013815485201497,0.0215533925055854,0.00101555787751574,0.0167906150869714,0.0117749879254327,0.0230367099255721,0.0173530224936716,0.0285138821102313,-936.969566025502
804,0.00771995729212151,0.0242086576412791,0.00774525453119218,0.0296227706050213,0.0118708701947706,0.0227597083759335,0.0169802550536934,0.0162660189009498,-936.583924955673
805,0.0127506829085491,0.0198650564488517,0.00882218844164824,0.0355733093980882,0.0124816403229967,0.010864590315242,0.0160259038578676,0.0193070164926761,-938.406531438905
806,0.0131787755826333,0.0248371320576669,0.0144775243534336,0.0255064980244566,0.00934385365331246,0.0250508546329839,0.0155567626659983,0.018043111032843,-939.178378194381
807,0.0128949815153918,0.027560791350161,0.0056555371325929,0.0171626974893977,0.00921578820773063,0.0213086280063766,0.0178550056365697,0.0261923031606613,-936.176104796354
808,0.00716173182657603,0.0255095127226028,0.00519020225792368,0.0217633511114439,0.0105517802519074,0.0144857396760922,0.0178030034982862,0.0247549883872002,-934.465062057226
809,0.00789569099503161,0.0288906742058551,0.00114300854993989,0.0220753775882604,0.0104304757213743,0.0140134520401773,0.0132780436128327,0.0159360375978662,-936.08695112705
810,0.017755869892977,0.0230875620528722,0.00718128776566227,0.019088237785795,0.0130697779643933,0.0143688895865448,0.0206804455983408,0.0370458142223438,-940.124285863129
811,0.017556568249303,0.0174450785684619,0.00268486393994141,0.0243047569380786,0.0131009804673586,0.0207161239035846,0.0181088385296791,0.0348902413822883,-938.635987570555
812,0.00805564861276351,0.0326195646329025,0.00667672584023583,0.0243508485324903,0.0149626935694266,0.0181003602451567,0.0174312575280013,0.038987612273953,-941.451805967183
813,0.00237695032453759,0.0330848685387042,0.00546005921063026,0.0314537742921286,0.0105432101307178,0.00984788871769902,0.0206718072290595,0.0309351023961888,-940.850754269662
814,0.0123105365316899,0.0151817495450068,0.00603642082849189,0.0389298781476487,0.0114907584605849,0.0298086693779418,0.0199608700003371,0.0216592496422802,-941.062842980304
815,0.0108097180059327,0.0216131787174314,0.00766504778120499,0.0157318039322229,0.0132877430622066,0.0173058233092965,0.0154113796910906,0.0225121125466878,-936.2653449723
816,0.012883688370346,0.0227674690017499,0.000248148955373766,0.0167667082237431,0.0138504771253109,0.0186638603132123,0.017993774457098,0.0270429613818441,-938.482423004364
817,0.0102466419799336,0.0237332666246339,0.00267972431413078,0.0298081988928999,0.0138049979883761,0.0206189857556397,0.0174140331301359,0.0233121011569063,-935.917303259618
818,0.00344780197430443,0.0262645427260228,0.0219219097999538,0.025175302923807,0.0126573591239957,0.0129590846775484,0.0153653707969309,0.0198826918980168,-940.193114188332
819,0.00861652635811046,0.0263428834194858,0.0144927382715223,0.012154139110958,0.00780930157000933,0.015834629176412,0.013724361878847,0.0190868050435594,-939.279174089282
820,0.00910099926006123,0.0259855203856312,0.0140592622246802,0.0208816118087534,0.00945662944904362,0.0140246193102867,0.0127455005387254,0.0248425791987112,-938.034534466115
821,0.00785249214798638,0.0239541273021848,0.0137652487873874,0.0224557340330887,0.00904857286709375,0.0237395336002109,0.0122338688148386,0.0164226342254858,-939.389769929646
822,0.0101852486282338,0.0256561620045693,0.0140643006300735,0.0261952050961055,0.0131529587510568,0.0270520361795057,0.0129696085989232,0.0188046853085905,-941.463332091668
823,0.011841311780711,0.0177625180993797,0.00305365160409194,0.0298929846860929,0.00894963926235165,0.0264413519196558,0.0109324409090946,0.0194570017841262,-939.218787432754
824,0.0129975214834107,0.0161106597619782,0.00543397627482919,0.0223149960578856,0.0103165533314554,0.0267218086820196,0.012010053925617,0.0125595334434606,-939.446259707238
825,0.0122395414068837,0.027958679726771,0.00309786064077095,0.0242515340725365,0.00969301446239494,0.0260477001651252,0.0152983344026523,0.0256719534724262,-937.052408625444
826,0.0060591075105589,0.026834987750304,0.00271420810580895,0.0204896146193357,0.014181372050261,0.013009348460997,0.0136606473858357,0.0207011736153392,-936.226522880266
827,0.0167669831629858,0.0132922636070498,0.00375032045198333,0.0239760123211875,0.00781046462414198,0.0143903452267192,0.0173881267820008,0.0268821142877452,-938.319706244109
828,0.020282133814639,0.0192925688063665,0.00343528006157003,0.0200363673449826,0.0142086073567642,0.0167717181474575,0.0167633983126417,0.0326908098230219,-939.707148808186
829,0.012290597974554,0.0221695337918645,0.00684648274686642,0.0185294324449499,0.0091490174617242,0.0191106431362364,0.0191839836975004,0.0229168197933836,-935.266125769314
830,0.01349754430204,0.0223246006502304,0.0100410873334349,0.0242024246691473,0.0101159958101373,0.0213432557214747,0.0163585584151313,0.0316918928959995,-937.379459569437
831,0.00739660443365805,0.0215006320516902,0.00637863006736587,0.0315350584558992,0.0124844191910186,0.0148346339495188,0.0188716942436162,0.0136761480482213,-937.947142510574
832,0.00845476616573002,0.0258897946602429,0.00870531848516618,0.032979081179486,0.00920004998373124,0.0192284412874352,0.015899147309376,0.0127332903854589,-937.545232713354
833,0.00868540686876413,0.0194757294099287,0.00518542896446677,0.0217099990356478,0.0164695060077966,0.0154559018461187,0.0179422684755644,0.0177914645909419,-938.137973998967
834,0.00807698095142833,0.0212074531440435,0.000710732526988537,0.0213576935156642,0.0172689336262989,0.0123507191352893,0.0134815323917175,0.026835260412644,-941.019157164811
835,0.00902292568671667,0.0205591343496162,0.0109641111490785,0.0212722962151197,0.00837782420771652,0.0154439074237332,0.0162345395840076,0.0194313438100118,-936.570890109432
836,0.0104064378114409,0.0241264093381198,0.000692028917412238,0.0253842311927043,0.0128279999466584,0.0219961144266072,0.0158261327293027,0.0224250256391071,-936.189912001652
837,0.0111718408705229,0.0203549432642515,0.00523689018703095,0.0192851700686046,0.0109792739923964,0.0199804936609932,0.0154127805795187,0.0202968430969481,-934.298877475369
838,0.0113475176079943,0.025041519674976,0.00329401506857979,0.0431148264233691,0.0128259243676549,0.0204711178964574,0.0151648676271452,0.0232798633262047,-939.555479836906
839,0.00692190576215605,0.0214577203167656,0.00518018092322837,0.0239764755780994,0.0129185605470663,0.019031329921357,0.0132582487208221,0.0139916703125765,-936.671604172835
840,0.0143984043567618,0.0178494310243838,0.00118762857197973,0.0219095568758505,0.00786468239967109,0.013251969349192,0.01231433199349,0.0138306276180917,-938.640719350836
841,0.0149567869453029,0.0278723720155581,0.00555022542570691,0.0176547479870004,0.0141186693056139,0.0191030391232642,0.0151749060708378,0.0187482714822851,-937.910292031378
842,0.00285099849602949,0.0274505238977033,0.00791946161060379,0.0263049120074863,0.0092681177332467,0.0201794599803992,0.0180548899816584,0.0313045506172439,-938.259060585761
843,0.00334524805891741,0.024739629340683,0.00981674042810857,0.0269265076847188,0.0109716161661694,0.0131370297446306,0.0171698323962459,0.0206655500707237,-937.577720194085
844,0.01235098598027,0.0251245086470795,0.00528132455241906,0.019272951164528,0.013384746758527,0.014211490468892,0.0184125511001396,0.0293835651907856,-936.013450722906
845,0.0167391675174851,0.0253554335869923,0.00413086344543417,0.0155157922145151,0.0101874923501106,0.0193227374063318,0.0191418492016367,0.0432925067615681,-940.920452568278
846,0.00539150164961834,0.0355612538271634,0.00513933523422649,0.0117857916480059,0.0111076648175009,0.0173793341884308,0.0228651963169781,0.0393848072192059,-940.988075980852
847,0.0066982447610641,0.0331035517370404,0.00811632356217379,0.0327733030796779,0.0113495768744691,0.0164604423909234,0.0229677100622169,0.0366272628954341,-940.889316308383
848,0.00306095247514697,0.0307771587390133,0.00616005298955052,0.019045479817697,0.014572107372392,0.0169760277991908,0.0215277343197062,0.0339604068022655,-939.333916956933
849,0.0112211171335231,0.0176495168926689,0.00521203827929278,0.0247513489846225,0.00979655417218675,0.0112764498476219,0.0221206956792396,0.0351777582260877,-938.429708508769
850,0.0102155193365524,0.0176656220968802,0.00461203548578512,0.0283724939613885,0.012869916617771,0.0220177573569368,0.021588849827464,0.0273094276222243,-937.244313995953
851,0.011283824530734,0.0182630334889349,0.00681888836663665,0.0277074047602148,0.0107181140186267,0.0112660743480788,0.0170571716601355,0.026008219745441,-936.290338031634
852,0.012332344067822,0.0249873619921887,0.00694311081724346,0.0323770401764332,0.0132708812970752,0.0129128652076466,0.0168539946326309,0.0174662067133597,-937.504841045786
853,0.00327701740972581,0.0307513723572853,0.00432193521990293,0.0318911030622162,0.0113854956313281,0.0132614650071297,0.0183803470133886,0.0348451617204258,-939.164588626785
854,0.0128062134055966,0.0127342344276723,0.00730824908841963,0.0286255218010451,0.0108998006633987,0.0187953052861571,0.0176978337263204,0.0188966652548765,-938.561868510985
855,0.01282389441064,0.0272160908377218,0.00170185634792409,0.0169170187253014,0.0109632334530238,0.0120430650935968,0.0202827674619348,0.0392349846264509,-939.240680493568
856,0.0113265299205736,0.0271979537249718,0.00191301966171604,0.0309257254611765,0.00890450979191649,0.0159637291019986,0.0170980305479601,0.0142732039248355,-937.036981882483
857,0.0143963598640683,0.0253791755186676,0.00848820932411968,0.019397984711423,0.0114113025978709,0.0129627339828708,0.0136673958974012,0.0185169624469828,-936.698063954848
858,0.00527785541127282,0.0363196434384301,0.00425686966919803,0.0198223580823481,0.0127835974664383,0.0134605638949334,0.0201861222673961,0.0213464686146154,-938.017785528136
859,0.00752763483032717,0.0330498133985293,0.00425673806495369,0.0272975706205233,0.0116418967740905,0.0154838807503555,0.0132308469072533,0.0173527257043907,-936.744868819166
860,0.00706690096816951,0.0296258651280933,0.00213170723184588,0.0215514312411802,0.0137835752889364,0.0157580347807042,0.0181503958781455,0.0303664924055616,-936.502207132374
861,0.00781965557855108,0.017726207695259,0.00947859420566091,0.0422968872087762,0.00828430732226844,0.0135223590835257,0.0225594747312878,0.0314732534684419,-941.822882488637
862,0.00785079924159288,0.0203414062381624,0.00719175903765717,0.0223743903671149,0.00988738598919989,0.0140496700722391,0.0160289241331521,0.0305004069138023,-936.544142325436
863,0.00897371681339657,0.0206913414925407,0.00553279041328756,0.024577055889325,0.0121471310049403,0.0135089033700137,0.0242909102390746,0.0387350364353946,-938.567006211323
864,0.0148734155521101,0.0251655081082081,0.00316467804433152,0.0193587040668104,0.0122386483501899,0.0175788921497076,0.0157204385054722,0.0314247645562361,-936.62462821376
865,0.018890846935832,0.0198380922944741,0.00620277593468247,0.0168590716745015,0.00726068139586957,0.0164894776303473,0.0217077798698107,0.0299677874053588,-940.048924735219
866,0.0182925212920235,0.0170083144742006,0.00318558503022925,0.0360829412299462,0.0125731177998858,0.0139344090601025,0.0196839637124495,0.0236997121880584,-939.060705183815
867,0.0185494523010471,0.0205446485685232,0.000497513505682873,0.0327785057782962,0.00877678343866261,0.01612221561827,0.021915281757198,0.0296995028057534,-939.824432162219
868,0.0158937185457562,0.0250527735205058,0.00167955484981422,0.0264532571017838,0.00950693712846249,0.019791393398163,0.0149053625764738,0.0285650028744842,-936.743689281185
869,0.0155092237893016,0.0150579552629592,0.000782314792361849,0.0263401374418353,0.0110342348038777,0.0188085963203785,0.018397921460381,0.026178055964528,-936.847097491793
870,0.011823701771267,0.0282161528362613,0.00958413336916374,0.0287532092655366,0.0092468101424334,0.0176449851712407,0.0182112836282534,0.0197131235600935,-937.170514861217
871,0.00813593555753672,0.0293254567023158,0.00374031154647409,0.0104404094555056,0.0108393128962575,0.0172881023795763,0.0173855259724985,0.0267897538242336,-937.391145009132
872,0.00689486099574418,0.0278776646451254,0.00423780338100657,0.0345506474635034,0.00809333588427303,0.0178230053154262,0.0142251212867766,0.0125119885279298,-938.786393146345
873,0.0108009892163884,0.0202557408501525,0.00261615064191755,0.0175995932301418,0.0145773336083087,0.0134357555247633,0.0153799570744413,0.0131887000476231,-937.672093836273
874,0.00983829840024651,0.0209421908984964,0.00411317401864391,0.029689464824984,0.0144287616262561,0.018643875393946,0.0157611453080046,0.0271466746295743,-936.352911668448
875,0.00885125085604413,0.0250781753595407,0.00249513591968571,0.0201438718334872,0.00703059942990022,0.0181280635574356,0.0171666621465611,0.0253649845801338,-936.23917745628
876,0.00931982199390123,0.0257470332157671,0.00533128217923239,0.019515137896077,0.00840128524994624,0.0226219768551132,0.0212138634451992,0.0185619533287045,-937.58147477184
877,0.0112614411769946,0.0265901338181747,0.00316315120804264,0.0209999261903879,0.0140898507663416,0.0198488138952935,0.012111161537191,0.0197512358411747,-936.908546157459
878,0.00860581936825753,0.0239245548004816,0.00318344644380467,0.0204617804926963,0.0082930992957195,0.0194669260110382,0.0152304206428868,0.0162009199242053,-935.090697297254
879,0.00872123390796311,0.0260320081978568,0.00372472953853622,0.0172125004051411,0.0144275087460468,0.0173768457833455,0.0146572051634095,0.0195930857673408,-935.702378753117
880,0.0126059986808826,0.0184390551402711,0.00335875496497346,0.0212906690094387,0.0120225628800279,0.0195214356809491,0.0182685289558465,0.0222556942187735,-934.67510231521
881,0.00876320963252265,0.0285595368769289,0.00190377605573337,0.0195748034890982,0.0105937029425481,0.0196441904185014,0.0171551556810123,0.0276946492790746,-935.227416585725
882,0.0104238183635596,0.0175652455423113,0.00764312920430956,0.0217391979722446,0.0158344395337953,0.0132967687123652,0.0172598676616014,0.0190976325654227,-938.647659358049
883,0.01345986462777,0.0216341560956508,0.00373305707299577,0.0192646932010229,0.0105098518029456,0.0161659800212845,0.0172939352394025,0.0217023596350827,-933.861338271144
884,0.0178964211781908,0.020060222916979,0.00220976217241248,0.0288691751610815,0.0140790881395971,0.0224343763311718,0.0156558164990198,0.0184014638763927,-938.453770488912
885,0.0186809103487677,0.0223230636653435,0.00526929296735154,0.020431990078134,0.0119632167836399,0.0165524550781184,0.0202134916450453,0.0427612177861471,-940.803235429253
886,0.0055210395111332,0.0264410714785542,0.00578116589383934,0.0202581316121076,0.0115733374747073,0.0181055917049102,0.0210941968497704,0.0408175536682312,-938.551754608413
887,0.0137957966284543,0.0202844075253283,0.00813200613588878,0.0302147016910752,0.00972907755453226,0.0216402686754604,0.0229049657328339,0.0233377768932066,-938.262290019928
888,0.017139159257456,0.0149013014412275,0.010165889775318,0.0263388552737117,0.00910160303730768,0.01901207961439,0.01593856411034,0.0243257112097702,-938.126296144192
889,0.0167099704631479,0.0153702501294788,0.00895126276807716,0.0191833398143191,0.01306513189806,0.0197511891729033,0.01560306386122,0.0226582629856938,-938.996780504688
890,0.0164477571121877,0.0178476891302918,0.00261390370562001,0.0294159453103742,0.0117954086852133,0.0185245987389936,0.0187581116833171,0.0184577900723356,-936.330063279531
891,0.0156323968289782,0.0196333392731234,0.00269884274667414,0.0351025415411931,0.00858648801599255,0.0268409279098237,0.0171397253545296,0.0262788981748329,-937.822023994016
892,0.0196602477879511,0.0168413550092595,0.0130963304906536,0.0324009813040197,0.0084632873492985,0.0176979006565841,0.0206680468543468,0.0393814214597236,-943.198364871787
893,0.00979520284248087,0.0199542769401731,0.0109944480840735,0.0276531455759795,0.00780937307310695,0.0121739343155221,0.0205993311457211,0.0199173454582777,-939.564163355643
894,0.00751040954066958,0.0202021452602561,0.0122336336178808,0.0404375051202976,0.00933436599716193,0.0207053227197207,0.0143836200978613,0.0183047917147852,-939.658081451853
895,0.0119283281077074,0.0179442954000647,0.0131228952396428,0.0243813398151674,0.0103705854724113,0.0257446956164712,0.0135962262644283,0.0185387761465648,-939.275315721017
896,0.00715192808389883,0.0344362412521093,0.000524007196873839,0.0292281810526515,0.0125077427742927,0.0126851830777957,0.018110917220474,0.0238982629124847,-939.453852876098
897,0.00766530877733319,0.0216593168293631,0.0141758464521628,0.0226686185253986,0.0144112825107107,0.0198107536732571,0.0158202691567041,0.0251262981758215,-939.060565281203
898,0.00985549317221064,0.0264908915913713,0.0140020350892271,0.018065672336145,0.00993448243860846,0.0150549377267623,0.0155060186196011,0.0172910796426389,-936.992755902645
899,0.00848114417330226,0.0269952649416867,0.0116184453984296,0.0292004478240196,0.0113218589964168,0.0119235745340463,0.0164292216759638,0.0132999201155027,-938.550576358398
900,0.0100095333716136,0.0204632257212369,0.00896521908711333,0.0224778436784162,0.0105285694238445,0.0240960883067575,0.0161645838687331,0.0278549093192202,-936.659299890798
901,0.0124182427849369,0.0204280352304403,0.00779369686612264,0.0267767855079275,0.00875436223964909,0.0191996767603643,0.0173897191970379,0.0227737615497866,-934.972243235191
902,0.0125720363587292,0.026550102434994,0.0067928509849794,0.0192400246857168,0.00806614720251454,0.0237533994662596,0.0164140978274897,0.0206909832102072,-936.650090249001
903,0.0083281296455724,0.0240716323675374,0.00358932151968077,0.0191799342763721,0.0115348286994306,0.0148000431730619,0.016492246652457,0.0202312772210645,-934.13239219892
904,0.0146539624314806,0.0237096613279748,0.00318576166382718,0.0327991291253062,0.0109155369032392,0.0207923082916679,0.0171919110473644,0.0228607123176176,-935.878030713227
905,0.0103457744110598,0.0230124782214357,0.00328215285479168,0.0300499828817763,0.0149954046817009,0.0149836804942165,0.0187522772491674,0.018143811822483,-937.104811077825
906,0.0122245096513424,0.0200783101942242,0.005540346763876,0.0232797468967194,0.013708899911528,0.0203859444980914,0.0184710815834456,0.0243742986895136,-935.67538358249
907,0.0120291657393719,0.0227723689162172,0.00331219388775205,0.0261800733882482,0.012347844863316,0.0192440284197979,0.0177471016922573,0.0194619186892102,-934.476328637274
908,0.00768144215066307,0.0294079760464505,0.00463957306300651,0.0232668111026277,0.0116656241657637,0.0172040280501661,0.0144023723362491,0.0267590399002684,-935.449390125537
909,0.0116704121455867,0.0229614233041176,0.00439558746650821,0.0207967498543044,0.0120902925862531,0.0132387288794816,0.0168866503767727,0.0211091593394681,-934.268647702939
910,0.0130581926873975,0.0284440444415985,0.00575075019611532,0.0188689522744661,0.01241287534916,0.0136469155935865,0.0153190695978269,0.0228256294894282,-935.994504275988
911,0.00386566435327709,0.0286711209987719,0.00476216811454829,0.0198686522379917,0.0130924682178264,0.0128745025283906,0.0153975879442821,0.0134278876828852,-937.492858020334
912,0.00518857565399113,0.0254056864060896,0.00354732684252154,0.02709106860166,0.0127580142594914,0.0222085435120285,0.0155151038191192,0.00751788438305961,-938.952685107785
913,0.0118439567351158,0.0179168326057523,0.00497944536631828,0.0228031100405162,0.010622811172329,0.020291080118123,0.0167341384738526,0.0190571736371364,-934.521703767689
914,0.00931265640327505,0.0191217779973721,0.00357264335873176,0.0448270804560536,0.00826987708631119,0.0168023376242507,0.0143105777759646,0.01371317056701,-939.626993115899
915,0.00843758112114334,0.0226089820396261,0.00677835613950853,0.0131255933093975,0.012295960085554,0.0152434642082,0.0121406784130527,0.0191641158996044,-937.936395940605
916,0.0061153810980568,0.0229060064288259,0.00389111084895435,0.0291934805684141,0.0102920216201953,0.0220549045169791,0.0157404599698036,0.0225574246883161,-935.822352914357
917,0.0117983726378394,0.0214990421659573,0.00192488688533895,0.0259471852327544,0.0129220809827158,0.0159888309172731,0.0139048269002675,0.0212471205136639,-934.932180763199
918,0.0169784911277308,0.0293137327439378,0.00483260666521546,0.0288496892548963,0.00834091201054511,0.0173854824076293,0.0189966493086397,0.0228626948409259,-938.704574672597
919,0.0128416507184727,0.0186220236823723,0.00617832767498586,0.0238021384008963,0.0111289741640191,0.0241021874706174,0.0165741363049877,0.0237547074717279,-935.5435922624
920,0.0114033766776732,0.0245187452439777,0.00572776880258267,0.0232095027236806,0.010599088835964,0.0229743904008932,0.0142237186927424,0.0274093450938235,-936.119901627316
921,0.00976209387852941,0.0209046600731096,0.00428838428043197,0.0255503485373124,0.0112633154174731,0.0168944622013832,0.018803227830089,0.0261878257939826,-934.222022942059
922,0.010370287027737,0.0287751732304307,0.00237839771543406,0.0171728889294214,0.011113626917069,0.014196837650588,0.0218762877251802,0.0304668642815316,-936.887916649623
923,0.00897114299311943,0.0308393716851313,0.0052427885837865,0.0169017747291754,0.0113935060720081,0.0201754850469001,0.023164491088768,0.0272064071832217,-938.287486540881
924,0.0111910405422727,0.0330418079157854,0.00235169813274408,0.022576980318681,0.0107884396074835,0.0114685288755427,0.017964661177196,0.017853804307785,-937.87194282491
925,0.00940481124955267,0.0309174895493033,0.00321039917981735,0.0236966578605797,0.0106641755199322,0.0224988045410147,0.0101949673516855,0.014793825208002,-939.657303658668
926,0.00931474799680117,0.0255208729328574,0.00602236988674715,0.0230244420612912,0.0100136947876498,0.0174702246398832,0.0158864161145768,0.0238184868768059,-934.112924634998
927,0.0110711307182178,0.0198797856103959,0.00301281243960172,0.0313805534674451,0.00851327208937985,0.0204446340079706,0.0199769892944037,0.0259996261425825,-935.547821491196
928,0.0133628645581652,0.0205073352052927,0.00415213275794456,0.0170675647476944,0.0119023782050265,0.020692286924867,0.0198347384966342,0.0211566415191679,-936.003027659534
929,0.0102019602931546,0.0254593049567462,0.0015545568282809,0.0144962419114226,0.0124582857713121,0.0115837521096473,0.0129170613593066,0.0156555880780448,-937.926011848885
930,0.015183074900541,0.0290065190868401,0.00594098080445044,0.0246730687972675,0.0141999435019029,0.0118129169209655,0.0190419218775341,0.0260686238825402,-939.264358984665
931,0.00894729156823138,0.0270967864112141,0.00134383362989148,0.0122286622807177,0.0111806028357019,0.0244538976872461,0.0141535955178745,0.0244847295439429,-938.922336011712
932,0.0152003755187109,0.0276197017960787,0.00641695750011906,0.0345969943169879,0.0105720825840701,0.0176372286921806,0.0217444589109248,0.0279838463318767,-939.645331015593
933,0.00885050105926053,0.0221260925226934,0.00609407302657845,0.0128300040640956,0.0112480904047792,0.022484030229151,0.0167730089432608,0.0302761121588106,-938.310641933762
934,0.00848694006703465,0.027660502664167,0.00543684380699556,0.0223267554871587,0.0102650506767452,0.0284196268413682,0.0173805104102476,0.0240169382407726,-937.230630487931
935,0.00812722364316033,0.0346690733865586,0.00345126552394557,0.0255358722364347,0.0112230792695268,0.0190362768071654,0.0146632806706481,0.0157064266486089,-937.222491108529
936,0.00538586223705194,0.0339024522367839,0.00913806110260172,0.0173504137587058,0.0102594648693956,0.0175473094099162,0.0138802060692733,0.0276708508933616,-937.876418337379
937,0.0101037934884537,0.02494899346351,0.00675807014020275,0.0171455012013484,0.0114444651437561,0.0100791535441871,0.0224225239812872,0.0270069493288332,-938.336976874532
938,0.0160105160711051,0.0253045243787674,0.00525636436583132,0.0194401210431657,0.0143882113574488,0.0193119418836591,0.0148733575712522,0.0144161486373083,-938.430104171675
939,0.0041581440126966,0.0278446958120852,0.00679404955155772,0.0215060621545979,0.00970948861096841,0.0136223100677981,0.016217210222577,0.0186562599298174,-936.056730107679
940,0.0102037767731654,0.0207917121934377,0.00439956150721575,0.0238171886889737,0.0121891489646476,0.0208200405805626,0.017251128544286,0.0174840203280463,-934.652406530985
941,0.00989100669568477,0.0209720339837471,0.00839427214750302,0.0260763981935668,0.0113194521442328,0.0162268776940931,0.0173243586004151,0.019946768900866,-934.853497324471
942,0.0126643489633601,0.0205562090360943,0.00189614041088032,0.0200623658636846,0.00981350404476419,0.0162919318143782,0.019345711600901,0.0166347287745462,-935.458714864702
943,0.0122728649441993,0.024393784689474,0.00509871947235188,0.0196328213642544,0.0117767715573569,0.0156342125314708,0.0188194813421761,0.0249887986583129,-934.611177239926
944,0.00828997226750813,0.0248569938518102,0.00275578454855599,0.0320959741418924,0.0110638531481859,0.0213137948732509,0.0157987996498053,0.0251266577909416,-935.852556586283
945,0.00984112606965843,0.0172771086845149,0.00901644469605388,0.0294248699542099,0.0114380125649826,0.0111355305142918,0.0163720200968556,0.0209574445615419,-937.559186055652
946,0.0149483248456026,0.0252083821474498,0.00749153009067403,0.0265652484800559,0.0103959990131777,0.0125389289864368,0.0173052287328715,0.0249650811752359,-936.455784665304
947,0.00973018632458607,0.0234977312441047,0.0126172052335914,0.0264862054468258,0.00818601902819433,0.012635891779979,0.0170496965786176,0.0226328419230183,-937.528114242816
948,0.0120854317849603,0.0230037327144916,0.0114425277622559,0.0300622706313395,0.0090384120310572,0.0158325373497125,0.0185037305938683,0.0270749097034699,-936.86619597454
949,0.0100911888884518,0.0236609617553321,0.00898886813417756,0.0233597347825522,0.0121888872498004,0.0201204456250494,0.0192095963221449,0.0345630869081036,-937.225297513703
950,0.00819670306766562,0.0256064483525798,0.00123491412338984,0.0278546782850427,0.0108340024484582,0.0204899666330359,0.0222998461825706,0.0215938206489635,-937.675982119808
951,0.0127048690301586,0.0189784628862979,0.00265879650362548,0.0307441904624153,0.0116787010122297,0.0146631179918361,0.0149515827860272,0.0205232900016335,-935.01305659253
952,0.00719080042074461,0.025529551831167,0.00844060510768473,0.0185593181310572,0.0102951017708815,0.0166697183151514,0.0216656967626168,0.0331748033463166,-937.167438908766
953,0.0119098589970559,0.0204368808062732,0.00564901830623935,0.0225143492391658,0.0122381332285576,0.0156632839299712,0.0273772148182438,0.034870391137741,-939.637459918103
954,0.0123881781344833,0.0209759739055048,0.00543641355484249,0.0284865166787589,0.0118613365656729,0.0188048913857327,0.022439903054708,0.0281427594327471,-936.42615320167
955,0.0102599951190416,0.0304512249249965,0.00964767200324249,0.029298646105169,0.00920596763966104,0.0151708043621921,0.0194556418806933,0.0230315219829533,-938.035448158266
956,0.0105407243104867,0.0175545010984304,0.00345122171054532,0.0280527456995779,0.00794777843276707,0.0155743236144654,0.0166452522611119,0.0313832100941685,-936.89925339975
957,0.0172043379691768,0.0199896288311268,0.00548943957513164,0.0212751083840583,0.00750848348166721,0.013851373513064,0.0200479491329091,0.0266699693659335,-937.764490374027
958,0.0149716016308341,0.0176963375853111,0.00557509598386584,0.0198034515299839,0.00939326623342624,0.0163588998435228,0.0145942163672032,0.0219156983513677,-935.396622440472
959,0.0112718060399651,0.0273485475201635,0.00598111473679628,0.0275395777973192,0.0102929483126802,0.0204344920058158,0.0228306323276288,0.033830214819822,-938.090410164234
960,0.00870978848197281,0.0246937659689118,0.010879161604814,0.0274110734889349,0.0116013186297245,0.0128582149642759,0.0196892230054599,0.0125172700821143,-939.194629569368
961,0.0170136854649322,0.0278381538010024,0.0110257785516229,0.0238256654702795,0.0105935861509701,0.0183331748379835,0.0160920513304245,0.0113021102778193,-940.748834821845
962,0.00539583603127834,0.0263461248905414,0.00305962971409071,0.0187572664805551,0.0108676537683031,0.0153198847090056,0.0161012651893122,0.029069235712461,-935.897711141766
963,0.00327985548558172,0.0259165053034958,0.00641768838516229,0.0216042274674901,0.0109247553133334,0.0176569414034054,0.0202591827692171,0.0201505084172692,-937.598596031136
964,0.0189237211013008,0.0247911446361925,0.00124107081209503,0.020193247931767,0.00820913369242738,0.0186082532252502,0.0192922065702649,0.0270751020296897,-937.683887388786
965,0.008096891694377,0.0275079570559855,0.0105384114859648,0.0196399365028952,0.0132213211755218,0.0111233552557608,0.0185412145861928,0.0242633001089921,-937.410583518806
966,0.00930005076046899,0.0280854179981444,0.00773223395187264,0.0161604955775661,0.0087570650199689,0.0152132081559154,0.0163838141570826,0.019153955516013,-935.846984725689
967,0.00918775544513905,0.0275064147275612,0.0122356785960625,0.027674644648642,0.0114823654340999,0.0142325560579169,0.0162781001134059,0.0161530212080493,-937.325169086298
968,0.00618866674331901,0.0288714102029828,0.0101410962805541,0.0216480291830623,0.009438308011124,0.0132514466518716,0.0159042729637198,0.0284903494887338,-936.761063767536
969,0.0086598204322321,0.0196647741336007,0.00435748133346662,0.0267089976547628,0.0116882449526925,0.0149692467146274,0.0179783513781003,0.0247874032502607,-934.820895146014
970,0.0137023075233737,0.0237783405871177,0.0051018376671848,0.0448314904789773,0.00940997560495051,0.0210180552842963,0.0200109253283489,0.0345708000836705,-940.765809660239
971,0.00434906822686908,0.0278819522678394,0.00870719139068721,0.0147776216312005,0.012778966902624,0.0211764351198217,0.0194430317278285,0.0123703654336371,-939.890960137918
972,0.00792286476724619,0.027974633278423,0.0109578109916205,0.0220105027605858,0.0108904247436318,0.0185476076033003,0.0141245216702301,0.0263534523117483,-936.803972690904
973,0.00596740334948169,0.0244869059973217,0.0013425786987131,0.0179765128541195,0.0123244286366785,0.0173671839899856,0.0138722213268315,0.0199263410778754,-936.269494720005
974,0.00571092626316569,0.0281744961537645,0.00753324362284422,0.0206555086661879,0.0119864326865544,0.0195762386487751,0.0185088056893907,0.0218827857267193,-935.86326419746
975,0.00707210117275308,0.0243055466551124,0.0193563091961384,0.0313787958202343,0.012099359841892,0.0197707479763,0.0174013273701286,0.0186404173533846,-939.978561552557
976,0.0113046100340977,0.026746225956204,0.0217905253922792,0.0177117485864017,0.0106047319968264,0.0116564881869919,0.015788815708892,0.0141745463595885,-941.397173794022
977,0.00140510931387397,0.0337620646144732,0.0149288374813236,0.0204889592089343,0.0113627108099236,0.0258237132217673,0.0131459766917306,0.0255936190149092,-943.274584886265
978,0.00868027215093536,0.0182511890991407,0.00497831010178957,0.0337960392556691,0.00996268455926958,0.0210712593754595,0.0152042491866613,0.0224200525651224,-936.111001295398
979,0.0101298006653279,0.0161836839317467,0.000239568063455789,0.0305091561509112,0.0101332356766192,0.0239025498467246,0.0188959061291546,0.0197114720371256,-938.887748597003
980,0.00749030350911517,0.0214911355454078,0.0151662751449111,0.0222484669011258,0.00879826497089,0.0176299975503589,0.0181216406561772,0.026610178552893,-937.825550005365
981,0.0107679325381166,0.0169166122755263,0.00690658565283823,0.0181543704340113,0.0117701335972374,0.0228817079483232,0.0166492118253553,0.0185697898142625,-937.180523196273
982,0.0135589867224688,0.0204951753002201,0.00509941306982544,0.0143267962352633,0.0120966735928034,0.0110523598646177,0.0151608714453282,0.0190432425540006,-937.370993019462
983,0.0175301296316146,0.0207682241726226,0.00987672258323538,0.0293421582460034,0.0121147012412482,0.0274401891170828,0.0176339510857785,0.0272150624479349,-940.723376669948
984,0.0188530432805948,0.0168912647590907,0.00862975369693835,0.0196852038691088,0.0139204478550299,0.0296109579092666,0.0172477843476329,0.027383612284488,-943.229754730801
985,0.00741717041152864,0.0246718324065999,0.0102617278361482,0.0229727051233916,0.0126202355000013,0.0177622096486155,0.0160165680486783,0.0234371192841354,-935.856017984442
986,0.0118803138124126,0.0226744721685734,0.00254232129580225,0.0165692318625425,0.0098246836050738,0.016231226997833,0.0181881082240374,0.0230456807887799,-934.508374291489
987,0.0111829002129964,0.0257886904461602,0.00709012937738275,0.0266637562339112,0.0110086651885591,0.0179150454665277,0.0160042689398794,0.0238021178886242,-934.879124317378
988,0.0117309537046887,0.0212320389529581,0.00808066612263397,0.0197145554727088,0.0127562772711693,0.0197581246560759,0.0191913387399116,0.0218663893923557,-936.147383895656
989,0.0147884962163856,0.0175337156639779,0.00579281705544671,0.023532304396227,0.0113507141006397,0.0149198280523322,0.0198236765578079,0.0216554023685643,-935.977018608495
990,0.00880749913289654,0.0177040748154688,0.0104314000748528,0.0274256483894684,0.00957505815430428,0.0119645818868627,0.0130438002064899,0.0248644578355329,-938.887153422962
991,0.0150504534578961,0.0196395737045311,0.00575838539894703,0.0195409644808814,0.011099733779948,0.0202600406119839,0.0206919140666371,0.016077715141878,-937.642743282517
992,0.0104978902658581,0.0275216814217722,0.015121887792696,0.0245621380051076,0.00942618923868925,0.0188468035126174,0.0219677048343628,0.0214328883169632,-940.007165941608
993,0.00497059714981602,0.0276501411575358,0.0167121605315143,0.0290275112357171,0.0126654404684443,0.0207139905288013,0.0207384337474993,0.0234580337138987,-940.51248261974
994,0.00963320884786504,0.0188793887777565,0.0156371110066543,0.0228228712576499,0.0135682294472435,0.00993751503101668,0.0149236703199473,0.0183186145793582,-940.497764902802
995,0.00798869437072866,0.0275364701395893,0.0214312364435428,0.0266030843647645,0.0131764090207182,0.0200847252905881,0.0154491843180388,0.0198671386131952,-941.253693323209
996,0.0129833625862159,0.0187589580961342,0.0167413434499297,0.0215972470979579,0.0134659867594786,0.0188675074796231,0.0152348578446504,0.0252543544593169,-940.237980983405
997,0.00700858208435163,0.0194139248326328,0.0238400120139894,0.0326336294056042,0.0121434510128736,0.0192316545984781,0.0149353946516029,0.0307718273069557,-942.572914222612
998,0.00219378536248198,0.0311900866427738,0.00883132746601345,0.00647499710985363,0.00910301842809913,0.0216337889270556,0.0159444635444825,0.0164780090290569,-942.356786570905
999,0.00375144635449079,0.0329180886600475,0.00943130496479559,0.0293619789942046,0.0108205291201105,0.0164204164431467,0.0125268512493437,0.0211946173182881,-938.40895656836
1000,0.00695659142084124,0.0161540616648487,0.00402646973020774,0.0224848789867651,0.0109018068932388,0.0186973124343632,0.0103031904924262,0.0131676437714228,-941.827909727913
