"i","asc1","desc1","asc2","desc2","pol1","pol2","tran12","tran21","p"
1,0.0103978790662326,0.00902358236113742,0.0249604681271663,0.0102967112597933,0.01907992721714,0.0283541910083109,0.0317883610769591,0.0941078595680835,-982.808634048281
2,0.0117225400218321,0.0261145563596923,0.000716200564311202,0.0315463922254128,0.00459046358268566,0.0224719342421746,0.0357517593016033,0.0200316215763002,-962.623728522979
3,0.00925333074178155,0.0153293095534556,0.00161965406637494,0.0281019625606378,0.0108066246821245,0.0159390649367369,0.00618735308190181,0.017260488280001,-949.960329161401
4,0.0182531007159197,0.0228866782287861,0.00558792546376632,0.0267773185932815,0.011313982052706,0.0137231524341348,0.0193730953207149,0.0249593547359469,-937.131542628067
5,0.017060771663864,0.0206189724224076,0.00732134779958813,0.0328951946387173,0.0104005779373381,0.0230259741277805,0.0134669270833967,0.0224644057817641,-938.404981673118
6,0.0113408056055662,0.0207395901326112,0.0145691845254014,0.0273374443790876,0.0125862001623565,0.0142370817008447,0.0146494971121333,0.0211816273041982,-937.813056368913
7,0.0161616150121621,0.0298213390904095,0.000358943670346562,0.0192654154268931,0.0081679209729349,0.0219547080170014,0.0144790735059891,0.0245827871031423,-939.988057301558
8,0.0196511290148883,0.0115555167364377,0.00457941432398034,0.0328417746202435,0.00857316734727999,0.015218978433297,0.0187188116466825,0.0268202347103343,-940.148633181645
9,0.0181884700463947,0.0199486213764156,0.000242094277094554,0.0117837836935338,0.0110145199653579,0.0188823371885423,0.0154996103586646,0.0301415258960393,-942.123893636259
10,0.01350992717819,0.0267693956662882,0.0120486848078107,0.00973399477287301,0.0116095652081014,0.0129984916220407,0.0168191824158815,0.027955694893293,-939.766783862918
11,0.00695000956964324,0.0292491657974091,0.00164973617725449,0.0408974624371207,0.00887980442316591,0.0199939041296764,0.0167880211607117,0.0182256335087147,-939.76471884637
12,0.00901006575654683,0.0204186385819063,0.00734531041125772,0.0415869323029921,0.00696475406575314,0.0183619081843896,0.0145634409358914,0.0211738086594188,-939.644230079051
13,0.0139046987952271,0.0186293065891997,0.0043736236065922,0.0246798311521111,0.00682319180011393,0.0347511223218344,0.0169310303351229,0.0199725991068246,-940.527008734666
14,0.0142701933824769,0.0189648667982151,0.0110311223710738,0.0256486945718809,0.0100102015001949,0.0100695435491046,0.0175927131342777,0.0216228882743944,-938.389442497858
15,0.0139897216085561,0.021651936168515,0.000624248980956247,0.0142772241586465,0.0102764256666058,0.0278200409877873,0.0162590530502158,0.0165726387467176,-939.183548652309
16,0.0128941244745319,0.0225682418898111,0.00843843260341493,0.0207917891136438,0.012109981933175,0.00750881359536693,0.0161397555683661,0.0369747395852011,-942.165389827376
17,0.00926126259839336,0.0203802462788036,0.00978692799126109,0.0312526731701733,0.0123332689332677,0.0209749402435329,0.0174568614431199,0.0304897734024035,-937.431550149153
18,0.00938806547645118,0.0195014493653686,0.0049850629428958,0.0284559834598916,0.011338306867975,0.0211440469273449,0.0173211325494611,0.0141773673777979,-935.843382855104
19,0.0096234150295183,0.020549090901008,0.00595634139904001,0.0361450102523459,0.0092432088663288,0.0143757426282119,0.0155865023079023,0.0307537872167587,-937.571825100261
20,0.0150222517196365,0.0320991460359782,0.00409222528587956,0.0330917263240035,0.00854832753662466,0.0268085381848373,0.0188246790947292,0.0277677845156209,-942.316835543642
21,0.0104984237125659,0.0346576699898469,0.000952205395289976,0.0152706304682216,0.00719689513441166,0.0208467885698312,0.0183292480345215,0.0294050439465004,-940.145304255103
22,0.0196111731125057,0.020287084068359,0.00544727638943808,0.0323245415652364,0.0113649927637432,0.0242083142570429,0.0143152760334082,0.016306064783057,-939.297968492722
23,0.0179960606807592,0.0159750941666967,0.00888124486190244,0.0328176726417501,0.00896986135888391,0.0160194249337489,0.0137972439684073,0.0238448811543473,-938.982186983091
24,0.013113637057717,0.020764416318731,0.00563729111167756,0.0361917702554997,0.00834729642456055,0.0150884528835304,0.0170772787196892,0.0129395388211028,-937.942293210128
25,0.00773820570480697,0.0192434541132185,0.0070696291106276,0.0341208587791168,0.00925706065086365,0.0216369992232963,0.01339890202332,0.0121611764833428,-938.553916199259
26,0.015190906284057,0.0202895772109874,0.00714678345791011,0.0165381295248559,0.0100763524585388,0.0190200007271821,0.0129267911633905,0.0247241804070821,-937.396800766594
27,0.0110862247706014,0.0241573188912497,0.00713223377830883,0.0248964883264529,0.00826023472371898,0.0166396989026848,0.0149462389753467,0.0160242362375418,-935.428428196644
28,0.0137619636868661,0.0215383017795315,0.00466694308219407,0.025605288389963,0.0128007034740614,0.0175957090251161,0.0151162271603638,0.0162933450493164,-935.08604599077
29,0.00838724307980392,0.0275068577181054,0.00554913078445916,0.0365290873407794,0.00827958796404648,0.0148801868857872,0.0168209699199472,0.0329629835982074,-939.332204187765
30,0.00650693095477429,0.0169919778296569,0.0066090495168971,0.0201549331398244,0.0128860961472027,0.0260964954178459,0.0186756113225251,0.0311918126181734,-941.041970725593
31,0.0129178656706791,0.0193131087243792,0.0062676350105543,0.0366306424406563,0.011760195301453,0.0143895937146497,0.0191287838419833,0.0358603204963929,-938.374143045147
32,0.0079014367778417,0.0323374438766541,0.00985723333810995,0.0265905484608421,0.0134105962703406,0.0134172682698187,0.0173127543225472,0.0220628538022934,-937.994285122724
33,0.0127689821345045,0.0169803378029855,0.00536240416664058,0.0482925616200785,0.00721452992916422,0.0272631351241168,0.0179796564073095,0.0179713730387162,-942.041745375841
34,0.0113716521581245,0.0185894800580277,0.00115385275841823,0.0251555338924521,0.0112264351879267,0.0279962861726136,0.0167603522226686,0.0225802182111767,-936.720469355938
35,0.0116836577624413,0.0217072206462526,0.0058046027988476,0.0179438096179572,0.00756950269101894,0.0270332450860116,0.0186074169369758,0.0216789962427265,-937.673791732642
36,0.00765589778446864,0.0237474256233705,0.000546879546711884,0.0325597896831912,0.0113051281890579,0.0200440261395884,0.022513007370544,0.0326463569835306,-939.260712572941
37,0.0132957352680199,0.0240204950933193,0.00288218881630744,0.0143582849562132,0.00814309441062397,0.0235603127952968,0.0178878175940744,0.011263330138005,-938.971460785831
38,0.00903961146060136,0.0269236363484337,0.00863856262562114,0.0324381333051905,0.0130886125709954,0.0113010995175015,0.0144310329150682,0.014439761416654,-938.957249948724
39,0.00983680189918188,0.0318514326670969,0.000440931322936292,0.0210061923602985,0.012670232792172,0.0256507077045334,0.0166538066387676,0.0253960971910265,-939.900718446484
40,0.00614315156816721,0.0221654396733274,0.00763249254249557,0.0209772128560018,0.0102198653384505,0.0167181829862001,0.0157743165389408,0.0134971119887145,-936.637949884404
41,0.0133841478936163,0.0203472315909851,0.00503717832257489,0.0267952251582928,0.0100518271771383,0.0153089526759983,0.0135332879580074,0.0245051315411012,-935.141608219824
42,0.0109704118130558,0.0226901638060104,0.00226650248301301,0.0202862146132437,0.0110797649480213,0.0134155569434006,0.0190945940285592,0.0277336147350302,-934.824481830921
43,0.01092945280816,0.0266938495542967,0.00348749883514319,0.0290537374315732,0.0102256875008625,0.015173731055249,0.0182653026223874,0.0355404400744813,-937.003796140155
44,0.0115658395318823,0.0263841278565978,0.00353990881239346,0.0295528305797174,0.0114217270555456,0.0241783618321146,0.0196418040341938,0.00979883874906088,-939.902421739754
45,0.0092189641558263,0.0243783820214875,0.0106988337217612,0.0304225721099279,0.0103215928246962,0.0155260138291402,0.0154137049375503,0.0205848680946738,-935.994465867715
46,0.00815153929809216,0.0209475716534914,0.00487169401335652,0.030293966727381,0.0124142042100742,0.0135773717339015,0.0174914515143545,0.0227869277360429,-935.546681417814
47,0.0121930606253184,0.0248368221402923,0.00169922991160126,0.0238556810531129,0.0117697346960418,0.0259964967615409,0.0151268873758095,0.0238680829704535,-936.490413869276
48,0.0062884520149416,0.0250285811921241,0.0063456813327405,0.025014543782046,0.00916590946376131,0.0139917386889196,0.013958012191635,0.0176494673185159,-935.847365841048
49,0.00618268947325533,0.0248348408707242,0.00515571696885917,0.0263841589196608,0.0135130208058773,0.0175551389144527,0.0196306874465806,0.0272909674140271,-936.095114286414
50,0.0127954403204425,0.0227122181168836,0.00404541296098589,0.021767785277252,0.00836071858216778,0.0208170121376564,0.0153790651206868,0.0134018114401284,-935.452972106179
51,0.0123225925616998,0.0191211072017341,0.00258261995444068,0.0267414004609603,0.00647405896817559,0.017592632501121,0.015206441287872,0.032947440901455,-938.749137898819
52,0.00928228982297529,0.0296259314849487,0.00332686650005492,0.0215920916672615,0.0109609957692594,0.0211015460931615,0.0138724387101188,0.0160097921893379,-935.68774432164
53,0.00504615710630924,0.0242214826621347,0.00234318209639957,0.0281326790485576,0.0142684062850207,0.0129970425917483,0.0145128888700541,0.021317817097315,-937.427506304973
54,0.00552979708198677,0.0273895151987213,0.00429655196509769,0.012410885077229,0.00865974639232885,0.0194539606326458,0.0185140258357842,0.0224822276809427,-937.775003568308
55,0.0103158555140668,0.0270666360406419,0.00943686967814451,0.0189459082463299,0.014574938789141,0.0183180664248524,0.0193562395744187,0.0212765547038943,-938.135549477346
56,0.00461056758700211,0.0289929343437074,0.00533063860952391,0.0199710269670201,0.0103009738078425,0.0184991598454236,0.0147446258429047,0.0268624139601247,-935.996346106636
57,0.00228001472225445,0.0461345131501668,0.00489969721470778,0.0164171800613867,0.00976904395563987,0.0180944265640042,0.0188652395197562,0.0271213758774529,-941.828531939002
58,0.0074754393007779,0.018446134348594,0.00490884604507143,0.02953363622087,0.0128274207142435,0.0166442259376518,0.0180474143427707,0.0210508998381778,-936.390004201002
59,0.00916458816591031,0.0237046599456467,0.0070114663717219,0.0290365022420659,0.0100463535085783,0.0244353932487317,0.0172652391138039,0.0199425816389421,-935.8553637852
60,0.0106844856680521,0.0281145368940741,0.00345730878855681,0.0203222905565271,0.00925765482212571,0.0270314861704706,0.0165681070260596,0.0191453361116536,-936.694318698251
61,0.00996936887829948,0.017806261678515,0.0024911337379302,0.0261346249763253,0.00890033769064751,0.0112383238136667,0.0149276017084965,0.0171354305584338,-937.105671172663
62,0.0160199785393255,0.0222063610386998,0.0021352995392002,0.0257377368988643,0.0086065906132845,0.0241255403874583,0.0141997630377294,0.0138170819332038,-936.87384945516
63,0.00696609942990716,0.0276422080566732,0.00805952220530068,0.0236737245595279,0.0144005896451663,0.0212391933764639,0.015392585941884,0.0297462800118439,-938.332765620166
64,0.00496591768433405,0.0218265683848997,0.00145707212842402,0.0204700743149511,0.0114052301448217,0.0327421594318162,0.0161347245479109,0.023373832954233,-941.098335849708
65,0.0214636176073805,0.0181219694024255,0.00278156197185539,0.0243528194500363,0.012345886870697,0.0116489223292876,0.0218518028592743,0.0220438396908368,-940.26570875896
66,0.0137365540661005,0.0194666971119721,0.00458632213602697,0.0210142459574153,0.00954876052077593,0.0235376934430689,0.0162475807597755,0.0186369234461162,-934.930076585973
67,0.0140230931236981,0.0180042168797246,0.00292211126033656,0.0340621131319807,0.00879497166401581,0.0175851712122777,0.0161468069118892,0.0234894799857531,-935.56943363441
68,0.0168556584341487,0.0230311526882347,0.00296532617416719,0.0144227632814578,0.0106750983016866,0.0153688684296366,0.0176797248270067,0.0199113839958823,-936.371381358215
69,0.019078994531745,0.0147006463869363,0.00308922514976443,0.0173352458172643,0.0110401192386584,0.0128581886592862,0.0139995856243837,0.0192629608434653,-938.136645443934
70,0.0151766826695017,0.0269475963250175,0.00580973751864476,0.0186254710270758,0.0106261027035294,0.0141537365142904,0.0156296453472608,0.0227337081982005,-935.788882453538
71,0.0124416726470054,0.0190282526625071,0.00108537708289,0.0231004269916584,0.0122914196362206,0.0213804354577956,0.016234437867654,0.0168129019099605,-935.587777223868
72,0.00707341937396378,0.0226973395770196,0.00642233481908075,0.0330779077641754,0.0106668758319003,0.0189196269111251,0.0164556034072956,0.012283861622501,-937.105635929233
73,0.00537372828915296,0.0254855054579088,0.00594016759959412,0.0152321679319459,0.0110850670238882,0.0172059925973505,0.0149526774412397,0.0171714580631772,-936.256109929538
74,0.00512207097826779,0.0235573320515738,0.00260282434254792,0.0252858358899237,0.0130927979355768,0.0224465456390091,0.0146613031023945,0.0262469176222153,-937.446411495984
75,0.0137953664563575,0.016623249454325,0.000851315564934997,0.0351530897185478,0.00704624303565157,0.025874635854188,0.0172334014781212,0.0195823159921432,-939.271016288279
76,0.0175053929039946,0.0164674034653873,0.0125420349865819,0.018493809325671,0.0106341914192111,0.0228742366305821,0.0159674816512012,0.01791772366932,-940.149096662582
77,0.015731836705681,0.0246137804103239,0.000693958758080304,0.0272824367029448,0.00961779205336177,0.0249492869969988,0.0154807212112384,0.018426316056316,-937.362155172725
78,0.010384072635401,0.0228082387957196,0.0118705263687077,0.0259535933097782,0.0106110091175146,0.0244736286340942,0.0161824643529671,0.0138746376806382,-937.710268933006
79,0.00326542896280055,0.020272167881565,0.0144132814985556,0.0243488915277045,0.0110156717667613,0.0203893440782921,0.0165333025853536,0.0338869053613979,-940.739429534465
80,0.0105128903556541,0.0248568632403667,0.023544952862367,0.0172541296944832,0.0114406523770081,0.0105380108816449,0.0160802005453358,0.00897744873747124,-943.704523887372
81,0.0118317737245033,0.0259626438199265,0.00691901984372352,0.0350313285285024,0.0106941342698216,0.0113674356335341,0.0137910424463123,0.0105336868522137,-940.186998510388
82,0.00900425533068375,0.0238869255501093,0.00386473622658773,0.0299278348147743,0.00814218110445941,0.0293201904653536,0.01465328378449,0.0355189679624909,-941.030874122865
83,0.00705964232257754,0.0255637439395863,0.00809854699338445,0.0200562136122255,0.00936486912594843,0.0117922578055321,0.0239902262941027,0.0348913822271439,-939.325215273951
84,0.0127495190568942,0.025836478675974,0.00978226361261155,0.0232355529031375,0.00820333699707999,0.0218928481849616,0.0159205063384098,0.0163162886190113,-937.194492794262
85,0.0131510614566757,0.0218212527876951,0.00815434008150476,0.0224352122172003,0.0101815431848317,0.0168570586721706,0.0135474071732722,0.0222629287632875,-935.322211522947
86,0.00689077624624156,0.0237828154695498,0.00281009562183784,0.0229199912510343,0.0116511739088792,0.0150730195508232,0.0163986396911648,0.0111206757802729,-936.652614583858
87,0.0141306305823615,0.0247403486610435,0.00426492940856435,0.021865580740791,0.0111241365937239,0.0208732591906114,0.0150537775645602,0.0310816422682673,-936.571353913817
88,0.0108396054443096,0.02566631671126,0.00676185309407572,0.0222829561700523,0.00961364506196966,0.0122007630236014,0.0131086005370703,0.0143413422256942,-936.530472735101
89,0.0102273786909691,0.0264402562470793,0.0044078911532603,0.0155228240523366,0.00971277594270838,0.0214249449719168,0.0154283672656825,0.0223972271550648,-935.318332949435
90,0.00899113659676934,0.026580133966168,0.00533193232310131,0.0198902046427225,0.00981449315621089,0.0137411477150895,0.0131102502321161,0.0144139878356423,-935.743462605468
91,0.0133612776121889,0.0244751488244671,0.00693571353045069,0.0182976287199758,0.0114358847378383,0.014376807431444,0.0167604938032072,0.0258421879549432,-935.32224374492
92,0.0120365457558895,0.0220467822744097,0.00797174809729375,0.0267289294067056,0.0104680264497636,0.0174613088925482,0.0173078948065444,0.0245416102210647,-934.628013297294
93,0.00768682628904877,0.0295955196053251,0.00425043344004976,0.0268139034553251,0.0105430141102714,0.0185810389223656,0.0196623242101087,0.0258816725152618,-935.723127570918
94,0.00599018047365743,0.0276927372015369,0.00358256504004103,0.0132982628106747,0.010772694552627,0.0234020166528464,0.018791994523088,0.0219985791274766,-937.500651093658
95,0.0125980048149449,0.0278563387606674,0.00459254041626877,0.0151835653301199,0.0107537439944883,0.0137555396878389,0.0158876644286185,0.0273637322259934,-936.159562923281
96,0.00813274018589986,0.0275780529839709,0.0202247551528732,0.0253523816858688,0.0102050345505943,0.0193699271173282,0.0163249815821016,0.0121981427649912,-940.498578319714
97,0.00792250170581771,0.0274076562851773,0.0197001687231557,0.0217228490555516,0.00985573459172015,0.021804040761911,0.0150311901744557,0.0196499554788088,-939.628083869593
98,0.00569277365171285,0.033439456813315,0.01609232243865,0.0226532404706153,0.0100879984366158,0.0173282809701135,0.0170841928342027,0.0112467697715483,-940.657484801914
99,0.00492234419078809,0.0263190044024236,0.0014455954900248,0.026267410474332,0.0106019430894187,0.0171118336891041,0.0126456610128336,0.0160896472858691,-937.132519589775
100,0.00787232042213544,0.0263614285721699,0.00155595532779735,0.0156047548786504,0.010359796885496,0.0188244584562653,0.0188529215007466,0.0169094675567513,-936.594477715388
101,0.00870172604857971,0.0278067172424804,0.00230220228660904,0.0160468186891819,0.0107908959000681,0.0191499335042688,0.0179142393605139,0.0256496994365567,-935.247429016675
102,0.0114756811986553,0.027143215110091,0.00303046314313693,0.023466865637027,0.00646316259746735,0.0198144129183481,0.0162836854013677,0.0254431435864479,-937.168454455334
103,0.00510148206313193,0.0239509311840952,0.00495132705586108,0.0193702892104378,0.00806812554591602,0.0196287605608438,0.0139931478956026,0.0242647569759432,-937.557769069437
104,0.020729519314042,0.0189819178725773,0.00691432234461377,0.0209765683214279,0.0113300576921832,0.0267045673101921,0.0195844892231217,0.0265842497888504,-940.445418209581
105,0.0161495832735784,0.0180755574094888,0.00117043579653864,0.0181029919865595,0.00985192014345704,0.0181999650964594,0.0203897986556798,0.0368574767334327,-938.332621353573
106,0.016252002417765,0.0259282253743688,0.00784204059991748,0.0153947959059186,0.00935761406081818,0.0145404179985302,0.0202569997730962,0.0192980241365088,-938.802051479673
107,0.0114343012521647,0.0251077897998842,0.00718889775364256,0.0288389739695109,0.0100141335706944,0.0118520647745583,0.0198342829139762,0.0330702554879489,-937.456164349892
108,0.00851164843823413,0.0313781359387958,0.00481017618384971,0.0101072314371795,0.00991403455616297,0.0193845854767853,0.0196110191390372,0.0253259911558278,-938.234911742205
109,0.010843972001396,0.0243780657828146,0.0038840078696134,0.03052334356832,0.00865118224609706,0.015488059751335,0.018781581160057,0.019575941859926,-935.5956024249
110,0.0124191519069574,0.0235002644198854,0.00437009270768671,0.0279424276750412,0.0143422112346319,0.0153279903721231,0.0171506982821086,0.0221612346534284,-935.757071888892
111,0.0106551755388013,0.0242693597736511,0.00339036189046545,0.0208402332331811,0.0168279878346855,0.0181635725355618,0.0148010457403647,0.0217691209054466,-937.07569499523
112,0.00888907335040314,0.0229527212255433,0.0033865465712962,0.0227423764645695,0.0146224967958006,0.0120545293517227,0.0150989622392469,0.0199693458878248,-935.871496355604
113,0.00661038442898351,0.0279028741632151,0.00492280092675643,0.0231770378768397,0.00998034619808416,0.0200541940985854,0.0175294777148184,0.0247672756953567,-934.879097687428
114,0.00845737930190003,0.0179076633544894,0.00512567847990186,0.022204071748527,0.0139539840612291,0.0221076819004756,0.0153899160703713,0.0183512119904911,-937.060544284404
115,0.00750263049352037,0.0245198397193633,0.00102223903316403,0.0147796720917805,0.00859469255003234,0.0294810025502868,0.0166166528844121,0.0236314470596416,-939.834038775387
116,0.0121574934619284,0.0200385009428547,0.00808559942443324,0.0398427206830396,0.00828641762678107,0.00990952410759137,0.0146739074378927,0.0126588726577075,-941.79005271361
117,0.0180159379204505,0.0182997377171959,0.010330593760943,0.0214768728714189,0.0137552970638161,0.0168394392677086,0.0143258505249718,0.0127934779890429,-940.545614551286
118,0.0174760922638664,0.0227351101728245,0.0016460424541199,0.0205510229094997,0.0120132979052845,0.0166784556144536,0.0152500485573487,0.017913383732356,-935.784934805481
119,0.0131535804839291,0.0167814480073705,0.00185366624606016,0.0290036912097091,0.0120098855055239,0.0168373699941861,0.0171739585178186,0.0201742390738372,-935.439144875461
120,0.0157186708028759,0.0215953380056255,0.00062107536645333,0.0265168882488666,0.00971095083680837,0.020358357245453,0.0169810008368014,0.0267256124644677,-936.022229322383
121,0.00851011901905713,0.0165322495073918,0.00592157130904822,0.0293733333596289,0.00848828345749255,0.0199453384596501,0.0186019838969838,0.0376260793048879,-938.942884592479
122,0.00984024684293296,0.0286993114387582,0.00729987952079017,0.0278845989561737,0.0108850237411554,0.0202139127590746,0.0149960756093359,0.023973153759855,-936.269946241492
123,0.00902076144950843,0.0238268826803681,0.00732487703294372,0.0274868713148446,0.0122703278132635,0.0151074863462766,0.01529436256791,0.032437942237887,-936.833497603284
124,0.00970541250094474,0.0251839585529674,0.00421115260443094,0.0154846751814686,0.00920653888480804,0.0148551400836485,0.0222393571758005,0.0254232600661211,-937.013051006865
125,0.00807517940528005,0.0275248067070329,0.00414477491887522,0.0240099318275055,0.0147381599315028,0.0206187594293272,0.0190944619960993,0.0292165499039594,-937.112585803496
126,0.0107085524272829,0.0229511878988627,0.00257840449935101,0.0309769169912634,0.0139052031510262,0.0251547366791467,0.0174325639466034,0.0330141925232077,-938.850329575772
127,0.00741713389138785,0.0186757938849589,0.00707584577838088,0.0242344243708518,0.0114942246422981,0.0276650368510116,0.0191532099664489,0.0233328125766454,-938.456209082898
128,0.0127930233048188,0.0224663777747177,0.00575515775940885,0.0277819587916184,0.0100323688330136,0.030108377185689,0.0169908968901116,0.0167580194991139,-937.573066376648
129,0.0100361186947861,0.0184206462487712,0.00517097664113033,0.0305705307503625,0.00794575149140913,0.0284432630668072,0.0207090096381222,0.0333252592785701,-938.972569646363
130,0.0116491549412869,0.0217890848851311,0.00396785349719754,0.017387284911904,0.0124231132868021,0.0187915489057898,0.0189207549657358,0.022855218063367,-935.01312936703
131,0.0090267540234142,0.0266649387814129,0.00291973332400174,0.014231483109122,0.00936493055416255,0.0201552279582143,0.0189746937836245,0.0253860956027269,-936.076074064527
132,0.0108283471413426,0.0255584185140732,0.00454485994794693,0.0315456973427936,0.01007763523923,0.0166937984953237,0.018113304161945,0.0256760783817461,-935.255574011526
133,0.00856308627992091,0.0221658968450895,0.00150509004797772,0.0342979151921901,0.00687714032911714,0.0214151601139978,0.018535969016154,0.00962008192548891,-940.955589755356
134,0.0131855040923875,0.0154468507481711,0.00511367492480212,0.0242374746110265,0.00877954453073417,0.0177843717026435,0.0143946839829769,0.0153703876329045,-936.467453572591
135,0.0113426886713635,0.0159328392444147,0.0022828505815902,0.0234681271797127,0.00977086190836264,0.0174031125067609,0.0184836475569561,0.0335916125155228,-936.767036723067
136,0.0152569378048862,0.0232295457694815,0.0031092526142363,0.0210002752003292,0.0105725043507928,0.0118264551285215,0.0185583225073966,0.0206677867009807,-935.643170989269
137,0.0142492547071315,0.0230260002419513,0.0060247050817431,0.0226572166849437,0.00806788292906153,0.0256812261719781,0.0137447292039993,0.0244065131142733,-937.445702732344
138,0.0132284999409039,0.0236593597381343,0.00586073191569154,0.0255583103775617,0.0133361480839327,0.0115074362203742,0.0191417410909618,0.0311207235064601,-937.225793470028
139,0.0113709874036838,0.0225762943231069,0.00964478812498806,0.0190355847411623,0.0077106551648511,0.011132759063617,0.0187259765214676,0.0244605524765865,-938.314786903725
140,0.0106389066426735,0.0252366892233972,0.0105617009933501,0.02068261476808,0.0148378190755952,0.013447728820241,0.0122348701167393,0.0155710400183788,-939.150470304701
141,0.00924449164688734,0.0227958191006684,0.0114209479586618,0.0224268150997421,0.0130174535697161,0.0102256709071598,0.021714210716015,0.0365538554895012,-939.82202280809
142,0.00820689886053254,0.0313703152207803,0.00418390664838091,0.0254593701347522,0.0126912773378307,0.022895439272603,0.0161894104201124,0.0378561482757098,-940.462492053319
143,0.0180433500513994,0.0280261025650021,0.00517987141458077,0.0167508507424864,0.00897685011498655,0.0249114786346037,0.0203342805484376,0.0288134410865905,-940.268619346031
144,0.00765031914692952,0.0307990028445081,0.0123353178749127,0.0192942789796336,0.00816184914200407,0.0185175733086049,0.0152617218368915,0.0249869429322378,-937.866055922402
145,0.00969877658607976,0.0332121402491227,0.0232263889769008,0.0301617723854324,0.0100226609826087,0.00746489724849038,0.0192332802522269,0.0227695324264389,-947.221236877896
146,0.0024972452644458,0.0289532058152887,0.0195439275465331,0.0278019789525826,0.0152000281258877,0.0117659591689104,0.018808237421083,0.0238205743194022,-941.817052318725
147,0.00320282436808765,0.0238634097567823,0.00178720970675123,0.0344117314116136,0.0165555244835397,0.0218076676682125,0.0163528631067398,0.0171801324512834,-942.378194524207
148,0.012987232323228,0.0243339110931229,0.00772048390636083,0.0183253919415388,0.00920958395630962,0.0135430040493605,0.0126648969590404,0.0190203997830292,-936.453454132477
149,0.00906247814408596,0.0366552904135859,0.00438698138243568,0.0157534724364861,0.0101902748599726,0.0160126106330396,0.0175814970378074,0.0255146622770282,-937.217897955472
150,0.00856143737242684,0.0334670586409358,0.00165222605363019,0.0289280360854939,0.0101187100929995,0.0145026373519727,0.0160850205786425,0.0177709698660954,-937.363709699973
151,0.00226186848077782,0.0336630240928917,0.00214097675374664,0.0250586590937554,0.0135602007631996,0.0247920343798082,0.013764627725779,0.0321977450283234,-943.156270145603
152,0.00386572254017113,0.0337682621198323,0.000645467090056833,0.0194443096790828,0.00928372932260762,0.0168606396358519,0.0168059985981233,0.026911149844979,-938.317748703747
153,0.0102317796239028,0.0294126055279943,0.00451561676563842,0.018687541638967,0.00911854777539107,0.0129039901511561,0.0146120935853609,0.0269389732434799,-936.260932361371
154,0.00522675364186944,0.0330487396059836,0.0056080591230321,0.0172868164154261,0.0111354126273209,0.013460735926799,0.0186087126303382,0.0210193727702679,-936.324251885448
155,0.0084706498625068,0.0216952280997642,0.00584736949222054,0.0266911868684369,0.0118933652111001,0.0266006906818603,0.014626505875256,0.0204432832739372,-936.607633679995
156,0.00882100648533401,0.027788582238305,0.00189490689434432,0.0175159273688678,0.00861111526894283,0.0222781545044312,0.0154775272243361,0.0155142801191435,-936.378855398793
157,0.0150728778272188,0.0156523772075732,0.00531051356796169,0.0214046148814613,0.00753454013672587,0.020931581666461,0.014456393478528,0.024214104069781,-937.467021200943
158,0.0125993343439833,0.0154253941502834,0.0066013165981812,0.0181101032871293,0.00937809850769061,0.0188581020148133,0.0158749389294291,0.0186483979288985,-937.028376019266
159,0.0164353536504585,0.0236569348371614,0.0119770153618838,0.0305864309649205,0.0104063785231941,0.0264767651250146,0.0159769402783835,0.0238313834968982,-940.298224956853
160,0.00884799016938372,0.020780443831053,0.00176063071056284,0.0252552043888795,0.00794977369040686,0.0296581057321629,0.0201175728893351,0.0262320006849497,-938.535298751044
161,0.0166727745839943,0.0240460722319492,0.00146200372190138,0.0146207805194128,0.0119832057795577,0.00932702887502429,0.0133161278238905,0.031579075194978,-942.261182409854
162,0.0140767124834422,0.0254053944740218,0.00345267373298297,0.0257876360092293,0.0117266554596542,0.0196745881413637,0.0161260101444155,0.0232369873031791,-935.04790925222
163,0.0104753904186472,0.0257273123649504,0.00818306979624257,0.0244567371319937,0.0105286391212277,0.0142667631797019,0.0170303554217073,0.0215391784788757,-934.86875282362
164,0.0114529509666256,0.0283542181884329,0.00973191494331773,0.026389855496735,0.0110051818952363,0.00948832464990914,0.0139149599843648,0.0221647038242628,-938.758778426515
165,0.0112949372281765,0.0200080365935215,0.00509953382859578,0.0275234898475139,0.0120176351896506,0.0121895563581705,0.0158516129259203,0.0236621081486532,-935.170003385943
166,0.0113712225988517,0.0214997399322693,0.00140794168970081,0.0209558970237444,0.0100830573938131,0.0293800422910479,0.0154929419259511,0.0212959695496979,-936.7032281934
167,0.0138882564885946,0.0202856725280719,0.00541825436209076,0.0281541590702981,0.0102492712871858,0.0235117860013627,0.0170582703853189,0.0171682876720059,-935.445323049143
168,0.0161067250023219,0.024446954782767,0.00745998125390622,0.0205046756234809,0.00969065128450152,0.0235567704490336,0.0200148752935108,0.0352811687869474,-939.044385013918
169,0.00475982777337049,0.0314104034851558,0.0045568205222342,0.0263790983186837,0.00909743330647794,0.0149138413860834,0.020382055777693,0.025088136565848,-937.069547131792
170,0.00592541254576166,0.0269100076733889,0.00327754199513262,0.0329856922020272,0.0122244948110235,0.0124247431617204,0.0149863710981126,0.0223841889459214,-937.028581684995
171,0.00857996580881889,0.0204185731394939,0.00167961073894238,0.0185071533368828,0.010974214214963,0.03246346587732,0.018437280855701,0.0217615984958177,-939.349550446735
172,0.0149217974911632,0.0203948057219107,0.00529561156565336,0.0345371623226971,0.0112286591284616,0.0120285719373464,0.0168820794261848,0.0247904522636853,-936.940206215548
173,0.00898258005964263,0.0209872171688114,0.0142451054423927,0.026377742440046,0.00814470033807078,0.0230837748799859,0.0142423287205162,0.0197270552526661,-938.72484422449
174,0.0110789059909245,0.0261387739325551,0.00811124349963765,0.0226700901763665,0.0106827468084811,0.0132030135494397,0.0179570041587214,0.0214432115746728,-935.326111154153
175,0.012074244463176,0.0194661296354802,0.00648584042897157,0.0207967801460748,0.0102229492231119,0.0222343727273366,0.0176796635272828,0.011801898281481,-936.939915218908
176,0.0137551554125492,0.0179587207405542,0.000462552758803014,0.0217166685377163,0.00995165446674516,0.0240498548385759,0.0185016643363138,0.0265416709717518,-936.95472838325
177,0.0156008256811145,0.0233976067311137,0.00323007422098859,0.0269000426112297,0.00967939221271664,0.0116652562456631,0.0208950970267841,0.0322410932723274,-937.616919824365
178,0.0144154189718214,0.0194213171065835,0.00522159871028609,0.0275291063392219,0.00986293392069958,0.0255756901986291,0.0158058338493576,0.0329259437671122,-937.719657095065
179,0.0145443616579654,0.0205866717690405,0.00243290882444204,0.0222545990754584,0.0121744921503681,0.0122689150995658,0.0161055984619502,0.0194878357931232,-935.135062497676
180,0.0109002249194103,0.0270850783058094,0.0034665502338781,0.0226812217756341,0.0125617300221955,0.0149526221479914,0.0151794252105097,0.0203245632448739,-934.537507061473
181,0.00805034293247482,0.0279007514592004,0.00599090936013314,0.0166085473138863,0.0119847690720709,0.0130439158455762,0.0159805470312338,0.0241621080412539,-935.407580528533
182,0.0124865847617747,0.0195529097989727,0.00301944152280575,0.0151089954282067,0.0091593292584682,0.0169709332961055,0.0181730921500413,0.0235654985155552,-935.606577652075
183,0.0127418393127709,0.025946782044751,0.00359716967205372,0.0163673539143594,0.0113009748473568,0.0195064629008193,0.0193385438505028,0.0167313832653318,-936.43171672645
184,0.00913285046278633,0.0260498824788801,0.00945453828483783,0.014514099722899,0.00956992558396945,0.0222274328564048,0.0185050326426995,0.0160273870037519,-937.66509751049
185,0.0113812850914137,0.0292202001903662,0.00100736033698606,0.0152463844543821,0.00875250451876376,0.0178633897008873,0.0125965339136875,0.0154625948590948,-938.035887531062
186,0.0121094581693841,0.0163805275064161,0.00295176304293587,0.0257741452207251,0.0117735178528598,0.0164468831887413,0.0126124481161312,0.0190568397242167,-936.175016651072
187,0.0130989069459124,0.019764467805937,0.00404465142067909,0.024265198530041,0.012333195873433,0.0198193368254332,0.0121981467041612,0.0206147912925755,-935.924674026936
188,0.0133631152290811,0.0243547892405189,0.00262790650908946,0.0207205430299895,0.011618390768776,0.019945074343669,0.0136393108846588,0.0207757505171109,-934.847991983756
189,0.0151669280977059,0.0295322999354432,0.00328763564084869,0.0288513148626416,0.0074218995146137,0.0206732760361076,0.0195538406990159,0.0212184955186116,-939.116684782248
190,0.0147704249154998,0.0150068694034075,0.00792145025285676,0.0212196971319083,0.0103684339273377,0.0141769960749571,0.0198687680416463,0.0242356365009624,-937.924539363508
191,0.00952743820386573,0.029002848954289,0.00227692137122893,0.0200423114932835,0.00973944625243257,0.0128777261144316,0.0136793865665383,0.0139350922493873,-936.379565213878
192,0.00798544033162778,0.0298224968599215,0.0046001360865122,0.0201004676219697,0.00888084537526602,0.0237047586597552,0.0158043641379117,0.0186033438759313,-936.11027750646
193,0.00730569971515765,0.018285791551854,0.00458502473971315,0.0348702544297546,0.013266652556714,0.0213007941537057,0.0148551118343947,0.0158501574856323,-938.427085939425
194,0.00738979224146738,0.0271134805497351,0.00335604492060994,0.0349435580447241,0.00855623868847654,0.0209298578341024,0.0159429607220521,0.0202191316226463,-937.120618106772
195,0.00699564102648571,0.0209153541347952,0.00430197272065037,0.0299846773055883,0.00905533584812349,0.0191446186157325,0.0148365410765831,0.0272910417954341,-936.584635719288
196,0.0101039216067494,0.0244280480589681,0.00400363697145017,0.0289811688845785,0.0147238588004958,0.0144836158210646,0.0169651729948267,0.0221022265914935,-936.019502580767
197,0.01180100380967,0.0239103762460019,0.00236113762007088,0.020120415597443,0.0104211384906218,0.0200342640353246,0.0115229087139647,0.013417889458802,-936.489841799605
198,0.00954429878674671,0.0238784776719666,0.00303289494559595,0.0226679403235021,0.0142107063352862,0.0156460725257991,0.0205847743819405,0.030059336627761,-936.130578493204
199,0.00787420406952235,0.0219913048303839,0.00189372364268025,0.0223692471767224,0.0115245464475784,0.017387141696578,0.019408183568957,0.0255755694620547,-935.07066247108
200,0.0112419700265016,0.0190247838557207,0.0034349715701246,0.0240405742756783,0.0148528547173209,0.0144990843531999,0.0213366223470859,0.022554938633228,-937.32123537298
201,0.0130462584363607,0.0211349676331092,0.00375247554440175,0.0198740446657734,0.00854593165554945,0.0217089218912774,0.015357628188994,0.0207502882790272,-934.546557707041
202,0.016166839080303,0.0220294047362671,0.00147535470443254,0.020962647084633,0.0094917349158586,0.0225737814170358,0.0151603249079516,0.0185083780366986,-935.458332448687
203,0.0143766469552001,0.0223537828007489,0.00137840737021183,0.0276165916283157,0.0100754411890098,0.0194528831800019,0.0153203949410634,0.0181150175197138,-934.755137572553
204,0.0107076280761274,0.0237693560069532,0.0116032225898009,0.0252521659579316,0.00982651012647365,0.0168133655985054,0.0157566106590836,0.0256795509856487,-935.934988309909
205,0.00464752934205834,0.0300254129179781,0.00987093485722522,0.0239992249994292,0.0100229585456403,0.0147208823404881,0.0134521196900991,0.0227475186649088,-936.743956832908
206,0.00908905594231846,0.0226271367141167,0.00772592794172021,0.0239455708486183,0.01070876620599,0.0171573015636114,0.0174156597017543,0.0301036656181638,-935.195605729008
207,0.0149565276570623,0.0177791208612965,0.00366458450613285,0.0268613642379448,0.010271608943958,0.0173756072117543,0.0222563542689917,0.0303652764656356,-936.385496750119
208,0.0111829650020234,0.0232385098115002,0.00292668774119526,0.0248904890043647,0.0103875412495829,0.0167643890660391,0.01521896913323,0.0155569793294025,-934.029763240336
209,0.00904511559389801,0.0273632390376406,0.00502085256089845,0.0166643475614623,0.0157618097599218,0.0256688670153323,0.0138964437553364,0.0135778027877191,-940.438955557665
210,0.00295831953560106,0.0244804506772072,0.00388354391221882,0.0288057323039643,0.0143126219188028,0.0150632744016843,0.0147829840290342,0.0169710052290511,-938.773169146722
211,0.017336344630439,0.0198460597324455,0.00240768198259901,0.0224927034785451,0.0123538538174658,0.0133580815800026,0.0137828095918193,0.0232267896605226,-936.355450114799
212,0.00783641420940146,0.0322224663361202,0.00358732880870869,0.0202904021711288,0.010992327224977,0.0184539471234513,0.0190933393313686,0.0198785377767763,-935.93409175858
213,0.00838990992109423,0.0279697672870609,0.00600716808717454,0.0128589897071592,0.0126301299760929,0.0108733192982432,0.0153117133168482,0.0151608650583663,-938.310494553454
214,0.00875054400083703,0.022925282175992,0.00964711298332281,0.0206182743272182,0.0107856757314988,0.0144337937040643,0.0167027481245638,0.0147702737016873,-936.04778597841
215,0.00604743111471908,0.0286498355170018,0.00829706355127289,0.0223972351522823,0.0113859579122108,0.0193091439246903,0.017821229888078,0.0103073220998181,-937.874834183523
216,0.00777105421825418,0.0255412165391246,0.00653972849485754,0.0287089005578869,0.00878844904462054,0.0168999329119563,0.0124466345287029,0.0302063154832308,-938.631194902418
217,0.0136333281394466,0.0167532701621578,0.00197965052885778,0.024149633131234,0.011250056183099,0.0163960802249664,0.0169033099268593,0.0160360207445468,-935.482631165067
218,0.0149135387576094,0.0214787571983908,0.00905286375300508,0.0258400499970327,0.0112943285740833,0.0221167111171397,0.0139640395930881,0.0240970976106194,-937.229077215647
219,0.00684583420008743,0.0247629322718316,0.00144862561852327,0.0176254545725683,0.0121237226241517,0.0244489908496761,0.0123827731500537,0.0156743805541517,-938.174055612706
220,0.00689530829477028,0.0221881553750823,0.00397415517201917,0.0196905714093685,0.01168789684242,0.0177924224267084,0.0171478714680221,0.0222923687560595,-934.82491047368
221,0.0117311757796292,0.0211047159500247,0.00081765924251507,0.0192842539952093,0.01019576560842,0.0214235352876659,0.0153377050824357,0.0253776728603766,-935.54919111364
222,0.0123950380988155,0.0285872182705784,0.0073844511160876,0.031010373931806,0.00989313106975691,0.0170004135240243,0.0191173124534131,0.0319825821651664,-938.037543844122
223,0.0117241122337416,0.0330212193274613,0.00486826267717937,0.019290154925068,0.0114684145007661,0.0154898533433312,0.020398935704272,0.0167279428282623,-938.846294553319
224,0.00245621502141746,0.0317548169971429,0.00830544187152918,0.0176999230791008,0.0112128154040402,0.0172270907281455,0.0155753348826968,0.0276277096397514,-937.283798868928
225,0.00213546685935541,0.0333217411135459,0.00372655084179114,0.0158498327953374,0.0101230520991288,0.0175919213418982,0.0206065451221369,0.0360041888915757,-939.638047425002
226,0.0107849459892994,0.037008438756996,0.000357206813944565,0.0152051527152121,0.0118825206234247,0.0289777164893765,0.0215699272633118,0.036858105089568,-946.837757491069
227,0.00895149235524666,0.0217303979846613,0.00647172074281288,0.0253854989640186,0.0123027070020673,0.0272325825506784,0.0185856838897377,0.0345298370827051,-938.57348673308
228,0.00982629214674206,0.019147148828213,0.00283556055552834,0.036861850869969,0.0113775162979551,0.0128452546096128,0.0187170445050011,0.0206854537773498,-937.079274775406
229,0.00795868692988018,0.0193908443684681,0.00905399548607622,0.0242181594652631,0.0109728648678517,0.0101758277786574,0.0126556065748373,0.0166397770578674,-938.944224218636
230,0.0161453648296052,0.0227762517617158,0.00593380386933954,0.0154269692802639,0.0103475776391538,0.017236306639858,0.0152501958931351,0.0196360274675126,-935.97472831988
231,0.0105546202453721,0.0293126457561981,0.0110447627420953,0.0241513227197066,0.0105297765273028,0.0133551626371929,0.0156713238261133,0.0152066796124551,-937.515093597021
232,0.00288415930601233,0.0246541008131298,0.00264258760467736,0.0273865222270446,0.0104949028501881,0.0119917375507607,0.016250787506595,0.0141704128915537,-939.735835561148
233,0.0218488623837642,0.0249574816532557,0.00496972633975494,0.016833172345607,0.00963899919162638,0.0222897815384876,0.0130446619882118,0.0261739733473613,-940.983990400121
234,0.00206631719886822,0.0358306340038745,0.00566724583434514,0.0126002428254056,0.00866153562457965,0.0163582997548982,0.0151609953894896,0.023974732637148,-939.073895796889
235,0.00596365545857351,0.0441922688886134,0.00383319465048512,0.0148013262318082,0.00642402096267422,0.0149325788744591,0.0127073212830119,0.0176689585906015,-943.399330981334
236,0.00883550887767235,0.0315927832423796,0.00395611025398484,0.0242898199231804,0.0132874803679522,0.016716877200173,0.0149651051548201,0.0177849776255069,-936.177842577857
237,0.008286904115784,0.0288800801815999,0.00199262178577291,0.0277361873655566,0.0148356639945838,0.0153665678002547,0.0155177259162746,0.0258990220633685,-937.150021771512
238,0.0068683284918753,0.0252682649125906,0.0108742287374492,0.0194391360446241,0.0108030629439432,0.0178391825095298,0.0155656531691006,0.0356743288459137,-938.47686375267
239,0.00924634824030698,0.0261966514612034,0.00485225291250947,0.020123195106298,0.0103078273220443,0.0144760365047403,0.0234655345357742,0.0219232807523648,-937.396876888706
240,0.0127819641972517,0.0242520474749385,0.00278546838108186,0.0220042326115838,0.0145592581499723,0.0163458744814405,0.0224653650956986,0.0323500392163919,-937.759043588823
241,0.00880292538740626,0.0203200806306044,0.0055904012171408,0.024657370704056,0.0122048082090601,0.0163572935186716,0.0189313482053258,0.02517685514706,-934.923119212966
242,0.0115430753143383,0.0194505042834397,0.00617026706847184,0.0194572375004176,0.0143419198681952,0.0169489826038956,0.0178366397163196,0.0179717386148266,-936.517756542219
243,0.0117386309355514,0.0215737831780886,0.00345043370925104,0.0188087223170747,0.0129135600021519,0.0158165653562109,0.0119878557929571,0.020069797101319,-935.779091202358
244,0.0124803751755727,0.0247312712466515,0.00513158930222854,0.0269799925568035,0.00816820694756397,0.0144368006650891,0.0134604879583104,0.0211272740032601,-935.933548336773
245,0.0140825129658337,0.0251246798530031,0.00227262161821793,0.0199814553587857,0.0145845239957241,0.0152655536473806,0.0166144142511865,0.0202609521985376,-936.117562399908
246,0.0133662850099253,0.0271571568203455,0.00323572318255081,0.0188433302232084,0.0115307037854672,0.0160537277233586,0.0232733976796639,0.0244442558337125,-937.545076883722
247,0.0102241657400269,0.0251427110019654,0.00419763046277327,0.0324551507314261,0.0109361266422044,0.0208749873760979,0.0151828597678626,0.0197307790757948,-935.448786057382
248,0.00748716389497742,0.0287531415897607,0.00389796959145294,0.0171857972976367,0.0108399831466751,0.0229113357652806,0.015133618021629,0.02152136017236,-935.657094846197
249,0.00462882018241416,0.0208315938831624,0.00435154601612617,0.0206156976319525,0.00934078533092223,0.0161716644433168,0.0156810374168815,0.0321266032194098,-939.131308893576
250,0.016206755457659,0.0242598269565587,0.00281362849320132,0.0256963625031274,0.01238886077309,0.0204304777962357,0.017201530489367,0.0279112146841208,-936.513799398645
251,0.00315497949866382,0.0343228376645904,0.00263289226180176,0.0238027562253905,0.0104289793673165,0.0196364771304062,0.0178204853333319,0.0295436247661307,-937.75090091848
252,0.0102041869964435,0.0194701517283056,0.003124177077704,0.0177486405585161,0.00953045935353773,0.0198486628314919,0.0230391497812316,0.0400547328089646,-938.833936944834
253,0.00950311949466417,0.0183430807733722,0.00525090171621848,0.0347030783469725,0.00995472178669384,0.0198937769057125,0.0157824737089059,0.0358644646498646,-938.378085068421
254,0.0158453857757295,0.0192671431419714,0.00334566146449998,0.0292161098737916,0.0103067592445579,0.0197559925902401,0.0215478893526074,0.0282197811849421,-936.348445459034
255,0.00926395756767267,0.0226835297145265,0.00336253071682441,0.0299963920054921,0.0114706451074367,0.0176612053018164,0.0139636101285698,0.0224132703743781,-934.961053718676
256,0.00571679117073559,0.0295993951963425,0.00626331201284915,0.0284186653364114,0.0133655117217523,0.0132570225742199,0.0110466749880366,0.0199269641291273,-938.679595771833
257,0.00373597017345399,0.0301808707020658,0.00326371322543678,0.0141086653756951,0.00946257162224,0.0134347237942773,0.0232901573560336,0.0300517423582609,-940.130685235962
258,0.0109495818280427,0.0240551799936872,0.00567084186689372,0.0163776820094578,0.0130358007306107,0.0125207111181799,0.0122793048321467,0.0192866746059078,-936.862067876613
259,0.0132111096416714,0.0193724009887168,0.00520750111319361,0.0307170699209247,0.00995594672190091,0.0239086022765232,0.0204010443753923,0.0177520795896425,-937.05668665582
260,0.00932209836856653,0.0226448652628234,0.00859493263345256,0.014143354033668,0.00999063674501012,0.016181235053048,0.0154947647242725,0.0149125334186418,-936.611417469467
261,0.0129625957954653,0.020794485811843,0.00530066390938528,0.0194412428552017,0.0101723391802025,0.0176584569367247,0.0143887432501159,0.0189442466270868,-934.261625743483
262,0.0102142804045091,0.0263172520097268,0.00888324097284553,0.0219721515234619,0.0154420692757686,0.0131000812740286,0.0145830548194438,0.0266999858851258,-938.227062371269
263,0.0099185261544995,0.0261177854104555,0.00408091647246536,0.0260513118540362,0.0143141703134038,0.0133974071719848,0.0164979883835834,0.0184334719986781,-935.915769218239
264,0.00952571187805572,0.0258237075258384,0.00459749048424148,0.0246981711494768,0.0147049512504868,0.0153789572432721,0.0151754161940072,0.0269550853157086,-936.122266785545
265,0.00492817321796093,0.0248752408769509,0.00337929220545599,0.0180871097796818,0.00823409463666485,0.0199465356806998,0.0163860492143648,0.0223985250260731,-936.874134287211
266,0.0172717852142081,0.0236228534318524,0.00696980027798113,0.0267645347885386,0.0103230820384176,0.0201556849935639,0.0146024528765031,0.0177844610418737,-936.683268594462
267,0.0150041915452554,0.0207155494781399,0.006844774546212,0.0267689648231013,0.00887387863183324,0.0215370974098368,0.0148641655634186,0.0211746764588488,-935.572644331408
268,0.0125373470651789,0.0236362652234898,0.00194813615288894,0.0205298754959795,0.0123791567603436,0.0138621065059936,0.0166838105676184,0.020443738230303,-934.514594198369
269,0.0127615100961427,0.0293096249701867,0.00191296685185527,0.0193167719382209,0.00963799445077782,0.0149149193046939,0.0179412314416749,0.0208565877038602,-935.717509018143
270,0.0131422207941408,0.0267698898112689,0.00181387645443923,0.0302152715651049,0.0128933677786185,0.0100578587605663,0.0126601421440807,0.0112877172788218,-941.25774384302
271,0.0137329581948014,0.0172089832434124,0.00597728811032241,0.0296864765468375,0.0108825587088433,0.0146795528825131,0.0206938642533999,0.0368892249040167,-937.731738868686
272,0.0137950319870204,0.024621186522669,0.00630477298674393,0.0187820915804236,0.0110648019074746,0.0136409842694637,0.0132480004273979,0.0370785692413839,-940.45129920383
273,0.0155618097662086,0.018102219547225,0.00455629851735783,0.021986878181226,0.00926551245676476,0.0256707158764386,0.011791197073074,0.00975652594171042,-939.94996949907
274,0.0113184150328757,0.0248086246615574,0.00822724404205037,0.0308397970132136,0.00967090856804799,0.0147651681236685,0.0122161483550616,0.00346622856683628,-942.343773073058
275,0.00774633774313621,0.0231271351530421,0.00267362148547431,0.0176854794613658,0.0112742783696477,0.0185319036898627,0.0121868576218145,0.0299306233640137,-938.296435295691
276,0.0131846402369856,0.0251332682278239,0.00406548098700982,0.0177876051184588,0.00912089875214306,0.0114079917404114,0.0232817725132915,0.0269289638298098,-938.401809097032
277,0.00753157380905927,0.0267553664771903,0.00338206973554659,0.0365802806882494,0.00950224920361461,0.0129721545625261,0.012511107897826,0.0181791342828274,-938.815460648836
278,0.0110752649118995,0.0201260178370012,0.00484578833576343,0.028306416367321,0.00934590486618542,0.0248752014680248,0.0197441598855501,0.0301149444896552,-936.162857562049
279,0.0100157478928571,0.0239728097988201,0.0129598791667479,0.0340948606142817,0.00763848089444153,0.0185166059251377,0.0234777519736624,0.0307681470244877,-941.045887391588
280,0.00552099108404943,0.0275317680795482,0.00596566067656684,0.0367367539526742,0.0125152457408886,0.0177980070260555,0.020786311482787,0.0351489975548016,-939.47146647084
281,0.00963147447804722,0.0223188763475815,0.00169740647251799,0.0336999930900756,0.0114273947540083,0.0148002404794634,0.0246104619857958,0.026761259474866,-938.947032586788
282,0.010043425494555,0.0240342130081396,0.00230146343417929,0.0353195678231902,0.0105488001681765,0.0229341793649136,0.0247647189020013,0.0291134187397735,-939.805788620823
283,0.0132015644628332,0.024042866269399,0.00432660961220287,0.0338265473075298,0.0156414345190844,0.0194155348884171,0.0196367226408575,0.0203285505231601,-939.606433572562
284,0.0120209310871688,0.0243707737387211,0.00956641588105943,0.0145910257440021,0.0127392482042497,0.0197686019938761,0.0141754461127901,0.0115641020067572,-938.812873131928
285,0.0106437812366784,0.0236193894681652,0.00681277345334854,0.014903300866591,0.0124535640785135,0.0114310341680393,0.017612131208609,0.0203237659547593,-936.709079393789
286,0.0138504991488404,0.0224320836638919,0.00687475215365949,0.0178881069952024,0.00854911293807716,0.0303165435533168,0.0123929793231764,0.0187586356521156,-939.97449583627
287,0.00909777669732499,0.0205068814172051,0.00443525708046022,0.0150759652681924,0.010876738234387,0.0335697982084692,0.0133732450834541,0.0170553594227471,-940.859088932938
288,0.0127680164712284,0.0240641304340733,0.00264161254641035,0.0203373978034747,0.00761688430633496,0.0083709345299724,0.0169262352892492,0.0198574889674042,-939.397003566159
289,0.0136859069146023,0.0268290109387143,0.00691298757771646,0.0239756311638345,0.00792415465511004,0.0159214637995058,0.0122576806963228,0.017744716271708,-937.507934972837
290,0.00570289947334073,0.0267694054793669,0.00484242460486855,0.0222512527796147,0.0145199617595725,0.0130055054128721,0.0187203580770238,0.0364281193204628,-938.384398933855
291,0.0117467745490796,0.0205554646596552,0.00622809497247498,0.0279625066130068,0.0102070469200692,0.0125141286167438,0.0177077923245643,0.0124775447965798,-937.104069471851
292,0.0125361704772098,0.0250129042479864,0.00417370236767643,0.0172988428683744,0.00910987643177293,0.0183328606699469,0.0138625838418106,0.0192901769527655,-934.884683936308
293,0.0129018232226198,0.0206387589666547,0.00213070509381448,0.0202184406690541,0.011117824919214,0.0285790483515306,0.0142612554690861,0.0186157923229955,-936.764586934682
294,0.008833164485682,0.0222339866720092,0.0034905468394988,0.0243059941991213,0.0102786626747009,0.00909044137021221,0.0146896558534448,0.0149319269936183,-937.612783615067
295,0.0154503012151058,0.0198622432645201,0.0045434806735344,0.0154163401248556,0.00817943961972531,0.0221017455578901,0.0180989652165933,0.0231698102381692,-936.838351625949
296,0.0158033944745046,0.0246778451388515,0.00547240697352316,0.0290408358204358,0.00866383392462429,0.0140081472176087,0.0145598170036379,0.023647269715836,-936.73734963162
297,0.0176362332129078,0.0248137380087687,0.00220008037591402,0.0215189076623247,0.00744912910792625,0.0179568897734257,0.0210631875729267,0.036890500469519,-939.280995534142
298,0.0100604036795941,0.0252996220007419,0.00672629334552399,0.0252090027324939,0.0106121539528603,0.0162298665401464,0.0176093903086149,0.0357108727783452,-936.527119252565
299,0.00711528300812697,0.0244287136764847,0.00730926731009108,0.0267061089640651,0.013127322857983,0.0147416686982651,0.0188443940106576,0.0273351198417589,-935.931419618224
300,0.0112799508060961,0.0208766057416246,0.00464818868933233,0.0267177410424988,0.0107260445592693,0.0132331632139843,0.0182731909787063,0.0300067529592912,-935.094587662519
301,0.0114592238315278,0.0231013134406756,0.00529806673518606,0.0220708895974508,0.0111541724738822,0.0193669863206218,0.0216958537539451,0.0295935327261479,-935.668667355607
302,0.00584496278169563,0.0286475227968753,0.00404374158229047,0.0197092759087451,0.0123463799268324,0.0141705948082557,0.0198227323436727,0.0321258123053654,-936.419863255753
303,0.0106156068533007,0.0190456030808142,0.00875093236958007,0.0170337048944939,0.0108838935424276,0.0133422577619922,0.0261461483789346,0.0342264898275562,-940.962372639189
304,0.0126265027518905,0.0306133224692093,0.00775593625404532,0.0225736171900088,0.0132683391642477,0.0130753555540069,0.0194705428838393,0.0227775527427074,-938.36485686795
305,0.00242929727450452,0.0260111550690177,0.00334529707290841,0.0238351148625449,0.0101558208929417,0.016444504139156,0.0192501129620625,0.0276442872679105,-938.121742007721
306,0.00728745733498442,0.0264097425431813,0.00450383002819523,0.0223525845429374,0.00918489416845586,0.0234645246907745,0.0165736642058331,0.0214943062268932,-935.310644898554
307,0.0117938382103001,0.023949442814204,0.00523795666016565,0.0221435314524931,0.006738998838102,0.0161698231594193,0.0183948899236415,0.0243773655319438,-936.486096107688
308,0.0123564368825169,0.0219576788149462,0.00659718111062182,0.0259627621383989,0.0168444921741103,0.0162376555337335,0.0136336174098125,0.0202904173417911,-938.37997986844
309,0.0115591249587007,0.0212521189973739,0.00341246529874256,0.0238572480137356,0.01630822393572,0.0155575757147885,0.0181199732057673,0.027597791072495,-936.88269405135
310,0.0105800077474843,0.0204800495910296,0.00495447647964092,0.0227852549971912,0.0118462928422529,0.0177616180360748,0.0195513236940365,0.0367864146302857,-936.380099276976
311,0.0128077295423169,0.0219417154295653,0.00108037756570057,0.0272229403996728,0.0110655703081093,0.022718035928171,0.0221163989927225,0.0344833819414284,-937.669388808363
312,0.0200500068038517,0.0265254749905152,0.00235738822528842,0.0268653836361289,0.0115963639067382,0.0113268068391589,0.0208146387042409,0.0317773933643523,-940.887240799064
313,0.00887425145494558,0.0259280084331796,0.00466953848041707,0.0332443958358865,0.0103235705799476,0.0128403674611069,0.0183280476243356,0.0138104331877871,-937.829627112259
314,0.0112546466087896,0.0175385277329356,0.00297062171021463,0.0417238338999029,0.0106642598389595,0.0223139456696838,0.0157343202658008,0.0280448695608366,-938.201705638485
315,0.0124636688400288,0.0215646600859506,0.00601379570995654,0.0172578483597139,0.00928238329226276,0.0209593679372424,0.0156978454898647,0.0268282052796604,-935.60028129214
316,0.0151321054327691,0.0214099005076574,0.00169320927772031,0.0288820430201342,0.00919484941349295,0.018717770084913,0.017652867844115,0.0198024720524377,-934.987073916621
317,0.0130787897138334,0.0200042942832334,0.00647677547910782,0.0366093029735301,0.0111611003055227,0.0146510023260613,0.015041203115732,0.0268663928441052,-937.049191642337
318,0.0117392683438752,0.0181451221099212,0.00865006500547146,0.0211080594014398,0.0111268210260786,0.0184543900066139,0.020301017803153,0.0308673484564755,-936.870328927887
319,0.0105815566363187,0.0263824465191139,0.00905784601512183,0.030371534475186,0.00912343760269577,0.0188156931969388,0.0168640472045161,0.00813500670575444,-939.046149823718
320,0.0095830364485961,0.0269243672912955,0.00260069947490719,0.0252485851403719,0.0131446956227961,0.0171646435506424,0.018718812292528,0.0428450212355296,-939.408393555206
321,0.00824001294738698,0.0253797011906421,0.00448710101851824,0.0215098849418018,0.0114965095766527,0.0162999409411294,0.0156815187346386,0.0310012053323095,-935.360432684859
322,0.00917536969270518,0.028717124187623,0.00151383470633801,0.0179085533948076,0.0115086465825722,0.0122242391347407,0.0153037599798664,0.028763224786864,-936.668898955964
323,0.0082427002296061,0.0234383362739885,0.00525823652701063,0.0213279473869468,0.0121069214198512,0.0133777366346195,0.0173003606181471,0.0254345028994696,-934.720937320087
324,0.0103142526859117,0.0212629135068342,0.0107333503255876,0.0291301246874761,0.0154146778222857,0.0146340441422087,0.0195308553680596,0.02435437293231,-938.647798267361
325,0.0103417309795992,0.0224284585501096,0.0111266476879466,0.0154406482124066,0.0136623441493596,0.020828959928944,0.0170781905732122,0.0298520274944298,-939.052211654597
326,0.0138794194166858,0.0208977050776298,0.00799554406704338,0.026983548756352,0.0111149850956423,0.0221524085408876,0.0195080758306471,0.0276049309063577,-936.423246664505
327,0.0119656153259227,0.0193002569628199,0.00826086046271028,0.0257090252692737,0.00846645655022242,0.0198930353686117,0.0165843287060531,0.0315278291856877,-936.667087573213
328,0.0120414774106214,0.0219074767078647,0.00269968988886393,0.0218352506380306,0.012636798052522,0.0143585732658523,0.0160714582342674,0.0195072985417346,-934.192692539214
329,0.0118858996823151,0.0262633196744613,0.00695415656968479,0.0189736704592386,0.00995300418151785,0.0230447500207568,0.0146648834322315,0.0229770851136271,-936.050585149624
330,0.00693962590649365,0.0283622565348012,0.0198266120156624,0.0255463112040342,0.0102207218795641,0.00975105464798697,0.0174919535470847,0.0269320663648522,-940.475862975079
331,0.00596942945682759,0.0222125660059706,0.0226051192246591,0.0261086940401912,0.0113059388006211,0.0242235913215118,0.0146525815519454,0.0255673594481416,-941.870612732385
332,0.00423224373302038,0.0213885774591116,0.0146449489196326,0.0287659988494774,0.00779106881838385,0.0195354520815317,0.0184071960190629,0.0217806888738203,-940.621838026804
333,0.0124050807839351,0.0202900387260457,0.0101576283733,0.0243082115257446,0.010993085443694,0.0197949914893261,0.0163092480625756,0.0209693163714176,-935.546594436801
334,0.0138026163891832,0.018199349295541,0.000555594638481738,0.0368715813390508,0.0103992569913892,0.0155723519344918,0.0143765535609995,0.0192069361034296,-937.645330708788
335,0.0161274010617925,0.0197527995660042,0.00441644510796755,0.0223419225531056,0.0091536786315952,0.0209109751815716,0.0161669634305749,0.0211180805098642,-934.781127604958
336,0.0121919907610597,0.0288263015594435,0.00607784204595071,0.0217983608513477,0.0100752537414226,0.0198551663452694,0.0158220810207071,0.0170902658648164,-935.723206989374
337,0.00787751025327702,0.02783827900144,0.0061678001799191,0.0235997141915903,0.0122019894986988,0.0174704069369847,0.0168023328498411,0.0237166418875432,-934.74881275074
338,0.0106069934475712,0.0233363611487983,0.00290876883023579,0.0257688499725413,0.0120319083376554,0.015578634432451,0.0170244494811586,0.0160525061009472,-934.604626900833
339,0.0153511602409317,0.0235066851826712,0.0035545673162384,0.027958641776715,0.0102101442493196,0.0243100171470986,0.0130470447115033,0.0193485925519154,-936.762277090982
340,0.015046299862023,0.0243450082746778,0.00657214320896179,0.0170352485296999,0.0103010397852783,0.0200553841692029,0.0173825785404598,0.0209931579543097,-935.824679621866
341,0.0122676951250846,0.0199116372187528,0.00491068818945991,0.0209273239725211,0.0105434402656694,0.019458969609809,0.0185900026492651,0.0300932882545294,-934.927559143414
342,0.0118643619420018,0.0186327343292487,0.0067310717131645,0.019487406794664,0.0103821662439558,0.0141248197900664,0.0182835763744433,0.0417808940016271,-939.422061828859
343,0.0110859003360436,0.0275991565985169,0.00734332775486009,0.0265885442084406,0.0119177364632368,0.0176256952340843,0.0182274187133046,0.0351364097855195,-937.615260419627
344,0.00447838939255065,0.0231535145810895,0.00542919966625,0.0263028506340451,0.00881310190948391,0.0145991488798335,0.0201324013291763,0.0288536812628651,-937.879708836837
345,0.00988297737575291,0.0271685260059408,0.00628787088893047,0.0200555637214583,0.0100401641250259,0.0176208479553747,0.0183880603438736,0.0285607927276326,-935.075983220429
346,0.0130494445936636,0.0252696180062797,0.00796641261563561,0.0204693741374322,0.00966309568429981,0.0170584088935197,0.0157758001491493,0.0244954889447046,-935.185347903816
347,0.012687567093611,0.0223578598967022,0.00549350849998616,0.0202881837152519,0.0101327934278071,0.0160424359655005,0.0138216440081286,0.0288606679242463,-935.764002150477
348,0.00663800247820671,0.0229758412079033,0.00342102717454189,0.0237996394311855,0.0110332442925378,0.0162484325893333,0.0195282863160269,0.0230430669899107,-935.102020884379
349,0.0134212304688831,0.0199612515799504,0.00232859766913314,0.0274823579621645,0.0120570270856067,0.0190497984509888,0.0204293232623365,0.0215148129444853,-935.581712727944
350,0.0102420858000185,0.0235120809875635,0.00435310837906122,0.0359794246230085,0.0112656767790182,0.018266510067114,0.0147290617778827,0.0213191055121394,-935.899208184115
351,0.00851417418262286,0.0229135107593307,0.000821525541069849,0.0120609413543412,0.0109621730081407,0.0238842584407345,0.0170048328309528,0.027584891515199,-939.594473989473
352,0.0154872332106611,0.0236098024798883,0.0110445369898738,0.0172570773856944,0.0136867499077201,0.0214541919260318,0.0157862012926644,0.024103931524442,-939.522030527396
353,0.0027507358377166,0.0434992122482944,0.00383705110329017,0.0268354860263897,0.0121592947333412,0.0189988783295398,0.0182800039352749,0.0217696395793437,-941.730055948408
354,0.00314077882712175,0.0249336397734771,0.0182480412247561,0.022041688587888,0.0115456978464228,0.019692572431962,0.0217770458754413,0.027351446770492,-940.470590281054
355,0.0046251062007171,0.0287064161190912,0.0047339059956373,0.0261287533497116,0.00915859448046358,0.015018962615778,0.0133902492548544,0.0128468009432602,-937.46434924511
356,0.00916683948160402,0.0262925949343889,0.0111607693005306,0.0160283078541095,0.0115050108919871,0.0137224594088352,0.0137188393473452,0.0259435612216428,-937.186119234124
357,0.00932652494744487,0.027284444090838,0.00280274558949574,0.0267521530427612,0.014815396920135,0.0195584385967544,0.0130739941133437,0.0248652323754135,-937.771364364033
358,0.00941817572928096,0.0297016293474935,0.00326375106513675,0.027861337159576,0.010765062291795,0.0206159251388908,0.0142230612155461,0.0156799775266169,-936.29529421385
359,0.00656727424172793,0.0346864238598192,0.00583465653286839,0.0186175843229822,0.0109344412970696,0.0113767211817982,0.0143367616306455,0.026688732472968,-937.516836380427
360,0.00893729178423612,0.0322815708405985,0.007101623377142,0.01790040613394,0.0102304593777013,0.0157981686630874,0.0170754454331,0.0193436473686211,-935.979880139367
361,0.0087503185932885,0.0324669623840982,0.00497731813932151,0.0233707359293659,0.0107416297119639,0.0180576513224425,0.0182487267722841,0.024767293657352,-935.819025097937
362,0.00938206663461607,0.0280732718880875,0.004999462909658,0.0269978166373227,0.0115702328012285,0.0152659997212713,0.0140306332366753,0.0149736459011875,-935.72363820238
363,0.00546001635976,0.0246323263975142,0.00536342126322416,0.0284420665638011,0.00845044592315495,0.0204327750621573,0.0141295294019882,0.0242385178385943,-937.132119437707
364,0.0141442845528647,0.0282218997403732,0.00650521737929781,0.0339981355334318,0.00880894618753019,0.0182037033652563,0.0141834578393466,0.0205896684519322,-938.191610897379
365,0.00335142720455386,0.0341752552346564,0.00565682772786346,0.028661679301015,0.0122165110554031,0.0232420858791835,0.0122420239812913,0.019095032852868,-940.110766212345
366,0.00711847988538511,0.0264686246158912,0.00157186929140476,0.0204362995924919,0.0120303677537149,0.0226564774399767,0.0113146511110259,0.0210454040700258,-937.979133525634
367,0.00475535709954278,0.0223002564651282,0.00556099449801443,0.0234563645678501,0.0100560090092687,0.0208881157356066,0.0161151504918025,0.022617980557597,-936.43252473903
368,0.017828717204684,0.0193559476217006,0.00137211998843129,0.0328131842146213,0.0090727902871796,0.0152100027169583,0.0162939288799821,0.0199807617405866,-936.862367986197
369,0.0194388517298045,0.0183231222924048,0.00398851266327643,0.0273279907936117,0.00801120601982936,0.0215284115012788,0.0111075066207408,0.018011493130687,-939.457482496643
370,0.0165354263212348,0.0194446221661772,0.00698607499942313,0.0241340372919096,0.0120192479796706,0.0142633813528379,0.0195252647075019,0.0172877403165831,-937.450259992838
371,0.017057785610951,0.0213212267328985,0.00242946946674633,0.0260823109020097,0.00764208115284069,0.0154634181444943,0.0192717599488987,0.0187986903886134,-937.077198565622
372,0.0112443657615539,0.0231669012578074,0.00364414233053183,0.022534855064951,0.0159759554581466,0.0177233967274044,0.0189330876525853,0.0218984865045696,-936.678144502665
373,0.0124186042369755,0.0233767491515534,0.00306364984193294,0.0228874547805592,0.0134890133129866,0.0178304269352611,0.0144211388579111,0.0184292839562813,-934.834804180285
374,0.00931054745676006,0.0226625976415996,0.00198596824175969,0.0214707045975144,0.00794367018212358,0.0254829033281015,0.0198132205161658,0.0252468952369067,-936.877395460093
375,0.0132238500739418,0.022028361288208,0.00542704361066522,0.0202341927854433,0.0116130838456388,0.0159839376193679,0.0178425321122373,0.0290322949121012,-934.895546314835
376,0.00906375373269434,0.0220367550536552,0.00284065415573276,0.0301926001640248,0.012026993908177,0.0142520222009477,0.0167129699159388,0.0272187803954454,-935.295425111901
377,0.0131815133095302,0.0203519679055193,0.00652928582488278,0.0258426529610763,0.0160773471497626,0.010789997299892,0.0153268433197714,0.0221559695627341,-938.601928905606
378,0.0107252753830865,0.0243076460249847,0.00219593337913994,0.019870275617774,0.0164388688580945,0.0114849970733115,0.0183061445240001,0.0194249374977657,-938.148935290344
379,0.0108028488514082,0.0196058036690004,0.0034371691987564,0.0238075448977803,0.00922010854591639,0.031579744422687,0.0158629738429242,0.0168942875373247,-937.366137194403
380,0.0127183550646786,0.0208951333089754,0.00373793865882691,0.0239078019409989,0.00868746696611509,0.0175812575641544,0.0149765757282641,0.0139420708337003,-934.835671002794
381,0.0124225590018658,0.0209740679780144,0.00460757953027068,0.0221775105588904,0.0126897087041763,0.019774349305602,0.0145121862138707,0.0222806941121548,-934.732261372456
382,0.0123705835487446,0.0202350850149418,0.0069501759930786,0.0228758653801198,0.0140164086117228,0.0137484071109031,0.0175961817221156,0.0294698451998873,-936.553400867763
383,0.0128626698017552,0.0230355170914191,0.00913364431296575,0.0205044927860445,0.00906226580308566,0.0150629113526408,0.0165368786370412,0.0316687547433957,-936.782821961176
384,0.0106491120524443,0.0245274011993361,0.00873100958400144,0.0219422619183883,0.00917303398372963,0.015248860662627,0.0173080629162727,0.0128459480653287,-936.643392935166
385,0.0111754324777666,0.0243528529139135,0.011030259728638,0.021225080296913,0.00969352455724833,0.0196814889678378,0.0170669902920393,0.0250498266574768,-935.917668195828
386,0.00495805620923128,0.0243130090573742,0.0119065644942456,0.0222848398357562,0.0108675760427466,0.0240095391477034,0.0212448550217812,0.0226820753771,-939.480507287614
387,0.0152341440575614,0.0184649448695647,0.0056737239775299,0.029847060216291,0.00962342953652201,0.0165330519219474,0.0176705145309017,0.014693853858089,-936.386331319869
388,0.00988297290962514,0.0256602074812152,0.00303526123705314,0.0308740877772345,0.011088622907668,0.0211858177186962,0.0132807521578518,0.0247300229128333,-936.680164723708
389,0.0104755232336831,0.0178052536531169,0.00396589855366346,0.032784726792575,0.0117412279646997,0.0134941505094408,0.0193332400156359,0.0251921495638504,-936.233051493764
390,0.0140167601806053,0.0235960506408859,0.00724072939703722,0.018287541948401,0.0117042806966672,0.0228711595381079,0.020527048946321,0.0301774477073573,-937.743947186492
391,0.00883370456512834,0.0195561765936142,0.00731589791285075,0.0339240872256334,0.0115301956358278,0.0174633635206232,0.020964570531004,0.015748989932155,-938.489931152862
392,0.0104744347744656,0.0240298566633814,0.00444842879499027,0.0216614870222306,0.00862062820894415,0.0133384509476691,0.0157833877428211,0.0246444612843703,-934.859636678324
393,0.0171727150240178,0.0291884407790607,0.00458389719343891,0.0173912295689155,0.00995064094754355,0.0210154078192026,0.0152928999363701,0.0250263254048426,-938.000185190713
394,0.0177638773064545,0.0255064448933671,0.00221457112812235,0.0198080062930157,0.0092076848700921,0.013478008813161,0.0209667950563051,0.0208193747616493,-938.033247611773
395,0.0115448721951054,0.0267464728332553,0.00276527420009834,0.0285918236957425,0.0118349800930145,0.0202141102788255,0.0124606746606873,0.0205461967366699,-936.721037320157
396,0.0106975259788691,0.0236484968404194,0.00396162413340888,0.0177282215774045,0.0123626757951364,0.0157978320318487,0.0177772208839151,0.0241329598394089,-934.447168149662
397,0.0159023242233198,0.0209024998265271,0.00225435495946032,0.0246815879385448,0.00934716943565985,0.0216330290819035,0.020174295344491,0.0223295323059898,-935.706955644931
398,0.0156388772477241,0.0189429522316334,0.0041600503520085,0.0155115080827191,0.00713344224602687,0.0180506732384253,0.0173261926731462,0.0298198194688054,-938.186095716589
399,0.0127079182165525,0.0274518629294322,0.00110380552777713,0.0177405742479958,0.00774114366779118,0.0159359904065984,0.0192469199684962,0.023311929708004,-937.096635083042
400,0.0140553367714532,0.0223793648199387,0.00479636073784158,0.0312459492202855,0.00806625283167696,0.0158320316091703,0.0181762745997394,0.0285000521531482,-936.225477291069
401,0.0134225710601646,0.0217337896395467,0.00677532520744389,0.0194411810560171,0.00979517332170913,0.0176033442584984,0.0195250110585563,0.0165576992223707,-936.116309598684
402,0.0133510426516618,0.0234595591191648,0.00172651624906434,0.0273773428077818,0.010537169184372,0.0210025717860778,0.0190133435379382,0.018832637543211,-935.414604419169
403,0.0143553017313547,0.022549177582677,0.00360150379210222,0.0205673748633322,0.0115647639673559,0.0224057047767835,0.0137343653081042,0.0220449774310049,-935.482881895241
404,0.0112715656716481,0.0226563350845478,0.00186063711694014,0.0205312153214803,0.00940274478507597,0.0111477019186886,0.0179962033452172,0.0269026328131965,-935.930456975849
405,0.0102026209999185,0.0246611467800492,0.00614751709947301,0.0200499327026848,0.0122957478864094,0.00957780952529892,0.0149251707444689,0.0280393735654288,-937.307582786733
406,0.010675117858499,0.0262629451395982,0.0104194545727245,0.0203003279697333,0.0113328481834004,0.02481978481998,0.0212016240533036,0.034143293878677,-939.615564665375
407,0.00836380307926993,0.023793977532773,0.00769267313648339,0.0273609219421931,0.0110436625557249,0.00926973622713041,0.024546443501976,0.030770566273938,-940.147790642724
408,0.0100095421681949,0.0183851199178504,0.010635012994105,0.0368285899376923,0.0113639383784962,0.0217129874702858,0.0174605087927639,0.0125878522319081,-939.137469256378
409,0.0122904311391359,0.0228274454589272,0.0136387901360088,0.036972177054498,0.0105692874206164,0.0140422789851113,0.0155713262977915,0.0125162018171677,-939.828288668184
410,0.00657446039780059,0.0268545968867533,0.0134543536586907,0.0180880847325689,0.0144043613038681,0.0246968724684063,0.016402362419068,0.0285489933699611,-941.104998260039
411,0.0110744072259604,0.0269731258989997,0.00479975736094578,0.0211184928461095,0.0111581539405977,0.0128267541731919,0.019757295676265,0.0178596432480328,-936.181135362667
412,0.00605340934157103,0.0282755148369041,0.00182494431909643,0.0152690720550898,0.0098733777613231,0.0188401261048107,0.0138387728418639,0.0211067649798633,-936.362998537131
413,0.0107590061881933,0.0243581186253701,0.00884161626114927,0.0120422501360121,0.0116364288297874,0.0297894637119189,0.0166754898241605,0.0149925922121307,-940.493008606663
414,0.00461569532049045,0.0313301206349054,0.00587644280515605,0.0275275066944068,0.0128835088428489,0.0111068805896363,0.0140693454776054,0.016570523888132,-937.773620240896
415,0.00518394953660558,0.029350646480774,0.00629351843841576,0.0168469852181208,0.0135528739407391,0.0144054601479844,0.014153891902098,0.0170166504197025,-936.734077962817
416,0.00965554552769341,0.0318433287116216,0.00804970706291263,0.0251951612861409,0.00667960744870566,0.0098743199958486,0.0158671315080204,0.0097077906512278,-944.299185808479
417,0.0127536308156606,0.0177778264997497,0.010671343394596,0.0220815101408915,0.00623126874630903,0.00871750943583261,0.0164354857709736,0.0335013381060398,-945.630003622936
418,0.00708920238167218,0.0348301833750847,0.00137898644910984,0.0221850934264652,0.0143108107970591,0.0202047907904513,0.0179048447979227,0.0149387846796284,-939.982931718478
419,0.0047125386603204,0.0216909728972251,0.00470758519348406,0.0263647347273331,0.0134034820341278,0.0172245298010328,0.0137703031277793,0.0172917967271424,-937.439661579672
420,0.00894547812972261,0.0245313119251327,0.0104929899260841,0.0219684094760847,0.0103678960139237,0.0200239977956429,0.0157497772273852,0.0224927163444099,-935.502207796309
421,0.0116339129725505,0.0236340415963429,0.00838582022041389,0.0191943444059553,0.00889002248887923,0.0168174615418423,0.0137281497815089,0.0184411013252845,-935.509485153818
422,0.0108845490546164,0.0241386223002808,0.0032744055376713,0.0377436563901573,0.0122551922599882,0.0171620808946823,0.0141070524580159,0.0198832397810216,-937.052715163257
423,0.0105392964597036,0.0258342071777801,0.0028701163144671,0.0104207414443508,0.00912315514232315,0.0239083746125302,0.0170472804335978,0.0217214343677674,-938.249448947965
424,0.0065026211377716,0.0375973184955445,0.00241497993314316,0.010678344796963,0.00916899933063369,0.0120489131469501,0.0178511103617636,0.0291419848092624,-940.365818596037
425,0.00582587954288087,0.0349843753810711,0.00248072144756376,0.0198492371578597,0.00739858814698748,0.0125532644737734,0.0183892246147717,0.0187522785340108,-938.979399748543
426,0.00655132218295155,0.0370978277087596,0.0032349148867678,0.0167852328363493,0.0128042404852296,0.0204995207505971,0.0161224935686802,0.0161407564017503,-938.611026305281
427,0.00620539062950443,0.0227361724086172,0.00325959212282696,0.0311664180781489,0.0115274031860309,0.0303516977007044,0.0151585593759674,0.0156579315407213,-939.022322036641
428,0.00874715251674665,0.0262313624863272,0.00421930754770653,0.0185577346991306,0.00726339164305515,0.0090429154050714,0.0159503304821165,0.0160811258620961,-939.952557121935
429,0.00801341807733895,0.0254936970927929,0.0031097818993508,0.0272787528830959,0.0166689181693882,0.0236445052945105,0.0145759412630313,0.0240418490778042,-939.236436179019
430,0.00727549708852179,0.0259978963590185,0.00294878362030228,0.0225842613886128,0.0159635781492446,0.01444196851866,0.0122040288186614,0.0205847748954486,-937.533531260026
431,0.00737679965092888,0.023987421310387,0.00598964043798063,0.0186123491243529,0.0146748416130014,0.00785151272023142,0.0202366535240386,0.0265966871055641,-940.241345804247
432,0.011928811725093,0.0259375305355466,0.00539857236684014,0.0178807502411695,0.0103313049938039,0.0282607301468465,0.0132828291253061,0.0264858353702502,-939.02385785874
433,0.01425086734058,0.0154978751508613,0.00526494977063529,0.0192095097734721,0.0109405460492621,0.0234553650361791,0.0183092394281837,0.0240715745271655,-937.200651316159
434,0.0164593389413302,0.0164049457007887,0.00547735473105096,0.0316616199517869,0.00789282839325908,0.0163564654735163,0.022298047041493,0.0230763728701001,-939.047122958902
435,0.0204378990733436,0.0263575662647155,0.00104432340462717,0.0261627082107722,0.00970884825240733,0.0215917461256236,0.0195353390743884,0.0225918874111834,-939.566905753244
436,0.00747220166868695,0.0218108410192703,0.000974470029071449,0.0289513211372888,0.0083449529049073,0.0199698796335919,0.0182251666326345,0.0226235200667856,-936.748691300538
437,0.015732379651362,0.0144282101098484,0.00363864229476135,0.0265482089147979,0.00797640977923516,0.0201379675133441,0.0162150301051942,0.0234709215809373,-936.597135975039
438,0.0125125215866973,0.0154909425333102,0.0111186856775867,0.0359279922568107,0.0114168630007954,0.0187735236532731,0.0163521661464464,0.0205313971792374,-938.521994741139
439,0.0134536173146171,0.0274571814098626,0.010414901733438,0.0137844933846322,0.0114053873301547,0.0102348327630908,0.0160988687798793,0.0233631886916421,-938.915279421474
440,0.00834077414517512,0.0242122781444813,0.00612689975259206,0.0293236053789105,0.012009517133636,0.0139990089699747,0.0161757022095985,0.0157952049782855,-935.678022540464
441,0.00969835794564755,0.0247061688176265,0.00417768990676867,0.0147436941691847,0.00933706855923294,0.0223764277450513,0.016217436722163,0.0251540500120061,-935.899876801591
442,0.00952845063900446,0.0252178276181894,0.00609229371206672,0.0286713099753325,0.00940636873064714,0.020232080917354,0.0199558278519242,0.0212191792717291,-935.859199824639
443,0.00770126916598817,0.0214403621626607,0.0134127957373897,0.0194471471380795,0.00883731358928975,0.0202361499514442,0.0169263361305848,0.0278720026321268,-937.9086886009
444,0.00751493036141739,0.0261399781040734,0.00477429763082636,0.0217829608233223,0.0114499390819097,0.0196177133750692,0.0172504671524613,0.0217414341297695,-934.332311677721
445,0.0094357946533882,0.024632667591918,0.00390716414272757,0.0205868970971298,0.0114734000693572,0.0208807659099705,0.0177905596008019,0.0160257550169779,-934.99148585152
446,0.0115755072430273,0.0236780509518323,0.00298100870159729,0.0264160753860609,0.0102937786813138,0.0169169335609402,0.0186631788446599,0.0163790107163257,-934.855935742213
447,0.00765796116490586,0.0264861647845707,0.00437664253886377,0.0173975456822307,0.0112159462915625,0.0232057249049184,0.0157809209234791,0.0100537344994768,-937.277067614461
448,0.00658970170275998,0.0290562363079441,0.00470683497671542,0.0190352598404525,0.00958449208406062,0.0226652860775746,0.0129859165914457,0.0166012110674487,-936.523449381487
449,0.0108157844666047,0.0302238688803628,0.00578314200149836,0.0255865619879976,0.00905178502261925,0.0287401251286446,0.0141689810990841,0.0218301383451857,-939.249951396911
450,0.00933336826574433,0.0226439162427768,0.00694625145268234,0.0256565727933012,0.00901110417347232,0.0143367657545877,0.0184519383302344,0.0297572716371875,-935.608235254769
451,0.00954146371084015,0.0249652929913666,0.00492744604446683,0.0277280224820849,0.00824398777660463,0.0183126741981298,0.0141184140676848,0.0224211999545842,-935.418007225333
452,0.010799986733078,0.0289605092498315,0.00563770697218436,0.0199352307545901,0.0142654633221701,0.0112808427242105,0.0164014350886015,0.0220580298155762,-936.99673480616
453,0.00711822126660135,0.0240055264393568,0.00244592226947883,0.0262773092779514,0.00966883619955262,0.0216838822771787,0.0182495273050407,0.0229970537998975,-935.258225401747
454,0.014847015169951,0.0227772968601738,0.00362186558881497,0.0201634845353024,0.010219502143793,0.0205043533175096,0.0214243890148512,0.0226724044314347,-936.05345250163
455,0.0117370448042134,0.0198385276709254,0.00116144778922415,0.0292083196587592,0.00964807431597558,0.0180390759081706,0.0176937585660494,0.0158229429000801,-935.419300568667
456,0.015322485385985,0.0209298104238761,0.00582250835040094,0.0306651813690974,0.0111935518854292,0.0169439370790989,0.0153386367304244,0.028147786079342,-936.262276270187
457,0.012904911268369,0.0276598269136037,0.00891103269997889,0.0359973056690871,0.010599237842322,0.0135449802455978,0.0169265757006106,0.024456987455021,-938.572276665835
458,0.0102373671266501,0.0289623372580332,0.0073968933010676,0.0206211963669459,0.0102328254313337,0.0171073657150848,0.0178250240362917,0.0198108838244115,-935.363886213947
459,0.0114688042970329,0.0227943030368365,0.00606161394856911,0.0224675014758264,0.0102581796088475,0.0175646497914857,0.0144204810215686,0.0206660850661542,-934.003981487746
460,0.0110363352305881,0.022633100230798,0.00686272308519471,0.0208673802374064,0.00857081677244012,0.0171887204436966,0.0154540583634172,0.019380472940042,-934.59822368183
461,0.0162292558217296,0.0243634456441355,0.00248319618052241,0.0212957525884894,0.00811263375826498,0.0183311051744063,0.0159016671173174,0.0204973635161091,-935.339290085415
462,0.008608538963116,0.0251002436512499,0.00338182585628597,0.026989610838026,0.00804958930472375,0.0151239075768565,0.0160486456860258,0.0226574336519273,-935.315750759179
463,0.00723186189438676,0.0250305434737255,0.00259336297744636,0.0241189983956344,0.0157962129359897,0.0162710239587154,0.0205036200697597,0.0276312688681974,-937.375956094783
464,0.0061388271711672,0.0234592116271963,0.00336729479519787,0.0276940747981112,0.0142227869919726,0.0171438247993075,0.0173842342298968,0.0228771981549367,-935.994517007075
465,0.012886881304677,0.0189187202027278,0.00232408639232939,0.0282851088530885,0.00728929042876555,0.0154508516638327,0.0166530358601779,0.0295862609431668,-936.742515645026
466,0.0147840495571304,0.0222426003140402,0.00262244132439492,0.0284946418638013,0.00880800977994041,0.0160985312918363,0.0202922667881409,0.0251608840789646,-935.629067250102
467,0.0117558495788835,0.0189408225342068,0.0034981534560465,0.0265511696821979,0.0111021435869859,0.0158799097024856,0.0173171843922885,0.0180300122776609,-934.285707839003
468,0.0127669050915214,0.0259477919479355,0.00287710264515889,0.0175122573930436,0.0112548678576664,0.0194170800231554,0.0145949467334977,0.0219613821414868,-934.857903213563
469,0.0101459755998037,0.0248382031205532,0.00413607694094444,0.0300595367044933,0.0102632944087048,0.017623678037983,0.0173211854506238,0.0226946821293151,-934.459401832177
470,0.0156259475204921,0.0250610140982571,0.00694386561009779,0.0160951492432866,0.0117733936405501,0.0133150201091484,0.0156979272451428,0.0265335982430307,-937.140322953295
471,0.00819720895934122,0.0262602919061328,0.00646746206258148,0.0166507893968286,0.0103427157796605,0.0132179901632542,0.0157300843490504,0.0250029510367612,-935.336191150826
472,0.0185482578423081,0.0183879959066974,0.00929100410298748,0.0306650671577547,0.00997941369252743,0.014463373176837,0.0199434784887237,0.0231418693608423,-938.582274849812
473,0.018562077026754,0.0264940897506932,0.00784425289086233,0.0361165023113213,0.0109967057126178,0.0217855230152109,0.0209717665325401,0.0237375972517016,-942.063563046674
474,0.00730346752329051,0.0248469455242363,0.00966506772862459,0.013006937806607,0.0100004453471549,0.0170986761413115,0.0155282940487632,0.0218420178014809,-936.698393496638
475,0.0120877893691831,0.0233833159332257,0.00298694697484803,0.0318418814896875,0.0119943714319887,0.0140276331465691,0.018470083961512,0.0203813925619302,-935.658362956177
476,0.0125647608745229,0.0213675381879273,0.00844730644995008,0.0215959287246183,0.011103897269197,0.0140741358720291,0.0167708253150171,0.0248178530959031,-935.084800952541
477,0.0108924720008639,0.0244376744197884,0.0150580325818067,0.0223523542466588,0.0132608792113415,0.0146119485004239,0.0152168358161193,0.0182111190404536,-938.047830153541
478,0.00993422861508176,0.0201897890809903,0.00388080581270956,0.0233039635722129,0.0144991858469023,0.0189033219366435,0.014676711981726,0.0178496001143516,-935.621428249457
479,0.0115870249412268,0.0254246347189365,0.00530363812327152,0.0296291991354955,0.0147764791553377,0.0209641191096367,0.0161747218101255,0.0231391396924883,-937.382889337673
480,0.0100743025043472,0.0188359725610085,0.0049012927604448,0.0229375616970079,0.0179468093203114,0.0112207905515816,0.0159430832437932,0.0228257184254852,-939.572394701919
481,0.0113514894027791,0.0280140515812689,0.00445912935748343,0.0175835394189667,0.0134831621068687,0.0188192403068802,0.016615072314339,0.0190695185736752,-935.967470463438
482,0.0119252197808468,0.0185845776974043,0.00444963369911026,0.0282166237138474,0.00738762925644344,0.0182489390701264,0.0153822787239204,0.0165498266685731,-935.902296533133
483,0.0123793264984383,0.0262290637541903,0.00770343065670735,0.0130285165107397,0.0102295720476239,0.014463887075937,0.0144240587322896,0.0182327593149765,-936.72901659262
484,0.0103343024198506,0.0262008103296528,0.00272253955650286,0.0202375805915297,0.0101950278128173,0.0209961694292077,0.0156899495339229,0.0277179709518092,-935.029243290288
485,0.010974073998243,0.0230854202853121,0.00698165168727519,0.0336086846122335,0.0111363951499672,0.0243423828921657,0.022751670971062,0.034326119698622,-939.205245760724
486,0.00834981043140091,0.027927985252752,0.00727535962479515,0.0232376282346176,0.00982964091087402,0.0220312475609361,0.0217805535440642,0.0262806078241987,-937.231906828287
487,0.0101238034416341,0.0287756092907607,0.0110187912433192,0.0154768557954699,0.0105578196827854,0.0271752754639634,0.0233021181967312,0.0309375243609613,-942.152511308412
488,0.0114728484222539,0.019152293169063,0.0035646619479707,0.0311691844092183,0.0113285938015947,0.0157173316728731,0.0160467617805111,0.0275124489401988,-935.141587323593
489,0.0101566243671148,0.0246856663375333,0.00391514668854729,0.0265303017527899,0.014694637053749,0.0170033308670822,0.0202376483083419,0.0257773291733381,-936.41782462503
490,0.00949222984585748,0.0327750721475574,0.00325532740707088,0.0251760240058255,0.0131907232311958,0.0205785676922448,0.014397753045877,0.026951833482299,-938.272659667481
491,0.00643400140572332,0.0285533084159533,0.000455827438687195,0.0229690353850774,0.0126727016556147,0.021008086586579,0.016695358703016,0.0173676244262509,-937.517234336577
492,0.00785534189310464,0.024936359733302,0.00557739025907182,0.0276145675054918,0.013120281929277,0.0143136166403749,0.0146757216620681,0.0174045942024509,-935.528154860975
493,0.00751465188561066,0.0256526866947689,0.0018850118045205,0.0290896023301277,0.0121189860048873,0.017271496967555,0.0159082648565019,0.0188424873013505,-935.238618451531
494,0.00783519797588886,0.0236674478029178,0.0102977018665294,0.0169497102429712,0.00758687925608925,0.0199971412848076,0.0143791355485854,0.0194839256224055,-937.673850745997
495,0.00728569300033026,0.0240483212393059,0.0100557555785435,0.0236574693975496,0.0118777153709086,0.0158189259008081,0.0190688157082608,0.0210649112301311,-936.039874116534
496,0.00568104739124424,0.0211160636087426,0.00736842215633592,0.0136377348686591,0.0116079287837955,0.0187332376952566,0.0182898743647685,0.0232782613858048,-938.656425561137
497,0.0172884854932445,0.0276108168556963,0.000603641229027318,0.0156803561491643,0.00857475902701323,0.0197748550273684,0.0186127781457809,0.0292576837046825,-939.230748108286
498,0.0146425172330376,0.0343139592222788,0.0047275649301376,0.0221957930156148,0.00861868079744918,0.0147207656514849,0.0190546734509644,0.0303378316425554,-939.639605690147
499,0.00321766988998173,0.0307547146911448,0.00660595453955726,0.0219264885971159,0.00916542957562298,0.0230499644922455,0.0158844452407463,0.0138981191641199,-938.209188711661
500,0.00775111374266195,0.0218696475100902,0.00492576555972216,0.0282487823428979,0.010752552057999,0.012688097240258,0.0147412827667403,0.0147740720687754,-936.127628692178
501,0.0175909094550166,0.0230070646821903,0.00508367761001903,0.0121305581920965,0.0126425418659037,0.0167214907141844,0.0129300718120275,0.0163371535497976,-939.577457599238
502,0.00901474600843944,0.0249227396575557,0.00532350165882115,0.0273358725074383,0.00946491802947459,0.0199575014767483,0.0171092639037159,0.019533569800572,-934.607073129771
503,0.00562814831483327,0.0242903458170424,0.00249489796599619,0.0300932993447076,0.0116053129221671,0.0187934870796673,0.0177813055731626,0.0255821768526799,-936.004018966141
504,0.0108678008691599,0.0240397430157517,0.00515175016549418,0.0157563722588048,0.0102544420935465,0.0160161241493402,0.0161118049063818,0.0279438714397375,-935.22288439424
505,0.00971536074086722,0.0295754880121715,0.00396092014696238,0.0183631438149441,0.0115997905791657,0.0158619154216612,0.0184669845224593,0.0315033408948975,-935.927295086358
506,0.00930155303662123,0.0209737209584949,0.00801997123695616,0.0231506644706263,0.0100098839298076,0.0136504317772708,0.0178384689652292,0.0253231788149287,-935.192420559141
507,0.0106088457173844,0.0245723506736692,0.000869417002412992,0.0288226875359758,0.0146798258321517,0.0185937142242078,0.0187055471548632,0.0143724787866468,-938.875524797927
508,0.0064853789195087,0.0239467072625576,0.00230170825600189,0.0224959872492669,0.0115944540911576,0.0175951777753942,0.0149991164854244,0.0326347976915348,-936.918670368028
509,0.0148545179040383,0.0212664506528258,0.00476888748681545,0.0206847585257432,0.00691758734855343,0.019304466798403,0.0149898960611583,0.0219043106746795,-936.227534580927
510,0.014670805489309,0.0146667459363334,0.00365023558942627,0.0192868008711229,0.00723983981514543,0.0198035198662997,0.0133111565153615,0.021474599125407,-938.518986029047
511,0.017538511797319,0.0293595598756195,0.00321909241019569,0.0165863640484276,0.00946974321849022,0.0176299617497473,0.017792110339326,0.0225788222409987,-937.484388161478
512,0.0034051423398319,0.0355221512591928,0.00207160205174957,0.0192113986280136,0.0144367865381985,0.0112393469284929,0.0157996996158144,0.0182140654495706,-938.846448470436
513,0.00750380820194354,0.0275688660999258,0.00712888723357739,0.0185237080158116,0.00911395085849011,0.0169306734067126,0.0150742717030064,0.0277674050616757,-935.849212755509
514,0.0155261874946106,0.0250581241380506,0.00185327850879961,0.0281525026687269,0.00987070908310028,0.0162273054348192,0.0151870250671521,0.025445386344604,-935.873299084489
515,0.00796490719547182,0.0267031723510301,0.00257589960341978,0.0251392726849783,0.00845723230908044,0.0191371100945782,0.0222800008510467,0.0294384895565037,-937.093247127926
516,0.0135117173027562,0.0255551257768754,0.00170292483737114,0.0252084869864555,0.00917114556842648,0.0179046893741098,0.0150285698807634,0.0143348449947888,-935.577694684853
517,0.0113905347057687,0.0217570643778674,0.00771997139232418,0.0287175740810725,0.00941687696263343,0.0164272178170031,0.0139400867097762,0.0159799657274017,-935.419425036019
518,0.0113273396247932,0.0162136331761969,0.0073983690128277,0.0314078999211837,0.0108104855494225,0.0202137489098503,0.0181101675953878,0.0215887444827508,-936.345139792042
519,0.0146420587480538,0.0219779745544453,0.00581966000930369,0.0184909396813019,0.00856833136496609,0.018511857851061,0.0159744384775521,0.0225175070687054,-935.071164200153
520,0.00941856006094093,0.030083657443993,0.00642863701627829,0.0243580596102139,0.010102022189675,0.019430171569327,0.0171443984779703,0.00692422300013253,-939.15104733162
521,0.00516658504120389,0.0249193590459686,0.00482852116690738,0.0234425547162876,0.011782140148963,0.0220850489958282,0.0141031377542663,0.0229066907083445,-936.266575404365
522,0.0127850057587306,0.0182184234389803,0.00375140958690861,0.0241684182299761,0.00812644317128956,0.0308908690178929,0.0153594841028157,0.0232986035926908,-937.719940511884
523,0.0130736151672657,0.0196077498478534,0.00209104382580378,0.0193625108183305,0.01010303479333,0.0191774962006792,0.0152887942067089,0.023004631405194,-934.253505151024
524,0.0131661456459719,0.0195186375819531,0.0011510166932238,0.0359726555056221,0.00981895996324817,0.0211739228549107,0.0174260316055663,0.0201861742778266,-936.20019693741
525,0.0163534232728186,0.0191302740217853,0.00297004176922556,0.018529038051217,0.0158470912829339,0.0187535606070673,0.0181049553450503,0.0229820061292288,-938.27161434374
526,0.0101798323168298,0.01648176960056,0.00540182806269578,0.0289931663587304,0.013411620348427,0.018651949001764,0.0151512169371255,0.0307176361609398,-937.902881017646
527,0.0168937861901674,0.0208136461915457,0.00585900991138978,0.0211480933865254,0.00706293453394261,0.0164101328171157,0.0143493429983768,0.0304261939029488,-938.793222091197
528,0.0135074908945604,0.0237780624276772,0.00631553058904983,0.0224676059615171,0.00998227964352178,0.016406392469463,0.0224255328267578,0.0343792630245697,-936.922780749866
529,0.00918064454312121,0.0232027157376932,0.00268876695761408,0.0356441172599029,0.0118665311350609,0.0240964232974309,0.0217436230387847,0.0281073627557294,-938.468134784301
530,0.0101778757369314,0.0174371998198627,0.00424299091414872,0.0355679346132407,0.014951468126015,0.026211158892723,0.0141399673059558,0.00748592932685639,-942.707882645585
531,0.0127526784608667,0.0175009561485418,0.0091244597826605,0.031168075906226,0.00857244198887966,0.0267094533748338,0.0125121171922445,0.0163980891971385,-939.465509192081
532,0.0104005598620626,0.0206253584059406,0.0126552522826449,0.0275204558179409,0.00865370559448877,0.026295615860973,0.0176881713523343,0.0254826824911945,-938.45835435249
533,0.00735912309532408,0.0243664989197765,0.0158927416147673,0.0298461447331907,0.00870534341281778,0.00928196787181032,0.0169141183554741,0.0235839326816699,-940.433430706042
534,0.00550891852248649,0.0260314152094037,0.0113920606297084,0.0184393713959943,0.00869209744635184,0.017397700967242,0.0159854914683072,0.0251010507237342,-936.923146993223
535,0.00697815144447681,0.0238977299795089,0.00488713137332325,0.0219411351378455,0.00969851235697208,0.0159669380796819,0.0212918133112385,0.00966436370356483,-939.910799116535
536,0.0125723194154067,0.0258244382532279,0.00337220731493484,0.0226704411708387,0.00990306734880443,0.0182021610781225,0.013097896665782,0.0150151368637377,-935.184488841257
537,0.0125140527264468,0.0233795314971545,0.00619946790438043,0.0350356690474125,0.00900374615263172,0.0189738546336372,0.0202743019898641,0.0338415628138301,-937.661131259011
538,0.0103432092469107,0.0226515768342263,0.00228226105744734,0.0384601047198792,0.0122897826622635,0.020758669234986,0.0188446780230216,0.0236770703633837,-937.328394764031
539,0.00971021370304481,0.0284178660794406,0.0122894805915791,0.0366158181398221,0.00971346189607401,0.0218270963801535,0.0183222957767896,0.0193560341896205,-939.810544546579
540,0.00775245128093998,0.0283296324197403,0.00915490859929974,0.0109956577195567,0.0125029052937404,0.0222593419453981,0.0147081602909254,0.0147943692351218,-939.233939780534
541,0.0105345346158071,0.0243270206660881,0.00661620517815512,0.0145821174469444,0.0125007722851544,0.0159452476659588,0.0169249632060623,0.0333295220407051,-937.479432550083
542,0.013898536757182,0.0255462540613987,0.00408894412334631,0.02271068922881,0.0113300211781224,0.0111784733497363,0.0189286952659125,0.0331401097958735,-937.179684735376
543,0.0108628140866805,0.0221601823712361,0.00352324677846666,0.0257321251215986,0.0134205954892167,0.0186985940426959,0.0173550590313314,0.0169062741811466,-935.090229754056
544,0.011281626347827,0.0188208215804774,0.00510683143003532,0.0247080898250315,0.00952238014190853,0.0166758377939928,0.0174677685953959,0.0220790698524232,-934.143555083998
545,0.0116178867817838,0.0255935613006072,0.00510699804456161,0.0246746605673731,0.012333850180146,0.0128388059892575,0.0142532647225781,0.0230420737693667,-935.320516601457
546,0.00241220333597535,0.0283193832051841,0.0068935845154538,0.0181120091338409,0.0105380611671743,0.0184431405855643,0.0168625365323943,0.0237742232947314,-937.014824230439
547,0.00921336195337539,0.0281816012909094,0.00294057637674483,0.0114722473863574,0.0109652846848051,0.0189150624458417,0.0193146815913377,0.0228618211922016,-937.185002568741
548,0.00748350468847566,0.0315799722805332,0.00315658319249875,0.0241914636511294,0.0132948036042403,0.0150493425313208,0.0132839906452307,0.0168565931534707,-936.444218559029
549,0.00160688535009797,0.0332663633097239,0.00735806409019308,0.0289505586710173,0.0128283840047666,0.0148947691398256,0.0131772293171406,0.0192105476977342,-938.937461870809
550,0.00619081543105296,0.0335335524357197,0.00639980600291208,0.0162278293185341,0.010271540562836,0.0166950206868481,0.020227100832734,0.0227342891871436,-936.987216792295
551,0.00592267806381522,0.0315320250805204,0.00611733549023746,0.0210477477777202,0.00862684273293877,0.0168155141133729,0.0148895626250914,0.0277274068035434,-936.468656255506
552,0.0107372037760954,0.0238085940956256,0.00966429831277569,0.0251110509249484,0.0118341498752638,0.0277853450545842,0.0133469440282207,0.0201819717416636,-938.698180009657
553,0.0105777004945377,0.0249322937411626,0.0061393316446451,0.0178331685884367,0.0105663366976722,0.0191204616701358,0.0189649516741175,0.0185259100954377,-935.307454599547
554,0.00708266814362506,0.0243806809939142,0.00232885770721357,0.0225465141485517,0.00791510669609942,0.0154122243710652,0.0129251698796985,0.0161804472779821,-936.78174063446
555,0.0153557340819455,0.0174724989914082,0.00404690043999487,0.0272644772543739,0.00694186039843275,0.013808109873118,0.0154817066760843,0.0200289217850172,-937.415895730698
556,0.0108759081064471,0.0274904699634806,0.00615876515526139,0.0197622473875321,0.0160763610578037,0.0111571083964392,0.0121034104645571,0.0207723814953113,-939.442740145764
557,0.0097155559647704,0.0262457691257696,0.000234166716743995,0.0250787569686657,0.0122633214919832,0.0198624397169163,0.0204282898362061,0.019515513132055,-938.438058624281
558,0.0118253561613833,0.0181755062790194,0.0126548921319584,0.0278210036798769,0.009381092982297,0.0181690360896937,0.0128618148201075,0.0153304321374149,-938.294815409775
559,0.010499974311872,0.0321318095904662,0.0153555680574015,0.0091102913786139,0.00758503824684489,0.018473823318918,0.0145579594669788,0.0165423014697238,-941.63603097998
560,0.0101896231489345,0.0228248763220513,0.018333298407443,0.0142949745260984,0.00770139023977055,0.0210662862604256,0.0141442540830755,0.018392723434488,-940.587113840236
561,0.012001647040229,0.0252306001009623,0.00326723267629255,0.0292248073325671,0.013300015096547,0.0183955742759267,0.0193665171250234,0.0225727015001214,-936.166710058806
562,0.00575706203113098,0.0287044667567387,0.00519642319045844,0.0291056824508411,0.0101423662946634,0.0112719661096702,0.0182683833106613,0.0360499821771722,-938.675696844034
563,0.00596894586703828,0.0291441883636963,0.00361529522671457,0.0135185153019402,0.0126055332219972,0.0145126265370233,0.0202961803847574,0.0360845717062363,-938.726608201397
564,0.0105001951990061,0.0301971576905078,0.00247186572188969,0.022823272617523,0.0125193960335471,0.0137593516781108,0.0213921317075076,0.0381015307603341,-938.681645006141
565,0.00853143546706756,0.0252590351450812,0.00777052433694037,0.0215687458799061,0.0123250600487382,0.0201528620651455,0.0198549653145591,0.0321840336122201,-936.688498753863
566,0.00681074710785625,0.0210906914946394,0.00854339087825724,0.018108464396264,0.015867517071737,0.023559397530066,0.0209474614741632,0.023888288517399,-941.181137431367
567,0.0184662482391991,0.0234209041572784,0.00816942503763242,0.0190157925261084,0.0117174031316178,0.0106940847267448,0.0169556308020789,0.0389018887031939,-942.443428725646
568,0.0120986045511629,0.0235729988929093,0.01210968155232,0.0170972197844798,0.00978691840877212,0.0278152360144273,0.0238844405450273,0.0327669534303841,-942.426910921277
569,0.0102268197192687,0.024613428467081,0.0105909934630362,0.0278091730708183,0.00942655493484433,0.0256602106825425,0.0198978006082756,0.0167587959446781,-938.815848265729
570,0.00884532632935847,0.0262164306369522,0.0120604667248753,0.0353807013603874,0.0117873998283152,0.019455298336074,0.0150512907778268,0.0223364742104601,-938.350952629125
571,0.00570858347395914,0.0228568614325233,0.0120573777598552,0.030247024908542,0.0115214309896405,0.0139334770563127,0.0173565589546497,0.0257567069652391,-937.236262352033
572,0.0110406779379135,0.0218926167251344,0.00803381985583395,0.0224210727309204,0.0101099031918035,0.0209581554588579,0.0153502214396155,0.0238341582634773,-934.958126592752
573,0.0106452834254151,0.0234596627962553,0.00351680298064814,0.0347143151732072,0.00848061049412061,0.0167338237719463,0.0143531614176352,0.0195262978910845,-935.947787345037
574,0.0141003358683356,0.0236617498990236,0.00464872594406794,0.0169654942072181,0.0107916372029132,0.0162950744011644,0.0173827774479939,0.0271916038147565,-935.029945290785
575,0.00835790892570436,0.0231748010879944,0.00841452087402834,0.0327529415603319,0.0116003331729018,0.0140805282810047,0.0158407131959897,0.0176992491364959,-936.3238326087
576,0.0109909402202431,0.0265531349058006,0.00329065393991275,0.0329355228462775,0.00868108498849958,0.0240408757300237,0.0182951709706765,0.0360209844762521,-939.029603307711
577,0.00877311726318237,0.0295126007043595,0.00416847435707102,0.0242069098394476,0.0101085192541231,0.012593985926032,0.0178700897917346,0.0246797040811426,-935.332949809609
578,0.00847243537402571,0.0233805518048007,0.00471845597829989,0.0204795051355203,0.0114682740106916,0.0181791339124148,0.0168275392799024,0.017700468610816,-934.264370138365
579,0.012954582522721,0.0233028233522064,0.0145744020781441,0.0127118952434678,0.0102194646047718,0.0274559221189735,0.0132857895771925,0.0202017530392237,-941.955747024432
580,0.0109290037336048,0.0249186451770474,0.00377261245917983,0.0318800226713093,0.00840540889542998,0.0124909866592754,0.0138599103211856,0.0181267801471066,-936.91106259408
581,0.00789808255819411,0.0192251118635688,0.00375122216117216,0.0275116564497386,0.0141862110546453,0.0240408231742773,0.0145631487718712,0.021785657311364,-937.537955311189
582,0.00789138631101902,0.0276408515271219,0.00898186459163311,0.0363031043397899,0.0116694777914403,0.0241740067133299,0.0129716086250406,0.0433288712943424,-947.198904743672
583,0.006318931563971,0.0289283285056322,0.00218409620392536,0.0321652472385812,0.00986920909127117,0.0228487665270686,0.0239743190108725,0.0331394462653698,-940.393981649428
584,0.0109565978498479,0.0230694641144389,0.00771918312993052,0.0168084847118852,0.00918351279039837,0.012246895156921,0.0273777372984594,0.036541993593308,-941.552072176118
585,0.0144980585251013,0.029829384434663,0.00569624462468002,0.0147391714952186,0.00767922944557511,0.0186483814094352,0.0120052727713913,0.00691907873825615,-943.289150297457
586,0.00690032636733364,0.0317454244255609,0.0051896967464452,0.0272347655425782,0.0119621576715172,0.0148358683759864,0.0151450666244326,0.0339629567305285,-938.301745196395
587,0.00444308179483584,0.0244724612947803,0.0133686476757218,0.0350516798200005,0.00759348049645617,0.0150084396634166,0.0137205838713102,0.0267911392595974,-941.195763645818
588,0.00833264647800785,0.0231055691465544,0.0140666204789098,0.0433783164213278,0.0152620016343148,0.0181280971233211,0.0122239467217953,0.0239223701658864,-944.543385557099
589,0.00219560942111741,0.0243135865920666,0.0047255550902012,0.0377348092007096,0.0161586722052761,0.0182372595009623,0.0115958979656,0.0181605028851475,-944.837050109561
590,0.0138647596467122,0.0150280080451286,0.000903467152964198,0.0131236388369148,0.013985074004684,0.0172726316032529,0.0174322305011678,0.0267972365926601,-941.49972386946
591,0.0122074408040057,0.0158619396485025,0.00432238583840915,0.0396179834122142,0.010328095806679,0.0191903049748838,0.0196022832213744,0.0250155701819211,-937.467426074407
592,0.015038869877761,0.0241993227840848,0.00490335819118696,0.0309173272501004,0.00987652814405,0.0194413798518645,0.0166759026283883,0.0259051331795309,-935.82165293583
593,0.0167357245455887,0.0201275824417964,0.00329442545009987,0.0190148504510918,0.0101579591414853,0.0143565536264077,0.0160382852569865,0.0224073456835799,-934.959987653221
594,0.0131433184125344,0.0159528854924452,0.00707555366364221,0.0406283118237994,0.00980024533977935,0.0218040053111114,0.0197084522861155,0.023329920741921,-938.551515492505
595,0.010860417199486,0.0242164394105439,0.00179922226147586,0.0307590705420021,0.0103891379290757,0.0183691183526934,0.0227445035848514,0.0337149277764371,-937.346371511841
596,0.00776826876668652,0.0220401235011621,0.00824261402198708,0.0293285639338496,0.0108376509501779,0.0156688494929274,0.022879081967357,0.0226049207644779,-937.882587224158
597,0.00402954153872364,0.0313821664810472,0.00936582649304433,0.0123603406239958,0.0110420236487667,0.0170953956788666,0.0180902531817278,0.012668370702468,-939.009876780092
598,0.00243966521991505,0.0321309942557478,0.0073861845563505,0.0102679168187735,0.01204652240498,0.0177174716517523,0.0166258733043485,0.0215018533937952,-938.923058354772
599,0.00259075239508662,0.0396436319233831,0.00714431954858195,0.0293242071823185,0.0109030688681277,0.0158318594868974,0.0168809852292471,0.0245129035260135,-939.408152900743
600,0.0016588881178601,0.024211278907221,0.0143627912857926,0.0338417420531497,0.0100271537445016,0.0171362593011087,0.0132140176165851,0.0387524771186655,-943.969703385615
601,0.0115126538763133,0.0261528696955541,0.00320626344489819,0.0142378806460553,0.0085974892801108,0.0198640114891355,0.0143288295548226,0.0217218574403746,-936.055889183717
602,0.0114082436338194,0.0219823319436725,0.00366528052626804,0.0272269083884516,0.00907662656960179,0.026537234426419,0.0196149160854596,0.0299707576376358,-936.479674174965
603,0.00960655154010802,0.0253682216527817,0.00589819019994682,0.0323692442822992,0.0071469651560156,0.0254009441872814,0.0192295233560696,0.0297160164676189,-939.0004991519
604,0.0114317049746189,0.0149480644702454,0.00525312302678625,0.0241482861551008,0.00831458784261127,0.0212016866992169,0.0204623743598853,0.0266113473586516,-937.580066051436
605,0.0133384305398962,0.0160285835393548,0.00184189908366486,0.0288919532846756,0.0112732841906365,0.0245011934242734,0.0170691885060976,0.0233318662970506,-936.398263914534
606,0.0104936981956528,0.0173072828771003,0.00562384315018198,0.0276561488138713,0.0141640116388084,0.0128572190069763,0.0231399812881539,0.0344243122677775,-939.177588513778
607,0.0102839360302113,0.0295524559882464,0.00455134376790469,0.02576565857828,0.0105721262164745,0.0159149168517499,0.0163694712499036,0.0241896427083573,-935.064279900542
608,0.00590214729356623,0.0277071642885611,0.00336396515289003,0.0156921361779919,0.0104573622895931,0.0136559408103616,0.0136823014553199,0.0169274265958629,-936.193660204016
609,0.0159077909526001,0.0161587378787565,0.00306586980196704,0.0331167542977308,0.0133724111055967,0.016381393371626,0.0166988672780737,0.0302407596137545,-938.36602156382
610,0.0196496091597039,0.0190251108078111,0.0020422112625268,0.0194622060966254,0.0132262621714462,0.0151248515812943,0.0161466335501625,0.0216848528959422,-937.031143951875
611,0.0161802654232134,0.0210972922852441,0.00838834595952986,0.0210366777478615,0.00955599893895598,0.0180318897131316,0.0165272497154,0.0241903462286187,-935.870803581611
612,0.011852271914028,0.0280748855184822,0.00778461481325272,0.0254558680962067,0.00987251832398465,0.017684217689322,0.0170879306126765,0.0287430683157735,-936.255292417309
613,0.00486625880580606,0.0209682945091445,0.0024596724648096,0.0293506292246575,0.011430377920832,0.0173202317491367,0.0184573032122849,0.0196180442918408,-937.389049693765
614,0.0109887244935348,0.0195996916581342,0.00662373907078936,0.0344613536855329,0.0103377239114731,0.0220631629662716,0.0169731802310122,0.0180004567397675,-935.897582459218
615,0.0149833053077554,0.0208656949470956,0.00205344161102378,0.0275882888617091,0.0095032824365857,0.0151656506326586,0.0121434315890322,0.0169777079509842,-936.016563207445
616,0.0186377045231369,0.0155470149328261,0.00609802059458395,0.0216861349676514,0.00917550648150856,0.0277691503864687,0.0137363733368828,0.0212654894979902,-939.395794881751
617,0.0106609845049399,0.0183595764840885,0.00167687193058755,0.0208621246654486,0.00780494653303846,0.0202917261850106,0.013719583697466,0.0194515554240703,-936.239079280024
618,0.0109842874630051,0.029480607851884,0.00353849526610585,0.0196619689396602,0.0113492779500883,0.018097253974665,0.0136137881826853,0.0249217645101549,-935.772017047735
619,0.00655841969028603,0.0193972550045989,0.0112618126778922,0.0171672113225894,0.0111705289729811,0.0130444331310763,0.0145546331584103,0.0300083429264619,-939.601710461554
620,0.0117037194363375,0.0278782164392827,0.0107567386442852,0.0286738348459102,0.0126143095397702,0.010796252451151,0.0144180140999726,0.0106251625719244,-941.087508410965
621,0.00426870148388126,0.0292052627713309,0.0039050344808805,0.0189180882340269,0.0145111166230211,0.0149222037080638,0.0183720429895284,0.035665782256996,-938.654092895585
622,0.00578809674293322,0.0286487576783064,0.00236320585323203,0.0313818118884048,0.0111769862175007,0.0185681424565563,0.019577422958649,0.0239950185292309,-936.829863096911
623,0.0133233496559171,0.0265501088955959,0.00228504514251806,0.014343436568334,0.00730203433294668,0.016682489043674,0.0140468321849824,0.0199277025896307,-937.413650031372
624,0.00783482223974266,0.0317748612126565,0.00548233738408469,0.0193795583581377,0.0107070756286919,0.0148628279530073,0.0170060774371898,0.0170407988820399,-935.61286225484
625,0.0109691765580973,0.0260312591958483,0.00372529286518689,0.0323411808758243,0.0106377636201252,0.0143184179121803,0.014066946298983,0.024896169173163,-936.350602019347
626,0.00803700674798274,0.0217303585093751,0.00300655215285807,0.0293851086103375,0.0109343998823137,0.0197882737686718,0.020058903440068,0.0331462363594744,-936.257670231839
627,0.0111690319613004,0.0241669397987957,0.00257161836750429,0.0281725665113761,0.0115145298929677,0.0203671827479629,0.0162368988233849,0.0333376977062245,-936.534596979763
628,0.0162836002977255,0.0162521606425043,0.000586822447680041,0.0294781156200042,0.00685588392807749,0.0237889714125707,0.0207283425278627,0.028893851395835,-939.817268055544
629,0.0112613621892615,0.0170285240116293,0.00249590106831237,0.0298872457874205,0.0127325410166904,0.020019037888138,0.0189563354296694,0.0220749046916576,-936.08930053155
630,0.0124328294987803,0.0186723707358948,0.00564318956556055,0.0199818409518697,0.0120288814017397,0.0154047326435877,0.01777344442332,0.0199776728217979,-935.087792338997
631,0.00746127801989242,0.0263356696775666,0.00388692899550882,0.0259254173608081,0.0118799027963944,0.019936871430975,0.013277529551248,0.0274632199606742,-936.511381956388
632,0.00955630470153546,0.0194951209015245,0.0106839998444397,0.023226334875807,0.0114888199732613,0.0125321847292204,0.0137145663821422,0.0295086347133055,-938.144961858602
633,0.00879716073138379,0.0244175737550962,0.0147732496852559,0.0290255974033466,0.011067619192943,0.0248387305617042,0.0148049822245451,0.0183880294239617,-938.928009224088
634,0.00745674388731193,0.0255194648469254,0.0180383274325052,0.0291952940143952,0.00985377532082582,0.0194726864007692,0.0166155681233257,0.0281100753226754,-938.92659920135
635,0.0098261290646635,0.0270183957453218,0.00663842958077488,0.0180892593759195,0.0144768641243502,0.0123060649693749,0.0194542421509464,0.0303584912691065,-937.677894251292
636,0.00861487176489141,0.0235050731696856,0.00698971852293412,0.0299458152701035,0.0113814812585711,0.0136157205604963,0.0198128015094431,0.021807488870545,-936.037212969712
637,0.00733793253978753,0.0178858860080424,0.00329365843850474,0.0155170132981481,0.0113057754906367,0.0236281607149705,0.0156721061256104,0.0266339874273155,-939.129726490545
638,0.0199230317752223,0.0178979950956002,0.00593878049525294,0.0214441740558299,0.0152148984792672,0.0191965046286507,0.0201244100237325,0.0330963937546442,-941.29485323986
639,0.00902376080787573,0.025088217067257,0.00320829939327742,0.0269410207946448,0.00957399652044913,0.0211484136999317,0.0205774584638594,0.0204615806878172,-935.894842792153
640,0.00834076354218125,0.0172056063014722,0.0102378899653589,0.0269626939014253,0.00941134717928616,0.0180367908562594,0.0130270031792344,0.0193878168427874,-938.15536512221
641,0.0187990101510065,0.0221531009284255,0.00550609203068604,0.0156012397082227,0.00985485701528707,0.0168963802443141,0.0170273528205131,0.0171147209315837,-937.378219022295
642,0.0151021804009324,0.0226040974401905,0.00261002437279504,0.0336763523395956,0.0112618558907897,0.0183197652981894,0.0180921399551322,0.00795525757496637,-940.038629996062
643,0.00843827180735474,0.0270267884857255,0.00231986727737321,0.0325538602095359,0.00993182175783719,0.0216256604072882,0.0118166283533878,0.00475346832130411,-941.793122711256
644,0.00881441851247512,0.0167481080666299,0.00256982512869689,0.0267856190611018,0.00822354905982964,0.0254923502172341,0.0193459609391763,0.0176204000586713,-938.262927644194
645,0.0184560490562675,0.0202908224798758,0.00293092627564976,0.0270522418524716,0.0103109417023035,0.0180343174612021,0.0183854359530804,0.0307843310256673,-936.478433936342
646,0.0187929070778026,0.0209363183781408,0.000877204984465231,0.0313281709637991,0.0085753691603102,0.0141157027378218,0.0181569229841876,0.0205916901964064,-938.208564538442
647,0.0113507514924421,0.030479420852018,0.0108853777707225,0.0233446863408324,0.0123049779354446,0.0137878153493897,0.0189820806874086,0.0349729099831867,-939.57965265221
648,0.0114602226653988,0.027739984913126,0.0127593080136436,0.026727582538619,0.00801813380649449,0.0171701041809119,0.0183357056068176,0.0135606613709244,-939.769107754562
649,0.0169563828187677,0.0164355356368881,0.0156781663409348,0.0220229482128395,0.0108050131607781,0.0173829247719825,0.0169966807430518,0.0114551901717943,-941.933201696409
650,0.00981078481387591,0.0297007159309288,0.00966574914717452,0.0173329173353134,0.0100996397981154,0.018242513058236,0.0140186892120484,0.0242827934045358,-936.766210407837
651,0.00900425780651918,0.0204433926674649,0.00139893702011556,0.027683607270669,0.00860702025304961,0.0177436400436908,0.0145877502184058,0.0330757325516682,-937.962651533191
652,0.0158412439313908,0.018784505644159,0.00475106567294373,0.0281942964729162,0.0105936313432104,0.0169044747086443,0.0160249944430328,0.0116339153238717,-936.857078460774
653,0.00902788288667162,0.0222626474942357,0.0017248768213238,0.0240496942644622,0.00948541062618019,0.0191218322659842,0.0161000071986032,0.0247882804003907,-934.445171458379
654,0.014394110680962,0.0165178130054202,0.00354124813135325,0.0264522664369394,0.00981769713795671,0.0222504892972525,0.0185139825611563,0.0278743748402236,-935.647827259142
655,0.0143972806536288,0.0196817188998468,0.00458916261278743,0.0205637746463905,0.0103411043578257,0.0206733318505156,0.0157414547442832,0.013953184399636,-935.365952255598
656,0.0113682683860861,0.0205258384773732,0.00494126742664621,0.0166294774299129,0.00981974549836886,0.0139097740922174,0.014680315269279,0.0138850428522179,-936.071203460284
657,0.0117205394213474,0.0282355758616204,0.00648060104803087,0.0192033608222597,0.0101645387258715,0.0220526509886217,0.0158536116488313,0.028817464914241,-936.726707575891
658,0.0135320224185375,0.0265881959189525,0.00499268347126849,0.0304085428615639,0.0104379191092889,0.017652392646963,0.0211685866611096,0.0319879201186409,-937.438274420556
659,0.0101867339883086,0.0160073105369945,0.00384793281963787,0.0238696348781322,0.010144405804272,0.0177318444607127,0.0164321438395205,0.0407038476781872,-939.660059498533
660,0.0127688655280661,0.0288528461356624,0.00344235870233694,0.0183453149836226,0.00984365378496671,0.0153186552553006,0.0246053092816143,0.0172042736502833,-940.962322667368
661,0.00678733479173405,0.0293407339502228,0.00730879382150743,0.0243476587213978,0.00955180402183343,0.0196155891431335,0.0230102362745945,0.021543950915254,-938.472776203231
662,0.00382680660988963,0.0300513804433117,0.00491718279123489,0.0201160873700959,0.00913953763834813,0.0163966927577705,0.0212790420515888,0.0363936257895044,-938.483101510705
663,0.00450269917235608,0.0235555947501253,0.00648463397995622,0.0295699898682299,0.0117779243688871,0.0166001369537438,0.0182931286091276,0.0162452688391272,-937.40775774396
664,0.0157840520495971,0.0256660461616484,0.00367765717375406,0.0278573444769424,0.0101532610395984,0.016085705598526,0.0163436091329654,0.0217464044480568,-935.415534742606
665,0.00589845872268062,0.0371117000222984,0.00327373224119881,0.0136504791916491,0.0107221673563947,0.0140672584629679,0.0131211277936905,0.0157141939792203,-938.497897156337
666,0.0050494053435031,0.0322471189903117,0.00551671736721767,0.0212585194175417,0.016241180779519,0.0147505021088902,0.0161468963702707,0.0205294112314629,-937.950128845483
667,0.00661301667617171,0.0157024498493605,0.00635224193464204,0.0289501476511393,0.01471111977175,0.019389542861876,0.0163280607721186,0.0107696448783047,-942.104669913318
668,0.0163163559580576,0.0213834076821392,0.00616822690573582,0.0185363334781169,0.00729506656962374,0.018592786130319,0.0157281242757923,0.019365724638772,-936.770173432885
669,0.00958609234343674,0.0218103250951369,0.00242739396507986,0.0207071445687979,0.00800550857896169,0.0266566274850093,0.0181227461639396,0.034128390297689,-938.085568331728
670,0.0121724530541235,0.017772465589452,0.00233286870635945,0.0333253177043552,0.0103527518940405,0.0124802576621283,0.01938799063327,0.0415318782260659,-939.710123302035
671,0.0133662651887532,0.022198953396667,0.00173991587119868,0.0341650234179188,0.0116902414458396,0.0121124811506385,0.0210036520534632,0.037340583478627,-939.276209247895
672,0.0087634022132085,0.0241432857783517,0.0112333883618465,0.0353805525190923,0.013782689494054,0.0128974743744747,0.0247510854168054,0.0381120497334542,-941.956365169071
673,0.00865897272411314,0.0262298390890058,0.00994930346202628,0.0315436308954289,0.00895732148041176,0.0210387965719131,0.0175401149159829,0.0186730488464958,-937.168390381849
674,0.00952197493243507,0.0227083511648856,0.011502766181592,0.0205440192520363,0.0116242329368787,0.0225956790235946,0.0125407890497929,0.0203243264180041,-938.001568818558
675,0.00638018020774529,0.0249543436708206,0.00370028328147011,0.0227242395001984,0.0104446856987968,0.0197345128320288,0.0176298452767284,0.024902041963104,-934.699122909385
676,0.0163996812856787,0.0204989751285642,0.00696108593669823,0.0233333377554628,0.0117707719386704,0.0232535910563503,0.0158001878849091,0.0196173126137479,-936.583856089627
677,0.0128646332449435,0.020284072427056,0.0019328992909429,0.0251379599446936,0.00909105537644836,0.015337582714491,0.014628598930088,0.0229308393155038,-934.452597091668
678,0.0129726801616367,0.021409046213291,0.018519787772125,0.0264699579088823,0.00958964106092709,0.0164866673363449,0.0200250549153004,0.0265483679488919,-939.547874270816
679,0.0100719073712415,0.0245364599022592,0.0119167218615958,0.0147929081034877,0.00914628152858264,0.0232404751963179,0.0189921352104777,0.0349366595280942,-939.803804694228
680,0.00844941144831434,0.025881013274004,0.000936746988181398,0.0174920067595545,0.00753086822658953,0.0242328903329172,0.0196410903243157,0.0334814739820187,-939.493037678524
681,0.0130321029194584,0.0257417533570154,0.00110399356989532,0.0237483507480906,0.0122927500004207,0.012229308990711,0.0170372120396026,0.0121141661949003,-938.346671377763
682,0.0104927000827407,0.0209181788962489,0.00734805523225246,0.0163858091377744,0.0128374478738945,0.0267528611453994,0.0164645327946964,0.0206795625037514,-937.981300853712
683,0.00747254105010623,0.0193228868669686,0.00347621822609017,0.0198104721589724,0.0110256663991834,0.0167802519098613,0.0137391983754911,0.0205780162012379,-935.892262223066
684,0.0214505616554607,0.0219131803120095,0.00435686932935557,0.0299992215641036,0.0091103773848938,0.0147554532893014,0.0152195085962266,0.018657159633231,-938.274490117959
685,0.00958739831856816,0.0172729105205894,0.00716157259871996,0.0360882366219591,0.0101397530562064,0.0246273225482999,0.0181819937275161,0.024195625936774,-937.515555532302
686,0.00880867073591272,0.0198891418095199,0.00675172871676215,0.0304701894517573,0.00692123990442296,0.0142993807646331,0.0140401405669383,0.0202091409933293,-938.326288408309
687,0.00965294266059616,0.0230911953874285,0.00442118527042745,0.0171430903863052,0.0154940485068758,0.0169194692368086,0.0139905508972037,0.016587397299458,-936.933459456521
688,0.0112785342436003,0.0247445223149619,0.00283906270476315,0.0168422742643274,0.00689568460696722,0.0151386212538212,0.0136691120336286,0.0202873479006908,-937.078377070755
689,0.00654927040711127,0.02066421216696,0.0106665157344127,0.0323032357850893,0.0137996665177153,0.017487166997048,0.0168509621733807,0.0393618534524472,-940.946887337196
690,0.00500912439829993,0.0268010946197208,0.0134666145003204,0.0238225295447332,0.0125947990296464,0.0275193379766522,0.0182067193679128,0.0181047775946402,-940.543800875187
691,0.00857483293808674,0.0327861484010132,0.0138301481348758,0.0225619412182486,0.00702043472038956,0.0160028846764873,0.0175809177866315,0.0188692699149319,-940.437145377826
692,0.00467609138663278,0.0226295692922624,0.0117706968594815,0.0215685926195383,0.0141734348869339,0.0168690993793478,0.0160564501713106,0.0257497666779547,-938.418702488621
693,0.0153973832876308,0.021756947942207,0.00121437949633436,0.0275365820114451,0.0147739043611265,0.0157361614977224,0.0195674643070613,0.0232232409081873,-937.836895992745
694,0.00939647431213007,0.0227228152106121,0.00723628799349169,0.0212231661954689,0.0065640164560165,0.0172404144426009,0.016525830372743,0.0309979243407468,-938.215891300657
695,0.0118916071012266,0.0206716692160889,0.00633722397323196,0.0177603378130207,0.0161424023700628,0.0160515724604868,0.02052648593043,0.0326402029234791,-939.216453615639
696,0.0104838064828187,0.0319383875157099,0.00132870946067481,0.0246078913121615,0.00798967392806323,0.0150750354030126,0.020389474794169,0.015132846234912,-940.205584663023
697,0.00777163476703504,0.0278844080210057,0.0148838036115472,0.00829590190572763,0.0124745005120934,0.0132895614010711,0.0163764128892761,0.0282686788231867,-939.922009182855
698,0.00738928785273646,0.0282070880855007,0.017891736910192,0.0379756440807679,0.0123327228811247,0.0124165187285544,0.0185305770435149,0.0252980540987033,-941.317846270088
699,0.0106089759096891,0.01634502450434,0.00547347995421331,0.0356698099415126,0.0153588364622452,0.0199283937207511,0.0211410233424024,0.0271917552861702,-940.067105848944
700,0.00450629629688509,0.0327245195621477,0.0118489812200453,0.0237861204401007,0.0140007445855863,0.0118868170202448,0.0190344293349881,0.0192103969416744,-939.576910266665
701,0.00392385984035928,0.0239298737820359,0.0122405104499432,0.0305731607537737,0.0110884552986952,0.0135171977806815,0.015160207161126,0.0292626487610105,-938.330666688239
702,0.0132156712077491,0.024919501969349,0.00203497246402678,0.033364484036026,0.0121634887545449,0.015613926986873,0.0184295479667731,0.0257989310844602,-936.617003491968
703,0.0129225522256171,0.0164627532271824,0.00157569370988372,0.0102130321815471,0.00993313510997423,0.0122908539916033,0.018161817205573,0.0250993997600881,-942.130300146441
704,0.0172417146317582,0.0188219223783306,0.00369559543155831,0.0379953578205015,0.00975922978883535,0.0255372470668339,0.0176187260255938,0.018550022389697,-938.689653025782
705,0.00987460346017777,0.0219722849767481,0.00160594817858544,0.033785840332136,0.00928946886321023,0.0251373487627958,0.0120974849472258,0.0124036177544695,-938.735730486655
706,0.0122482636388835,0.0192129480953154,0.00282151492560241,0.0295009766797682,0.00977786602263525,0.0243422901845744,0.0162158217733401,0.0241950857722928,-935.078845773226
707,0.0112404558697707,0.0202295784649605,0.00644917975759011,0.0178621889022977,0.00990799117208532,0.0243354320822242,0.0184990953406444,0.0268364950456474,-936.356781737967
708,0.0181488643640593,0.0174442756261045,0.00131588178088724,0.0204061830240637,0.0108063754490001,0.0123789535856276,0.0169531207086485,0.0259203698985001,-937.013439766008
709,0.0113973819845358,0.0247783168809541,0.000919905234658137,0.0212910631933813,0.0117915056649001,0.0219063707706389,0.0145085962478012,0.0232343285220698,-935.786839960958
710,0.00999097147424291,0.0270053195119544,0.00126860929099083,0.0250537666510812,0.0107395429259655,0.0163900305297712,0.0174648855720559,0.016816011670701,-935.3676928702
711,0.00410397778900033,0.0298479329679476,0.00630366134785242,0.0369815638974107,0.00984807475337119,0.0200459888951767,0.0160073783239458,0.0166668782026245,-938.936030374706
712,0.0124762759417252,0.021418984141786,0.00351428656157992,0.0339828866059595,0.0117823024037321,0.013403851320925,0.0166255892850746,0.027285058383793,-936.111428458159
713,0.00970727448139658,0.0226945503397567,0.00967611823253055,0.0279802037796025,0.0125530058854703,0.01859819181541,0.0178443431859944,0.0298465806252928,-936.518448169297
714,0.0132650490904307,0.0209371073806571,0.0140682728641278,0.0138759048632567,0.00921224029799804,0.0138357569998957,0.0202999405597824,0.0333592664149964,-940.569363392255
715,0.0102864363504772,0.0262014010525132,0.001906284152426,0.0231319134201613,0.00942773721821587,0.019606035638709,0.0226322045885169,0.0326734652164699,-936.910047288657
716,0.0113965780124184,0.0238674896921309,0.00513405501961676,0.0352770092636186,0.00986954958813296,0.0201281745602972,0.0187415977238957,0.0313283862299159,-936.800736952733
717,0.0120866786061879,0.0159179020900306,0.00417085692612277,0.0324259656973179,0.010741575628196,0.0167026998356678,0.0186870137210177,0.0283811443724824,-936.117327306394
718,0.0100680459233694,0.0239071350076542,0.00532508576624301,0.0184837544451099,0.00823413521236921,0.015446297887803,0.0168469936111657,0.0147854256377766,-935.90434440621
719,0.0115350018300974,0.0248541370873844,0.00198062998897104,0.0183975411650955,0.0117573732102353,0.0190269528300602,0.0146215656739013,0.0171290746660654,-934.711519842474
720,0.0119252870039523,0.0206973669303263,0.00318377125530411,0.0183478188997043,0.0112984604124748,0.0145653483144593,0.0148725851528279,0.0220472485473202,-934.309939038051
721,0.0187275913079021,0.0203933851988212,0.00343237760119142,0.0138000223226989,0.0118117513251332,0.0167034431083135,0.0169466932247487,0.0290385298594503,-938.238544168079
722,0.0176471980641427,0.0290947702829914,0.00520356061667053,0.0273290019364382,0.00961520857322311,0.0153820152048491,0.0182083833495505,0.0309371845570693,-939.038210590584
723,0.01537451432053,0.0142846481112617,0.00409374029642113,0.0237806377619897,0.00719071203810381,0.022183739052092,0.0160004380564635,0.0259829206000366,-937.939010095441
724,0.0165452540896285,0.0285313864822226,0.00213984772685383,0.018632671116517,0.0106828735822807,0.0120209166748527,0.0179403862208465,0.0190921167593861,-937.662658786724
725,0.00339070405530328,0.0337117125250925,0.00389486789422184,0.0250309422329754,0.00989698675405491,0.0148854733389525,0.0169374691114502,0.0207562261031234,-936.421901996043
726,0.00567443374650908,0.0240069971813992,0.00788495960969385,0.0263163556824187,0.0136514280167945,0.0198015005868364,0.0172675199254835,0.0224863948013141,-936.559770317516
727,0.00835525533238741,0.0184665100846107,0.00775731286043322,0.0222284840995381,0.0117774604141311,0.0146614204547283,0.0153350562170627,0.021518914728342,-936.025277253926
728,0.0119595630421442,0.0250723744567848,0.00382097412972177,0.0261113967475777,0.0111494515391981,0.0201043447836758,0.0144016700165347,0.0247093375205652,-935.002967975823
729,0.0119556883161682,0.0207412682000783,0.00389908223639951,0.0218230195314891,0.00825879720191441,0.0156335756831075,0.0157958053321146,0.0245116905003479,-934.52759357943
730,0.0150572515857603,0.0205053194178958,0.00429787838779407,0.0162997632227075,0.0122187776587053,0.0132066530509543,0.014022544756851,0.0196361949205294,-936.145032054759
731,0.0163115097429627,0.0250865060932997,0.00563237577889772,0.0240712094250071,0.0144166114666994,0.0201110442090047,0.0175997087426489,0.0233429806455332,-937.981900602195
732,0.0235129878015181,0.013702445030234,0.000852896376350805,0.0234503591835769,0.0125383260677492,0.0156517708031123,0.0162266978546746,0.0229017184759108,-939.961102696214
733,0.0245095203375025,0.0239957549964569,0.00213997766883642,0.0268040398699159,0.00827047779358981,0.0189288992485666,0.0166294950366356,0.0258466844455128,-940.34281421525
734,0.024390575024527,0.0318433397374846,0.00453999071336973,0.0192097904451468,0.0109919320840136,0.0168188466257327,0.0212677585835786,0.0275552094282099,-944.311704399816
735,0.00965693077919709,0.0235464360249399,0.00707670227703962,0.0214641979630784,0.0124023313521176,0.0122875067464178,0.0201519857828437,0.0279998433017473,-936.07525292401
736,0.00919458902983993,0.0259851412253779,0.00275769920538321,0.0284701680873673,0.0122388603790726,0.028700207168897,0.017689514831498,0.0164185992974374,-938.149350644633
737,0.00641839449192375,0.0260429299549898,0.00878966960143507,0.0148233593650453,0.00868759295019038,0.018061576937199,0.0142494970009029,0.0218038808406259,-936.876213118558
738,0.0132940097391282,0.0176257771053928,0.00930086313056252,0.031761241635226,0.0113381550714543,0.0164347837025842,0.0190028337326968,0.0249236550847178,-936.728856563161
739,0.0166795049084216,0.0220040851688963,0.00157578999041499,0.0372018412951453,0.0104557834595256,0.0198894370363526,0.0155454690213615,0.0176275370454101,-937.611808715497
740,0.00925219222723463,0.0194295126035487,0.00805865973377724,0.0194347047473603,0.0129123327512504,0.0152481633721872,0.0174533787004753,0.0228248220414113,-936.067030237678
741,0.0167122264504008,0.0222487915142644,0.0016437510897638,0.0147846677973372,0.0133570533061633,0.0211681021020964,0.020716850597309,0.023357303011289,-939.02699023427
742,0.00874754622416108,0.0286144230586989,0.00339878023007974,0.0136008672524963,0.0134031735468522,0.0153106606772465,0.0142633679765147,0.0257985784910986,-937.069253202783
743,0.0061174796198374,0.0321599043561685,0.00360051060682908,0.0275801600834838,0.0127247301696909,0.0223670123050608,0.0174661243997017,0.0278342346642445,-937.843495388898
744,0.00470574525510126,0.0212143612032371,0.00572693386961297,0.0233868269331162,0.0089359699483642,0.0229210600709934,0.0181558877879555,0.0167560118681338,-938.529322735948
745,0.00343337314997937,0.0363433367847763,0.00433000088566402,0.0217132205647178,0.0115963904836042,0.0221294679614481,0.0186024240826038,0.0178918421616804,-938.629690642795
746,0.00282352926660809,0.0308876038162017,0.00541535844548274,0.0214269241761727,0.00915435141928706,0.0111822801252381,0.017630161692725,0.0225747949198626,-937.751409970077
747,0.0138917673552692,0.0325036520718592,0.00780074723291349,0.0179311041167574,0.0121765249696517,0.0203809020317222,0.0155723611031236,0.0148993359899102,-939.769957200044
748,0.0109057665281261,0.030603668915229,0.0053195135802593,0.0260747266577313,0.0119899594182338,0.0146145048943195,0.0121618667773229,0.0131093449702284,-938.313718025695
749,0.0105620333643357,0.0198446114754199,0.0039977621954467,0.0144694740643011,0.00960557041803367,0.0154562026484851,0.0177809497941833,0.0245319320263389,-936.024872775726
750,0.0134212698946123,0.0278422491619576,0.00423246242685103,0.029758644659703,0.0117062292460606,0.00716067613832451,0.0178581243673092,0.0328055644994289,-942.102827192081
751,0.011224532956241,0.0185448593673881,0.01099185896841,0.0275381890175112,0.0128544253341009,0.025700576274357,0.0177945859034989,0.0104449346160103,-940.474140180348
752,0.0163434481195156,0.0152182347776211,0.00516159735719289,0.0291370195635551,0.012875787785057,0.0100875611425075,0.0132979930734483,0.0309569003587382,-941.977642570959
753,0.0135722040178596,0.0260472328128273,0.00712925275364642,0.0407396536899653,0.0118363783853733,0.0223898229129324,0.0127932383784584,0.0252389009716083,-941.7529361815
754,0.00280681966785546,0.0266181605377988,0.00279537560315272,0.0415972048579843,0.0106378412948505,0.0221863393605111,0.0168920544548357,0.0302429653379316,-941.91205944777
755,0.0172196960936018,0.0262591800125205,0.00337106348055037,0.0396871078419364,0.0131751689266477,0.0206563161574307,0.0148338775111699,0.0145347260638518,-941.879220009039
756,0.00330754070488528,0.0304128995572018,0.0134705427456734,0.0426032297747157,0.0128408409045335,0.0138804121106551,0.0146806917047315,0.0289928344925587,-942.458959874538
757,0.00352410716797638,0.0224672842583728,0.0177347057276905,0.00958381472149548,0.0152264178667227,0.0109916612948738,0.0140246338484679,0.0286395490099192,-944.563613737666
758,0.00929747007731657,0.0248251634513078,0.0181371870998818,0.0197389259166131,0.0126020534342441,0.00889124170568648,0.0203217447943903,0.0246638262774912,-941.169321468192
759,0.0127974277561696,0.0282650781082396,0.0215763711861635,0.017015163022033,0.0122595899387207,0.0105926985693348,0.0147112518359094,0.0185958059093866,-942.288375588872
760,0.00729401027715771,0.021853771978901,0.0223682780452157,0.0111358616514664,0.0087124763311997,0.0132819806079836,0.0133613692071735,0.0148017783977352,-942.63388185786
761,0.00759527834888144,0.0260687782377727,0.021532627484292,0.016080208985396,0.00980976546527901,0.0118211703679287,0.0130213326591086,0.0161542353297501,-940.880453647329
762,0.00546596452528408,0.0280237045440528,0.0145409403571383,0.0178135816917479,0.00935245700650029,0.0123667236888896,0.019249809124909,0.0261712379473664,-938.400463981905
763,0.0122401887105896,0.0256613506768271,0.0150912807352539,0.0253918718886399,0.0124856403471561,0.0194762780113272,0.0152114101759566,0.0232664556841655,-938.747534733661
764,0.0132022373445649,0.0174545042528745,0.00268782636513243,0.0273862832412098,0.00880612653644262,0.0208727628016602,0.0164614937232295,0.0130751450057369,-936.138056123053
765,0.00848430442227246,0.0312803634325153,0.00398283946939971,0.0272363824263946,0.0129718512208188,0.0161454608289748,0.0174722088153771,0.0245549429174968,-936.209567106265
766,0.0093860635620471,0.0180016481559564,0.00283898664839149,0.0277577166047188,0.00840289387987151,0.0125826880091841,0.0188662460151812,0.0182559340728387,-937.391027490011
767,0.00864494242585122,0.0229541610997588,0.00263132971365271,0.0234414078579742,0.0122730240037548,0.0235781327445983,0.0161644897478011,0.0303694399668431,-936.340516043425
768,0.00908416621223419,0.0263545694384705,0.00478561286235304,0.0207123605280622,0.0129809384810279,0.0179706617828873,0.0185760109590916,0.0169172487330821,-935.619299730101
769,0.00548502178824284,0.0342600766330807,0.00282150580607831,0.0221038634997625,0.0132174600011395,0.0123140296631888,0.0173003324289831,0.0184259378622952,-937.169575613508
770,0.00675554290953485,0.0211061942880668,0.00733943697838116,0.0185208199439494,0.0133857374650632,0.020661732826664,0.0153638586090955,0.0193514597539735,-937.06053113599
771,0.0176778512077728,0.0211284407563155,0.00807981525728021,0.0259780372551501,0.011695095461908,0.0222921625651052,0.0163939035298317,0.02101908007909,-937.379317482595
772,0.0124506414794533,0.0210891944688336,0.00635069415502944,0.0274853102512513,0.00916962065464649,0.0195005536369171,0.0161867135883422,0.0152470674087805,-934.994066329037
773,0.0102854643719745,0.0183972860823403,0.000906382015267846,0.0249474237560366,0.0114762045313453,0.032688415835297,0.0164023260353959,0.0266914537756361,-939.592382618534
774,0.0134177243335676,0.0294237938156472,0.00215757176542762,0.0225281742284848,0.011815756745788,0.0167431356590197,0.0194286618197038,0.0209257761804179,-936.570047886051
775,0.0121013313531839,0.025428006055778,0.00413842998945654,0.0255975844292601,0.01195872418094,0.0212964214031655,0.0141380336386705,0.01837078081861,-935.283960344829
776,0.0116699326087901,0.022991718327949,0.00340923107864307,0.025991025552332,0.0121597025956319,0.0140516081844311,0.0175742267033794,0.0251425541911816,-934.375549302303
777,0.011510358668813,0.0209879948009623,0.00291773764678717,0.0236004036243217,0.00886840001869805,0.013757053606199,0.0200284390533109,0.0231588286487143,-935.169724785038
778,0.0105115151052033,0.0317687259653762,0.0120598594232167,0.0177854482198151,0.0121778228416505,0.0094841355920586,0.0169015112917296,0.0243532259199592,-939.700840335806
779,0.0112132056870432,0.0225448989771699,0.0160217523523331,0.0329746452973275,0.00985151681849296,0.0205545677920157,0.0160152574167114,0.0259950164987858,-938.772086018352
780,0.0110932846132681,0.0234482579728541,0.00937481028015795,0.0379599176663344,0.00728940804479241,0.0195175653564977,0.0222064773930665,0.0331841990851843,-940.614487794006
781,0.00684739065239509,0.0245256643473681,0.00741609275972699,0.0349145152532092,0.00988401934906506,0.0194350700506203,0.0174401826784215,0.0127778680708733,-937.892350537178
782,0.0105542798993089,0.0203631921479173,0.00757886946164313,0.0290149227214347,0.0110562970427859,0.0203787232040364,0.0125315879185424,0.0172005826861399,-936.335445774838
783,0.0163553564922181,0.0243580216462312,0.00525866841855822,0.0162307044846177,0.0120756006136783,0.0188342151479454,0.0129225216560339,0.020760298211975,-937.210584467826
784,0.0142407804314536,0.0217979973482489,0.00530813589629218,0.0158200035933667,0.00936004382171842,0.0207175772929022,0.0163160225062058,0.0240896823945961,-935.558601612438
785,0.0138020693346458,0.0257790859444019,0.00435702829425747,0.0174126404318611,0.0102239410699064,0.019674106707183,0.0126644153495699,0.0334693077028016,-939.39650009002
786,0.0135415201733044,0.0185094895093903,0.00565239752682805,0.0224410934788502,0.0134497178097749,0.0137030729660299,0.0244126509099505,0.0324146938100781,-938.938138299693
787,0.0143866115874747,0.0233553564902772,0.00317368892963588,0.023160674589258,0.0127775316540421,0.0199487777389499,0.0168057175548402,0.0263735173831102,-935.298641708687
788,0.00701293946689254,0.0272798722502842,0.00450725896472317,0.024913837177622,0.0122947194816469,0.017678717254509,0.0210217179949749,0.0229700704161243,-935.987648420773
789,0.0143839523162014,0.0255483813635225,0.00415301574859836,0.0217838991551546,0.0134925462946231,0.0161170095595366,0.0152233859463692,0.0175190015416129,-935.790581244049
790,0.01081702011126,0.0269251203063733,0.00103017022402019,0.0261233340982644,0.0157714673567453,0.0160567696582606,0.0130738833756793,0.0190729391095926,-938.33241912719
791,0.0105462533634816,0.0224135490273457,0.0128698486037351,0.0252706054180935,0.0128374520663064,0.0139395900520088,0.0184068501657681,0.0242979474080074,-937.032358344999
792,0.0108061917399286,0.0219177983848518,0.000688049606224392,0.0224598857347355,0.01176495388471,0.0189865758107587,0.0165995259680484,0.0204163443535504,-934.927186403097
793,0.0135877404318013,0.0212305718122384,0.00769866073937217,0.0297339813497877,0.0107432870206047,0.0169469630492601,0.0187956723179336,0.0242907091705033,-935.400365650166
794,0.0145765526029688,0.0243604881262649,0.00285123577729326,0.0293730894248913,0.0104409350751489,0.0151033337061795,0.0199084029443135,0.0289485281642648,-936.040883489854
795,0.012147217834113,0.0175419307321817,0.00867698845521284,0.0328113548875808,0.0117051890564725,0.0220322251948805,0.0176442836080669,0.02033255917909,-936.974362066802
796,0.0129673589753823,0.0189666701612904,0.00253203805004093,0.0263089411087589,0.0104334063107112,0.0215527857976488,0.0173648918523372,0.0264805348395278,-934.524113995767
797,0.0101349550673861,0.0239371091725688,0.001903825422558,0.0171290964396578,0.0111315421010428,0.0105523862678062,0.017326702867483,0.0365663222405677,-938.885111471687
798,0.0142491959864226,0.0207539989402319,0.00295941622004757,0.0126002779597358,0.0113707375954616,0.0135134969341845,0.0223063680011826,0.0218966997457201,-939.253284894891
799,0.0151750768286808,0.0267952442005353,0.0033479575227829,0.0222318593693795,0.0100554253326419,0.0186650234477073,0.0129091723639933,0.0241377412522055,-936.401575135019
800,0.00577375555606894,0.0199259923087938,0.00501836490515153,0.0222132822309012,0.0105671961822619,0.023822042955412,0.0141332891577668,0.0200912623567536,-937.512217156178
801,0.0167087875796504,0.0209678220268601,0.00139436285762765,0.0267683527163096,0.0117027800866724,0.0194512876415518,0.0162529082575926,0.0207752178412887,-935.533011509872
802,0.00885714878468193,0.0276374066210501,0.00376665584687329,0.0203163902727899,0.0125255574491962,0.0158555175630786,0.0160087091452517,0.0191764453484252,-934.398595828697
803,0.0119622711843871,0.0219282496907736,0.00203286723235319,0.0172713361982933,0.0120309622567068,0.0160143939993528,0.0158680690036568,0.0213440188941746,-934.428836557795
804,0.0148584946007658,0.0219581948821602,0.00428543765688964,0.026805745219111,0.00814547729913315,0.0147796086706136,0.0154139793355051,0.0317491822275996,-937.033544033013
805,0.0133153513011487,0.0208682748281143,0.0125107974884105,0.0282064032822463,0.01181600167077,0.0168053420196231,0.0197181757236957,0.0310813113828682,-937.957556830352
806,0.0036967954574775,0.0270958588019562,0.0125945851805144,0.0224639616753817,0.013261503656237,0.0134287078393559,0.0185198921052448,0.0310969442626185,-938.097764517385
807,0.00843067704723457,0.0247712502447527,0.00407511935390697,0.0268285468387871,0.0104637843023152,0.0248777966011195,0.017923985381676,0.0318135155379477,-936.648638554509
808,0.00945104214917535,0.0184064683293759,0.00431214315583454,0.0213497343899813,0.00989813429058473,0.018920295231751,0.0183453641740561,0.0332793067962667,-936.219178786074
809,0.00851675910126678,0.0154762979841753,0.00548591053918096,0.0377674825800262,0.0113371075678849,0.0170880171037526,0.0155226085507528,0.0207688134885222,-938.180701346366
810,0.0167695501162073,0.0174960928504774,0.00265223290697548,0.0402845417521003,0.0105476277163839,0.0218202422387014,0.0127965401583005,0.0225376524118221,-939.737027833024
811,0.00914576813542054,0.0196493851851882,0.00807514072255547,0.0273393048015486,0.0133678287796159,0.0173880171183039,0.0181863602947346,0.0301737172695889,-936.598002506548
812,0.0125353727480214,0.0135315851071158,0.00732561330185344,0.0232050671923894,0.0116822175464397,0.0184388350144054,0.0191780326131874,0.0187462939098265,-938.819111505229
813,0.0133029991207396,0.0178541187838227,0.00430473701712806,0.0283384600008859,0.0115822062779075,0.0166358706789982,0.0168945137918159,0.0286047778762137,-935.249531496412
814,0.0141404068175204,0.0218484679042463,0.00251012741638375,0.0213996690186815,0.0105953132818554,0.0141376946763356,0.0166879872938682,0.029681951883954,-935.028240931293
815,0.0167455547321394,0.0162691707900275,0.00679183593441737,0.0286450510459169,0.0117456063233508,0.0209001754748694,0.0179704753518577,0.0251377298045227,-937.087537680839
816,0.0117380539588482,0.0272118363511158,0.00744722648360167,0.018103559251921,0.0125171943695538,0.0149995744467935,0.0205694591250466,0.024915233358993,-936.745015017484
817,0.0131063922796892,0.023415339581718,0.00674067139640642,0.0204673765107999,0.00898853458728235,0.015016089674662,0.0171079763194592,0.0346704062520051,-936.892523696523
818,0.0104328787124741,0.0303775778751091,0.00249369532480474,0.016825948455664,0.00916093204609374,0.017633957813735,0.0218371077844738,0.0394899348079661,-938.927869580921
819,0.00636098722759403,0.0274889345542856,0.00379320974442953,0.0288784965189528,0.0110176301502856,0.0186307303968225,0.0191863706816688,0.0132846945700848,-937.39816559625
820,0.010049149936706,0.0297757002385673,0.00135497308480897,0.021165300982664,0.0114029447069626,0.0116171447972914,0.0161215422640599,0.0267715934441712,-936.497676797104
821,0.0102677500145776,0.0198357996704085,0.00910725780896672,0.0296113835573038,0.0120785718265175,0.018667423322855,0.0207691279355053,0.0281562808505504,-936.765815541654
822,0.0117762419716742,0.0188359304621464,0.000557022993274951,0.0286786220528182,0.0104444165300419,0.0217191957789361,0.0146794402615123,0.0164870855966453,-936.138243422581
823,0.0148050206505108,0.0210268671225401,0.00582894144574378,0.0231062811904062,0.0113006316213346,0.0166409433789533,0.0149706763663972,0.0199064285593098,-934.517694459171
824,0.0241179985306612,0.0202084462188435,0.000804218759197998,0.0163768829295271,0.0104037518121938,0.0209388812518527,0.0158016907714351,0.0208725399668125,-939.740090257971
825,0.0131466832699901,0.0259618573363344,0.0081737279265106,0.0356412527419788,0.0126468478144294,0.0118392705726617,0.0146921479935661,0.0142601423041918,-939.801841923089
826,0.0109601236460539,0.0243916190730088,0.00387794559490872,0.020614853564169,0.0134788894950028,0.0200748004975814,0.0177436133925663,0.0261299759837821,-935.188015414879
827,0.00984458776144809,0.0281875981891411,0.00400351558772084,0.0145547578666496,0.0109338520200216,0.0201412092724845,0.0207750244865183,0.0240760158749699,-936.707865735988
828,0.00717704257121265,0.0290926963978833,0.00678868157850573,0.028155292109965,0.0121233072816148,0.0140833620961055,0.0192133311329528,0.0260113939674224,-936.21929762621
829,0.0085471961797049,0.0208611912000566,0.00760018540973567,0.0258725942617713,0.00773035590362358,0.0202869515110733,0.0211309332008381,0.0243110298302669,-937.487722474061
830,0.0138846717779499,0.0282445909820304,0.00243631754847344,0.021486078356417,0.00734974272093768,0.0152433955089576,0.0158953259050153,0.0212997244700594,-936.576485898392
831,0.0149138492660874,0.0202065500219338,0.00111835841264588,0.0208677713331954,0.00947090582572326,0.027316099887984,0.016619363656622,0.0196331334488577,-936.555651259986
832,0.00819627957162056,0.0171622931503293,0.00939067571129095,0.036199548999616,0.00950538806520591,0.0210270626401843,0.0128688200288771,0.0167832439937919,-939.460443005697
833,0.0177056866633431,0.0161175959496132,0.00419031401438833,0.0289463561733685,0.00996962760300556,0.0188080838602517,0.0174226917203149,0.0369274046494739,-938.483163989053
834,0.0127639666364177,0.0182825965913193,0.0117216859683521,0.0252405837801958,0.0117083651610794,0.02249304267076,0.0223041085925901,0.0372147084939171,-940.245582491561
835,0.00869333284820244,0.0309391826512162,0.00978788199693112,0.0150746614053576,0.00841989764129299,0.0178246526605498,0.0168623286917864,0.0141235144803283,-938.223006827656
836,0.00647591346249699,0.0291750308365174,0.0035474296672808,0.0222760471280206,0.0111570053069651,0.0240514841791334,0.013166700429688,0.0198255717850231,-936.608199724157
837,0.00776952875303238,0.0334749452296942,0.00543437686051838,0.0201727806010608,0.00863895554807805,0.0101669404236626,0.0144665810439847,0.0157620959717386,-938.453502400237
838,0.00792755307863078,0.0312831998324596,0.00473914905024537,0.0236816421184698,0.0110573140986633,0.020798703690326,0.0157460372813953,0.0237027239878294,-935.649000725924
839,0.011311392782775,0.0202430635305478,0.00801464015635192,0.0235765630008062,0.0104693707941412,0.0200874620604933,0.0137069039427979,0.0186953539323136,-935.238921294448
840,0.015491114202998,0.0170867577914809,0.0089494195501353,0.031911163666783,0.00746464769371362,0.0151607293677402,0.0188701524126375,0.0135632808950238,-940.61177799
841,0.00945008626703126,0.0258359009966109,0.000875330184670285,0.0382222670519299,0.00868962896493315,0.0226155966689824,0.0139489161579677,0.0267142384776781,-939.904653380061
842,0.00886354838990924,0.016517765296359,0.0040953487148659,0.0235362042495857,0.0109778824608542,0.0142097433029493,0.0212487816899558,0.0260884919303637,-937.27812761564
843,0.0166210852772652,0.0223908918564931,0.00650877182688297,0.0173630735717154,0.00940424738757904,0.0167277624021391,0.0185660587145751,0.0256344251077043,-936.260871146159
844,0.0124296393898832,0.0233898734780745,0.00612389848003019,0.0186177827778186,0.0151735846559703,0.0303003706660014,0.0175051185034976,0.030663772596298,-941.761615634972
845,0.0123389724992462,0.0251150752063789,0.00550421064590739,0.0297595006167358,0.0159338974194483,0.00930214330215616,0.0212629429544065,0.0331085320616463,-941.423562434715
846,0.00471753321008254,0.0271801610423754,0.0127169376675713,0.0219641385305883,0.0167398897902792,0.015069064459293,0.0199109357889734,0.030699173592692,-940.660747391744
847,0.00613016095931249,0.0271208435184844,0.0156385569294347,0.0238331666447721,0.00696503639403541,0.0131754916166322,0.0246754812462649,0.0303861386399986,-943.288743301045
848,0.00541548908008759,0.0192310953443163,0.0107656611257803,0.0228916505449441,0.0128485920934099,0.0168720946341893,0.0118013719056886,0.00940589260596003,-942.752040951388
849,0.0194082100554388,0.0190917038360633,0.0134935966491522,0.0118560172203899,0.0106250789967331,0.0176834489074526,0.020766015445017,0.0141426108976885,-944.388046874225
850,0.0153824227195993,0.0238863260816249,0.0263435729027568,0.0466116090379364,0.0103764920765663,0.0160833639915134,0.0203889362968206,0.0223955096148224,-947.517879479268
851,0.00928572273498632,0.0176587246100222,0.0208529001042718,0.0219269493908337,0.0109650919375332,0.0186601136166591,0.0210089345635282,0.0196146953658321,-942.121083092884
852,0.013864583846451,0.0206003530183675,0.013767471904101,0.0222574959974336,0.00940965560431213,0.0141204246776436,0.0137675987350004,0.0249038465136677,-938.323384024258
853,0.00390392352244257,0.0291340006285285,0.0122481291430634,0.0290563551716431,0.00921218192418868,0.0201643140410479,0.0141871684033832,0.0123237650850936,-939.600187335793
854,0.0109069672166066,0.0251631958939195,0.00377820628070306,0.0206132383190579,0.00747902798786595,0.0201933962641956,0.0153371571549431,0.0238540232191898,-935.454591991567
855,0.0120855065840728,0.0240518862098705,0.00309242537803846,0.0169908942769637,0.0116525230463147,0.0117329626521864,0.0195056196588793,0.0348516940841087,-937.303377250758
856,0.00995853437486907,0.0360885800161692,0.00133700840260396,0.0324942106115795,0.00951113074731276,0.0193262353485218,0.019784374224871,0.0181768165907071,-941.523680082079
857,0.0104345518562283,0.019714056925896,0.00831903933046059,0.0340722437070054,0.00773140280685118,0.0214514762462605,0.0210039071218792,0.0216295382058778,-938.363375070874
858,0.00603405796800239,0.0200236484947488,0.00471157119000514,0.0272048192191419,0.00828921354648045,0.0234595919254502,0.0161429510695299,0.0199424072654988,-937.493048656693
859,0.0164213870140262,0.0188538195053666,0.0083619408150627,0.025380626911363,0.0114529672660784,0.0232938070160025,0.0195160571159105,0.0338391862152181,-938.816683276036
860,0.0157370437631549,0.0148120298274125,0.0065052679958481,0.0374367290546376,0.00766115452417555,0.0140470624790317,0.0189465261567601,0.0277677644222887,-939.964263789105
861,0.0115604571420511,0.0172349291286424,0.0106348816188608,0.0338668358907078,0.0112161881351748,0.0122318047298677,0.0175544042651337,0.0261362789857661,-938.001310590917
862,0.0111584228302847,0.0245023618295044,0.0156030454821463,0.0141503974161158,0.0104814544348701,0.015592104490839,0.0186734546402674,0.0261106511868742,-938.263059354644
863,0.00691346833912063,0.026215196675624,0.0116538732625101,0.0164395418927209,0.0105780114484885,0.0215230749415655,0.0140683426146118,0.0186719298922878,-937.337498036067
864,0.00936521285705908,0.0260369402962801,0.00501168578132284,0.0238833014731096,0.0108375334412857,0.0209599565792584,0.0200307508818617,0.0225143740531766,-935.305544120972
865,0.0109987519115562,0.0173383540092724,0.00281261881555184,0.0330879235393201,0.00800040135048814,0.0181773335933246,0.0175697945271592,0.0253193896307537,-936.04175294317
866,0.0112596686569616,0.0199793012958448,0.00556756670478035,0.0279211509291124,0.0079089117418686,0.0117992335514467,0.0160691441406816,0.0214180119356382,-936.495509351606
867,0.00729751861193452,0.0301277921795908,0.00461234099117579,0.0162177549055306,0.00952671624146335,0.0122400104142745,0.0160358631819985,0.0167445489589185,-936.329542773187
868,0.00986069688381718,0.0262002447557153,0.00636570566016085,0.0263899391671791,0.0105671239327883,0.0160488619706025,0.0192986918819159,0.0134277230885859,-936.921281772052
869,0.0186730186887326,0.0168556138744814,0.00716848895060325,0.0253294693234745,0.0111679071919677,0.0268855524549989,0.0125018184660013,0.0137853178996353,-940.639556830466
870,0.00861739373900076,0.0299430609477027,0.00676388726103543,0.0254662186887139,0.0108399175779463,0.023223118229332,0.0200749006998001,0.019454328618955,-937.707431230457
871,0.010900835066738,0.022223369925365,0.00839485376726205,0.0176835509781222,0.0117853292707284,0.014082707112421,0.0155837493433383,0.0164956802068397,-935.702138513585
872,0.0127239732953894,0.0248361823316713,0.00466247095443426,0.0364117506695752,0.00937836889773036,0.0180203809362554,0.015615190617165,0.0238979595738369,-936.440730592467
873,0.014769585006825,0.0147029963622095,0.0069815818482615,0.0312045269132858,0.00800958728966386,0.0239384760474123,0.0176545662723015,0.0232292133218567,-938.048314263119
874,0.0120184789107915,0.0221290246946465,0.00288129878707306,0.0268451947260734,0.00814646428394625,0.0179734651536642,0.018009851327938,0.0235215069060635,-934.481881356997
875,0.00830638596021882,0.0235814292612579,0.00371645949691468,0.0219444219770731,0.0122471513973146,0.0194357119591925,0.0158725484267796,0.0226211656465474,-934.206959764957
876,0.0100960701022945,0.0180863030710569,0.00379654079846671,0.0192082363372655,0.013944653698008,0.027751596274282,0.0192247219783586,0.0218038642299972,-938.84699378876
877,0.00973170673473677,0.0180740633353505,0.0061816604783455,0.0197633421088827,0.00738552122726989,0.015645547851855,0.0153162559444288,0.0201798369799839,-937.160825205735
878,0.0177434719060456,0.0213693306316931,0.00717224968652024,0.0179339160196138,0.00784187330606539,0.0197069716811524,0.0162304070636605,0.0292863864537166,-938.207373756614
879,0.0118197276700708,0.0202718455386645,0.0112745066350147,0.0220844948261056,0.010778832791185,0.0157864295807557,0.0162418219305714,0.0220666135235163,-935.703762646684
880,0.0116558109081105,0.0197263082969993,0.0127830910559121,0.0304114644582437,0.0120601963904678,0.0217820175584017,0.0175096878705472,0.0275919716917582,-938.083772756602
881,0.0147474694315434,0.0274722408078538,0.00346517507247956,0.0263128452686715,0.00896164504006314,0.0174362090325732,0.0213542927144731,0.0247395181150719,-937.142708536298
882,0.00511992402375145,0.0275950618996599,0.0163749087554365,0.0160814073087195,0.00883007736412491,0.01775284108057,0.0142598695822812,0.0144257340332683,-939.546065825497
883,0.0126179579474598,0.0226620323652253,0.00974091256253426,0.016210162335507,0.0110085211184963,0.0178152300164744,0.0138830127358923,0.0090930111001663,-938.70613400564
884,0.00687790468437288,0.0238899360803698,0.00459544235550206,0.0139746953503326,0.00977849140862972,0.0191264507866987,0.019088417297118,0.0368154402982627,-938.749250077715
885,0.013608156324635,0.025722770581762,0.00511265432444203,0.0172487196454325,0.00861652996320354,0.0155198587754127,0.0214567512635543,0.0395918224144502,-938.764038427426
886,0.00775322638749429,0.0207864712559812,0.00459121722711022,0.027971512103571,0.0108693907198653,0.0165777689794374,0.0232068771257692,0.0253659762688998,-937.127788795839
887,0.0197285685697838,0.0168685246551439,0.00884254504068846,0.0378168671399443,0.00945392436148577,0.0177162669546274,0.0170170173322813,0.0220306050856364,-939.488818636441
888,0.0144204218888401,0.0176385959549074,0.00517676708228852,0.0163484281799557,0.0113114619144161,0.0162270493664232,0.0134757980442928,0.0172069915242591,-936.566775224083
889,0.011633910464159,0.0172524355893643,0.00453634545433509,0.0241437157255878,0.0116540840461418,0.0191885911952459,0.0180117177342437,0.0142993017412038,-936.156855557957
890,0.0146792935626046,0.0216480247540004,0.00130886166415139,0.0246533160821469,0.00913592170026771,0.0186687310749323,0.0145020980751758,0.0112828412603612,-936.582005940169
891,0.012929815714444,0.0211431942091417,0.0109616294937399,0.0269803587439196,0.0104242090621651,0.0214098284644831,0.0153279623625631,0.0302073940989474,-937.665468354944
892,0.0142465132747604,0.0150018605776266,0.00027637965281891,0.0217411837951661,0.0120416755340392,0.01945289823944,0.020143887061538,0.0242271043847912,-939.012254279785
893,0.0144509704596873,0.0249734179415258,0.003379585915357,0.0215343600745534,0.0134892982555484,0.0210971195298113,0.0165009671097625,0.0229523435050071,-936.001906271302
894,0.0170599299689308,0.0176044505671509,0.00183267018969295,0.0175268129058385,0.00812559585203686,0.0229503556004229,0.0135766585431592,0.0175731531417941,-937.515273578389
895,0.013797765412036,0.0188353727975383,0.00779331636133744,0.0281567681195514,0.0107643645665535,0.00997854098276512,0.01636721463813,0.0182362167690462,-937.516662609812
896,0.0145006381076944,0.0179555466403417,0.00247153311400268,0.0230189418099375,0.0114126901157061,0.0283895473249451,0.0185446931908843,0.0216991692187493,-937.223357800558
897,0.0116619568193313,0.0263359467619812,0.0181208489779863,0.0183027417904695,0.0106604024284556,0.0123118448541993,0.0136670512417938,0.025167891931339,-939.753860996683
898,0.0033649343045179,0.0249690324621491,0.00649383041400273,0.0201528570800992,0.0103402934194029,0.0179148953036202,0.0205832646643188,0.0236514609466979,-937.819285648925
899,0.00777758730387672,0.0323169863461849,0.00691293044869138,0.0202676033534925,0.0110002096116476,0.0137385675499173,0.0194650866359455,0.025702888009341,-936.312576280741
900,0.00936497542126439,0.0179234045165014,0.00494415694081404,0.0225352798763056,0.0105393498463808,0.0155262168010729,0.017133151020406,0.0190011903509288,-935.094491781103
901,0.0159952217979198,0.0214589120534105,0.00212621388658389,0.0229345630616113,0.00998411353825411,0.0144378004604003,0.0140377977896389,0.021769300958153,-934.943369107166
902,0.0115568520572021,0.0287744300286276,0.00250520579290242,0.0143525639729895,0.00908605608213082,0.0133061116937598,0.0186406167912757,0.0228863603757661,-936.716155263613
903,0.0111581741438215,0.022661832843183,0.00237744522042526,0.0208038109681482,0.0142864152540138,0.0125408385612789,0.0189625099639978,0.0326533446734317,-936.961501770581
904,0.00861731696174365,0.0250641355752032,0.00471405223547735,0.0291146446948614,0.00922820345832002,0.0232986246967225,0.0191404756274306,0.0295840960925294,-936.386538545098
905,0.0104466133233726,0.019879916432693,0.00607527741633437,0.0301009627852259,0.00805369311510278,0.0227482772150084,0.0213823247352515,0.0281141723885903,-937.11815071976
906,0.0121371161758111,0.0235888446763032,0.00885347582117387,0.021175384082074,0.0119884927668101,0.0320591238231621,0.0164054701025968,0.00951486507840841,-941.04743978087
907,0.00727727397142555,0.0281739251024009,0.00705058329230589,0.0178965320699218,0.00833154174890468,0.0218018269820281,0.0135870320556182,0.0179512329556635,-936.81233825158
908,0.0124837579783546,0.0269273126799032,0.00752266649340239,0.0196479639313906,0.0123308258957782,0.0262366048694449,0.0186949602875758,0.0292118559988808,-938.85904920625
909,0.0043621717639329,0.0296947101896216,0.00759883981025723,0.0262776181934677,0.0118947613540482,0.00915278024962851,0.0103327231552152,0.0179268694447285,-941.003306458453
910,0.0165830742798726,0.0147057785784187,0.000728422253973236,0.0183052627615901,0.0110515972005987,0.0257771752931063,0.0189337219213744,0.0201627169822156,-939.637269264204
911,0.0167883057275915,0.0251000007332948,0.00272464863432865,0.0243084071812704,0.00772350320430278,0.0230922520356883,0.0212580547810695,0.0172785313376918,-939.501469509146
912,0.00780424631804784,0.0240983735876583,0.00584532909832031,0.0178395869829441,0.0136815020887535,0.012670155408224,0.0180114557074787,0.0253797480179192,-936.184129985294
913,0.0110443678217003,0.0239370594601511,0.00588022231500189,0.0285789870112315,0.0138212890153348,0.0134032465832986,0.0178724992593905,0.0266148209990916,-936.120216493037
914,0.00829856811890393,0.0203038815809188,0.00133728239637588,0.0230780188972718,0.0130203892122065,0.0159097493389754,0.0178796724270307,0.0182555449682893,-935.952800945843
915,0.00661067294092914,0.0248487638467281,0.00447543116348331,0.0174063277565991,0.0124119308397739,0.0201236535031385,0.0138961256256837,0.0226673873118659,-935.91582756749
916,0.0161954250616711,0.0224923902970211,0.00493070466868139,0.0266751705006821,0.00777043840217282,0.0173000453107653,0.0187836411505317,0.0322305305547377,-937.084195078832
917,0.00834282551164942,0.0239165550810803,0.00318935926509774,0.0250589682607465,0.0114909641665732,0.0137574863044754,0.0225258432698604,0.02993668130981,-936.361060120578
918,0.0113173484333916,0.018100452274837,0.00821321442584504,0.0302276060244196,0.010255067325469,0.0245948517189045,0.0212020028763472,0.0282808562168212,-937.713379783068
919,0.0162732334669069,0.021858878620329,0.0102575594366561,0.0319867802400009,0.00871846949078623,0.0209782766824414,0.0144004633013469,0.0155903138632861,-938.444753983559
920,0.00945059991662013,0.0224784298649572,0.0012908908907506,0.030801593061691,0.00628910295221439,0.0117943663667637,0.0143315773898157,0.0151306761029302,-940.937647114493
921,0.0164506966236314,0.0199538771045468,0.0102920772656396,0.0320621468724974,0.0107327657410217,0.0249857189894808,0.0152692433108234,0.0180490296411447,-938.81973733002
922,0.0165900073346212,0.017897055586525,0.00304664739907574,0.0280955385854055,0.0113153990473598,0.0220348434205011,0.0164790669955587,0.017989796339508,-935.888813704807
923,0.0135912297059662,0.0275367525804175,0.00551023573847739,0.0162127547958887,0.00667857419548317,0.0213629330681311,0.0146136388322453,0.0276726785047893,-939.13415159602
924,0.00852939530630075,0.028110159173873,0.00847726748136997,0.00879411355680651,0.00643228316500483,0.0127095880008407,0.0192496930543611,0.0211186862413815,-942.588355261977
925,0.0101135535091721,0.0298289227198836,0.00633585731558608,0.0137979110448236,0.00705520165365207,0.0197313295998895,0.0135297783764446,0.025006163162821,-938.976483681261
926,0.0136709585056672,0.0196938877023863,0.00835992130578571,0.0290255904519879,0.014407236682592,0.0131080081404936,0.0115772139143092,0.0242545867030166,-939.910615902029
927,0.0132037013416009,0.0250648592154284,0.00901317816451548,0.0189215619639935,0.0146863380203179,0.0149360113874715,0.0234402907537951,0.0295231968244879,-940.074802877673
928,0.0128431825975223,0.0249773998054382,0.00860705994786154,0.0197159192430474,0.0134883044665913,0.0110473473219907,0.0171651727024805,0.0204210970013141,-937.287216660421
929,0.00937881902707808,0.0279833368459867,0.00227275342636969,0.0195626909985226,0.0115101574297902,0.0127868493599662,0.019031632731247,0.0298401622959773,-935.821638280155
930,0.00854239223364944,0.0246998222857631,0.00234336633499958,0.0292972679984882,0.0115457346309341,0.0194138364041615,0.0230995650300582,0.023321480082596,-937.492952749767
931,0.00419832002863652,0.02244097256229,0.00208114789364762,0.0379125530799633,0.0103491944441883,0.0171498765015783,0.0244905282393387,0.0462110763815924,-943.569679512645
932,0.011897130807242,0.0185385070336404,0.00753071442194001,0.0397060986018105,0.0104629580820645,0.0188743187912196,0.025415532520903,0.0310684367005761,-940.413667851862
933,0.016650592185398,0.0174887958674571,0.0058924797398465,0.0371677940412058,0.0103167341176819,0.0189622640352671,0.020240948074481,0.0335950409884979,-938.727653990349
934,0.00902621955603081,0.0195356394903879,0.00512207280279635,0.0294921575672438,0.0104527977932587,0.0222348735676057,0.0223077221411124,0.0163490725914564,-938.54475900027
935,0.0140033875053745,0.0202885776403516,0.00560413971112205,0.0354905733207503,0.0101878871399113,0.0160189179903244,0.0181180699694393,0.0309222127024891,-936.679864086486
936,0.00867022771947225,0.0208388570322767,0.00350930938713662,0.0187459528345682,0.0117744391616936,0.0171627855498441,0.0197639379077198,0.0227987468744244,-935.30616217583
937,0.00926328450988848,0.030611522172566,0.00385365143611764,0.0206038637422657,0.00919054546395057,0.0148149251808808,0.0199268399446282,0.0271425827779792,-935.929528556765
938,0.0103762362450917,0.0177111836557742,0.00556625698036819,0.021732782616564,0.00934771893105984,0.0163127492646392,0.0189603690239138,0.0333128933962623,-936.546025051913
939,0.0169790809769232,0.0242860997576943,0.00583101725941267,0.019929611002716,0.0102748325273846,0.0172363227908241,0.0158937840632128,0.0275422095723794,-936.200595732114
940,0.0189228120978243,0.0245008598136242,0.00500374161747567,0.0197250125393348,0.00965761559461978,0.0174620049216847,0.0173798580053001,0.0315368062886161,-937.646341065344
941,0.004716988863862,0.0330065940602755,0.00315611521645798,0.0182658814775677,0.0115510209240422,0.0159013143121622,0.0175765188363814,0.0326255263158242,-937.07421008563
942,0.00834438829852786,0.0274989195643654,0.00516862932251698,0.0242984349777072,0.00847188226009803,0.0263873288395207,0.0198254290470066,0.0223791055570877,-937.602833082777
943,0.00739205476695391,0.0280174071112079,0.00376668495156357,0.020262535020105,0.00972881576489758,0.0178562529048975,0.0180717436257793,0.0301411704398465,-935.218630650983
944,0.0128141037664729,0.023178174528811,0.00404640151619015,0.0209479833111321,0.00851369876789046,0.0177249406127624,0.0232952287311092,0.0308858730682071,-936.819116789476
945,0.010294311431295,0.0264454493010093,0.00254276476555707,0.0202474071206107,0.00946134639667883,0.0197484626694585,0.0251769098526643,0.0390336669129705,-938.945569955243
946,0.0128399011004364,0.0227477186850478,0.00228095196135484,0.0317839280042333,0.008251169225964,0.0225166238372014,0.0158927086544413,0.037084714827106,-938.93123475236
947,0.00724336756499864,0.0337904604850068,0.00860203192887936,0.0107754426798154,0.00816562610193295,0.0222137624947843,0.0240930310174389,0.0359555427775124,-942.767098209312
948,0.00602263840175182,0.0249578659356801,0.00398928185282791,0.0270049308798147,0.0137811083231252,0.0160536838654031,0.015125068268295,0.0245683188933333,-935.812681952281
949,0.00960053145721679,0.0285863863241487,0.00508939271689094,0.0168226784189925,0.0109025442639361,0.0164832535295828,0.0153049605875233,0.0250521861286768,-935.008122334189
950,0.00520954348030324,0.0317357930448369,0.00582672563581468,0.0242216269399783,0.00990119567501112,0.0149349683286961,0.0170497879290555,0.0121691089099802,-937.443546324467
951,0.00444301063955115,0.0269082470840014,0.00286834375277002,0.0257650645469863,0.012137346191808,0.027820291375084,0.0175218320656911,0.0334175695794894,-939.912498658085
952,0.00832904211613979,0.0229311020268843,0.00171448331191454,0.02352080157401,0.00931645596220494,0.0179606725772592,0.0186003806703947,0.02673456265979,-934.954681849887
953,0.0109455012256399,0.0257090971921219,0.00392583571495842,0.0227421493674912,0.0127916547787971,0.0153226060627936,0.0180558264419702,0.0198112168418874,-934.713383023109
954,0.00968928917688308,0.0234683350900968,0.00573185056604396,0.027423382534539,0.0121245965132335,0.0192578109407979,0.015161486788827,0.0162300294019581,-934.92364632303
955,0.00938989056633792,0.023339010650607,0.0065466987409535,0.0202135508397322,0.0129126368059717,0.0147837119906598,0.0154071536206724,0.022631604763054,-934.81155862051
956,0.0105365778228315,0.0224615826093755,0.00469579358739746,0.0216353151494446,0.00868115974098155,0.0167146379103455,0.0130326262544278,0.0229723481801025,-935.123781652499
957,0.0140064767561009,0.0209067168033685,0.00292539942206785,0.0320796838408627,0.0108649234077279,0.0113970042287854,0.0140819913024122,0.0144228271996613,-937.210901373342
958,0.0113028223952501,0.0244686033012218,0.00527821652296441,0.028849319976843,0.00925520107572804,0.0240259368401738,0.0157361883452824,0.0218911889255235,-935.461045106215
959,0.0122603554631175,0.0211523404920386,0.00229767840046444,0.0229309859224634,0.0100172999877501,0.0256474234694968,0.015500455259155,0.0119072076744739,-936.338740535267
960,0.0118294750284307,0.0276515537539625,0.00301958770601954,0.0258375393893153,0.0121522996188664,0.020142488079646,0.0132424716765753,0.021729904628466,-936.216933845643
961,0.00960767565701927,0.0214130202858625,0.00421172256498158,0.026344279398763,0.00838223055613917,0.0238989561174486,0.0205410639566768,0.0241998289385421,-936.211144198405
962,0.0116843901600588,0.0227086821305267,0.00317424234186193,0.020646070176328,0.0079771389811754,0.0194190748242726,0.0190670502491827,0.0218391988240124,-934.971455653596
963,0.0103675061402975,0.0227975767522513,0.0051032195617996,0.0281408382973196,0.00891108117162441,0.0210796322541077,0.0194841693322553,0.0185557779801291,-935.568832717064
964,0.0135241231249576,0.0189249094610245,0.00272996923049937,0.0241791386473296,0.00879486137596586,0.0146269938916035,0.0140535715006844,0.019493335573881,-934.823172753395
965,0.010873328577054,0.0206365017952149,0.00347061917570918,0.0235114204882019,0.00949526441465614,0.0179901547002923,0.0138706409732818,0.017235020509371,-934.107244859049
966,0.0107537758155046,0.0285118859734533,0.00363314505124863,0.0227592548091394,0.0120266682303376,0.0160885995301778,0.0181058509297294,0.0329930375827358,-936.198060084128
967,0.0117380633244019,0.0181265856703205,0.00391171229879049,0.0237156027755093,0.0103459476453091,0.0350933194625354,0.0199309129866121,0.0294205617532055,-940.217068268995
968,0.0131237681587721,0.0177287261604543,0.00995274702135875,0.0226073614541944,0.0112391142933638,0.027700284810329,0.017857122103252,0.0289457988187782,-939.169925511895
969,0.0138827871537833,0.0228171294893542,0.00124270662738896,0.0335303604360042,0.00805845982267402,0.0112192111435014,0.0193530262108955,0.0324877913463991,-939.797649900024
970,0.0143436922318513,0.0229702138309988,0.00240695378138049,0.0273185089605683,0.0153224082299007,0.0192863655057834,0.0170903809260302,0.031918632871597,-938.483600799098
971,0.016284049409291,0.0220581752316045,0.00543316952973306,0.0252686706965287,0.0103885065297442,0.0209431786070464,0.0172300856448851,0.019743365628959,-935.327257329263
972,0.0115255933177452,0.0189869571848658,0.00123890037164025,0.0261675397095688,0.00850743137664145,0.0190138729673912,0.0142163481820143,0.0198115372995887,-935.15167125829
973,0.0137938057859595,0.0246140381910086,0.0096771197787249,0.0258592908983011,0.00852890681833979,0.0175460723447034,0.0153277561978685,0.0257918218800805,-936.667944185418
974,0.0146171730144333,0.023002613791248,0.00518698176127452,0.0227574654889276,0.00941588103487884,0.015701162360059,0.014980526975831,0.0134593622174003,-935.546827888709
975,0.00942764064530826,0.0279571237880341,0.00623878797703211,0.0283875141549785,0.00896982475248398,0.0165043434491029,0.0125900967982152,0.0172105390869916,-936.611931463072
976,0.0139189193746925,0.0260902379139504,0.00328402994543279,0.0136297256786921,0.0111111043597797,0.0177641294790245,0.0194455101016055,0.0143639130685217,-938.243156338444
977,0.00573041360910765,0.0276537553826058,0.00546393736017509,0.0107603750218306,0.00806551907450035,0.0172426657688132,0.0133956844084658,0.0174081385305179,-939.201953909398
978,0.00911182243039208,0.0338114347605106,0.00931295910838948,0.0278588034419092,0.00926887922260148,0.0168725067962889,0.0135798626850694,0.0170537430353544,-938.534748540566
979,0.0101035230080013,0.0322000016052068,0.00524673919585207,0.0168744887374094,0.00910275888724036,0.020791542476856,0.0183570509787259,0.0219867555385075,-936.798425923832
980,0.00483649910241719,0.0349100097875083,0.0032288199182717,0.0234990634695625,0.007747488609011,0.015509297350282,0.0161299070696979,0.0208159242205576,-937.31342187567
981,0.00505572282923343,0.0332162391311707,0.00964608678652345,0.0217549898121783,0.0114831775126621,0.0213865311137274,0.0191965487312927,0.0173113551419763,-938.574461832057
982,0.00460170315641798,0.0364212931765676,0.00180279302116684,0.0204821365659983,0.0132744709821293,0.0106886372196524,0.0118819903862508,0.0177291717389279,-939.652860606069
983,0.00657853027400247,0.0200238058600212,0.00407634584697842,0.0263238195765018,0.0100472473208402,0.0157282658016985,0.0169062281911156,0.0171087443908587,-936.000727877555
984,0.0135073284762636,0.02216284526388,0.00817558897895811,0.0287755112850171,0.00865488623412734,0.0215402503908802,0.0181548612970839,0.0261161490400389,-936.144453165002
985,0.0122827077676758,0.02289652894268,0.00584542193073418,0.0244103710479006,0.0114722792499471,0.0122992990917914,0.0167504301591945,0.0258658311896902,-934.965169807814
986,0.0130674373202672,0.0216844957019215,0.00505084916215764,0.0189687835446793,0.00923000182722139,0.0305167045948677,0.0170492712182676,0.0180286147122279,-937.650554459675
987,0.0112247304000787,0.0218580395973544,0.00450717392285507,0.0176617154214953,0.00833950138516015,0.0289878037203031,0.0187589690325269,0.0362402322358975,-939.527851852243
988,0.0110321323460791,0.0254177468926546,0.003886578968798,0.0225303991593782,0.0101526458899462,0.0221120105590978,0.0187148915175404,0.0167818698688312,-935.388404575241
989,0.00799648190716934,0.0239309618451034,0.00379636663173905,0.026958345016438,0.0126553470953558,0.0194707981521293,0.0180259694366567,0.0282334741228135,-935.249730588878
990,0.013959382571163,0.0182020473344296,0.0120461265675208,0.0216503672727624,0.0132316053894022,0.0189594836680254,0.0213718251367637,0.0257075998744765,-939.52589748794
991,0.00503325018242654,0.0216190746598213,0.0102828991957226,0.0114057546301186,0.0135294465502386,0.0203850425598496,0.015869702029835,0.0176781427611782,-941.39245976206
992,0.0146574232059693,0.0237228609885048,0.00608363034823553,0.0193017321223019,0.00741054222885124,0.0153932107970226,0.013670864910698,0.019991640243704,-936.693045539647
993,0.0122268706317426,0.0223821922340662,0.00497346877604436,0.0242260103144176,0.0132850766390942,0.0146992437633652,0.0147365240380155,0.0208521224528551,-934.776752671081
994,0.00866884910778821,0.023037927325321,0.00298038199037667,0.0207833177338671,0.00876524498396706,0.0195294428172182,0.0134347387991709,0.0244424817177501,-935.520212778054
995,0.0167835889805781,0.0221445308843832,0.00209698442185734,0.0152746832654516,0.0186280942116463,0.0255917171501227,0.0114127526597529,0.0127509475413722,-947.054241218026
996,0.00549346924764847,0.0320560894163671,0.00484229380838553,0.0139664741978635,0.00702029721148681,0.0133898742384605,0.0140465107506626,0.0247354004275357,-939.426586815799
997,0.00590654862271122,0.0275969639231039,0.0130289934645564,0.0302151277398109,0.00993096010208384,0.0117705643564719,0.0165126736584025,0.0124653232785197,-939.723713021703
998,0.00639861995529172,0.0283242525861422,0.00333488225167176,0.0142898310899104,0.0134008575481289,0.0121074183060875,0.013588503397607,0.0223361993078175,-937.444946682882
999,0.00980036381788625,0.0304398117230531,0.00717044841015468,0.0239851680840811,0.0139810686233614,0.0175273571968115,0.0140875014885551,0.0225938149628788,-937.311982302155
1000,0.00364575302627629,0.0337106648707669,0.00259651811072117,0.0170065693237662,0.0119765928271877,0.0141146721084581,0.0167843383657145,0.019237984856005,-936.647927522982
