"i","asc1","desc1","asc2","desc2","pol1","pol2","tran12","tran21","p"
1,0.0545651552193312,0.00767163159121044,0.0567083366639096,0.0452442045395248,0.0068911754679905,0.0117212509844923,0.0217347049124137,0.0123745887914867,-997.389366877145
2,0.0466576595048707,0.0103956905123319,0.0462151327730771,0.0131164075798583,0.0146007025048269,0.011634774591293,0.011472761798867,0.0201861031811123,-979.016948407296
3,0.00477921210580849,0.0120344283487714,0.0368384558446535,0.0154552214460327,0.00984020748718688,0.0134551499070553,0.0189286939562445,0.0413276308342349,-953.378072029946
4,0.00930017811582991,0.0355215799848955,0.0158777523043947,0.0134245216863034,0.0104220032747273,0.0176964627564219,0.0240319504454118,0.038207841314432,-944.343668077925
5,0.0038896029491413,0.0357463089187408,0.01920522865669,0.0176446587065872,0.0129184863191172,0.0179488130190351,0.014985995205278,0.0378275906389955,-944.63759452288
6,0.00325941372815235,0.0350029269561619,0.0221016712034732,0.00850348976064728,0.0114847085689843,0.0192568440255066,0.0184481715075423,0.0247591128424249,-942.858576361665
7,0.00860185465896191,0.0359104510625925,0.00233036645970843,0.0233695703035438,0.0123858342351202,0.0117723081837038,0.0202432336808095,0.0297914683503503,-938.972910909185
8,0.00741515222406689,0.0355614746791364,0.00396356719599015,0.0179016310633498,0.0093389987607246,0.0201969347834105,0.0181272392564927,0.0247691774861005,-936.881009573448
9,0.00747982563724847,0.0226699139311089,0.00515588917215639,0.034204012097667,0.0107119692309665,0.0217184167625745,0.0168526504611613,0.0218221404592947,-936.035889905173
10,0.013797319561499,0.0271188421946626,0.00663708887432323,0.0323556045940552,0.00871833795796616,0.0202408187366018,0.0185195031722014,0.0219541687622159,-937.451543207046
11,0.0133313866172522,0.0270209909879536,0.00350841556485186,0.028762211583444,0.00990080926274499,0.0202534971243778,0.0146785330038799,0.0216231041070297,-935.713990830482
12,0.00874710977309191,0.034509894311379,0.00817180673526592,0.0188546850960939,0.00928995391355261,0.0125239754749394,0.0191452376497576,0.028490737287944,-938.209910289189
13,0.00536115447948132,0.0231366724918906,0.00290124870579491,0.0186626184188753,0.00942992270335083,0.0256926982099689,0.0161907682139517,0.0104893246675957,-938.936662145916
14,0.00872930485490922,0.0230966781056094,0.00500056363675629,0.0171868289611355,0.0115223602506471,0.0137957142560378,0.0166748201065321,0.0329589256132688,-936.583783090487
15,0.00946926458612844,0.02569488093787,0.00581433768666034,0.0301466186113644,0.0125849537057416,0.0169194400711426,0.0190555615301086,0.0360572919339471,-937.45265456448
16,0.00506943414400246,0.0272526296287548,0.00772173659300549,0.0204795520735744,0.00841146144788338,0.0171284194547299,0.0217652053920872,0.0262936141802806,-937.839189442147
17,0.014216149441475,0.0246378475668608,0.00537772859629936,0.0157604026921565,0.012332851943684,0.0111863133329049,0.0218611072200004,0.0299254429330437,-938.478322458675
18,0.00805426290098776,0.0263398991019965,0.0037881034838467,0.0355940437003332,0.0126817177688602,0.0208026593117139,0.0215335107447867,0.0245118493706216,-938.557464104355
19,0.00823617721071001,0.0236507779153971,0.00217908967449865,0.0271598271007088,0.0123904641764874,0.0161135113701337,0.0224322515771751,0.0248231437384166,-936.654472476538
20,0.0143268795709608,0.0171603458370731,0.0026738507587947,0.0317425895821174,0.00891749086292955,0.0157180573019928,0.0125473575312146,0.0202870085756568,-936.787277538175
21,0.0121588925087051,0.0239003215076226,0.00275735651335926,0.0263435151749458,0.0112023669596027,0.013235914509576,0.0182973219529911,0.0235991188438109,-934.631295434422
22,0.00935557527483577,0.0258397227309754,0.00507257352109048,0.0193896474881199,0.0115202823488251,0.0207185051038537,0.0149356632052282,0.0165382369888305,-934.853414011376
23,0.0082082438538739,0.0284455524168297,0.00931505413911776,0.0234127410762324,0.00998473827710171,0.0146848443428989,0.0165048541943317,0.0264071232886582,-935.677782184927
24,0.00630227700354302,0.0304421962783474,0.00315103645218185,0.0223870875116469,0.0102105342989633,0.0201725073293004,0.0199434567471174,0.0234333217703842,-935.967703940617
25,0.00713700726914082,0.0204018836762378,0.0098048893206759,0.0175361241474836,0.0078655411113441,0.0205134062609932,0.0147018503779294,0.0163399258354041,-938.604882876829
26,0.0113463247618334,0.0232272726992114,0.00630075178387045,0.0292454916343707,0.00882595420091748,0.013126425218405,0.0169158925835972,0.0411288519391848,-939.769726959831
27,0.0130821003666024,0.0212219330080029,0.00628391598224246,0.0350593564913516,0.00879907722685944,0.0127708758826459,0.0200625833706485,0.0192662046231336,-937.938650920474
28,0.00997116177960474,0.0209969784620982,0.00479058368608917,0.022381635783285,0.0103899775988367,0.0237510852431795,0.0191105247680475,0.0202104341131868,-935.268021776993
29,0.0132970307716086,0.0247680856104442,0.00720835529689192,0.0173419164362184,0.0125756837185926,0.0223253832095532,0.0182822565281432,0.0186049745670527,-937.194949531277
30,0.0083056249742303,0.0249554006430245,0.00642406524223202,0.0171703782026874,0.00965686869976656,0.0154991904405188,0.0185289982509373,0.00652110075937996,-939.255323164462
31,0.00681429442318651,0.0310864736274854,0.00788718131701287,0.0252765852650802,0.0118509919970491,0.0158064811023047,0.0112456428780394,0.0263866285115658,-938.908299564212
32,0.00558770690728561,0.0228774246916987,0.00519578673966847,0.0221569424064279,0.0105012847022028,0.0197364348769016,0.0187016063085234,0.0284323299043115,-936.033874775037
33,0.00737269783289484,0.0280767080723617,0.000418733209878778,0.0165001760918155,0.00894268884251985,0.0141098115700083,0.0203467902682817,0.0275563571571587,-938.810334623304
34,0.0104080569621809,0.022185034116927,0.0157777942615639,0.032010230001369,0.0093729148513544,0.0189254230626812,0.0171738658771472,0.0200815281748378,-938.015457015969
35,0.00940182227009898,0.0185539941539639,0.0082425373240371,0.0341499693231944,0.0101915485652504,0.0225687966406671,0.0192490200153541,0.0152986366912045,-938.062798570656
36,0.0159970630551197,0.0237395794756371,0.00658194241903766,0.0234787214469059,0.0103325864790105,0.0146041544477606,0.0122958326587297,0.0161592765173885,-936.776886152954
37,0.0104576841333318,0.0217237615265609,0.00555813268612872,0.0278475373300606,0.00952509124628404,0.0207062619456662,0.016690835875011,0.0171113968532627,-934.549784334538
38,0.0127455595349242,0.0223695974402102,0.008688566135897,0.0316882136625584,0.0103552636352755,0.0144534747220088,0.0156201593106455,0.0170701538715704,-936.038225356359
39,0.00818426243751903,0.0259809464065791,0.00761760527574755,0.0251493075014905,0.00916005533660957,0.01439764006798,0.0176725004366955,0.0269305986563461,-935.433232083339
40,0.0113440203049061,0.0194756037742453,0.00971898087485177,0.0273893081999577,0.0113093223966678,0.0153747680045942,0.0142727523059695,0.0172819100810705,-935.978060309662
41,0.0123225828456853,0.0227305963036277,0.00526623478713565,0.0263437856351941,0.0101742291063605,0.0149221523723979,0.0165241663219119,0.0281818937786761,-934.640456340207
42,0.00868432075082135,0.0229020005825954,0.0102713888652339,0.0212592087888885,0.00939571262375049,0.0189997614419578,0.0122572244071024,0.0292148279786994,-938.659538738072
43,0.0186796206689462,0.0191622271654194,0.0101895485165724,0.0302044464436663,0.00993379765947289,0.0200235097952577,0.0250185482189982,0.0214956584983866,-942.815655811411
44,0.015500112674221,0.0188833413757112,0.00372135664722098,0.0302552499415542,0.00870293925208188,0.0298214607948708,0.0102550849487537,0.0214838152868031,-942.300550413019
45,0.00954299144598693,0.0183406433957196,0.00585211799319348,0.0299382708626416,0.0085929514218618,0.0170795391575849,0.0118307236628575,0.0273993055160928,-938.779486448729
46,0.0130028017574873,0.0234419033091015,0.0123882455790974,0.0279991170794989,0.00702722071256936,0.0127259763333099,0.0187586033467475,0.0354179916028485,-941.198711073294
47,0.00669918947651143,0.0253441649593352,0.00314095754617005,0.0182188057830376,0.0147213103142504,0.0194722929640104,0.0169049155159802,0.0208752234356884,-936.140159726461
48,0.0149088871373453,0.0207018586185433,0.00344097204163787,0.0214809956200347,0.00955237568653756,0.0166719106862554,0.0182548980025707,0.012339555361585,-936.568790157498
49,0.0176241055477164,0.0200196383896624,0.003450902033799,0.0206924883051632,0.00567221206391067,0.0213867212550215,0.0174601812609767,0.0367144643690106,-941.420759981658
50,0.0156769983208678,0.0158001883885702,0.00830867266778724,0.0329400964458094,0.0128254668611708,0.00891924560163149,0.0207509955230229,0.0208778697481617,-942.182273271381
51,0.00832002185324696,0.0255524366566358,0.00795388882229638,0.0271973177495005,0.00967183006143637,0.0116560034975714,0.022712848907108,0.0353867125793556,-938.649853636756
52,0.00818681350555069,0.0171416089198577,0.00860113573712585,0.0275838715428413,0.0115853316703998,0.0191394496274268,0.0199237905506147,0.031324507668818,-937.712513486135
53,0.0122729795923816,0.0220253439505295,0.00287346269537615,0.0203257691946132,0.0117298026672607,0.0246856418625884,0.0204731413203859,0.0292255426555251,-936.441766384887
54,0.00791804283579198,0.0332868813163096,0.00684782878835781,0.0070348072052442,0.0118725341601399,0.0216103145991691,0.0181130718424178,0.0209140599509396,-940.760331141919
55,0.00913899821195424,0.0275141033192449,0.00883153435795794,0.0165896020632123,0.00932773171655248,0.0214559025560817,0.0126349637511434,0.0178875706530634,-937.244881805993
56,0.0119730033312264,0.026982065662454,0.00364610469348632,0.0284509878462005,0.0103312274218623,0.0169202813490727,0.0173468272636391,0.0195662647204852,-935.000671130755
57,0.00316718074989185,0.0302936500822128,0.0067578854580723,0.0199054068115137,0.0132973904470201,0.0146785633737954,0.0175999914745113,0.0242481300574905,-936.538148487575
58,0.00921760809868036,0.0229580408316717,0.00538717770003136,0.0252069731288352,0.0128146034582128,0.0113902909023175,0.0152231995900722,0.0171762276385826,-935.784319274437
59,0.00706440507471132,0.029551990973158,0.00487261559439157,0.0194715187121323,0.0123979117039173,0.0222011584878407,0.0133605862502009,0.0208094496172518,-936.459336418742
60,0.00781946373905046,0.0221001322746739,0.00649420208288157,0.0193968268353337,0.00979466105636439,0.0131958233463161,0.0140297009782265,0.0209174584584691,-935.664274571267
61,0.00877682930454417,0.0295713455373047,0.0025335247242215,0.022178522437488,0.0143879474814556,0.0205988822522125,0.013896900314967,0.0220568542429228,-936.869606323684
62,0.00948971116404656,0.0307777972810088,0.00149874924992653,0.0190226881925439,0.012387208045802,0.0113478600545153,0.0145420380553653,0.0214639709094482,-936.63767568749
63,0.00824620320672062,0.0307057408818354,0.00363730713312761,0.0183320213598531,0.0137535413468356,0.013818183396905,0.0196659839217618,0.0240913495836966,-936.565284545282
64,0.0101660743816604,0.0271935337065281,0.00226777408623833,0.0218477440944837,0.0140636581780452,0.0163683705692675,0.0156838514270782,0.0281965420586576,-936.002082717369
65,0.0116200098406341,0.0234397799663719,0.00469545377184325,0.0230961390115144,0.0137597071602858,0.0188219072691439,0.0197413184228112,0.0206441811800301,-935.831527022501
66,0.00957153531535553,0.0198401523148813,0.00623966518327657,0.0257928736268384,0.0148625253214826,0.0133093682335543,0.0188472330241447,0.0238966084357965,-936.755713571867
67,0.0169971299885678,0.0209595731115103,0.0029760071144338,0.0291240718347492,0.0111616367770554,0.0142628864123821,0.0238078574359939,0.0319758320797927,-938.465795877658
68,0.00735906418497517,0.027704706921595,0.00625091021142392,0.0160074405129431,0.00976249853595668,0.0161742250028532,0.0145614037229627,0.0246739550898996,-935.534493022448
69,0.00603365234282995,0.0285832552121892,0.00790098129714684,0.0265503683653417,0.0114260670250615,0.0182553761333921,0.0190012559587633,0.0197452966384981,-936.222314603828
70,0.0083568687063284,0.0266243165195469,0.00422739827733024,0.0169049585896832,0.0113653750664323,0.0180067215080606,0.0190616827320312,0.0203469517366858,-935.153997723912
71,0.0112878507491606,0.0274834856126083,0.005309663348524,0.0192690094058659,0.0124483422108166,0.0141892631607431,0.0162928454543692,0.0184649120486041,-935.175631359381
72,0.00551023158036455,0.020656333034759,0.00522628355213517,0.0240244040538509,0.00808993677564669,0.0171423924049453,0.0135134686148212,0.0154730823610964,-938.277613116724
73,0.00889577599044726,0.0236780337516709,0.0141835071487021,0.0210994701628386,0.012018059404965,0.0136928385810101,0.0150784389708424,0.0257891028454817,-937.112231725594
74,0.00837518534911596,0.0250829389274186,0.00339818253131106,0.024236837696886,0.00910310728875333,0.013623472986091,0.0189188484193555,0.0262993818336166,-935.165481489712
75,0.00989724975147203,0.0202639753812684,0.00806044433936139,0.0284081944760342,0.0102413566092233,0.0251499566999671,0.0189847518628487,0.0206766687567686,-936.590995487098
76,0.0147090025762559,0.0221964431697984,0.00903617581040316,0.0252314143188193,0.0136196796943986,0.0158076851085063,0.018757959583689,0.0342766100873292,-938.50735727147
77,0.00284824005350938,0.0277198906032066,0.00242872164563036,0.0204608966878524,0.0082033139409575,0.0128892918791421,0.0227630496810186,0.0214239154915663,-941.851279272736
78,0.0120662364271686,0.0225705564355675,0.00455314823099782,0.024904853743606,0.0101981846779249,0.0120208486477215,0.012969901513387,0.015556241616897,-935.76128209176
79,0.0120044972663992,0.0229141635148516,0.00280000647076714,0.0355188778193033,0.011300372406902,0.0222480138989582,0.016551617538936,0.034596064870463,-938.359570459498
80,0.019872312479479,0.015406473403257,0.00428774822071015,0.021864825829758,0.00781355204846877,0.0178640638046693,0.0137199782519655,0.0300274987703054,-939.471716227726
81,0.0133431954614019,0.0156629537859818,0.00386998615976737,0.0236854019253892,0.00776881691488693,0.0221844206177636,0.01433837673743,0.0119422952140007,-938.175817814271
82,0.0120956383386397,0.0208860658445182,0.00287086079188554,0.02485131267529,0.00999782405615487,0.0262434383158748,0.017991371632735,0.0164370879558542,-935.763887772965
83,0.00796937137669992,0.0243547522501532,0.007633150823411,0.0131705221364237,0.00923266922493027,0.0131669071227139,0.0141395702282463,0.0232844169423344,-937.298885023857
84,0.00987860215119543,0.0276901518204244,0.00209139631927782,0.0172720037878162,0.0108458836593303,0.0123989999491445,0.0131526382110056,0.023495825352664,-936.125956724715
85,0.0108229715248384,0.0241936764231764,0.00370124744349695,0.016320722808828,0.011719869279787,0.0176476126884619,0.0139261405501214,0.0184434589207122,-934.7736571741
86,0.00972119064649911,0.0241552409369802,0.00421720311109493,0.0211182780039849,0.0108680890606222,0.0135049063527518,0.0172444625962092,0.0244251515729595,-934.086002420679
87,0.0112650500496209,0.0211444337885152,0.00498423185727956,0.0246044382096264,0.0112422836564211,0.0135830738012267,0.0161374235268022,0.0274938091668044,-934.631331419567
88,0.0132124323343051,0.0195385568034835,0.008566259340283,0.0309751067527191,0.0100810202681337,0.020362634029996,0.0187006281810402,0.0175870824803588,-936.461947784203
89,0.00884104820194379,0.0229624914358769,0.00861919389133428,0.0153212072901327,0.0106123298983332,0.0145417516717365,0.0161430412269974,0.0248922388325487,-935.892506038355
90,0.0135808139123284,0.0219729171665927,0.00366396619903539,0.0305997981871406,0.0109151798360274,0.0178879508230638,0.0205877860486243,0.0251905048137042,-935.471134618805
91,0.00882045319775516,0.0213403641683813,0.00900935455224858,0.0321613875071026,0.00826343234127636,0.0159495217468515,0.0180649766341293,0.0232328135124129,-936.67326909556
92,0.00939123295364453,0.0202207359372304,0.00270989561185296,0.0286145342201826,0.01365289133315,0.0160880585642205,0.0159856477325302,0.0275443391799224,-935.800995793786
93,0.00789486843385832,0.0220251712862979,0.00830995705693446,0.0274013280727113,0.00796723009198593,0.0180163746010899,0.0153643229952798,0.0316293051117189,-937.748167868682
94,0.0146254709201567,0.0194484689152326,0.0022662053182026,0.0194265255004102,0.00974322096551202,0.0187508647945502,0.0217038491087091,0.0319256742690847,-936.352291618795
95,0.0142276065443343,0.0243909207997184,0.00788408378438146,0.0257400431455588,0.00904966873462664,0.0157734773177703,0.0216491348569405,0.0216925862212054,-937.419472854825
96,0.0065903638049065,0.0306077242446743,0.00224789830102814,0.0168876088851475,0.0105761651689372,0.0122922774508237,0.0194673669839961,0.0215755073602869,-936.657664075541
97,0.0124569330423869,0.0212911822994242,0.00385923296133481,0.0350014671891673,0.00907533402925407,0.0160173377878536,0.0181420924754673,0.0219091758860551,-935.455757215199
98,0.0122657018923261,0.0223147853390261,0.00389032004490802,0.0217878600626734,0.0115235461390782,0.0161078425385683,0.0171575522513605,0.025460355289014,-933.816380132453
99,0.00663165346431866,0.0213573390642902,0.00128173608914434,0.0302589110088074,0.0140712842801478,0.0196553918949168,0.0197586737918539,0.0333479002030053,-938.834309171799
100,0.00681229598244177,0.0258913513737393,0.00767878605548556,0.0164343228437098,0.00841447963671809,0.0205228286822145,0.0211344574149518,0.020627881611488,-938.138950338041
101,0.00735653475552278,0.0254333666464599,0.00603273431848753,0.0249640850521823,0.0115731759339186,0.0206853212495653,0.0148648641598233,0.0188362683151673,-934.958713978565
102,0.00734543832175362,0.0246284831588238,0.00409408900432695,0.014782289411727,0.0089979999182552,0.0129454722683472,0.0164676300927312,0.0210197094494865,-936.424359740265
103,0.00939568415495685,0.0235507637252689,0.00580740609415506,0.0313188871461272,0.0127977296270431,0.018822618306641,0.0181741394199526,0.0183216313685647,-935.948115892323
104,0.00885122365612221,0.023782204577069,0.00697991637137726,0.019329523214572,0.0106242726303611,0.0183942786503914,0.0172093752321883,0.023533735197489,-934.475198336072
105,0.0165920043278283,0.0235959208231181,0.00343388152468553,0.035209058660858,0.00979813967527195,0.0199728681582089,0.0147352442141305,0.0220590798438531,-937.149090995283
106,0.0114522929881771,0.0231902987483728,0.00611014426801819,0.0190497302228124,0.0110731980512704,0.0167832010705628,0.0187347210694635,0.0220205694538413,-934.499558916736
107,0.0135137333751028,0.0209015920917058,0.00728380866741534,0.0143103245272921,0.0116577068394874,0.0157345763699731,0.0187202479481797,0.0181780633119792,-937.177181519837
108,0.0149480631486042,0.0213158691568651,0.00354442720968886,0.0301812008619246,0.01286193872223,0.0192839843357046,0.0130661990492789,0.0170426394002268,-936.686349902307
109,0.0137496681704311,0.025987500175455,0.00455945211594452,0.0287536014518437,0.00814855442361324,0.0211310599766316,0.0153195984513251,0.0142989679705434,-936.783070705099
110,0.0152650592578431,0.0136532025199063,0.00397158834218529,0.0243746262849732,0.0102820291085014,0.0192603238412659,0.0179867521502139,0.0337528004556601,-937.935452971409
111,0.0172349374685968,0.0185852277241531,0.00761885936214173,0.0163101924951477,0.00830687934446136,0.0186375844262979,0.0199513958016845,0.0246128938221859,-938.393285153604
112,0.0204747752988242,0.0193951657450453,0.00898501740167152,0.0291450574595046,0.0115705533965777,0.0148441390083223,0.0154918360155089,0.0236395107280474,-938.761993844643
113,0.00871671022750844,0.0227537916413285,0.00865649400175992,0.0225326207047722,0.0113321456299758,0.0161392054920534,0.0169499816392319,0.0227665402351215,-934.721247106863
114,0.0107637205203022,0.0197841233239946,0.00667792470491467,0.0258089466223005,0.0120083599517177,0.0151730343444817,0.0170616093368016,0.0253093441776285,-934.741729134042
115,0.0128557366046536,0.01768724199144,0.00419350873568608,0.0234237365058032,0.0114887012516991,0.0152043101167029,0.0135337529552541,0.0200326989911482,-935.060694549238
116,0.0147399402207925,0.0283027027491534,0.00432586027799977,0.014142381038971,0.013256041267577,0.0141830401779615,0.0171446258054792,0.0207723358901371,-937.61047979587
117,0.00427990082233305,0.0301819035309183,0.00878004443655419,0.0346832256412903,0.0124582698520529,0.0188841088652757,0.0145749428539615,0.013757223439435,-939.376670244542
118,0.00692488561517838,0.0195561660651043,0.00961764206553302,0.0192479740228959,0.0130201328966865,0.0222905484957364,0.0108891872937917,0.0177996107929445,-941.164537628752
119,0.0136668227474834,0.0313882836524279,0.00322512761102322,0.0230045337259111,0.00864113471204479,0.022387070502413,0.0117168552946934,0.0208892484096121,-939.387220667693
120,0.00447497900174623,0.0344170617873311,0.00250130024166733,0.0199631266002295,0.0142121686656298,0.0155660537844774,0.0131255661815407,0.0199901298259735,-937.542324572867
121,0.00775155399970505,0.0293177694615073,0.00391120815482763,0.0210919140623982,0.0139863938306354,0.0149180809893824,0.0157723805068594,0.0314686002671707,-936.89651729942
122,0.00857979235802099,0.0274617479741625,0.00619647689011146,0.0191038575897755,0.0129403824063843,0.018115874464158,0.0210161612503013,0.0212315846425991,-936.748620979645
123,0.0057478282767494,0.0360988487472226,0.00302481950638577,0.0207499193517076,0.00903446048312247,0.0133844080966542,0.0137879728678658,0.0151222905585635,-937.568911695313
124,0.00884455808785164,0.0333737553194156,0.00346454484563738,0.0277096668613473,0.00912416471918523,0.0179983464993466,0.0143556521781806,0.0186510781036484,-936.878935502123
125,0.010371048247111,0.0305367905753091,0.00465275252115506,0.0234563243948321,0.00931883271159542,0.0159736248073709,0.0142453482096627,0.0206926477997354,-935.438169315585
126,0.0100249140012071,0.0247675423990947,0.00390230773563342,0.0180497215052456,0.0111107263374837,0.0173754863090404,0.0184621675787867,0.0165704382119287,-935.002010603032
127,0.0127444120986273,0.0205342942043373,0.00279512702275204,0.0200755231586133,0.009446368525725,0.020782807478822,0.0133627733818772,0.0175839013515356,-934.719312088959
128,0.0158582747515185,0.0199415664190392,0.00712203174693624,0.0317374360629731,0.0119977299399564,0.0102404645503375,0.014439607991047,0.0204264211585922,-938.428950948338
129,0.00818875809454719,0.0285492386578882,0.00267591851076405,0.0170195358177895,0.0122890520066688,0.015086010921117,0.0196117415170989,0.0222767247456042,-935.687996886674
130,0.0102807698214511,0.0235484868854179,0.00760017523417045,0.0221346549020825,0.00824206171227785,0.0211678134468581,0.0140422591423626,0.0243508593539956,-936.09022931771
131,0.0125644015662571,0.0207986087884791,0.00797432474105968,0.0278563163078207,0.0133804643345618,0.013376604987969,0.0163741239319538,0.0212259300972831,-936.095845507958
132,0.0146316622245219,0.0252861397508905,0.00530319942744853,0.0280480990065528,0.0103088621043486,0.0184339579223767,0.0159964191731058,0.0238102913567561,-935.314884390794
133,0.00882478451900163,0.0257352679189144,0.00196294934068218,0.0246558489215908,0.0107176512211293,0.0168216408527493,0.0159207565500965,0.0194358808142638,-934.102323840201
134,0.0114293696652957,0.0170920168999425,0.00514821950285248,0.0228221942413955,0.0105784450041384,0.0213905630216592,0.016222768423063,0.0223996381829266,-935.007096068999
135,0.0144599710202291,0.0167608834003681,0.00460130090328399,0.0332502038587115,0.0124512427512638,0.0229215649110683,0.0195318984156782,0.0159234353176837,-938.745036959344
136,0.0105381789080167,0.0236318720642884,0.0101398951035698,0.0292653304508789,0.0100552981692656,0.0238178543597496,0.0168639423879221,0.0232710093244052,-936.603221351066
137,0.0113912242908309,0.0189855743420966,0.00415274891903881,0.0308540322025105,0.0130113032776323,0.0233778124176984,0.0190973016584436,0.0255600513418107,-936.530633449517
138,0.0115668817663773,0.0195160177735785,0.00340764752787153,0.0216908116386295,0.0127907490029444,0.0152216114605563,0.0198181561500935,0.0211270450564158,-935.287035977206
139,0.0126222375679208,0.029832567505351,0.00133779588663673,0.0353586988822185,0.00999026122800353,0.0162537010333896,0.0175648435684723,0.0245480265889684,-938.570314112769
140,0.00772954795797369,0.0291199579834336,0.00770654088495359,0.0293816318788186,0.0104917457590397,0.0215566641113869,0.0167022009535658,0.0181607080891876,-936.60546742018
141,0.00998784803014379,0.029658846954371,0.00306347993874378,0.0297555734984107,0.0109686412270719,0.0180180538702661,0.0157754785205446,0.0217745471654923,-935.807331618567
142,0.00784696061413573,0.0208322112728911,0.00310660035385032,0.0175057340525985,0.00986663039716257,0.0184637825334131,0.0155239121415673,0.0128835057572926,-936.437713937927
143,0.0115856141963955,0.0216320257267451,0.00277307547960261,0.0335174625025627,0.00935298109775421,0.0170647483268437,0.0153392204026769,0.0152078561078535,-935.34056323619
144,0.0102689672407366,0.0206139563395622,0.00517625919841524,0.0204996670816936,0.0119739810751982,0.0258169892661128,0.0142815867865492,0.011887541947818,-937.255891605349
145,0.0112112207353737,0.0275504534224068,0.00365580802270239,0.0255517014259687,0.0125388464518269,0.0112449780450769,0.0185358770286281,0.0325051163605533,-937.326410008889
146,0.00772297486501232,0.0209825256050587,0.00333557103668818,0.0312408672990238,0.0125531725916123,0.0122377042797449,0.0191678911582767,0.0165862459346274,-937.693720620253
147,0.0142546553086927,0.0209453453871968,0.00472816574581077,0.0201150378449742,0.0127203308612314,0.0223008848771377,0.0166528349333472,0.0236617250679909,-935.612897777789
148,0.00981485585417377,0.0216036898972333,0.00605813715708467,0.0243273234600722,0.0108768843166354,0.0159753394385481,0.0169525418716176,0.0145166742625927,-934.955895196185
149,0.0166909574778124,0.0191834898810833,0.00299480841086911,0.0271158355458186,0.00855794181321724,0.012315712761,0.0153318256125262,0.0212415899141254,-936.297536177456
150,0.0165876312853587,0.0211840192821498,0.00987251970386625,0.0232985291628683,0.010201730673172,0.0225633112134415,0.0156507753459245,0.0226564226857966,-937.246415483628
151,0.0066334918810791,0.0309192315280506,0.00330488822392707,0.0186522070659361,0.0131774664159514,0.0086528872977108,0.0175492924897548,0.0225780180624111,-938.063364268091
152,0.0113041824870738,0.023922268521391,0.00609453160553485,0.0343989189325868,0.00947020393602254,0.0269782870962918,0.018046771235977,0.0245219918158962,-937.521553325303
153,0.0134361840432277,0.0233751965195502,0.00521543127495303,0.0216946858861471,0.0100999212590826,0.0124107403466601,0.0153301705915764,0.025924376560237,-935.186175118164
154,0.00458320754603698,0.0243578463726551,0.00558897314518372,0.0231073651545837,0.00896603596308957,0.0208061212735144,0.016234154807458,0.0308033276815565,-937.567297156172
155,0.0182379228027236,0.017601747886552,0.00384410361078365,0.0293572079544532,0.0112306360732778,0.0172937712647728,0.0160202703556274,0.0157513395242535,-936.572989532637
156,0.00820172398159204,0.0294253987415486,0.00396853950164246,0.0174725313955989,0.0106525926958309,0.0168983501259343,0.0188203787920505,0.0183859891082883,-935.463971130527
157,0.00925453005240095,0.0184135460421777,0.00262045128190663,0.0221854376457842,0.00985020495517513,0.0166306719618288,0.0136668722024893,0.020588741846512,-935.233099041119
158,0.0210710012695925,0.0160153149201005,0.00568406382123677,0.0230318477395817,0.00829593292608911,0.0187402544473946,0.0179128859662914,0.0201816237710957,-937.880609975166
159,0.00998039852916439,0.0278989861348307,0.00481273475274284,0.0236538880510319,0.00841057119368393,0.0146805559839013,0.0144087472597461,0.0269945369846888,-936.080306203992
160,0.00712947754529805,0.0294433821497482,0.00856970449730943,0.0197966616629712,0.00942619392982552,0.0201268822438402,0.0181708942262933,0.0232914215515165,-936.0124604438
161,0.0041784721331857,0.0344828009958995,0.0122975077206207,0.0196120413899552,0.0110835462789544,0.0166564206061552,0.0146538929345891,0.0233374814634503,-937.774062285256
162,0.00504691391898139,0.0302100843932908,0.0128993233121732,0.0274982515526773,0.00715482928852574,0.0148056928257417,0.0140240116760704,0.0261095266977435,-940.150497066722
163,0.00563387517973206,0.0308539552251228,0.00545363263342714,0.0157790590749968,0.0145949911234492,0.0157032578692896,0.0166628770066121,0.0226031169908821,-936.935549067036
164,0.00729034322674332,0.0209395297622278,0.00611665616087408,0.0350162422407831,0.00802974036482897,0.0127452080788992,0.0188492476764231,0.0253538808539627,-938.55952030607
165,0.0139529027108814,0.0220015294485167,0.00138209051645605,0.0174954199571854,0.0117010222655619,0.0205235968100602,0.0163345639818824,0.0266715266064514,-935.639044618646
166,0.00929590247042075,0.01997140919707,0.00431556192788921,0.0274559558555825,0.00990110076104312,0.0180886532776846,0.0166566125264655,0.0248082226400658,-934.277326760872
167,0.0144704587844242,0.0225880151789937,0.00156833765344051,0.0245204935755834,0.00951584399705187,0.0210815116263708,0.0181354515445288,0.0253230733697216,-934.826584794388
168,0.00989836195256714,0.0198427692059097,0.00621859175221541,0.0332945345084473,0.00969437557399287,0.0179709180182204,0.018161261501559,0.0298099317519676,-935.83523766933
169,0.0140639593315473,0.0197348821773869,0.00337882457902848,0.0195213710626938,0.0142414699927339,0.0251701901502431,0.016348249461873,0.0296318771839729,-938.440073825936
170,0.0122806001428265,0.0189447533780707,0.00255514142499794,0.0361777341812476,0.00683182547713515,0.0152179464661567,0.0159146675621712,0.0135529379921812,-939.11899353115
171,0.0163773683593543,0.0229496413581014,0.0139931420563929,0.0151435915728635,0.00824986594935182,0.0198560094683793,0.0165445796974327,0.0149863938430983,-940.509358369041
172,0.0100085573447495,0.0264189172256278,0.0100766204939881,0.026936146116037,0.0156263045230713,0.0107939043379942,0.0180553988674262,0.0155486278326247,-940.583890744918
173,0.0048995975943768,0.0277733707560867,0.00931632697706017,0.0172622110436023,0.0146876765020344,0.0128339534177363,0.0184511305695525,0.0205725596691795,-938.280264534711
174,0.0122976770382352,0.0300814523455882,0.0114668854499342,0.0126063683607873,0.0133411108738025,0.013634712230344,0.0122444227334283,0.0146009908775054,-941.154281143317
175,0.0110157594584307,0.0293054827490189,0.0132364504145691,0.0118828568822704,0.0120835852375051,0.0182400143139221,0.0153584122625462,0.0265294098578088,-939.438008527678
176,0.00601044186488457,0.0282558502423637,0.00965441327475631,0.0113859719290471,0.00873852144265479,0.0161726924310988,0.0208468067416264,0.0341681548933779,-939.780706225977
177,0.0086327696056125,0.0309088121201818,0.0108586871429302,0.0117971036166127,0.0113558494909307,0.0103265137709754,0.01783530002584,0.0193423720007396,-939.358122855798
178,0.0122459519720594,0.0174798143682879,0.00416524310442417,0.023142522511383,0.00776761051708387,0.029553661814969,0.014448080306162,0.0213710869146014,-937.927563452874
179,0.0120390431711131,0.0193513646977203,0.00406096740015683,0.0286529107818534,0.011089227876258,0.0315019990151383,0.0138614045883761,0.0207187837684865,-938.239755513745
180,0.00944749988383945,0.0219067027614628,0.00571235000105427,0.0196046297691951,0.0131169958064725,0.0169019531130707,0.0145426689105868,0.0293823897589125,-936.286328464661
181,0.00892706354413545,0.0254950909810294,0.00256489024034643,0.015609839054427,0.011340271638332,0.0181772733668295,0.0170480903019332,0.0132540352951652,-936.286568144196
182,0.0138234925952862,0.0186251018567376,0.00284067420566917,0.0402637573878823,0.00888985997404849,0.0211494742310763,0.0147938705065991,0.0209031751109771,-937.255566724454
183,0.013713750078395,0.0227087346205555,0.00252044906783954,0.0419004792196033,0.00883092929120294,0.0155736781342076,0.0128765011468006,0.0127065068354312,-939.735176383803
184,0.00894279920504811,0.0140791713464,0.00789717893485942,0.019727391024128,0.0133947242612687,0.0136000357097568,0.011506212380417,0.0263037332946396,-943.082868934059
185,0.0225729763716783,0.0274682120973139,0.00621088029030571,0.0186027121292913,0.0124627164800637,0.0147489871264941,0.0197112437783484,0.0293952345515205,-941.808325446203
186,0.0183001395467221,0.0151219430366276,0.00614852360246262,0.0311445798187696,0.0135615882375384,0.0141821418232866,0.016448993018147,0.0307266742037196,-939.981988126947
187,0.0110470483654668,0.0289913246896507,0.0164992498567811,0.0297517679751594,0.0131013045719944,0.0159988363820857,0.0178855521845461,0.0171731805118144,-940.961192107343
188,0.0115794845694957,0.0159855056069845,0.0166900932733372,0.0308652387883163,0.0117140015646273,0.0152473230128317,0.0146897273913997,0.0242457592555967,-940.167645858206
189,0.012407692237666,0.01605836260922,0.00791327962637781,0.0295247799271088,0.0120383291550785,0.0146014882018053,0.0124894440451279,0.0164023698858877,-938.209858978782
190,0.0146395919710308,0.0183755174811744,0.00357484225310607,0.0184736413898419,0.00876966240582184,0.0190976310712595,0.0207628858021043,0.0238400779018456,-936.186921434185
191,0.0153237445848965,0.0246488427255628,0.00065084963188171,0.020749803092057,0.010137979262959,0.0155990714161577,0.0235641045588551,0.0368302718510727,-939.186232263661
192,0.0104984026840185,0.0217517321299341,0.00116622117419424,0.0264110931762693,0.00850786730963018,0.0157198185780535,0.0164227046313061,0.0143315651540267,-935.937446507603
193,0.0103875912639727,0.0234580237091796,0.0080608610788085,0.0210162391747192,0.00950354719698544,0.0229774853447969,0.0143371170364944,0.026807735102207,-936.472075333375
194,0.00935362912263191,0.0290367711841517,0.00848389448444774,0.0214117513570748,0.0115966620167779,0.0210287404264173,0.018152071858482,0.0274225764386767,-936.623490885499
195,0.013089881486451,0.0187408767642611,0.00767147126282736,0.0294288672060671,0.0106772284337148,0.0237006590970369,0.018659813176402,0.019041721223089,-936.540984784192
196,0.0174742168374904,0.0161730919145796,0.00509457982194374,0.0277900435652162,0.0117148446988265,0.0192815040335442,0.0208073105321746,0.0197080757776244,-937.954930541631
197,0.010009793934411,0.0190808535244145,0.00306586123129583,0.0367094391253805,0.00999225295239859,0.0165162348563718,0.0141180452566682,0.0194793561645462,-936.104265472282
198,0.00961817094252603,0.0193909897746427,0.00365796547716985,0.0188689755219399,0.0131673316098296,0.0150525135627092,0.0175337709181976,0.0223424860193154,-935.326077781651
199,0.0144189801336794,0.0206130609047957,0.00300918910525485,0.0272657918530885,0.0115915365371603,0.0182156611768484,0.0132426668626541,0.0215483402452985,-935.151968975198
200,0.016958857241926,0.0264963345907949,0.00526393073926134,0.0163733173653534,0.00972157232102867,0.0160063193391638,0.0116772069057954,0.0187233793325163,-938.11826144676
201,0.0115209759058755,0.0231599686101908,0.00482402877025301,0.0233181311253318,0.00994034802643074,0.0170625505434941,0.0168381786490985,0.0243592152458044,-933.656004183977
202,0.0146935064736641,0.0224815162513456,0.00789801377565122,0.0282872898391818,0.0116619991696978,0.0194311859336619,0.0154033200256487,0.0243847101818333,-936.118285297253
203,0.00670262421037913,0.0241873923142066,0.00538272911846858,0.0279157369222948,0.00867911302070657,0.0175383220641233,0.0127600975062853,0.0171982143012501,-936.507928326577
204,0.011462996177799,0.026386506613917,0.00363419329046155,0.016640428459723,0.0130581630632389,0.015465474515189,0.0146439010988823,0.0342198512441921,-938.178486536861
205,0.00820510442599024,0.0246442823115499,0.00312203558401846,0.0173083432318591,0.0106228030090625,0.0178251698734006,0.0231960137917838,0.0224858140824775,-937.332042758258
206,0.00914155580735861,0.0192457530941124,0.00315401376367145,0.0264869744318439,0.0104007865822916,0.0138018624356834,0.0235111436484628,0.0314957301966662,-937.340866733231
207,0.0144069545883091,0.0218614211632673,0.00348154401967408,0.020576573723746,0.00991329011552019,0.0174316143029741,0.0209162242465422,0.0330737898218437,-935.800852965743
208,0.0137727098622539,0.0294426899340207,0.00487803285242211,0.0248205908776948,0.0100785307822542,0.0152735287821729,0.0197137937947777,0.0190429055146244,-937.161400017198
209,0.0114696489226588,0.0216323960357662,0.00519720210404375,0.0211191292418149,0.0101343658484263,0.020687510247613,0.0129204863852805,0.0261362775492682,-935.87068564915
210,0.0108202705404922,0.0242034878238499,0.00485187084991735,0.0197271951555732,0.0127125570613817,0.0232166291909981,0.017643260159075,0.0201968293852189,-935.561000312065
211,0.00881764569535474,0.0304779947806442,0.0058049357827526,0.0179640746785078,0.00855228036169944,0.0111006964246599,0.0145930818559259,0.0260513228657238,-937.494431114822
212,0.00676179818852361,0.0308085219283364,0.00425785794639971,0.0236942137982533,0.0119078570526544,0.0153150765701464,0.019856870029295,0.0221269768065222,-935.821420520509
213,0.0129695719758127,0.0317556191408531,0.00689304876174575,0.0242121974247023,0.00795228141185599,0.0190592107427052,0.0124706894616647,0.0254976556444451,-939.793633524721
214,0.0107402687890046,0.027752908429581,0.004939822942314,0.0251288295579814,0.012710446522719,0.0170740638567433,0.0163802952662073,0.0261686086455874,-935.377082975336
215,0.00835311976829494,0.0221913745207725,0.0028772730092345,0.0213066681607898,0.00927194087319976,0.0193949271301946,0.0155775464083631,0.021571555608218,-934.322555866806
216,0.0105133604475809,0.0274169851224578,0.000937334145043259,0.0259163973304233,0.00993833068256447,0.0157311570817839,0.0172141722846468,0.0241102222899134,-935.468102059047
217,0.00720883862740641,0.0282576668253317,0.00514267283478839,0.0235170017196156,0.0104888103328804,0.0137480015628146,0.0178907296983585,0.0272423769645723,-934.992041328788
218,0.00626998606234604,0.0324319306381951,0.00249914151256621,0.0270633572917842,0.0126906981305028,0.0110379701119522,0.0164082296651357,0.0154444678199291,-938.06701987964
219,0.00230147174529526,0.0295186150158424,0.00736419827568661,0.0282439353693825,0.0135328239690931,0.0276199758891507,0.0166628389854559,0.0108485530448554,-942.098888681098
220,0.00445974799093616,0.0242218985289867,0.00684088445448953,0.0266342546287088,0.0125684998671278,0.014093752929426,0.0183045167829961,0.0409530019509923,-939.612968371842
221,0.00314918412320628,0.0226889491015684,0.00999968971664438,0.0173273616940293,0.00848969391429356,0.0186774405943395,0.0228774089140695,0.0453824209231271,-943.741623568194
222,0.0113645055603057,0.0222615519852802,0.00303925578219363,0.0353864799132925,0.00774987753826121,0.0255607154806293,0.0214424853114494,0.0288413060602774,-938.56867805011
223,0.0096531674648277,0.0238572638737426,0.00531422515156192,0.0181553506415749,0.0132536290363033,0.0126603854174732,0.0149703462116767,0.0267253559475813,-935.977548620245
224,0.0089689648004657,0.023193434153908,0.00711908457690024,0.027359060251539,0.00987821964226452,0.0134566165105074,0.0163859112473516,0.0266161272760201,-935.261712157149
225,0.00959293335212211,0.0228193783716267,0.00375625557331357,0.0166631617867452,0.012906794749764,0.0172383239894977,0.0216238652063523,0.029497448901414,-936.625884687823
226,0.0126032930373199,0.0241757304498034,0.00573530942386081,0.0323034489957252,0.00777509471005068,0.0159296599954438,0.0175935508100607,0.0238227234835774,-936.364177129179
227,0.00902566445744859,0.0219764006036103,0.010077924117642,0.0291507679673711,0.0108404762862426,0.0177462837035542,0.0162137560073983,0.0221934527101979,-935.479690192473
228,0.0107573859487188,0.0210624535969156,0.00450682035374263,0.0326674885678375,0.011429682361398,0.033508907582225,0.0166974463266966,0.0187317532448933,-939.165873265583
229,0.0122072512580392,0.0188016672093208,0.0039404687104731,0.0215582186136179,0.0104590900673159,0.0180242764572629,0.015773910967857,0.0207853073240114,-933.840259871291
230,0.0118931504657223,0.0249338346018915,0.00711222018065245,0.0214605288807919,0.00924570526174888,0.0140285033176187,0.0146226772025247,0.0199615132513559,-934.964251237371
231,0.0088228952736562,0.0319415894460977,0.00368348563609044,0.0148832112919628,0.00872788906728663,0.0143290623181654,0.0190418445469652,0.0198815964433346,-937.131805996293
232,0.0118456987374138,0.0253083641176331,0.00458879686296507,0.0303319392367426,0.00813404223169768,0.0224260363934559,0.0127563975934322,0.0212227358966432,-937.203794336917
233,0.0083676288782592,0.0210770557663734,0.00865535970392761,0.0129082941720735,0.00860515309260881,0.021744294192302,0.0175606184566437,0.0236501411947529,-938.415811775124
234,0.0141489091076507,0.0206209486565685,0.00583686539648071,0.0422000952245451,0.00947147332385221,0.0172602791448505,0.0164216593814858,0.0202518458845229,-937.507885075518
235,0.00716209618254078,0.0225975481941034,0.00404548225935069,0.0179242484916561,0.0105182440450252,0.0156277097356534,0.019332329777292,0.0230791048794199,-935.503980629936
236,0.0189891633175259,0.0215352079445317,0.00247293545127845,0.0187706643014196,0.00882585547612475,0.0153632960826077,0.0222194456763371,0.0183900233178347,-939.248682883145
237,0.0117658883217657,0.021355377764722,0.00377909886967278,0.0238706650002129,0.00878018359388619,0.0195188733279922,0.0158561961042207,0.0216479511726494,-933.798186895482
238,0.00980374170450959,0.0196023637020959,0.00709666310569213,0.0267471143324585,0.00953853470257333,0.0157579776070168,0.0146386279317103,0.0230114527699976,-935.088711952869
239,0.00928748427634142,0.0198052264070356,0.00737953610376519,0.030595046918077,0.0111272688874206,0.00873734555139747,0.018847156959804,0.0249528409786759,-938.487884528476
240,0.0132177367633048,0.022568569725106,0.00362318606795787,0.0189419329217288,0.0110260627721675,0.0242416210541887,0.0151312085824872,0.0206393621352683,-935.164667229151
241,0.0130468666477948,0.019906702476608,0.00187744110554753,0.027996999458476,0.01155292950161,0.0333005165326155,0.0188214632222882,0.0192321838146016,-939.369948606884
242,0.0113265784101347,0.0200971831867636,0.00399636831848862,0.0224662402938538,0.00631224936610039,0.0118436699486347,0.0164964910174015,0.0252853723280802,-938.697770129906
243,0.0143621565562247,0.0204097575752465,0.00306408976275761,0.0270482884372351,0.0138236293859656,0.0177314325691733,0.0166422757719042,0.0257933906587675,-935.715092994888
244,0.0100811695849438,0.0226844394980007,0.00423615854065913,0.0249490923749433,0.00871033773558502,0.0156796729391911,0.0208976284176248,0.0243698851884018,-935.37622109999
245,0.00911249285422961,0.0253510634331928,0.00227393297853517,0.0254558135922517,0.0096524801326402,0.0151908012825226,0.0167622474889254,0.0189080712755839,-934.394727363328
246,0.00969355520345746,0.0231962212796751,0.00526318280057279,0.0285581350930221,0.00875962724144141,0.0204462641495393,0.0143135205015624,0.0170638317440717,-935.113259648808
247,0.0125772075104117,0.0226438453213125,0.00457507671849959,0.0298676960182096,0.0100036510662271,0.0233418344305823,0.018007838755141,0.0138224446541547,-936.39361390256
248,0.0136747490884755,0.0205675563227757,0.00217938576911275,0.0297409537606528,0.0134876129796887,0.0103574922939591,0.0135292437982076,0.0199978867255759,-937.955583959945
249,0.0218102442023989,0.022982773581947,0.00423564691641376,0.0287034682117577,0.00859783503485136,0.00865260358777285,0.0165913325382007,0.0165798706595598,-942.663277139041
250,0.0105753171079721,0.0232301529587339,0.0109593791266387,0.0155771879285454,0.00852631225763754,0.0315368301645952,0.0175412321290564,0.0171333233280159,-940.687101301976
251,0.00736217938090086,0.0284071968514782,0.00279443137491064,0.0165840425192971,0.00952094843508779,0.0151776232136062,0.0160986496721565,0.0213108317946974,-934.950760397279
252,0.0126328238811166,0.0284337554060008,0.00329388483519079,0.0258179143392875,0.0102344028327343,0.0211901949275114,0.0147422019202587,0.0196605839985096,-935.726537025727
253,0.00892122738848682,0.0153142150843499,0.00576533354727307,0.0250147599916946,0.0107241921312103,0.0185720239169932,0.0117221856108365,0.0197350468463568,-938.759023164524
254,0.0100768376031232,0.0346090616015739,0.00532454910147122,0.0174908315632096,0.0146627361694536,0.0116172281782284,0.0125674496118233,0.0227901311762529,-939.996284241265
255,0.00914206638808845,0.0254148476464882,0.00120210896456365,0.0216346592853652,0.0144722884832263,0.0153978112590208,0.0158616726208394,0.0233864882380644,-935.771820603658
256,0.0134477022146372,0.0266280856316861,0.0021008736687739,0.0247264332243522,0.00894910467929931,0.0227359079316686,0.0132890734595279,0.0248216918230628,-936.945207102782
257,0.0136550386014017,0.0195356111655194,0.00193216491466838,0.0279382673606307,0.0081573973103575,0.0142925058385369,0.0192894250136586,0.0224777650872845,-935.864278879612
258,0.00898160075784571,0.021035376557503,0.00324345076655716,0.0228948925163593,0.0119651930819438,0.0231813316733622,0.0148185144242231,0.0299422265196012,-936.554017025044
259,0.00689538867070621,0.0223432504637103,0.00417120029289577,0.0235810160565832,0.0124924281123954,0.0185854289917773,0.0211656761833961,0.0266050684443085,-936.106930601563
260,0.0151690713196425,0.021072781890134,0.0025247595892174,0.0245273243580929,0.0122785764981999,0.0167547439133266,0.0219812110545599,0.0339074611158232,-936.909971905373
261,0.00808373767898543,0.0204925384317007,0.00317979298821413,0.037419109487775,0.00765327052781516,0.0115283742033727,0.0218588598538995,0.0228691677566594,-941.220073090103
262,0.00657524278057411,0.0282480196221465,0.00527594183970487,0.0179425967155332,0.00786886570259035,0.0105385455872695,0.0108338235325416,0.0273466783458101,-941.677498467788
263,0.0123544192948,0.0190531250821875,0.00723222885628869,0.0306499692640146,0.0146745350448014,0.0201497810336051,0.0131577869298655,0.0277483650389155,-939.468634732279
264,0.0130719504673963,0.0196802696466915,0.00181064580829625,0.0164022968815883,0.0137156319095274,0.0241973459737142,0.0144807761585169,0.0140771416694353,-938.283719153678
265,0.0105334883288587,0.0196808221173869,0.00416523759825135,0.0333614363077535,0.00844539507658639,0.0196420181501065,0.0180424316136285,0.02157415958392,-935.367914087536
266,0.0136367242733854,0.0167172294545869,0.00197039377972808,0.0169799100720319,0.0106950095103733,0.0139994136780716,0.0149682889306088,0.0232466264237113,-936.407789498331
267,0.0137073853525276,0.0274474856588079,0.00423093153780556,0.017917568359814,0.0120573447805915,0.0161138132161664,0.0177412934186418,0.0205789855254665,-935.529764367033
268,0.0106244260905957,0.025076650889769,0.00544508552567783,0.030951176269559,0.00900427771677039,0.0229830542378366,0.0181676130500963,0.0222344048982266,-935.930869215629
269,0.011850227614963,0.0257626200358161,0.00276979973939546,0.0213545661203637,0.00911100373710881,0.0151324241953325,0.0159630793892281,0.0252781214625331,-934.454635549952
270,0.0138929218231915,0.0206522515213551,0.00213119724000372,0.0328254554117499,0.0084506487789518,0.0170653743649691,0.0175862386135113,0.0226454240714632,-935.396541856957
271,0.00919657415716029,0.020355972250969,0.00115305825150085,0.0347685583309556,0.0136022393224484,0.0195180443449048,0.0172234333812813,0.0118171247336507,-939.107621683229
272,0.00844808156763768,0.027172785828164,0.0055739945304614,0.0122624877366014,0.0104832968134292,0.0166378354727115,0.0171618846728599,0.0110238038214803,-937.916732742716
273,0.0063902735279719,0.0207490121583674,0.00872578783962117,0.0230810098316229,0.00991120398861536,0.0166538134701789,0.0156850003101398,0.0215542043974765,-936.09112811009
274,0.00566806982381963,0.0258146557566868,0.00697810840313284,0.0253936659419324,0.00809917133946521,0.0244380447377038,0.0162767686837313,0.0260229276356322,-937.628130799754
275,0.00608171617547331,0.0310068156544558,0.0017789332281205,0.0236805268633794,0.00936309938240695,0.0139234571755688,0.0147240638147971,0.0302659735622399,-937.406719723771
276,0.00945100803954071,0.0246894098608349,0.00915540531972742,0.0222098775962338,0.00919311495123632,0.0134971235899363,0.0195618922135908,0.0260360645246666,-936.040047422521
277,0.00829409074059492,0.0226447213710098,0.00300344557825524,0.0256227621100159,0.0108606677254092,0.0125747125225176,0.0134755291653811,0.019561443222447,-935.315936899888
278,0.00982477244782388,0.0204509156645237,0.00565647047890936,0.023450723372669,0.0100743549610478,0.0225817949785876,0.0178167670497961,0.0212564433253296,-934.71162891043
279,0.014561818439663,0.0190093658756497,0.000470059372687287,0.0230493809268317,0.00797476340726102,0.0173028370708621,0.0155974343684749,0.018801759774636,-936.339401606883
280,0.0133511885077489,0.0211130193160732,0.0042446944640115,0.0180358467803763,0.0094252888288305,0.018636221627094,0.0155638289357798,0.0251342714800255,-934.556926085176
281,0.0108000392185468,0.0238189940487734,0.00502905534162271,0.0193682052592872,0.00880724884249096,0.020128252141161,0.0156294568439253,0.0287966219972049,-935.36842066893
282,0.00957096006960692,0.0176958850257946,0.00834316744435422,0.0142347202362472,0.0137255557608276,0.016680075409222,0.014823874718537,0.0291102120940151,-940.138946947917
283,0.0148316799713824,0.0224174783523052,0.00341428219450107,0.0313996183336031,0.0116936554825017,0.0176970999033875,0.0183497082379321,0.0264557349667685,-935.671713188119
284,0.011528387633967,0.0206320279640707,0.00466069705334849,0.020804915449122,0.0113022189965811,0.0188504745022693,0.0192567003833635,0.0231608071912154,-934.394100017698
285,0.0160509430575869,0.0273787029843909,0.00300254182951204,0.0228740269253201,0.0110984176977275,0.0121454020797519,0.0136969395471774,0.0218152764050918,-936.893382067989
286,0.00713380332048382,0.0238057991579375,0.00539931958950947,0.026812173946125,0.0112290410584531,0.0163262117120309,0.0127973011741627,0.0194151214328518,-935.478232432731
287,0.00551740064150091,0.0352223054803977,0.00487943011821573,0.0166750742904921,0.00994621811647979,0.0116319020536029,0.0139014454545906,0.0331781859992507,-939.9573745863
288,0.00572011776552624,0.0270369518171818,0.00670648915327113,0.0208197028776539,0.0103394185831495,0.0217556319353147,0.01423291841878,0.00818685872934817,-937.988139012234
289,0.00811283314312809,0.0246404291395587,0.00333916439341187,0.0128915965683826,0.00923220985943422,0.0218943280698789,0.0135786671971217,0.00971593066441438,-938.916462489196
290,0.0151217496827414,0.0273002928938581,0.0034607965181145,0.0282720199480642,0.00939526392426428,0.0327568783616519,0.0138674116310237,0.0119129391360172,-941.757468102713
291,0.0141293810486699,0.0255632937886944,0.00625320007396289,0.0208253276323413,0.00858723351091348,0.0304695640702174,0.0158377758869351,0.0269246759691429,-939.265449839743
292,0.010990367876391,0.023981096203767,0.00542408688274984,0.0227055821575486,0.00992939072132262,0.0106792377052027,0.0207483870884161,0.0224615192677302,-936.670768760526
293,0.0103633460973296,0.0266223182091906,0.00591219306347805,0.0262449536333434,0.0090586988033351,0.0275901247323295,0.0207720002756453,0.0260079519678473,-938.249641464784
294,0.0115234024599697,0.0222179670769136,0.0077376182035921,0.0175913361435486,0.00698002511188215,0.0258287362740189,0.0137573728290037,0.029128340391114,-940.261846279053
295,0.00971034269178112,0.0255611927991728,0.00193330237187651,0.024169625701715,0.0165447304659893,0.0183992297219956,0.0212084638883591,0.0272175679807783,-938.578240433032
296,0.00680707018502662,0.0245094081024435,0.00198638399950602,0.0195367093744655,0.0139268125365027,0.0147862840127259,0.0205949342916568,0.0334805302804406,-937.567344020336
297,0.00611268548110654,0.0280149788991873,0.00568140064197893,0.0224858980384002,0.00933048051441728,0.0152306090304146,0.0214946790219103,0.0248128642229351,-936.478240432254
298,0.0128391218152994,0.0197698025794579,0.00204036653893917,0.0242654542273871,0.0112322922165741,0.0220503137409688,0.0176538028836723,0.022999136110563,-934.459848285888
299,0.0132069778812924,0.0201780881725424,0.00339768867113202,0.0314930924703198,0.00949924806588094,0.0228178191827098,0.0193058608657026,0.0240785031033551,-935.441957968061
300,0.0115038344278212,0.023293130496761,0.0051333312735737,0.0278150399252894,0.0112141339540339,0.0160487591009642,0.0182854078753575,0.0249810263653,-934.356073474284
301,0.0105147443061354,0.0214544021962011,0.00263222633911791,0.0204558805437202,0.00856792313565936,0.0237248409605272,0.0192516571436188,0.0326846303334741,-936.454219848908
302,0.0108010230948252,0.0220415986609074,0.00105492869617708,0.0243115638360372,0.0127610707200796,0.012290705577492,0.0213862471817318,0.0256731653834559,-936.979088426765
303,0.0159510086725786,0.0241017706729638,0.00211229809616961,0.0145015025531807,0.0123701553407169,0.0214310851656978,0.0145355958895553,0.0146099903283491,-937.967090890602
304,0.0119031713364624,0.0216701052035782,0.0130816227771822,0.0149382854627979,0.0102965821036331,0.0161611122756941,0.0149088584876893,0.0244330160842217,-937.566147371502
305,0.00835672030508493,0.0189473994018465,0.013012640916103,0.0175148783991027,0.0152183416602997,0.0172763594322271,0.0120293748923037,0.0159728438521316,-941.765695577817
306,0.00785462174724277,0.0248969151284634,0.00995092972381419,0.0253031113570675,0.00966099400215325,0.0182838925018202,0.018535878209133,0.0181837527953292,-936.081429716111
307,0.0128206144419583,0.0252189098464622,0.0118130524980182,0.0344109564863413,0.0170256535754777,0.0146891793755718,0.0163849393069868,0.0280773118518106,-942.688026852177
308,0.00989068920733425,0.0156978870656965,0.0043490128577789,0.0237684072022654,0.0160783762752328,0.0162405375982895,0.025202335382807,0.0388289651650575,-942.390160904975
309,0.015002949966316,0.0161485371754218,0.00306302894281288,0.0257453420295409,0.00656507389210612,0.0124023568110445,0.0189641036901414,0.0285515508886094,-939.580840260715
310,0.0161402277496465,0.0201161913709974,0.00937754145488242,0.0220212675519124,0.0120739264178679,0.0168773624076199,0.0167303929318356,0.0278924167330917,-937.09560207796
311,0.0114698224233476,0.0148473608636873,0.00295166442025311,0.0241193468376539,0.0106446062089445,0.0172466962463552,0.0168296247067237,0.0240666209797176,-935.810607420029
312,0.01191009677191,0.0190496546571164,0.00602411120974222,0.0282623954322165,0.00893357124088559,0.0222270207978239,0.0176986015575687,0.0262947664570884,-935.239692489959
313,0.0101053377288586,0.0261231941252818,0.00223598995288313,0.018507692464289,0.0150728981338287,0.0173155295574924,0.0156956760578638,0.0309973019159811,-937.405482593396
314,0.0102743638627331,0.028166935070361,0.0049442787193163,0.0213994735584871,0.0147686221398259,0.0119903089285013,0.0183459784797154,0.0269180172386053,-937.029761612472
315,0.00825581697423724,0.0217230155977539,0.00533143812340795,0.0246553275855573,0.0160998019286996,0.0180816405255061,0.0182963279325742,0.0196907297291454,-937.216289680066
316,0.0102957830704842,0.0227056572613003,0.00430777340404816,0.0204835210162773,0.00730056813471435,0.0177717465015589,0.0143366392391318,0.024580902288901,-935.910094582895
317,0.0132084169140993,0.0192612595519266,0.0064057765051514,0.035461867171444,0.00810812662744859,0.0191003546826311,0.0162183977584948,0.0105921984446876,-938.434575142928
318,0.0144953802970269,0.0206394013239529,0.00735180590475072,0.028223639892457,0.011953678097718,0.0153716086605816,0.0160570320734223,0.0392211389991111,-939.500276781572
319,0.0091373132737336,0.018272836713489,0.00887496859119191,0.0335225842629891,0.00772875408757575,0.0267016951438372,0.0160231191436777,0.0110420029860416,-940.074508409633
320,0.0124370310912657,0.0178849186516703,0.00532911237977947,0.0335744894628416,0.009991359939968,0.0199842075266312,0.0160953227964248,0.0230241032118886,-935.307532166066
321,0.012699721113379,0.0223158293485858,0.0103339875546795,0.0267555414590488,0.00806349162238581,0.0195369476827202,0.0164369279151414,0.0178027759162128,-936.516988982889
322,0.0205983782947061,0.0142807418282062,0.00643527096095648,0.0211221451694624,0.0115672973519171,0.0181349193469834,0.013899376735892,0.0181969113449289,-938.601158341058
323,0.0188453212276339,0.0213905582839701,0.00407676494092312,0.0263809577531624,0.0105089156385796,0.0157348012028882,0.0129902755265396,0.0149307675261615,-937.048053494547
324,0.00819417361171756,0.0317720456439683,0.00287761603075191,0.0166820354474206,0.0117884910657885,0.0168411090217161,0.012719587203554,0.0242314991170761,-936.625283073175
325,0.00334497376838205,0.0245420809430673,0.00310804880507285,0.0212567758039481,0.0100543606515044,0.0168790952036393,0.0184368393765853,0.029203938545829,-937.705418677863
326,0.0144350104675201,0.0192053226984037,0.00258113041480246,0.0217158592698381,0.0105460636510651,0.0206377023990348,0.0181960262392514,0.0153249700490669,-935.48905288936
327,0.0128978101900213,0.0238088161828985,0.00425550863881931,0.0255042995551743,0.0104456451410525,0.0173977271898357,0.0162929638412638,0.0233207215925053,-933.863206608758
328,0.00545983013892101,0.0271372341557912,0.00343770391918354,0.025618268235793,0.00894935812636671,0.0160400341932079,0.0175786339425844,0.0238940382739115,-935.498479519464
329,0.00640733264125908,0.0320833057313641,0.00807805343554693,0.0210411298193353,0.00845103992822703,0.0217115477507003,0.0174344158163145,0.0234376366628019,-937.09618442695
330,0.00904709574859578,0.0319709082796081,0.0184047651766832,0.016063034978256,0.00952920592603454,0.0147503456162923,0.0137908683352213,0.0106663447090685,-941.984229995699
331,0.00937990768431949,0.0333521061878754,0.0209949958087085,0.0170644701563796,0.00897361846232147,0.0245360450528317,0.0136457092854107,0.00937383679906603,-944.89807059927
332,0.00658221187569754,0.0255812086580556,0.00323004557283927,0.014579970344003,0.0090892584013542,0.00874965089406871,0.0144012847532312,0.0157969100995033,-940.115794138315
333,0.0059654114638143,0.0288856639935921,0.00525497074636077,0.0240712479050315,0.00871055820972083,0.0184502307898726,0.0148228460549961,0.023599981159671,-935.576037412551
334,0.0131608375572683,0.0272982027122081,0.0105351839779386,0.0120858353262582,0.0125716822716949,0.017650553121363,0.0163699949828052,0.016340180415028,-938.966395468013
335,0.00889918491148407,0.0268682782223737,0.0123708281265333,0.0175535109116997,0.0122987813369232,0.0186021747700378,0.0161011806375869,0.0229668020707381,-936.908285924108
336,0.00944566766961564,0.0171688684720538,0.0143735820928822,0.0217177777850608,0.00934110115958563,0.0223316149205958,0.0164555759777866,0.0175566628226381,-939.234871599407
337,0.0150466610488653,0.0263135113254645,0.0104851283287319,0.0227588030947195,0.0127580597724941,0.0167181876780652,0.00879221507271843,0.0201095698183031,-943.217497102173
338,0.00577270967945877,0.0243057445190095,0.0054705890489481,0.0264755556182781,0.0111189844607567,0.0145437888706202,0.00924191559571095,0.0191132228214117,-939.87689298875
339,0.0149453611997717,0.0258915628436272,0.00628589623888727,0.0201848911980009,0.00906508943861726,0.0146398011928806,0.0203429920896445,0.0322389747555529,-937.214118044092
340,0.0173510960794091,0.0191837234672553,0.00576104796542801,0.0236898101516948,0.00993861870164819,0.0242966145604917,0.0162204246634437,0.0148280169477113,-937.080965944906
341,0.0091529479317263,0.021322413257188,0.00652573435082706,0.0202267777294742,0.00836659893729211,0.0147271088188522,0.0151845338828658,0.0224747294897591,-935.457171861258
342,0.0105685258720379,0.0259142719150213,0.00647706518909174,0.0227253247858044,0.0070157157881257,0.0194708393244563,0.0152514794432907,0.0211991181090878,-936.341325063034
343,0.0100187870629987,0.0247582139671671,0.00635840196185524,0.0266367038744573,0.0113142054837551,0.0231714772365863,0.017156258812521,0.0178885725723374,-935.526795349874
344,0.0119062996724763,0.0278422768106321,0.00896814046812284,0.0253828742077041,0.0112387237914052,0.0117098100917532,0.0155561460215043,0.0162388560194534,-937.246240436539
345,0.00710579793922464,0.0287629011457392,0.011006546704188,0.0173364266742028,0.00962131208944925,0.0304947269538528,0.0175287859174904,0.0239963149081808,-940.335838230824
346,0.00673781188577507,0.029132626120917,0.0118140795145211,0.0183036901219055,0.009838540396118,0.0304759096326535,0.0204297727146207,0.0369103333797504,-942.880380602307
347,0.00876609011590555,0.022327564592211,0.00889627674612225,0.0176099064315262,0.00948912624855977,0.0349537232038777,0.0184964143721268,0.0220212027838542,-941.184167280024
348,0.0147120113575353,0.0201920083814064,0.00944040873234495,0.0227604562332281,0.00861605741243432,0.0122635000726139,0.0111811138378546,0.0172225546821575,-939.242604200858
349,0.0125801914620992,0.0305907846497867,0.00492176236934352,0.0236511963088031,0.00786742504073744,0.0227771742515614,0.0127869532145523,0.0129184572962027,-939.424783181529
350,0.00940999354227907,0.0313639020374626,0.00670397892067998,0.0225150915070163,0.00877567121899855,0.0137996968690659,0.0131870139825801,0.0172560446328782,-936.820654500523
351,0.0054536929076946,0.0334593191198963,0.00609380756032908,0.0214195176387292,0.0132261653230581,0.010565285457464,0.0141632596869077,0.01319095943891,-938.87326190195
352,0.00755078490185714,0.0166056787745729,0.00345368377166705,0.019986948508083,0.0103630300358535,0.0273233865768133,0.0133793365375517,0.0196753985300976,-939.489164359019
353,0.0149656787614774,0.017915687167582,0.00659413812316865,0.0294093006665049,0.00934510333906425,0.0150844772615903,0.0170611215699261,0.0218988154958108,-935.573290668071
354,0.0174025309489903,0.0241947412621737,0.00669053344570758,0.0161176019545615,0.00810853223347024,0.0215803625486415,0.0139567131611802,0.0146633168843053,-938.790766695434
355,0.0179058774749914,0.0213988964985157,0.00341394293459212,0.0260259097429835,0.0127244571084728,0.0131117109692121,0.0120470208077535,0.0135941550746639,-938.681390830209
356,0.00790314058374969,0.0219090847696294,0.0035858559174531,0.0226877948414038,0.0123933724605589,0.0190123485096487,0.0171207057991104,0.0238327438054309,-934.511595136833
357,0.0109343339660687,0.0226800905051244,0.0125775129982528,0.0288029882397201,0.0140485497891551,0.02154994704866,0.0169031365883122,0.0225642917728159,-938.519956242264
358,0.00885677261141569,0.0216334270708543,0.00725866932450024,0.0261804282015197,0.00999120200604184,0.0140089536341681,0.0178520326628856,0.0206403314744468,-935.024353529735
359,0.0109575334243447,0.0224948189352121,0.010216875855053,0.0255684169321621,0.0119730495473145,0.0179560832637981,0.0153341482971049,0.0199214675652862,-935.521523955403
360,0.0169413970835986,0.0252020159079411,0.00969304543749751,0.0225463826698066,0.0131938311295593,0.0206524234773982,0.0153676128387691,0.0247104187111097,-939.177907372804
361,0.0142140252085447,0.0199259414716201,0.0112240743991468,0.0271619618636727,0.0112543588546056,0.0124694262781388,0.0149503506720588,0.0241444596146795,-937.340801192223
362,0.00733606273718185,0.0274974527566482,0.00406721634878257,0.0302328303918403,0.0130754852847683,0.012934219891459,0.0196059885451723,0.0322583292478459,-937.357683487306
363,0.0100018163116237,0.0274542140484273,0.00406075477665467,0.0191722000301305,0.0106472940890912,0.0196244619016994,0.0190792667288933,0.0286228364525261,-935.182338816097
364,0.0105393564796668,0.0208306913997966,0.00146999310044268,0.0191817760273959,0.0124839631373402,0.0139629159368555,0.0205631964400843,0.0207082850307124,-936.425283985392
365,0.0126519431099374,0.0226447035698351,0.003984523106892,0.0200090449677003,0.0107208474835924,0.0199247452515213,0.0167880986811657,0.0283319958737033,-934.536560213441
366,0.00975106351023095,0.0249370029997908,0.00599191237936865,0.0252975343941617,0.00815520776360509,0.0180959746257371,0.0182375228187652,0.0250218848030583,-935.177877028189
367,0.0122735024606696,0.0156481008573026,0.00942825698870739,0.0250831422110894,0.011558375104514,0.0141639551267871,0.0196403070288468,0.0281066367801949,-937.798759201892
368,0.012257553416627,0.0305950194398329,0.00309393360184038,0.0197406393068258,0.0126944122205445,0.0182047499739345,0.0161399792184938,0.0184944147466468,-936.267740820445
369,0.00718335401981434,0.0160940340975516,0.00450085732359985,0.0303082576291532,0.0123615094087394,0.0202734376813163,0.0159409068071699,0.0159136864054115,-938.332347579942
370,0.0153030581558391,0.0206067831274097,0.00864244340305402,0.0233988621230969,0.00954878008059608,0.024776818693149,0.0136712804382199,0.0182607625770996,-937.31465371794
371,0.0105784850602818,0.0240067804609093,0.008963653291939,0.0200382850849745,0.0113573397108914,0.0154585524739986,0.0174911638007482,0.0150324140217986,-935.915612632266
372,0.00694373655305562,0.0272332008614168,0.0105977956121332,0.0206636485653974,0.0139765522452974,0.012814144837263,0.0172206810902487,0.0319145018589803,-938.057166093809
373,0.00405679149439571,0.0277197167238815,0.0105340587409403,0.022920531961051,0.00971954263568374,0.0133196496266267,0.0183000003289778,0.0306177211945803,-937.360718846338
374,0.00179368893316054,0.033536244888294,0.00471211341708357,0.0168569641289803,0.0139999731501493,0.0161364086030388,0.0189053146284581,0.0105079457232168,-941.543001599476
375,0.00616523861793324,0.0322926143478023,0.00504523218412616,0.015056401235616,0.0100319541044025,0.0216609006930274,0.0132160448879762,0.0217888610396781,-937.277700529697
376,0.00324851770445916,0.0353470994982464,0.00574283341191213,0.0252123775277672,0.0118955525324454,0.0105187000891209,0.0186015321212636,0.0268381148518248,-938.312418592617
377,0.00187521701309713,0.0275082906806798,0.00938237926992595,0.0196052147457043,0.0128703560481873,0.0177072942908923,0.0184303893346159,0.0276718785852427,-938.442548882088
378,0.0123277665337,0.0247926182126433,0.00680839615005291,0.0255074450657396,0.0136226709410098,0.0145013932453033,0.0179588306349025,0.0300552436703839,-936.564623416525
379,0.00981710632710399,0.0313843068367622,0.000577923099736375,0.029640353653483,0.0119122251218747,0.0175228393153404,0.0195019668609199,0.0202630380149066,-938.832774354452
380,0.00765617195581667,0.0198353089468297,0.0108919877593287,0.0304530462426825,0.00868463947567532,0.0204336453148526,0.0180332400872798,0.0260104482851728,-937.506726672863
381,0.0130033840220066,0.0214771593814847,0.0136945035890778,0.0248844755168181,0.0108993722037829,0.0175138307401149,0.0130906309729802,0.014022539397736,-938.226876823825
382,0.00727080522690873,0.0317633214805562,0.00603255747336252,0.0291514025963969,0.0103083588076401,0.0166198183221627,0.0132358301152364,0.0256748707083575,-937.396071950838
383,0.0123428552146232,0.0256756352601965,0.0091951967458641,0.023526736572425,0.0124768641954339,0.0152829304774971,0.0176895516362999,0.0218381792743036,-935.964110776543
384,0.00873385143638364,0.0229185064454498,0.00591837731238875,0.0271820501260795,0.00890873059608972,0.0161969596654445,0.0175431653339923,0.0219341500232704,-934.713513902827
385,0.00855964149409866,0.0216191642822509,0.00540903122028126,0.0221509768720652,0.0126097086292418,0.0159870256633977,0.0166379340547648,0.0245114201495639,-934.569101453264
386,0.0130701731835425,0.0193079648097889,0.0144663353279205,0.0373113409547568,0.0147100015137457,0.0189346429913608,0.0246883251223768,0.039262859012764,-944.671238604526
387,0.00293726576806858,0.0173417018081626,0.0132006066288432,0.0291646915908953,0.0105368420666702,0.0194375959267556,0.0166948245040122,0.0357619033707262,-942.757959930914
388,0.0173017241324989,0.0189787228539425,0.00978900234115766,0.0263870700231158,0.0122411930791931,0.0148762914371085,0.0186018827063209,0.0144607743865883,-939.311921788287
389,0.0181430711853956,0.0195686633649509,0.00909311589431058,0.0316353535010588,0.00899432678757989,0.0151970542824459,0.0180634572655362,0.018529054682809,-938.29410257081
390,0.0148162971932317,0.0195864796596997,0.00113507242999704,0.0173281196346852,0.0131212874031657,0.0219436653410826,0.0210152815955734,0.0299094104152937,-938.436850975753
391,0.011901086617075,0.0203497919990508,0.00586426353317752,0.0248222959397816,0.0114743779326725,0.0203911525360902,0.0216277226992925,0.0212137521355069,-936.238530346909
392,0.0140693427306608,0.0230342304054602,0.00589386254240139,0.0243238076280618,0.0133943894470727,0.0152185554066979,0.0190194266102983,0.0218598893747059,-935.906164277459
393,0.00854265441262536,0.0248486435029628,0.00374445990376545,0.0251013917093862,0.00937003583357249,0.0200778710889653,0.0181824575555307,0.0281281534480081,-934.841955939826
394,0.0107578624564341,0.0191837674464931,0.00233178791700768,0.0243233215974787,0.00885779322671619,0.00985010773470225,0.0185970596227601,0.0278438468213912,-937.64681446602
395,0.0185575781219813,0.0183901403484936,0.00353534944286419,0.0250228620623331,0.01213774454581,0.0319868007119601,0.018427823326092,0.0287883301627018,-941.034710688594
396,0.0137858015975639,0.0215680060792445,0.0040166102266467,0.0256371858006236,0.00724497725039801,0.00993625482565401,0.0167111433578358,0.0254469913281382,-938.466613141752
397,0.0108237468504863,0.0212803826614213,0.00641042147228059,0.0281879950560053,0.0130640771042348,0.0179780019093943,0.0170125516807941,0.0268854281640705,-935.347336088483
398,0.0106028497968358,0.0212058688239853,0.00424294662573519,0.0313710227625312,0.0131457076318899,0.0223527605967461,0.0148443499486982,0.0188311697878136,-936.072519746079
399,0.00906901657023883,0.0218667704140226,0.00327817177251382,0.0184947048750278,0.00826689041736221,0.0148524365413506,0.0179523269111947,0.0332698689495022,-936.950711459796
400,0.0145416720549187,0.0244299525411476,0.0019229446245902,0.0227022792508845,0.00900771463147641,0.0210748683304842,0.0182208935414951,0.0380510341150485,-937.806866166035
401,0.0096082306275222,0.0222818595601759,0.00388579006962373,0.0265785112108539,0.0106073074900205,0.0213822030327946,0.022525727775329,0.0257211674453926,-936.245131174152
402,0.0146861322085356,0.0239404400893644,0.00425609855717861,0.0238101770170318,0.0114178287592037,0.0169744636809931,0.0137464326146469,0.0281515280065185,-936.10468247755
403,0.0159966448765979,0.0210738494316763,0.00236551161633168,0.0167204500075645,0.00842610423722132,0.0209628418678335,0.0150112994202586,0.0237921763063015,-935.951504643845
404,0.00936228125650887,0.0237906997098218,0.00415645351986043,0.0250601131595646,0.0147223988212393,0.0178023881527064,0.0185603167812815,0.01100067353696,-938.510338526362
405,0.0161998786284912,0.0255425673777791,0.0076719374275282,0.0236231089590855,0.00822050559905131,0.0184986180317279,0.020038492217973,0.0440826068477755,-941.347361888536
406,0.0177667007422659,0.0205666196286322,0.008278501266368,0.0152763960048137,0.010132294594323,0.0193474962419044,0.0197087779595984,0.0162911823564754,-939.51373215128
407,0.0133786381771881,0.0268881016621492,0.00640294916342552,0.022339509581848,0.0111762277659728,0.018922338558511,0.0132229784515966,0.0134871781053623,-936.762435829862
408,0.0113677560670761,0.0284804026837639,0.0133956806194258,0.0224189192665431,0.00775692193744942,0.0204931859713501,0.0170361817483664,0.0235004817498075,-938.724344113581
409,0.0138434711385051,0.031469614352075,0.00392371442231218,0.0254246714441218,0.0106204983226552,0.0198905747045683,0.0171939162537353,0.0224764499414781,-937.201996802559
410,0.00957133909453449,0.0161768345133344,0.00409539414325881,0.0272368436948044,0.00950235859375827,0.024659677059529,0.0190592536623993,0.0289398752772475,-937.028393164437
411,0.0145952933371207,0.0169308190090129,0.00458822451153132,0.0343043724251671,0.0105735133486205,0.0225950076651284,0.019886702509615,0.0222914887374451,-937.070374794328
412,0.010353640513598,0.0251785572987642,0.00301055376231835,0.00854671113037053,0.0115333090920162,0.0222861558173974,0.011061151223058,0.0140858506815726,-942.624182220514
413,0.00686249784168486,0.0355496740816012,0.0123402361111685,0.008750976268282,0.00742360489784025,0.0170520950205936,0.0179569452476367,0.020483054550341,-941.342962917156
414,0.00639395522860543,0.029913998578037,0.00901226717128324,0.0267775268111723,0.0140317233275549,0.023704450615397,0.0193317464360256,0.0211812611333828,-939.357380642741
415,0.00476910864684963,0.031281735039921,0.00722039332244661,0.0299611269888535,0.013515651008573,0.0235349440974682,0.0158039103071413,0.0221883498062842,-938.898879320786
416,0.00470087715990484,0.0205866550927739,0.0091465619892384,0.020253961300951,0.00820823516671848,0.0161988427235711,0.0127287862494771,0.023957389122242,-940.050556891651
417,0.0132340123484491,0.0256333220014486,0.00852273698232363,0.0315524883952479,0.0120369410360238,0.0167296093513925,0.0181782114559203,0.0244420044419878,-936.974888761763
418,0.00947765284431934,0.0195288253725524,0.00841410121927955,0.0303468445344187,0.0102227963845121,0.0140180333592051,0.01636147730964,0.0248727396900291,-935.78448086042
419,0.010711607017805,0.0215792555147086,0.0109325165696319,0.0325197174487248,0.0101797705339321,0.0192488413255928,0.0188478447046972,0.0273393325163456,-936.715264266649
420,0.00985533203033791,0.0235886228441624,0.00233092216077534,0.0185935861577421,0.0102082089902156,0.0172783297281595,0.0193226790200578,0.0177159425059501,-935.152380771595
421,0.0138595322079731,0.0243212407912816,0.00740362382046138,0.0302321108024605,0.00989718520928841,0.0220101886572366,0.0190085426661974,0.0246799925601314,-936.57926841924
422,0.00875635640270868,0.0192602427397397,0.00636171863681038,0.0308578739111582,0.010561761264217,0.0218836335914336,0.0162322408676766,0.0253476198673528,-935.809716652077
423,0.0117377036820917,0.0271984373329825,0.00677395292292764,0.0209457751473549,0.00908939752475234,0.0202085831506769,0.0112730058091544,0.0211523785661623,-937.65538854844
424,0.00644163312639909,0.0292161060622646,0.0112201609709608,0.01790172461325,0.00679336701959062,0.014065230859582,0.016665664327369,0.0301193535931761,-939.686669448209
425,0.00482094061091832,0.0312169600230654,0.00265676707864412,0.0172036442137561,0.0119359062950601,0.0144460573111245,0.0201735422873863,0.0387533216600058,-938.93753196766
426,0.00947920699621662,0.0269316670212797,0.00148666115852492,0.0175725216542735,0.0114456318987774,0.0221988060958293,0.0161358109808148,0.025798836018852,-935.873067590061
427,0.0121694045019189,0.015475845049203,0.00242887439923086,0.0181931733441231,0.0109018618951274,0.0222524647994651,0.0230919644104719,0.0304715270307305,-939.242073002033
428,0.0158292434076185,0.0137320348011218,0.00433784212059692,0.0318970859842948,0.00940739071874565,0.0158923148015651,0.0145442318875007,0.0286227603118229,-938.431117133742
429,0.0135503053217583,0.015217681921467,0.00464791660311658,0.0403704583873623,0.00775448134065585,0.0250685747558838,0.0142390003735567,0.0215790714844538,-939.774544589173
430,0.0145610045765079,0.0213347764623093,0.00467771209546683,0.0109886925293843,0.0102400184833087,0.0148503054191684,0.0193117736331658,0.0263554503912428,-938.30632657457
431,0.0137082230092589,0.020935774059746,0.00542573222581752,0.0130137589071011,0.010315828409463,0.0188841865654134,0.0198201661970362,0.0233944130570519,-937.125971471797
432,0.00785785761038551,0.0350170941013719,0.00179645925262353,0.0227062682999484,0.0124223466893848,0.0163165856799688,0.0147029602985508,0.0284142160468856,-937.786283646623
433,0.0050201573841504,0.0273682319667179,0.00355451849175203,0.0270047800783232,0.00695381973209072,0.0193706748687497,0.018262352658959,0.029311761374592,-938.601527046916
434,0.0169162186501238,0.0287494815296982,0.00277229037561313,0.0264674950734566,0.00603743312504089,0.0134956486076306,0.0214379534152796,0.0128433237949766,-945.648211268164
435,0.00739046994495482,0.0206974066075682,0.00731259538695288,0.0335433042548291,0.0167187112648427,0.0239839692108987,0.0101582714434566,0.0142614438491385,-945.312732791207
436,0.0112416909151459,0.0288418759588193,0.00845943842375287,0.0306304714776075,0.017063862152634,0.0157502120775384,0.017309016519154,0.0133084465724424,-942.642596135908
437,0.00659144416012021,0.0250157725460546,0.0093811134592018,0.0221361605669248,0.0148806405789188,0.0128583618948294,0.0160913045220313,0.0186125032293582,-937.459810703855
438,0.00904413810621093,0.0265089796199435,0.00537865234167337,0.0247574741445894,0.0151396423771657,0.0221147698215214,0.0188889376391611,0.0275969003913098,-937.675094573485
439,0.016791940651438,0.0247056913245559,0.00402039209083645,0.0173718722951758,0.00928423339240119,0.0181736725951596,0.0147658925457016,0.0154005755917396,-936.2859911413
440,0.0140638805625342,0.0280128731870314,0.0019129175054202,0.02939216882751,0.00899048736766668,0.0256002800211096,0.0141281211663923,0.017952715904398,-938.193342334139
441,0.00834444566882867,0.0174500496918955,0.00541764640674041,0.0263985550230246,0.0122012145415715,0.023060595413954,0.0160194230570254,0.0254448515066774,-936.772590651313
442,0.0162656747397345,0.0143788341274839,0.00386631645481397,0.0258332246037501,0.00914294544709047,0.0275723565196216,0.0159793607423622,0.0243330583885175,-937.903931959182
443,0.0141333343345149,0.0169262892196899,0.00130499618231822,0.0202804322004621,0.00997607511940827,0.0116113141994709,0.0172991210897342,0.0254127274195926,-936.910801013495
444,0.0137760968522094,0.0298877564694979,0.00153256045994589,0.0241088240871563,0.0143554589059393,0.0162655566121305,0.021967382014152,0.0264944512021486,-939.643397406837
445,0.00881512836010072,0.0244110579753282,0.00201960016646231,0.0196951071251119,0.0117564740672579,0.0203998237873045,0.0182429716758649,0.0172128688988849,-935.250192732792
446,0.0125474620227875,0.0174921996623912,0.00611204000653892,0.0287888108544429,0.0119345873563313,0.0189844121898389,0.0181598186055656,0.0285639532057601,-935.810726586181
447,0.00779096687877113,0.0353179167223749,0.00240534720057596,0.0280562120017079,0.0102163173978369,0.0154311803092824,0.0195396488420116,0.0200977787111226,-938.151406503901
448,0.0123518045953737,0.0339421794433244,0.00388326852640076,0.0152063405310606,0.0118161337315456,0.0198659851623173,0.0126996680242582,0.0224390379032466,-939.065779064455
449,0.00531488217115636,0.0275393494008981,0.00251328784714742,0.0217030394824783,0.0102887411958735,0.0203958153722986,0.015417049285936,0.0155492012081034,-935.693205206909
450,0.00551483791101021,0.0224107060272358,0.00395399470650155,0.019558787009767,0.010629580075794,0.0121752535863719,0.0127627134874961,0.0153185636344908,-937.806411571704
451,0.0150975785746024,0.0223477392661893,0.00224095611462109,0.0193240006938263,0.0122237858950165,0.0134228871758799,0.0138805007569763,0.015323234208216,-935.937924807108
452,0.0149151042542173,0.0208239905631169,0.00368903977594396,0.0171510579146047,0.0118196383328569,0.0201693859313752,0.0162960480829445,0.0154033750168431,-935.835692244367
453,0.0124779746845694,0.0212476955090368,0.00604910748042296,0.0264267043382381,0.00952975141045395,0.0197152945193279,0.0170391182859449,0.0230975518461446,-934.188516987767
454,0.0137246210485502,0.0229757069388462,0.00244500682304367,0.0143826259989659,0.00940775337141929,0.0162396723697722,0.0176883326170563,0.0215356160132669,-935.449135162555
455,0.0146070047963033,0.0227804463558014,0.00363784051996886,0.0284561395127241,0.0105990926975,0.022302730364473,0.017108806402676,0.0224273173444165,-935.057325738134
456,0.00708277504180616,0.0286721506156921,0.00683418541230086,0.0297267247449809,0.0126394343480866,0.0189157346865623,0.0151722407322594,0.0229088342110528,-936.387093403743
457,0.0103002643733334,0.0228472431713538,0.00417860843054747,0.0208999461190226,0.0176293642467976,0.0181515940403389,0.0140734320802563,0.00779054165209242,-942.160936235283
458,0.0090316505376066,0.0237125509570868,0.00601152022044668,0.0274548905808351,0.0123498971508697,0.0129098965931581,0.0138124080172122,0.0305042820821158,-937.200957433768
459,0.0127014469529351,0.0228359701128287,0.00340797928533224,0.0298668853429826,0.0106035304838069,0.0277914789962461,0.0193785926395018,0.0275785997467249,-937.191404194331
460,0.0105177389320093,0.0240637105082049,0.00216051180554818,0.0280204047988139,0.0113213248961273,0.026648660560254,0.0204696717525174,0.0244494732186396,-937.162152623716
461,0.0129569029448685,0.0241894374587614,0.0042251841786432,0.0267051868826972,0.0105672129298486,0.0105888540037753,0.0136425240093319,0.0185933864919348,-936.304788978944
462,0.00866065638679994,0.0256719683058667,0.00420197826678305,0.0244474584694522,0.0113965500217758,0.0288278258685299,0.0160052950337773,0.0136482334596023,-937.532299529413
463,0.0114316543927422,0.021803690113407,0.00657886978627876,0.0282078943663841,0.0108340138214024,0.01988828919761,0.015091453528515,0.0156486171530856,-934.905581171561
464,0.00845691386746873,0.0243858204827813,0.00137209595017304,0.0298515404063102,0.0115721015521937,0.00758551249737665,0.0170373875362537,0.0178894683330358,-939.961063155101
465,0.011017166355891,0.0267653603767662,0.00603035992288744,0.0173505251886344,0.0124196875059978,0.021970688576631,0.0168704779873553,0.0215480596060684,-935.977265366872
466,0.0127342444989817,0.0212744258939033,0.00798470544396833,0.0329182774650503,0.0121567339558165,0.0124407011946959,0.013999711958483,0.0320126760144277,-939.242793095954
467,0.0113667340125659,0.0200891060219324,0.00179643269722311,0.0438503688529753,0.0123452409249796,0.017795886959912,0.0182042382018748,0.0143219167800341,-939.557642295572
468,0.0101961114371618,0.0222786983507774,0.00218910284244988,0.0245586368359116,0.0122582464032722,0.0178716029296372,0.0125043959094052,0.0194382833400615,-935.165343677106
469,0.0106008006872997,0.0211006269944162,0.00641383775018956,0.0197158320610306,0.00694593482011437,0.0253698266527848,0.0166941094075755,0.0188984525285362,-937.556331905245
470,0.0149969431043286,0.0214656273678386,0.00282665499322375,0.0191311670623666,0.0108090213970562,0.0240574829337245,0.0152005818455431,0.028518012359136,-936.465313756281
471,0.0133178453787238,0.0230168297107936,0.00275975072857647,0.0239975636409012,0.00838064762225397,0.0229396543836023,0.0200511965196231,0.0303437531397211,-936.030169411463
472,0.00886243890459748,0.0230686891846849,0.00848438901227095,0.0226502277982621,0.00824635859899347,0.0170222167644944,0.0189402553502368,0.0208153460586231,-935.960950036895
473,0.0089630242751558,0.0185515679130461,0.00592654036890116,0.0246168710227162,0.0118949486787659,0.01729459960714,0.019082047262001,0.0258886546292109,-935.418797395694
474,0.00746801299484456,0.0239325207474746,0.00525546779303138,0.0202708355544778,0.0124223371020273,0.0216444036898553,0.0210162569916,0.0347990517007081,-937.417321136365
475,0.00732745527233717,0.0283705837586255,0.00200724722851111,0.0186898165018153,0.0096246132445365,0.0151939328767367,0.0168984853046922,0.0254681666787315,-935.030952995425
476,0.00607043047169536,0.0279251113661071,0.00770842956323012,0.0177287049284983,0.0132935043855589,0.020368839516005,0.017351288355916,0.0126508936220671,-937.978167009135
477,0.00612071170291089,0.0274852307290392,0.00722995578874935,0.0236710780084807,0.0113042038379702,0.0177887137536238,0.0153353426554249,0.026334759462837,-935.390495633144
478,0.0100660294095827,0.0229260798776741,0.0050387298810787,0.0215077315323712,0.00742883138875225,0.0238180317477438,0.0177666383461642,0.0206393643330842,-936.133487997476
479,0.0133559072064327,0.0202787009148707,0.00293545361467962,0.0275006320608433,0.0104563344699508,0.0138473875134815,0.0146532173881585,0.0256597901947126,-934.976742645531
480,0.0092323350728442,0.0210147264704982,0.00328106493323044,0.0281783806707954,0.0107378086744957,0.0197171102935413,0.017902682275943,0.0195447484214338,-934.402860122578
481,0.0115686482410293,0.0194445537298478,0.00261310124001905,0.0302598293330914,0.00710066130845854,0.0210453177055221,0.0167007530327167,0.008955839218582,-938.988047034973
482,0.0123206995172522,0.0305914113365617,0.00363272726153691,0.0240108980970154,0.00611213815365197,0.0125603346432621,0.0111181771434709,0.00886107493984999,-945.4138725759
483,0.00745923348346046,0.0297735928745108,0.00403169419977833,0.0184499993422761,0.0109173614289098,0.0194578286202308,0.0122345833341224,0.0164876909816248,-936.126081971162
484,0.00791252889931059,0.0323176253232313,0.00281990002425965,0.0193429644905869,0.0114464395706144,0.0141621539191579,0.0136689433619188,0.0209784405452693,-935.523525763988
485,0.00590447299590932,0.0327132066644614,0.00584305799130336,0.0206006388210598,0.0144300597672167,0.010225512736252,0.0135661109590729,0.0171129161589424,-938.576939213136
486,0.00631184806824601,0.026492535061455,0.00633521640066981,0.0231158034611071,0.00953945362164628,0.01439780515489,0.0199608109807474,0.0175385468800321,-936.601685629967
487,0.0082808988213092,0.0288898407507631,0.00590189422895223,0.0317011501185143,0.0136720387784171,0.0167756450983402,0.0193439395843678,0.0194029132422311,-937.818115011771
488,0.00740007121699621,0.0208680595953295,0.00393379042297354,0.0128155940593375,0.00901168481478036,0.0191243572860675,0.015560983414455,0.0278214633635173,-938.674270006828
489,0.0108135540560948,0.0247905259605666,0.00638143555218859,0.0151853997863046,0.011272700387518,0.0249572681508754,0.0166522228905519,0.025706340228715,-937.010939803674
490,0.0113652211187788,0.0248189244260398,0.00544613203701726,0.0190648903510194,0.0103497205667852,0.0122292641911617,0.0183600664506683,0.0245110386882303,-935.075112288124
491,0.0142068971638594,0.020819634457511,0.00068705308190715,0.0390750631795984,0.0101325155373797,0.0240425218356965,0.0156932585406846,0.0264162974565438,-938.777616233964
492,0.00957873775066809,0.0192642148332956,0.00374895920242475,0.0185510426710542,0.0114118282335836,0.0139434227607302,0.0188607645195445,0.0220418969202317,-935.496726043101
493,0.0154819284038569,0.0197018531540089,0.00477944017816846,0.0283276857750566,0.00964666447078288,0.0192897877811397,0.0144674397755222,0.0228091700922444,-935.093489493303
494,0.0150794646530441,0.0183235493466952,0.00548958812019317,0.0253695289400406,0.00965327820204594,0.018444500119949,0.0163358130558235,0.026010473699088,-934.919659480765
495,0.00718965557713387,0.0253202129036286,0.00788778522943959,0.0164120389321349,0.0112916718793132,0.015353572631242,0.0170449998287891,0.0178616103726586,-935.679495358096
496,0.00653727763725531,0.0246017613972672,0.0013596913503136,0.0347795582160954,0.0129581832485694,0.0173058632640362,0.0133421046098788,0.0236194873394469,-938.53569964319
497,0.015879209469891,0.0177291534044086,0.00872302739467154,0.0207115516872747,0.0128475361889845,0.0142631594582871,0.0197887991413738,0.0237306225217085,-937.998806547573
498,0.0140700656413248,0.0224129097321889,0.00298379198953149,0.0244297525213277,0.00667031169505016,0.019844270087797,0.0152035651001217,0.0205124502369232,-936.125621419881
499,0.0145816428833858,0.0248516300426039,0.00203943965351269,0.0240581569403231,0.0085164063631464,0.0171748536642421,0.0162769555139417,0.0193452202283343,-934.88197876471
500,0.00470032164544803,0.031253708802766,0.00343655708998763,0.0193309042933905,0.0124843045822779,0.0137525009070812,0.0174678198924626,0.0175559857399409,-936.198478599435
501,0.00785513607303677,0.0323364370560143,0.00210632834574515,0.0293231734937662,0.0149361087441436,0.0200490789448307,0.0167703865159219,0.0287932775491216,-939.571398255718
502,0.00731053665333606,0.0204643014329761,0.00460056457720325,0.022458182294967,0.0101171736636564,0.0256513551434934,0.016013945259978,0.0221773854740355,-936.247199362014
503,0.0158801913852224,0.0258165285427899,0.00613807791168784,0.0223496641718825,0.0117300768896147,0.00970646942106032,0.0173309752396749,0.021042944497273,-937.851377582872
504,0.0071925269550893,0.0367601138425324,0.00155684876404428,0.0207094904387718,0.0129912105383681,0.017629359412335,0.0171478836143286,0.0266182640651975,-938.032583438841
505,0.0059088521019801,0.0327168499867436,0.0073968144722026,0.0185687092636772,0.0123959484865486,0.0183318785733338,0.0181414897460389,0.0219763028964522,-936.544566113815
506,0.005295640686489,0.0322003032306987,0.00824692234055021,0.0196039640165495,0.00821790975689251,0.0217557652174036,0.0196662408202804,0.0174934471890747,-938.848594487736
507,0.00585338707005916,0.0215362083915489,0.0115852388521896,0.02322596077662,0.00779341006764354,0.016176769585438,0.0141130364955873,0.0295984803548193,-939.491262761767
508,0.0126478007368212,0.0310462640312592,0.0085285403770062,0.020612730181381,0.00854695506439285,0.0106742922425142,0.0220169704264507,0.0353570026956269,-941.400878781783
509,0.0100479081193788,0.0317568607851777,0.00393058177352802,0.0162909273562129,0.0121748395265437,0.0242961499614562,0.0225692875816425,0.0313969527596625,-940.007294831737
510,0.008021452388726,0.0313111520185747,0.00428796675469132,0.0138745716271078,0.0124811256796443,0.0158963139599047,0.0151435413889931,0.0188023108728128,-936.343661925625
511,0.0106707500800079,0.0295616198238558,0.00438780791110229,0.0241819689286642,0.00857425130296675,0.0142241907020523,0.011831941688364,0.0188162553017863,-937.093646739672
512,0.0088583859391578,0.0323857910893022,0.00441665342096691,0.0213507884163598,0.00883718335486355,0.0114666127767802,0.0171836591618577,0.0151089005799987,-937.848858842643
513,0.011351095577813,0.0315520867031678,0.00960586279790474,0.022108701208547,0.0101348913900584,0.0169991962317694,0.0176742675058424,0.012716212450888,-938.924156455522
514,0.00895453208004199,0.0168184969545142,0.00230490059778905,0.0379366805236247,0.0086207528605765,0.0179779923676628,0.0193839490908404,0.010356157800431,-940.740963931517
515,0.00920470820474328,0.017608282845112,0.00352950421542639,0.0335211642905666,0.00906364764615942,0.0301183119364595,0.0186943935840662,0.0091285100586236,-940.676793208145
516,0.0135783858884876,0.0214108276485007,0.00915796043988794,0.0286146082774969,0.00598965964490029,0.016111965380749,0.0140098102320089,0.0226834632984958,-939.641597870709
517,0.0130319578836056,0.0163279933302167,0.00325327255556587,0.015619815599529,0.0124225837258609,0.0254133515996967,0.0149295524814571,0.0105068745619455,-940.426618780308
518,0.0123461027471587,0.0213556433230604,0.00937099235252405,0.0290544860273645,0.00977014776209732,0.0246786274394899,0.0161483205418884,0.0216894096351247,-936.430654365296
519,0.0154502374285895,0.0152858914050233,0.0147333347016003,0.0365673168224993,0.0106548390122606,0.018819807120005,0.0155011957685552,0.0167963885312747,-940.723289537334
520,0.0147905987048872,0.0221564134801816,0.00469783314303511,0.0316348497313502,0.0107692363541834,0.0160777423337582,0.0175464763271136,0.0155970574950434,-936.026233651297
521,0.00618966792082979,0.026985609153477,0.0017785864286663,0.0153675900292603,0.00761245621654899,0.0180867969146414,0.0147261504298515,0.0363173871558474,-941.143622656052
522,0.0156746435338365,0.021503281838499,0.00493644666321793,0.0346716425209143,0.0108203971192823,0.0180556423156808,0.0212425598306716,0.0195495392670986,-937.971653603652
523,0.0140605681427739,0.0215448045437713,0.00182809403389756,0.0286927456280089,0.0114265036621654,0.0214491517812008,0.0200155411844554,0.0250868511711152,-935.792920931126
524,0.0146161504228151,0.0124534782675863,0.000869578646342878,0.0217219576184638,0.00733072494204809,0.0212398398510899,0.019827158411744,0.0277145696434106,-940.332554455542
525,0.0163820725933348,0.0143800144741136,0.00584783984205085,0.0225948123679489,0.00914903292075911,0.0175506804703225,0.0186037684113785,0.0191835192204792,-937.185945849097
526,0.0138727547375615,0.0222874283744907,0.00801516610263275,0.0266687394849504,0.0102847955530844,0.0190470999340534,0.0156353877786014,0.0256143481030728,-935.404730637255
527,0.0103152261324954,0.0204440432824921,0.00946258770105777,0.0290029951009854,0.0103281739654814,0.0120777394662065,0.0133579859421728,0.0259985120073203,-937.447863180518
528,0.0127601078028189,0.024407504409737,0.00169915827654112,0.0288530493948688,0.0116037592139117,0.0219162511395892,0.0129466943025345,0.0210137807560377,-936.555006256272
529,0.0104842303637817,0.0226523495897557,0.00456972852476557,0.0219452894343275,0.0111132015531049,0.0162708052907382,0.0173704089891908,0.0279013862170868,-934.075964648397
530,0.00855741218241383,0.0171270120811555,0.00487611580727755,0.0317988674497195,0.0124109273111221,0.0219656692811194,0.0155576111638412,0.0322346640953341,-938.513430377356
531,0.0172439381546185,0.0197710602608393,0.00447771498522109,0.0157677341126202,0.00768523428201575,0.0149613689162116,0.0182639550433456,0.0215296137486076,-937.554719670367
532,0.0167175001384255,0.0199245078128796,0.00467345653984053,0.0249896755543889,0.00942082917207882,0.017403460311907,0.0166424598246808,0.0267983594657706,-935.13279281406
533,0.0144970817582853,0.0260131324517458,0.00133757177158654,0.0236037175294314,0.00983762269213602,0.0182415457890853,0.0183913436214127,0.0313895760959277,-936.270607548689
534,0.0110114238106562,0.0188734334942291,0.00671668885810395,0.0360852231109071,0.0137447255430224,0.0131835427217944,0.0178129164268988,0.0274116880350359,-937.846275567899
535,0.0125603057456036,0.0265862294300465,0.0047355528577677,0.0300417640801096,0.0124228594666518,0.0157089318588328,0.0163918878961878,0.0241197934484571,-935.910678746305
536,0.0169306471245423,0.029418483020605,0.00282888596721732,0.02253739414173,0.00948770366355503,0.0199077103725074,0.0170163428588883,0.0294781612135528,-937.91213394487
537,0.00436218942217898,0.0245801073098706,0.00510054591597585,0.0191890208967179,0.0140679989428301,0.0191529809765495,0.0180269280512178,0.0160866955642754,-937.784285900222
538,0.00952950964045386,0.0205094212723837,0.0123383089253817,0.019605673709294,0.0135929159635362,0.0135502847239999,0.0162138143488532,0.0186199947561079,-937.676972605571
539,0.0102146510955675,0.0229172950763059,0.003717676295018,0.0277775528986104,0.00917385094494282,0.0231990483931225,0.0123316371579396,0.0230534723119868,-936.59476937683
540,0.00598416379748778,0.0262315939051354,0.00865833877270951,0.0225269794615864,0.0125600465755632,0.0115992952583275,0.0130301309976511,0.0139562853537859,-937.90047952444
541,0.0109893542440044,0.0272976647048107,0.00737221434805576,0.0186416834606572,0.0113932125390408,0.0185573486624845,0.0140535140094063,0.0186545784236512,-935.494613607883
542,0.00580570468554631,0.0293846374062994,0.00405202484955389,0.019286817400013,0.0116745357454063,0.0172762634350894,0.0171071925267095,0.0298818192697171,-935.640294426052
543,0.00693098622718887,0.0278568391262035,0.00274911454078874,0.0261229505422135,0.0119381138099044,0.0141857510506255,0.0177553928212783,0.0159896545262599,-935.854956905349
544,0.00985997012602456,0.0232735299473168,0.00441712381342834,0.0236245197057573,0.0108816120484624,0.0248659581533082,0.0154730820465026,0.0231403880625414,-935.078778157476
545,0.0103638404694205,0.0197324662947904,0.00493536013679088,0.0233574233009925,0.0089955871316285,0.0131699600966677,0.0202338316511981,0.0289332376960312,-935.987283986747
546,0.0106884421859442,0.0234588516370013,0.00733418506421329,0.0257254419850614,0.012187013535618,0.0121298599019751,0.018798609740602,0.0248767035773906,-935.661379620415
547,0.0112804259002754,0.0228679585475566,0.00705295020744778,0.0251237905470247,0.0118138950039992,0.0209925256977186,0.0197145175887902,0.0156467944445783,-936.670968740773
548,0.0133517839740113,0.0203380916801458,0.00651889086976887,0.0190279587748516,0.0107608148789,0.0171699133857993,0.0159480379079365,0.0282956592075464,-935.379980512048
549,0.0127938848978687,0.0181342010549828,0.00124049669133312,0.0218964208485915,0.00914459109490535,0.0192763070348712,0.0201144214728675,0.0227872741697138,-935.626403854532
550,0.0130436213816034,0.0239445913629053,0.00829462747166099,0.0199884430393467,0.0089741298494518,0.0164358556852941,0.0176300838780928,0.0239897619332143,-935.308619694691
551,0.0111405527745685,0.0207373551543367,0.00144722956344999,0.018671550743829,0.0121920173396625,0.0164386898850502,0.0171045036191542,0.020979526663091,-934.689190109679
552,0.0108834466255845,0.0256229398880077,0.000438268155337893,0.0168846658238227,0.0102130823522064,0.0231908757934837,0.0172397715353266,0.0231821351331361,-937.046600316756
553,0.0171674274668359,0.0268523211539411,0.00207979306797969,0.0166256943199279,0.00835042728611619,0.020293928891952,0.0159080104213207,0.0226726494655218,-937.016811173238
554,0.0145483941442252,0.018876589205956,0.00437513121720359,0.0299300278227291,0.0111044718895559,0.0223718376203714,0.0201232530223381,0.0254988270788621,-936.116653075411
555,0.0133029907801626,0.0226916633581279,0.000613512094798612,0.0295215299459424,0.0101851958626424,0.0180741851754864,0.0167261453493965,0.0203344211751696,-935.399001995766
556,0.0108763989102316,0.0193869520327622,0.00441457590110572,0.0317061589475324,0.0120618685029698,0.0149992569504731,0.0168449774853139,0.0219753531618724,-934.983081119114
557,0.00887930731595249,0.0308633871530812,0.00549060505794616,0.0150032819695918,0.00917532379410831,0.011557176964469,0.0142608838301539,0.0152389265218858,-937.712286467411
558,0.00341022459944111,0.0319665301709596,0.00555910133842725,0.0229908737236952,0.0100354818072829,0.0235147243118107,0.01410402074623,0.0187251309051611,-937.554528742902
559,0.00575330479318603,0.0247494494440967,0.0044328421526892,0.028019885109595,0.0121027930338139,0.0181865561802037,0.0148071490987283,0.0203280706840155,-935.359067358712
560,0.00322440008617956,0.0236624416854019,0.00620501857642999,0.023766183103302,0.0142170484567159,0.0225182905031028,0.0186439215612774,0.0210156501699957,-938.988218435829
561,0.00552954889809886,0.0286920015222165,0.00252365955365979,0.0224365427268391,0.0143692763567161,0.0121808006285684,0.0149748774776193,0.0149708890632883,-937.32194314517
562,0.0108706412697844,0.0296648040464003,0.00619554870113481,0.0324623360478383,0.0143901586216934,0.0160564934570742,0.0161712789684692,0.0279074342101736,-939.091499547795
563,0.0126653930293779,0.0246697461743784,0.00513983820545121,0.0198540001321657,0.00828091020310971,0.0214753912689598,0.0172067164028584,0.0294965844262403,-935.909424155771
564,0.00989957213209104,0.0184593136409484,0.00269166058027911,0.022457691666783,0.00842157244567005,0.0192323082173563,0.0150512242351792,0.0166048622156476,-935.275420061194
565,0.00895198543809101,0.0274082173520996,0.00202904489878212,0.0238634851962922,0.00787314328913714,0.0196707845033684,0.0157816761285177,0.0238592459232968,-935.661361911309
566,0.00739871370757987,0.0264741838719521,0.00489513361224444,0.0230608499319669,0.00803245338446341,0.0245615806607901,0.0195150717034969,0.0218954931981405,-937.098264078268
567,0.0131161928218778,0.0233272353443038,0.000689688332969952,0.0239873556801801,0.00741527744755394,0.0241820176173723,0.0156112726652259,0.0215948870461678,-936.855714994311
568,0.0111342566858286,0.0225933094524914,0.0017069819037281,0.0261865091563056,0.0117654357796886,0.014514057377441,0.0170840063079314,0.0156257683459785,-935.12638173434
569,0.0102924752063952,0.0223442978818176,0.00588345560263249,0.0206031775032736,0.0109614785267174,0.0171035885523879,0.0161188414155349,0.0169127233980234,-934.159977568678
570,0.00975986337488661,0.0219551968769651,0.00193211601352874,0.0216139545417155,0.0123746859207807,0.0143448375030073,0.0159060143621758,0.0203085377930111,-934.337299145099
571,0.00632979077580565,0.0225222874558078,0.00343828114627405,0.0190932840858927,0.0115367819873177,0.0289885892147673,0.0168426902334572,0.0138828230400721,-938.521914368225
572,0.0182852242973593,0.0229670707433781,0.00233311063126554,0.0234688493209788,0.00972443729797796,0.0130545388225673,0.0127385587500412,0.0191746488360174,-936.890805609755
573,0.0133883144636976,0.0169879945350479,0.00432712722275496,0.0284853572678875,0.00982173766151194,0.022032952109172,0.0184582163649381,0.0265062062919469,-935.391352309385
574,0.0112043181836098,0.0157851900655839,0.00295910450799438,0.0217605632470063,0.00959554537224517,0.0144573699976168,0.0169945983257992,0.036125752862337,-938.483090203209
575,0.0125462518245696,0.0255463391587969,0.00442252251733296,0.0181764400443314,0.00975085738957823,0.0224701305810334,0.0230106422693185,0.021632689349314,-938.041763055783
576,0.00875826273519241,0.0273937379811418,0.00386420347685881,0.0347089803827558,0.0146435320398483,0.0202015216679782,0.0196613997717819,0.029884868736968,-939.210257767822
577,0.00519706825171201,0.0212623348150602,0.000993731805617672,0.0414641188140172,0.0107784105996608,0.020114391163725,0.014660347338955,0.00776768346001752,-942.563079412097
578,0.0197249082815492,0.0251134409626001,0.00404204717932066,0.0308538387762075,0.0104534080505514,0.0216284698036352,0.0157708787237852,0.0408822512056877,-943.479140564617
579,0.00467384102789147,0.0326196005535068,0.00271742121652991,0.0323136597479531,0.0146805696079794,0.00966559567333349,0.0263893319902274,0.025488110383954,-945.191394572336
580,0.00216486709297586,0.0364965272546226,0.00277336365241703,0.0283742450895814,0.0128990806712064,0.0220892227980262,0.00931578285096665,0.0228096792697354,-945.270675409429
581,0.00214475609386692,0.033461007661204,0.00781558226735739,0.0195455465204314,0.0120588485238631,0.0163197978004649,0.00986493722876957,0.0176206681487101,-940.354742057381
582,0.00197131650287634,0.033548743234685,0.00824709940428028,0.0165067203450082,0.0101711117158481,0.0151705239010082,0.0173627724082533,0.0370040549689046,-939.824719614774
583,0.00910315476018386,0.0312569636330275,0.00267412270059448,0.0247112007594101,0.00936197524419318,0.0117748592935012,0.0174263254457565,0.0324000281953684,-937.749032281013
584,0.00850448754963837,0.0127537120555719,0.00642085264573578,0.0304230894539879,0.00876210234003328,0.0255067198712011,0.0160987348492151,0.0256065452695091,-940.960423836455
585,0.0139017709714453,0.0226942915460054,0.00358203679774606,0.0266644494388373,0.00736509014747071,0.022194405543617,0.0169763992029139,0.0157599038990906,-936.356608011107
586,0.0160221071382285,0.0191011574268418,0.00166854623032129,0.0173864406945903,0.0138117388657038,0.0217956254014939,0.0125656553330079,0.0183257232466843,-938.353646514666
587,0.0206515984065467,0.0203433330497734,0.00525808573975759,0.0237518096932245,0.0127001491118929,0.0195911855627832,0.0175333893220747,0.0141094087786131,-939.314778366251
588,0.0151030168571717,0.0199764645260839,0.00332816476838089,0.0232980869557411,0.0116027877177279,0.0189762160693284,0.0159805014559165,0.0270387437583613,-934.862721485428
589,0.0104003688564662,0.0199592028912201,0.00436368580465866,0.0292668918469358,0.0125513255445159,0.0185612673602905,0.0143818209116403,0.0108393926877244,-936.800596271485
590,0.0130682863565434,0.0192037920577877,0.0021545454590188,0.0240422405743327,0.0104313879909293,0.021685025983765,0.0150364509099115,0.0241536742294263,-934.558726899721
591,0.0112581220816349,0.0320708285786791,0.00229272392849358,0.0246494294849034,0.0123825133942168,0.0108037979821387,0.0146732101126904,0.0198825859385486,-937.737089279817
592,0.00921012726744125,0.0353459552709121,0.0134396309991116,0.0139733603289796,0.0118114914611614,0.0288158455105169,0.0168896506392981,0.010143272934511,-944.457115278535
593,0.00824291513095422,0.0221620159527454,0.00724268164741453,0.0277927193851263,0.0105199666245374,0.0271844550686426,0.0174938164816189,0.0218359357722181,-936.768003885589
594,0.0105695936123582,0.0217767224561081,0.0125240670379486,0.0261415675866972,0.0118460099012819,0.0173246376140591,0.0159058605291144,0.0306520895496883,-937.38898488964
595,0.0152716650407703,0.0232501422535373,0.0113530116141259,0.0177686313812022,0.00904080496272245,0.0212505884595131,0.0189391295191969,0.034225222841863,-939.58652536309
596,0.00477710556564103,0.0349294800904037,0.00679162199495012,0.0228045330249209,0.012048947643931,0.0129085321451745,0.0164456632641042,0.0136478084133367,-938.091141733999
597,0.00641075321326086,0.0216300900841225,0.00165227953398636,0.0307022574750641,0.012454838998552,0.0243896129784124,0.0147693583755448,0.0225229699596879,-937.787292444606
598,0.00654624729620349,0.0260797765249464,0.00157150604830501,0.0249162710843307,0.0145345561190971,0.0252483217013478,0.0212314341467325,0.0333147813384531,-939.969884548097
599,0.00938102651978064,0.0215952015846348,0.00474095241594123,0.0177469558599112,0.0120749357333996,0.023846526205195,0.0204489453457929,0.0318570836631637,-937.363646119001
600,0.00969673846393952,0.0227819634750558,0.0041008489373637,0.0210048462937497,0.0130165169684049,0.018578359343648,0.0152016397686579,0.0201081965077761,-934.318490161642
601,0.0123839369701559,0.0202103161869005,0.00251663313278647,0.0173328539158874,0.0112038434189277,0.0187536398373138,0.0177159687599755,0.0276839578680664,-934.956357782851
602,0.0105152629625861,0.0234949122297035,0.00276369797681344,0.0157178707085138,0.00951951650538546,0.0251560566591445,0.0205169994549672,0.0276445970878383,-937.157728232523
603,0.0110922601914356,0.0227963421874102,0.00847826128773048,0.0241376764019755,0.0114024444294362,0.0224275462536579,0.0150583007804513,0.012698327618454,-936.508971758418
604,0.00773409851531377,0.0263234339130996,0.0114512284315056,0.0202369116048144,0.00983612266569103,0.0243961467667356,0.0164529727850515,0.0162931208983064,-937.482112956208
605,0.00884173143680114,0.0244632546637764,0.0154158749706451,0.0306833020742992,0.0102627785909646,0.0167542298278263,0.019683300061391,0.0204327519662746,-938.383000146673
606,0.0090023480920987,0.0157764603929696,0.0172703475689263,0.0194526138701622,0.00980054461230856,0.0160733736681643,0.01194695896333,0.0190128617627689,-942.410217038732
607,0.0151845678568093,0.022505163261688,0.0215691579510294,0.0133259785563385,0.0112740223047438,0.0117755691745456,0.011907968009723,0.0186317352711911,-943.094119959898
608,0.0111288435855874,0.0201017764386668,0.0200558732532933,0.0145548889266083,0.0103572147147909,0.0107533368845818,0.0184326295296806,0.0233707207130662,-940.924232150448
609,0.00845891892448654,0.0268937047327495,0.0157039246913208,0.00762204801381968,0.010268048422469,0.0166460006305888,0.0204099902721029,0.0227522677781073,-940.180332567339
610,0.00518276753950718,0.0353285721318111,0.00169390106240355,0.0254989991499368,0.011977905343358,0.0162940276709678,0.0143911985105113,0.0218096872268053,-937.160960978082
611,0.00918248950534904,0.0257309210564848,0.00827976173174016,0.0158695073602813,0.00870045632125708,0.0183239716882073,0.0180696488165157,0.0288851084697483,-936.462816897395
612,0.00731060064011345,0.0224773070486483,0.00272503893903654,0.01840518487041,0.0142012900836225,0.015675304069644,0.0193024257195916,0.0253210271131853,-936.387696380945
613,0.0125923564232774,0.0205285235136388,0.000596289534157874,0.0265706082219559,0.00850705830021631,0.018511611933705,0.0180485806446826,0.0255257407614089,-935.586087362019
614,0.0161527175198938,0.0207404134596062,0.00332009473605104,0.0279375784407375,0.0111943658812292,0.019997305016084,0.0166537128961624,0.0334143648858662,-936.915190913368
615,0.0101053097122058,0.0201908900148059,0.00492245502885388,0.0268227362218493,0.0107185636185532,0.0169557337869952,0.0184434278404283,0.0250392337415736,-934.193944979437
616,0.0116135400185437,0.0202919102239772,0.0018443054372016,0.0157831041818001,0.0114645710627734,0.0151561280838727,0.0168684215930414,0.0304315039548535,-936.377182717827
617,0.0120486876041079,0.0232487801078998,0.00527006936586424,0.0173573620579842,0.0111199568027287,0.0160329119200867,0.0198467659803551,0.0387161324031141,-937.424977965126
618,0.0076049710298943,0.0312440651491468,0.00695473591612118,0.0228779820886453,0.0103669206496493,0.0168700680706916,0.0173511487383739,0.03164857031521,-936.447793344016
619,0.00602031476244533,0.0270002443091566,0.00653319588027436,0.0249799053201649,0.0112856946095779,0.0202703108383755,0.0177080140063874,0.0161021843134116,-935.925729711531
620,0.0144430602773915,0.0217947260577669,0.0005110424947015,0.0221811904205477,0.00906740970472771,0.019726699882634,0.0162947868951828,0.0280118557805175,-936.112866148185
621,0.00997865617017587,0.0242299072524879,0.00263732096552036,0.0187787013831318,0.0114417093397684,0.0143387181218043,0.0171449296196539,0.0253314067031749,-934.27493227877
622,0.0117808747067276,0.0178937026692378,0.00638400683363285,0.035323432426674,0.0103720118968315,0.0218980378083654,0.0164580745189533,0.0281437893397486,-936.664945079753
623,0.00958111510772381,0.0172006467616366,0.00628578732179908,0.0255695217453929,0.010461964671801,0.0131823570377819,0.0162054516883756,0.0298626317727223,-936.776886198067
624,0.00908888337054489,0.0239635149014004,0.00704395512243971,0.0199770889339366,0.0109155309453118,0.0219262442640999,0.0190118938344873,0.0295272744550006,-935.907308633324
625,0.00885957042426001,0.0242003322358397,0.00565944173505931,0.0253417990346396,0.0112852267586479,0.0129252345248545,0.0163886067403761,0.0274984834234037,-934.998935942151
626,0.0186030645623222,0.022233787868025,0.00867383437044519,0.0296551614706634,0.0110636924554008,0.0199326859189867,0.0151757155051919,0.0214666049341095,-938.019385615486
627,0.0216044585304002,0.0191249452615661,0.00145397667790557,0.0294216397995123,0.0100155756890379,0.015160644803931,0.0111582577795637,0.0155291382937979,-940.019506217674
628,0.0192259749176702,0.020616135620717,0.00576985065554589,0.031050744177641,0.00799907634787796,0.0199854758200928,0.0130413226971774,0.0288093796637994,-940.162070407672
629,0.0180496367217598,0.0131656558681226,0.00835468663063482,0.0212745078946662,0.0121076037953696,0.0130252590110125,0.0215151503618648,0.0273393030205451,-941.02917205298
630,0.0143568890644078,0.0189148392930987,0.000552572529712542,0.0181163820171493,0.00924657276899252,0.0259126704198611,0.0184169589293641,0.0151359277497516,-938.729384006263
631,0.015509767481111,0.021671719713741,0.00145627860551156,0.0222179987150542,0.00954818143212912,0.0203658718491423,0.0132219763951078,0.0169106971983816,-935.479562742379
632,0.0163189251959448,0.0222522066307341,0.00481726423720481,0.0188842030676739,0.0123234094092721,0.0144007755119572,0.0149806011449553,0.0239526764596336,-935.787473049482
633,0.0071361713921988,0.025266580622686,0.00800555881403517,0.0233603252514886,0.0213772532834462,0.0144252382695413,0.0142191315092627,0.0282098155289572,-944.009037153142
634,0.0130986031543497,0.0219643358992822,0.00184685622392183,0.0200431425946897,0.0174032646450281,0.0157106471220822,0.0209549714949953,0.0136459818729867,-942.230730898682
635,0.0104406874353361,0.0214983070109522,0.00709168101205863,0.0281877162712778,0.00998804431325217,0.00939410275695062,0.0153082556978128,0.0300108551246349,-938.30534222329
636,0.012655486628618,0.0242739378455234,0.00864278877448603,0.0304777223580593,0.0114102568517139,0.00979338317248343,0.0219140320423449,0.030993851450319,-939.494129632221
637,0.0118329691574945,0.0235501795758117,0.00746664779303377,0.031107546014941,0.0108926646124345,0.0213443196089631,0.0139881799310239,0.0259370507490502,-936.807990858722
638,0.0138022704826265,0.0204467218074887,0.00915118458973662,0.0190623723566558,0.010654534269845,0.0200165068441719,0.0214325999520372,0.0340747087695803,-938.117533246592
639,0.0185365161673887,0.0174077770142281,0.0101911082752,0.0316492578844229,0.0101246184497548,0.0157571392936184,0.0156767438546233,0.0208258930679801,-938.198386507272
640,0.00612857912887043,0.0286006059834111,0.0162342346640351,0.0214818244877482,0.0120081836922781,0.0128607227946648,0.0121203623732214,0.0209110817370485,-939.083048916058
641,0.00563311353058345,0.0291468338979949,0.00683339967524823,0.0205635133115286,0.0147851627726248,0.0137435927568829,0.0192149031210498,0.0273051089090701,-937.240518695186
642,0.00976841906622874,0.0208250027962796,0.00712907331329791,0.0251187146161865,0.0148785508197722,0.0106730856522865,0.0146208577928738,0.0181295802380913,-937.805985373353
643,0.0115730815751027,0.0192863580440282,0.000742865953531237,0.0257657064837118,0.0117240028818605,0.0132939384813683,0.0143499191660205,0.0233942924828145,-936.184918506155
644,0.0171058525217635,0.0268801285904361,0.00775799198613904,0.0215021246594888,0.0110608602308849,0.0186202792124002,0.0195001162515046,0.0287053478944445,-938.146949844758
645,0.0199543454410687,0.0214223916146116,0.00448582826275095,0.0222176811496087,0.0124129804797237,0.0129611417804816,0.0190524226090748,0.0250016577694093,-937.730712129095
646,0.0182602736705641,0.0188169272424441,0.00199782131040955,0.0328250807004562,0.00989714496792901,0.0150304338090416,0.0200718665346772,0.0229593785520198,-937.483470855596
647,0.00830933951024519,0.0246901836385273,0.00938592698991091,0.0191873745926521,0.00977577037242241,0.0150283318460446,0.0127489075417569,0.0189880224088915,-936.020406016802
648,0.00813795888723912,0.0326110096449483,0.00513757914688377,0.0241405653077239,0.00920904944668834,0.0139901674719906,0.015725362034459,0.0280922599068472,-936.510926696566
649,0.0031084628028809,0.0328962139097887,0.00336390565160485,0.0168047135751604,0.00742804162167436,0.0159301700818795,0.0155994146972066,0.0211971007467448,-938.382370491318
650,0.0110709456640861,0.0272861454238916,0.00213235811374769,0.0147561862880414,0.0144408144855943,0.0126874174433224,0.0155302861063369,0.0221721167145212,-937.109272497729
651,0.00754103052602806,0.0337765822810901,0.0106671275436999,0.019258307831375,0.0121006870000128,0.0119824666327271,0.0137639733848862,0.0252099898015935,-938.518699962012
652,0.00250695051380222,0.0313072685632512,0.00790661028352811,0.0157386851982072,0.0144641812049086,0.0202101703537121,0.016530532280426,0.0237885585841193,-938.907449766441
653,0.00682325891983754,0.0301334470590911,0.00528411994465572,0.0310688768644843,0.0103630226335335,0.0142433886306663,0.0165363260409524,0.0433056314501967,-941.408934547784
654,0.00547692381488365,0.0300024792224929,0.00670024111244214,0.0151010414625852,0.0145748355484277,0.0147572731617096,0.0191296491710711,0.0401497805091557,-940.659348426762
655,0.00910970004134096,0.0220163900120437,0.00726289981159073,0.0198072799817013,0.0127131025358064,0.0189910513684305,0.0219778517078078,0.0402173208553244,-938.799419972772
656,0.0117352185237094,0.0192878988703274,0.00662561357765451,0.0227043644531023,0.0121852774863958,0.0198589845022229,0.0157413656739008,0.022827024541993,-934.936995039763
657,0.0156651385059351,0.014738780186729,0.00175213371680758,0.0171465781666371,0.0118375518347714,0.0224992270861401,0.0126376485566332,0.0172647173632448,-939.01933353053
658,0.0179059306205685,0.0105526446727579,0.0158293742330881,0.0266927201880246,0.0107754438964916,0.018925820620175,0.015111534119208,0.0172871664448686,-944.281426904921
659,0.0197650864722727,0.0289565497567207,0.00642144145762581,0.0259478931734327,0.0132726827661931,0.0165012690221505,0.0137721756768552,0.0195423593805086,-940.866588689739
660,0.0122627593024375,0.0295654197457925,0.00128022820316052,0.0221105254450499,0.0128520082746752,0.0154164532308815,0.0139177354610829,0.0200803560075629,-936.486961435611
661,0.00832049603920119,0.028799579849071,0.00594009152282787,0.0252579858976346,0.0127377268310314,0.0225211018037101,0.0190116853505402,0.023991567945867,-936.744814640241
662,0.010390080917582,0.0238800112934692,0.00820559180015224,0.0225507349871037,0.0122118955277679,0.015174527406379,0.0145065171447863,0.019915484768877,-934.973125012666
663,0.00992031113929466,0.0254617264615969,0.00269972356997747,0.0248943058770083,0.0098538805993857,0.0151697926425716,0.0156453848851209,0.01592690781459,-934.504727140067
664,0.0126410081077029,0.0152061186337975,0.00293012456380003,0.0337470161139697,0.0125852802026248,0.0262407008534604,0.019278903635878,0.031347183305319,-939.36174300347
665,0.0127343817587203,0.0193657047373373,0.00589075996864358,0.0168247306059615,0.0162549378813647,0.0133451260651671,0.0193412923509301,0.0246233848186851,-938.973273015064
666,0.00743882260903246,0.0249737224720835,0.00602126642214931,0.0179325843753111,0.0103914441794704,0.0108614479672999,0.0147583946173799,0.0186741413448329,-936.157000619322
667,0.00763571952500058,0.0242178557319672,0.0116606541955024,0.0237032022090636,0.0114107371908206,0.0232795455872679,0.0170420452154237,0.00633971448770696,-939.553524846874
668,0.00685400465733422,0.0280971984194273,0.00860079948591561,0.01395393388106,0.0113879355757146,0.0229937853710603,0.0157960743966217,0.0237769491257122,-937.536560748681
669,0.00940962757100911,0.0251727863468961,0.0035102209742143,0.0157656840138458,0.00925673587659793,0.0280192387517462,0.0165186161294417,0.0182106498280545,-937.18789685235
670,0.0124912345203372,0.0194460007605344,0.00596818248275381,0.0360149779106263,0.0106529175558826,0.022708376295349,0.0158469583154256,0.023427881422215,-936.291981018189
671,0.0102092259159883,0.0196727634428069,0.00672837980778204,0.017267625816379,0.0123597597014897,0.0181487200875382,0.0195703206547306,0.0242067854907217,-936.24826340949
672,0.0112575104911651,0.0194637458607536,0.00499219592593945,0.0206412361238419,0.00934359701612573,0.0205373623587904,0.0162568289462378,0.01598429037357,-934.801385737421
673,0.0107529374095925,0.0280431464730621,0.00548186081598383,0.0179127456099278,0.0118949022963964,0.0235521436937557,0.0150831476605678,0.0234827443408318,-936.508683345157
674,0.00754132851204518,0.0290704237266482,0.000969866813450268,0.0219375648214274,0.0117873535548977,0.0180188953712005,0.0158742928202899,0.0235610233803851,-935.486939684493
675,0.015766960632495,0.0167166360461092,0.00794114331262276,0.0208336533113447,0.0126799223547775,0.018741156258849,0.0194920089078503,0.0266440875454076,-937.794142608983
676,0.00960021945358185,0.0259637168306311,0.00722088767124369,0.0310223363399942,0.00945610170610744,0.0159293074542255,0.0186145685642222,0.0294977943417427,-936.283944019698
677,0.0143927985041885,0.0159928445855795,0.00558322869321165,0.0224388894381022,0.00618328817680022,0.0151390540023353,0.0170364241238749,0.0251737431838011,-939.113622836374
678,0.0151119488196933,0.0237613175980788,0.00759479872932734,0.0224999133512809,0.0105740071180409,0.0118586106504227,0.0165587308508729,0.019371171541464,-936.184846756016
679,0.0146506374224787,0.0206826101569446,0.00535282722072225,0.0226319342757514,0.0111914472039487,0.0258541106055109,0.0176144858252039,0.0223387154375885,-936.100576997534
680,0.00771808224445291,0.0215932594221737,0.00626034229443211,0.0164603204496298,0.00981411878122163,0.0293563055550005,0.0172557279419852,0.0248434865268639,-938.668607902058
681,0.0112434800809122,0.0295239153834776,0.00118860981082035,0.0154681123959711,0.00997140846905425,0.0277966027270753,0.0208271234759062,0.0215257248979922,-940.148071558594
682,0.00774546685766813,0.0245314992252974,0.00452328045401735,0.0272075798110401,0.0100096812041427,0.0213517474667064,0.0175406483165055,0.0212974587860509,-934.78433884732
683,0.0154631742582799,0.0241194816554704,0.00196802397641936,0.026885665103,0.0101322432981879,0.0212324907827685,0.0133947879080179,0.0194741722005595,-935.908008263086
684,0.00924488301687069,0.0240434472279436,0.00232531388333907,0.0244171777143728,0.010653364968188,0.0245691501847901,0.0168995751261717,0.0270049278349783,-935.452753206851
685,0.0129526473258267,0.0245201830203468,0.00393871234077759,0.021471044830094,0.00955196943626051,0.00738421589281243,0.0169622542848473,0.0189989257663193,-938.984684114031
686,0.00678507573538176,0.0277577660918101,0.00557426887090235,0.0199478106561403,0.012163282733762,0.00807122223588662,0.0110006434691844,0.0142388555585614,-940.860443160257
687,0.00358890710499641,0.033265930205902,0.00928113969257866,0.021901336565656,0.0107363997211102,0.017202637447464,0.0201295316476667,0.0130296782629505,-939.599484213543
688,0.00514800970135765,0.0278148410608372,0.0161982928685396,0.0126328672937457,0.0113038228499415,0.0183715617418004,0.0199775268923254,0.0406429500536335,-941.634459229901
689,0.0028527471628642,0.026462755843951,0.0176863453498422,0.0243291358149946,0.0100182511674207,0.0164472714470007,0.0258189546787459,0.0232533874948051,-943.594587440957
690,0.00557739634107568,0.0279879384278087,0.0179272853335387,0.0199303777827605,0.00917163823550353,0.0228233080231012,0.0133440785745107,0.0179927821719451,-940.316880360608
691,0.0106250086748032,0.0195053615943752,0.0195685045769323,0.029218216073813,0.01140644254263,0.0245079005447311,0.017577483881722,0.019220322137235,-940.859583080562
692,0.00943965129228459,0.0239335599980378,0.0156441346329571,0.0315790561721338,0.0111752288731731,0.0208024397831894,0.0160219544257546,0.0280721959796151,-938.902186173981
693,0.00172178856450184,0.0315076587708981,0.0117370248584067,0.0214490003557775,0.00818198269480232,0.0215284629196579,0.0227288044988271,0.0248145278449114,-942.039932926706
694,0.0143283457484693,0.0295676449813216,0.00397975571227583,0.0177148611024038,0.0102011824901719,0.0165964082291108,0.0122900119218434,0.0225867050974139,-937.244695376425
695,0.00894971518034521,0.0237091554264776,0.00308903903090616,0.0254960822645039,0.0113161788373166,0.0179592211091277,0.0225645241160237,0.0232116565612375,-936.183686287356
696,0.00912646085233982,0.0239638788709697,0.00451719087100571,0.0228815486309241,0.0110305189987986,0.0198820218390395,0.0200957673990769,0.0261024969180068,-934.797889511017
697,0.0159931206817511,0.0214707892890511,0.00503396883024061,0.0163026673115985,0.0100252267057272,0.013750069541994,0.0188865627514713,0.0214002196492833,-936.247246329812
698,0.0159747208132539,0.0192549468937122,0.00541686696138128,0.0352088151679125,0.00949295787470851,0.021097416635389,0.0183875839485085,0.0237799485261814,-936.663794143056
699,0.0142653006008395,0.0227038583853812,0.00140367441303983,0.0356694735549396,0.00968380521377784,0.0232855732056587,0.0186714581911081,0.0225121005046689,-937.137735323727
700,0.0112341270377742,0.0212993458814368,0.00458429283769656,0.0199040939060337,0.0095305957178831,0.0136028339349547,0.0164678231311254,0.0227352086151545,-934.299512032194
701,0.0130017835263252,0.0191237045972701,0.00284360522955325,0.0161518819579912,0.010556268081754,0.0224470654891532,0.023847186092731,0.0345740970129441,-938.984747653861
702,0.00823244375260685,0.0199982166460668,0.00555885731994741,0.0362300485496488,0.0116581669647103,0.0179320715479238,0.021576772687413,0.0256757021314658,-937.551457278871
703,0.0114530897642172,0.0266327264371979,0.00172149486241339,0.0417884475086168,0.011916749187177,0.0152648947829751,0.0178991111039884,0.0319502707999615,-940.332428111486
704,0.0110181485279736,0.0212763416371433,0.00785877905730144,0.00976929911417044,0.0115645886907246,0.0166636639765416,0.0192608884875862,0.0283934326097125,-939.335532154476
705,0.0101902245042624,0.020270774634375,0.00447018590641191,0.0253737152402458,0.0101152927974421,0.0162431182643432,0.0167543350980838,0.0179310019521949,-934.010124484622
706,0.0103345410285814,0.0201300865646015,0.00351437025867374,0.0216842712859679,0.0114876911037302,0.0178164274645375,0.0172829849343555,0.0298165198765955,-934.700297431226
707,0.0171643627488615,0.0193081299996932,0.00152396264908057,0.025620726910337,0.00995457349523497,0.0151678655278029,0.0209025618343192,0.0248323136893442,-936.394060505416
708,0.010760404645536,0.0251616552282338,0.00696200642675359,0.0310302192646101,0.0106865283946852,0.0174303639586945,0.0126954809303961,0.0276072435704887,-937.641032050389
709,0.00361077525494959,0.0378898788393803,0.00369650086259707,0.0155941230107123,0.00920209469950441,0.0118084319470769,0.0173182419523737,0.0224817343113066,-938.489541190373
710,0.008628356700566,0.0199915205237726,0.00236953199131849,0.0202917420369975,0.00983543023761473,0.0134398510385843,0.0182618704001487,0.0205490551284815,-935.61485361218
711,0.0186315597391002,0.0194838261252858,0.00451840134910628,0.0178038903992873,0.0101557976563019,0.0175060983741874,0.0184089899628105,0.0220951610016865,-936.186676793607
712,0.0209185745858941,0.0232882867014039,0.0168809156124898,0.0254453837442286,0.0111773663050877,0.0199210757973451,0.0164591059702017,0.0205146595030946,-942.791633475128
713,0.0110661239624037,0.0210104616015048,0.014270551854232,0.0177616193144172,0.0110703119116649,0.0135148252146751,0.0165423698383427,0.0353230826960667,-939.594512598396
714,0.0118966069300856,0.0263776614331546,0.00567900733400614,0.0242383404119059,0.0115895629495329,0.00945722874113731,0.0199597178575955,0.0245889153084621,-937.484311594755
715,0.00658262284240752,0.0251317194450996,0.0102528432143962,0.0318597257048381,0.0118162249326336,0.0255866664924871,0.0134888568287948,0.0253729305908171,-939.810609879501
716,0.0135735779288727,0.0215715729140854,0.00959164469040523,0.0281045959366193,0.00934757379472174,0.0213541673923788,0.0185247549123243,0.017068841169998,-936.812699633927
717,0.0156629098337338,0.0202772952924273,0.00918577529315296,0.0147647093744746,0.0103480786457319,0.0290805663988246,0.0156382021604068,0.0121626641907449,-941.150842225969
718,0.00705068441882773,0.0196344688562759,0.00437443972217319,0.0184998164355319,0.0120770210014134,0.0272377989097512,0.0136129476133334,0.0152543077566446,-938.815524254907
719,0.014994784654723,0.0198922358172601,0.00392206093987639,0.0236597048179961,0.00886410667772672,0.0286160562395834,0.0203071709667994,0.0284642551763274,-937.700547025755
720,0.0117398247117286,0.0262575415350478,0.00266772579353346,0.019598919260101,0.008879088142342,0.0192610428800187,0.0144215848760249,0.0250006148465404,-935.097441652654
721,0.00928311021190579,0.0262066179984205,0.00382359016082175,0.0214907489609486,0.0117188853778754,0.0204648944839165,0.016733482316526,0.0265819794344275,-934.665489848907
722,0.0108474930250871,0.0206857220104223,0.00432012898813604,0.0235551111465603,0.00644271371359092,0.0209178046973388,0.0157392484990937,0.0220881879259505,-936.550558543518
723,0.0117855965928891,0.0204647788574467,0.00815593598498837,0.0276501931412516,0.0111719580625901,0.0120767561305931,0.0199234990095432,0.0199462570142324,-936.721472727387
724,0.0159526557473874,0.0214146051912628,0.00597438088273169,0.0237807831201258,0.0108940432512049,0.0185774223136324,0.0134615517087958,0.019827909184051,-935.46213064163
725,0.00752209036919277,0.0212244354541045,0.00649528244868853,0.0271556868819098,0.00878387782087635,0.019696343661958,0.0213345623438455,0.0334004848391545,-937.326805228574
726,0.0145705801994043,0.0233453336487448,0.00147412421130596,0.0253825086357544,0.0104981198590752,0.0202605285160882,0.0169309647707913,0.0153257100455961,-935.471991852913
727,0.0157565482223455,0.0272698339934217,0.00392124480201977,0.0167002052493271,0.0127637258683162,0.0205556315505785,0.0156924594855436,0.0189130625225167,-937.199278812955
728,0.010891499001286,0.0256152306669887,0.00370948619137493,0.016911086557632,0.00983786824433476,0.0128876263063143,0.0149394056183732,0.0167414476100724,-935.234910776642
729,0.0158177852846651,0.0255630653887283,0.00308710634446628,0.0217921862858009,0.0112042696474126,0.0110104326681109,0.0213867149598262,0.0443605934736326,-941.221735077811
730,0.0101740885436477,0.0229324178146866,0.00802018984070002,0.0226423035522377,0.0095400730408813,0.0177312434550876,0.0214123485174378,0.0194985101098092,-936.57149439922
731,0.0122943833174389,0.0221049600820992,0.00521198537114826,0.0266894995087435,0.0083626765019075,0.0170677041997199,0.0127389914143276,0.0217775601866229,-935.609966911535
732,0.0141353696774878,0.0215611910233808,0.00354731049182279,0.015961576640976,0.011499603146616,0.0185974174509625,0.0134002308456031,0.022263606104936,-935.649231357209
733,0.00882103167576109,0.0251548816911132,0.00494492692047458,0.0205837446956948,0.0102638694134337,0.0187562037942742,0.0160082607980355,0.0216416058042016,-933.893437928803
734,0.00810487149403257,0.0254294455394015,0.00135760876636423,0.0183806227515538,0.0127540227948099,0.0207996460156828,0.0166735082822966,0.0266226851442014,-935.981325590614
735,0.0142964280039383,0.0211847515340772,0.00303186123759384,0.0184084333647869,0.0131436519030767,0.0208290522352067,0.0181483014876719,0.0148038904668578,-936.927902726004
736,0.0117927478044906,0.0226113609346093,0.00675169246653816,0.0294528807218481,0.0118841394668462,0.0183084696899771,0.0146765397737598,0.0259511560409234,-935.649858467284
737,0.00915774580360207,0.0160025999872369,0.00552536803805545,0.0267316295349127,0.00903505976720329,0.017369306700012,0.0161806276548526,0.0427355236336033,-941.232645396603
738,0.0117913926125593,0.0167026107661341,0.00605558310581607,0.0309282748207693,0.0105832991867053,0.0119138527995616,0.0211684795961857,0.0220504106999412,-937.944860018997
739,0.0115734814953658,0.0199975920545242,0.00169048006290879,0.0317598548943585,0.0118249537212406,0.0191661377091303,0.0158359488182772,0.0170303152956472,-935.287706700857
740,0.00876390837702382,0.0207178566040344,0.00622954288411476,0.0212541735314048,0.0126166698426741,0.0159648625750348,0.0131536409669124,0.0105173174559873,-937.605670908668
741,0.01367750182081,0.0196748032232077,0.0061102115048252,0.017309142538238,0.0129251924244933,0.0252490645226567,0.0146283240758732,0.0129638634168891,-938.545195223496
742,0.0111670436773951,0.0204691472720605,0.00427454744492879,0.0341932813955403,0.0139530629658011,0.0184823173407122,0.0171187502366647,0.0217661013245572,-936.408902642272
743,0.00901781557009514,0.0264315931152323,0.0050918640182417,0.0203664759938863,0.0102231190462919,0.0156979330343642,0.0163138268239453,0.0224174348047988,-933.951610357002
744,0.00885782243177172,0.0232834173786933,0.00404487645238858,0.0218469468779136,0.013924826662149,0.0177893704205311,0.016594464090232,0.0272569122223422,-935.173186686087
745,0.0099862750295654,0.0215929463974816,0.000965207056801549,0.029822291378508,0.0118370261129418,0.0187616563002584,0.019622621070921,0.0201841707131422,-936.106181555007
746,0.0135470858376678,0.0220712758151637,0.00605640842859732,0.0361379364999025,0.00783047954649863,0.0161832044841085,0.0145903328733267,0.022352040188006,-937.204119233751
747,0.011677713406501,0.0187988934691328,0.00435943947574558,0.0330498054330102,0.0114868540294596,0.018942490978001,0.0176028759779733,0.0264981659461377,-935.274464317427
748,0.00601347854898724,0.0243873055314451,0.00969710123193832,0.0200888598426927,0.00729136958058926,0.020132559189473,0.0185320445401902,0.0195489550786248,-938.4079093257
749,0.0179359797358806,0.0205185151683841,0.00800233912935405,0.024143359042377,0.00975184696150741,0.0215870680703453,0.0138866590418967,0.0302550144256003,-939.020981454774
750,0.012795137056084,0.0196812637529767,0.00337629352361136,0.0268192139402592,0.0104955230260787,0.0223035109261283,0.0138557638905965,0.0206540238820901,-934.788806411192
751,0.0147579457236927,0.0154902631872992,0.00178879231896109,0.0236666397213403,0.00869412933854327,0.0195035527861116,0.0170888373634578,0.0159488282746343,-936.422469244598
752,0.0167407059056192,0.025491476702324,0.00429464094436706,0.0204631297949506,0.00900567245338846,0.0144852551250512,0.0147449858541407,0.0271688538018049,-936.629268470108
753,0.0128928634758183,0.0270452993776302,0.00464653079020001,0.0304991767667319,0.00824640541754294,0.0243513667010059,0.0155825759654924,0.0259270625493599,-937.627231390137
754,0.0142284832458131,0.0233726535584166,0.00289897388282981,0.0152103403375851,0.0105382659457709,0.0223266022006743,0.0171553437527703,0.0184585291277381,-935.877086120981
755,0.0124277554973191,0.0233057787518865,0.00608327820050002,0.0351815573837561,0.0120089167983793,0.0252520975482296,0.0162022638292865,0.0153293142781332,-938.009890562141
756,0.0171047381799762,0.0193010776704886,0.00436160166775955,0.0269617797225259,0.00740491005387866,0.0183369482219775,0.0160705240568727,0.0162374288633373,-936.761022149726
757,0.0135306741942355,0.0255368340559967,0.00402094958757227,0.0224885775315549,0.00659510198655272,0.0168238933083609,0.0139432305304215,0.0227253218309973,-937.110442045773
758,0.0062818472702558,0.0267265515480344,0.00521848658124895,0.0180603680752321,0.0135353019961663,0.0145192496549712,0.0145873194632794,0.0239055458673872,-935.825104146908
759,0.00565496598076626,0.0234217296703457,0.00801937648759122,0.0279885842679604,0.010747183310934,0.0144669503735852,0.015983222231747,0.0212208612494935,-935.862967533963
760,0.0158350334139898,0.0240083957311402,0.00474704617993005,0.031754468779428,0.00736133485090765,0.0177090363780435,0.0147713000271915,0.0187926203249183,-937.267247162929
761,0.00893023568586983,0.0261575440675231,0.00425361636775081,0.0229137579566145,0.00732451619286967,0.0215669461779146,0.0154522366722993,0.0165122409500391,-936.292428381656
762,0.0114029992533245,0.0229787745393504,0.0113514249529688,0.0181581625928278,0.00888160288179803,0.0204648872133032,0.0156455797368019,0.0241222651900874,-936.665788432925
763,0.013028115355009,0.0234306309798309,0.00702127966306766,0.0237509501218881,0.00809405430983288,0.0193942696103052,0.0182222953605107,0.0273157228239451,-935.656143491919
764,0.0137400389054797,0.0239133458451009,0.00538945893356023,0.0222880628956999,0.00884903374173164,0.0206923712504183,0.0208439442266438,0.0322442549459778,-936.458314862131
765,0.00982668500758998,0.0268529990196345,0.00582767978311098,0.0229105207003443,0.0106930140310971,0.0186545166837807,0.0146979779383883,0.0182473558810027,-934.472072694248
766,0.0120927400736469,0.0255255937728779,0.0013112606583049,0.0190171913608634,0.00960962052046934,0.0196990572503403,0.0168035883783676,0.0278958779396153,-935.312010265993
767,0.00884633508298387,0.0250277951228922,0.00599958312536613,0.0355205562083551,0.0100958158212768,0.0161335301421397,0.0269206373810417,0.046456798398682,-942.165297465539
768,0.00741856761145853,0.0175778602751917,0.00649546590332322,0.0318097737557208,0.0125749050380154,0.0166974121985923,0.0187732410647807,0.0388511021761525,-939.348199156704
769,0.0120990692948482,0.0173394056503031,0.00537209972425997,0.0396831182911234,0.00985835694222792,0.0156979223833058,0.019935757214727,0.0160097309507111,-938.644016897827
770,0.0133567836865275,0.0202177489830868,0.00559362954545821,0.0155454514483452,0.00949331985956177,0.0208738865469909,0.0120714841333074,0.0174871083589467,-937.178822864865
771,0.0147315488620893,0.0246708415009676,0.0130472708306847,0.0256160782562865,0.00954314998561859,0.0142211258375436,0.0208911765357594,0.0254944865893411,-938.880553001307
772,0.0062345635326481,0.028282165398933,0.0046389881611204,0.0251269361534057,0.0101105357360437,0.00936823931022954,0.0163520504843436,0.0196461989616518,-937.054223354499
773,0.00357371384134046,0.033139148676245,0.0040804627239257,0.0243334730600075,0.0132259018055054,0.017875452177037,0.018569164939932,0.020514536611293,-937.177023114574
774,0.00824733705536423,0.0185843975794583,0.00501198686685269,0.0321322106788583,0.00921436584656062,0.0119216724777074,0.0135860133147005,0.0137949162812315,-938.664381988294
775,0.00858470785417087,0.020398720508682,0.00254590406930272,0.031951770641635,0.00952036722419379,0.0156148583453044,0.0203752777008216,0.0338510237908053,-936.956844373836
776,0.00966654483374412,0.0197550075935122,0.0046838854223209,0.0169635320567956,0.0102292133315725,0.0178983489505307,0.0139497372007924,0.034808979456368,-938.832132901061
777,0.0142880545904395,0.0207221636234403,0.00174847087696431,0.0393761602941657,0.00994544940351167,0.0153867509991964,0.0158204746472856,0.00875326909937597,-940.008662864139
778,0.00438921533506972,0.0367637362244458,0.00346532082076656,0.038256175489445,0.00745462129599806,0.0242959972633532,0.0176128450379841,0.0194125998013854,-943.974413043227
779,0.00584639569430852,0.019945063500982,0.008318177173607,0.0307599617057516,0.0119759523805355,0.0222066318039511,0.0175102527607043,0.0286575429240506,-938.155006435026
780,0.0137867615848619,0.0150257846045169,0.00364645327292724,0.0262257673327343,0.0113840829575781,0.0205090011855905,0.0180910077633859,0.0216075452755348,-935.965799310679
781,0.0139635040566549,0.0198363976364955,0.00222026678058183,0.0417239913033208,0.0145834954713148,0.0214055235946918,0.0132041724990084,0.019403932455783,-941.266656425452
782,0.00848097295628456,0.0250385227789055,0.00710694886243236,0.0234602964716435,0.0113391665769598,0.0192939765687751,0.0156078405900813,0.0227509385120752,-934.588375279409
783,0.00578973178058629,0.0264678444831003,0.00744570909680253,0.0252164966874646,0.0111344635564228,0.0147124171351589,0.0153539673546374,0.0219251851026168,-935.121607522729
784,0.0132489075741518,0.0194855779569595,0.00841243742754159,0.0238218836235312,0.00948733693115748,0.0162513269583531,0.0172118792502573,0.0179853375527131,-935.347190764256
785,0.0120815901949918,0.01993336620984,0.0109828866407477,0.023149877287473,0.0108654709759462,0.0201683437230565,0.01732086089549,0.0275694218009479,-936.416176398546
786,0.0094406242924667,0.0205295405350229,0.00659997117159043,0.0316128033998857,0.0110298911642868,0.03108814683078,0.0194582475305676,0.0286546345976805,-939.152836236435
787,0.0066609756736174,0.0264276145235387,0.0017246268960462,0.0202482539370859,0.0113358316930002,0.0269271759867214,0.0213061756226161,0.0438799012962033,-941.573750343205
788,0.0116575336542178,0.0201061233716156,0.00288549780599419,0.0393743305163038,0.00751396533685336,0.0233773472270796,0.0203036555946531,0.0226282827358514,-938.440887271821
789,0.00922228384539672,0.0186821419338516,0.00551065481939295,0.0180084853047519,0.0135072259904484,0.0181474665080063,0.0188072871312325,0.0266914132542081,-936.755484873997
790,0.00729778354668578,0.0189791532724406,0.00469934908909562,0.0216506982435102,0.0111054046280052,0.0187899495410635,0.017062452288171,0.0265716360765109,-935.843089643144
791,0.00739139672975933,0.0188290650863173,0.00299357011557616,0.0242113475260785,0.0119016423571135,0.0255189454817566,0.0180356861296879,0.0266523623585353,-937.166155444747
792,0.0122793695484689,0.0257956222305115,0.00320992428848744,0.0230918247044358,0.00793247688546131,0.0256972526132008,0.0179054240813599,0.0237722466484676,-936.405883886692
793,0.00949000025864675,0.0272099954253585,0.00320049367135627,0.0256348827377916,0.0159673897897157,0.0198877788963191,0.0106505436032923,0.0237258119841108,-940.523213264338
794,0.00945174893107287,0.0199718382058842,0.00202465124623583,0.0159408317695298,0.0163391926844904,0.0195187646802164,0.0118944803137104,0.0143029031474867,-940.341296403748
795,0.0104322633819425,0.020342679056225,0.00089200099345675,0.0353960347571515,0.0108013631375812,0.0238811135163559,0.0155125020572969,0.0146928205918353,-937.37157033483
796,0.0123676226251489,0.0218104914783425,0.0147122434187056,0.03571032791057,0.00835553510687612,0.0165609019942676,0.0152272815324289,0.0240985744052823,-939.087713086971
797,0.0103745466677621,0.0278774996954382,0.00694268745744817,0.0335519391751967,0.00948279468562893,0.013997337022432,0.015238355571699,0.0194842452742278,-936.979163700146
798,0.00588764309630719,0.0265468770793349,0.00604731846089544,0.0124422536103623,0.0119890337654747,0.0142733789251099,0.0124413468782149,0.0172067419182871,-938.165088370403
799,0.00704441167685477,0.0208118271442177,0.0156170509182066,0.0319809713234275,0.00834367062699567,0.0255949911221619,0.0180127560674406,0.0247081436358456,-940.495415205301
800,0.00802422881375434,0.0239954674985856,0.0145618100040076,0.035180997706773,0.0117788110542204,0.0156621461308616,0.0150758424046777,0.0264783920917129,-938.712385142702
801,0.00916615621636705,0.027270435741806,0.00741234440804701,0.0340638051723334,0.00817808660036417,0.0230093434564252,0.0158537216737615,0.0164073199468723,-938.085395889695
802,0.00908219261177882,0.0193352800937818,0.00199833734816918,0.0312147583453959,0.00865947076188713,0.0238179207730406,0.0177002281520245,0.0204392632340934,-936.087014828184
803,0.0102405325610279,0.022692467411552,0.00834560671062352,0.0298146994634873,0.00788404223988237,0.0232840132621887,0.0148756161929763,0.0265970981183037,-937.40519116838
804,0.0109148844996757,0.0208216003287947,0.00326094912575222,0.0310304602786224,0.00735424550909759,0.0152347971514825,0.0133741548363314,0.0243636106905683,-937.189025362511
805,0.0131555656577648,0.0231955403956021,0.00282407698850324,0.0319013596574621,0.0117215149602718,0.0191398706036977,0.0122649423666406,0.0142974872618207,-937.03737630898
806,0.0103675149905249,0.0287331400442953,0.00426450750195314,0.0122676837219027,0.0102943413564781,0.0204245416422421,0.0155894309508534,0.0221620571734121,-936.553442557044
807,0.0125909805617267,0.0268975703130947,0.0011908034142831,0.0359344879365741,0.0123406457082761,0.0194076672541433,0.0177809469233492,0.0235724430762495,-938.26365191898
808,0.0133169434395959,0.0158740248044366,0.0123392127072179,0.0251027485516749,0.00749263157375118,0.0375919243925828,0.0176661993612388,0.0332455561418196,-945.965571696359
809,0.0158393471001193,0.0212338993833402,0.0104587968904874,0.0272864802410394,0.00837921408263314,0.00652459193780288,0.0213416805962781,0.0136792911054156,-947.44620868226
810,0.00920265283866703,0.0288539429779496,0.00575653436433282,0.0258679172407247,0.0115714421628978,0.0143069229338736,0.0163975800738758,0.0362065252844441,-937.838500185877
811,0.00903982595444489,0.0245037142211327,0.00398349060609795,0.0227705092120294,0.0116574550703256,0.0146162780544098,0.0219281065924884,0.0250727231334411,-935.678401286404
812,0.00968413643729497,0.0243917797908762,0.00328896354132614,0.0214196863056113,0.00937901945239728,0.0150164643565925,0.0210071816641617,0.0242896241120802,-935.265394001912
813,0.0112158120197734,0.0222838810075615,0.00721399966962488,0.0285339218877467,0.00949854632940132,0.0170573214763196,0.022052353118841,0.0344829708909176,-936.871660274856
814,0.00905652394365838,0.0204724162269164,0.000692873380422117,0.0272892308111011,0.00785166612848194,0.0133642656373319,0.0207516958929321,0.0169877148933293,-939.700714581773
815,0.0185609640850595,0.0203756864488028,0.00667918160332386,0.0222830427324418,0.0089856073235141,0.0184482974990459,0.0171897256785755,0.0295671897945686,-937.021905172498
816,0.0146488380669582,0.0249761780755621,0.00371049762306969,0.0296141447535833,0.010172538707006,0.0159925676626914,0.0152170378934433,0.0115509950708017,-937.050832730589
817,0.013968875948017,0.0269664008067988,0.00503411085669342,0.0217181368846383,0.00731911300382674,0.0188412459683996,0.0160600421042259,0.0324270038754604,-937.987724823289
818,0.00433472244420722,0.0257479273371374,0.00792085557891001,0.0240391032323489,0.0129631732013212,0.0159243730313541,0.0185904237159683,0.0260332587710572,-936.472679381953
819,0.00676857594627896,0.0315105548865868,0.00573235243711426,0.0170241440282544,0.00841851877625283,0.019317130146939,0.0174564366868362,0.0197074943921107,-936.327527874574
820,0.00719786068585408,0.0217306805514789,0.00641810630164331,0.0299163217690729,0.0110579658753013,0.0175043109283013,0.0173714887428603,0.0245110341909811,-935.295594297382
821,0.00945485767989656,0.0149276235427604,0.0031673733853211,0.0441977787601986,0.00910746998279721,0.0178251538482241,0.0172175395779074,0.0208745928848111,-939.318794247382
822,0.0134627038528526,0.0173132199980083,0.00763203509216064,0.0264737969182155,0.0128211241644644,0.0171121543256455,0.0164423541975776,0.0227030064981947,-936.064782441
823,0.00944751149941525,0.0174848186838154,0.00810281036031481,0.0273663963307088,0.0101091143614062,0.0151573756850814,0.0159400546841265,0.0129747757708186,-937.263505097202
824,0.0112021759480893,0.0217214862837454,0.00392014083206384,0.0177404399311222,0.00872903039117448,0.0166414647063765,0.0137707677221862,0.0118873019784675,-936.32325701703
825,0.0123359735403054,0.0224324220824406,0.00837104041076678,0.0269454150920198,0.0115265432581081,0.0196586088819021,0.0138011042329829,0.0151599260967356,-936.019369829922
826,0.00618101099824292,0.0226467028928649,0.00194854566823472,0.0339399287652145,0.00978083314882402,0.018300336257163,0.0181608560911535,0.0243903149960431,-936.850541820112
827,0.0068789909034458,0.0233347626843146,0.0014629527075973,0.0358533761321409,0.00876088249648584,0.0182056702241425,0.0136880648232395,0.0196600338926093,-937.976756789143
828,0.00700029471404809,0.0251553744471154,0.00585719142668818,0.0130025155774942,0.00756795550734619,0.0158913184158849,0.0188539179549859,0.0169042664694079,-938.99791897436
829,0.00780866614570846,0.0217720504486046,0.010585668486105,0.0151115781869279,0.00938490799085279,0.012934507500708,0.0204523497042415,0.0184546119596244,-939.157693624004
830,0.0146254067926214,0.0289632286764581,0.00147774640259316,0.0166348830262189,0.00970991517837259,0.0164108450300039,0.0186604174111169,0.0330869520353699,-937.831478341897
831,0.0084041854585714,0.0255498675311913,0.00914576312018222,0.0373892532126058,0.0121613146752552,0.0144765454408577,0.0167166224106412,0.0288076431622838,-938.228929452117
832,0.00628107985724633,0.0225057552105823,0.0125955597465767,0.0244833930791527,0.0133247653659916,0.0151178242657034,0.0171848353752689,0.0201521562667552,-937.514052245949
833,0.0100677186990636,0.0304325135798342,0.000433532697596048,0.020261597051161,0.0120729876087964,0.0165813653440492,0.0185486803582536,0.0184148854700744,-937.655351691395
834,0.00995541355714624,0.0295213502256658,0.00570053443753499,0.0201172746471178,0.0111657902310156,0.0216899574253415,0.0136297420914655,0.0113229852773168,-937.609394834723
835,0.0100948603475059,0.0161624736028607,0.000974790165303634,0.0323504004904409,0.0107558762317519,0.0174267903968424,0.0164929605344735,0.024573285253272,-936.745274945983
836,0.011010999891859,0.022500364734043,0.00969994203637113,0.0255790102097988,0.00894189833220806,0.0181380743792473,0.016378017284069,0.0176647247234257,-935.435526591889
837,0.00945700319787861,0.0226227846035554,0.0038575083722285,0.0218931970112415,0.0136429127170027,0.0156408083088422,0.0189922271698505,0.0326138000048464,-935.937239378825
838,0.0153020622608555,0.0210588894402005,0.00259964704296975,0.0237186876514897,0.0120575495378375,0.0206557366418364,0.0170110175437476,0.0204381698344231,-934.854457276448
839,0.00552323620596685,0.0273054467054597,0.00427006280783663,0.0187202786390493,0.0146642212108419,0.0204462243577948,0.016849560073962,0.0184308319567299,-936.775207628355
840,0.00536687022593362,0.0249272883751896,0.00497860632272115,0.0265659023963047,0.00759378927469353,0.0165381075694191,0.0164493861809026,0.0214001728020313,-936.847258242979
841,0.0140508820449041,0.0192158872230224,0.00271314524563287,0.019328962203534,0.00757089540097349,0.0165127085465089,0.0171390652306548,0.0235499559319655,-935.491331041683
842,0.0146624774199621,0.0164267157029881,0.00314712072887447,0.0306757280852139,0.00896367699723755,0.0307206621044698,0.0178144134567693,0.0339681699273323,-939.607412233207
843,0.0149713024155531,0.015793919090085,0.00593240105117886,0.0254071230971638,0.00914636818640554,0.0259974586857249,0.0142693439887139,0.0323970111813844,-939.630117681935
844,0.0169996944548608,0.0245535246555808,0.00773542326186852,0.0207993152548728,0.0110477535724447,0.0100139820670128,0.014198639519091,0.0276039573742258,-939.362524882885
845,0.0110797232421663,0.025077062749914,0.00195427733973313,0.0168628205042104,0.0122887292319777,0.0185086574349152,0.0145053641059348,0.0268743503758954,-935.761001315406
846,0.00767304430753875,0.028693245433629,0.00416535512801246,0.0238469613254798,0.0106142336245996,0.0127216599738664,0.0145649862561896,0.0289287656283171,-936.102754232254
847,0.0107586514016471,0.0295415325761237,0.00268661876288911,0.0256882551884202,0.010773122821072,0.0180289037931117,0.0163794920778602,0.0306005898706055,-936.336735133999
848,0.00969073776972025,0.0254388179725314,0.00244938934784805,0.0216704845366887,0.00865227958234756,0.0180943245851353,0.0163325445673287,0.0129300080812429,-935.718751995663
849,0.0141228883550271,0.0243851938137368,0.0030391145568083,0.0363408961570596,0.00905757948711001,0.0193877929718483,0.0131734822523528,0.0242393561641121,-937.90813432471
850,0.011640081563102,0.0247831561580927,0.00579292850213653,0.0194520121855821,0.00889552979412884,0.0177772626410424,0.0182114087336333,0.00800547441163662,-938.460548223119
851,0.00989121230695377,0.0232136980200213,0.00357558566926837,0.0233240287613535,0.00774202489420881,0.0161893598738392,0.016153630095346,0.0363828305560879,-937.805008968593
852,0.0109233127869583,0.0207678089568753,0.00425946988209439,0.0245919454812567,0.0133046844416248,0.0143242164603416,0.0159691968431028,0.0165706242061504,-935.035870886058
853,0.0102948000013629,0.0183444324050836,0.00249009400976087,0.0311406532294738,0.0122080903128785,0.0145079525398179,0.0130913716587003,0.0277862861886999,-937.601247653049
854,0.00853431456181219,0.0241707235651573,0.00435977607375131,0.0298470698325984,0.0114833173971506,0.0147327141237233,0.0144862204752121,0.0238204590094295,-935.153350989095
855,0.0129382997870366,0.0197462126574745,0.00252264226272605,0.042830773282085,0.0113367954577779,0.0142275494081689,0.0196170198144594,0.0211855487297144,-938.52295838294
856,0.0110044261075739,0.0196639295684939,0.00155341850073147,0.0346083691119175,0.0101296299360425,0.0148056997514807,0.0142905654038,0.0225721954206035,-936.138915749059
857,0.0112627760557761,0.0232241809184064,0.00611213051649531,0.0206820473553692,0.0125303639681376,0.0278954364501533,0.0147667567854534,0.0145543170294875,-937.671882238952
858,0.0137388857341846,0.0215558024131204,0.00376122401422619,0.0224973141907745,0.0106707875318531,0.0144607933868238,0.0139781934349426,0.0207135528428564,-934.21346644849
859,0.0112771451028855,0.0211385725005814,0.00215591340103004,0.0289951702481536,0.0156166435188818,0.0207779943904259,0.0195478389742043,0.0203992963115562,-937.912675632418
860,0.0120981144075981,0.0215925866312597,0.00461075178440424,0.0266545040730832,0.00831625735262661,0.0182761917778605,0.0157967112593648,0.0240315757381891,-934.405183601464
861,0.00703001852950796,0.0183910703016917,0.00207094189521057,0.0245440726514377,0.0105098899533255,0.0243721974140715,0.015738317423976,0.0236036703495607,-937.082187465219
862,0.00921660421644554,0.0238330895029983,0.00580604335972512,0.0194131794192138,0.0116217901465312,0.0103743238811182,0.0182569581366448,0.0241647197878391,-935.985060049615
863,0.0102616374348772,0.0302358140238522,0.00143011919111612,0.0211948496289293,0.0128755212043314,0.0253724320471875,0.0172218920025151,0.0205170146523803,-937.991418530923
864,0.00741752329490501,0.0258467732496752,0.00275491305783346,0.0264587684696643,0.0139598598153259,0.0223314574052824,0.0161071144200986,0.0195496686682104,-936.167967578995
865,0.0114875743825214,0.0284455546292991,0.00728142041958782,0.0206538306082701,0.0135911872109113,0.0197566773531991,0.0144049704148737,0.0292027473980861,-938.309254977544
866,0.0116800181114035,0.0185196970689514,0.00327289883496418,0.0214038701943936,0.0120260976981667,0.0176502062434051,0.017808673455561,0.0170692346678384,-934.933647315587
867,0.0121606413927121,0.0215365992560314,0.00840644216761414,0.0281721529581991,0.0103375252808067,0.0185609475191339,0.0166645972559965,0.0159554345002533,-935.35137803675
868,0.00864201062652171,0.0295941507826257,0.00326954984570276,0.0330572784976178,0.00896063900597193,0.0248228367044188,0.0193558232310461,0.0268506221021597,-938.695944725232
869,0.00848089967955069,0.0180901935623238,0.00882604565015188,0.0270067753943621,0.0124759061268683,0.0107804161174305,0.0147055373903584,0.0230885171410433,-937.962643444522
870,0.00911893419048308,0.0311104891757942,0.016714957798874,0.00948995679055572,0.0112229179827676,0.0184621209471246,0.019851772741137,0.0254387077839455,-940.712638927303
871,0.00237171360045683,0.0286931421324948,0.00377319357556218,0.0139325146514457,0.0113929314078861,0.016145985822962,0.0185603015532535,0.0212677239104471,-938.396283595785
872,0.0149968470133922,0.024024785196638,0.00670879727668966,0.0314598977364396,0.0122010638400897,0.0164774841055942,0.0226491266755837,0.0266903987558149,-938.567031721485
873,0.00768466205323444,0.0253168734750666,0.000952431573049919,0.0334779492122224,0.0136200833506438,0.0191453108394591,0.0165296648749051,0.0286929157677032,-938.306974301525
874,0.00926251751021557,0.0174628060337706,0.00764401410842171,0.0315745958596762,0.0108263721602681,0.0177490037142148,0.016027086897565,0.0198532076593532,-936.031875752428
875,0.00744636312130613,0.0177501119008661,0.00950062414499738,0.0303043464712553,0.0106213126978262,0.012679980337992,0.0163238210389846,0.0243873168327479,-937.72329470589
876,0.0103146385880109,0.022671444307335,0.00423501895216868,0.0199519114267905,0.011935608295772,0.0157791660164115,0.0168225562788424,0.0235608440448949,-933.884682523543
877,0.010831074654682,0.0265385554507837,0.00995829386879438,0.0246610647647059,0.00998725897627574,0.0165339194408333,0.0139502827046802,0.0143530971688154,-936.493638910614
878,0.0110137358117407,0.0164094439418617,0.00219402590396489,0.0306199329076883,0.0116079671123904,0.0189058217484272,0.0134862496797191,0.0176974807573644,-936.403531416069
879,0.0121606495520121,0.0153558605091623,0.00561610101548602,0.0299641373346029,0.0122832262444308,0.0149738015588677,0.0136811906853715,0.0265459384484216,-937.895803070699
880,0.0117923516008186,0.0194789782592733,0.00722528334119817,0.0198763928603469,0.00948309547280063,0.0212509028145173,0.0138513633437688,0.0184415873578064,-935.615597459786
881,0.0103074091424539,0.0211650577752775,0.00464020206444545,0.0171718923546916,0.0074731494270226,0.0157417626885704,0.0148930308246609,0.0174166618765638,-936.336863634974
882,0.012893883584026,0.0245111280198774,0.00285240726691138,0.0304187889716945,0.0113136677055775,0.0249723593062728,0.0154810335218438,0.0185252389014879,-936.299364594537
883,0.0129093162470544,0.0260296403550157,0.00778163759970095,0.0220519447848348,0.0132666714269381,0.017168925436465,0.0140183564261238,0.0215890467565624,-936.403805575443
884,0.00415460704798177,0.0247060169077915,0.00325599063120304,0.0207710599236702,0.00992210342516925,0.0152475176271524,0.022864702487977,0.0342327629061501,-938.998633822832
885,0.0127686743478956,0.0239553179617116,0.0133842301057502,0.0371190723362064,0.0122874144450018,0.019007996557046,0.0205096501601847,0.030358323924536,-940.523417573741
886,0.00984435849259366,0.0203477223499551,0.00123429646185108,0.038223364450177,0.0122635161860005,0.0185347243927875,0.0153998453341872,0.00916135388467063,-939.505267679227
887,0.010554746863003,0.0213967423326859,0.00570682309489066,0.0310194220989969,0.00871623044596041,0.021496364516715,0.0162275490643374,0.0240314113175965,-935.172882720334
888,0.0107396651560388,0.0210240894717684,0.00721235570234981,0.0196697564693971,0.0093682624688333,0.0157033816584558,0.0201231276046881,0.0181449401855743,-936.231178396462
889,0.0116693200905769,0.0253050220895432,0.00286544007072236,0.0232961763635708,0.00883257732621942,0.0129328826218077,0.0219541455101091,0.0228126272484409,-936.873121174726
890,0.0101139667869623,0.0243094151355847,0.00623135580648332,0.0243237227254723,0.00752158282556262,0.0212942208381949,0.0123656694947604,0.021787461333585,-937.257819798522
891,0.0130767610086962,0.0221278189654399,0.00610654551344435,0.0150455752057959,0.0122129652540015,0.0147229102662197,0.0154236889160318,0.0270264238623785,-936.384870410187
892,0.0137012707193029,0.0219473209226372,0.00859190716252551,0.0344161815103663,0.00883150315921943,0.0188175133703391,0.0145575880008232,0.014270771224287,-937.317369688508
893,0.0154644184739295,0.0189070951446556,0.0028837423041208,0.0340016978729481,0.0113319929813832,0.0225198263418197,0.0142361694797945,0.028331179455308,-937.99330847457
894,0.0149529994596762,0.0209371514116924,0.00138031054668721,0.0312287662863637,0.00827018696395336,0.0167306665436292,0.019814920085799,0.0262734712450241,-936.451022988688
895,0.014639911277744,0.028215497642135,0.00231654165030381,0.0255295684145464,0.00867727404935038,0.0155513279225042,0.0176327573787909,0.0259083172475934,-936.356068311699
896,0.00637791391558675,0.0243877825394598,0.00455437409094234,0.0238239357080066,0.00952915900762614,0.0175897389549407,0.0163007012343691,0.0187201974806434,-934.700022181786
897,0.0146058540361052,0.022293845929587,0.00417037543824671,0.0225853211338241,0.0117457293946213,0.0175513334248131,0.0131546450816589,0.0200794335153389,-934.928307662102
898,0.0150177184703634,0.0225154778552718,0.00476818444848711,0.0236598388366068,0.0100997177978115,0.020280937185296,0.0180245649647252,0.0223692991351287,-934.596583904798
899,0.0129766888904404,0.0216581236952261,0.00492710880362967,0.0304695365255026,0.00850253627342269,0.0210975637328445,0.0171017369482285,0.019938425774713,-935.033889700624
900,0.00985065564554281,0.0189311482106025,0.00219633098738484,0.0256044049980851,0.013516813100923,0.0155291614623606,0.0210069144288034,0.0303373360216369,-936.576767241024
901,0.0119580631251554,0.0224830525696227,0.00816826570573119,0.0222702970669868,0.00646484908712201,0.0147652113363475,0.0139767318180251,0.0143804147306483,-938.766719473894
902,0.0150099687241728,0.0246662750893045,0.0112352364590336,0.0256667092850424,0.0143627843222633,0.0136651080335984,0.0152188308669408,0.0191701865749323,-939.013194670489
903,0.0139047473024865,0.0191677705060714,0.00426817440245634,0.0222300451729951,0.0151309000236482,0.0154421265842599,0.0167295388563533,0.0220401265803156,-936.248476637127
904,0.0136541723860601,0.0203455033679819,0.0121965427352248,0.0290840875328999,0.0138017561950316,0.0137586847366112,0.0193358174062188,0.0228682647111861,-938.756360908215
905,0.00798176390484977,0.0231033777005038,0.0116741626397729,0.0134201013558528,0.00913468265207437,0.013732382342217,0.0120845579865021,0.0166526374996808,-938.996163541835
906,0.00873279624706136,0.0318963770726769,0.0221002126806794,0.0223680891445843,0.0102576975305714,0.014316420604796,0.0179546071686211,0.0176927974596983,-941.811769768043
907,0.00262885888062295,0.0252112661506371,0.0186018060705943,0.0214497141867702,0.0149698990633218,0.0212039504029458,0.0146087605444628,0.0352147811072759,-943.875930488484
908,0.00264529631496429,0.0241438564974987,0.00236436723123696,0.0418571841119722,0.00929628971986967,0.0211489197090653,0.0242101164082343,0.0443753709878662,-945.622866133862
909,0.0148928062653525,0.0256451582846298,0.00699788313666133,0.0111699064876976,0.00875236561466736,0.0242985621439025,0.016381539262539,0.028355614695173,-940.044029533108
910,0.0137904793204475,0.0226559793388632,0.00122843487696113,0.0432327383231411,0.0119369760846861,0.0119473617239186,0.0196852397619526,0.0342543754972536,-941.732752638326
911,0.00852861831032148,0.0149389010029777,0.00412945674353521,0.0341090644383416,0.00741120681816117,0.018294137923669,0.0248116012756152,0.027867800401032,-941.931156565554
912,0.013005513886712,0.0174591460618225,0.00314352318366451,0.0190629837923735,0.0122142669976721,0.019821609883499,0.0257078561462777,0.0511483567839134,-942.933472506198
913,0.015381248222389,0.0231179915044652,0.00268838798803399,0.0285449079666794,0.00899253801267401,0.0120336809269608,0.0169290435529289,0.0184366859494874,-936.325513791548
914,0.0221589165246701,0.0222108981358005,0.00640257366098331,0.0274534617930412,0.0120701124659558,0.0209265911613636,0.0165732204289415,0.0198316947345331,-939.618266572858
915,0.0180294848876397,0.016118321306614,0.00748298783762328,0.0233192893424075,0.00980331578500756,0.0209634055901791,0.0159077172722113,0.0340005764145302,-939.175213037455
916,0.0205615615363632,0.0229018581751858,0.00780307283053905,0.019387447330181,0.00936935195833614,0.0171427999353082,0.0205075857141578,0.0300251715525418,-939.368587399266
917,0.0104380964066061,0.0234422114639503,0.00624768924339751,0.022457397842415,0.0112905432588559,0.0147300375297788,0.015712928191639,0.0126338073422643,-935.527761772371
918,0.00967265499775106,0.0244813053228182,0.00210870197436828,0.0302044342225105,0.00987608046172589,0.0286003991542054,0.0146027007900598,0.0175605555737845,-937.232138270083
919,0.0137665496592315,0.016697956442724,0.00463351607773572,0.0357001888328708,0.00935234267167688,0.0214006568835253,0.0151027710265887,0.0244399249144491,-936.675928978988
920,0.0137021423378563,0.0246852920882916,0.0061449902176542,0.0154660303646939,0.00968171648829812,0.00958995278580685,0.0186680128804199,0.0225211412620367,-938.094333519695
921,0.00717229817236974,0.0287691662917068,0.00733147322363651,0.0183146586986401,0.00937345256881776,0.028481279543058,0.0173535943017973,0.0120497986447301,-939.02078761735
922,0.0123028480504933,0.0202362101302779,0.00409548757920057,0.0264119274741201,0.0120837237856935,0.0123617699519118,0.0150521790700035,0.0308730072026332,-936.533704574985
923,0.0102583237099193,0.0200943919346176,0.00924665776624199,0.0272813964476567,0.0115787852507486,0.0173845047450386,0.0220086372688237,0.0200698514399703,-937.594194897783
924,0.0133299809256852,0.0191495428799534,0.00962995849154702,0.0280730314324803,0.0129090502140888,0.0157094010141332,0.0192541642952185,0.016989138337311,-937.789245663071
925,0.0124628924152889,0.0181026873137134,0.00221785375897124,0.0209391785557534,0.0141358990403715,0.0181496393485833,0.0153077150217811,0.0219543449733578,-935.748847318649
926,0.0129591572256121,0.0271418369747736,0.00678932863603147,0.0278275680662352,0.00948944044034068,0.0182867298247837,0.0182477337157327,0.0256912486295618,-936.020228765982
927,0.0217178805066228,0.0230589920784432,0.00638196998346923,0.0229540893071222,0.0101198243968665,0.0219726176119703,0.0208014540281153,0.0202984321497077,-940.325495198691
928,0.00648959836743357,0.0239431395045624,0.0120704963775118,0.0345756997210716,0.011518876853139,0.0128548448037713,0.0170865996601414,0.034093128945485,-939.087754871128
929,0.00845538659913963,0.0235696816832284,0.016325348388897,0.0178979213671822,0.00930834422615996,0.0187289201281154,0.0200688498061327,0.0235120720451899,-938.561756569067
930,0.0107787804869861,0.0173300977039535,0.0110841807775864,0.0318654654731248,0.0104815165447396,0.0221941407206683,0.015216210532357,0.0269697852558996,-938.064016784726
931,0.0112022245256863,0.025768525317574,0.0023912140935077,0.0152175580269731,0.010142348902341,0.0186135772461555,0.0166683711005693,0.0152785889837913,-935.656630073516
932,0.0108087555910832,0.0226236759917426,0.00352586574429881,0.0348463671490421,0.00855426445844478,0.0213354626017987,0.0198053866744971,0.0334318091240235,-937.269091496286
933,0.00841905974449698,0.0298399718763703,0.0067370660512457,0.010300086491053,0.00992881226989971,0.0196504224634901,0.0204031890530256,0.0294810721800193,-938.655631279276
934,0.00417979472689064,0.0336001627404865,0.0107043803005169,0.0346741069821316,0.00951972809934341,0.0107412500537659,0.0155574833660315,0.0292568930345106,-941.20143153776
935,0.00309259205513074,0.031434553477722,0.0101828759599197,0.0192886939161123,0.0117757794257472,0.0114035960096802,0.0154023540875034,0.0293764909827567,-938.207554802702
936,0.00941254256575332,0.0232376206611017,0.00668807326483844,0.0250269703431188,0.0097021829851043,0.0295146651541169,0.0207459566512967,0.0303060801328335,-938.59044343934
937,0.0101399945498777,0.0244432532180989,0.00540533754683526,0.0287636862520185,0.00807638605883614,0.0116116831149573,0.0152651433442582,0.0122774716603532,-938.266806197601
938,0.0105514566961438,0.023641980320373,0.00288346015693274,0.0218092682543699,0.00994653017844556,0.0134269963153861,0.0183504041845815,0.0292896882010826,-934.826730853027
939,0.00850039533495771,0.0219012972794177,0.00827868505466183,0.0170689549825258,0.00942265760078506,0.0135910261785716,0.016868398766704,0.0141699005497448,-937.065166375274
940,0.0140673136208734,0.0196916154966978,0.00856952962334093,0.0315064199392149,0.00801874252873417,0.0150274858625225,0.0164823852348766,0.0209409063833638,-936.722916464471
941,0.0124273193482989,0.0227594151223373,0.00446980998204975,0.0241621537885862,0.0102104342512017,0.0164707010601373,0.0153838019405236,0.0188063019389494,-933.642830326294
942,0.0136924338224697,0.0195943116684262,0.00515610923355238,0.0227195319660267,0.010432924905051,0.0177812055955839,0.0153496386716904,0.0216830223195517,-934.01654921596
943,0.0145564635248932,0.0237081801468779,0.00396917256803529,0.0219283789358459,0.010871509522602,0.0175055825427859,0.018440949814903,0.0196488185972554,-934.593702725243
944,0.0172311698664338,0.0237159009660126,0.00246762188097546,0.0178866274032316,0.0116507544669248,0.0191936332213354,0.0134982020180559,0.0168775306772584,-936.429058267342
945,0.0104976273307943,0.0194343444786976,0.00591508079888099,0.0245638529413208,0.00933149116255619,0.0172124379098806,0.0159079342108673,0.0268774371210572,-934.756050615022
946,0.012414908683107,0.026245393559565,0.00714126328865334,0.0152567991082637,0.00961719800801081,0.0170631664573732,0.018502591454688,0.0258810979649696,-935.989307484018
947,0.00851483418485436,0.0266726040379524,0.00845081027823508,0.027017246622386,0.00965003149629546,0.0189986704293792,0.0193548826663365,0.021690676959167,-935.986194500633
948,0.00716146964617452,0.0197009096297661,0.00248671201172277,0.0230752959529588,0.0112636569957644,0.0270323801914917,0.0142080145594804,0.0233092371660323,-937.729656207751
949,0.0165126397577765,0.02398772836061,0.00410213145125753,0.0253084800773117,0.0101803661140177,0.0247311302864396,0.0182367175936555,0.0211822357837749,-936.625012901802
950,0.0153110766604527,0.0181135256893324,0.00268880484612792,0.031020608815759,0.00793469758989841,0.0127491849961161,0.0180357700144595,0.0241994171650767,-937.095303978437
951,0.019424958727262,0.0244514390932628,0.00449594006172198,0.0234790304040195,0.0124399141044468,0.0115187402811422,0.0169927961034631,0.0227093717144256,-938.111993487404
952,0.01896044182084,0.0153521950526467,0.0031498088252856,0.0205532136323943,0.0099185057833865,0.0278481631362204,0.017668130596016,0.0273138459803989,-938.797757218706
953,0.0196962871118507,0.0205939519411007,0.00659899788039695,0.0435247510644971,0.00967176036918872,0.0126525708340391,0.0137382433126068,0.0128009611603323,-943.307796333008
954,0.0190741381986232,0.0233245016524407,0.00631721201112228,0.0115901826672468,0.0104836798106621,0.0224314215852822,0.0163933262903923,0.0119656340626824,-941.548980458334
955,0.0221702587683228,0.0239930446241498,0.0150695232838778,0.0229647010684667,0.010526674887263,0.0161548198074986,0.0130466055610654,0.0235389469490995,-943.446665554138
956,0.000913095269967578,0.0345911185187304,0.00521495804175588,0.0209557598295221,0.0102672470218879,0.0174226149905179,0.0196001843655346,0.0294932759681298,-939.250962059786
957,0.00544750218275842,0.0365246006345434,0.00384231241514661,0.0201977208098722,0.0126708650016024,0.01189992251595,0.0122692144782254,0.0153772131070758,-938.561530231673
958,0.00452944029567971,0.0367263963615035,0.00378207067513504,0.0355577919201575,0.0100979684180109,0.0213184688752073,0.0213325071249027,0.0400359243585879,-943.767467727726
959,0.00469242412830358,0.0300603246007453,0.00544363514803764,0.0256088422860551,0.0100087925130265,0.013199658375533,0.0222995048590348,0.0362473081292025,-938.559593205372
960,0.00613337574512087,0.0193387419289494,0.0169589726870054,0.0307229223181559,0.0093570414789808,0.0282077420662081,0.0165946047031492,0.0164456911367859,-942.326182499824
961,0.0152782555725609,0.0219215863378901,0.0172571038221176,0.0285341237738237,0.00789559971956307,0.0104225947097693,0.0146113357177277,0.0205478109259825,-942.227507930305
962,0.0090448827829015,0.0293351346726332,0.00305313338126558,0.0330465251451928,0.0137361409636395,0.0126333387762846,0.0157316864940922,0.021844921953382,-937.844319870945
963,0.00487773191528062,0.0214489448656449,0.00925686240213356,0.0235706177033553,0.0120792771995035,0.0199640522873189,0.0167531392594169,0.0300938352635403,-938.017098898153
964,0.00712959376426192,0.0188754707900447,0.00222272225848935,0.0218255293020687,0.00984440310157964,0.0202657421140883,0.0143739172252737,0.0232450931725237,-936.551951093584
965,0.0214736279910712,0.0173266760936055,0.0041378774232184,0.0236748055378607,0.00916762355446428,0.0162949529393058,0.0170923288632644,0.0232959675874691,-936.803841815776
966,0.0229824564331661,0.0151363125827491,0.00611039651681563,0.0221660728121525,0.0108799252170547,0.0136851088209794,0.017238497439552,0.0240048560956408,-938.964234783624
967,0.0164107271062177,0.0211726512407469,0.00570649906729966,0.0284767164678521,0.00785247258252979,0.0145897599861184,0.0171656138297729,0.0222068513492038,-936.429970087935
968,0.0167806422935287,0.0165169007871991,0.0049354046940911,0.022667282128389,0.0122064441389376,0.0203494159287715,0.0157013252381548,0.0224535813242065,-936.242254085392
969,0.0131971006241828,0.0226149263049601,0.00407227620975187,0.0208194904973402,0.011664820519813,0.0107242506104405,0.013245868124355,0.0140863715180887,-936.833575705726
970,0.0126359548047685,0.0238703457352284,0.00235625214598407,0.0247429729610174,0.0123743870138315,0.0147124894543919,0.0166231567246962,0.0226377444057963,-934.369146399004
971,0.00990100159154085,0.0295134683492266,0.00298210385430597,0.0236416320292882,0.00970207324444557,0.0136364617053634,0.0155120607594915,0.0215092515577245,-934.995609017761
972,0.00642594714894745,0.0296692554487495,0.00184412793926256,0.0149519673950921,0.00953909043538978,0.0188287657086933,0.0141693226835309,0.0266131165271848,-937.053558491205
973,0.013164491957444,0.0278032122658727,0.0021919685150687,0.0244232145754725,0.0125857741245063,0.0154395842731366,0.016087397269306,0.0120119871545515,-937.633212645109
974,0.00781522234626415,0.0204604014442919,0.00640829887085397,0.025935669198693,0.00883204170677712,0.0339466742209254,0.0171216681864203,0.020073289367522,-939.649218365447
975,0.0152187841851175,0.0187471173573765,0.0108818287989295,0.0261760096743737,0.0116027169110335,0.0171832313206314,0.019984616568477,0.0190019209933991,-938.060098142657
976,0.0145017286458001,0.0228735431451681,0.00398567329288937,0.0313336679179089,0.012414074678046,0.0188056652985044,0.021609703675898,0.0295091431394119,-937.347483688364
977,0.0125822007324382,0.0237088505013943,0.00291385563350334,0.0206328834006555,0.00827069020852613,0.0148079813158564,0.02146382048048,0.0239934546042022,-936.168059861284
978,0.00846080823682665,0.0243820759338063,0.00472198122454357,0.0143185660765945,0.00812740261457344,0.0171799707369079,0.0145559478375928,0.0191976711095934,-936.369272663956
979,0.0122830633813288,0.0245353071954591,0.00282327942342369,0.0270468953797547,0.0117152670824772,0.0157490402122826,0.0197623680272063,0.0195340585649914,-935.395960515554
980,0.00902566671412556,0.032805090472153,0.00383415455152871,0.0239411693967282,0.012086695819419,0.014565441021689,0.0104239329528197,0.0221842155402255,-938.839109198098
981,0.0055740277405426,0.0279275708073523,0.00580822112799983,0.0193978614432243,0.0106510397395281,0.0197283920119038,0.0120205054655194,0.0225251585639434,-936.829598532047
982,0.0143926259737252,0.0307640759799445,0.00138237039564818,0.0221643327245367,0.0118425479686756,0.0177995951140865,0.0124921232645364,0.0190914642622477,-938.051388571357
983,0.00880473379129429,0.0230897975787677,0.00686591854599964,0.0286484460876082,0.0127471683539047,0.0149810084238699,0.0192393246888341,0.02149359195077,-935.736587007225
984,0.00825014634803211,0.0258955907926328,0.0050812089340626,0.0233836047771082,0.0119780285690125,0.0151429264516933,0.0159874796617117,0.0230486504709098,-934.168587411498
985,0.00940207294820733,0.0194168453993209,0.0252893363943434,0.0154580477763508,0.0101665006528591,0.0171247311536899,0.0129357645022664,0.024480897668694,-942.44884253302
986,0.00752685105245605,0.0202014159959677,0.0152498455019142,0.00938250956104595,0.0129148107504896,0.0122938067802157,0.020419276262118,0.0322950824280858,-943.072823754561
987,0.0120616193336719,0.0228425680956497,0.0149205779802724,0.0228013757698979,0.0117809341462875,0.0131790769418054,0.0134706922019049,0.0326331409114229,-940.378813456582
988,0.00948842707753264,0.0175767587737306,0.00142521780838991,0.0204463230049508,0.0108636970923812,0.0113398022538837,0.0178312455074995,0.028393141474049,-937.754196425718
989,0.00970369919019324,0.0246202891933911,0.00821489891915133,0.0210018311071344,0.0112088043544191,0.0161581651827505,0.0179403285192685,0.0229110693369095,-934.682729756499
990,0.00783763492741387,0.0224419389546493,0.00431272679446314,0.0173028575798268,0.0104316004866213,0.016375506286972,0.016457506745739,0.0199656628685559,-934.739469238725
991,0.0128631661246282,0.0256813319275071,0.00570102484362189,0.0236380454016244,0.0123704652994903,0.0104001757462851,0.0164671730157784,0.0286723229155253,-937.007022477445
992,0.0138011537412545,0.0243235435433964,0.00426378183709372,0.0191755738615888,0.00891767475987242,0.0128682576685254,0.0162395369002456,0.0189478681032767,-935.218769488701
993,0.00936615774480031,0.0214547144908691,0.00449738109611647,0.0230352444278821,0.0115458570163034,0.0276270489221057,0.0132785874409543,0.0106891233071013,-938.118517227905
994,0.00666105694377522,0.0223284789823348,0.00310402859702086,0.0226741864177217,0.00890322650018206,0.025555263308444,0.0144346997931111,0.0166379129958325,-936.8270973083
995,0.0147823957004765,0.0229175179013727,0.00513788920477308,0.0230115251731269,0.0110589332711838,0.0103617855623806,0.0152462160808364,0.0190838734483454,-936.162106269976
996,0.0102359904855764,0.0234961850999316,0.00666100416448351,0.0223439657794746,0.0122829695523435,0.020346347684115,0.0163812987689588,0.0201273151559061,-934.687074267147
997,0.0086657708203763,0.0265612826702043,0.00516008878243879,0.019563248591943,0.0120922141885282,0.0226350515145348,0.0158098012902337,0.0182472410835613,-935.351436724187
998,0.007524921910779,0.0233839300806403,0.00102227460971025,0.0246501085555074,0.00936875690541155,0.0116731081551046,0.0127268733554349,0.0160458522321591,-937.889068768341
999,0.0113005389480771,0.0233292691726088,0.00584760140719595,0.0309388122126219,0.015796045839096,0.0179119555857989,0.0179471714490826,0.0376704585154119,-940.205142893076
1000,0.00718836402529731,0.0186582550100992,0.00825039583849258,0.0351486158028838,0.0135693497496118,0.0137687838376303,0.0216572206407562,0.0217943921728424,-940.098806233264
